Datetime,Open,High,Low,Close,Volume
2025-12-10 09:20:00+05:30,1015.5,1017.4000244140624,1015.2000122070312,1016.5,138610
2025-12-10 09:25:00+05:30,1016.5,1017.7000122070312,1015.5999755859376,1016.5999755859376,66190
2025-12-10 09:30:00+05:30,1016.0999755859376,1017.2999877929688,1015.2999877929688,1016.4000244140624,50905
2025-12-10 09:35:00+05:30,1016.5,1017.0999755859376,1015.2000122070312,1016.0999755859376,35198
2025-12-10 09:40:00+05:30,1015.9000244140624,1021.0,1015.9000244140624,1020.5999755859376,95913
2025-12-10 09:45:00+05:30,1020.5,1021.7000122070312,1018.9000244140624,1019.0,187338
2025-12-10 09:50:00+05:30,1018.7999877929688,1019.5999755859376,1017.2000122070312,1017.9000244140624,75588
2025-12-10 09:55:00+05:30,1017.7000122070312,1017.7000122070312,1015.7000122070312,1015.7999877929688,46633
2025-12-10 10:00:00+05:30,1015.5999755859376,1018.5,1015.0999755859376,1017.5,47349
2025-12-10 10:05:00+05:30,1017.7000122070312,1019.0,1017.4000244140624,1018.2999877929688,47495
2025-12-10 10:10:00+05:30,1018.7999877929688,1018.7999877929688,1016.9000244140624,1017.4000244140624,31712
2025-12-10 10:15:00+05:30,1017.5,1018.4000244140624,1017.5,1018.4000244140624,18037
2025-12-10 10:20:00+05:30,1018.2999877929688,1018.9000244140624,1015.7000122070312,1015.7000122070312,89333
2025-12-10 10:25:00+05:30,1016.0999755859376,1017.0,1015.4000244140624,1016.0999755859376,126524
2025-12-10 10:30:00+05:30,1016.2000122070312,1016.2999877929688,1013.5999755859376,1014.2000122070312,58458
2025-12-10 10:35:00+05:30,1014.2000122070312,1014.5,1012.0999755859376,1012.5999755859376,37852
2025-12-10 10:40:00+05:30,1012.5999755859376,1014.0999755859376,1012.0999755859376,1013.5999755859376,70101
2025-12-10 10:45:00+05:30,1013.5999755859376,1015.5999755859376,1013.2999877929688,1014.5999755859376,68422
2025-12-10 10:50:00+05:30,1014.5999755859376,1014.7000122070312,1012.5999755859376,1012.9000244140624,101747
2025-12-10 10:55:00+05:30,1012.9000244140624,1013.0,1008.4000244140624,1008.7000122070312,105415
2025-12-10 11:00:00+05:30,1008.5999755859376,1009.4000244140624,1008.0,1009.4000244140624,50769
2025-12-10 11:05:00+05:30,1009.4000244140624,1011.2000122070312,1009.0999755859376,1010.2999877929688,37409
2025-12-10 11:10:00+05:30,1010.0999755859376,1012.0,1010.0,1011.5,41737
2025-12-10 11:15:00+05:30,1012.0,1012.0999755859376,1011.0,1011.0999755859376,21240
2025-12-10 11:20:00+05:30,1011.2000122070312,1012.5999755859376,1010.7999877929688,1011.2999877929688,37788
2025-12-10 11:25:00+05:30,1011.2000122070312,1012.2999877929688,1011.0,1011.0999755859376,28544
2025-12-10 11:30:00+05:30,1011.0999755859376,1011.5999755859376,1010.0999755859376,1010.9000244140624,33047
2025-12-10 11:35:00+05:30,1010.5999755859376,1011.0,1008.2000122070312,1009.4000244140624,61131
2025-12-10 11:40:00+05:30,1009.2000122070312,1009.7999877929688,1008.5999755859376,1009.5,40774
2025-12-10 11:45:00+05:30,1009.5,1011.7999877929688,1009.2000122070312,1011.4000244140624,122784
2025-12-10 11:50:00+05:30,1011.7000122070312,1012.0,1010.0,1010.9000244140624,45965
2025-12-10 11:55:00+05:30,1010.9000244140624,1013.0,1010.7999877929688,1012.2000122070312,68015
2025-12-10 12:00:00+05:30,1012.2000122070312,1013.7000122070312,1011.5,1013.7000122070312,54689
2025-12-10 12:05:00+05:30,1013.4000244140624,1014.2000122070312,1012.5,1012.5,46702
2025-12-10 12:10:00+05:30,1012.7000122070312,1012.7999877929688,1010.9000244140624,1011.9000244140624,49305
2025-12-10 12:15:00+05:30,1012.0,1012.5999755859376,1011.7000122070312,1012.0999755859376,57362
2025-12-10 12:20:00+05:30,1012.0,1012.0999755859376,1009.7999877929688,1010.9000244140624,72958
2025-12-10 12:25:00+05:30,1011.0,1011.0999755859376,1009.7000122070312,1010.0,75790
2025-12-10 12:30:00+05:30,1010.0999755859376,1010.2000122070312,1008.5999755859376,1008.7000122070312,41374
2025-12-10 12:35:00+05:30,1008.5999755859376,1009.2999877929688,1007.2999877929688,1007.7999877929688,43526
2025-12-10 12:40:00+05:30,1007.7999877929688,1008.5,1007.2999877929688,1008.0,41115
2025-12-10 12:45:00+05:30,1008.4000244140624,1009.0999755859376,1007.9000244140624,1008.9000244140624,33775
2025-12-10 12:50:00+05:30,1008.7999877929688,1009.7000122070312,1008.5,1009.0,23314
2025-12-10 12:55:00+05:30,1009.2000122070312,1010.7999877929688,1009.0,1009.9000244140624,91277
2025-12-10 13:00:00+05:30,1009.9000244140624,1011.0,1009.5,1009.5999755859376,59231
2025-12-10 13:05:00+05:30,1009.7000122070312,1010.5999755859376,1009.2999877929688,1010.2000122070312,37548
2025-12-10 13:10:00+05:30,1010.4000244140624,1011.0,1010.0999755859376,1010.7999877929688,26691
2025-12-10 13:15:00+05:30,1010.7999877929688,1012.5,1010.0,1012.2000122070312,34644
2025-12-10 13:20:00+05:30,1012.2000122070312,1013.7000122070312,1012.0,1013.0999755859376,31831
2025-12-10 13:25:00+05:30,1013.0999755859376,1013.2999877929688,1012.0,1013.2000122070312,26838
2025-12-10 13:30:00+05:30,1013.0,1014.2999877929688,1013.0,1014.0999755859376,54408
2025-12-10 13:35:00+05:30,1014.0,1015.5999755859376,1014.0,1014.4000244140624,50992
2025-12-10 13:40:00+05:30,1014.2000122070312,1015.2000122070312,1014.0,1014.0,30939
2025-12-10 13:45:00+05:30,1014.0999755859376,1014.4000244140624,1013.7999877929688,1013.7999877929688,47641
2025-12-10 13:50:00+05:30,1014.0,1014.0,1013.0,1013.9000244140624,40448
2025-12-10 13:55:00+05:30,1013.9000244140624,1014.0,1012.0999755859376,1012.4000244140624,37404
2025-12-10 14:00:00+05:30,1012.5999755859376,1012.9000244140624,1010.0,1010.2999877929688,89511
2025-12-10 14:05:00+05:30,1010.4000244140624,1013.0,1010.0,1011.2000122070312,89225
2025-12-10 14:10:00+05:30,1011.2999877929688,1011.9000244140624,1011.0,1011.2000122070312,20360
2025-12-10 14:15:00+05:30,1011.0999755859376,1011.7999877929688,1011.0,1011.0999755859376,22578
2025-12-10 14:20:00+05:30,1011.0999755859376,1011.0999755859376,1009.5,1009.5999755859376,53142
2025-12-10 14:25:00+05:30,1009.7999877929688,1010.2999877929688,1009.5,1009.5,28116
2025-12-10 14:30:00+05:30,1009.5,1011.7000122070312,1009.5,1011.4000244140624,98173
2025-12-10 14:35:00+05:30,1011.5999755859376,1011.5999755859376,1007.7000122070312,1009.4000244140624,106490
2025-12-10 14:40:00+05:30,1009.5,1011.0,1008.2999877929688,1008.2999877929688,52365
2025-12-10 14:45:00+05:30,1008.7999877929688,1010.0999755859376,1008.4000244140624,1009.5,35261
2025-12-10 14:50:00+05:30,1009.5,1010.0999755859376,1009.0,1009.0999755859376,32080
2025-12-10 14:55:00+05:30,1009.4000244140624,1009.9000244140624,1008.4000244140624,1009.7000122070312,37712
2025-12-10 15:00:00+05:30,1009.7000122070312,1011.0,1008.5999755859376,1010.5999755859376,92053
2025-12-10 15:05:00+05:30,1010.5999755859376,1011.0,1009.2000122070312,1009.5,128365
2025-12-10 15:10:00+05:30,1009.2999877929688,1011.0,1009.2999877929688,1010.4000244140624,100413
2025-12-10 15:15:00+05:30,1010.5,1011.5,1010.0,1011.2999877929688,165860
2025-12-10 15:20:00+05:30,1011.2999877929688,1011.7000122070312,1010.2000122070312,1010.4000244140624,122821
2025-12-10 15:25:00+05:30,1010.5,1010.7999877929688,1008.9000244140624,1010.2999877929688,149253
2025-12-11 09:20:00+05:30,1007.2999877929688,1011.2999877929688,1007.2999877929688,1009.2999877929688,79970
2025-12-11 09:25:00+05:30,1009.4000244140624,1009.9000244140624,1006.4000244140624,1009.7000122070312,45053
2025-12-11 09:30:00+05:30,1009.7999877929688,1010.4000244140624,1008.0,1010.2000122070312,71130
2025-12-11 09:35:00+05:30,1010.0999755859376,1010.0999755859376,1007.0,1007.7000122070312,33243
2025-12-11 09:40:00+05:30,1007.5,1008.2999877929688,1006.0,1007.7999877929688,28355
2025-12-11 09:45:00+05:30,1007.7999877929688,1009.7999877929688,1006.5999755859376,1009.2000122070312,26784
2025-12-11 09:50:00+05:30,1009.2999877929688,1009.7999877929688,1008.4000244140624,1009.0999755859376,18462
2025-12-11 09:55:00+05:30,1009.0999755859376,1009.4000244140624,1008.0999755859376,1008.9000244140624,21175
2025-12-11 10:00:00+05:30,1008.7999877929688,1010.9000244140624,1008.5,1010.5999755859376,35744
2025-12-11 10:05:00+05:30,1010.9000244140624,1013.7000122070312,1010.9000244140624,1012.4000244140624,59521
2025-12-11 10:10:00+05:30,1012.2999877929688,1013.5999755859376,1011.7000122070312,1013.5999755859376,40250
2025-12-11 10:15:00+05:30,1014.4000244140624,1016.7999877929688,1013.5,1016.7999877929688,89072
2025-12-11 10:20:00+05:30,1016.2000122070312,1017.9000244140624,1015.5,1017.4000244140624,60489
2025-12-11 10:25:00+05:30,1017.2000122070312,1017.5,1016.0,1016.5999755859376,44343
2025-12-11 10:30:00+05:30,1016.5999755859376,1018.7000122070312,1016.0,1018.7000122070312,38042
2025-12-11 10:35:00+05:30,1018.7000122070312,1019.7999877929688,1018.0,1019.7000122070312,65559
2025-12-11 10:40:00+05:30,1019.5,1020.5,1018.2999877929688,1019.0999755859376,126024
2025-12-11 10:45:00+05:30,1019.4000244140624,1019.5,1017.5,1018.2999877929688,23574
2025-12-11 10:50:00+05:30,1018.7000122070312,1018.9000244140624,1017.0999755859376,1017.0999755859376,17844
2025-12-11 10:55:00+05:30,1017.5999755859376,1017.5999755859376,1014.2999877929688,1014.2999877929688,31317
2025-12-11 11:00:00+05:30,1014.2999877929688,1015.9000244140624,1013.2999877929688,1013.2999877929688,76453
2025-12-11 11:05:00+05:30,1013.2999877929688,1014.5999755859376,1012.7000122070312,1012.9000244140624,20490
2025-12-11 11:10:00+05:30,1013.0,1016.0,1013.0,1015.7000122070312,19792
2025-12-11 11:15:00+05:30,1015.7999877929688,1017.0,1015.0,1016.9000244140624,27864
2025-12-11 11:20:00+05:30,1016.7999877929688,1017.2999877929688,1016.2999877929688,1017.0,48076
2025-12-11 11:25:00+05:30,1017.0999755859376,1017.7999877929688,1016.2000122070312,1017.2000122070312,14581
2025-12-11 11:30:00+05:30,1017.2000122070312,1017.9000244140624,1015.0999755859376,1015.0999755859376,20424
2025-12-11 11:35:00+05:30,1015.0999755859376,1015.5,1011.9000244140624,1012.5999755859376,90486
2025-12-11 11:40:00+05:30,1012.5,1013.0999755859376,1010.5,1010.5,36173
2025-12-11 11:45:00+05:30,1010.7000122070312,1011.2000122070312,1009.7000122070312,1010.9000244140624,28635
2025-12-11 11:50:00+05:30,1010.5999755859376,1011.5999755859376,1010.0,1010.7999877929688,24383
2025-12-11 11:55:00+05:30,1011.0,1013.2999877929688,1010.0,1012.0,93620
2025-12-11 12:00:00+05:30,1012.0999755859376,1013.2999877929688,1011.9000244140624,1012.7999877929688,37056
2025-12-11 12:05:00+05:30,1012.7999877929688,1013.9000244140624,1012.0,1013.7999877929688,108508
2025-12-11 12:10:00+05:30,1013.9000244140624,1014.0,1012.4000244140624,1013.0,86700
2025-12-11 12:15:00+05:30,1013.2999877929688,1014.5999755859376,1012.7000122070312,1013.9000244140624,101445
2025-12-11 12:20:00+05:30,1013.9000244140624,1014.2000122070312,1013.2000122070312,1013.5,22837
2025-12-11 12:25:00+05:30,1013.5999755859376,1014.5,1012.9000244140624,1014.0999755859376,50192
2025-12-11 12:30:00+05:30,1014.0999755859376,1015.2999877929688,1014.0,1014.0999755859376,36171
2025-12-11 12:35:00+05:30,1014.0,1014.5999755859376,1014.0,1014.0999755859376,19725
2025-12-11 12:40:00+05:30,1014.0,1014.4000244140624,1014.0,1014.0999755859376,34295
2025-12-11 12:45:00+05:30,1014.0999755859376,1014.5,1014.0,1014.0,11382
2025-12-11 12:50:00+05:30,1014.0,1014.5999755859376,1011.0,1011.0,150427
2025-12-11 12:55:00+05:30,1011.0999755859376,1011.0999755859376,1004.7000122070312,1006.0,165565
2025-12-11 13:00:00+05:30,1006.0,1006.4000244140624,1003.2999877929688,1003.7999877929688,97124
2025-12-11 13:05:00+05:30,1003.5999755859376,1004.0999755859376,1000.5,1000.7999877929688,86376
2025-12-11 13:10:00+05:30,1000.5999755859376,1003.0,1000.0999755859376,1002.7000122070312,44991
2025-12-11 13:15:00+05:30,1002.7999877929688,1005.0,1002.2000122070312,1004.0999755859376,100192
2025-12-11 13:20:00+05:30,1004.0999755859376,1005.9000244140624,1002.5999755859376,1002.5999755859376,111714
2025-12-11 13:25:00+05:30,1002.7999877929688,1003.0999755859376,1001.2999877929688,1002.0,63172
2025-12-11 13:30:00+05:30,1002.0,1004.0999755859376,1002.0,1004.0,42025
2025-12-11 13:35:00+05:30,1004.0,1004.4000244140624,1002.7000122070312,1003.0,32904
2025-12-11 13:40:00+05:30,1002.7999877929688,1003.5999755859376,1002.7999877929688,1003.0999755859376,18407
2025-12-11 13:45:00+05:30,1003.0999755859376,1004.7000122070312,1003.0,1004.5999755859376,30933
2025-12-11 13:50:00+05:30,1004.5,1004.7000122070312,1003.0,1003.0,37253
2025-12-11 13:55:00+05:30,1003.0999755859376,1004.2999877929688,1002.7000122070312,1003.4000244140624,33108
2025-12-11 14:00:00+05:30,1003.5999755859376,1003.7999877929688,1002.5999755859376,1002.7999877929688,22498
2025-12-11 14:05:00+05:30,1002.5,1003.5,1002.2999877929688,1003.2999877929688,28589
2025-12-11 14:10:00+05:30,1003.2000122070312,1004.9000244140624,1002.9000244140624,1003.5999755859376,26230
2025-12-11 14:15:00+05:30,1003.5,1004.2999877929688,1003.0999755859376,1004.0,28406
2025-12-11 14:20:00+05:30,1004.2999877929688,1005.2999877929688,1003.0999755859376,1003.9000244140624,43015
2025-12-11 14:25:00+05:30,1003.7000122070312,1006.2999877929688,1003.5,1005.9000244140624,88247
2025-12-11 14:30:00+05:30,1006.0999755859376,1006.7000122070312,1005.5,1006.0999755859376,60615
2025-12-11 14:35:00+05:30,1006.0999755859376,1006.2999877929688,1005.5999755859376,1005.5999755859376,56954
2025-12-11 14:40:00+05:30,1005.5999755859376,1006.0999755859376,1004.5,1004.7999877929688,47904
2025-12-11 14:45:00+05:30,1004.7999877929688,1005.0,1003.0,1003.5,110034
2025-12-11 14:50:00+05:30,1003.5,1005.4000244140624,1003.5,1005.2999877929688,74738
2025-12-11 14:55:00+05:30,1005.2000122070312,1005.7999877929688,1005.2000122070312,1005.5999755859376,55694
2025-12-11 15:00:00+05:30,1005.9000244140624,1006.0,1005.2999877929688,1005.7000122070312,108788
2025-12-11 15:05:00+05:30,1005.5999755859376,1006.5,1005.2999877929688,1005.7000122070312,126714
2025-12-11 15:10:00+05:30,1005.7999877929688,1006.2000122070312,1004.7999877929688,1005.0999755859376,151052
2025-12-11 15:15:00+05:30,1005.0999755859376,1006.5,1005.0,1006.0,148460
2025-12-11 15:20:00+05:30,1006.0999755859376,1008.2999877929688,1005.9000244140624,1008.2000122070312,240033
2025-12-11 15:25:00+05:30,1008.2000122070312,1008.2999877929688,1007.0,1008.0,110741
2025-12-12 09:20:00+05:30,1016.0,1018.5,1015.2000122070312,1015.2000122070312,169903
2025-12-12 09:25:00+05:30,1015.2999877929688,1018.2999877929688,1014.2000122070312,1017.7999877929688,59380
2025-12-12 09:30:00+05:30,1017.5,1020.7999877929688,1016.2000122070312,1017.0999755859376,142164
2025-12-12 09:35:00+05:30,1017.5,1018.9000244140624,1016.7000122070312,1017.7000122070312,62166
2025-12-12 09:40:00+05:30,1017.2000122070312,1018.0,1016.5999755859376,1016.5999755859376,41411
2025-12-12 09:45:00+05:30,1016.5999755859376,1017.7999877929688,1016.2000122070312,1017.0999755859376,81661
2025-12-12 09:50:00+05:30,1017.4000244140624,1018.0,1016.9000244140624,1017.7000122070312,33670
2025-12-12 09:55:00+05:30,1017.4000244140624,1018.7999877929688,1017.0,1017.7000122070312,54119
2025-12-12 10:00:00+05:30,1018.0,1018.5999755859376,1017.7999877929688,1018.0,29003
2025-12-12 10:05:00+05:30,1018.2999877929688,1018.4000244140624,1016.5999755859376,1017.0999755859376,35849
2025-12-12 10:10:00+05:30,1016.7000122070312,1017.0999755859376,1016.2999877929688,1016.4000244140624,32188
2025-12-12 10:15:00+05:30,1016.9000244140624,1018.7000122070312,1016.9000244140624,1018.7000122070312,70620
2025-12-12 10:20:00+05:30,1018.7000122070312,1018.7000122070312,1017.2999877929688,1017.5999755859376,45367
2025-12-12 10:25:00+05:30,1017.4000244140624,1017.5,1014.9000244140624,1016.5,64217
2025-12-12 10:30:00+05:30,1016.0999755859376,1019.0999755859376,1015.9000244140624,1018.7999877929688,123357
2025-12-12 10:35:00+05:30,1018.2999877929688,1019.2999877929688,1018.0,1019.0,63266
2025-12-12 10:40:00+05:30,1019.2000122070312,1019.2000122070312,1018.4000244140624,1018.4000244140624,34278
2025-12-12 10:45:00+05:30,1018.4000244140624,1019.2000122070312,1017.2000122070312,1017.5,199103
2025-12-12 10:50:00+05:30,1017.2000122070312,1018.5999755859376,1017.2000122070312,1018.0,23697
2025-12-12 10:55:00+05:30,1018.0,1018.5,1017.7999877929688,1018.5,41584
2025-12-12 11:00:00+05:30,1018.4000244140624,1020.5999755859376,1018.0999755859376,1019.7999877929688,87706
2025-12-12 11:05:00+05:30,1019.7999877929688,1020.0,1019.0999755859376,1019.2999877929688,16441
2025-12-12 11:10:00+05:30,1019.2999877929688,1020.0,1018.4000244140624,1018.7000122070312,21043
2025-12-12 11:15:00+05:30,1018.7000122070312,1018.7000122070312,1018.0,1018.0,13938
2025-12-12 11:20:00+05:30,1018.2000122070312,1019.2999877929688,1018.0,1018.5,42051
2025-12-12 11:25:00+05:30,1018.7999877929688,1020.0999755859376,1018.4000244140624,1019.2999877929688,100413
2025-12-12 11:30:00+05:30,1019.2999877929688,1019.5,1018.0999755859376,1018.7000122070312,15568
2025-12-12 11:35:00+05:30,1019.0999755859376,1019.0999755859376,1017.0,1017.0999755859376,37736
2025-12-12 11:40:00+05:30,1017.0999755859376,1017.7999877929688,1016.4000244140624,1017.0999755859376,28396
2025-12-12 11:45:00+05:30,1017.0999755859376,1018.2000122070312,1017.0,1018.0999755859376,219808
2025-12-12 11:50:00+05:30,1018.2999877929688,1019.9000244140624,1017.7000122070312,1019.0999755859376,19851
2025-12-12 11:55:00+05:30,1019.0999755859376,1019.4000244140624,1018.5,1018.5,26223
2025-12-12 12:00:00+05:30,1018.5999755859376,1019.2000122070312,1018.0,1018.0,19220
2025-12-12 12:05:00+05:30,1018.4000244140624,1018.4000244140624,1016.2999877929688,1017.5999755859376,159969
2025-12-12 12:10:00+05:30,1017.5,1017.7000122070312,1014.7999877929688,1016.0,42821
2025-12-12 12:15:00+05:30,1015.7999877929688,1016.2000122070312,1014.5999755859376,1015.2999877929688,34425
2025-12-12 12:20:00+05:30,1015.4000244140624,1015.7000122070312,1014.7000122070312,1015.5,38829
2025-12-12 12:25:00+05:30,1015.7999877929688,1016.4000244140624,1015.2999877929688,1016.0,29798
2025-12-12 12:30:00+05:30,1016.2000122070312,1016.5,1016.0,1016.4000244140624,20592
2025-12-12 12:35:00+05:30,1016.5,1017.5,1016.4000244140624,1017.0999755859376,29596
2025-12-12 12:40:00+05:30,1017.0999755859376,1017.5999755859376,1016.4000244140624,1016.5999755859376,39676
2025-12-12 12:45:00+05:30,1016.5999755859376,1017.5999755859376,1016.0999755859376,1016.5,31065
2025-12-12 12:50:00+05:30,1016.0999755859376,1016.9000244140624,1016.0,1016.9000244140624,24409
2025-12-12 12:55:00+05:30,1016.5999755859376,1017.5,1016.0999755859376,1017.0,29120
2025-12-12 13:00:00+05:30,1016.5,1017.0,1016.0,1016.0,20805
2025-12-12 13:05:00+05:30,1016.2000122070312,1016.7000122070312,1016.0,1016.2000122070312,22685
2025-12-12 13:10:00+05:30,1016.2000122070312,1017.0,1016.0,1016.7999877929688,28200
2025-12-12 13:15:00+05:30,1016.7999877929688,1016.9000244140624,1016.0,1016.4000244140624,23748
2025-12-12 13:20:00+05:30,1016.5999755859376,1016.9000244140624,1016.0,1016.0999755859376,29582
2025-12-12 13:25:00+05:30,1016.0,1016.7000122070312,1015.0999755859376,1015.5,39065
2025-12-12 13:30:00+05:30,1015.2000122070312,1015.7000122070312,1014.7999877929688,1015.5,30153
2025-12-12 13:35:00+05:30,1015.2000122070312,1016.2999877929688,1015.0,1015.5999755859376,30755
2025-12-12 13:40:00+05:30,1015.4000244140624,1016.0,1015.0,1015.5999755859376,27708
2025-12-12 13:45:00+05:30,1015.5,1016.2000122070312,1015.0999755859376,1015.7000122070312,30653
2025-12-12 13:50:00+05:30,1015.7999877929688,1016.5,1015.0999755859376,1015.5999755859376,23597
2025-12-12 13:55:00+05:30,1015.4000244140624,1016.5999755859376,1015.4000244140624,1015.7999877929688,45828
2025-12-12 14:00:00+05:30,1015.4000244140624,1017.7000122070312,1015.2000122070312,1017.4000244140624,38013
2025-12-12 14:05:00+05:30,1017.5,1018.0,1016.7999877929688,1017.7999877929688,33897
2025-12-12 14:10:00+05:30,1017.7000122070312,1018.2999877929688,1017.2000122070312,1017.9000244140624,41848
2025-12-12 14:15:00+05:30,1017.7999877929688,1018.0999755859376,1017.7999877929688,1018.0,35764
2025-12-12 14:20:00+05:30,1018.0,1018.2999877929688,1018.0,1018.0,28040
2025-12-12 14:25:00+05:30,1018.0,1018.0999755859376,1015.7000122070312,1016.2999877929688,31434
2025-12-12 14:30:00+05:30,1016.4000244140624,1017.2999877929688,1016.2000122070312,1017.0999755859376,27897
2025-12-12 14:35:00+05:30,1017.0999755859376,1017.5,1016.0,1016.0999755859376,37511
2025-12-12 14:40:00+05:30,1016.2000122070312,1017.0999755859376,1016.0999755859376,1016.5999755859376,23183
2025-12-12 14:45:00+05:30,1016.5999755859376,1017.0999755859376,1015.7999877929688,1015.9000244140624,39959
2025-12-12 14:50:00+05:30,1016.2999877929688,1016.4000244140624,1015.5999755859376,1016.0,36557
2025-12-12 14:55:00+05:30,1016.4000244140624,1017.9000244140624,1016.4000244140624,1017.5,43619
2025-12-12 15:00:00+05:30,1018.0,1018.0,1016.9000244140624,1017.2000122070312,101476
2025-12-12 15:05:00+05:30,1017.2999877929688,1018.0,1017.2000122070312,1017.9000244140624,87682
2025-12-12 15:10:00+05:30,1017.9000244140624,1018.0,1017.7999877929688,1017.9000244140624,97242
2025-12-12 15:15:00+05:30,1017.9000244140624,1017.9000244140624,1016.2000122070312,1016.2999877929688,114553
2025-12-12 15:20:00+05:30,1016.4000244140624,1017.0,1016.4000244140624,1017.0,95356
2025-12-12 15:25:00+05:30,1017.0,1017.4000244140624,1015.0999755859376,1015.0999755859376,119032
2025-12-15 09:20:00+05:30,1011.7000122070312,1013.5,1011.5,1012.5999755859376,68720
2025-12-15 09:25:00+05:30,1012.2999877929688,1013.0999755859376,1011.9000244140624,1012.7000122070312,42957
2025-12-15 09:30:00+05:30,1012.4000244140624,1012.7000122070312,1011.0,1011.0,46947
2025-12-15 09:35:00+05:30,1011.0999755859376,1011.7000122070312,1008.7999877929688,1009.0,73496
2025-12-15 09:40:00+05:30,1009.0999755859376,1009.0999755859376,1008.0,1008.9000244140624,71596
2025-12-15 09:45:00+05:30,1008.7000122070312,1010.2999877929688,1008.0,1009.9000244140624,75444
2025-12-15 09:50:00+05:30,1010.0,1011.4000244140624,1008.9000244140624,1008.9000244140624,68965
2025-12-15 09:55:00+05:30,1008.7999877929688,1009.9000244140624,1008.2999877929688,1009.5999755859376,32776
2025-12-15 10:00:00+05:30,1009.7000122070312,1010.0,1009.0999755859376,1009.2999877929688,56490
2025-12-15 10:05:00+05:30,1009.0999755859376,1009.2999877929688,1008.0999755859376,1008.9000244140624,38221
2025-12-15 10:10:00+05:30,1009.2999877929688,1009.9000244140624,1008.5999755859376,1009.7999877929688,51790
2025-12-15 10:15:00+05:30,1009.7000122070312,1009.7999877929688,1008.7999877929688,1009.4000244140624,31563
2025-12-15 10:20:00+05:30,1009.2000122070312,1009.4000244140624,1009.0,1009.0,26804
2025-12-15 10:25:00+05:30,1009.2999877929688,1010.5,1008.7000122070312,1010.2999877929688,35725
2025-12-15 10:30:00+05:30,1010.0,1011.0,1009.7999877929688,1010.7000122070312,37093
2025-12-15 10:35:00+05:30,1010.7000122070312,1010.7999877929688,1009.5,1009.5999755859376,25665
2025-12-15 10:40:00+05:30,1009.5999755859376,1010.7000122070312,1009.2000122070312,1010.2000122070312,24847
2025-12-15 10:45:00+05:30,1010.2000122070312,1011.5,1010.0,1011.0,31630
2025-12-15 10:50:00+05:30,1011.0,1011.5,1010.4000244140624,1010.9000244140624,22246
2025-12-15 10:55:00+05:30,1011.0,1011.2000122070312,1010.5,1010.5999755859376,23573
2025-12-15 11:00:00+05:30,1010.7000122070312,1011.5,1010.2000122070312,1011.0,27598
2025-12-15 11:05:00+05:30,1011.0,1011.2000122070312,1010.5999755859376,1010.7000122070312,17686
2025-12-15 11:10:00+05:30,1010.7000122070312,1011.7999877929688,1010.5999755859376,1011.4000244140624,26905
2025-12-15 11:15:00+05:30,1011.4000244140624,1011.5999755859376,1010.5999755859376,1011.0999755859376,25637
2025-12-15 11:20:00+05:30,1011.0,1011.0,1010.7000122070312,1010.9000244140624,20919
2025-12-15 11:25:00+05:30,1012.5999755859376,1016.0,1012.2999877929688,1015.0,113420
2025-12-15 11:30:00+05:30,1014.9000244140624,1014.9000244140624,1011.5,1012.4000244140624,36004
2025-12-15 11:35:00+05:30,1012.4000244140624,1013.2000122070312,1011.7000122070312,1012.7000122070312,20690
2025-12-15 11:40:00+05:30,1012.7000122070312,1013.5,1012.0999755859376,1013.2000122070312,22569
2025-12-15 11:45:00+05:30,1013.4000244140624,1014.7999877929688,1013.2000122070312,1014.4000244140624,25187
2025-12-15 11:50:00+05:30,1014.2000122070312,1015.0,1014.0,1014.7999877929688,27181
2025-12-15 11:55:00+05:30,1014.5999755859376,1015.5,1014.5,1015.2999877929688,39820
2025-12-15 12:00:00+05:30,1015.7000122070312,1015.7000122070312,1014.0999755859376,1014.9000244140624,28099
2025-12-15 12:05:00+05:30,1014.7999877929688,1016.2000122070312,1014.5999755859376,1015.2999877929688,68680
2025-12-15 12:10:00+05:30,1015.2999877929688,1015.5999755859376,1015.0,1015.0,106809
2025-12-15 12:15:00+05:30,1015.4000244140624,1015.4000244140624,1014.4000244140624,1014.7000122070312,30520
2025-12-15 12:20:00+05:30,1014.7000122070312,1015.2000122070312,1014.5999755859376,1015.0999755859376,19438
2025-12-15 12:25:00+05:30,1015.0999755859376,1015.4000244140624,1013.9000244140624,1014.4000244140624,17621
2025-12-15 12:30:00+05:30,1014.4000244140624,1015.0,1014.0999755859376,1014.7000122070312,19587
2025-12-15 12:35:00+05:30,1014.7000122070312,1014.7000122070312,1012.4000244140624,1012.7000122070312,66286
2025-12-15 12:40:00+05:30,1012.7000122070312,1013.0999755859376,1011.0,1011.4000244140624,29032
2025-12-15 12:45:00+05:30,1011.4000244140624,1012.0999755859376,1010.2999877929688,1011.5999755859376,38018
2025-12-15 12:50:00+05:30,1011.5999755859376,1013.0999755859376,1011.5999755859376,1012.5999755859376,88728
2025-12-15 12:55:00+05:30,1012.5,1012.7000122070312,1012.5,1012.7000122070312,39818
2025-12-15 13:00:00+05:30,1012.5,1012.9000244140624,1012.2000122070312,1012.2000122070312,36310
2025-12-15 13:05:00+05:30,1012.4000244140624,1013.0,1012.2000122070312,1012.5999755859376,36488
2025-12-15 13:10:00+05:30,1012.5999755859376,1012.7999877929688,1012.5,1012.5999755859376,32879
2025-12-15 13:15:00+05:30,1012.5,1012.7999877929688,1012.2000122070312,1012.5,39519
2025-12-15 13:20:00+05:30,1012.5999755859376,1012.5999755859376,1012.0,1012.0999755859376,31340
2025-12-15 13:25:00+05:30,1012.0,1012.4000244140624,1011.0,1012.0,82620
2025-12-15 13:30:00+05:30,1012.0,1012.0999755859376,1011.2000122070312,1011.4000244140624,36321
2025-12-15 13:35:00+05:30,1011.2999877929688,1011.7999877929688,1011.2999877929688,1011.7999877929688,32920
2025-12-15 13:40:00+05:30,1011.7999877929688,1012.4000244140624,1011.2000122070312,1012.0999755859376,30541
2025-12-15 13:45:00+05:30,1012.0999755859376,1012.4000244140624,1011.7999877929688,1012.2999877929688,16221
2025-12-15 13:50:00+05:30,1012.2999877929688,1012.7000122070312,1011.2000122070312,1012.2000122070312,28689
2025-12-15 13:55:00+05:30,1012.0999755859376,1012.0999755859376,1010.7999877929688,1011.0,30411
2025-12-15 14:00:00+05:30,1010.9000244140624,1012.0999755859376,1010.2999877929688,1011.0999755859376,122211
2025-12-15 14:05:00+05:30,1011.0999755859376,1011.9000244140624,1010.5,1010.7000122070312,79333
2025-12-15 14:10:00+05:30,1010.7000122070312,1012.0999755859376,1010.0,1011.0999755859376,176370
2025-12-15 14:15:00+05:30,1011.2000122070312,1012.7000122070312,1011.0999755859376,1012.2999877929688,46610
2025-12-15 14:20:00+05:30,1012.0999755859376,1012.7000122070312,1011.0999755859376,1011.7999877929688,46986
2025-12-15 14:25:00+05:30,1011.7999877929688,1012.0,1011.4000244140624,1011.4000244140624,36197
2025-12-15 14:30:00+05:30,1011.4000244140624,1012.2999877929688,1011.4000244140624,1012.2000122070312,43719
2025-12-15 14:35:00+05:30,1012.2000122070312,1012.5,1011.5999755859376,1012.2999877929688,52702
2025-12-15 14:40:00+05:30,1012.2999877929688,1013.7000122070312,1012.0,1013.5,66117
2025-12-15 14:45:00+05:30,1013.5999755859376,1014.5999755859376,1012.2000122070312,1012.5,124798
2025-12-15 14:50:00+05:30,1012.5,1012.9000244140624,1012.2999877929688,1012.7999877929688,52904
2025-12-15 14:55:00+05:30,1012.4000244140624,1013.2999877929688,1012.0999755859376,1013.0,69115
2025-12-15 15:00:00+05:30,1013.0,1013.2000122070312,1011.7999877929688,1012.5999755859376,124126
2025-12-15 15:05:00+05:30,1012.5999755859376,1012.9000244140624,1012.0,1012.5999755859376,78692
2025-12-15 15:10:00+05:30,1012.7000122070312,1013.0,1012.2000122070312,1012.7000122070312,84962
2025-12-15 15:15:00+05:30,1012.7000122070312,1013.4000244140624,1012.2999877929688,1013.2000122070312,96274
2025-12-15 15:20:00+05:30,1013.2000122070312,1014.0999755859376,1012.5,1012.9000244140624,176404
2025-12-15 15:25:00+05:30,1012.9000244140624,1013.0999755859376,1012.0,1012.5,72626
2025-12-16 09:20:00+05:30,1009.2000122070312,1010.5999755859375,1007.4000244140625,1007.5,102071
2025-12-16 09:25:00+05:30,1007.5,1007.7000122070312,1006.4000244140625,1007.5,47359
2025-12-16 09:30:00+05:30,1007.2000122070312,1007.5,1006.7000122070312,1007.0999755859375,32694
2025-12-16 09:35:00+05:30,1007.2000122070312,1007.4000244140625,1005.0,1005.0,74994
2025-12-16 09:40:00+05:30,1005.0,1006.2999877929688,1005.0,1005.9000244140625,68948
2025-12-16 09:45:00+05:30,1005.9000244140625,1006.4000244140625,1004.7000122070312,1006.2000122070312,29473
2025-12-16 09:50:00+05:30,1006.2000122070312,1007.0999755859375,1006.0999755859375,1006.7999877929688,29053
2025-12-16 09:55:00+05:30,1006.7999877929688,1006.7999877929688,1005.4000244140625,1005.4000244140625,33600
2025-12-16 10:00:00+05:30,1005.2999877929688,1005.7000122070312,1004.4000244140625,1005.0,39142
2025-12-16 10:05:00+05:30,1004.7999877929688,1006.2999877929688,1004.7999877929688,1006.0,30990
2025-12-16 10:10:00+05:30,1006.0,1006.0,1005.0,1005.2999877929688,39279
2025-12-16 10:15:00+05:30,1005.2000122070312,1006.5,1005.0999755859375,1006.5,14126
2025-12-16 10:20:00+05:30,1006.2000122070312,1006.5,1005.5999755859375,1005.7999877929688,16855
2025-12-16 10:25:00+05:30,1005.7999877929688,1006.2999877929688,1005.2000122070312,1005.5,19867
2025-12-16 10:30:00+05:30,1005.0999755859375,1006.0,1005.0999755859375,1006.0,18465
2025-12-16 10:35:00+05:30,1006.0,1006.0,1005.4000244140625,1006.0,12353
2025-12-16 10:40:00+05:30,1006.0,1006.0,1005.2999877929688,1005.9000244140625,20419
2025-12-16 10:45:00+05:30,1005.9000244140625,1006.2999877929688,1005.2000122070312,1005.7999877929688,26246
2025-12-16 10:50:00+05:30,1005.7999877929688,1006.2999877929688,1005.0,1005.2000122070312,31780
2025-12-16 10:55:00+05:30,1005.5999755859375,1006.0,1005.0999755859375,1005.7999877929688,28930
2025-12-16 11:00:00+05:30,1005.5999755859375,1006.2000122070312,1005.5,1006.2000122070312,69176
2025-12-16 11:05:00+05:30,1006.2000122070312,1008.5,1005.5999755859375,1008.2000122070312,44936
2025-12-16 11:10:00+05:30,1008.2000122070312,1009.4000244140625,1007.7000122070312,1008.9000244140625,84101
2025-12-16 11:15:00+05:30,1009.2999877929688,1009.2999877929688,1007.0999755859375,1007.9000244140625,98038
2025-12-16 11:20:00+05:30,1008.0,1008.4000244140625,1007.0,1007.5999755859375,69509
2025-12-16 11:25:00+05:30,1008.0,1009.0,1007.0999755859375,1008.7000122070312,57006
2025-12-16 11:30:00+05:30,1008.5999755859375,1008.9000244140625,1005.2000122070312,1005.2999877929688,43817
2025-12-16 11:35:00+05:30,1005.2000122070312,1005.2999877929688,1003.2000122070312,1003.9000244140625,45272
2025-12-16 11:40:00+05:30,1003.7999877929688,1004.0999755859375,1003.2000122070312,1004.0,19613
2025-12-16 11:45:00+05:30,1004.0,1004.0,1003.0,1003.2999877929688,18027
2025-12-16 11:50:00+05:30,1003.2999877929688,1003.5,1002.0,1003.2000122070312,37429
2025-12-16 11:55:00+05:30,1003.2000122070312,1003.4000244140625,1001.5999755859375,1001.9000244140625,24260
2025-12-16 12:00:00+05:30,1001.9000244140625,1003.2999877929688,1001.5999755859375,1003.0,36188
2025-12-16 12:05:00+05:30,1003.0,1003.2999877929688,1002.5,1002.9000244140625,20374
2025-12-16 12:10:00+05:30,1003.0999755859375,1003.2000122070312,1002.2999877929688,1002.5,17400
2025-12-16 12:15:00+05:30,1002.7000122070312,1003.0999755859375,1002.0999755859375,1003.0999755859375,16515
2025-12-16 12:20:00+05:30,1002.9000244140625,1003.2000122070312,1002.2000122070312,1002.2999877929688,18760
2025-12-16 12:25:00+05:30,1002.7000122070312,1003.4000244140625,1002.2999877929688,1003.4000244140625,24529
2025-12-16 12:30:00+05:30,1003.4000244140625,1004.2999877929688,1003.0999755859375,1003.5,52521
2025-12-16 12:35:00+05:30,1003.5,1003.5999755859375,1001.5,1002.0,27134
2025-12-16 12:40:00+05:30,1002.0,1002.2000122070312,1001.0999755859375,1001.5,22969
2025-12-16 12:45:00+05:30,1001.5,1001.7000122070312,1000.5,1000.7999877929688,23882
2025-12-16 12:50:00+05:30,1000.7999877929688,1000.7999877929688,1000.0,1000.4000244140625,135723
2025-12-16 12:55:00+05:30,1000.4000244140625,1000.5,1000.0,1000.2999877929688,31333
2025-12-16 13:00:00+05:30,1000.2999877929688,1000.5,999.0999755859375,999.4000244140625,55283
2025-12-16 13:05:00+05:30,999.4000244140625,999.7999877929688,999.0,999.2000122070312,31181
2025-12-16 13:10:00+05:30,999.2000122070312,999.5,998.7999877929688,998.7999877929688,35392
2025-12-16 13:15:00+05:30,999.2000122070312,999.2000122070312,997.2999877929688,997.9000244140625,90794
2025-12-16 13:20:00+05:30,997.9000244140625,998.4000244140625,996.7000122070312,997.0,88305
2025-12-16 13:25:00+05:30,997.0,997.5,996.7000122070312,997.0,81490
2025-12-16 13:30:00+05:30,997.0,999.4000244140625,996.7000122070312,999.2999877929688,41002
2025-12-16 13:35:00+05:30,999.2999877929688,1000.5,998.7999877929688,1000.4000244140625,87881
2025-12-16 13:40:00+05:30,1000.4000244140625,1001.2000122070312,1000.0,1001.2000122070312,37209
2025-12-16 13:45:00+05:30,1001.2000122070312,1001.7000122070312,1000.5,1001.2000122070312,67742
2025-12-16 13:50:00+05:30,1001.2000122070312,1001.7999877929688,1000.2000122070312,1000.5,24084
2025-12-16 13:55:00+05:30,1000.5,1000.7999877929688,999.7000122070312,999.7000122070312,37488
2025-12-16 14:00:00+05:30,999.7000122070312,999.7999877929688,998.7000122070312,999.5999755859375,37178
2025-12-16 14:05:00+05:30,999.5999755859375,1000.0999755859375,999.0,999.2999877929688,37522
2025-12-16 14:10:00+05:30,999.7000122070312,999.9000244140625,999.0,999.5,31433
2025-12-16 14:15:00+05:30,999.5,999.9000244140625,998.0999755859375,998.0999755859375,53680
2025-12-16 14:20:00+05:30,997.9000244140625,999.0,997.5,998.9000244140625,141107
2025-12-16 14:25:00+05:30,998.9000244140625,999.0,998.0,998.7999877929688,24803
2025-12-16 14:30:00+05:30,998.9000244140625,998.9000244140625,998.0,998.4000244140625,38895
2025-12-16 14:35:00+05:30,998.4000244140625,998.5999755859375,997.5,998.5999755859375,44718
2025-12-16 14:40:00+05:30,998.5999755859375,999.2000122070312,998.5,999.0999755859375,36251
2025-12-16 14:45:00+05:30,999.0999755859375,999.5999755859375,998.5,998.9000244140625,38479
2025-12-16 14:50:00+05:30,998.9000244140625,999.9000244140625,998.7999877929688,999.4000244140625,76498
2025-12-16 14:55:00+05:30,999.4000244140625,999.7000122070312,998.7000122070312,999.5999755859375,56955
2025-12-16 15:00:00+05:30,999.5,999.7999877929688,998.5,999.0999755859375,121643
2025-12-16 15:05:00+05:30,999.0999755859375,999.5,998.0999755859375,999.0,137140
2025-12-16 15:10:00+05:30,999.2000122070312,999.2999877929688,998.5,998.5999755859375,89744
2025-12-16 15:15:00+05:30,998.5,999.0999755859375,997.2999877929688,997.9000244140625,123464
2025-12-16 15:20:00+05:30,997.7999877929688,998.0999755859375,997.0,997.5,134441
2025-12-16 15:25:00+05:30,997.5,998.2000122070312,997.0,997.0,104660
2025-12-17 09:20:00+05:30,1004.7999877929688,1008.0999755859375,1004.5,1008.0999755859375,108532
2025-12-17 09:25:00+05:30,1008.7000122070312,1010.7000122070312,1008.5999755859375,1010.0999755859375,108475
2025-12-17 09:30:00+05:30,1009.9000244140625,1009.9000244140625,1007.0999755859375,1009.0,63127
2025-12-17 09:35:00+05:30,1009.0,1010.2999877929688,1008.2000122070312,1010.0,68366
2025-12-17 09:40:00+05:30,1010.0,1010.5,1008.0,1009.0,69881
2025-12-17 09:45:00+05:30,1008.5,1009.0999755859375,1007.0,1007.2999877929688,43397
2025-12-17 09:50:00+05:30,1007.2000122070312,1007.7000122070312,1005.7999877929688,1007.7000122070312,64474
2025-12-17 09:55:00+05:30,1007.7000122070312,1009.0,1007.5,1008.0,33801
2025-12-17 10:00:00+05:30,1008.0,1008.0999755859375,1006.0,1006.5,36326
2025-12-17 10:05:00+05:30,1006.2999877929688,1006.7000122070312,1004.7999877929688,1005.9000244140625,78834
2025-12-17 10:10:00+05:30,1005.9000244140625,1005.9000244140625,1002.0999755859375,1002.9000244140625,195168
2025-12-17 10:15:00+05:30,1002.9000244140625,1002.9000244140625,1001.7000122070312,1002.5,85545
2025-12-17 10:20:00+05:30,1002.5,1002.7000122070312,1000.9000244140625,1001.4000244140625,126850
2025-12-17 10:25:00+05:30,1001.4000244140625,1002.4000244140625,1001.0999755859375,1001.5999755859375,51188
2025-12-17 10:30:00+05:30,1001.5999755859375,1002.0999755859375,1000.5999755859375,1001.7000122070312,55307
2025-12-17 10:35:00+05:30,1001.7000122070312,1002.5,1001.5,1002.0,56077
2025-12-17 10:40:00+05:30,1002.0,1004.4000244140625,1001.5999755859375,1003.7000122070312,37556
2025-12-17 10:45:00+05:30,1003.7000122070312,1004.2000122070312,1002.2000122070312,1004.0,68048
2025-12-17 10:50:00+05:30,1004.0999755859375,1005.0,1001.5999755859375,1002.0,48638
2025-12-17 10:55:00+05:30,1002.0,1002.0999755859375,1001.2000122070312,1002.0,29379
2025-12-17 11:00:00+05:30,1002.0,1002.7000122070312,1001.5999755859375,1001.9000244140625,20445
2025-12-17 11:05:00+05:30,1001.9000244140625,1004.5999755859375,1001.7999877929688,1004.4000244140625,63760
2025-12-17 11:10:00+05:30,1004.5999755859375,1004.5999755859375,1003.7000122070312,1004.5,58499
2025-12-17 11:15:00+05:30,1004.5,1006.0999755859375,1004.4000244140625,1005.2999877929688,142524
2025-12-17 11:20:00+05:30,1005.4000244140625,1005.7999877929688,1005.2000122070312,1005.5,16831
2025-12-17 11:25:00+05:30,1005.5,1005.7000122070312,1003.4000244140625,1003.5,52896
2025-12-17 11:30:00+05:30,1003.7000122070312,1004.5,1003.5,1004.0999755859375,22125
2025-12-17 11:35:00+05:30,1004.0999755859375,1005.2999877929688,1004.0,1005.0,50804
2025-12-17 11:40:00+05:30,1005.0,1005.5,1004.5,1004.5999755859375,39560
2025-12-17 11:45:00+05:30,1004.5999755859375,1005.5,1004.5999755859375,1005.5,18170
2025-12-17 11:50:00+05:30,1005.2000122070312,1005.5,1003.7000122070312,1003.7000122070312,20879
2025-12-17 11:55:00+05:30,1003.4000244140625,1003.7000122070312,1001.0999755859375,1001.2999877929688,28024
2025-12-17 12:00:00+05:30,1001.4000244140625,1001.5999755859375,999.5999755859375,1000.0,46395
2025-12-17 12:05:00+05:30,999.9000244140625,1000.2000122070312,999.5,1000.0,29642
2025-12-17 12:10:00+05:30,1000.0,1001.0,999.7999877929688,999.9000244140625,25649
2025-12-17 12:15:00+05:30,999.9000244140625,1000.0999755859375,999.5,1000.0999755859375,12155
2025-12-17 12:20:00+05:30,1000.0999755859375,1000.2000122070312,997.5,997.5,31123
2025-12-17 12:25:00+05:30,997.0999755859375,998.7000122070312,997.0999755859375,997.5,25503
2025-12-17 12:30:00+05:30,997.0999755859375,998.2999877929688,997.0999755859375,998.0,15735
2025-12-17 12:35:00+05:30,998.5,998.5,997.5999755859375,998.0,26690
2025-12-17 12:40:00+05:30,998.0,998.0,997.2000122070312,997.7999877929688,19464
2025-12-17 12:45:00+05:30,997.7999877929688,999.5,997.7999877929688,999.2999877929688,40258
2025-12-17 12:50:00+05:30,999.2999877929688,1000.0999755859375,998.7000122070312,998.7000122070312,22047
2025-12-17 12:55:00+05:30,998.7000122070312,998.7000122070312,998.2000122070312,998.7000122070312,14360
2025-12-17 13:00:00+05:30,998.5,999.7999877929688,998.5,999.7999877929688,16855
2025-12-17 13:05:00+05:30,999.7999877929688,1001.0,999.5999755859375,1000.0999755859375,31959
2025-12-17 13:10:00+05:30,1000.0999755859375,1000.5,999.9000244140625,1000.0999755859375,52019
2025-12-17 13:15:00+05:30,1000.0999755859375,1000.7999877929688,1000.0,1000.7999877929688,15307
2025-12-17 13:20:00+05:30,1000.7999877929688,1000.9000244140625,999.9000244140625,1000.0999755859375,32094
2025-12-17 13:25:00+05:30,1000.2999877929688,1001.7000122070312,1000.0999755859375,1000.2000122070312,43270
2025-12-17 13:30:00+05:30,1000.2000122070312,1000.5,1000.0999755859375,1000.0999755859375,11217
2025-12-17 13:35:00+05:30,1000.0999755859375,1000.5,996.2999877929688,997.0,104172
2025-12-17 13:40:00+05:30,997.0,997.4000244140625,995.2999877929688,995.4000244140625,49634
2025-12-17 13:45:00+05:30,995.4000244140625,996.5999755859375,995.2999877929688,996.2000122070312,37763
2025-12-17 13:50:00+05:30,996.2000122070312,997.2000122070312,996.2000122070312,997.2000122070312,28384
2025-12-17 13:55:00+05:30,997.0999755859375,997.5999755859375,996.7999877929688,997.5,18010
2025-12-17 14:00:00+05:30,997.5999755859375,997.7999877929688,997.2999877929688,997.5999755859375,23101
2025-12-17 14:05:00+05:30,997.5999755859375,998.2000122070312,997.5999755859375,997.9000244140625,20132
2025-12-17 14:10:00+05:30,997.7999877929688,998.0,997.0,997.7999877929688,20142
2025-12-17 14:15:00+05:30,997.7999877929688,1000.7999877929688,997.0,1000.7999877929688,96349
2025-12-17 14:20:00+05:30,1000.7999877929688,1001.0,997.7999877929688,997.7999877929688,35568
2025-12-17 14:25:00+05:30,997.7000122070312,998.9000244140625,997.0999755859375,997.5,58091
2025-12-17 14:30:00+05:30,997.5999755859375,998.2000122070312,997.4000244140625,997.9000244140625,37919
2025-12-17 14:35:00+05:30,997.9000244140625,998.0,997.0,997.2999877929688,111857
2025-12-17 14:40:00+05:30,997.2000122070312,998.0999755859375,997.0,997.7000122070312,54091
2025-12-17 14:45:00+05:30,997.5,999.5999755859375,997.2000122070312,999.0999755859375,54263
2025-12-17 14:50:00+05:30,999.0999755859375,1000.2000122070312,998.7000122070312,999.0,58183
2025-12-17 14:55:00+05:30,998.9000244140625,999.2999877929688,998.2999877929688,999.2000122070312,42124
2025-12-17 15:00:00+05:30,999.5,1000.0999755859375,999.0,999.5,190670
2025-12-17 15:05:00+05:30,999.5,999.5999755859375,999.2999877929688,999.2999877929688,133544
2025-12-17 15:10:00+05:30,999.4000244140625,999.4000244140625,999.2999877929688,999.2999877929688,169263
2025-12-17 15:15:00+05:30,999.4000244140625,1000.5999755859375,999.0999755859375,1000.5999755859375,292226
2025-12-17 15:20:00+05:30,1000.5,1000.7000122070312,999.7999877929688,1000.2000122070312,163943
2025-12-17 15:25:00+05:30,1000.2000122070312,1001.5999755859375,1000.0,1000.0999755859375,187961
2025-12-18 09:15:00+05:30,1000.0,1000.0,996.7000122070312,997.0,147892
2025-12-18 09:20:00+05:30,997.0,1001.0,996.5999755859375,1000.5,74513
2025-12-18 09:25:00+05:30,1000.5,1001.4000244140625,999.5,999.5,64143
2025-12-18 09:30:00+05:30,999.7999877929688,1000.9000244140625,999.5,999.9000244140625,28385
2025-12-18 09:35:00+05:30,999.9000244140625,1000.5,999.0,999.0999755859375,27108
2025-12-18 09:40:00+05:30,999.2000122070312,999.2000122070312,997.0,997.4000244140625,39201
2025-12-18 09:45:00+05:30,997.2000122070312,997.5999755859375,996.0,996.2000122070312,58293
2025-12-18 09:50:00+05:30,996.2000122070312,997.0,995.5999755859375,996.7000122070312,20932
2025-12-18 09:55:00+05:30,996.9000244140625,998.0,996.7000122070312,997.2000122070312,17923
2025-12-18 10:00:00+05:30,997.0,997.2999877929688,995.0,996.2999877929688,19311
2025-12-18 10:05:00+05:30,996.0,997.2999877929688,995.2000122070312,996.9000244140625,16281
2025-12-18 10:10:00+05:30,996.9000244140625,997.7999877929688,995.7000122070312,997.2999877929688,33322
2025-12-18 10:15:00+05:30,997.5,998.7999877929688,996.7000122070312,998.5999755859375,70025
2025-12-18 10:20:00+05:30,999.0,1002.0,998.5999755859375,1001.7000122070312,53491
2025-12-18 10:25:00+05:30,1001.5,1002.7999877929688,1000.5,1001.5,41629
2025-12-18 10:30:00+05:30,1001.9000244140625,1003.0,1001.5,1002.2999877929688,62577
2025-12-18 10:35:00+05:30,1002.7999877929688,1002.7999877929688,1001.5,1002.5,20515
2025-12-18 10:40:00+05:30,1002.0,1003.5999755859375,1001.7999877929688,1003.0,27050
2025-12-18 10:45:00+05:30,1002.7999877929688,1004.0,1002.7999877929688,1003.7000122070312,30152
2025-12-18 10:50:00+05:30,1003.5,1003.5999755859375,1002.9000244140625,1003.2999877929688,14947
2025-12-18 10:55:00+05:30,1003.2999877929688,1003.7999877929688,1002.0,1003.7000122070312,21648
2025-12-18 11:00:00+05:30,1003.7000122070312,1004.0,1002.9000244140625,1002.9000244140625,40847
2025-12-18 11:05:00+05:30,1002.9000244140625,1003.4000244140625,1002.9000244140625,1003.4000244140625,37536
2025-12-18 11:10:00+05:30,1003.4000244140625,1004.0,1003.0,1003.7999877929688,13986
2025-12-18 11:15:00+05:30,1003.7999877929688,1003.7999877929688,1003.0,1003.2999877929688,11282
2025-12-18 11:20:00+05:30,1003.2000122070312,1004.0,1003.0,1003.5999755859375,75190
2025-12-18 11:25:00+05:30,1004.0,1005.0,1003.9000244140625,1004.7999877929688,37341
2025-12-18 11:30:00+05:30,1004.9000244140625,1005.0,1003.0,1003.9000244140625,15264
2025-12-18 11:35:00+05:30,1003.9000244140625,1003.9000244140625,1002.9000244140625,1003.7999877929688,11843
2025-12-18 11:40:00+05:30,1003.7000122070312,1003.7999877929688,1003.0,1003.0,13078
2025-12-18 11:45:00+05:30,1003.2999877929688,1004.5,1002.9000244140625,1004.0999755859375,19361
2025-12-18 11:50:00+05:30,1004.4000244140625,1005.7999877929688,1003.7999877929688,1005.5999755859375,53039
2025-12-18 11:55:00+05:30,1005.7999877929688,1005.9000244140625,1005.0,1005.5,25548
2025-12-18 12:00:00+05:30,1005.4000244140625,1005.7999877929688,1005.0,1005.5,12225
2025-12-18 12:05:00+05:30,1005.0999755859375,1006.0,1005.0,1005.9000244140625,17009
2025-12-18 12:10:00+05:30,1005.9000244140625,1006.5999755859375,1005.5999755859375,1006.5,17236
2025-12-18 12:15:00+05:30,1006.4000244140625,1007.0,1006.0999755859375,1006.2999877929688,63104
2025-12-18 12:20:00+05:30,1006.5,1007.0,1006.0,1006.7999877929688,18530
2025-12-18 12:25:00+05:30,1006.7000122070312,1006.7999877929688,1006.5,1006.5999755859375,6056
2025-12-18 12:30:00+05:30,1006.5999755859375,1008.9000244140625,1006.5,1008.5999755859375,72785
2025-12-18 12:35:00+05:30,1008.5999755859375,1009.0,1008.0999755859375,1008.7000122070312,21880
2025-12-18 12:40:00+05:30,1008.7000122070312,1009.0,1008.0,1008.7000122070312,67701
2025-12-18 12:45:00+05:30,1008.7000122070312,1008.9000244140625,1007.7000122070312,1007.7000122070312,32408
2025-12-18 12:50:00+05:30,1007.9000244140625,1008.0999755859375,1006.0,1006.0999755859375,54352
2025-12-18 12:55:00+05:30,1006.2999877929688,1006.9000244140625,1005.0,1005.9000244140625,99483
2025-12-18 13:00:00+05:30,1006.4000244140625,1006.4000244140625,1005.0,1005.2000122070312,12232
2025-12-18 13:05:00+05:30,1005.2999877929688,1006.4000244140625,1004.2999877929688,1006.2999877929688,87634
2025-12-18 13:10:00+05:30,1006.2999877929688,1006.2999877929688,1004.7000122070312,1004.7000122070312,26341
2025-12-18 13:15:00+05:30,1004.9000244140625,1005.2999877929688,1003.7999877929688,1005.0999755859375,39895
2025-12-18 13:20:00+05:30,1005.2000122070312,1005.2000122070312,1004.5999755859375,1005.0,28742
2025-12-18 13:25:00+05:30,1005.0999755859375,1005.0999755859375,1003.4000244140625,1003.9000244140625,17299
2025-12-18 13:30:00+05:30,1003.7999877929688,1003.7999877929688,1000.5999755859375,1000.5999755859375,30403
2025-12-18 13:35:00+05:30,1000.5,1002.7999877929688,1000.0999755859375,1002.7999877929688,14157
2025-12-18 13:40:00+05:30,1002.7999877929688,1002.7999877929688,1001.0999755859375,1001.4000244140625,29950
2025-12-18 13:45:00+05:30,1001.4000244140625,1001.7999877929688,1001.2000122070312,1001.2000122070312,7268
2025-12-18 13:50:00+05:30,1001.0,1001.5999755859375,1000.5,1001.4000244140625,12475
2025-12-18 13:55:00+05:30,1001.4000244140625,1002.0,1001.0,1001.5999755859375,15963
2025-12-18 14:00:00+05:30,1001.5,1001.5,1000.2999877929688,1000.9000244140625,56583
2025-12-18 14:05:00+05:30,1001.0999755859375,1001.0999755859375,999.2999877929688,1000.0,56344
2025-12-18 14:10:00+05:30,1000.0,1000.4000244140625,999.0,999.7999877929688,17357
2025-12-18 14:15:00+05:30,1000.0,1000.2999877929688,999.0999755859375,1000.2000122070312,24860
2025-12-18 14:20:00+05:30,1000.0,1000.0999755859375,999.0,999.0,24904
2025-12-18 14:25:00+05:30,999.4000244140625,999.7000122070312,998.5,999.4000244140625,40351
2025-12-18 14:30:00+05:30,999.2000122070312,1002.0,999.2000122070312,1000.0999755859375,126093
2025-12-18 14:35:00+05:30,1000.0999755859375,1000.9000244140625,998.2999877929688,998.7999877929688,21475
2025-12-18 14:40:00+05:30,998.7999877929688,999.0,997.7000122070312,998.9000244140625,39529
2025-12-18 14:45:00+05:30,998.5,999.4000244140625,998.0,998.5,21027
2025-12-18 14:50:00+05:30,998.5,998.7000122070312,996.7000122070312,997.9000244140625,112021
2025-12-18 14:55:00+05:30,997.9000244140625,999.4000244140625,997.5,998.7999877929688,39421
2025-12-18 15:00:00+05:30,999.0999755859375,1000.2000122070312,998.5999755859375,1000.0,56599
2025-12-18 15:05:00+05:30,1000.0999755859375,1000.2999877929688,999.5,1000.2000122070312,52265
2025-12-18 15:10:00+05:30,1000.5,1000.5,999.7000122070312,999.9000244140625,52120
2025-12-18 15:15:00+05:30,999.9000244140625,1000.9000244140625,999.5,1000.7999877929688,94330
2025-12-18 15:20:00+05:30,1000.5,1000.9000244140625,999.7999877929688,1000.0,93350
2025-12-18 15:25:00+05:30,1000.2000122070312,1002.0,999.5999755859375,1001.0,124664
2025-12-19 09:20:00+05:30,1006.5999755859375,1007.9000244140625,1005.7000122070312,1007.9000244140625,88476
2025-12-19 09:25:00+05:30,1008.4000244140625,1009.7000122070312,1008.2999877929688,1009.5,70464
2025-12-19 09:30:00+05:30,1009.5,1014.0,1009.4000244140625,1012.0999755859375,116702
2025-12-19 09:35:00+05:30,1012.4000244140625,1012.7999877929688,1010.0,1010.7000122070312,46430
2025-12-19 09:40:00+05:30,1010.7000122070312,1011.5,1010.0,1010.2999877929688,17925
2025-12-19 09:45:00+05:30,1010.5999755859375,1011.2999877929688,1010.0,1010.2999877929688,38519
2025-12-19 09:50:00+05:30,1010.5,1012.0,1010.0,1012.0,46391
2025-12-19 09:55:00+05:30,1011.9000244140625,1012.5999755859375,1011.5,1012.0,56965
2025-12-19 10:00:00+05:30,1011.9000244140625,1012.2000122070312,1010.2000122070312,1010.5,30232
2025-12-19 10:05:00+05:30,1010.5999755859375,1010.5999755859375,1008.2000122070312,1008.7999877929688,32934
2025-12-19 10:10:00+05:30,1008.7999877929688,1009.0999755859375,1007.0,1008.5,18248
2025-12-19 10:15:00+05:30,1008.2999877929688,1008.7000122070312,1007.2000122070312,1008.7000122070312,35017
2025-12-19 10:20:00+05:30,1008.7000122070312,1009.9000244140625,1008.5,1009.4000244140625,21467
2025-12-19 10:25:00+05:30,1009.4000244140625,1009.4000244140625,1008.7000122070312,1008.9000244140625,9094
2025-12-19 10:30:00+05:30,1008.9000244140625,1009.7000122070312,1008.4000244140625,1008.7000122070312,12000
2025-12-19 10:35:00+05:30,1008.2999877929688,1008.7999877929688,1007.5,1007.5999755859375,22537
2025-12-19 10:40:00+05:30,1007.5,1007.5999755859375,1005.0,1005.0,48748
2025-12-19 10:45:00+05:30,1005.0,1005.2999877929688,1003.7000122070312,1004.5,52878
2025-12-19 10:50:00+05:30,1004.7999877929688,1005.5999755859375,1004.5999755859375,1005.2000122070312,20827
2025-12-19 10:55:00+05:30,1005.2999877929688,1005.7999877929688,1004.2999877929688,1005.5,29771
2025-12-19 11:00:00+05:30,1005.2999877929688,1005.7999877929688,1004.5,1005.0999755859375,17257
2025-12-19 11:05:00+05:30,1005.0,1005.5999755859375,1004.5,1005.0999755859375,15024
2025-12-19 11:10:00+05:30,1005.0999755859375,1005.4000244140625,1004.5999755859375,1004.7999877929688,12061
2025-12-19 11:15:00+05:30,1004.7000122070312,1004.9000244140625,1003.5999755859375,1004.0,27955
2025-12-19 11:20:00+05:30,1003.7000122070312,1006.0,1003.7000122070312,1005.5,43216
2025-12-19 11:25:00+05:30,1005.5,1005.5999755859375,1005.0,1005.0999755859375,18154
2025-12-19 11:30:00+05:30,1005.0999755859375,1007.2000122070312,1005.0,1007.0999755859375,100907
2025-12-19 11:35:00+05:30,1007.0999755859375,1007.7000122070312,1006.4000244140625,1007.2000122070312,56542
2025-12-19 11:40:00+05:30,1007.0999755859375,1007.7000122070312,1006.0999755859375,1006.0999755859375,46381
2025-12-19 11:45:00+05:30,1005.7000122070312,1007.7999877929688,1005.4000244140625,1005.7000122070312,43017
2025-12-19 11:50:00+05:30,1006.2000122070312,1006.2999877929688,1005.5,1006.0,13187
2025-12-19 11:55:00+05:30,1005.7999877929688,1006.5,1005.7999877929688,1006.2999877929688,8475
2025-12-19 12:00:00+05:30,1006.2999877929688,1007.0999755859375,1006.0999755859375,1006.7999877929688,13177
2025-12-19 12:05:00+05:30,1006.5999755859375,1007.2000122070312,1006.2999877929688,1007.2000122070312,22074
2025-12-19 12:10:00+05:30,1007.2000122070312,1007.2000122070312,1005.5,1005.5999755859375,45755
2025-12-19 12:15:00+05:30,1006.0,1006.2999877929688,1003.5,1004.2999877929688,22463
2025-12-19 12:20:00+05:30,1004.2999877929688,1005.2000122070312,1003.2999877929688,1004.2999877929688,23321
2025-12-19 12:25:00+05:30,1004.2000122070312,1005.0,1004.0,1004.4000244140625,13489
2025-12-19 12:30:00+05:30,1004.2000122070312,1005.0999755859375,1004.0,1004.4000244140625,19287
2025-12-19 12:35:00+05:30,1004.4000244140625,1005.4000244140625,1004.2000122070312,1005.4000244140625,20674
2025-12-19 12:40:00+05:30,1005.2000122070312,1006.0,1004.5999755859375,1004.5999755859375,21976
2025-12-19 12:45:00+05:30,1004.9000244140625,1005.4000244140625,1004.5,1005.2999877929688,10493
2025-12-19 12:50:00+05:30,1005.2999877929688,1005.5,1005.0,1005.0,27618
2025-12-19 12:55:00+05:30,1005.0,1005.2999877929688,1005.0,1005.2000122070312,59582
2025-12-19 13:00:00+05:30,1005.2000122070312,1005.9000244140625,1005.0,1005.7000122070312,14228
2025-12-19 13:05:00+05:30,1005.7000122070312,1005.9000244140625,1003.0,1003.5,70778
2025-12-19 13:10:00+05:30,1003.5999755859375,1004.0999755859375,1003.0,1003.5999755859375,39931
2025-12-19 13:15:00+05:30,1003.5999755859375,1004.7000122070312,1003.0,1004.7000122070312,25554
2025-12-19 13:20:00+05:30,1004.2000122070312,1005.2000122070312,1004.2000122070312,1004.7999877929688,14365
2025-12-19 13:25:00+05:30,1004.7000122070312,1005.0,1004.2999877929688,1004.7999877929688,9271
2025-12-19 13:30:00+05:30,1004.9000244140625,1006.5999755859375,1004.5999755859375,1006.5999755859375,22550
2025-12-19 13:35:00+05:30,1006.7000122070312,1007.2000122070312,1006.7000122070312,1007.0999755859375,31550
2025-12-19 13:40:00+05:30,1007.2000122070312,1007.5,1007.0,1007.0999755859375,25610
2025-12-19 13:45:00+05:30,1007.0999755859375,1007.4000244140625,1005.7000122070312,1006.0,31616
2025-12-19 13:50:00+05:30,1006.0999755859375,1006.7999877929688,1006.0,1006.2000122070312,15576
2025-12-19 13:55:00+05:30,1006.0999755859375,1006.5,1005.9000244140625,1006.0999755859375,15124
2025-12-19 14:00:00+05:30,1006.2000122070312,1006.4000244140625,1005.9000244140625,1006.0999755859375,56471
2025-12-19 14:05:00+05:30,1006.0,1006.0999755859375,1004.5,1005.0999755859375,25653
2025-12-19 14:10:00+05:30,1004.7999877929688,1006.0,1004.7000122070312,1005.5,17467
2025-12-19 14:15:00+05:30,1005.5999755859375,1005.5999755859375,1005.0,1005.4000244140625,13565
2025-12-19 14:20:00+05:30,1005.4000244140625,1006.0999755859375,1005.2000122070312,1006.0999755859375,22002
2025-12-19 14:25:00+05:30,1006.2000122070312,1006.4000244140625,1005.5,1005.9000244140625,14836
2025-12-19 14:30:00+05:30,1005.9000244140625,1006.2000122070312,1005.5,1005.9000244140625,24303
2025-12-19 14:35:00+05:30,1006.0,1006.2000122070312,1005.7999877929688,1006.0999755859375,32180
2025-12-19 14:40:00+05:30,1006.0,1006.0999755859375,1005.7999877929688,1005.9000244140625,32030
2025-12-19 14:45:00+05:30,1005.7999877929688,1007.0,1005.7999877929688,1006.7000122070312,21294
2025-12-19 14:50:00+05:30,1006.7000122070312,1006.9000244140625,1005.4000244140625,1005.5,39288
2025-12-19 14:55:00+05:30,1005.5999755859375,1006.2000122070312,1005.4000244140625,1005.9000244140625,25391
2025-12-19 15:00:00+05:30,1005.9000244140625,1007.5999755859375,1005.0,1006.7000122070312,443550
2025-12-19 15:05:00+05:30,1006.7999877929688,1008.7999877929688,1006.7000122070312,1008.2999877929688,385031
2025-12-19 15:10:00+05:30,1008.4000244140625,1009.7000122070312,1008.2999877929688,1008.9000244140625,444313
2025-12-19 15:15:00+05:30,1008.9000244140625,1010.0,1008.5,1008.7999877929688,535447
2025-12-19 15:20:00+05:30,1009.2999877929688,1010.7000122070312,1006.4000244140625,1006.7999877929688,648174
2025-12-19 15:25:00+05:30,1006.9000244140625,1009.5,1006.0999755859375,1008.2999877929688,382884
2025-12-22 09:20:00+05:30,1010.4000244140625,1011.5999755859375,1010.0,1011.0999755859375,65028
2025-12-22 09:25:00+05:30,1010.9000244140625,1013.0,1010.7000122070312,1012.4000244140625,98251
2025-12-22 09:30:00+05:30,1013.0,1013.5,1011.5,1013.5,53917
2025-12-22 09:35:00+05:30,1013.0,1013.5,1012.0,1012.5,88326
2025-12-22 09:40:00+05:30,1012.0999755859375,1012.2999877929688,1011.2000122070312,1011.5999755859375,58538
2025-12-22 09:45:00+05:30,1012.0999755859375,1015.2999877929688,1010.0,1010.5999755859375,259059
2025-12-22 09:50:00+05:30,1010.5999755859375,1011.0999755859375,1010.0999755859375,1010.0999755859375,30280
2025-12-22 09:55:00+05:30,1010.0999755859375,1011.7000122070312,1009.2000122070312,1011.7000122070312,43446
2025-12-22 10:00:00+05:30,1011.7999877929688,1012.5999755859375,1011.2000122070312,1012.5,43580
2025-12-22 10:05:00+05:30,1012.7999877929688,1012.7999877929688,1011.5999755859375,1011.7000122070312,17359
2025-12-22 10:10:00+05:30,1011.7999877929688,1012.0,1011.4000244140625,1012.0,24881
2025-12-22 10:15:00+05:30,1011.7999877929688,1012.2000122070312,1010.9000244140625,1011.0,17860
2025-12-22 10:20:00+05:30,1011.0,1011.4000244140625,1010.2000122070312,1010.4000244140625,17616
2025-12-22 10:25:00+05:30,1010.5,1011.2000122070312,1010.2999877929688,1011.0,15335
2025-12-22 10:30:00+05:30,1011.2000122070312,1012.7999877929688,1010.0,1012.7000122070312,56753
2025-12-22 10:35:00+05:30,1012.7000122070312,1013.0,1010.2000122070312,1010.7000122070312,45016
2025-12-22 10:40:00+05:30,1010.5,1010.5,1009.4000244140625,1009.7999877929688,33957
2025-12-22 10:45:00+05:30,1009.7999877929688,1011.5,1009.0,1010.9000244140625,71018
2025-12-22 10:50:00+05:30,1011.0,1011.0,1009.9000244140625,1010.5,20473
2025-12-22 10:55:00+05:30,1010.4000244140625,1010.4000244140625,1009.0999755859375,1009.7999877929688,27218
2025-12-22 11:00:00+05:30,1009.5999755859375,1010.0,1009.4000244140625,1009.5999755859375,12569
2025-12-22 11:05:00+05:30,1009.5999755859375,1009.7999877929688,1008.0,1008.5,63273
2025-12-22 11:10:00+05:30,1008.5999755859375,1008.7999877929688,1007.4000244140625,1007.5,35714
2025-12-22 11:15:00+05:30,1007.5999755859375,1008.0,1006.2000122070312,1006.4000244140625,48808
2025-12-22 11:20:00+05:30,1006.4000244140625,1006.7999877929688,1005.2000122070312,1005.2000122070312,78472
2025-12-22 11:25:00+05:30,1005.5,1008.2000122070312,1005.2000122070312,1008.0,118131
2025-12-22 11:30:00+05:30,1008.0,1008.5999755859375,1007.7999877929688,1008.2000122070312,27010
2025-12-22 11:35:00+05:30,1008.5,1009.0,1008.2000122070312,1008.5,27981
2025-12-22 11:40:00+05:30,1008.7999877929688,1009.2000122070312,1007.7999877929688,1008.5999755859375,23999
2025-12-22 11:45:00+05:30,1008.5999755859375,1009.7999877929688,1008.5999755859375,1009.5,48081
2025-12-22 11:50:00+05:30,1009.5,1010.7999877929688,1009.5,1010.7999877929688,59422
2025-12-22 11:55:00+05:30,1010.2999877929688,1011.0,1008.7999877929688,1009.5,44630
2025-12-22 12:00:00+05:30,1009.2999877929688,1010.4000244140625,1009.2999877929688,1009.9000244140625,21925
2025-12-22 12:05:00+05:30,1009.9000244140625,1010.2999877929688,1009.5,1010.2000122070312,21437
2025-12-22 12:10:00+05:30,1010.0999755859375,1010.0999755859375,1008.5999755859375,1008.5999755859375,41200
2025-12-22 12:15:00+05:30,1009.0999755859375,1009.9000244140625,1008.5,1009.0,16788
2025-12-22 12:20:00+05:30,1009.0999755859375,1009.9000244140625,1008.2999877929688,1008.2999877929688,17964
2025-12-22 12:25:00+05:30,1008.0999755859375,1009.0999755859375,1008.0,1008.2999877929688,20591
2025-12-22 12:30:00+05:30,1008.4000244140625,1008.7999877929688,1008.0999755859375,1008.0999755859375,26410
2025-12-22 12:35:00+05:30,1008.0,1010.0,1008.0,1010.0,28384
2025-12-22 12:40:00+05:30,1009.9000244140625,1010.5,1009.2999877929688,1010.0999755859375,35800
2025-12-22 12:45:00+05:30,1010.0,1010.2000122070312,1009.2999877929688,1009.4000244140625,18376
2025-12-22 12:50:00+05:30,1009.2999877929688,1009.7999877929688,1009.0999755859375,1009.4000244140625,24074
2025-12-22 12:55:00+05:30,1009.4000244140625,1009.9000244140625,1008.5,1008.7999877929688,25091
2025-12-22 13:00:00+05:30,1008.5999755859375,1008.9000244140625,1008.0,1008.7000122070312,16164
2025-12-22 13:05:00+05:30,1008.7999877929688,1008.7999877929688,1008.0,1008.0,28122
2025-12-22 13:10:00+05:30,1008.4000244140625,1008.5999755859375,1008.0,1008.4000244140625,17549
2025-12-22 13:15:00+05:30,1008.5999755859375,1008.5999755859375,1007.7999877929688,1007.9000244140625,19424
2025-12-22 13:20:00+05:30,1007.9000244140625,1008.0,1007.2999877929688,1007.9000244140625,22897
2025-12-22 13:25:00+05:30,1007.5,1009.0,1007.2999877929688,1007.5999755859375,61526
2025-12-22 13:30:00+05:30,1007.5,1007.9000244140625,1007.2000122070312,1007.5,20224
2025-12-22 13:35:00+05:30,1007.4000244140625,1007.7999877929688,1006.5999755859375,1006.7000122070312,27595
2025-12-22 13:40:00+05:30,1006.7000122070312,1007.7000122070312,1006.5,1007.2999877929688,23268
2025-12-22 13:45:00+05:30,1007.4000244140625,1008.0,1007.0999755859375,1007.7000122070312,20042
2025-12-22 13:50:00+05:30,1007.4000244140625,1007.7000122070312,1006.7999877929688,1007.2999877929688,28116
2025-12-22 13:55:00+05:30,1007.0,1007.5999755859375,1006.7999877929688,1006.7999877929688,96053
2025-12-22 14:00:00+05:30,1006.7999877929688,1007.0,1006.2999877929688,1006.4000244140625,58305
2025-12-22 14:05:00+05:30,1006.4000244140625,1006.7000122070312,1006.2000122070312,1006.4000244140625,53743
2025-12-22 14:10:00+05:30,1006.4000244140625,1007.7000122070312,1005.5999755859375,1007.7000122070312,115474
2025-12-22 14:15:00+05:30,1007.7000122070312,1007.7000122070312,1007.0,1007.5,22511
2025-12-22 14:20:00+05:30,1007.2000122070312,1008.2000122070312,1007.0,1008.2000122070312,32739
2025-12-22 14:25:00+05:30,1008.4000244140625,1008.4000244140625,1007.4000244140625,1008.0,34202
2025-12-22 14:30:00+05:30,1008.0,1008.0,1007.0,1007.4000244140625,26651
2025-12-22 14:35:00+05:30,1007.4000244140625,1008.2999877929688,1007.4000244140625,1007.5,87996
2025-12-22 14:40:00+05:30,1007.5999755859375,1008.0999755859375,1007.4000244140625,1007.5999755859375,30544
2025-12-22 14:45:00+05:30,1007.5,1008.2000122070312,1007.2999877929688,1007.4000244140625,37995
2025-12-22 14:50:00+05:30,1007.2999877929688,1007.9000244140625,1007.0999755859375,1007.0999755859375,34528
2025-12-22 14:55:00+05:30,1007.0999755859375,1007.4000244140625,1007.0,1007.0999755859375,27844
2025-12-22 15:00:00+05:30,1007.2000122070312,1008.0999755859375,1007.0999755859375,1007.7999877929688,85405
2025-12-22 15:05:00+05:30,1008.0,1008.5,1007.7000122070312,1007.9000244140625,130989
2025-12-22 15:10:00+05:30,1007.9000244140625,1008.5,1007.5999755859375,1008.4000244140625,122361
2025-12-22 15:15:00+05:30,1008.2999877929688,1008.4000244140625,1007.0,1007.2999877929688,141768
2025-12-22 15:20:00+05:30,1007.5,1008.0,1006.7999877929688,1007.4000244140625,121582
2025-12-22 15:25:00+05:30,1007.7999877929688,1008.0,1006.7999877929688,1007.5,99102
2025-12-23 09:20:00+05:30,1015.0,1016.5999755859375,1014.2999877929688,1015.0,160132
2025-12-23 09:25:00+05:30,1015.2000122070312,1015.7999877929688,1014.2000122070312,1014.5,76116
2025-12-23 09:30:00+05:30,1014.2000122070312,1015.7999877929688,1012.9000244140625,1015.7000122070312,83697
2025-12-23 09:35:00+05:30,1015.5999755859375,1015.7000122070312,1014.7999877929688,1015.2999877929688,70905
2025-12-23 09:40:00+05:30,1015.4000244140625,1016.0,1013.9000244140625,1013.9000244140625,82894
2025-12-23 09:45:00+05:30,1013.7000122070312,1013.9000244140625,1012.2000122070312,1012.7999877929688,67043
2025-12-23 09:50:00+05:30,1012.5999755859375,1013.0,1012.2999877929688,1012.7000122070312,25805
2025-12-23 09:55:00+05:30,1012.9000244140625,1014.0,1012.4000244140625,1013.7999877929688,26210
2025-12-23 10:00:00+05:30,1013.5999755859375,1014.9000244140625,1013.5,1014.0999755859375,35372
2025-12-23 10:05:00+05:30,1014.0,1015.0,1013.2000122070312,1015.0,20196
2025-12-23 10:10:00+05:30,1015.0,1015.5999755859375,1012.0,1012.4000244140625,39097
2025-12-23 10:15:00+05:30,1012.5999755859375,1013.5,1010.9000244140625,1011.0999755859375,44819
2025-12-23 10:20:00+05:30,1011.2999877929688,1011.5,1010.0999755859375,1011.4000244140625,26777
2025-12-23 10:25:00+05:30,1011.4000244140625,1011.7000122070312,1010.4000244140625,1010.7000122070312,27610
2025-12-23 10:30:00+05:30,1011.0999755859375,1012.4000244140625,1010.5,1011.5999755859375,138733
2025-12-23 10:35:00+05:30,1011.9000244140625,1012.0,1010.0,1011.2999877929688,80801
2025-12-23 10:40:00+05:30,1011.2000122070312,1014.5,1010.9000244140625,1013.7000122070312,108656
2025-12-23 10:45:00+05:30,1013.9000244140625,1015.7999877929688,1013.5,1015.0999755859375,178028
2025-12-23 10:50:00+05:30,1015.4000244140625,1018.0,1014.5,1015.7000122070312,278044
2025-12-23 10:55:00+05:30,1015.5999755859375,1016.2000122070312,1014.4000244140625,1015.0999755859375,49793
2025-12-23 11:00:00+05:30,1015.0999755859375,1015.7999877929688,1013.5999755859375,1014.0,42510
2025-12-23 11:05:00+05:30,1014.0,1014.5999755859375,1013.5999755859375,1014.2999877929688,29411
2025-12-23 11:10:00+05:30,1014.5,1014.7000122070312,1012.9000244140625,1013.2999877929688,42170
2025-12-23 11:15:00+05:30,1013.2999877929688,1013.5999755859375,1011.2000122070312,1012.0,46054
2025-12-23 11:20:00+05:30,1012.2000122070312,1012.2000122070312,1010.0999755859375,1011.0,49917
2025-12-23 11:25:00+05:30,1011.0,1011.0,1010.0,1010.5,45409
2025-12-23 11:30:00+05:30,1010.5,1010.7999877929688,1008.5999755859375,1009.2000122070312,41899
2025-12-23 11:35:00+05:30,1009.2999877929688,1009.2999877929688,1007.5999755859375,1007.5999755859375,27513
2025-12-23 11:40:00+05:30,1007.7999877929688,1008.2000122070312,1006.0,1007.7000122070312,47531
2025-12-23 11:45:00+05:30,1007.9000244140625,1007.9000244140625,1006.5999755859375,1007.0999755859375,26774
2025-12-23 11:50:00+05:30,1007.0999755859375,1007.2999877929688,1006.0,1006.5999755859375,33715
2025-12-23 11:55:00+05:30,1007.0,1007.4000244140625,1006.2000122070312,1006.7000122070312,25790
2025-12-23 12:00:00+05:30,1006.7999877929688,1007.5999755859375,1006.7000122070312,1007.0999755859375,20939
2025-12-23 12:05:00+05:30,1007.2000122070312,1007.9000244140625,1006.5999755859375,1007.0999755859375,22739
2025-12-23 12:10:00+05:30,1007.5999755859375,1008.5,1007.2999877929688,1008.2000122070312,28949
2025-12-23 12:15:00+05:30,1008.0999755859375,1008.4000244140625,1007.4000244140625,1008.0,20242
2025-12-23 12:20:00+05:30,1007.9000244140625,1008.5,1007.7000122070312,1008.0999755859375,20270
2025-12-23 12:25:00+05:30,1008.0,1008.5,1007.9000244140625,1008.0,14678
2025-12-23 12:30:00+05:30,1008.2000122070312,1010.5,1008.2000122070312,1010.0999755859375,96671
2025-12-23 12:35:00+05:30,1010.4000244140625,1012.0,1009.5999755859375,1011.7999877929688,89326
2025-12-23 12:40:00+05:30,1011.2999877929688,1012.0,1010.9000244140625,1011.5,60164
2025-12-23 12:45:00+05:30,1011.5,1011.7000122070312,1010.0,1010.2000122070312,15092
2025-12-23 12:50:00+05:30,1010.0999755859375,1011.9000244140625,1009.7999877929688,1011.4000244140625,32807
2025-12-23 12:55:00+05:30,1011.0999755859375,1011.9000244140625,1010.9000244140625,1011.0999755859375,27542
2025-12-23 13:00:00+05:30,1011.0999755859375,1011.9000244140625,1010.5999755859375,1011.5,38666
2025-12-23 13:05:00+05:30,1011.0,1011.0999755859375,1010.2000122070312,1010.7000122070312,20152
2025-12-23 13:10:00+05:30,1010.7999877929688,1011.5999755859375,1010.7000122070312,1011.2000122070312,15269
2025-12-23 13:15:00+05:30,1011.2999877929688,1011.4000244140625,1010.2999877929688,1011.0,22932
2025-12-23 13:20:00+05:30,1010.9000244140625,1011.2999877929688,1010.5,1010.9000244140625,17289
2025-12-23 13:25:00+05:30,1010.9000244140625,1011.2000122070312,1010.2999877929688,1011.2000122070312,19498
2025-12-23 13:30:00+05:30,1011.2000122070312,1011.5999755859375,1010.0,1010.2999877929688,45186
2025-12-23 13:35:00+05:30,1010.2999877929688,1011.0,1010.0,1011.0,20965
2025-12-23 13:40:00+05:30,1011.0,1011.4000244140625,1010.5,1011.0,23024
2025-12-23 13:45:00+05:30,1011.2000122070312,1012.0,1010.7999877929688,1011.9000244140625,15059
2025-12-23 13:50:00+05:30,1011.7000122070312,1013.5,1011.5,1013.5,39354
2025-12-23 13:55:00+05:30,1013.4000244140625,1014.0,1012.5,1013.4000244140625,46751
2025-12-23 14:00:00+05:30,1013.4000244140625,1014.0,1012.0999755859375,1013.7000122070312,44389
2025-12-23 14:05:00+05:30,1013.7000122070312,1013.9000244140625,1013.0,1013.0999755859375,217962
2025-12-23 14:10:00+05:30,1013.5999755859375,1014.0,1013.0999755859375,1013.7000122070312,20337
2025-12-23 14:15:00+05:30,1013.9000244140625,1014.9000244140625,1013.7999877929688,1014.2999877929688,92292
2025-12-23 14:20:00+05:30,1014.2999877929688,1014.7999877929688,1013.2000122070312,1013.2999877929688,38674
2025-12-23 14:25:00+05:30,1013.7999877929688,1014.2999877929688,1012.7000122070312,1013.2000122070312,25464
2025-12-23 14:30:00+05:30,1013.2000122070312,1013.2999877929688,1011.5,1011.7000122070312,31840
2025-12-23 14:35:00+05:30,1011.7999877929688,1011.9000244140625,1011.0999755859375,1011.4000244140625,19489
2025-12-23 14:40:00+05:30,1011.2000122070312,1011.5999755859375,1009.7000122070312,1010.0,88245
2025-12-23 14:45:00+05:30,1010.0,1011.0,1009.2000122070312,1010.4000244140625,57203
2025-12-23 14:50:00+05:30,1010.5,1011.2000122070312,1010.0,1010.5999755859375,31675
2025-12-23 14:55:00+05:30,1011.0999755859375,1011.2000122070312,1010.0,1010.2999877929688,52067
2025-12-23 15:00:00+05:30,1010.7999877929688,1011.5999755859375,1010.0999755859375,1010.2999877929688,132436
2025-12-23 15:05:00+05:30,1010.7999877929688,1012.0,1010.4000244140625,1011.0,185566
2025-12-23 15:10:00+05:30,1011.5,1012.5,1011.0,1012.0999755859375,101888
2025-12-23 15:15:00+05:30,1012.5,1012.7999877929688,1011.0,1011.0,181177
2025-12-23 15:20:00+05:30,1011.2000122070312,1011.5999755859375,1011.2000122070312,1011.5,127739
2025-12-23 15:25:00+05:30,1011.5999755859375,1012.0,1011.5,1012.0,120908
2025-12-24 09:20:00+05:30,1014.5,1020.0,1014.0999755859375,1018.5,176814
2025-12-24 09:25:00+05:30,1018.2000122070312,1023.0999755859375,1018.2000122070312,1022.7999877929688,189439
2025-12-24 09:30:00+05:30,1022.7000122070312,1024.800048828125,1022.7000122070312,1024.0,171318
2025-12-24 09:35:00+05:30,1024.199951171875,1027.0,1024.199951171875,1026.5,225198
2025-12-24 09:40:00+05:30,1026.5,1029.5999755859375,1025.800048828125,1029.4000244140625,142255
2025-12-24 09:45:00+05:30,1029.4000244140625,1034.300048828125,1029.199951171875,1033.5,290006
2025-12-24 09:50:00+05:30,1033.199951171875,1035.5,1031.0,1035.0999755859375,307150
2025-12-24 09:55:00+05:30,1034.699951171875,1035.300048828125,1032.199951171875,1034.5,97006
2025-12-24 10:00:00+05:30,1034.4000244140625,1037.0,1033.9000244140625,1036.800048828125,153361
2025-12-24 10:05:00+05:30,1037.0,1037.0999755859375,1032.699951171875,1033.800048828125,153033
2025-12-24 10:10:00+05:30,1034.0,1037.4000244140625,1033.9000244140625,1036.300048828125,187344
2025-12-24 10:15:00+05:30,1036.300048828125,1036.800048828125,1034.199951171875,1035.300048828125,67149
2025-12-24 10:20:00+05:30,1035.199951171875,1036.4000244140625,1034.5,1034.5,73296
2025-12-24 10:25:00+05:30,1034.5999755859375,1035.699951171875,1033.4000244140625,1034.5,54586
2025-12-24 10:30:00+05:30,1034.5,1035.699951171875,1034.0,1034.699951171875,54181
2025-12-24 10:35:00+05:30,1034.699951171875,1035.699951171875,1034.300048828125,1035.5999755859375,48605
2025-12-24 10:40:00+05:30,1035.5,1037.0,1035.0,1036.5999755859375,87067
2025-12-24 10:45:00+05:30,1036.800048828125,1037.4000244140625,1035.300048828125,1035.5999755859375,76781
2025-12-24 10:50:00+05:30,1035.5999755859375,1035.9000244140625,1035.0,1035.0,49593
2025-12-24 10:55:00+05:30,1035.0999755859375,1035.0999755859375,1033.0,1033.300048828125,69723
2025-12-24 11:00:00+05:30,1033.300048828125,1034.300048828125,1032.4000244140625,1034.0,58799
2025-12-24 11:05:00+05:30,1033.5999755859375,1034.5999755859375,1033.5,1034.0,37909
2025-12-24 11:10:00+05:30,1034.0999755859375,1034.5,1033.0,1033.0,47117
2025-12-24 11:15:00+05:30,1033.300048828125,1034.199951171875,1033.0,1033.5,57187
2025-12-24 11:20:00+05:30,1033.800048828125,1034.699951171875,1033.5999755859375,1033.699951171875,36968
2025-12-24 11:25:00+05:30,1033.9000244140625,1034.9000244140625,1033.5,1034.699951171875,45105
2025-12-24 11:30:00+05:30,1034.0999755859375,1034.0999755859375,1029.0999755859375,1029.9000244140625,124082
2025-12-24 11:35:00+05:30,1029.5,1030.0,1028.0999755859375,1028.5,37831
2025-12-24 11:40:00+05:30,1028.5,1028.699951171875,1027.0,1027.5999755859375,54875
2025-12-24 11:45:00+05:30,1027.4000244140625,1028.300048828125,1027.199951171875,1028.199951171875,27565
2025-12-24 11:50:00+05:30,1028.0,1028.5,1026.300048828125,1026.800048828125,107779
2025-12-24 11:55:00+05:30,1026.800048828125,1027.800048828125,1026.4000244140625,1026.9000244140625,39748
2025-12-24 12:00:00+05:30,1026.699951171875,1027.300048828125,1026.300048828125,1026.5999755859375,14693
2025-12-24 12:05:00+05:30,1026.5999755859375,1027.300048828125,1025.0999755859375,1025.5,35293
2025-12-24 12:10:00+05:30,1025.0999755859375,1025.699951171875,1024.4000244140625,1024.5999755859375,37403
2025-12-24 12:15:00+05:30,1024.5999755859375,1025.199951171875,1023.5,1024.0,45663
2025-12-24 12:20:00+05:30,1023.7000122070312,1025.0,1023.2000122070312,1024.5,57934
2025-12-24 12:25:00+05:30,1024.5999755859375,1026.300048828125,1024.5,1026.199951171875,53837
2025-12-24 12:30:00+05:30,1025.800048828125,1026.199951171875,1025.0,1025.0,42397
2025-12-24 12:35:00+05:30,1025.0999755859375,1025.5,1025.0,1025.4000244140625,26236
2025-12-24 12:40:00+05:30,1025.5,1025.5,1023.0999755859375,1023.0999755859375,32715
2025-12-24 12:45:00+05:30,1023.0999755859375,1023.5,1022.0,1022.4000244140625,33116
2025-12-24 12:50:00+05:30,1022.4000244140625,1023.2000122070312,1021.9000244140625,1022.4000244140625,56335
2025-12-24 12:55:00+05:30,1022.7000122070312,1023.0,1021.4000244140625,1021.4000244140625,50475
2025-12-24 13:00:00+05:30,1021.9000244140625,1021.9000244140625,1020.2000122070312,1020.7999877929688,32535
2025-12-24 13:05:00+05:30,1020.9000244140625,1021.5999755859375,1019.5,1020.0,56354
2025-12-24 13:10:00+05:30,1020.0,1020.5,1019.5,1020.0,33637
2025-12-24 13:15:00+05:30,1020.2000122070312,1020.7999877929688,1020.0,1020.7000122070312,19724
2025-12-24 13:20:00+05:30,1020.7000122070312,1020.7000122070312,1019.0,1019.5,23711
2025-12-24 13:25:00+05:30,1019.5,1019.9000244140625,1019.0,1019.2999877929688,15156
2025-12-24 13:30:00+05:30,1019.2999877929688,1019.9000244140625,1019.0999755859375,1019.5,37088
2025-12-24 13:35:00+05:30,1019.2999877929688,1020.0,1019.2000122070312,1019.7000122070312,14334
2025-12-24 13:40:00+05:30,1019.9000244140625,1020.0,1019.4000244140625,1019.5,15504
2025-12-24 13:45:00+05:30,1019.7000122070312,1020.0,1019.5,1020.0,21414
2025-12-24 13:50:00+05:30,1019.9000244140625,1021.7999877929688,1019.7000122070312,1021.2000122070312,52707
2025-12-24 13:55:00+05:30,1021.2000122070312,1021.5,1019.5999755859375,1020.0,17626
2025-12-24 14:00:00+05:30,1020.0,1020.0,1018.5,1018.5999755859375,36355
2025-12-24 14:05:00+05:30,1018.7000122070312,1019.9000244140625,1018.2999877929688,1019.5999755859375,91005
2025-12-24 14:10:00+05:30,1019.5,1019.9000244140625,1018.2999877929688,1018.7000122070312,42959
2025-12-24 14:15:00+05:30,1018.5999755859375,1019.0,1017.2999877929688,1017.4000244140625,37973
2025-12-24 14:20:00+05:30,1017.5,1017.7000122070312,1016.0999755859375,1016.9000244140625,48530
2025-12-24 14:25:00+05:30,1016.5999755859375,1017.5,1015.7999877929688,1016.0,97682
2025-12-24 14:30:00+05:30,1016.0999755859375,1017.2999877929688,1015.9000244140625,1016.5,39701
2025-12-24 14:35:00+05:30,1016.2999877929688,1016.5,1014.2000122070312,1014.5,82248
2025-12-24 14:40:00+05:30,1014.5,1015.7999877929688,1014.5,1015.7000122070312,55486
2025-12-24 14:45:00+05:30,1015.7000122070312,1016.4000244140625,1015.0999755859375,1015.0999755859375,46553
2025-12-24 14:50:00+05:30,1015.0999755859375,1015.7000122070312,1014.5,1015.7000122070312,54885
2025-12-24 14:55:00+05:30,1015.5,1016.7999877929688,1015.2999877929688,1016.4000244140625,50407
2025-12-24 15:00:00+05:30,1017.2999877929688,1017.9000244140625,1016.5999755859375,1017.0999755859375,58123
2025-12-24 15:05:00+05:30,1017.0999755859375,1018.2999877929688,1016.9000244140625,1018.2999877929688,103469
2025-12-24 15:10:00+05:30,1018.0,1018.2000122070312,1016.0,1016.0999755859375,57149
2025-12-24 15:15:00+05:30,1016.2000122070312,1016.2999877929688,1010.0,1011.7000122070312,195365
2025-12-24 15:20:00+05:30,1011.7999877929688,1011.7999877929688,1010.0999755859375,1010.5,156922
2025-12-24 15:25:00+05:30,1010.5,1011.7000122070312,1006.0,1011.7000122070312,328162
2025-12-26 09:20:00+05:30,1001.7000122070312,1008.7000122070312,1001.0999755859375,1006.4000244140625,216299
2025-12-26 09:25:00+05:30,1006.5999755859375,1009.0,1005.0,1005.7000122070312,128508
2025-12-26 09:30:00+05:30,1005.7000122070312,1006.9000244140625,1004.0999755859375,1004.2000122070312,92534
2025-12-26 09:35:00+05:30,1004.2999877929688,1004.2999877929688,1002.5999755859375,1002.9000244140625,93448
2025-12-26 09:40:00+05:30,1002.2999877929688,1005.4000244140625,1001.5999755859375,1004.7000122070312,103199
2025-12-26 09:45:00+05:30,1004.2000122070312,1005.2000122070312,1002.5999755859375,1004.2999877929688,106379
2025-12-26 09:50:00+05:30,1004.4000244140625,1005.0,1003.7000122070312,1003.7000122070312,67661
2025-12-26 09:55:00+05:30,1004.2000122070312,1006.0999755859375,1004.2000122070312,1005.4000244140625,62791
2025-12-26 10:00:00+05:30,1005.5,1005.5,1003.5999755859375,1004.0999755859375,73270
2025-12-26 10:05:00+05:30,1004.0999755859375,1005.0999755859375,1002.5,1002.5,108515
2025-12-26 10:10:00+05:30,1002.5,1003.5,1002.0,1002.7000122070312,62591
2025-12-26 10:15:00+05:30,1002.9000244140625,1003.0999755859375,1002.2000122070312,1002.2999877929688,70297
2025-12-26 10:20:00+05:30,1002.2999877929688,1002.5,1001.4000244140625,1002.4000244140625,83667
2025-12-26 10:25:00+05:30,1002.5,1003.7000122070312,1002.0999755859375,1003.5,47424
2025-12-26 10:30:00+05:30,1003.4000244140625,1005.0999755859375,1003.2999877929688,1005.0,69112
2025-12-26 10:35:00+05:30,1005.0,1005.0999755859375,1003.5,1004.7000122070312,64934
2025-12-26 10:40:00+05:30,1004.9000244140625,1005.7999877929688,1003.7999877929688,1004.7999877929688,85775
2025-12-26 10:45:00+05:30,1004.9000244140625,1005.0,1003.0,1003.5,40735
2025-12-26 10:50:00+05:30,1003.5999755859375,1005.2999877929688,1002.7000122070312,1005.0,50999
2025-12-26 10:55:00+05:30,1005.0999755859375,1005.2000122070312,1004.0,1004.5999755859375,28228
2025-12-26 11:00:00+05:30,1004.9000244140625,1004.9000244140625,1004.0,1004.0,46220
2025-12-26 11:05:00+05:30,1004.0999755859375,1006.0,1004.0,1006.0,75716
2025-12-26 11:10:00+05:30,1005.5,1006.5999755859375,1005.0999755859375,1005.7999877929688,35451
2025-12-26 11:15:00+05:30,1005.7999877929688,1006.7000122070312,1005.2999877929688,1005.5,26920
2025-12-26 11:20:00+05:30,1005.5,1006.7000122070312,1005.5,1005.7999877929688,26252
2025-12-26 11:25:00+05:30,1006.0,1007.5999755859375,1005.7999877929688,1006.7000122070312,41515
2025-12-26 11:30:00+05:30,1007.0,1007.0,1005.4000244140625,1005.5,15869
2025-12-26 11:35:00+05:30,1005.5999755859375,1006.2999877929688,1005.2000122070312,1006.0999755859375,8405
2025-12-26 11:40:00+05:30,1006.2999877929688,1007.2999877929688,1006.2999877929688,1006.7000122070312,14544
2025-12-26 11:45:00+05:30,1006.9000244140625,1006.9000244140625,1004.0999755859375,1004.4000244140625,56706
2025-12-26 11:50:00+05:30,1004.9000244140625,1006.2000122070312,1004.0,1006.0,51375
2025-12-26 11:55:00+05:30,1006.0,1006.2999877929688,1004.0,1004.4000244140625,20667
2025-12-26 12:00:00+05:30,1004.0,1005.2999877929688,1003.4000244140625,1004.4000244140625,100793
2025-12-26 12:05:00+05:30,1004.5999755859375,1005.0,1003.9000244140625,1004.9000244140625,18901
2025-12-26 12:10:00+05:30,1004.7999877929688,1005.4000244140625,1004.0,1004.7000122070312,94997
2025-12-26 12:15:00+05:30,1005.2000122070312,1005.7000122070312,1004.0999755859375,1005.2000122070312,134840
2025-12-26 12:20:00+05:30,1004.7999877929688,1005.2000122070312,1003.0,1003.4000244140625,95734
2025-12-26 12:25:00+05:30,1003.2000122070312,1003.9000244140625,1002.7999877929688,1003.2000122070312,35890
2025-12-26 12:30:00+05:30,1003.4000244140625,1003.4000244140625,1002.2000122070312,1003.0,57346
2025-12-26 12:35:00+05:30,1002.7999877929688,1002.9000244140625,1000.5999755859375,1000.7999877929688,80011
2025-12-26 12:40:00+05:30,1001.2000122070312,1001.2000122070312,999.7000122070312,1000.2999877929688,112253
2025-12-26 12:45:00+05:30,1000.0999755859375,1000.5,999.7000122070312,1000.0,19626
2025-12-26 12:50:00+05:30,1000.0999755859375,1001.4000244140625,1000.0,1000.5999755859375,23113
2025-12-26 12:55:00+05:30,1001.0999755859375,1001.5,1000.5999755859375,1001.4000244140625,20921
2025-12-26 13:00:00+05:30,1001.4000244140625,1001.7999877929688,1001.0,1001.5,17907
2025-12-26 13:05:00+05:30,1001.2999877929688,1001.5,1000.2000122070312,1000.9000244140625,169681
2025-12-26 13:10:00+05:30,1001.2999877929688,1001.4000244140625,1000.0,1000.2000122070312,203157
2025-12-26 13:15:00+05:30,1000.2999877929688,1000.7000122070312,1000.0,1000.0,49390
2025-12-26 13:20:00+05:30,1000.0,1000.9000244140625,999.7999877929688,1000.2000122070312,95493
2025-12-26 13:25:00+05:30,1000.2000122070312,1001.0,999.9000244140625,1000.2000122070312,70972
2025-12-26 13:30:00+05:30,1000.2000122070312,1000.7000122070312,999.5999755859375,1000.0,42045
2025-12-26 13:35:00+05:30,1000.2000122070312,1000.2999877929688,999.5999755859375,1000.0,14657
2025-12-26 13:40:00+05:30,1000.0,1000.4000244140625,999.7999877929688,1000.0999755859375,14903
2025-12-26 13:45:00+05:30,1000.0,1000.5999755859375,999.9000244140625,1000.0999755859375,25770
2025-12-26 13:50:00+05:30,1000.0999755859375,1000.7000122070312,999.9000244140625,1000.5,26475
2025-12-26 13:55:00+05:30,1000.0,1000.5999755859375,999.9000244140625,1000.2999877929688,63845
2025-12-26 14:00:00+05:30,1000.0,1000.9000244140625,999.7000122070312,1000.7000122070312,60457
2025-12-26 14:05:00+05:30,1000.7000122070312,1000.7999877929688,999.9000244140625,1000.0,55619
2025-12-26 14:10:00+05:30,1000.0,1000.4000244140625,999.7000122070312,1000.4000244140625,21868
2025-12-26 14:15:00+05:30,1000.0,1000.5,998.7000122070312,999.0,74538
2025-12-26 14:20:00+05:30,999.0,999.5,998.5,999.0,38873
2025-12-26 14:25:00+05:30,998.9000244140625,999.5999755859375,998.9000244140625,999.5999755859375,75544
2025-12-26 14:30:00+05:30,999.5,999.9000244140625,999.2000122070312,999.9000244140625,14605
2025-12-26 14:35:00+05:30,999.9000244140625,1000.2999877929688,999.5,1000.2000122070312,19129
2025-12-26 14:40:00+05:30,999.7000122070312,1000.5,999.7000122070312,999.9000244140625,23618
2025-12-26 14:45:00+05:30,1000.2999877929688,1000.5,999.7000122070312,1000.0999755859375,27929
2025-12-26 14:50:00+05:30,1000.0999755859375,1000.0999755859375,999.0999755859375,999.5,28151
2025-12-26 14:55:00+05:30,999.5,1000.0,999.2000122070312,999.7999877929688,40822
2025-12-26 15:00:00+05:30,999.9000244140625,1001.5999755859375,999.9000244140625,1000.2999877929688,94009
2025-12-26 15:05:00+05:30,1000.0999755859375,1000.7999877929688,999.7999877929688,1000.4000244140625,83700
2025-12-26 15:10:00+05:30,1000.2999877929688,1000.9000244140625,999.9000244140625,1000.0999755859375,134844
2025-12-26 15:15:00+05:30,1000.5999755859375,1000.7999877929688,999.5,1000.0,112211
2025-12-26 15:20:00+05:30,999.9000244140625,1000.0,999.4000244140625,999.5,69491
2025-12-26 15:25:00+05:30,999.7000122070312,1000.0,998.2000122070312,998.5,139128
2025-12-29 09:20:00+05:30,999.0999755859375,1000.0,998.2000122070312,999.7000122070312,65813
2025-12-29 09:25:00+05:30,999.5,1000.7000122070312,999.4000244140625,1000.5999755859375,80986
2025-12-29 09:30:00+05:30,1000.2000122070312,1000.9000244140625,999.5,1000.0,61392
2025-12-29 09:35:00+05:30,999.7999877929688,1000.7000122070312,999.7999877929688,1000.0,33258
2025-12-29 09:40:00+05:30,1000.0,1000.9000244140625,999.7999877929688,1000.5999755859375,24615
2025-12-29 09:45:00+05:30,1000.5999755859375,1001.2000122070312,1000.5,1001.2000122070312,31382
2025-12-29 09:50:00+05:30,1001.4000244140625,1001.4000244140625,998.7000122070312,998.7999877929688,52994
2025-12-29 09:55:00+05:30,998.7999877929688,999.0999755859375,996.5999755859375,996.5999755859375,48776
2025-12-29 10:00:00+05:30,996.4000244140625,998.7000122070312,996.4000244140625,997.7999877929688,33195
2025-12-29 10:05:00+05:30,997.7000122070312,999.0999755859375,997.2000122070312,998.7999877929688,35561
2025-12-29 10:10:00+05:30,998.7000122070312,999.0,997.4000244140625,997.5,30835
2025-12-29 10:15:00+05:30,997.4000244140625,997.5,996.5999755859375,996.5999755859375,43378
2025-12-29 10:20:00+05:30,996.5,996.5,994.0,995.2000122070312,79170
2025-12-29 10:25:00+05:30,995.0,995.5999755859375,994.2999877929688,995.0,33151
2025-12-29 10:30:00+05:30,994.9000244140625,995.0,994.2000122070312,995.0,39432
2025-12-29 10:35:00+05:30,995.4000244140625,995.4000244140625,994.7999877929688,995.0,26426
2025-12-29 10:40:00+05:30,995.0,995.0,993.4000244140625,993.5,26918
2025-12-29 10:45:00+05:30,993.9000244140625,994.7000122070312,993.5,994.2000122070312,24405
2025-12-29 10:50:00+05:30,994.7999877929688,994.7999877929688,992.7999877929688,994.0,75760
2025-12-29 10:55:00+05:30,994.0,995.4000244140625,994.0,994.5,46085
2025-12-29 11:00:00+05:30,994.4000244140625,994.4000244140625,992.2000122070312,992.4000244140625,74343
2025-12-29 11:05:00+05:30,992.5,992.5,991.0999755859375,991.7000122070312,114312
2025-12-29 11:10:00+05:30,991.5,991.7000122070312,990.9000244140625,990.9000244140625,48466
2025-12-29 11:15:00+05:30,990.9000244140625,991.4000244140625,990.2000122070312,990.7999877929688,66098
2025-12-29 11:20:00+05:30,990.7999877929688,991.0999755859375,990.0999755859375,990.0999755859375,43915
2025-12-29 11:25:00+05:30,990.0999755859375,991.2999877929688,990.0,990.9000244140625,69760
2025-12-29 11:30:00+05:30,991.0,991.9000244140625,990.5999755859375,991.4000244140625,53621
2025-12-29 11:35:00+05:30,991.7999877929688,992.4000244140625,991.0,992.2000122070312,82352
2025-12-29 11:40:00+05:30,992.2000122070312,993.2000122070312,992.2000122070312,992.7999877929688,45417
2025-12-29 11:45:00+05:30,992.7999877929688,994.5,992.5999755859375,994.5,42854
2025-12-29 11:50:00+05:30,994.2000122070312,996.2999877929688,993.2999877929688,996.0999755859375,56589
2025-12-29 11:55:00+05:30,996.0999755859375,996.2999877929688,995.4000244140625,996.2000122070312,22929
2025-12-29 12:00:00+05:30,996.0999755859375,996.4000244140625,995.4000244140625,995.5,20485
2025-12-29 12:05:00+05:30,995.5,995.9000244140625,995.0,995.7000122070312,27182
2025-12-29 12:10:00+05:30,995.7999877929688,996.2000122070312,995.2999877929688,995.7000122070312,19905
2025-12-29 12:15:00+05:30,995.2999877929688,995.7999877929688,995.0,995.2999877929688,21101
2025-12-29 12:20:00+05:30,995.2000122070312,996.0,995.0,995.5,23186
2025-12-29 12:25:00+05:30,995.2000122070312,996.2999877929688,995.0,996.2000122070312,20405
2025-12-29 12:30:00+05:30,996.2000122070312,996.2999877929688,994.0999755859375,994.4000244140625,61715
2025-12-29 12:35:00+05:30,994.4000244140625,995.2999877929688,993.5999755859375,994.0999755859375,276197
2025-12-29 12:40:00+05:30,994.2999877929688,995.0,993.0999755859375,993.7000122070312,51611
2025-12-29 12:45:00+05:30,993.7000122070312,993.9000244140625,991.7000122070312,992.5,116971
2025-12-29 12:50:00+05:30,992.2999877929688,993.7000122070312,992.2999877929688,993.5999755859375,44794
2025-12-29 12:55:00+05:30,993.2999877929688,995.0,993.0,994.2999877929688,48067
2025-12-29 13:00:00+05:30,994.7999877929688,995.4000244140625,993.9000244140625,994.5999755859375,54701
2025-12-29 13:05:00+05:30,994.2000122070312,994.5999755859375,993.4000244140625,994.0,74166
2025-12-29 13:10:00+05:30,993.7999877929688,994.0,992.9000244140625,992.9000244140625,72105
2025-12-29 13:15:00+05:30,993.2999877929688,993.5,992.4000244140625,993.0,19882
2025-12-29 13:20:00+05:30,993.0,993.9000244140625,992.5999755859375,993.5,110933
2025-12-29 13:25:00+05:30,993.5,993.9000244140625,993.0999755859375,993.7999877929688,17120
2025-12-29 13:30:00+05:30,993.5999755859375,993.7999877929688,993.0,993.2999877929688,22393
2025-12-29 13:35:00+05:30,993.2000122070312,993.5,992.7000122070312,993.0,42735
2025-12-29 13:40:00+05:30,993.0,993.2999877929688,992.5,993.0,107596
2025-12-29 13:45:00+05:30,993.0,993.0,992.5,992.5999755859375,31856
2025-12-29 13:50:00+05:30,992.9000244140625,992.9000244140625,992.2999877929688,992.5,31619
2025-12-29 13:55:00+05:30,992.5,993.0,992.0,992.0,53674
2025-12-29 14:00:00+05:30,992.0,992.4000244140625,990.9000244140625,991.5,71762
2025-12-29 14:05:00+05:30,991.0999755859375,992.0,990.5999755859375,990.9000244140625,75188
2025-12-29 14:10:00+05:30,991.2000122070312,991.5,990.5,990.5,41359
2025-12-29 14:15:00+05:30,990.5999755859375,991.4000244140625,990.0999755859375,990.0999755859375,112497
2025-12-29 14:20:00+05:30,990.0999755859375,992.0999755859375,990.0,991.7999877929688,56277
2025-12-29 14:25:00+05:30,991.7999877929688,993.0,991.7000122070312,991.7000122070312,88455
2025-12-29 14:30:00+05:30,992.0999755859375,992.7999877929688,991.2999877929688,992.4000244140625,24966
2025-12-29 14:35:00+05:30,992.4000244140625,992.5999755859375,991.0999755859375,992.0,204164
2025-12-29 14:40:00+05:30,991.7999877929688,996.0999755859375,991.7999877929688,995.7000122070312,231971
2025-12-29 14:45:00+05:30,996.2999877929688,997.7999877929688,995.0999755859375,996.5999755859375,272939
2025-12-29 14:50:00+05:30,997.0999755859375,997.7000122070312,995.7000122070312,996.4000244140625,280377
2025-12-29 14:55:00+05:30,996.5,997.0999755859375,995.4000244140625,996.5,337229
2025-12-29 15:00:00+05:30,996.5999755859375,997.2000122070312,994.7999877929688,995.5999755859375,312184
2025-12-29 15:05:00+05:30,996.2000122070312,997.5,994.9000244140625,996.9000244140625,300418
2025-12-29 15:10:00+05:30,997.0,999.7999877929688,997.0,999.0999755859375,323000
2025-12-29 15:15:00+05:30,998.7000122070312,999.7000122070312,998.2000122070312,999.2000122070312,333766
2025-12-29 15:20:00+05:30,999.4000244140625,999.7999877929688,998.5,999.2000122070312,315794
2025-12-29 15:25:00+05:30,999.2000122070312,999.5,997.2000122070312,998.0999755859375,134407
2025-12-30 09:20:00+05:30,995.4000244140625,995.7999877929688,994.2999877929688,995.5,45199
2025-12-30 09:25:00+05:30,995.5,995.5,993.4000244140625,993.5,34032
2025-12-30 09:30:00+05:30,994.0,994.0,993.2000122070312,993.9000244140625,32884
2025-12-30 09:35:00+05:30,993.7000122070312,994.7999877929688,993.0999755859375,994.2000122070312,47404
2025-12-30 09:40:00+05:30,994.0999755859375,994.5999755859375,993.7999877929688,994.5999755859375,86710
2025-12-30 09:45:00+05:30,994.2000122070312,994.5999755859375,993.0,993.5,26131
2025-12-30 09:50:00+05:30,993.5,994.0,993.2000122070312,994.0,13527
2025-12-30 09:55:00+05:30,994.2000122070312,995.4000244140625,994.0999755859375,994.9000244140625,43197
2025-12-30 10:00:00+05:30,995.0,995.0,993.7000122070312,994.0999755859375,31291
2025-12-30 10:05:00+05:30,994.0999755859375,994.0999755859375,993.2999877929688,993.2999877929688,28184
2025-12-30 10:10:00+05:30,993.5,993.5999755859375,992.2000122070312,992.5,34466
2025-12-30 10:15:00+05:30,992.4000244140625,993.5999755859375,992.4000244140625,993.5999755859375,30260
2025-12-30 10:20:00+05:30,993.5999755859375,993.9000244140625,992.0,992.4000244140625,40228
2025-12-30 10:25:00+05:30,992.2000122070312,992.7000122070312,991.5999755859375,991.7999877929688,36371
2025-12-30 10:30:00+05:30,992.0,992.9000244140625,992.0,992.5999755859375,30726
2025-12-30 10:35:00+05:30,992.5999755859375,993.2000122070312,992.2999877929688,992.7000122070312,69251
2025-12-30 10:40:00+05:30,992.7000122070312,993.0999755859375,991.2000122070312,991.7000122070312,43060
2025-12-30 10:45:00+05:30,991.5,992.0999755859375,990.9000244140625,991.9000244140625,51285
2025-12-30 10:50:00+05:30,991.9000244140625,992.2000122070312,991.0999755859375,991.2999877929688,24561
2025-12-30 10:55:00+05:30,991.2999877929688,992.2000122070312,991.2999877929688,991.5,24863
2025-12-30 11:00:00+05:30,991.5999755859375,992.2000122070312,991.5,992.0,31486
2025-12-30 11:05:00+05:30,992.0,992.2999877929688,991.4000244140625,991.7999877929688,22690
2025-12-30 11:10:00+05:30,991.7999877929688,992.0,991.5,991.7999877929688,22134
2025-12-30 11:15:00+05:30,991.7999877929688,993.5,991.7999877929688,992.5999755859375,49712
2025-12-30 11:20:00+05:30,992.5999755859375,993.0999755859375,992.2000122070312,992.5,16449
2025-12-30 11:25:00+05:30,993.0999755859375,993.2999877929688,991.5,992.5999755859375,46167
2025-12-30 11:30:00+05:30,992.5999755859375,993.2000122070312,991.9000244140625,992.0,19730
2025-12-30 11:35:00+05:30,992.2999877929688,993.0,991.5999755859375,991.5999755859375,65279
2025-12-30 11:40:00+05:30,991.7999877929688,992.2000122070312,991.4000244140625,991.7999877929688,26080
2025-12-30 11:45:00+05:30,992.2000122070312,992.2000122070312,991.5999755859375,991.7000122070312,40125
2025-12-30 11:50:00+05:30,991.9000244140625,992.0,991.5999755859375,991.7999877929688,43246
2025-12-30 11:55:00+05:30,992.0,992.2000122070312,991.4000244140625,991.4000244140625,29755
2025-12-30 12:00:00+05:30,991.5999755859375,992.2000122070312,991.4000244140625,991.7000122070312,110839
2025-12-30 12:05:00+05:30,991.7000122070312,992.2000122070312,991.5,991.5,49845
2025-12-30 12:10:00+05:30,991.5999755859375,991.5999755859375,990.2999877929688,990.4000244140625,58706
2025-12-30 12:15:00+05:30,990.2999877929688,991.9000244140625,990.2000122070312,991.0,111805
2025-12-30 12:20:00+05:30,991.0,991.4000244140625,990.2999877929688,990.5,27254
2025-12-30 12:25:00+05:30,990.5999755859375,991.7000122070312,990.0999755859375,990.4000244140625,43051
2025-12-30 12:30:00+05:30,990.9000244140625,992.0999755859375,990.4000244140625,991.7000122070312,80151
2025-12-30 12:35:00+05:30,991.9000244140625,991.9000244140625,990.4000244140625,990.4000244140625,73577
2025-12-30 12:40:00+05:30,990.5,991.0999755859375,990.5,990.5,69824
2025-12-30 12:45:00+05:30,990.5999755859375,990.7000122070312,990.0,990.2999877929688,83990
2025-12-30 12:50:00+05:30,990.2999877929688,992.4000244140625,990.0,990.0,239409
2025-12-30 12:55:00+05:30,989.9000244140625,990.7999877929688,989.4000244140625,990.5,414369
2025-12-30 13:00:00+05:30,990.5999755859375,990.7999877929688,989.2000122070312,989.2000122070312,72294
2025-12-30 13:05:00+05:30,989.5,989.7000122070312,989.0,989.0,61424
2025-12-30 13:10:00+05:30,989.0,989.9000244140625,989.0,989.7000122070312,91701
2025-12-30 13:15:00+05:30,990.0,990.0,989.4000244140625,989.5,30084
2025-12-30 13:20:00+05:30,989.5,989.9000244140625,988.7000122070312,989.5999755859375,31636
2025-12-30 13:25:00+05:30,989.5999755859375,989.5999755859375,988.5999755859375,988.5999755859375,21418
2025-12-30 13:30:00+05:30,988.7000122070312,990.0,988.5999755859375,989.4000244140625,54673
2025-12-30 13:35:00+05:30,989.4000244140625,990.0999755859375,989.2000122070312,989.7999877929688,28676
2025-12-30 13:40:00+05:30,989.7000122070312,991.2000122070312,989.7000122070312,990.0,349119
2025-12-30 13:45:00+05:30,989.9000244140625,991.2999877929688,989.9000244140625,990.5999755859375,766922
2025-12-30 13:50:00+05:30,990.5999755859375,991.5,989.2999877929688,989.7999877929688,88000
2025-12-30 13:55:00+05:30,990.0,990.0,988.5,988.9000244140625,76973
2025-12-30 14:00:00+05:30,988.9000244140625,989.0,987.9000244140625,988.5999755859375,44065
2025-12-30 14:05:00+05:30,988.5999755859375,988.9000244140625,988.4000244140625,988.5999755859375,25182
2025-12-30 14:10:00+05:30,988.7000122070312,990.0999755859375,988.2999877929688,990.0999755859375,41586
2025-12-30 14:15:00+05:30,990.0999755859375,990.4000244140625,989.0999755859375,989.0999755859375,64950
2025-12-30 14:20:00+05:30,989.5999755859375,989.9000244140625,988.2000122070312,988.7000122070312,36467
2025-12-30 14:25:00+05:30,988.7000122070312,988.7000122070312,987.2000122070312,987.2000122070312,90303
2025-12-30 14:30:00+05:30,987.2999877929688,988.9000244140625,987.2000122070312,988.7999877929688,28993
2025-12-30 14:35:00+05:30,988.7999877929688,989.2999877929688,987.7999877929688,989.0,37945
2025-12-30 14:40:00+05:30,989.0999755859375,990.0999755859375,988.9000244140625,989.5999755859375,51549
2025-12-30 14:45:00+05:30,989.5,990.0999755859375,988.9000244140625,990.0999755859375,50196
2025-12-30 14:50:00+05:30,990.0999755859375,990.5999755859375,989.2000122070312,989.7000122070312,114409
2025-12-30 14:55:00+05:30,989.7000122070312,989.7000122070312,988.7999877929688,989.2999877929688,82813
2025-12-30 15:00:00+05:30,989.2000122070312,989.2000122070312,987.7000122070312,988.5999755859375,312883
2025-12-30 15:05:00+05:30,988.5999755859375,989.5,987.9000244140625,989.0,371199
2025-12-30 15:10:00+05:30,989.0,990.4000244140625,988.5,989.7000122070312,391735
2025-12-30 15:15:00+05:30,989.5999755859375,990.0,989.0,989.2000122070312,391740
2025-12-30 15:20:00+05:30,989.0999755859375,990.0,988.2999877929688,990.0,317596
2025-12-30 15:25:00+05:30,989.9000244140625,991.0,989.2999877929688,991.0,660527
2025-12-31 09:20:00+05:30,989.2999877929688,989.7999877929688,985.0,985.0,134548
2025-12-31 09:25:00+05:30,985.0,987.7000122070312,983.5,986.7000122070312,145001
2025-12-31 09:30:00+05:30,986.7000122070312,987.9000244140625,986.0,987.2999877929688,63376
2025-12-31 09:35:00+05:30,987.0,987.5,986.2000122070312,987.2999877929688,68508
2025-12-31 09:40:00+05:30,987.0999755859375,987.2000122070312,983.0999755859375,983.2999877929688,113374
2025-12-31 09:45:00+05:30,983.2999877929688,985.0,983.0999755859375,983.5,73879
2025-12-31 09:50:00+05:30,983.7999877929688,984.7000122070312,983.5999755859375,984.0,31109
2025-12-31 09:55:00+05:30,983.7000122070312,984.7000122070312,982.5,983.4000244140625,184360
2025-12-31 10:00:00+05:30,983.2999877929688,983.7000122070312,982.0999755859375,982.4000244140625,56214
2025-12-31 10:05:00+05:30,982.2999877929688,983.7000122070312,982.2000122070312,983.4000244140625,50215
2025-12-31 10:10:00+05:30,983.2999877929688,985.0,983.2999877929688,984.9000244140625,63343
2025-12-31 10:15:00+05:30,984.7999877929688,985.7000122070312,984.4000244140625,984.7999877929688,135545
2025-12-31 10:20:00+05:30,984.5999755859375,984.5999755859375,983.0,983.7000122070312,107958
2025-12-31 10:25:00+05:30,983.5999755859375,983.7000122070312,982.9000244140625,983.5999755859375,40134
2025-12-31 10:30:00+05:30,983.5,985.0,983.4000244140625,984.5999755859375,81394
2025-12-31 10:35:00+05:30,984.5999755859375,985.0,982.7999877929688,983.4000244140625,150592
2025-12-31 10:40:00+05:30,983.5,984.2999877929688,983.0999755859375,984.0,118747
2025-12-31 10:45:00+05:30,984.0999755859375,984.2999877929688,983.2000122070312,983.9000244140625,57442
2025-12-31 10:50:00+05:30,983.9000244140625,983.9000244140625,983.0,983.0999755859375,118425
2025-12-31 10:55:00+05:30,983.0999755859375,983.5,982.5,982.5999755859375,117074
2025-12-31 11:00:00+05:30,982.5999755859375,983.2000122070312,981.2999877929688,982.0999755859375,150644
2025-12-31 11:05:00+05:30,982.2000122070312,982.5,980.4000244140625,981.2999877929688,122548
2025-12-31 11:10:00+05:30,981.2999877929688,982.0999755859375,980.5999755859375,981.0999755859375,163735
2025-12-31 11:15:00+05:30,981.0,981.7999877929688,980.2999877929688,981.2999877929688,60498
2025-12-31 11:20:00+05:30,981.4000244140625,981.5,980.2000122070312,981.0,98662
2025-12-31 11:25:00+05:30,980.7999877929688,981.2000122070312,980.0999755859375,981.0,92327
2025-12-31 11:30:00+05:30,980.9000244140625,981.0,980.5999755859375,980.9000244140625,72635
2025-12-31 11:35:00+05:30,981.0,981.0,980.5,980.9000244140625,140667
2025-12-31 11:40:00+05:30,980.9000244140625,981.0,979.4000244140625,979.7999877929688,392364
2025-12-31 11:45:00+05:30,980.0,980.0999755859375,978.7000122070312,978.9000244140625,391007
2025-12-31 11:50:00+05:30,978.9000244140625,983.9000244140625,978.5999755859375,983.4000244140625,319184
2025-12-31 11:55:00+05:30,983.5999755859375,983.7999877929688,981.4000244140625,981.5999755859375,138245
2025-12-31 12:00:00+05:30,981.5999755859375,981.9000244140625,980.0,980.2000122070312,59249
2025-12-31 12:05:00+05:30,980.0,981.0,979.5999755859375,980.7000122070312,92169
2025-12-31 12:10:00+05:30,980.5999755859375,981.5999755859375,980.0,980.0999755859375,124054
2025-12-31 12:15:00+05:30,980.4000244140625,981.0,980.2999877929688,980.9000244140625,62410
2025-12-31 12:20:00+05:30,981.0,981.5999755859375,980.5999755859375,981.2999877929688,94669
2025-12-31 12:25:00+05:30,981.2999877929688,981.4000244140625,980.0,981.2999877929688,85151
2025-12-31 12:30:00+05:30,981.2999877929688,982.5,981.2000122070312,982.4000244140625,173235
2025-12-31 12:35:00+05:30,982.2000122070312,982.5,981.9000244140625,982.4000244140625,87931
2025-12-31 12:40:00+05:30,982.4000244140625,985.2999877929688,981.9000244140625,984.9000244140625,238063
2025-12-31 12:45:00+05:30,984.9000244140625,985.0,983.2999877929688,984.7000122070312,100229
2025-12-31 12:50:00+05:30,984.5999755859375,985.0,984.0,985.0,190030
2025-12-31 12:55:00+05:30,984.9000244140625,985.0,984.0,984.0999755859375,397337
2025-12-31 13:00:00+05:30,984.0,984.5,983.2000122070312,983.7999877929688,91748
2025-12-31 13:05:00+05:30,983.7999877929688,985.0,983.7999877929688,985.0,111739
2025-12-31 13:10:00+05:30,984.9000244140625,987.4000244140625,984.7999877929688,987.2000122070312,486009
2025-12-31 13:15:00+05:30,987.0999755859375,987.2000122070312,985.9000244140625,986.2000122070312,97193
2025-12-31 13:20:00+05:30,986.2000122070312,987.2999877929688,986.0,986.5,74212
2025-12-31 13:25:00+05:30,986.5,986.7999877929688,985.7999877929688,986.0999755859375,134984
2025-12-31 13:30:00+05:30,986.0999755859375,987.5,986.0,987.2999877929688,117669
2025-12-31 13:35:00+05:30,986.7000122070312,987.0,986.0,986.2999877929688,75862
2025-12-31 13:40:00+05:30,986.0999755859375,988.2999877929688,986.0,987.2999877929688,106376
2025-12-31 13:45:00+05:30,987.2999877929688,987.5,986.0,986.0,67079
2025-12-31 13:50:00+05:30,986.0,986.9000244140625,986.0,986.4000244140625,59730
2025-12-31 13:55:00+05:30,986.4000244140625,987.5999755859375,986.0999755859375,987.2000122070312,101763
2025-12-31 14:00:00+05:30,987.0,987.2000122070312,984.7000122070312,985.0999755859375,137939
2025-12-31 14:05:00+05:30,984.9000244140625,985.5,984.0999755859375,984.9000244140625,50458
2025-12-31 14:10:00+05:30,984.9000244140625,985.4000244140625,983.7999877929688,985.2000122070312,79195
2025-12-31 14:15:00+05:30,985.2000122070312,985.2000122070312,984.0,984.2999877929688,67429
2025-12-31 14:20:00+05:30,984.2999877929688,985.2000122070312,984.2000122070312,984.7000122070312,84448
2025-12-31 14:25:00+05:30,984.7000122070312,985.5999755859375,984.5999755859375,985.0999755859375,44422
2025-12-31 14:30:00+05:30,985.2999877929688,986.7000122070312,984.5999755859375,984.5999755859375,178303
2025-12-31 14:35:00+05:30,984.5999755859375,985.0,984.0,984.9000244140625,103699
2025-12-31 14:40:00+05:30,984.7999877929688,985.0999755859375,984.7000122070312,985.0,172691
2025-12-31 14:45:00+05:30,984.9000244140625,988.0,984.7999877929688,988.0,212836
2025-12-31 14:50:00+05:30,988.0,988.2000122070312,986.9000244140625,988.2000122070312,76651
2025-12-31 14:55:00+05:30,988.2000122070312,988.2999877929688,987.0,987.4000244140625,77636
2025-12-31 15:00:00+05:30,987.7999877929688,988.4000244140625,987.0,987.2999877929688,246889
2025-12-31 15:05:00+05:30,987.4000244140625,987.5999755859375,986.0999755859375,987.0,145510
2025-12-31 15:10:00+05:30,986.9000244140625,987.0,986.2999877929688,986.5,138921
2025-12-31 15:15:00+05:30,986.5999755859375,987.5,986.4000244140625,986.7999877929688,209289
2025-12-31 15:20:00+05:30,986.7000122070312,986.7000122070312,985.5999755859375,986.5,175388
2025-12-31 15:25:00+05:30,986.5,986.7999877929688,985.7999877929688,986.7999877929688,144206
2026-01-01 09:20:00+05:30,982.9500122070312,984.0,982.0,982.0,57300
2026-01-01 09:25:00+05:30,982.0499877929688,984.4000244140625,981.5,984.3499755859375,23316
2026-01-01 09:30:00+05:30,984.5,985.2000122070312,984.0499877929688,984.5,72220
2026-01-01 09:35:00+05:30,984.5499877929688,984.9000244140625,984.0,984.7000122070312,115294
2026-01-01 09:40:00+05:30,984.5999755859375,985.2999877929688,983.25,984.2000122070312,35254
2026-01-01 09:45:00+05:30,983.9500122070312,984.25,983.8499755859375,984.2000122070312,19540
2026-01-01 09:50:00+05:30,984.2000122070312,984.4500122070312,983.5499877929688,983.8499755859375,41166
2026-01-01 09:55:00+05:30,983.8499755859375,983.9500122070312,983.0999755859375,983.1500244140625,54224
2026-01-01 10:00:00+05:30,983.2000122070312,983.7000122070312,982.8499755859375,983.0499877929688,15981
2026-01-01 10:05:00+05:30,983.0499877929688,983.5999755859375,982.5499877929688,983.0,52480
2026-01-01 10:10:00+05:30,983.0,983.2000122070312,982.0,982.2999877929688,56640
2026-01-01 10:15:00+05:30,982.0999755859375,982.5,979.75,980.25,174432
2026-01-01 10:20:00+05:30,980.0,980.0,979.0,979.7999877929688,29335
2026-01-01 10:25:00+05:30,979.8499755859375,981.6500244140625,979.75,981.2000122070312,29238
2026-01-01 10:30:00+05:30,981.7999877929688,981.9500122070312,980.5,981.5,19075
2026-01-01 10:35:00+05:30,981.5,982.0,981.0999755859375,981.9500122070312,15664
2026-01-01 10:40:00+05:30,982.0,982.5499877929688,981.5499877929688,982.4000244140625,25406
2026-01-01 10:45:00+05:30,982.9000244140625,983.2999877929688,982.2000122070312,983.0,38887
2026-01-01 10:50:00+05:30,983.0999755859375,983.5,983.0,983.25,14944
2026-01-01 10:55:00+05:30,983.25,983.5,982.9000244140625,982.9000244140625,22924
2026-01-01 11:00:00+05:30,983.0,983.5,982.8499755859375,982.8499755859375,47900
2026-01-01 11:05:00+05:30,982.7999877929688,983.2999877929688,982.7999877929688,983.0,21822
2026-01-01 11:10:00+05:30,982.9500122070312,983.3499755859375,982.9500122070312,983.0,39514
2026-01-01 11:15:00+05:30,983.0,983.0499877929688,981.5,982.0499877929688,152282
2026-01-01 11:20:00+05:30,982.0999755859375,982.75,981.5,981.9500122070312,58173
2026-01-01 11:25:00+05:30,982.0999755859375,982.4500122070312,981.5,981.5,45122
2026-01-01 11:30:00+05:30,981.5,981.7000122070312,980.0,980.25,53949
2026-01-01 11:35:00+05:30,980.5,981.0999755859375,980.1500244140625,980.8499755859375,16140
2026-01-01 11:40:00+05:30,980.5,981.2000122070312,979.6500244140625,979.75,165686
2026-01-01 11:45:00+05:30,979.75,981.0999755859375,979.6500244140625,981.0499877929688,10497
2026-01-01 11:50:00+05:30,981.0,981.7999877929688,979.7000122070312,980.25,35197
2026-01-01 11:55:00+05:30,979.9500122070312,980.4000244140625,979.5999755859375,979.9000244140625,93005
2026-01-01 12:00:00+05:30,980.0999755859375,980.2999877929688,979.7000122070312,979.9000244140625,27472
2026-01-01 12:05:00+05:30,979.9500122070312,979.9500122070312,979.0,979.5,39124
2026-01-01 12:10:00+05:30,979.4500122070312,980.0999755859375,979.0999755859375,979.2000122070312,106358
2026-01-01 12:15:00+05:30,979.1500244140625,979.2000122070312,977.2000122070312,978.5499877929688,174227
2026-01-01 12:20:00+05:30,978.5999755859375,979.5,978.5499877929688,979.3499755859375,16464
2026-01-01 12:25:00+05:30,979.4000244140625,979.5,978.4000244140625,979.1500244140625,18051
2026-01-01 12:30:00+05:30,979.1500244140625,979.2999877929688,978.2000122070312,978.75,20756
2026-01-01 12:35:00+05:30,978.4500122070312,978.75,974.5499877929688,975.0,224831
2026-01-01 12:40:00+05:30,975.0,975.25,974.0,974.1500244140625,73014
2026-01-01 12:45:00+05:30,974.1500244140625,975.2999877929688,973.6500244140625,974.5499877929688,50120
2026-01-01 12:50:00+05:30,974.5499877929688,975.2000122070312,974.5,974.75,158114
2026-01-01 12:55:00+05:30,974.75,975.0499877929688,974.2999877929688,974.4000244140625,64966
2026-01-01 13:00:00+05:30,974.4000244140625,974.9000244140625,974.2999877929688,974.5,175583
2026-01-01 13:05:00+05:30,974.5499877929688,974.7999877929688,974.4000244140625,974.4000244140625,52759
2026-01-01 13:10:00+05:30,974.4000244140625,975.0,973.5499877929688,973.9500122070312,104942
2026-01-01 13:15:00+05:30,974.0999755859375,974.5999755859375,973.75,974.5,90921
2026-01-01 13:20:00+05:30,974.5499877929688,975.0499877929688,974.0,974.5499877929688,49905
2026-01-01 13:25:00+05:30,974.4500122070312,975.0,974.0999755859375,974.8499755859375,17985
2026-01-01 13:30:00+05:30,974.9000244140625,975.0,974.5,974.6500244140625,59439
2026-01-01 13:35:00+05:30,974.5499877929688,975.0,974.5,974.5499877929688,27906
2026-01-01 13:40:00+05:30,974.9000244140625,975.0,974.5,974.8499755859375,17565
2026-01-01 13:45:00+05:30,974.7999877929688,975.4000244140625,974.75,975.2000122070312,49546
2026-01-01 13:50:00+05:30,975.5,975.5,974.8499755859375,974.9000244140625,69035
2026-01-01 13:55:00+05:30,974.9000244140625,975.0999755859375,974.5,974.7000122070312,29330
2026-01-01 14:00:00+05:30,974.75,975.0,974.5999755859375,974.5999755859375,21246
2026-01-01 14:05:00+05:30,974.5999755859375,974.8499755859375,973.7999877929688,973.9000244140625,82634
2026-01-01 14:10:00+05:30,973.9500122070312,974.3499755859375,973.6500244140625,973.9000244140625,91251
2026-01-01 14:15:00+05:30,973.9500122070312,974.0999755859375,973.5,973.8499755859375,104102
2026-01-01 14:20:00+05:30,973.7000122070312,974.0,971.8499755859375,971.8499755859375,184236
2026-01-01 14:25:00+05:30,971.75,972.6500244140625,970.25,970.2999877929688,202590
2026-01-01 14:30:00+05:30,970.2999877929688,970.2999877929688,969.75,970.2000122070312,214594
2026-01-01 14:35:00+05:30,970.2000122070312,970.4500122070312,969.4000244140625,969.9000244140625,292107
2026-01-01 14:40:00+05:30,969.9000244140625,970.0,969.7999877929688,969.9000244140625,218385
2026-01-01 14:45:00+05:30,970.0,970.0,969.2999877929688,969.9500122070312,86918
2026-01-01 14:50:00+05:30,970.0,970.0,969.9000244140625,969.9000244140625,311135
2026-01-01 14:55:00+05:30,970.0,970.0,969.9000244140625,970.0,216420
2026-01-01 15:00:00+05:30,969.9500122070312,972.0,969.9000244140625,972.0,349081
2026-01-01 15:05:00+05:30,971.7999877929688,974.5999755859375,970.5999755859375,974.25,271384
2026-01-01 15:10:00+05:30,974.5,974.7000122070312,973.0,974.4500122070312,312352
2026-01-01 15:15:00+05:30,974.2000122070312,975.5499877929688,973.6500244140625,975.4000244140625,303506
2026-01-01 15:20:00+05:30,975.5499877929688,976.0,975.2000122070312,975.6500244140625,166743
2026-01-01 15:25:00+05:30,975.6500244140625,976.0,975.0,975.5999755859375,105848
2026-01-02 09:20:00+05:30,971.5,974.7000122070312,970.7999877929688,973.5499877929688,172927
2026-01-02 09:25:00+05:30,973.2999877929688,977.9000244140625,972.9500122070312,977.5999755859375,124077
2026-01-02 09:30:00+05:30,977.5999755859375,978.6500244140625,976.4000244140625,976.4000244140625,147330
2026-01-02 09:35:00+05:30,976.7999877929688,977.7999877929688,976.0,977.7999877929688,80676
2026-01-02 09:40:00+05:30,977.7999877929688,981.0,977.0999755859375,981.0,125375
2026-01-02 09:45:00+05:30,981.0,983.4000244140625,980.2000122070312,981.5,140409
2026-01-02 09:50:00+05:30,981.0499877929688,982.5,980.9500122070312,982.5,91521
2026-01-02 09:55:00+05:30,982.5,987.8499755859375,982.0,987.75,173952
2026-01-02 10:00:00+05:30,987.5999755859375,987.5999755859375,983.7999877929688,984.3499755859375,103431
2026-01-02 10:05:00+05:30,984.0999755859375,984.3499755859375,981.5499877929688,982.0499877929688,65200
2026-01-02 10:10:00+05:30,982.0499877929688,986.7999877929688,981.7000122070312,986.25,90062
2026-01-02 10:15:00+05:30,986.1500244140625,988.7999877929688,985.7000122070312,988.2999877929688,156906
2026-01-02 10:20:00+05:30,988.3499755859375,988.5,986.75,987.1500244140625,136439
2026-01-02 10:25:00+05:30,987.0,987.9000244140625,985.9500122070312,986.6500244140625,109815
2026-01-02 10:30:00+05:30,986.8499755859375,987.5,986.4000244140625,986.7999877929688,36019
2026-01-02 10:35:00+05:30,987.0,989.4000244140625,986.9500122070312,988.2000122070312,79936
2026-01-02 10:40:00+05:30,988.0,989.0,987.5,988.4500122070312,47283
2026-01-02 10:45:00+05:30,987.75,989.5999755859375,987.75,988.6500244140625,50339
2026-01-02 10:50:00+05:30,988.2999877929688,989.0,987.0,987.5999755859375,44360
2026-01-02 10:55:00+05:30,987.5999755859375,988.9000244140625,987.0,988.9000244140625,41100
2026-01-02 11:00:00+05:30,988.7999877929688,989.0,987.0,987.0,27845
2026-01-02 11:05:00+05:30,987.4500122070312,987.5999755859375,986.3499755859375,986.9000244140625,29394
2026-01-02 11:10:00+05:30,987.0499877929688,987.0499877929688,984.5999755859375,984.6500244140625,54102
2026-01-02 11:15:00+05:30,984.75,987.4500122070312,983.6500244140625,986.75,93120
2026-01-02 11:20:00+05:30,986.7000122070312,989.2000122070312,986.5999755859375,988.6500244140625,96673
2026-01-02 11:25:00+05:30,988.4000244140625,988.5,987.8499755859375,988.2000122070312,105351
2026-01-02 11:30:00+05:30,988.4000244140625,989.8499755859375,988.1500244140625,988.9000244140625,104244
2026-01-02 11:35:00+05:30,988.9000244140625,990.4500122070312,988.7000122070312,990.1500244140625,72641
2026-01-02 11:40:00+05:30,990.2000122070312,990.9000244140625,990.0499877929688,990.4000244140625,51273
2026-01-02 11:45:00+05:30,990.5,991.7999877929688,990.0999755859375,991.5499877929688,56288
2026-01-02 11:50:00+05:30,991.5499877929688,992.0,991.0,991.9500122070312,50097
2026-01-02 11:55:00+05:30,991.9500122070312,992.25,991.0,991.9000244140625,41612
2026-01-02 12:00:00+05:30,991.9500122070312,991.9500122070312,990.5999755859375,990.7999877929688,24447
2026-01-02 12:05:00+05:30,991.0,992.4500122070312,990.5999755859375,992.0499877929688,45784
2026-01-02 12:10:00+05:30,992.25,993.4500122070312,991.5,992.6500244140625,123918
2026-01-02 12:15:00+05:30,992.8499755859375,993.2999877929688,991.0,991.3499755859375,35072
2026-01-02 12:20:00+05:30,991.2999877929688,991.7000122070312,990.0499877929688,990.2999877929688,35342
2026-01-02 12:25:00+05:30,990.1500244140625,991.4500122070312,990.0,990.5999755859375,40572
2026-01-02 12:30:00+05:30,990.7000122070312,992.0,990.5,991.7999877929688,36427
2026-01-02 12:35:00+05:30,991.7000122070312,992.75,991.0,991.7999877929688,34641
2026-01-02 12:40:00+05:30,991.7999877929688,992.0,990.2000122070312,990.8499755859375,34763
2026-01-02 12:45:00+05:30,990.8499755859375,990.9500122070312,987.5499877929688,987.9000244140625,86553
2026-01-02 12:50:00+05:30,987.7000122070312,988.4500122070312,987.2999877929688,987.75,28254
2026-01-02 12:55:00+05:30,987.75,990.4000244140625,987.75,989.2999877929688,55597
2026-01-02 13:00:00+05:30,989.5499877929688,989.8499755859375,988.2999877929688,989.7999877929688,35016
2026-01-02 13:05:00+05:30,989.7999877929688,990.0999755859375,989.2000122070312,989.7000122070312,30122
2026-01-02 13:10:00+05:30,989.7000122070312,990.7000122070312,989.5499877929688,990.0,42294
2026-01-02 13:15:00+05:30,990.4000244140625,990.9500122070312,990.0,990.5999755859375,30625
2026-01-02 13:20:00+05:30,990.5999755859375,992.5,990.5499877929688,992.25,57581
2026-01-02 13:25:00+05:30,992.0,992.4500122070312,990.0999755859375,990.1500244140625,101934
2026-01-02 13:30:00+05:30,990.4000244140625,990.5499877929688,989.0499877929688,989.9500122070312,64205
2026-01-02 13:35:00+05:30,990.25,990.25,988.6500244140625,989.25,45608
2026-01-02 13:40:00+05:30,989.25,989.7999877929688,989.0,989.4000244140625,26090
2026-01-02 13:45:00+05:30,989.3499755859375,989.9500122070312,989.0,989.7000122070312,47683
2026-01-02 13:50:00+05:30,989.7000122070312,990.0,989.0,989.3499755859375,40299
2026-01-02 13:55:00+05:30,989.4500122070312,989.9000244140625,989.2000122070312,989.4500122070312,41221
2026-01-02 14:00:00+05:30,989.4500122070312,989.7999877929688,988.5999755859375,989.0,77629
2026-01-02 14:05:00+05:30,988.7999877929688,990.0,988.75,989.9500122070312,32370
2026-01-02 14:10:00+05:30,990.0,991.0,989.7999877929688,991.0,58862
2026-01-02 14:15:00+05:30,991.0,991.5,990.0499877929688,991.2000122070312,66160
2026-01-02 14:20:00+05:30,991.2000122070312,991.5,990.9500122070312,991.4000244140625,38519
2026-01-02 14:25:00+05:30,991.4000244140625,991.5499877929688,990.5,990.9000244140625,40534
2026-01-02 14:30:00+05:30,990.9000244140625,990.9000244140625,988.7000122070312,989.4000244140625,56813
2026-01-02 14:35:00+05:30,989.4000244140625,989.7999877929688,988.0,988.0999755859375,48737
2026-01-02 14:40:00+05:30,988.1500244140625,989.0499877929688,988.0499877929688,988.6500244140625,41602
2026-01-02 14:45:00+05:30,988.6500244140625,989.3499755859375,988.5,989.0,42332
2026-01-02 14:50:00+05:30,989.0999755859375,990.0,988.25,988.25,54628
2026-01-02 14:55:00+05:30,988.2999877929688,989.0,988.2000122070312,988.5499877929688,59414
2026-01-02 15:00:00+05:30,988.5999755859375,991.0,988.5999755859375,990.4000244140625,174532
2026-01-02 15:05:00+05:30,990.1500244140625,990.8499755859375,989.9500122070312,990.8499755859375,145946
2026-01-02 15:10:00+05:30,990.5499877929688,991.25,990.4000244140625,990.5499877929688,191327
2026-01-02 15:15:00+05:30,990.5499877929688,990.75,990.0499877929688,990.2999877929688,295019
2026-01-02 15:20:00+05:30,990.2000122070312,990.75,989.8499755859375,990.4000244140625,238832
2026-01-02 15:25:00+05:30,990.25,990.8499755859375,989.5999755859375,990.4500122070312,208379
2026-01-05 09:20:00+05:30,986.4000244140625,986.7999877929688,979.8499755859375,981.4000244140625,438451
2026-01-05 09:25:00+05:30,981.5499877929688,985.7000122070312,980.2999877929688,985.1500244140625,526997
2026-01-05 09:30:00+05:30,985.7999877929688,988.0,985.0999755859375,987.25,138713
2026-01-05 09:35:00+05:30,987.0999755859375,988.0499877929688,984.0499877929688,985.0,493575
2026-01-05 09:40:00+05:30,985.0,985.0,981.1500244140625,981.5,417966
2026-01-05 09:45:00+05:30,981.7999877929688,983.5,981.4000244140625,982.9500122070312,190263
2026-01-05 09:50:00+05:30,982.7000122070312,986.9500122070312,982.7000122070312,985.2999877929688,284385
2026-01-05 09:55:00+05:30,985.2999877929688,987.7999877929688,984.5,986.5999755859375,85644
2026-01-05 10:00:00+05:30,986.5999755859375,987.4500122070312,983.0,983.0,77446
2026-01-05 10:05:00+05:30,983.0,984.4500122070312,982.4000244140625,983.9500122070312,51952
2026-01-05 10:10:00+05:30,983.9000244140625,985.0,982.4500122070312,982.7999877929688,268093
2026-01-05 10:15:00+05:30,982.7999877929688,985.0,982.2999877929688,984.0,163221
2026-01-05 10:20:00+05:30,983.75,983.9500122070312,982.7999877929688,983.0,112084
2026-01-05 10:25:00+05:30,983.0,983.0,981.5999755859375,981.9000244140625,160560
2026-01-05 10:30:00+05:30,981.9000244140625,984.5999755859375,981.2000122070312,984.2000122070312,199147
2026-01-05 10:35:00+05:30,983.8499755859375,985.7999877929688,983.2999877929688,985.0,136619
2026-01-05 10:40:00+05:30,984.9500122070312,984.9500122070312,982.0,982.5,77880
2026-01-05 10:45:00+05:30,982.2999877929688,983.4000244140625,982.0499877929688,983.0499877929688,57972
2026-01-05 10:50:00+05:30,983.0,983.4000244140625,982.75,983.0999755859375,56039
2026-01-05 10:55:00+05:30,983.0,983.4000244140625,982.0,982.0,74273
2026-01-05 11:00:00+05:30,982.0,983.2000122070312,981.5,982.0999755859375,152329
2026-01-05 11:05:00+05:30,982.0999755859375,983.0499877929688,981.9000244140625,982.0499877929688,56586
2026-01-05 11:10:00+05:30,981.9000244140625,982.9000244140625,981.2000122070312,982.7999877929688,68154
2026-01-05 11:15:00+05:30,982.9500122070312,983.0,982.0,982.25,49439
2026-01-05 11:20:00+05:30,982.0999755859375,982.25,980.1500244140625,980.25,98132
2026-01-05 11:25:00+05:30,980.0999755859375,980.4000244140625,979.5,980.3499755859375,123886
2026-01-05 11:30:00+05:30,980.4000244140625,980.9500122070312,979.9000244140625,979.9000244140625,84323
2026-01-05 11:35:00+05:30,979.9000244140625,980.4500122070312,979.5,979.6500244140625,39391
2026-01-05 11:40:00+05:30,979.5999755859375,981.4500122070312,979.4500122070312,981.4000244140625,51446
2026-01-05 11:45:00+05:30,981.0999755859375,981.7999877929688,980.2000122070312,981.4000244140625,67412
2026-01-05 11:50:00+05:30,981.75,981.75,980.0999755859375,980.1500244140625,34216
2026-01-05 11:55:00+05:30,980.2999877929688,980.7000122070312,980.0,980.2000122070312,40577
2026-01-05 12:00:00+05:30,980.2000122070312,980.6500244140625,980.0499877929688,980.25,32093
2026-01-05 12:05:00+05:30,980.1500244140625,981.0,980.0499877929688,980.7999877929688,230678
2026-01-05 12:10:00+05:30,980.9000244140625,982.8499755859375,980.5499877929688,982.5,80194
2026-01-05 12:15:00+05:30,982.5499877929688,982.9500122070312,982.0499877929688,982.0999755859375,34280
2026-01-05 12:20:00+05:30,982.0999755859375,982.25,980.4000244140625,981.4500122070312,48492
2026-01-05 12:25:00+05:30,981.25,981.5,979.75,979.7999877929688,52746
2026-01-05 12:30:00+05:30,979.7999877929688,980.0,978.0,978.0499877929688,257142
2026-01-05 12:35:00+05:30,978.0499877929688,979.0,977.7000122070312,978.5999755859375,44935
2026-01-05 12:40:00+05:30,978.5999755859375,978.9500122070312,978.0,978.2000122070312,104926
2026-01-05 12:45:00+05:30,978.2000122070312,978.5,977.75,978.5,152769
2026-01-05 12:50:00+05:30,978.4000244140625,979.5999755859375,978.4000244140625,978.9000244140625,208323
2026-01-05 12:55:00+05:30,978.9500122070312,979.5,978.7000122070312,978.9000244140625,29862
2026-01-05 13:00:00+05:30,978.8499755859375,979.8499755859375,978.7999877929688,979.0,141044
2026-01-05 13:05:00+05:30,979.0499877929688,979.8499755859375,978.5,979.7000122070312,142320
2026-01-05 13:10:00+05:30,979.5,979.7999877929688,978.7999877929688,978.8499755859375,32824
2026-01-05 13:15:00+05:30,978.7999877929688,979.5499877929688,978.1500244140625,978.9500122070312,47461
2026-01-05 13:20:00+05:30,978.9500122070312,979.2999877929688,978.5,979.0,32786
2026-01-05 13:25:00+05:30,979.0,979.2999877929688,978.1500244140625,978.4500122070312,39444
2026-01-05 13:30:00+05:30,978.4500122070312,979.0,978.1500244140625,978.8499755859375,36517
2026-01-05 13:35:00+05:30,978.7999877929688,980.6500244140625,978.75,980.5499877929688,118942
2026-01-05 13:40:00+05:30,980.5499877929688,980.9000244140625,979.5999755859375,980.2999877929688,73150
2026-01-05 13:45:00+05:30,980.2999877929688,980.4000244140625,978.2999877929688,978.2999877929688,42777
2026-01-05 13:50:00+05:30,978.2999877929688,978.4000244140625,976.5,976.8499755859375,132610
2026-01-05 13:55:00+05:30,976.8499755859375,977.4000244140625,976.0499877929688,976.0499877929688,58354
2026-01-05 14:00:00+05:30,976.3499755859375,976.4500122070312,975.0,975.5,137259
2026-01-05 14:05:00+05:30,975.4500122070312,976.75,975.2000122070312,976.25,79533
2026-01-05 14:10:00+05:30,976.2999877929688,977.5,976.1500244140625,977.1500244140625,48488
2026-01-05 14:15:00+05:30,977.1500244140625,977.6500244140625,976.9500122070312,977.0499877929688,52691
2026-01-05 14:20:00+05:30,977.0499877929688,977.0499877929688,975.5,977.0499877929688,74795
2026-01-05 14:25:00+05:30,977.0,977.5,976.5,976.75,58216
2026-01-05 14:30:00+05:30,976.75,977.7999877929688,976.6500244140625,977.5499877929688,45239
2026-01-05 14:35:00+05:30,977.3499755859375,977.7999877929688,976.7999877929688,977.0,62477
2026-01-05 14:40:00+05:30,976.7000122070312,977.5499877929688,976.7000122070312,977.4000244140625,52777
2026-01-05 14:45:00+05:30,977.3499755859375,977.5,976.75,977.0999755859375,75886
2026-01-05 14:50:00+05:30,977.0999755859375,980.0,977.0499877929688,979.7000122070312,179200
2026-01-05 14:55:00+05:30,979.7000122070312,979.7999877929688,979.0,979.75,142575
2026-01-05 15:00:00+05:30,980.1500244140625,980.2999877929688,978.5999755859375,979.0999755859375,210213
2026-01-05 15:05:00+05:30,979.0999755859375,979.1500244140625,978.5999755859375,978.5999755859375,201175
2026-01-05 15:10:00+05:30,978.6500244140625,979.5,978.5999755859375,979.2999877929688,185960
2026-01-05 15:15:00+05:30,979.5499877929688,979.5499877929688,977.8499755859375,978.4500122070312,337800
2026-01-05 15:20:00+05:30,978.4500122070312,979.4000244140625,978.3499755859375,978.5999755859375,276167
2026-01-05 15:25:00+05:30,978.7000122070312,979.2000122070312,976.75,977.8499755859375,173438
2026-01-06 09:20:00+05:30,981.5,982.2000122070312,979.7000122070312,980.25,155228
2026-01-06 09:25:00+05:30,980.2000122070312,982.1500244140625,979.7000122070312,981.7999877929688,81357
2026-01-06 09:30:00+05:30,981.9000244140625,982.0,980.0,980.0499877929688,94019
2026-01-06 09:35:00+05:30,980.0499877929688,981.7000122070312,979.0499877929688,979.2000122070312,120616
2026-01-06 09:40:00+05:30,979.2000122070312,981.3499755859375,979.0,981.1500244140625,116054
2026-01-06 09:45:00+05:30,981.1500244140625,983.7999877929688,981.0999755859375,982.0,136025
2026-01-06 09:50:00+05:30,982.0999755859375,983.0499877929688,982.0,982.0499877929688,84285
2026-01-06 09:55:00+05:30,982.0999755859375,983.0,982.0999755859375,982.9500122070312,67229
2026-01-06 10:00:00+05:30,982.75,982.9500122070312,981.75,982.5499877929688,123751
2026-01-06 10:05:00+05:30,982.3499755859375,983.0,982.3499755859375,982.5999755859375,54218
2026-01-06 10:10:00+05:30,982.5,983.0,982.1500244140625,983.0,65716
2026-01-06 10:15:00+05:30,983.0,986.0,983.0,985.2999877929688,219769
2026-01-06 10:20:00+05:30,985.2999877929688,987.0,984.3499755859375,985.25,151871
2026-01-06 10:25:00+05:30,985.25,986.25,984.7999877929688,986.0,67325
2026-01-06 10:30:00+05:30,986.2000122070312,986.4000244140625,985.2000122070312,985.4500122070312,70350
2026-01-06 10:35:00+05:30,985.4500122070312,985.5499877929688,982.0,982.1500244140625,102328
2026-01-06 10:40:00+05:30,982.1500244140625,982.1500244140625,981.0,981.0499877929688,104908
2026-01-06 10:45:00+05:30,981.0499877929688,981.5999755859375,980.4000244140625,980.4000244140625,130426
2026-01-06 10:50:00+05:30,980.4500122070312,981.2000122070312,980.0,980.4000244140625,54791
2026-01-06 10:55:00+05:30,980.5,980.6500244140625,979.4500122070312,979.6500244140625,107999
2026-01-06 11:00:00+05:30,979.5999755859375,979.9000244140625,979.0499877929688,979.5499877929688,59978
2026-01-06 11:05:00+05:30,979.5499877929688,979.7000122070312,979.0,979.2999877929688,90853
2026-01-06 11:10:00+05:30,979.2000122070312,979.5,977.5,978.0,161663
2026-01-06 11:15:00+05:30,978.0,978.75,977.0499877929688,977.1500244140625,73898
2026-01-06 11:20:00+05:30,977.0499877929688,977.5499877929688,977.0,977.1500244140625,74745
2026-01-06 11:25:00+05:30,977.2000122070312,977.75,977.0,977.75,27466
2026-01-06 11:30:00+05:30,977.7000122070312,978.0,977.4000244140625,977.5,28916
2026-01-06 11:35:00+05:30,977.5,978.5999755859375,977.5,978.5999755859375,21240
2026-01-06 11:40:00+05:30,978.4000244140625,978.5999755859375,977.7999877929688,978.5999755859375,55222
2026-01-06 11:45:00+05:30,978.9000244140625,979.2999877929688,978.2000122070312,979.0,83567
2026-01-06 11:50:00+05:30,979.0499877929688,979.0999755859375,978.4000244140625,978.75,30510
2026-01-06 11:55:00+05:30,978.5999755859375,978.9000244140625,977.0999755859375,977.25,122997
2026-01-06 12:00:00+05:30,977.2000122070312,977.5499877929688,976.0,976.7999877929688,108163
2026-01-06 12:05:00+05:30,976.7999877929688,977.2999877929688,976.0999755859375,976.5999755859375,108721
2026-01-06 12:10:00+05:30,976.5999755859375,978.4500122070312,976.5,978.4000244140625,59260
2026-01-06 12:15:00+05:30,978.2999877929688,979.1500244140625,978.25,978.5999755859375,45299
2026-01-06 12:20:00+05:30,978.8499755859375,978.9500122070312,977.7000122070312,978.0,314646
2026-01-06 12:25:00+05:30,977.9000244140625,979.2000122070312,977.75,978.25,41947
2026-01-06 12:30:00+05:30,978.3499755859375,978.9000244140625,977.7000122070312,977.7000122070312,17067
2026-01-06 12:35:00+05:30,977.8499755859375,978.9500122070312,977.8499755859375,978.5499877929688,150588
2026-01-06 12:40:00+05:30,978.5999755859375,979.5,978.0,978.3499755859375,140291
2026-01-06 12:45:00+05:30,978.0,978.75,978.0,978.0,154074
2026-01-06 12:50:00+05:30,978.1500244140625,978.6500244140625,978.0,978.2999877929688,112124
2026-01-06 12:55:00+05:30,978.4500122070312,978.5,978.0499877929688,978.2999877929688,237258
2026-01-06 13:00:00+05:30,978.25,978.7000122070312,978.0,978.25,132418
2026-01-06 13:05:00+05:30,978.0499877929688,979.0,977.9500122070312,978.0499877929688,103432
2026-01-06 13:10:00+05:30,978.0499877929688,978.3499755859375,978.0,978.25,23445
2026-01-06 13:15:00+05:30,978.25,978.2999877929688,977.2999877929688,978.2999877929688,131100
2026-01-06 13:20:00+05:30,978.2999877929688,978.75,977.25,977.4000244140625,55189
2026-01-06 13:25:00+05:30,977.2999877929688,978.3499755859375,976.9000244140625,977.75,28378
2026-01-06 13:30:00+05:30,977.6500244140625,978.0499877929688,977.0499877929688,977.75,34138
2026-01-06 13:35:00+05:30,977.7999877929688,978.2000122070312,977.5,977.8499755859375,24909
2026-01-06 13:40:00+05:30,977.6500244140625,977.9000244140625,977.5,977.6500244140625,19491
2026-01-06 13:45:00+05:30,977.7000122070312,978.5499877929688,977.5999755859375,978.5499877929688,36181
2026-01-06 13:50:00+05:30,978.5499877929688,978.9000244140625,977.5999755859375,977.5999755859375,77907
2026-01-06 13:55:00+05:30,977.6500244140625,978.0,977.5,977.75,27797
2026-01-06 14:00:00+05:30,978.0,978.0,973.5,974.0,209838
2026-01-06 14:05:00+05:30,974.0,975.5499877929688,973.9500122070312,974.5499877929688,54510
2026-01-06 14:10:00+05:30,974.5499877929688,974.5999755859375,973.2999877929688,973.9000244140625,62718
2026-01-06 14:15:00+05:30,973.9500122070312,975.0,973.9500122070312,974.1500244140625,45967
2026-01-06 14:20:00+05:30,974.2000122070312,974.9500122070312,973.9000244140625,974.7000122070312,58092
2026-01-06 14:25:00+05:30,974.9500122070312,974.9500122070312,974.4000244140625,974.7000122070312,32621
2026-01-06 14:30:00+05:30,974.75,975.6500244140625,974.7000122070312,975.0499877929688,63611
2026-01-06 14:35:00+05:30,975.0,975.0499877929688,973.5,974.6500244140625,227180
2026-01-06 14:40:00+05:30,974.5499877929688,975.5499877929688,974.5,975.0,71922
2026-01-06 14:45:00+05:30,975.0499877929688,975.7999877929688,975.0,975.5499877929688,61180
2026-01-06 14:50:00+05:30,975.5,976.0,974.5999755859375,974.5999755859375,144440
2026-01-06 14:55:00+05:30,974.6500244140625,976.0,974.5999755859375,975.1500244140625,92511
2026-01-06 15:00:00+05:30,975.2000122070312,976.0,975.0999755859375,975.5,244036
2026-01-06 15:05:00+05:30,975.5,977.9500122070312,975.5,977.2000122070312,385494
2026-01-06 15:10:00+05:30,977.5,977.8499755859375,977.0499877929688,977.0999755859375,225445
2026-01-06 15:15:00+05:30,976.9500122070312,978.1500244140625,976.3499755859375,978.0,403776
2026-01-06 15:20:00+05:30,978.0,979.5499877929688,977.7000122070312,978.2999877929688,372228
2026-01-06 15:25:00+05:30,978.4000244140625,979.0,977.0,977.0,169318
2026-01-07 09:20:00+05:30,969.5999755859375,972.4500122070312,969.4000244140625,971.4000244140625,240325
2026-01-07 09:25:00+05:30,971.4000244140625,971.4000244140625,967.7000122070312,968.0499877929688,182765
2026-01-07 09:30:00+05:30,968.2000122070312,969.9500122070312,967.6500244140625,968.4000244140625,114045
2026-01-07 09:35:00+05:30,968.25,968.5,967.0,967.5999755859375,127219
2026-01-07 09:40:00+05:30,967.6500244140625,967.7999877929688,965.5999755859375,966.0499877929688,128423
2026-01-07 09:45:00+05:30,966.0499877929688,968.0,965.9000244140625,967.7000122070312,35815
2026-01-07 09:50:00+05:30,967.75,967.7999877929688,966.9000244140625,967.0499877929688,59414
2026-01-07 09:55:00+05:30,967.0,969.0,967.0,968.5499877929688,58668
2026-01-07 10:00:00+05:30,968.4000244140625,969.2000122070312,968.0499877929688,968.5999755859375,47349
2026-01-07 10:05:00+05:30,968.5499877929688,968.9500122070312,966.5,967.75,89537
2026-01-07 10:10:00+05:30,967.75,968.7000122070312,967.3499755859375,968.1500244140625,68793
2026-01-07 10:15:00+05:30,968.1500244140625,968.75,967.5,967.7000122070312,107472
2026-01-07 10:20:00+05:30,967.75,968.0,966.7000122070312,967.5499877929688,114245
2026-01-07 10:25:00+05:30,967.5499877929688,969.9000244140625,967.0,969.2000122070312,389280
2026-01-07 10:30:00+05:30,968.75,969.0,967.5999755859375,967.7999877929688,278111
2026-01-07 10:35:00+05:30,967.7000122070312,968.5499877929688,967.6500244140625,968.3499755859375,110691
2026-01-07 10:40:00+05:30,968.3499755859375,968.7000122070312,967.5,968.2000122070312,102028
2026-01-07 10:45:00+05:30,968.2000122070312,968.7999877929688,967.2999877929688,967.5,70236
2026-01-07 10:50:00+05:30,967.7000122070312,969.25,967.2000122070312,968.7999877929688,45117
2026-01-07 10:55:00+05:30,968.7999877929688,969.0499877929688,968.0499877929688,968.2999877929688,22114
2026-01-07 11:00:00+05:30,968.2999877929688,968.7000122070312,967.8499755859375,968.5999755859375,25722
2026-01-07 11:05:00+05:30,968.5499877929688,969.0499877929688,968.0,969.0,27718
2026-01-07 11:10:00+05:30,969.0,969.4500122070312,968.4000244140625,968.4500122070312,40940
2026-01-07 11:15:00+05:30,968.4500122070312,968.5999755859375,967.7999877929688,968.0,28843
2026-01-07 11:20:00+05:30,968.2000122070312,968.2999877929688,967.5,967.9500122070312,28745
2026-01-07 11:25:00+05:30,968.3499755859375,970.5999755859375,968.1500244140625,969.9000244140625,66493
2026-01-07 11:30:00+05:30,969.7999877929688,971.5,969.7999877929688,971.5,34520
2026-01-07 11:35:00+05:30,971.4000244140625,971.8499755859375,970.4500122070312,970.9500122070312,39556
2026-01-07 11:40:00+05:30,971.25,971.25,970.4500122070312,970.5,42762
2026-01-07 11:45:00+05:30,970.5499877929688,970.5999755859375,969.7999877929688,969.7999877929688,49748
2026-01-07 11:50:00+05:30,969.7999877929688,970.3499755859375,968.0,968.0999755859375,51024
2026-01-07 11:55:00+05:30,968.0,968.8499755859375,967.7999877929688,968.4500122070312,57400
2026-01-07 12:00:00+05:30,968.25,968.75,967.8499755859375,968.2000122070312,43438
2026-01-07 12:05:00+05:30,968.1500244140625,969.25,967.9000244140625,968.7000122070312,48248
2026-01-07 12:10:00+05:30,968.6500244140625,969.2000122070312,968.4000244140625,968.7999877929688,34269
2026-01-07 12:15:00+05:30,968.75,969.7000122070312,968.5999755859375,969.0499877929688,45308
2026-01-07 12:20:00+05:30,969.0499877929688,969.5,968.5,968.5,407627
2026-01-07 12:25:00+05:30,968.7999877929688,969.4500122070312,968.4500122070312,968.6500244140625,165881
2026-01-07 12:30:00+05:30,968.6500244140625,969.5,968.6500244140625,969.2999877929688,71085
2026-01-07 12:35:00+05:30,969.4500122070312,969.5,968.25,969.0999755859375,49733
2026-01-07 12:40:00+05:30,969.0999755859375,969.0999755859375,967.5499877929688,968.0999755859375,31145
2026-01-07 12:45:00+05:30,968.0999755859375,968.3499755859375,967.5,968.2000122070312,38853
2026-01-07 12:50:00+05:30,968.1500244140625,968.75,968.0,968.5,27646
2026-01-07 12:55:00+05:30,968.5,969.4000244140625,968.5,969.0,28626
2026-01-07 13:00:00+05:30,969.0999755859375,969.2999877929688,969.0,969.25,25452
2026-01-07 13:05:00+05:30,969.2000122070312,969.9000244140625,969.0,969.5499877929688,50716
2026-01-07 13:10:00+05:30,969.4500122070312,969.4500122070312,968.8499755859375,969.0,40230
2026-01-07 13:15:00+05:30,969.0499877929688,969.1500244140625,968.9000244140625,968.9500122070312,55630
2026-01-07 13:20:00+05:30,968.9500122070312,969.5,968.8499755859375,968.9500122070312,60954
2026-01-07 13:25:00+05:30,969.0,969.1500244140625,967.4500122070312,967.5999755859375,73645
2026-01-07 13:30:00+05:30,967.5,967.75,967.0499877929688,967.3499755859375,33691
2026-01-07 13:35:00+05:30,967.2999877929688,968.25,967.2999877929688,967.75,30272
2026-01-07 13:40:00+05:30,967.7999877929688,967.8499755859375,967.2999877929688,967.4000244140625,28580
2026-01-07 13:45:00+05:30,967.4500122070312,968.0,967.2999877929688,967.75,58678
2026-01-07 13:50:00+05:30,967.75,968.0,967.7000122070312,967.7000122070312,49416
2026-01-07 13:55:00+05:30,968.0,968.0,967.7000122070312,967.75,47407
2026-01-07 14:00:00+05:30,967.75,968.0,967.75,967.9500122070312,45644
2026-01-07 14:05:00+05:30,967.8499755859375,968.0,967.75,967.9500122070312,41966
2026-01-07 14:10:00+05:30,967.9500122070312,967.9500122070312,967.7000122070312,967.7000122070312,42588
2026-01-07 14:15:00+05:30,967.7000122070312,967.7000122070312,965.6500244140625,966.0,269235
2026-01-07 14:20:00+05:30,965.9500122070312,967.5,965.8499755859375,966.7999877929688,126913
2026-01-07 14:25:00+05:30,966.9500122070312,967.5999755859375,966.8499755859375,967.4500122070312,62687
2026-01-07 14:30:00+05:30,967.4500122070312,967.5499877929688,966.9000244140625,967.0999755859375,54926
2026-01-07 14:35:00+05:30,967.0999755859375,968.1500244140625,967.0,967.9500122070312,92265
2026-01-07 14:40:00+05:30,967.8499755859375,968.0499877929688,966.9500122070312,967.75,114453
2026-01-07 14:45:00+05:30,967.5499877929688,968.0,967.4000244140625,967.75,109376
2026-01-07 14:50:00+05:30,967.5,968.2999877929688,967.5,968.0,176502
2026-01-07 14:55:00+05:30,968.0999755859375,968.9000244140625,967.7999877929688,968.5999755859375,122201
2026-01-07 15:00:00+05:30,969.0,969.0,968.0499877929688,968.25,174120
2026-01-07 15:05:00+05:30,968.2000122070312,968.5,968.2000122070312,968.4000244140625,159217
2026-01-07 15:10:00+05:30,968.5,968.7999877929688,968.1500244140625,968.7999877929688,167091
2026-01-07 15:15:00+05:30,969.0999755859375,969.4000244140625,968.5,969.0,191099
2026-01-07 15:20:00+05:30,969.0,969.0,968.9500122070312,969.0,167074
2026-01-07 15:25:00+05:30,969.0,970.0,968.7999877929688,968.7999877929688,188494
2026-01-08 09:20:00+05:30,969.0999755859375,974.0,969.0,973.2000122070312,103247
2026-01-08 09:25:00+05:30,973.2000122070312,973.5,972.0999755859375,972.9500122070312,50119
2026-01-08 09:30:00+05:30,972.8499755859375,972.8499755859375,970.75,972.25,80395
2026-01-08 09:35:00+05:30,972.0499877929688,972.0499877929688,970.6500244140625,971.7000122070312,46245
2026-01-08 09:40:00+05:30,971.9000244140625,973.5,971.2999877929688,972.9500122070312,47045
2026-01-08 09:45:00+05:30,972.9500122070312,975.1500244140625,972.2000122070312,975.1500244140625,200500
2026-01-08 09:50:00+05:30,974.8499755859375,975.0,973.7999877929688,975.0,49161
2026-01-08 09:55:00+05:30,975.0,975.0,973.4000244140625,974.5499877929688,42775
2026-01-08 10:00:00+05:30,974.6500244140625,974.6500244140625,973.0,973.0499877929688,35121
2026-01-08 10:05:00+05:30,973.0999755859375,973.1500244140625,971.0999755859375,971.0999755859375,42710
2026-01-08 10:10:00+05:30,971.0,971.75,970.0999755859375,971.75,71959
2026-01-08 10:15:00+05:30,972.0,973.0999755859375,971.5999755859375,971.8499755859375,33979
2026-01-08 10:20:00+05:30,971.8499755859375,973.2000122070312,971.4000244140625,973.0,32407
2026-01-08 10:25:00+05:30,973.0,975.0,972.7999877929688,974.5499877929688,46269
2026-01-08 10:30:00+05:30,974.5,975.0,973.7000122070312,974.7000122070312,68871
2026-01-08 10:35:00+05:30,974.9500122070312,978.25,974.9500122070312,975.6500244140625,117801
2026-01-08 10:40:00+05:30,975.6500244140625,975.6500244140625,974.1500244140625,974.5499877929688,32074
2026-01-08 10:45:00+05:30,974.5499877929688,974.8499755859375,972.5999755859375,972.7000122070312,38345
2026-01-08 10:50:00+05:30,972.7000122070312,973.6500244140625,972.4500122070312,972.9500122070312,40201
2026-01-08 10:55:00+05:30,973.0,973.1500244140625,971.5,972.7999877929688,59055
2026-01-08 11:00:00+05:30,972.75,972.75,970.7000122070312,970.7000122070312,51489
2026-01-08 11:05:00+05:30,970.9000244140625,971.9000244140625,970.0,971.9000244140625,46769
2026-01-08 11:10:00+05:30,971.9000244140625,971.9000244140625,970.7000122070312,970.9500122070312,48599
2026-01-08 11:15:00+05:30,971.1500244140625,971.5999755859375,969.9500122070312,970.8499755859375,56681
2026-01-08 11:20:00+05:30,970.9500122070312,971.0,970.0999755859375,970.7000122070312,40700
2026-01-08 11:25:00+05:30,970.5999755859375,971.9500122070312,970.5499877929688,971.7000122070312,26607
2026-01-08 11:30:00+05:30,971.7000122070312,972.0,971.0999755859375,971.5,27104
2026-01-08 11:35:00+05:30,971.5499877929688,972.3499755859375,970.1500244140625,970.2000122070312,41601
2026-01-08 11:40:00+05:30,970.1500244140625,971.75,970.1500244140625,971.25,15728
2026-01-08 11:45:00+05:30,971.2000122070312,971.25,969.7999877929688,970.1500244140625,49260
2026-01-08 11:50:00+05:30,970.2999877929688,970.7000122070312,969.9500122070312,969.9500122070312,34754
2026-01-08 11:55:00+05:30,970.0,970.0,968.0999755859375,968.25,55816
2026-01-08 12:00:00+05:30,968.0,968.6500244140625,966.75,967.0,44065
2026-01-08 12:05:00+05:30,967.0499877929688,967.5499877929688,965.2999877929688,967.5499877929688,45112
2026-01-08 12:10:00+05:30,967.5499877929688,969.6500244140625,967.25,969.6500244140625,25966
2026-01-08 12:15:00+05:30,969.4000244140625,970.7000122070312,969.3499755859375,970.5499877929688,22408
2026-01-08 12:20:00+05:30,970.5499877929688,970.75,970.0999755859375,970.2999877929688,25289
2026-01-08 12:25:00+05:30,970.25,971.6500244140625,970.25,971.25,24442
2026-01-08 12:30:00+05:30,971.7999877929688,971.7999877929688,971.0,971.25,17567
2026-01-08 12:35:00+05:30,971.25,971.4500122070312,968.4500122070312,970.0499877929688,123849
2026-01-08 12:40:00+05:30,970.0999755859375,970.5,969.6500244140625,970.0,39214
2026-01-08 12:45:00+05:30,970.2000122070312,970.2000122070312,969.4500122070312,969.5499877929688,46257
2026-01-08 12:50:00+05:30,969.5499877929688,970.0,968.0,969.2999877929688,88600
2026-01-08 12:55:00+05:30,969.3499755859375,969.8499755859375,969.1500244140625,969.2000122070312,21126
2026-01-08 13:00:00+05:30,969.2000122070312,969.5999755859375,968.25,969.5,45547
2026-01-08 13:05:00+05:30,969.5999755859375,970.2999877929688,969.4000244140625,969.9000244140625,20078
2026-01-08 13:10:00+05:30,969.9000244140625,970.3499755859375,969.5499877929688,969.9500122070312,17113
2026-01-08 13:15:00+05:30,969.9500122070312,969.9500122070312,969.2000122070312,969.3499755859375,16009
2026-01-08 13:20:00+05:30,969.3499755859375,969.5999755859375,969.0499877929688,969.2000122070312,18332
2026-01-08 13:25:00+05:30,969.2000122070312,969.2000122070312,967.3499755859375,967.7999877929688,84448
2026-01-08 13:30:00+05:30,967.4500122070312,968.0499877929688,966.9000244140625,967.9500122070312,27866
2026-01-08 13:35:00+05:30,967.9500122070312,968.1500244140625,967.1500244140625,967.4500122070312,19380
2026-01-08 13:40:00+05:30,967.4500122070312,968.7999877929688,967.0,968.7999877929688,62171
2026-01-08 13:45:00+05:30,968.5,969.9500122070312,968.5,969.5499877929688,21514
2026-01-08 13:50:00+05:30,969.5499877929688,970.5,968.9000244140625,970.0,39161
2026-01-08 13:55:00+05:30,970.0499877929688,971.7999877929688,970.0,970.6500244140625,28136
2026-01-08 14:00:00+05:30,970.5999755859375,971.4000244140625,970.0499877929688,970.4000244140625,23893
2026-01-08 14:05:00+05:30,970.4000244140625,971.2999877929688,970.0,970.2999877929688,61978
2026-01-08 14:10:00+05:30,970.3499755859375,970.9000244140625,969.9000244140625,970.9000244140625,81236
2026-01-08 14:15:00+05:30,971.0,971.0,970.3499755859375,970.5999755859375,19310
2026-01-08 14:20:00+05:30,970.5,970.7999877929688,970.25,970.2999877929688,24792
2026-01-08 14:25:00+05:30,970.2999877929688,970.7000122070312,968.6500244140625,968.6500244140625,99314
2026-01-08 14:30:00+05:30,969.0999755859375,970.7999877929688,968.7999877929688,970.6500244140625,59895
2026-01-08 14:35:00+05:30,970.6500244140625,970.6500244140625,969.75,970.1500244140625,24784
2026-01-08 14:40:00+05:30,969.9000244140625,971.25,969.75,970.5499877929688,29764
2026-01-08 14:45:00+05:30,970.5999755859375,972.25,970.4000244140625,971.7000122070312,50301
2026-01-08 14:50:00+05:30,971.8499755859375,972.9500122070312,971.5,972.7999877929688,53698
2026-01-08 14:55:00+05:30,972.9000244140625,973.7000122070312,972.5999755859375,973.2000122070312,86390
2026-01-08 15:00:00+05:30,973.2000122070312,973.2000122070312,971.2999877929688,971.2999877929688,108893
2026-01-08 15:05:00+05:30,971.2999877929688,972.7999877929688,971.2999877929688,972.5999755859375,151300
2026-01-08 15:10:00+05:30,972.5499877929688,973.5999755859375,972.0,972.0999755859375,152704
2026-01-08 15:15:00+05:30,972.3499755859375,972.5499877929688,970.25,971.2000122070312,190471
2026-01-08 15:20:00+05:30,971.0,972.8499755859375,970.8499755859375,972.0,206712
2026-01-08 15:25:00+05:30,972.1500244140625,972.5,970.0999755859375,970.0999755859375,131158
2026-01-09 09:20:00+05:30,977.25,977.75,973.25,974.1500244140625,88066
2026-01-09 09:25:00+05:30,974.25,975.5999755859375,973.0999755859375,974.5,67105
2026-01-09 09:30:00+05:30,974.5,976.4500122070312,974.5,976.3499755859375,64643
2026-01-09 09:35:00+05:30,976.5,978.4000244140625,976.1500244140625,977.75,171226
2026-01-09 09:40:00+05:30,977.4500122070312,979.7999877929688,976.4500122070312,979.7999877929688,95486
2026-01-09 09:45:00+05:30,979.9500122070312,981.5,979.0,980.5,124509
2026-01-09 09:50:00+05:30,980.5,980.5499877929688,978.5499877929688,980.2999877929688,89182
2026-01-09 09:55:00+05:30,980.2999877929688,982.6500244140625,980.1500244140625,981.5,72372
2026-01-09 10:00:00+05:30,981.5499877929688,983.0,981.5,982.3499755859375,63580
2026-01-09 10:05:00+05:30,982.2000122070312,982.7999877929688,980.0,981.4500122070312,83090
2026-01-09 10:10:00+05:30,981.5999755859375,981.5999755859375,980.3499755859375,980.7000122070312,45916
2026-01-09 10:15:00+05:30,980.7000122070312,981.5499877929688,980.7000122070312,981.2999877929688,50335
2026-01-09 10:20:00+05:30,981.0999755859375,981.4000244140625,980.3499755859375,980.9000244140625,51720
2026-01-09 10:25:00+05:30,980.7999877929688,981.2000122070312,979.9500122070312,980.4000244140625,153922
2026-01-09 10:30:00+05:30,980.4000244140625,980.4000244140625,977.4000244140625,977.75,94327
2026-01-09 10:35:00+05:30,977.75,978.2000122070312,976.5,978.0,79707
2026-01-09 10:40:00+05:30,978.0,978.9000244140625,977.3499755859375,978.75,66446
2026-01-09 10:45:00+05:30,978.7999877929688,980.0,978.7999877929688,979.7999877929688,46724
2026-01-09 10:50:00+05:30,979.75,979.75,977.9500122070312,978.6500244140625,46977
2026-01-09 10:55:00+05:30,978.75,978.9500122070312,976.1500244140625,976.9500122070312,71707
2026-01-09 11:00:00+05:30,976.8499755859375,977.5499877929688,976.8499755859375,977.5499877929688,37061
2026-01-09 11:05:00+05:30,977.4500122070312,978.0499877929688,975.5499877929688,976.1500244140625,93219
2026-01-09 11:10:00+05:30,976.1500244140625,978.8499755859375,975.9000244140625,976.6500244140625,531968
2026-01-09 11:15:00+05:30,976.9000244140625,976.9000244140625,973.5,974.7999877929688,100594
2026-01-09 11:20:00+05:30,974.5499877929688,974.9500122070312,973.5,974.25,92534
2026-01-09 11:25:00+05:30,974.25,976.0,971.5,972.5499877929688,279494
2026-01-09 11:30:00+05:30,972.5499877929688,973.7999877929688,971.9500122070312,971.9500122070312,100026
2026-01-09 11:35:00+05:30,971.7000122070312,971.7000122070312,969.5499877929688,970.2999877929688,195207
2026-01-09 11:40:00+05:30,970.5499877929688,970.9500122070312,969.75,969.9000244140625,48976
2026-01-09 11:45:00+05:30,969.6500244140625,969.6500244140625,965.5499877929688,965.75,134780
2026-01-09 11:50:00+05:30,965.75,967.5,965.0,966.75,174843
2026-01-09 11:55:00+05:30,966.7999877929688,967.2999877929688,965.4500122070312,966.2999877929688,58204
2026-01-09 12:00:00+05:30,966.3499755859375,966.8499755859375,965.5499877929688,966.8499755859375,58718
2026-01-09 12:05:00+05:30,966.7000122070312,966.8499755859375,966.0,966.2999877929688,42152
2026-01-09 12:10:00+05:30,966.25,966.2999877929688,965.2000122070312,965.2000122070312,57114
2026-01-09 12:15:00+05:30,965.2000122070312,965.5499877929688,964.0999755859375,964.5,65082
2026-01-09 12:20:00+05:30,964.5999755859375,965.25,964.0,964.6500244140625,80323
2026-01-09 12:25:00+05:30,964.6500244140625,965.4500122070312,963.0499877929688,963.5,80205
2026-01-09 12:30:00+05:30,963.4500122070312,964.3499755859375,963.2000122070312,963.4500122070312,50281
2026-01-09 12:35:00+05:30,963.4500122070312,963.5499877929688,961.0,961.9500122070312,105036
2026-01-09 12:40:00+05:30,961.9500122070312,961.9500122070312,960.7000122070312,961.2999877929688,66561
2026-01-09 12:45:00+05:30,961.5,962.0499877929688,961.1500244140625,961.5499877929688,35978
2026-01-09 12:50:00+05:30,961.5499877929688,963.3499755859375,961.2000122070312,963.25,48145
2026-01-09 12:55:00+05:30,963.25,963.5499877929688,962.0499877929688,962.7999877929688,70966
2026-01-09 13:00:00+05:30,963.1500244140625,963.25,961.3499755859375,961.5,46587
2026-01-09 13:05:00+05:30,961.5,961.7000122070312,960.5999755859375,961.0999755859375,69863
2026-01-09 13:10:00+05:30,961.0,961.0,960.5,960.8499755859375,32778
2026-01-09 13:15:00+05:30,960.75,961.7000122070312,960.6500244140625,961.4500122070312,77844
2026-01-09 13:20:00+05:30,961.4500122070312,963.0,961.4000244140625,962.5,36477
2026-01-09 13:25:00+05:30,962.5,962.75,962.0499877929688,962.6500244140625,32631
2026-01-09 13:30:00+05:30,962.7000122070312,963.0499877929688,962.5999755859375,962.6500244140625,122845
2026-01-09 13:35:00+05:30,962.6500244140625,963.9000244140625,962.6500244140625,963.2999877929688,58953
2026-01-09 13:40:00+05:30,963.3499755859375,963.4000244140625,960.9000244140625,960.9500122070312,63522
2026-01-09 13:45:00+05:30,960.9500122070312,961.75,958.7000122070312,959.5499877929688,215649
2026-01-09 13:50:00+05:30,959.5499877929688,959.7999877929688,958.0499877929688,958.5999755859375,60348
2026-01-09 13:55:00+05:30,958.5999755859375,958.9500122070312,957.4000244140625,958.7999877929688,55116
2026-01-09 14:00:00+05:30,958.8499755859375,959.3499755859375,958.2999877929688,958.75,41434
2026-01-09 14:05:00+05:30,959.0,959.6500244140625,958.0499877929688,959.0999755859375,69011
2026-01-09 14:10:00+05:30,959.0999755859375,959.0999755859375,958.25,958.7999877929688,46367
2026-01-09 14:15:00+05:30,958.7999877929688,959.0,958.6500244140625,958.7000122070312,42098
2026-01-09 14:20:00+05:30,958.7000122070312,959.25,958.2999877929688,958.9000244140625,89635
2026-01-09 14:25:00+05:30,958.9000244140625,959.4500122070312,956.1500244140625,956.5999755859375,107375
2026-01-09 14:30:00+05:30,956.5999755859375,956.9000244140625,955.6500244140625,956.75,99685
2026-01-09 14:35:00+05:30,956.75,957.0,955.2999877929688,956.0,79562
2026-01-09 14:40:00+05:30,955.9000244140625,956.7000122070312,953.7000122070312,956.4500122070312,138339
2026-01-09 14:45:00+05:30,956.4500122070312,957.7999877929688,955.75,957.2999877929688,153623
2026-01-09 14:50:00+05:30,957.0,959.0,955.9000244140625,958.3499755859375,186214
2026-01-09 14:55:00+05:30,958.3499755859375,959.4500122070312,957.4500122070312,958.8499755859375,74563
2026-01-09 15:00:00+05:30,959.2999877929688,959.4000244140625,957.2999877929688,957.5999755859375,136108
2026-01-09 15:05:00+05:30,957.6500244140625,959.9500122070312,956.9000244140625,959.75,392081
2026-01-09 15:10:00+05:30,959.2000122070312,961.1500244140625,959.2000122070312,961.0499877929688,197294
2026-01-09 15:15:00+05:30,961.0499877929688,961.5,960.9000244140625,961.2999877929688,175093
2026-01-09 15:20:00+05:30,961.2999877929688,962.5499877929688,959.4000244140625,959.7999877929688,154841
2026-01-09 15:25:00+05:30,960.0,962.2999877929688,959.5999755859375,961.5,112147
2026-01-12 09:20:00+05:30,955.4500122070312,957.7999877929688,953.4500122070312,954.0999755859375,140073
2026-01-12 09:25:00+05:30,954.2000122070312,954.2000122070312,948.8499755859375,950.5499877929688,168319
2026-01-12 09:30:00+05:30,950.4000244140625,953.9500122070312,950.0499877929688,952.7999877929688,68456
2026-01-12 09:35:00+05:30,952.6500244140625,953.9000244140625,951.7999877929688,952.9000244140625,43913
2026-01-12 09:40:00+05:30,952.8499755859375,952.8499755859375,950.2999877929688,950.7000122070312,36165
2026-01-12 09:45:00+05:30,950.5999755859375,952.3499755859375,949.25,952.3499755859375,89224
2026-01-12 09:50:00+05:30,952.9500122070312,952.9500122070312,951.75,952.0499877929688,45842
2026-01-12 09:55:00+05:30,952.7999877929688,953.5499877929688,949.4000244140625,949.5999755859375,31295
2026-01-12 10:00:00+05:30,949.75,949.7999877929688,946.0,948.2000122070312,86575
2026-01-12 10:05:00+05:30,948.25,949.25,946.4500122070312,946.7999877929688,116434
2026-01-12 10:10:00+05:30,946.7999877929688,947.0499877929688,944.4000244140625,945.0499877929688,114934
2026-01-12 10:15:00+05:30,945.0499877929688,948.0,945.0,947.7000122070312,100572
2026-01-12 10:20:00+05:30,947.5999755859375,949.2999877929688,947.1500244140625,948.0,75865
2026-01-12 10:25:00+05:30,947.9500122070312,949.7999877929688,947.2999877929688,948.5,80833
2026-01-12 10:30:00+05:30,948.5499877929688,948.9000244140625,945.5499877929688,946.1500244140625,53433
2026-01-12 10:35:00+05:30,946.1500244140625,946.5499877929688,944.7000122070312,944.7000122070312,53468
2026-01-12 10:40:00+05:30,944.5499877929688,945.0999755859375,942.9000244140625,943.75,64351
2026-01-12 10:45:00+05:30,943.7999877929688,943.7999877929688,941.4000244140625,943.0499877929688,80738
2026-01-12 10:50:00+05:30,943.2000122070312,943.25,940.6500244140625,941.5499877929688,76862
2026-01-12 10:55:00+05:30,941.5499877929688,941.7999877929688,940.2999877929688,940.3499755859375,41705
2026-01-12 11:00:00+05:30,940.3499755859375,944.9500122070312,940.2000122070312,944.2999877929688,74171
2026-01-12 11:05:00+05:30,944.3499755859375,945.2999877929688,943.8499755859375,944.9000244140625,89554
2026-01-12 11:10:00+05:30,944.9500122070312,945.4500122070312,944.0,944.3499755859375,52209
2026-01-12 11:15:00+05:30,944.2999877929688,944.5999755859375,942.6500244140625,942.9000244140625,47109
2026-01-12 11:20:00+05:30,942.9500122070312,943.2000122070312,942.0,942.5999755859375,41200
2026-01-12 11:25:00+05:30,942.6500244140625,942.9000244140625,940.2999877929688,940.8499755859375,83090
2026-01-12 11:30:00+05:30,940.75,941.0999755859375,940.0999755859375,940.5999755859375,101209
2026-01-12 11:35:00+05:30,940.75,941.25,940.2000122070312,940.2000122070312,123874
2026-01-12 11:40:00+05:30,940.1500244140625,942.5499877929688,940.1500244140625,942.2000122070312,56142
2026-01-12 11:45:00+05:30,942.2000122070312,944.0499877929688,942.0,943.5999755859375,68768
2026-01-12 11:50:00+05:30,943.6500244140625,943.9500122070312,942.6500244140625,942.8499755859375,26389
2026-01-12 11:55:00+05:30,942.8499755859375,944.0999755859375,942.7999877929688,943.4500122070312,36115
2026-01-12 12:00:00+05:30,943.5,946.0,943.1500244140625,945.2999877929688,78063
2026-01-12 12:05:00+05:30,945.3499755859375,945.9500122070312,945.0,945.5999755859375,29354
2026-01-12 12:10:00+05:30,945.5999755859375,948.7000122070312,945.0,948.7000122070312,112851
2026-01-12 12:15:00+05:30,948.5499877929688,949.8499755859375,947.2000122070312,948.1500244140625,68354
2026-01-12 12:20:00+05:30,948.1500244140625,951.0999755859375,948.0,948.6500244140625,153913
2026-01-12 12:25:00+05:30,948.7000122070312,951.0,948.0,950.2000122070312,77924
2026-01-12 12:30:00+05:30,950.1500244140625,952.4000244140625,949.3499755859375,952.2000122070312,76493
2026-01-12 12:35:00+05:30,952.0,952.5,951.1500244140625,951.5499877929688,48465
2026-01-12 12:40:00+05:30,951.5,953.7999877929688,951.0499877929688,953.75,55381
2026-01-12 12:45:00+05:30,953.75,954.4000244140625,951.6500244140625,951.7999877929688,46846
2026-01-12 12:50:00+05:30,951.8499755859375,952.9000244140625,951.75,952.9000244140625,45146
2026-01-12 12:55:00+05:30,952.8499755859375,953.0,951.4000244140625,951.4000244140625,51046
2026-01-12 13:00:00+05:30,951.4000244140625,951.4500122070312,949.7000122070312,950.75,90629
2026-01-12 13:05:00+05:30,950.7999877929688,952.8499755859375,950.1500244140625,952.75,62916
2026-01-12 13:10:00+05:30,952.75,953.6500244140625,952.1500244140625,953.1500244140625,53086
2026-01-12 13:15:00+05:30,953.1500244140625,954.0499877929688,952.0,952.2000122070312,83136
2026-01-12 13:20:00+05:30,952.1500244140625,952.6500244140625,948.25,948.4500122070312,172475
2026-01-12 13:25:00+05:30,947.25,950.2000122070312,946.5,949.6500244140625,100574
2026-01-12 13:30:00+05:30,949.5999755859375,953.6500244140625,949.5499877929688,953.3499755859375,34594
2026-01-12 13:35:00+05:30,953.4000244140625,954.0,951.7000122070312,952.5,46579
2026-01-12 13:40:00+05:30,952.75,953.5,952.6500244140625,953.0999755859375,25769
2026-01-12 13:45:00+05:30,953.2000122070312,953.4000244140625,950.2999877929688,950.5499877929688,95216
2026-01-12 13:50:00+05:30,950.5499877929688,951.2000122070312,949.0999755859375,950.2999877929688,104224
2026-01-12 13:55:00+05:30,950.2999877929688,950.75,949.0,949.2000122070312,33206
2026-01-12 14:00:00+05:30,949.25,949.6500244140625,948.0,949.1500244140625,142587
2026-01-12 14:05:00+05:30,949.2999877929688,949.6500244140625,948.4000244140625,948.7000122070312,56266
2026-01-12 14:10:00+05:30,948.7000122070312,948.75,946.5499877929688,947.2999877929688,38033
2026-01-12 14:15:00+05:30,947.3499755859375,948.0999755859375,947.2000122070312,947.2000122070312,25271
2026-01-12 14:20:00+05:30,947.0,948.7999877929688,947.0,948.7999877929688,135021
2026-01-12 14:25:00+05:30,948.75,949.2999877929688,948.2000122070312,948.5,39328
2026-01-12 14:30:00+05:30,948.5499877929688,949.4000244140625,947.0999755859375,947.4000244140625,80666
2026-01-12 14:35:00+05:30,947.2000122070312,948.9500122070312,945.9000244140625,948.2999877929688,42550
2026-01-12 14:40:00+05:30,948.5,949.0,947.5999755859375,948.9000244140625,30562
2026-01-12 14:45:00+05:30,948.75,950.0499877929688,948.7000122070312,950.0499877929688,65108
2026-01-12 14:50:00+05:30,950.7999877929688,951.0,949.5499877929688,950.75,51244
2026-01-12 14:55:00+05:30,950.8499755859375,952.7999877929688,950.5,952.5,71434
2026-01-12 15:00:00+05:30,952.5999755859375,952.6500244140625,951.3499755859375,951.5,84217
2026-01-12 15:05:00+05:30,951.5499877929688,952.0999755859375,951.4000244140625,951.6500244140625,87197
2026-01-12 15:10:00+05:30,951.8499755859375,952.0999755859375,950.7999877929688,950.7999877929688,75510
2026-01-12 15:15:00+05:30,951.1500244140625,951.7999877929688,951.1500244140625,951.3499755859375,92590
2026-01-12 15:20:00+05:30,951.3499755859375,953.0,951.2999877929688,952.75,98244
2026-01-12 15:25:00+05:30,952.8499755859375,953.5,949.7999877929688,952.0,164769
2026-01-13 09:20:00+05:30,952.7999877929688,953.5,951.0499877929688,953.5,77325
2026-01-13 09:25:00+05:30,953.5,955.8499755859375,951.4500122070312,951.4500122070312,72618
2026-01-13 09:30:00+05:30,951.7999877929688,952.7999877929688,949.1500244140625,950.5499877929688,67010
2026-01-13 09:35:00+05:30,951.0,951.5999755859375,948.0999755859375,948.4500122070312,32347
2026-01-13 09:40:00+05:30,948.0999755859375,948.6500244140625,947.0499877929688,948.0499877929688,40450
2026-01-13 09:45:00+05:30,948.2000122070312,952.0,948.2000122070312,950.6500244140625,43222
2026-01-13 09:50:00+05:30,950.7000122070312,951.9000244140625,950.0999755859375,950.0999755859375,26656
2026-01-13 09:55:00+05:30,950.0499877929688,950.1500244140625,947.9500122070312,947.9500122070312,36777
2026-01-13 10:00:00+05:30,947.9500122070312,949.7000122070312,947.5499877929688,949.5499877929688,44072
2026-01-13 10:05:00+05:30,949.5999755859375,950.0,948.5,949.7000122070312,57897
2026-01-13 10:10:00+05:30,949.7000122070312,950.1500244140625,948.0999755859375,948.2999877929688,34689
2026-01-13 10:15:00+05:30,947.5,948.4500122070312,946.0,946.5,68342
2026-01-13 10:20:00+05:30,946.5,949.5499877929688,946.4000244140625,948.3499755859375,114025
2026-01-13 10:25:00+05:30,948.5999755859375,950.4000244140625,947.5999755859375,949.4500122070312,82182
2026-01-13 10:30:00+05:30,949.4500122070312,949.5999755859375,948.0999755859375,948.2000122070312,57246
2026-01-13 10:35:00+05:30,948.0499877929688,948.5499877929688,946.2999877929688,947.0999755859375,57060
2026-01-13 10:40:00+05:30,946.5,947.0499877929688,945.8499755859375,946.6500244140625,71997
2026-01-13 10:45:00+05:30,946.5999755859375,949.25,946.0,949.0999755859375,73191
2026-01-13 10:50:00+05:30,949.0,950.5,948.5999755859375,948.7000122070312,117831
2026-01-13 10:55:00+05:30,948.7000122070312,949.3499755859375,947.4500122070312,948.2000122070312,58338
2026-01-13 11:00:00+05:30,948.2000122070312,949.3499755859375,947.9500122070312,948.9000244140625,44509
2026-01-13 11:05:00+05:30,948.5499877929688,948.9500122070312,947.5499877929688,948.5499877929688,38151
2026-01-13 11:10:00+05:30,948.5,948.5,947.2000122070312,947.75,45448
2026-01-13 11:15:00+05:30,947.7999877929688,948.75,947.25,947.7999877929688,34110
2026-01-13 11:20:00+05:30,947.75,948.7999877929688,947.2000122070312,947.4000244140625,36820
2026-01-13 11:25:00+05:30,947.0999755859375,950.0,947.0,948.5999755859375,208354
2026-01-13 11:30:00+05:30,948.5499877929688,951.0,948.2000122070312,949.9500122070312,183903
2026-01-13 11:35:00+05:30,949.5999755859375,951.9500122070312,949.3499755859375,950.1500244140625,164903
2026-01-13 11:40:00+05:30,950.1500244140625,951.0999755859375,949.0499877929688,949.0499877929688,39013
2026-01-13 11:45:00+05:30,949.25,950.9000244140625,948.2000122070312,950.0,109295
2026-01-13 12:00:00+05:30,946.9500122070312,947.5,946.5999755859375,947.25,177656
2026-01-13 12:05:00+05:30,947.25,947.25,944.4500122070312,945.0,305818
2026-01-13 12:10:00+05:30,944.6500244140625,945.0,943.7999877929688,944.5999755859375,71962
2026-01-13 12:15:00+05:30,944.4500122070312,944.75,943.5,944.2999877929688,52818
2026-01-13 12:20:00+05:30,944.3499755859375,945.0,943.7999877929688,944.0999755859375,51509
2026-01-13 12:25:00+05:30,943.8499755859375,946.0,943.8499755859375,946.0,116458
2026-01-13 12:30:00+05:30,945.8499755859375,945.8499755859375,943.5,944.0,138403
2026-01-13 12:35:00+05:30,944.0,945.0,944.0,944.0999755859375,88276
2026-01-13 12:40:00+05:30,944.3499755859375,944.8499755859375,943.2000122070312,944.0999755859375,46258
2026-01-13 12:45:00+05:30,944.0499877929688,944.2999877929688,942.5499877929688,943.75,115462
2026-01-13 12:50:00+05:30,943.4000244140625,943.7000122070312,941.7999877929688,942.4000244140625,98317
2026-01-13 12:55:00+05:30,942.0999755859375,942.4500122070312,939.0999755859375,939.5499877929688,141857
2026-01-13 13:00:00+05:30,939.4000244140625,940.5,939.4000244140625,940.3499755859375,105604
2026-01-13 13:05:00+05:30,940.0,941.0,939.5499877929688,940.75,71282
2026-01-13 13:10:00+05:30,940.75,941.9500122070312,940.4000244140625,941.25,73274
2026-01-13 13:15:00+05:30,941.0499877929688,941.5999755859375,939.5,939.8499755859375,87618
2026-01-13 13:20:00+05:30,939.8499755859375,940.0,939.5499877929688,939.8499755859375,65897
2026-01-13 13:25:00+05:30,939.75,940.0,939.3499755859375,939.7999877929688,38522
2026-01-13 13:30:00+05:30,939.5999755859375,940.7000122070312,939.25,940.7000122070312,21944
2026-01-13 13:35:00+05:30,940.7000122070312,942.2999877929688,940.7000122070312,941.25,69627
2026-01-13 13:40:00+05:30,941.4000244140625,942.0999755859375,940.0,941.9000244140625,65602
2026-01-13 13:45:00+05:30,941.9000244140625,942.75,941.2999877929688,941.3499755859375,89837
2026-01-13 13:50:00+05:30,941.4000244140625,943.5499877929688,941.4000244140625,942.4000244140625,56489
2026-01-13 13:55:00+05:30,942.4000244140625,943.0,941.9000244140625,942.5,61905
2026-01-13 14:00:00+05:30,942.5,943.0,941.2999877929688,941.2999877929688,60374
2026-01-13 14:05:00+05:30,941.4000244140625,942.1500244140625,941.0,941.7999877929688,49562
2026-01-13 14:10:00+05:30,941.9000244140625,941.9500122070312,940.0,941.3499755859375,61690
2026-01-13 14:15:00+05:30,941.4000244140625,943.0499877929688,940.5,942.5,46392
2026-01-13 14:20:00+05:30,942.4500122070312,942.5499877929688,941.0,941.1500244140625,69836
2026-01-13 14:25:00+05:30,941.1500244140625,942.0499877929688,941.0,941.0499877929688,99570
2026-01-13 14:30:00+05:30,941.2000122070312,944.5999755859375,941.0499877929688,943.3499755859375,157271
2026-01-13 14:35:00+05:30,943.25,944.9000244140625,942.8499755859375,944.6500244140625,78050
2026-01-13 14:40:00+05:30,944.6500244140625,947.5499877929688,944.5999755859375,946.5,131953
2026-01-13 14:45:00+05:30,946.7999877929688,948.0,946.6500244140625,947.4500122070312,98452
2026-01-13 14:50:00+05:30,947.4500122070312,948.4000244140625,947.4500122070312,948.2000122070312,93496
2026-01-13 14:55:00+05:30,948.1500244140625,948.4000244140625,946.3499755859375,947.0999755859375,104779
2026-01-13 15:00:00+05:30,947.9000244140625,949.0,947.7000122070312,948.2999877929688,153746
2026-01-13 15:05:00+05:30,948.2999877929688,949.5999755859375,948.1500244140625,949.0499877929688,240880
2026-01-13 15:10:00+05:30,949.0,949.9000244140625,948.3499755859375,948.8499755859375,145429
2026-01-13 15:15:00+05:30,948.8499755859375,949.2999877929688,948.5499877929688,948.6500244140625,214805
2026-01-13 15:20:00+05:30,948.5999755859375,950.0999755859375,948.5999755859375,949.75,204878
2026-01-13 15:25:00+05:30,949.9000244140625,950.0499877929688,948.5,949.0,131015
2026-01-14 09:20:00+05:30,947.1500244140625,949.0999755859375,946.0,946.0,60280
2026-01-14 09:25:00+05:30,946.1500244140625,947.9000244140625,945.4500122070312,947.5499877929688,69324
2026-01-14 09:30:00+05:30,947.6500244140625,948.5499877929688,946.0499877929688,946.5,43672
2026-01-14 09:35:00+05:30,946.5,947.5,946.2000122070312,947.0,28325
2026-01-14 09:40:00+05:30,947.0,947.1500244140625,945.0999755859375,945.0999755859375,35747
2026-01-14 09:45:00+05:30,945.0999755859375,945.25,943.2000122070312,945.0,71954
2026-01-14 09:50:00+05:30,945.0,948.0,944.7000122070312,947.9500122070312,32350
2026-01-14 09:55:00+05:30,947.5,949.6500244140625,947.0999755859375,949.4500122070312,59972
2026-01-14 10:00:00+05:30,949.5499877929688,949.5499877929688,947.25,948.0,48984
2026-01-14 10:05:00+05:30,947.9500122070312,948.4500122070312,946.7000122070312,947.1500244140625,25326
2026-01-14 10:10:00+05:30,947.0,947.8499755859375,946.4000244140625,947.0999755859375,30243
2026-01-14 10:15:00+05:30,947.0999755859375,947.4000244140625,944.2000122070312,945.25,38107
2026-01-14 10:20:00+05:30,945.4500122070312,945.9500122070312,945.0,945.5,34156
2026-01-14 10:25:00+05:30,945.5499877929688,947.2000122070312,945.4500122070312,947.2000122070312,31600
2026-01-14 10:30:00+05:30,947.5,948.9000244140625,946.4000244140625,948.4500122070312,52906
2026-01-14 10:35:00+05:30,948.4500122070312,948.5,945.1500244140625,945.7000122070312,38983
2026-01-14 10:40:00+05:30,945.7000122070312,947.5499877929688,945.5499877929688,946.3499755859375,45783
2026-01-14 10:45:00+05:30,946.5499877929688,946.9500122070312,944.9500122070312,946.5999755859375,49583
2026-01-14 10:50:00+05:30,946.5499877929688,947.1500244140625,945.9500122070312,946.6500244140625,18527
2026-01-14 10:55:00+05:30,946.5,947.9000244140625,946.0,947.75,25035
2026-01-14 11:00:00+05:30,947.75,947.9000244140625,946.0,946.9500122070312,28340
2026-01-14 11:05:00+05:30,946.9000244140625,948.4000244140625,946.2999877929688,948.0499877929688,36947
2026-01-14 11:10:00+05:30,948.0499877929688,949.0,948.0,948.0,104289
2026-01-14 11:15:00+05:30,947.8499755859375,949.0,947.3499755859375,948.9000244140625,55838
2026-01-14 11:20:00+05:30,948.8499755859375,949.9500122070312,948.5499877929688,948.75,91217
2026-01-14 11:25:00+05:30,948.75,950.0,947.9500122070312,949.25,55284
2026-01-14 11:30:00+05:30,949.2999877929688,949.4000244140625,948.0,949.0499877929688,34454
2026-01-14 11:35:00+05:30,949.0499877929688,950.5999755859375,948.5,948.75,98252
2026-01-14 11:40:00+05:30,948.75,950.25,948.5499877929688,949.5999755859375,32652
2026-01-14 11:45:00+05:30,949.5,951.1500244140625,949.4500122070312,950.9500122070312,106591
2026-01-14 11:50:00+05:30,951.1500244140625,953.8499755859375,950.7999877929688,951.0499877929688,118036
2026-01-14 11:55:00+05:30,951.25,951.5999755859375,950.2000122070312,950.8499755859375,32300
2026-01-14 12:00:00+05:30,950.7999877929688,951.4500122070312,950.5999755859375,951.0499877929688,26998
2026-01-14 12:05:00+05:30,951.25,951.2999877929688,950.3499755859375,950.6500244140625,48532
2026-01-14 12:10:00+05:30,950.9000244140625,951.0999755859375,950.1500244140625,951.0,63006
2026-01-14 12:15:00+05:30,951.0,951.7000122070312,950.3499755859375,951.5,30696
2026-01-14 12:20:00+05:30,951.6500244140625,952.5,951.5999755859375,951.9000244140625,29381
2026-01-14 12:25:00+05:30,951.8499755859375,952.5,951.0,951.5,25733
2026-01-14 12:30:00+05:30,951.4500122070312,951.9500122070312,951.3499755859375,951.5,17921
2026-01-14 12:35:00+05:30,951.2000122070312,953.5,951.2000122070312,953.25,40721
2026-01-14 12:40:00+05:30,953.3499755859375,953.5,951.3499755859375,951.5,20961
2026-01-14 12:45:00+05:30,951.4000244140625,953.0499877929688,951.4000244140625,952.7999877929688,29949
2026-01-14 12:50:00+05:30,952.7999877929688,952.7999877929688,950.7000122070312,951.3499755859375,25040
2026-01-14 12:55:00+05:30,951.2999877929688,951.75,951.25,951.4500122070312,21588
2026-01-14 13:00:00+05:30,951.7000122070312,952.0,951.25,951.75,21174
2026-01-14 13:05:00+05:30,951.3499755859375,952.9500122070312,950.9000244140625,952.6500244140625,86262
2026-01-14 13:10:00+05:30,952.75,953.5,952.2999877929688,952.7000122070312,21701
2026-01-14 13:15:00+05:30,952.7000122070312,953.0,952.4000244140625,952.5,20580
2026-01-14 13:20:00+05:30,952.5,952.9500122070312,951.2000122070312,951.2000122070312,89546
2026-01-14 13:25:00+05:30,951.4500122070312,952.0999755859375,951.2000122070312,951.25,20700
2026-01-14 13:30:00+05:30,951.25,951.75,951.1500244140625,951.4000244140625,13796
2026-01-14 13:35:00+05:30,951.4000244140625,951.5999755859375,950.5,951.0499877929688,39929
2026-01-14 13:40:00+05:30,950.75,952.0,950.5,950.75,59512
2026-01-14 13:45:00+05:30,950.7000122070312,950.75,949.7999877929688,950.2999877929688,45664
2026-01-14 13:50:00+05:30,950.8499755859375,952.0999755859375,950.8499755859375,951.25,39697
2026-01-14 13:55:00+05:30,951.2999877929688,951.5,950.0,950.4500122070312,69019
2026-01-14 14:00:00+05:30,950.5499877929688,951.25,950.3499755859375,950.7000122070312,34661
2026-01-14 14:05:00+05:30,950.5999755859375,951.3499755859375,950.3499755859375,951.0999755859375,22169
2026-01-14 14:10:00+05:30,951.0999755859375,951.7999877929688,950.5999755859375,951.7999877929688,15712
2026-01-14 14:15:00+05:30,951.7999877929688,951.7999877929688,951.0999755859375,951.1500244140625,27372
2026-01-14 14:20:00+05:30,951.1500244140625,951.5499877929688,948.2000122070312,948.2000122070312,111165
2026-01-14 14:25:00+05:30,948.25,948.4000244140625,946.5999755859375,946.9000244140625,99799
2026-01-14 14:30:00+05:30,946.9000244140625,947.7000122070312,946.5999755859375,947.4500122070312,33297
2026-01-14 14:35:00+05:30,947.4500122070312,948.9500122070312,946.5999755859375,948.4000244140625,131824
2026-01-14 14:40:00+05:30,948.3499755859375,949.4500122070312,947.9000244140625,949.2000122070312,217820
2026-01-14 14:45:00+05:30,949.3499755859375,950.9000244140625,949.2000122070312,950.0,58565
2026-01-14 14:50:00+05:30,950.2000122070312,950.5,948.3499755859375,949.5499877929688,94859
2026-01-14 14:55:00+05:30,949.3499755859375,950.0999755859375,948.4500122070312,948.9500122070312,91428
2026-01-14 15:00:00+05:30,949.0,949.0,945.8499755859375,946.4500122070312,132850
2026-01-14 15:05:00+05:30,946.4500122070312,946.6500244140625,946.0,946.3499755859375,117994
2026-01-14 15:10:00+05:30,946.2999877929688,946.5,945.9000244140625,946.0999755859375,132364
2026-01-14 15:15:00+05:30,946.1500244140625,946.25,945.9500122070312,946.0,159225
2026-01-14 15:20:00+05:30,945.9500122070312,945.9500122070312,945.0499877929688,945.4500122070312,131519
2026-01-16 09:20:00+05:30,948.6500244140625,949.0,945.0499877929688,946.9500122070312,461914
2026-01-16 09:25:00+05:30,947.2999877929688,948.2000122070312,945.1500244140625,947.75,211718
2026-01-16 09:30:00+05:30,947.75,947.9500122070312,945.6500244140625,947.7999877929688,149350
2026-01-16 09:35:00+05:30,947.6500244140625,949.8499755859375,946.9500122070312,948.9500122070312,136789
2026-01-16 09:40:00+05:30,948.9500122070312,949.5999755859375,947.7999877929688,948.7000122070312,136484
2026-01-16 09:45:00+05:30,948.5,951.9000244140625,947.7999877929688,951.9000244140625,144162
2026-01-16 09:50:00+05:30,951.9500122070312,952.7000122070312,950.4000244140625,951.7999877929688,79190
2026-01-16 09:55:00+05:30,952.5,954.3499755859375,952.2999877929688,952.9500122070312,110391
2026-01-16 10:00:00+05:30,952.9500122070312,956.0,952.5,954.25,116269
2026-01-16 10:05:00+05:30,954.1500244140625,955.0,953.5999755859375,955.0,55530
2026-01-16 10:10:00+05:30,954.5499877929688,955.2000122070312,954.0999755859375,954.2000122070312,62554
2026-01-16 10:15:00+05:30,954.2000122070312,958.25,954.2000122070312,957.4000244140625,123059
2026-01-16 10:20:00+05:30,957.5,958.8499755859375,956.8499755859375,957.2999877929688,108417
2026-01-16 10:25:00+05:30,957.5,958.2000122070312,957.0,957.5,135022
2026-01-16 10:30:00+05:30,957.6500244140625,959.5,957.6500244140625,958.0999755859375,145305
2026-01-16 10:35:00+05:30,958.1500244140625,959.3499755859375,957.7999877929688,958.9500122070312,98449
2026-01-16 10:40:00+05:30,959.1500244140625,962.9500122070312,958.8499755859375,960.25,159186
2026-01-16 10:45:00+05:30,960.3499755859375,962.75,960.25,961.6500244140625,82871
2026-01-16 10:50:00+05:30,961.7000122070312,961.7999877929688,960.0,960.7000122070312,79178
2026-01-16 10:55:00+05:30,960.7999877929688,962.5,959.7000122070312,959.7000122070312,77732
2026-01-16 11:00:00+05:30,959.7999877929688,960.2000122070312,958.0499877929688,958.0499877929688,87206
2026-01-16 11:05:00+05:30,958.1500244140625,958.9500122070312,956.75,956.75,114912
2026-01-16 11:10:00+05:30,956.75,957.0,953.0,953.8499755859375,166817
2026-01-16 11:15:00+05:30,953.8499755859375,955.5,953.0,954.9500122070312,167809
2026-01-16 11:20:00+05:30,955.0,955.0,951.9500122070312,953.2999877929688,371709
2026-01-16 11:25:00+05:30,953.4000244140625,953.75,951.5,951.5,84578
2026-01-16 11:30:00+05:30,951.5499877929688,953.9000244140625,950.75,950.8499755859375,253471
2026-01-16 11:35:00+05:30,950.7999877929688,954.3499755859375,950.5499877929688,954.1500244140625,302009
2026-01-16 11:40:00+05:30,954.1500244140625,954.5,953.1500244140625,954.25,67600
2026-01-16 11:45:00+05:30,954.0,954.7000122070312,953.5999755859375,953.8499755859375,71455
2026-01-16 11:50:00+05:30,953.8499755859375,954.7999877929688,953.6500244140625,954.0999755859375,87140
2026-01-16 11:55:00+05:30,953.9000244140625,954.4500122070312,953.7000122070312,954.3499755859375,63278
2026-01-16 12:00:00+05:30,954.3499755859375,956.0,954.0,955.7000122070312,182065
2026-01-16 12:05:00+05:30,955.7999877929688,957.4500122070312,955.4500122070312,956.7000122070312,77098
2026-01-16 12:10:00+05:30,956.5999755859375,956.75,955.9000244140625,956.2999877929688,57953
2026-01-16 12:15:00+05:30,956.2000122070312,956.3499755859375,954.0,954.5999755859375,78627
2026-01-16 12:20:00+05:30,954.6500244140625,955.5499877929688,954.5,955.0999755859375,65457
2026-01-16 12:25:00+05:30,955.1500244140625,955.1500244140625,952.7000122070312,953.5,267445
2026-01-16 12:30:00+05:30,953.5999755859375,954.5999755859375,953.0999755859375,954.0999755859375,68396
2026-01-16 12:35:00+05:30,954.3499755859375,954.7000122070312,953.9500122070312,954.25,59661
2026-01-16 12:40:00+05:30,954.5,954.9500122070312,953.9000244140625,954.0499877929688,68677
2026-01-16 12:45:00+05:30,954.1500244140625,954.9000244140625,953.9500122070312,954.0999755859375,62932
2026-01-16 12:50:00+05:30,954.0999755859375,955.3499755859375,953.75,955.2999877929688,67280
2026-01-16 12:55:00+05:30,955.4000244140625,955.4000244140625,954.0,954.1500244140625,63981
2026-01-16 13:00:00+05:30,954.25,954.3499755859375,953.0,953.25,92291
2026-01-16 13:05:00+05:30,953.1500244140625,953.2999877929688,952.2000122070312,952.2000122070312,110249
2026-01-16 13:10:00+05:30,952.2000122070312,952.2000122070312,950.5,951.0,100623
2026-01-16 13:15:00+05:30,950.9500122070312,951.7000122070312,950.5,950.9500122070312,70689
2026-01-16 13:20:00+05:30,951.0499877929688,951.9000244140625,950.0,950.0499877929688,70609
2026-01-16 13:25:00+05:30,950.0,950.0499877929688,948.7000122070312,949.9000244140625,111377
2026-01-16 13:30:00+05:30,949.9000244140625,952.0,949.9000244140625,950.75,83259
2026-01-16 13:35:00+05:30,950.75,951.4500122070312,950.25,950.7000122070312,58736
2026-01-16 13:40:00+05:30,950.7000122070312,951.3499755859375,949.9500122070312,950.75,64361
2026-01-16 13:45:00+05:30,950.7000122070312,951.7000122070312,950.5499877929688,951.4000244140625,88083
2026-01-16 13:50:00+05:30,951.3499755859375,951.7000122070312,950.1500244140625,950.5499877929688,77266
2026-01-16 13:55:00+05:30,950.5999755859375,951.0,950.25,950.5499877929688,80250
2026-01-16 14:00:00+05:30,950.5,951.0,950.2999877929688,950.4500122070312,51828
2026-01-16 14:05:00+05:30,950.4500122070312,951.3499755859375,950.0499877929688,950.2000122070312,81528
2026-01-16 14:10:00+05:30,950.4000244140625,951.0499877929688,950.0499877929688,950.4000244140625,61299
2026-01-16 14:15:00+05:30,950.3499755859375,950.5999755859375,949.0999755859375,950.0,70784
2026-01-16 14:20:00+05:30,949.8499755859375,950.5499877929688,949.0499877929688,950.4500122070312,60345
2026-01-16 14:25:00+05:30,950.4000244140625,951.6500244140625,949.5,949.9500122070312,86715
2026-01-16 14:30:00+05:30,949.9500122070312,950.0,949.1500244140625,949.5999755859375,60016
2026-01-16 14:35:00+05:30,949.5,950.0,948.3499755859375,949.8499755859375,89403
2026-01-16 14:40:00+05:30,949.8499755859375,950.0499877929688,949.0,949.0,91102
2026-01-16 14:45:00+05:30,949.5,950.0,948.5999755859375,948.7999877929688,74390
2026-01-16 14:50:00+05:30,948.7999877929688,949.0499877929688,947.4500122070312,947.9500122070312,88318
2026-01-16 14:55:00+05:30,947.9500122070312,950.9000244140625,947.5999755859375,950.25,120797
2026-01-16 15:00:00+05:30,950.1500244140625,951.0499877929688,949.7000122070312,950.0999755859375,274091
2026-01-16 15:05:00+05:30,950.0999755859375,952.0,949.75,951.9000244140625,313203
2026-01-16 15:10:00+05:30,951.9000244140625,951.9500122070312,949.8499755859375,949.8499755859375,345906
2026-01-16 15:15:00+05:30,949.9000244140625,949.9000244140625,948.3499755859375,949.7000122070312,389379
2026-01-16 15:20:00+05:30,949.7000122070312,950.5,949.2000122070312,950.4500122070312,356301
2026-01-16 15:25:00+05:30,950.5,951.7999877929688,950.2000122070312,951.0,260508
2026-01-19 09:20:00+05:30,954.2999877929688,962.8499755859375,953.1500244140625,962.75,202085
2026-01-19 09:25:00+05:30,962.5499877929688,964.1500244140625,957.0499877929688,957.0499877929688,159880
2026-01-19 09:30:00+05:30,957.25,962.7000122070312,955.6500244140625,962.0,98071
2026-01-19 09:35:00+05:30,961.9500122070312,962.5999755859375,958.5499877929688,958.9500122070312,99208
2026-01-19 09:40:00+05:30,959.0,963.7999877929688,957.9000244140625,963.6500244140625,124393
2026-01-19 09:45:00+05:30,963.5999755859375,965.5999755859375,963.5999755859375,963.6500244140625,131590
2026-01-19 09:50:00+05:30,963.9000244140625,964.4000244140625,961.5499877929688,961.6500244140625,70690
2026-01-19 09:55:00+05:30,961.7000122070312,962.7000122070312,960.9000244140625,962.0,110963
2026-01-19 10:00:00+05:30,962.0,962.0,958.0499877929688,960.0999755859375,79909
2026-01-19 10:05:00+05:30,960.2999877929688,960.75,959.1500244140625,960.75,40334
2026-01-19 10:10:00+05:30,960.9000244140625,960.9000244140625,956.1500244140625,956.5999755859375,65159
2026-01-19 10:15:00+05:30,956.6500244140625,958.1500244140625,956.5,958.0499877929688,70654
2026-01-19 10:20:00+05:30,958.1500244140625,960.2000122070312,958.0,960.0499877929688,54651
2026-01-19 10:25:00+05:30,960.0499877929688,960.3499755859375,959.0,960.0,58326
2026-01-19 10:30:00+05:30,959.7999877929688,961.2999877929688,959.6500244140625,959.75,52776
2026-01-19 10:35:00+05:30,959.5,960.0,956.6500244140625,958.0499877929688,67874
2026-01-19 10:40:00+05:30,958.0,961.0,958.0,960.0999755859375,30220
2026-01-19 10:45:00+05:30,960.25,962.3499755859375,960.25,961.3499755859375,64597
2026-01-19 10:50:00+05:30,961.0499877929688,962.9000244140625,961.0499877929688,962.4500122070312,33381
2026-01-19 10:55:00+05:30,962.2000122070312,967.5,962.2000122070312,967.3499755859375,240589
2026-01-19 11:00:00+05:30,967.2000122070312,968.3499755859375,966.5,967.5999755859375,104798
2026-01-19 11:05:00+05:30,967.2000122070312,968.2000122070312,966.9000244140625,967.6500244140625,51311
2026-01-19 11:10:00+05:30,967.7000122070312,967.7000122070312,965.0999755859375,966.4000244140625,74508
2026-01-19 11:15:00+05:30,950.25,968.5,950.25,968.4000244140625,120960
2026-01-19 11:20:00+05:30,968.4500122070312,968.9000244140625,967.4500122070312,968.9000244140625,68436
2026-01-19 11:25:00+05:30,968.9000244140625,969.2999877929688,967.3499755859375,968.5,170448
2026-01-19 11:30:00+05:30,968.4000244140625,968.5,966.6500244140625,967.0,127179
2026-01-19 11:35:00+05:30,967.0,969.9000244140625,966.4000244140625,969.7999877929688,87136
2026-01-19 11:40:00+05:30,969.75,971.5,969.0,971.4500122070312,122708
2026-01-19 11:45:00+05:30,971.0499877929688,971.0499877929688,969.5,970.75,67447
2026-01-19 11:50:00+05:30,970.75,970.9000244140625,969.2999877929688,969.7999877929688,49241
2026-01-19 11:55:00+05:30,969.7999877929688,969.7999877929688,967.5499877929688,968.5499877929688,165578
2026-01-19 12:00:00+05:30,968.2000122070312,968.75,967.5,967.5,72042
2026-01-19 12:05:00+05:30,967.5499877929688,968.75,966.7999877929688,968.5999755859375,61550
2026-01-19 12:10:00+05:30,968.3499755859375,968.7999877929688,967.7000122070312,968.4000244140625,78936
2026-01-19 12:15:00+05:30,968.4000244140625,970.0,968.0499877929688,969.9500122070312,61172
2026-01-19 12:20:00+05:30,969.9500122070312,971.0,969.6500244140625,969.7000122070312,39538
2026-01-19 12:25:00+05:30,969.75,970.1500244140625,969.2000122070312,969.7000122070312,30480
2026-01-19 12:30:00+05:30,970.0,970.0999755859375,969.25,969.4500122070312,46514
2026-01-19 12:35:00+05:30,969.25,969.5,969.0,969.1500244140625,37131
2026-01-19 12:40:00+05:30,969.25,970.4000244140625,969.25,969.9500122070312,26005
2026-01-19 12:45:00+05:30,969.9000244140625,970.2999877929688,968.9000244140625,969.0999755859375,65331
2026-01-19 12:50:00+05:30,969.0999755859375,970.0,967.7999877929688,969.3499755859375,96985
2026-01-19 12:55:00+05:30,969.5,970.0999755859375,969.0499877929688,970.0999755859375,21658
2026-01-19 13:00:00+05:30,970.0499877929688,971.3499755859375,969.5,970.0,35750
2026-01-19 13:05:00+05:30,970.0,970.7000122070312,969.1500244140625,969.5999755859375,38611
2026-01-19 13:10:00+05:30,969.3499755859375,970.25,969.0,970.1500244140625,50361
2026-01-19 13:15:00+05:30,970.1500244140625,970.9000244140625,969.7999877929688,970.7000122070312,25648
2026-01-19 13:20:00+05:30,970.7000122070312,971.0,969.5999755859375,969.5999755859375,33197
2026-01-19 13:25:00+05:30,969.5,969.8499755859375,969.0999755859375,969.8499755859375,34345
2026-01-19 13:30:00+05:30,969.8499755859375,970.0999755859375,969.25,970.0999755859375,42840
2026-01-19 13:35:00+05:30,970.0499877929688,970.0999755859375,969.4500122070312,969.8499755859375,18500
2026-01-19 13:40:00+05:30,969.7999877929688,969.8499755859375,968.8499755859375,969.1500244140625,94533
2026-01-19 13:45:00+05:30,969.0499877929688,970.5999755859375,969.0499877929688,970.4500122070312,101607
2026-01-19 13:50:00+05:30,970.6500244140625,971.0,970.0,970.3499755859375,55014
2026-01-19 13:55:00+05:30,970.4000244140625,970.5,969.25,969.25,101148
2026-01-19 14:00:00+05:30,969.25,970.9000244140625,969.25,970.5999755859375,27684
2026-01-19 14:05:00+05:30,970.75,971.0,970.0,970.1500244140625,35093
2026-01-19 14:10:00+05:30,970.1500244140625,970.4500122070312,968.5499877929688,969.0499877929688,160018
2026-01-19 14:15:00+05:30,969.0499877929688,970.0,969.0,969.7000122070312,37566
2026-01-19 14:20:00+05:30,969.75,969.9000244140625,969.0999755859375,969.0999755859375,24763
2026-01-19 14:25:00+05:30,969.0999755859375,970.2000122070312,969.0999755859375,969.5,107346
2026-01-19 14:30:00+05:30,969.4000244140625,969.9000244140625,968.75,969.0,53027
2026-01-19 14:35:00+05:30,969.0999755859375,969.5,968.75,968.7999877929688,110326
2026-01-19 14:40:00+05:30,968.9500122070312,970.5,968.9500122070312,970.0,83312
2026-01-19 14:45:00+05:30,970.0,970.7000122070312,969.9000244140625,970.2999877929688,35571
2026-01-19 14:50:00+05:30,970.0,972.0999755859375,969.9500122070312,970.0,212543
2026-01-19 14:55:00+05:30,970.3499755859375,972.4500122070312,969.9500122070312,971.5,232467
2026-01-19 15:00:00+05:30,971.5,972.6500244140625,969.4000244140625,970.0,254146
2026-01-19 15:05:00+05:30,970.2000122070312,970.7999877929688,969.9000244140625,970.2000122070312,285038
2026-01-19 15:10:00+05:30,970.0499877929688,970.2000122070312,969.4500122070312,969.7999877929688,160170
2026-01-19 15:15:00+05:30,969.6500244140625,970.0,968.4500122070312,968.5,165307
2026-01-19 15:20:00+05:30,968.4500122070312,968.9500122070312,966.9000244140625,968.4000244140625,311441
2026-01-19 15:25:00+05:30,968.1500244140625,970.0,967.2999877929688,967.5,118275
2026-01-20 09:20:00+05:30,954.7000122070312,956.0,952.5999755859375,952.75,351741
2026-01-20 09:25:00+05:30,952.75,953.7000122070312,950.2000122070312,950.75,185734
2026-01-20 09:30:00+05:30,950.75,951.0,946.5,947.0,389788
2026-01-20 09:35:00+05:30,947.0,947.0999755859375,941.0,941.5,376326
2026-01-20 09:40:00+05:30,941.25,946.0,939.0499877929688,943.4000244140625,290997
2026-01-20 09:45:00+05:30,943.7999877929688,945.4500122070312,941.7999877929688,944.1500244140625,189832
2026-01-20 09:50:00+05:30,944.0499877929688,947.5499877929688,943.0,945.25,179869
2026-01-20 09:55:00+05:30,945.6500244140625,947.5999755859375,941.6500244140625,942.2999877929688,152233
2026-01-20 10:00:00+05:30,942.2999877929688,945.3499755859375,941.2000122070312,943.5,221780
2026-01-20 10:05:00+05:30,943.4000244140625,944.0499877929688,940.2999877929688,941.4500122070312,85614
2026-01-20 10:10:00+05:30,941.5,946.5999755859375,941.2000122070312,945.0499877929688,163562
2026-01-20 10:15:00+05:30,945.0499877929688,946.9500122070312,943.4500122070312,945.6500244140625,114552
2026-01-20 10:20:00+05:30,945.6500244140625,946.5999755859375,944.7999877929688,945.1500244140625,39513
2026-01-20 10:25:00+05:30,945.1500244140625,946.6500244140625,943.8499755859375,945.0999755859375,59583
2026-01-20 10:30:00+05:30,945.0999755859375,945.75,942.7999877929688,942.8499755859375,82605
2026-01-20 10:35:00+05:30,942.5999755859375,945.5999755859375,942.1500244140625,945.0999755859375,36145
2026-01-20 10:40:00+05:30,945.2000122070312,945.2000122070312,943.0,943.2999877929688,60966
2026-01-20 10:45:00+05:30,943.2999877929688,946.5,943.0999755859375,945.0,95073
2026-01-20 10:50:00+05:30,944.9000244140625,945.5999755859375,943.5999755859375,944.5499877929688,37436
2026-01-20 10:55:00+05:30,944.9500122070312,945.7000122070312,943.5499877929688,944.9000244140625,134221
2026-01-20 11:00:00+05:30,945.0,945.0,942.9500122070312,944.25,304076
2026-01-20 11:05:00+05:30,944.25,945.5,942.0,943.2000122070312,64774
2026-01-20 11:10:00+05:30,943.5,944.9000244140625,943.0999755859375,944.0,27995
2026-01-20 11:15:00+05:30,944.0499877929688,946.0,943.2999877929688,945.25,42858
2026-01-20 11:20:00+05:30,945.4000244140625,946.0,944.7999877929688,945.5499877929688,42002
2026-01-20 11:25:00+05:30,945.0999755859375,945.4000244140625,944.0499877929688,944.75,39646
2026-01-20 11:30:00+05:30,944.3499755859375,944.5,942.3499755859375,942.5999755859375,37269
2026-01-20 11:35:00+05:30,942.5499877929688,943.7999877929688,942.5499877929688,942.5499877929688,45701
2026-01-20 11:40:00+05:30,942.75,945.0999755859375,942.5499877929688,945.0999755859375,111319
2026-01-20 11:45:00+05:30,945.0,945.1500244140625,944.0499877929688,944.4000244140625,78511
2026-01-20 11:50:00+05:30,944.4000244140625,945.5,943.5,944.4000244140625,62020
2026-01-20 11:55:00+05:30,944.5499877929688,944.5499877929688,942.3499755859375,942.5499877929688,46928
2026-01-20 12:00:00+05:30,942.6500244140625,943.4000244140625,942.3499755859375,942.5999755859375,54073
2026-01-20 12:05:00+05:30,942.2999877929688,943.4500122070312,942.2999877929688,942.5999755859375,56442
2026-01-20 12:10:00+05:30,942.5999755859375,943.1500244140625,942.5,942.7000122070312,49495
2026-01-20 12:15:00+05:30,942.7000122070312,943.25,942.4500122070312,942.4500122070312,42631
2026-01-20 12:20:00+05:30,942.5999755859375,942.75,942.2000122070312,942.6500244140625,45861
2026-01-20 12:25:00+05:30,942.5999755859375,942.9000244140625,942.1500244140625,942.6500244140625,86321
2026-01-20 12:30:00+05:30,942.5999755859375,943.9500122070312,942.5999755859375,943.75,37495
2026-01-20 12:35:00+05:30,943.7000122070312,944.2999877929688,943.5499877929688,943.5999755859375,36800
2026-01-20 12:40:00+05:30,943.5,944.0999755859375,942.5999755859375,942.5999755859375,34892
2026-01-20 12:45:00+05:30,942.5999755859375,943.1500244140625,941.7000122070312,942.25,88561
2026-01-20 12:50:00+05:30,942.25,945.0,941.0,944.75,104337
2026-01-20 12:55:00+05:30,944.9000244140625,945.9000244140625,943.9500122070312,945.1500244140625,64563
2026-01-20 13:00:00+05:30,945.1500244140625,945.9500122070312,943.5999755859375,944.25,62872
2026-01-20 13:05:00+05:30,944.25,945.4000244140625,944.2000122070312,944.7999877929688,55323
2026-01-20 13:10:00+05:30,944.6500244140625,946.0,944.5,945.4000244140625,42173
2026-01-20 13:15:00+05:30,945.4000244140625,945.9000244140625,944.9000244140625,945.75,41560
2026-01-20 13:20:00+05:30,945.9500122070312,946.5,945.5499877929688,945.8499755859375,64158
2026-01-20 13:25:00+05:30,946.0499877929688,946.4500122070312,945.7000122070312,946.0,44364
2026-01-20 13:30:00+05:30,946.0999755859375,946.25,945.4500122070312,945.75,46692
2026-01-20 13:35:00+05:30,945.7000122070312,945.9000244140625,943.75,944.9000244140625,142968
2026-01-20 13:40:00+05:30,944.9000244140625,945.5999755859375,944.0,945.2999877929688,51916
2026-01-20 13:45:00+05:30,945.2999877929688,945.2999877929688,944.25,944.75,42954
2026-01-20 13:50:00+05:30,944.75,945.4500122070312,944.3499755859375,944.6500244140625,44980
2026-01-20 13:55:00+05:30,944.6500244140625,945.4500122070312,944.3499755859375,944.7000122070312,37321
2026-01-20 14:00:00+05:30,944.7000122070312,945.5,943.2000122070312,945.0,107466
2026-01-20 14:05:00+05:30,945.2000122070312,945.2000122070312,942.4000244140625,943.5999755859375,147415
2026-01-20 14:10:00+05:30,943.5999755859375,944.6500244140625,942.2999877929688,943.4500122070312,142008
2026-01-20 14:15:00+05:30,943.4500122070312,944.5,943.25,943.25,72668
2026-01-20 14:20:00+05:30,943.2000122070312,944.5999755859375,943.0499877929688,944.0999755859375,56670
2026-01-20 14:25:00+05:30,944.2000122070312,945.7999877929688,944.0999755859375,945.5,70698
2026-01-20 14:30:00+05:30,945.4000244140625,945.7999877929688,944.5499877929688,944.5999755859375,74067
2026-01-20 14:35:00+05:30,944.8499755859375,945.25,943.4000244140625,943.4000244140625,100974
2026-01-20 14:40:00+05:30,943.6500244140625,943.75,942.5499877929688,943.5,134095
2026-01-20 14:45:00+05:30,943.5,943.7999877929688,942.7999877929688,943.0499877929688,65586
2026-01-20 14:50:00+05:30,943.0499877929688,943.6500244140625,942.5499877929688,942.7000122070312,55831
2026-01-20 14:55:00+05:30,942.6500244140625,942.7999877929688,940.5499877929688,940.5499877929688,237388
2026-01-20 15:00:00+05:30,940.7999877929688,940.7999877929688,936.2999877929688,936.5,268184
2026-01-20 15:05:00+05:30,936.75,936.9500122070312,934.2999877929688,934.4000244140625,239418
2026-01-20 15:10:00+05:30,934.4500122070312,935.2999877929688,933.0499877929688,933.2999877929688,329507
2026-01-20 15:15:00+05:30,933.5,934.3499755859375,929.0499877929688,929.9000244140625,385426
2026-01-20 15:20:00+05:30,930.0499877929688,930.4000244140625,928.5999755859375,928.9000244140625,203549
2026-01-20 15:25:00+05:30,928.8499755859375,932.0,928.0499877929688,931.5,219490
2026-01-21 09:20:00+05:30,935.75,935.75,932.5,933.75,127237
2026-01-21 09:25:00+05:30,933.9000244140625,936.5499877929688,931.5999755859375,932.0499877929688,127832
2026-01-21 09:30:00+05:30,932.0499877929688,934.7000122070312,931.8499755859375,934.0999755859375,46101
2026-01-21 09:35:00+05:30,934.1500244140625,934.1500244140625,930.0499877929688,930.0499877929688,56893
2026-01-21 09:40:00+05:30,930.1500244140625,932.2999877929688,930.1500244140625,931.0499877929688,67094
2026-01-21 09:45:00+05:30,931.1500244140625,931.1500244140625,928.0499877929688,929.4000244140625,62976
2026-01-21 09:50:00+05:30,929.6500244140625,930.7000122070312,927.0499877929688,927.7000122070312,38896
2026-01-21 09:55:00+05:30,928.1500244140625,929.6500244140625,927.5,927.8499755859375,44441
2026-01-21 10:00:00+05:30,928.0499877929688,930.3499755859375,927.7999877929688,929.0499877929688,32547
2026-01-21 10:05:00+05:30,929.9500122070312,930.9500122070312,928.75,928.9000244140625,36061
2026-01-21 10:10:00+05:30,929.0499877929688,932.0,928.2999877929688,930.0499877929688,33085
2026-01-21 10:15:00+05:30,930.0,930.0999755859375,926.0999755859375,926.5499877929688,52856
2026-01-21 10:20:00+05:30,926.5499877929688,928.25,926.5,927.75,40901
2026-01-21 10:25:00+05:30,927.75,929.2999877929688,926.7000122070312,927.9500122070312,70058
2026-01-21 10:30:00+05:30,927.5999755859375,928.7999877929688,927.4000244140625,928.5499877929688,42300
2026-01-21 10:35:00+05:30,928.7999877929688,929.0,927.2000122070312,927.4500122070312,38663
2026-01-21 10:40:00+05:30,927.5,928.1500244140625,922.5,924.5999755859375,149621
2026-01-21 10:45:00+05:30,924.5499877929688,925.0,923.5499877929688,923.9000244140625,100686
2026-01-21 10:50:00+05:30,923.9000244140625,926.2999877929688,923.5999755859375,924.2000122070312,112901
2026-01-21 10:55:00+05:30,924.25,927.4500122070312,921.0499877929688,927.4500122070312,136843
2026-01-21 11:00:00+05:30,927.5999755859375,930.5,927.0999755859375,929.7999877929688,64861
2026-01-21 11:05:00+05:30,930.2000122070312,930.2000122070312,928.5999755859375,929.2000122070312,47902
2026-01-21 11:10:00+05:30,928.9500122070312,931.6500244140625,928.75,930.5499877929688,63626
2026-01-21 11:15:00+05:30,930.2999877929688,932.9000244140625,929.2000122070312,932.75,72286
2026-01-21 11:20:00+05:30,932.5999755859375,932.5999755859375,930.0,930.5499877929688,30711
2026-01-21 11:25:00+05:30,930.4500122070312,931.2999877929688,929.0499877929688,929.5499877929688,31273
2026-01-21 11:30:00+05:30,929.5499877929688,932.0,929.2000122070312,931.0499877929688,43768
2026-01-21 11:35:00+05:30,931.0499877929688,932.4000244140625,931.0,931.9000244140625,39555
2026-01-21 11:40:00+05:30,931.8499755859375,932.2000122070312,931.0,931.4500122070312,29119
2026-01-21 11:45:00+05:30,931.4000244140625,932.7000122070312,931.0499877929688,932.3499755859375,69643
2026-01-21 11:50:00+05:30,932.1500244140625,934.5,932.0,933.4500122070312,71883
2026-01-21 11:55:00+05:30,933.9500122070312,934.3499755859375,932.2999877929688,934.0,22881
2026-01-21 12:00:00+05:30,933.7999877929688,936.7999877929688,933.7000122070312,936.1500244140625,56316
2026-01-21 12:05:00+05:30,936.2000122070312,936.9500122070312,935.0499877929688,936.7000122070312,59259
2026-01-21 12:10:00+05:30,936.7000122070312,940.0,936.5,940.0,112802
2026-01-21 12:15:00+05:30,940.0499877929688,943.2000122070312,940.0,942.25,85065
2026-01-21 12:20:00+05:30,941.75,944.2999877929688,941.0499877929688,944.2000122070312,67493
2026-01-21 12:25:00+05:30,944.0,944.2999877929688,941.25,942.0,64887
2026-01-21 12:30:00+05:30,941.9500122070312,944.0999755859375,941.9000244140625,944.0999755859375,35114
2026-01-21 12:35:00+05:30,944.25,947.2999877929688,943.7000122070312,946.8499755859375,94039
2026-01-21 12:40:00+05:30,946.8499755859375,947.0,944.25,944.75,44160
2026-01-21 12:45:00+05:30,945.1500244140625,946.9000244140625,944.8499755859375,946.5,68637
2026-01-21 12:50:00+05:30,946.7000122070312,946.7000122070312,944.75,945.2000122070312,37884
2026-01-21 12:55:00+05:30,945.1500244140625,945.6500244140625,943.2999877929688,944.0999755859375,53277
2026-01-21 13:00:00+05:30,944.25,945.7000122070312,943.9500122070312,945.2999877929688,33438
2026-01-21 13:05:00+05:30,945.4000244140625,946.5,943.5499877929688,943.5499877929688,32020
2026-01-21 13:10:00+05:30,943.5499877929688,944.0,941.5,943.0,40386
2026-01-21 13:15:00+05:30,943.0999755859375,943.7000122070312,941.7999877929688,942.5,47411
2026-01-21 13:20:00+05:30,942.7000122070312,943.0,940.2000122070312,941.1500244140625,51390
2026-01-21 13:25:00+05:30,941.1500244140625,941.4000244140625,940.2000122070312,940.6500244140625,26190
2026-01-21 13:30:00+05:30,940.75,941.5,938.9000244140625,939.25,35756
2026-01-21 13:35:00+05:30,939.1500244140625,941.4500122070312,938.5999755859375,940.25,27917
2026-01-21 13:40:00+05:30,940.25,940.4500122070312,938.5999755859375,938.9500122070312,56944
2026-01-21 13:45:00+05:30,938.7999877929688,939.9000244140625,938.6500244140625,939.5499877929688,29380
2026-01-21 13:50:00+05:30,939.5499877929688,940.0,937.5,938.25,75212
2026-01-21 13:55:00+05:30,938.25,938.4500122070312,936.2999877929688,936.6500244140625,36387
2026-01-21 14:00:00+05:30,936.75,937.9500122070312,935.0999755859375,935.4500122070312,36929
2026-01-21 14:05:00+05:30,935.4500122070312,936.2999877929688,935.0999755859375,935.5,38024
2026-01-21 14:10:00+05:30,935.7000122070312,936.7000122070312,935.5,935.6500244140625,30372
2026-01-21 14:15:00+05:30,935.6500244140625,938.4000244140625,935.0,937.5,101643
2026-01-21 14:20:00+05:30,937.5,938.0,934.4000244140625,935.0,36732
2026-01-21 14:25:00+05:30,935.0,935.0499877929688,932.8499755859375,932.9000244140625,43333
2026-01-21 14:30:00+05:30,932.9500122070312,934.7999877929688,932.2000122070312,934.2999877929688,33871
2026-01-21 14:35:00+05:30,934.3499755859375,934.6500244140625,933.4000244140625,934.0499877929688,60854
2026-01-21 14:40:00+05:30,934.2000122070312,934.9500122070312,933.0,933.7999877929688,59013
2026-01-21 14:45:00+05:30,933.7999877929688,934.5,933.3499755859375,933.7999877929688,52592
2026-01-21 14:50:00+05:30,933.7999877929688,934.8499755859375,933.6500244140625,934.5,50611
2026-01-21 14:55:00+05:30,934.5,935.5,933.6500244140625,934.2999877929688,75427
2026-01-21 15:00:00+05:30,934.2999877929688,937.75,934.0999755859375,937.5999755859375,159631
2026-01-21 15:05:00+05:30,937.5999755859375,937.8499755859375,935.4000244140625,935.75,171350
2026-01-21 15:10:00+05:30,935.5999755859375,936.5999755859375,935.0499877929688,936.2999877929688,155302
2026-01-21 15:15:00+05:30,936.2999877929688,936.9000244140625,935.7999877929688,936.5999755859375,193317
2026-01-21 15:20:00+05:30,936.5999755859375,936.75,936.0499877929688,936.5999755859375,173475
2026-01-21 15:25:00+05:30,936.6500244140625,938.0,935.0,936.0,127950
2026-01-22 09:20:00+05:30,937.1500244140625,938.8499755859375,936.0499877929688,937.4000244140625,137715
2026-01-22 09:25:00+05:30,937.2999877929688,940.0,936.5,939.7999877929688,180202
2026-01-22 09:30:00+05:30,939.4000244140625,941.75,938.2999877929688,939.5999755859375,136508
2026-01-22 09:35:00+05:30,939.4500122070312,942.8499755859375,939.2000122070312,942.5,182615
2026-01-22 09:40:00+05:30,942.25,944.2000122070312,942.0,944.2000122070312,125574
2026-01-22 09:45:00+05:30,944.3499755859375,945.0,943.5499877929688,943.5499877929688,115515
2026-01-22 09:50:00+05:30,943.5499877929688,944.5999755859375,940.7000122070312,941.9000244140625,109162
2026-01-22 09:55:00+05:30,941.6500244140625,942.4500122070312,940.0,940.0,81146
2026-01-22 10:00:00+05:30,940.0,942.0,940.0,941.7000122070312,57323
2026-01-22 10:05:00+05:30,942.0,943.7999877929688,942.0,942.25,52793
2026-01-22 10:10:00+05:30,942.25,943.9000244140625,942.0999755859375,942.2999877929688,54602
2026-01-22 10:15:00+05:30,942.25,944.7000122070312,942.25,943.2000122070312,43611
2026-01-22 10:20:00+05:30,942.75,945.0,942.5,944.5,92454
2026-01-22 10:25:00+05:30,944.5499877929688,944.9500122070312,942.2000122070312,942.2999877929688,67933
2026-01-22 10:30:00+05:30,942.2000122070312,942.2000122070312,938.0,941.7000122070312,80454
2026-01-22 10:35:00+05:30,941.8499755859375,943.5499877929688,941.2000122070312,941.9000244140625,26585
2026-01-22 10:40:00+05:30,941.5,942.4500122070312,941.0999755859375,942.0999755859375,14313
2026-01-22 10:45:00+05:30,942.0999755859375,942.25,939.0499877929688,939.2999877929688,21432
2026-01-22 10:50:00+05:30,939.5499877929688,941.2000122070312,938.7000122070312,941.0,27395
2026-01-22 10:55:00+05:30,941.0499877929688,941.25,938.0,938.0,38796
2026-01-22 11:00:00+05:30,938.0,940.2999877929688,938.0,940.2999877929688,24533
2026-01-22 11:05:00+05:30,940.1500244140625,942.5499877929688,939.75,942.2999877929688,35620
2026-01-22 11:10:00+05:30,942.75,943.5499877929688,942.0,943.5,34051
2026-01-22 11:15:00+05:30,943.5499877929688,944.5,941.7999877929688,942.0,42024
2026-01-22 11:20:00+05:30,941.9500122070312,944.0,941.9500122070312,943.2999877929688,19512
2026-01-22 11:25:00+05:30,943.2999877929688,944.9000244140625,943.0999755859375,943.25,31687
2026-01-22 11:30:00+05:30,943.5,944.0999755859375,942.4500122070312,942.7999877929688,29517
2026-01-22 11:35:00+05:30,942.9000244140625,943.3499755859375,941.7000122070312,941.7000122070312,23091
2026-01-22 11:40:00+05:30,942.0,942.0,936.0999755859375,936.25,163130
2026-01-22 11:45:00+05:30,936.25,938.2999877929688,935.25,937.75,60042
2026-01-22 11:50:00+05:30,937.8499755859375,939.2999877929688,936.0999755859375,936.0999755859375,101049
2026-01-22 11:55:00+05:30,936.7000122070312,936.7000122070312,934.25,936.0499877929688,43866
2026-01-22 12:00:00+05:30,936.25,937.9500122070312,936.0499877929688,936.4000244140625,36705
2026-01-22 12:05:00+05:30,936.7000122070312,938.0,936.5499877929688,937.0,23386
2026-01-22 12:10:00+05:30,937.0,937.9000244140625,936.3499755859375,937.1500244140625,112121
2026-01-22 12:15:00+05:30,937.2000122070312,938.3499755859375,936.3499755859375,937.8499755859375,36388
2026-01-22 12:20:00+05:30,937.3499755859375,939.9000244140625,937.2999877929688,938.7000122070312,66698
2026-01-22 12:25:00+05:30,938.8499755859375,939.5999755859375,938.1500244140625,939.2000122070312,29726
2026-01-22 12:30:00+05:30,939.0499877929688,939.7999877929688,938.5,939.5,36315
2026-01-22 12:35:00+05:30,939.4500122070312,940.0,938.2999877929688,939.8499755859375,58971
2026-01-22 12:40:00+05:30,939.8499755859375,940.5,938.5,940.1500244140625,85164
2026-01-22 12:45:00+05:30,940.1500244140625,941.0,940.1500244140625,940.5999755859375,39258
2026-01-22 12:50:00+05:30,940.8499755859375,941.2999877929688,940.0,940.1500244140625,37316
2026-01-22 12:55:00+05:30,940.0499877929688,940.25,938.7999877929688,939.1500244140625,95499
2026-01-22 13:00:00+05:30,939.0999755859375,940.7000122070312,938.5499877929688,940.2000122070312,58435
2026-01-22 13:05:00+05:30,940.2000122070312,940.8499755859375,940.0499877929688,940.1500244140625,27383
2026-01-22 13:10:00+05:30,940.25,940.6500244140625,939.1500244140625,939.4500122070312,65131
2026-01-22 13:15:00+05:30,939.4500122070312,939.75,937.8499755859375,938.8499755859375,44459
2026-01-22 13:20:00+05:30,939.1500244140625,939.4500122070312,937.7000122070312,938.3499755859375,47152
2026-01-22 13:25:00+05:30,937.9000244140625,939.9500122070312,937.4000244140625,938.5499877929688,120514
2026-01-22 13:30:00+05:30,938.5499877929688,940.9500122070312,938.25,940.5499877929688,40441
2026-01-22 13:35:00+05:30,940.5499877929688,941.0999755859375,939.0499877929688,939.9500122070312,47118
2026-01-22 13:40:00+05:30,939.9500122070312,940.9000244140625,939.5,940.5,37141
2026-01-22 13:45:00+05:30,940.3499755859375,940.75,939.0999755859375,940.5499877929688,46474
2026-01-22 13:50:00+05:30,940.5,941.5,940.0999755859375,941.0499877929688,100150
2026-01-22 13:55:00+05:30,941.2000122070312,941.5999755859375,939.7000122070312,940.5999755859375,38502
2026-01-22 14:00:00+05:30,940.6500244140625,940.8499755859375,939.7000122070312,940.3499755859375,32586
2026-01-22 14:05:00+05:30,940.2000122070312,940.6500244140625,938.5499877929688,939.0,55038
2026-01-22 14:10:00+05:30,938.9500122070312,939.1500244140625,936.0,936.0499877929688,50236
2026-01-22 14:15:00+05:30,936.0,936.75,935.5499877929688,936.3499755859375,80200
2026-01-22 14:20:00+05:30,936.0999755859375,937.5,935.7999877929688,936.7999877929688,36540
2026-01-22 14:25:00+05:30,936.7000122070312,939.1500244140625,936.5499877929688,938.7999877929688,28455
2026-01-22 14:30:00+05:30,939.0499877929688,940.9000244140625,938.1500244140625,940.4500122070312,54051
2026-01-22 14:35:00+05:30,940.4000244140625,941.5999755859375,939.3499755859375,941.25,63629
2026-01-22 14:40:00+05:30,941.3499755859375,942.0,940.7999877929688,941.2999877929688,48093
2026-01-22 14:45:00+05:30,941.2999877929688,943.5999755859375,941.2000122070312,942.5499877929688,99643
2026-01-22 14:50:00+05:30,942.5,943.1500244140625,941.5499877929688,941.9500122070312,50091
2026-01-22 14:55:00+05:30,942.0999755859375,943.8499755859375,941.7999877929688,943.3499755859375,54726
2026-01-22 15:00:00+05:30,943.4000244140625,943.4000244140625,939.9500122070312,940.0499877929688,146937
2026-01-22 15:05:00+05:30,940.0499877929688,943.0,940.0499877929688,942.75,117086
2026-01-22 15:10:00+05:30,942.9000244140625,943.2000122070312,942.2999877929688,943.0,183365
2026-01-22 15:15:00+05:30,943.0,943.75,943.0,943.5499877929688,155590
2026-01-22 15:20:00+05:30,943.5499877929688,944.4500122070312,943.5,944.25,198971
2026-01-22 15:25:00+05:30,944.0,945.0,943.2999877929688,945.0,163538
2026-01-23 09:20:00+05:30,944.0,947.5499877929688,943.3499755859375,946.7999877929688,104328
2026-01-23 09:25:00+05:30,946.9500122070312,951.3499755859375,946.5999755859375,951.0,99195
2026-01-23 09:30:00+05:30,950.6500244140625,950.9500122070312,948.1500244140625,948.2000122070312,37262
2026-01-23 09:35:00+05:30,948.3499755859375,948.5999755859375,946.7999877929688,947.4000244140625,31628
2026-01-23 09:40:00+05:30,947.7000122070312,947.9000244140625,945.0499877929688,946.7000122070312,28800
2026-01-23 09:45:00+05:30,946.7000122070312,948.2000122070312,946.2999877929688,947.4500122070312,33690
2026-01-23 09:50:00+05:30,947.0,947.5,945.5499877929688,945.5499877929688,17767
2026-01-23 09:55:00+05:30,945.8499755859375,947.0,945.5499877929688,946.7999877929688,27669
2026-01-23 10:00:00+05:30,946.25,947.4000244140625,945.9000244140625,946.7999877929688,22468
2026-01-23 10:05:00+05:30,946.7999877929688,947.5,945.0,945.0499877929688,29032
2026-01-23 10:10:00+05:30,944.6500244140625,946.0499877929688,944.6500244140625,945.3499755859375,21489
2026-01-23 10:15:00+05:30,945.1500244140625,945.7000122070312,944.2999877929688,944.8499755859375,27923
2026-01-23 10:20:00+05:30,944.8499755859375,945.25,944.25,945.25,20309
2026-01-23 10:25:00+05:30,945.25,946.0,944.5,945.2999877929688,16461
2026-01-23 10:30:00+05:30,945.3499755859375,947.4000244140625,945.3499755859375,946.6500244140625,27560
2026-01-23 10:35:00+05:30,946.75,947.0999755859375,945.1500244140625,945.25,24147
2026-01-23 10:40:00+05:30,945.3499755859375,945.9500122070312,943.2000122070312,943.6500244140625,39674
2026-01-23 10:45:00+05:30,943.6500244140625,943.7999877929688,941.5999755859375,941.75,32231
2026-01-23 10:50:00+05:30,941.6500244140625,942.3499755859375,940.9500122070312,941.4500122070312,30929
2026-01-23 10:55:00+05:30,941.0499877929688,941.9500122070312,940.5,941.5499877929688,37892
2026-01-23 11:00:00+05:30,941.25,942.5,940.7999877929688,942.0,70601
2026-01-23 11:05:00+05:30,942.0499877929688,943.4500122070312,941.5499877929688,943.0999755859375,28200
2026-01-23 11:10:00+05:30,943.0499877929688,944.25,943.0499877929688,943.1500244140625,27790
2026-01-23 11:15:00+05:30,942.9000244140625,943.25,941.0999755859375,942.0,29510
2026-01-23 11:20:00+05:30,942.0,943.5999755859375,941.8499755859375,942.25,31718
2026-01-23 11:25:00+05:30,942.2000122070312,943.9000244140625,941.9500122070312,942.25,33286
2026-01-23 11:30:00+05:30,942.3499755859375,943.0999755859375,941.0499877929688,941.4500122070312,26734
2026-01-23 11:35:00+05:30,941.3499755859375,942.0,937.8499755859375,937.8499755859375,1568556
2026-01-23 11:40:00+05:30,938.0,938.2999877929688,935.2000122070312,935.2000122070312,78573
2026-01-23 11:45:00+05:30,935.1500244140625,936.0499877929688,933.0999755859375,933.1500244140625,80394
2026-01-23 11:50:00+05:30,933.1500244140625,934.5499877929688,932.75,933.7000122070312,56341
2026-01-23 11:55:00+05:30,933.75,934.0999755859375,932.5999755859375,933.5999755859375,70876
2026-01-23 12:00:00+05:30,933.3499755859375,933.75,931.4500122070312,932.2999877929688,55750
2026-01-23 12:05:00+05:30,932.0,932.2000122070312,929.9000244140625,930.6500244140625,91677
2026-01-23 12:10:00+05:30,930.75,931.5999755859375,930.0,930.3499755859375,54137
2026-01-23 12:15:00+05:30,930.4000244140625,932.4500122070312,930.2999877929688,932.4500122070312,54447
2026-01-23 12:20:00+05:30,932.4500122070312,932.8499755859375,930.9000244140625,931.5499877929688,128467
2026-01-23 12:25:00+05:30,931.5499877929688,932.8499755859375,931.2000122070312,931.9500122070312,52609
2026-01-23 12:30:00+05:30,931.9000244140625,933.2000122070312,931.5499877929688,932.4000244140625,37706
2026-01-23 12:35:00+05:30,932.3499755859375,934.6500244140625,932.2000122070312,934.6500244140625,40672
2026-01-23 12:40:00+05:30,934.4000244140625,935.2000122070312,933.1500244140625,933.8499755859375,36124
2026-01-23 12:45:00+05:30,933.75,935.0499877929688,932.2999877929688,932.8499755859375,37592
2026-01-23 12:50:00+05:30,932.8499755859375,933.75,932.1500244140625,933.5999755859375,37434
2026-01-23 12:55:00+05:30,933.4500122070312,933.9500122070312,931.3499755859375,932.5499877929688,163874
2026-01-23 13:00:00+05:30,932.5499877929688,932.9500122070312,931.4000244140625,932.2000122070312,65230
2026-01-23 13:05:00+05:30,932.25,933.6500244140625,932.0,933.25,47536
2026-01-23 13:10:00+05:30,933.2000122070312,933.75,932.0,932.5,42819
2026-01-23 13:15:00+05:30,932.6500244140625,932.6500244140625,930.5499877929688,931.0499877929688,128326
2026-01-23 13:20:00+05:30,931.2999877929688,931.4500122070312,930.0,930.1500244140625,56110
2026-01-23 13:25:00+05:30,930.9500122070312,931.2999877929688,929.75,930.0,87043
2026-01-23 13:30:00+05:30,930.0,930.7000122070312,927.5999755859375,927.9000244140625,143069
2026-01-23 13:35:00+05:30,927.4000244140625,928.4500122070312,926.75,927.8499755859375,131285
2026-01-23 13:40:00+05:30,927.7999877929688,928.2999877929688,927.3499755859375,927.3499755859375,63418
2026-01-23 13:45:00+05:30,927.4000244140625,929.2000122070312,927.2999877929688,929.0499877929688,45551
2026-01-23 13:50:00+05:30,929.0,929.9000244140625,928.5,929.5999755859375,72287
2026-01-23 13:55:00+05:30,929.5999755859375,930.4000244140625,928.7000122070312,928.9500122070312,47239
2026-01-23 14:00:00+05:30,928.8499755859375,930.5999755859375,928.1500244140625,929.5999755859375,55291
2026-01-23 14:05:00+05:30,929.7999877929688,930.2999877929688,928.3499755859375,929.5999755859375,47590
2026-01-23 14:10:00+05:30,929.5999755859375,931.25,928.7000122070312,931.25,47332
2026-01-23 14:15:00+05:30,931.0,931.9500122070312,929.75,929.9500122070312,63989
2026-01-23 14:20:00+05:30,930.0,930.25,929.0499877929688,929.6500244140625,66212
2026-01-23 14:25:00+05:30,929.6500244140625,931.3499755859375,929.4500122070312,931.0,57846
2026-01-23 14:30:00+05:30,931.4000244140625,931.4000244140625,930.0,930.1500244140625,63209
2026-01-23 14:35:00+05:30,930.3499755859375,931.0,929.5,930.9500122070312,115270
2026-01-23 14:40:00+05:30,930.9500122070312,931.4000244140625,930.2999877929688,930.4000244140625,39954
2026-01-23 14:45:00+05:30,930.75,930.75,927.0999755859375,927.0999755859375,127577
2026-01-23 14:50:00+05:30,927.25,928.0499877929688,926.5499877929688,927.75,88821
2026-01-23 14:55:00+05:30,928.2000122070312,930.0,928.0999755859375,928.5499877929688,114962
2026-01-23 15:00:00+05:30,928.7999877929688,929.0999755859375,927.2000122070312,928.8499755859375,149035
2026-01-23 15:05:00+05:30,928.8499755859375,929.0499877929688,927.0999755859375,927.25,132303
2026-01-23 15:10:00+05:30,927.2999877929688,928.2000122070312,927.0499877929688,927.7999877929688,148528
2026-01-23 15:15:00+05:30,927.6500244140625,928.0499877929688,927.2999877929688,927.5999755859375,132410
2026-01-23 15:20:00+05:30,927.5,928.0999755859375,926.5999755859375,927.0499877929688,195162
2026-01-23 15:25:00+05:30,927.0499877929688,929.9000244140625,927.0499877929688,929.5,169708
2026-01-27 09:20:00+05:30,926.25,926.25,921.7999877929688,922.0499877929688,170177
2026-01-27 09:25:00+05:30,922.0499877929688,923.0,920.4500122070312,921.0999755859375,147772
2026-01-27 09:30:00+05:30,920.9500122070312,921.9000244140625,919.7000122070312,921.5499877929688,111244
2026-01-27 09:35:00+05:30,921.4000244140625,928.0,921.4000244140625,927.5999755859375,126473
2026-01-27 09:40:00+05:30,927.2999877929688,929.0,926.0999755859375,928.8499755859375,137954
2026-01-27 09:45:00+05:30,928.8499755859375,931.75,927.5499877929688,930.25,127131
2026-01-27 09:50:00+05:30,930.0499877929688,930.5,927.75,928.2000122070312,220049
2026-01-27 09:55:00+05:30,928.2000122070312,928.2000122070312,926.4500122070312,927.0,51967
2026-01-27 10:00:00+05:30,927.4500122070312,929.4500122070312,927.0,929.0,95170
2026-01-27 10:05:00+05:30,928.9000244140625,929.4000244140625,926.5999755859375,927.2999877929688,50238
2026-01-27 10:10:00+05:30,927.2999877929688,928.0999755859375,922.5,927.4000244140625,1699322
2026-01-27 10:15:00+05:30,927.4500122070312,928.8499755859375,927.0,927.4000244140625,203071
2026-01-27 10:20:00+05:30,927.5,927.8499755859375,924.5499877929688,924.9500122070312,102220
2026-01-27 10:25:00+05:30,924.9000244140625,926.3499755859375,921.5,921.8499755859375,72562
2026-01-27 10:30:00+05:30,921.4500122070312,923.7000122070312,921.4500122070312,922.3499755859375,82229
2026-01-27 10:35:00+05:30,922.4500122070312,923.4500122070312,922.0,922.8499755859375,46576
2026-01-27 10:40:00+05:30,922.9000244140625,922.9000244140625,921.0,921.0499877929688,78609
2026-01-27 10:45:00+05:30,921.0499877929688,921.5499877929688,920.0,921.4500122070312,71382
2026-01-27 10:50:00+05:30,921.3499755859375,921.4500122070312,917.9000244140625,918.0,101521
2026-01-27 10:55:00+05:30,918.25,919.5999755859375,917.5,918.5999755859375,115898
2026-01-27 11:00:00+05:30,918.5999755859375,919.0,916.7000122070312,916.9000244140625,100448
2026-01-27 11:05:00+05:30,917.0,917.7999877929688,915.75,916.7999877929688,98149
2026-01-27 11:10:00+05:30,916.7999877929688,917.3499755859375,916.0,916.0499877929688,68663
2026-01-27 11:15:00+05:30,916.0499877929688,919.4000244140625,915.5499877929688,919.0999755859375,167023
2026-01-27 11:20:00+05:30,919.2000122070312,920.5499877929688,918.5,920.2000122070312,227023
2026-01-27 11:25:00+05:30,919.9500122070312,920.4500122070312,918.6500244140625,919.5999755859375,78994
2026-01-27 11:30:00+05:30,919.5999755859375,920.75,918.2000122070312,918.75,157586
2026-01-27 11:35:00+05:30,918.7999877929688,919.9000244140625,918.1500244140625,918.75,80919
2026-01-27 11:40:00+05:30,918.9500122070312,921.0999755859375,918.4000244140625,920.6500244140625,331198
2026-01-27 11:45:00+05:30,920.5999755859375,921.1500244140625,918.5,918.6500244140625,110462
2026-01-27 11:50:00+05:30,918.5499877929688,918.9000244140625,915.5,915.5499877929688,79567
2026-01-27 11:55:00+05:30,915.8499755859375,916.4000244140625,914.8499755859375,915.75,78240
2026-01-27 12:00:00+05:30,915.8499755859375,918.2000122070312,915.4000244140625,917.4000244140625,137389
2026-01-27 12:05:00+05:30,917.2999877929688,917.7000122070312,915.9500122070312,916.0999755859375,47698
2026-01-27 12:10:00+05:30,916.0499877929688,917.5,915.5999755859375,915.8499755859375,83932
2026-01-27 12:15:00+05:30,915.9000244140625,916.3499755859375,914.0999755859375,914.0999755859375,100771
2026-01-27 12:20:00+05:30,914.2000122070312,917.7000122070312,913.75,917.4500122070312,127690
2026-01-27 12:25:00+05:30,917.4500122070312,917.7000122070312,916.0,916.5,106564
2026-01-27 12:30:00+05:30,916.2000122070312,917.5499877929688,915.5499877929688,916.8499755859375,41726
2026-01-27 12:35:00+05:30,916.8499755859375,917.0999755859375,916.2999877929688,916.7999877929688,51651
2026-01-27 12:40:00+05:30,916.75,917.0499877929688,915.75,916.7999877929688,35370
2026-01-27 12:45:00+05:30,917.0499877929688,917.4000244140625,915.6500244140625,915.9000244140625,46271
2026-01-27 12:50:00+05:30,915.75,917.5999755859375,915.7000122070312,917.0,44142
2026-01-27 12:55:00+05:30,917.0,917.3499755859375,916.5999755859375,916.7999877929688,42799
2026-01-27 13:00:00+05:30,916.8499755859375,917.0,914.2000122070312,915.2000122070312,80952
2026-01-27 13:05:00+05:30,915.2999877929688,915.5999755859375,914.75,915.25,49738
2026-01-27 13:10:00+05:30,915.0499877929688,915.25,914.0,915.0,85499
2026-01-27 13:15:00+05:30,914.9000244140625,916.7000122070312,914.9000244140625,916.5,91522
2026-01-27 13:20:00+05:30,916.5,919.4000244140625,915.9000244140625,918.8499755859375,83591
2026-01-27 13:25:00+05:30,918.9000244140625,921.2999877929688,918.6500244140625,921.0999755859375,110290
2026-01-27 13:30:00+05:30,921.0499877929688,921.9500122070312,919.6500244140625,919.9500122070312,97315
2026-01-27 13:35:00+05:30,920.1500244140625,920.2000122070312,915.0499877929688,915.1500244140625,65336
2026-01-27 13:40:00+05:30,915.1500244140625,916.25,913.9500122070312,914.1500244140625,145077
2026-01-27 13:45:00+05:30,914.25,914.25,911.8499755859375,912.8499755859375,211501
2026-01-27 13:50:00+05:30,913.0999755859375,913.0999755859375,910.9500122070312,911.7000122070312,235042
2026-01-27 13:55:00+05:30,911.5499877929688,913.0999755859375,911.0,911.4000244140625,180794
2026-01-27 14:00:00+05:30,911.3499755859375,911.5499877929688,909.4000244140625,910.0499877929688,187158
2026-01-27 14:05:00+05:30,910.25,910.7999877929688,909.5999755859375,910.2999877929688,65452
2026-01-27 14:10:00+05:30,910.25,911.0999755859375,910.0,910.5,69889
2026-01-27 14:15:00+05:30,910.4500122070312,910.7000122070312,908.9000244140625,909.0999755859375,189190
2026-01-27 14:20:00+05:30,909.2999877929688,910.0,908.0499877929688,908.3499755859375,87213
2026-01-27 14:25:00+05:30,908.2000122070312,909.2000122070312,908.2000122070312,908.4000244140625,73291
2026-01-27 14:30:00+05:30,908.4000244140625,909.5999755859375,907.75,909.0,718532
2026-01-27 14:35:00+05:30,909.2999877929688,911.6500244140625,908.7000122070312,911.6500244140625,400238
2026-01-27 14:40:00+05:30,911.5999755859375,913.0499877929688,910.7000122070312,912.0,414292
2026-01-27 14:45:00+05:30,911.7999877929688,913.0,910.6500244140625,912.2000122070312,252863
2026-01-27 14:50:00+05:30,912.6500244140625,914.7000122070312,912.2000122070312,914.0999755859375,298894
2026-01-27 14:55:00+05:30,914.0999755859375,915.3499755859375,914.0,914.6500244140625,389348
2026-01-27 15:00:00+05:30,914.6500244140625,914.7000122070312,912.3499755859375,912.9000244140625,640761
2026-01-27 15:05:00+05:30,912.8499755859375,913.9000244140625,912.5499877929688,913.0,656642
2026-01-27 15:10:00+05:30,913.25,915.9500122070312,912.6500244140625,914.75,609560
2026-01-27 15:15:00+05:30,914.8499755859375,916.0499877929688,914.6500244140625,915.75,733722
2026-01-27 15:20:00+05:30,915.75,916.0,914.8499755859375,916.0,576554
2026-01-28 09:15:00+05:30,915.0,929.2999877929688,915.0,924.5499877929688,538619
2026-01-28 09:20:00+05:30,924.7000122070312,927.5999755859375,923.75,925.25,223917
2026-01-28 09:25:00+05:30,925.25,926.5499877929688,924.5999755859375,925.8499755859375,120658
2026-01-28 09:30:00+05:30,925.2000122070312,926.25,923.2999877929688,923.5999755859375,95917
2026-01-28 09:35:00+05:30,923.0,923.9000244140625,921.5499877929688,922.8499755859375,64494
2026-01-28 09:40:00+05:30,922.8499755859375,925.25,922.5,923.7999877929688,124813
2026-01-28 09:45:00+05:30,923.8499755859375,924.1500244140625,921.7000122070312,923.7000122070312,76941
2026-01-28 09:50:00+05:30,924.1500244140625,924.5499877929688,923.2000122070312,923.7999877929688,43211
2026-01-28 09:55:00+05:30,923.5,925.0,922.75,925.0,50266
2026-01-28 10:00:00+05:30,924.7999877929688,925.0,923.2999877929688,924.2999877929688,58928
2026-01-28 10:05:00+05:30,924.2999877929688,925.1500244140625,922.3499755859375,922.75,45478
2026-01-28 10:10:00+05:30,922.6500244140625,923.3499755859375,922.25,922.7000122070312,46529
2026-01-28 10:15:00+05:30,922.75,923.0,921.6500244140625,922.9000244140625,43418
2026-01-28 10:20:00+05:30,923.4500122070312,923.9500122070312,921.4500122070312,921.9500122070312,88706
2026-01-28 10:25:00+05:30,922.0,922.5,921.7000122070312,922.0999755859375,40770
2026-01-28 10:30:00+05:30,921.9500122070312,924.4000244140625,921.8499755859375,924.4000244140625,37442
2026-01-28 10:35:00+05:30,924.4500122070312,925.5999755859375,923.8499755859375,925.4000244140625,60268
2026-01-28 10:40:00+05:30,925.1500244140625,925.75,925.0,925.0,35566
2026-01-28 10:45:00+05:30,925.0499877929688,925.2999877929688,923.5,925.1500244140625,53469
2026-01-28 10:50:00+05:30,925.2000122070312,927.0,925.1500244140625,926.5499877929688,51040
2026-01-28 10:55:00+05:30,926.25,928.4000244140625,926.25,927.5499877929688,94257
2026-01-28 11:00:00+05:30,927.7999877929688,929.2999877929688,927.5999755859375,928.9500122070312,58361
2026-01-28 11:05:00+05:30,928.9500122070312,929.5,928.0,929.2999877929688,58901
2026-01-28 11:10:00+05:30,929.3499755859375,930.6500244140625,929.0499877929688,930.25,121151
2026-01-28 11:15:00+05:30,930.2999877929688,931.2999877929688,929.4500122070312,931.0999755859375,104621
2026-01-28 11:20:00+05:30,931.3499755859375,933.2999877929688,931.0,933.2999877929688,91852
2026-01-28 11:25:00+05:30,932.7000122070312,933.0,931.9000244140625,932.1500244140625,39882
2026-01-28 11:30:00+05:30,932.2000122070312,933.7999877929688,932.0999755859375,932.0999755859375,56866
2026-01-28 11:35:00+05:30,932.2000122070312,933.2000122070312,930.5499877929688,930.7999877929688,54013
2026-01-28 11:40:00+05:30,931.0499877929688,931.2000122070312,930.5499877929688,930.5499877929688,36696
2026-01-28 11:45:00+05:30,930.4000244140625,931.5,930.0999755859375,931.0,43639
2026-01-28 11:50:00+05:30,931.0999755859375,933.0999755859375,930.9500122070312,933.0,45904
2026-01-28 11:55:00+05:30,932.9000244140625,933.4500122070312,929.75,929.7999877929688,62994
2026-01-28 12:00:00+05:30,929.7999877929688,930.3499755859375,929.0,930.0499877929688,53213
2026-01-28 12:05:00+05:30,930.0499877929688,930.75,929.0999755859375,929.0999755859375,97752
2026-01-28 12:10:00+05:30,929.0999755859375,929.0999755859375,927.1500244140625,927.75,119854
2026-01-28 12:15:00+05:30,927.75,928.5499877929688,927.4000244140625,927.7999877929688,98063
2026-01-28 12:20:00+05:30,927.5,927.8499755859375,926.0,926.75,145686
2026-01-28 12:25:00+05:30,926.75,927.25,925.7999877929688,926.2999877929688,37463
2026-01-28 12:30:00+05:30,926.3499755859375,926.5999755859375,925.4000244140625,925.9000244140625,30218
2026-01-28 12:35:00+05:30,925.7999877929688,927.5999755859375,925.5,926.0499877929688,115854
2026-01-28 12:40:00+05:30,926.0,926.0,924.4000244140625,925.5,31148
2026-01-28 12:45:00+05:30,925.3499755859375,925.8499755859375,924.5499877929688,924.7000122070312,38558
2026-01-28 12:50:00+05:30,924.7000122070312,927.25,924.1500244140625,926.7000122070312,139639
2026-01-28 12:55:00+05:30,926.7000122070312,927.0,926.0499877929688,926.3499755859375,20109
2026-01-28 13:00:00+05:30,926.3499755859375,927.5999755859375,926.3499755859375,927.0499877929688,79189
2026-01-28 13:05:00+05:30,927.0499877929688,929.9500122070312,927.0499877929688,929.4500122070312,39235
2026-01-28 13:10:00+05:30,929.6500244140625,929.9500122070312,929.0,929.2999877929688,22154
2026-01-28 13:15:00+05:30,929.5999755859375,930.9000244140625,929.1500244140625,930.4500122070312,29718
2026-01-28 13:20:00+05:30,930.5,930.6500244140625,928.0,929.4000244140625,51227
2026-01-28 13:25:00+05:30,929.0,930.3499755859375,928.75,929.7999877929688,34881
2026-01-28 13:30:00+05:30,929.5999755859375,930.2999877929688,928.4000244140625,928.5999755859375,31203
2026-01-28 13:35:00+05:30,928.5,929.2000122070312,927.7999877929688,929.1500244140625,26311
2026-01-28 13:40:00+05:30,929.0999755859375,929.7000122070312,928.0999755859375,928.2999877929688,33409
2026-01-28 13:45:00+05:30,928.0999755859375,929.0,927.6500244140625,928.4000244140625,86423
2026-01-28 13:50:00+05:30,928.4000244140625,930.0,927.9500122070312,929.6500244140625,35205
2026-01-28 13:55:00+05:30,929.6500244140625,931.25,929.4000244140625,930.7999877929688,62727
2026-01-28 14:00:00+05:30,930.7999877929688,931.6500244140625,930.1500244140625,930.75,41697
2026-01-28 14:05:00+05:30,930.75,931.4000244140625,929.8499755859375,929.9500122070312,63042
2026-01-28 14:10:00+05:30,929.9000244140625,930.6500244140625,929.5999755859375,930.2000122070312,27759
2026-01-28 14:15:00+05:30,930.2000122070312,930.2999877929688,928.2000122070312,929.5499877929688,63404
2026-01-28 14:20:00+05:30,929.7999877929688,929.7999877929688,928.25,929.2000122070312,32098
2026-01-28 14:25:00+05:30,929.2000122070312,930.0,928.75,929.4000244140625,33766
2026-01-28 14:30:00+05:30,929.4000244140625,929.9000244140625,928.25,928.25,28916
2026-01-28 14:35:00+05:30,928.1500244140625,929.2000122070312,928.0,929.0999755859375,43718
2026-01-28 14:40:00+05:30,929.1500244140625,929.9000244140625,928.7000122070312,929.4000244140625,56641
2026-01-28 14:45:00+05:30,929.4000244140625,931.5,929.2000122070312,931.4500122070312,48990
2026-01-28 14:50:00+05:30,931.5,932.8499755859375,931.0999755859375,932.7999877929688,44919
2026-01-28 14:55:00+05:30,933.5999755859375,934.0,933.2000122070312,933.5999755859375,52603
2026-01-28 15:00:00+05:30,933.7999877929688,935.3499755859375,933.7999877929688,934.5,200917
2026-01-28 15:05:00+05:30,934.5999755859375,935.7000122070312,934.5999755859375,935.0499877929688,185165
2026-01-28 15:10:00+05:30,935.0999755859375,935.2000122070312,934.0,934.25,224618
2026-01-28 15:15:00+05:30,934.25,935.8499755859375,934.1500244140625,935.75,219635
2026-01-28 15:20:00+05:30,935.7999877929688,936.0,935.0,935.2000122070312,276871
2026-01-28 15:25:00+05:30,935.2000122070312,936.0499877929688,935.0,935.5999755859375,172029
2026-01-29 09:15:00+05:30,934.9000244140625,934.9000244140625,924.4000244140625,931.2999877929688,450920
2026-01-29 09:20:00+05:30,931.7000122070312,934.5999755859375,930.7999877929688,932.9500122070312,150158
2026-01-29 09:25:00+05:30,933.0,934.9000244140625,932.5,932.9000244140625,99010
2026-01-29 09:30:00+05:30,932.75,935.4000244140625,932.0499877929688,935.25,75387
2026-01-29 09:35:00+05:30,935.0,935.1500244140625,931.7000122070312,933.25,90663
2026-01-29 09:40:00+05:30,933.25,933.5999755859375,931.9500122070312,931.9500122070312,74209
2026-01-29 09:45:00+05:30,931.4000244140625,933.2999877929688,930.9000244140625,932.0499877929688,85892
2026-01-29 09:50:00+05:30,932.2000122070312,932.7000122070312,929.9000244140625,929.9000244140625,61280
2026-01-29 09:55:00+05:30,930.1500244140625,930.2999877929688,927.0,928.2999877929688,74632
2026-01-29 10:00:00+05:30,928.3499755859375,931.5,928.3499755859375,931.0999755859375,33381
2026-01-29 10:05:00+05:30,931.0999755859375,931.9000244140625,929.25,929.7000122070312,51210
2026-01-29 10:10:00+05:30,930.0499877929688,931.5999755859375,929.1500244140625,930.9000244140625,53374
2026-01-29 10:15:00+05:30,930.8499755859375,931.4000244140625,930.0499877929688,930.4500122070312,49135
2026-01-29 10:20:00+05:30,930.4500122070312,930.4500122070312,926.8499755859375,928.4500122070312,79038
2026-01-29 10:25:00+05:30,928.3499755859375,928.4500122070312,925.75,927.1500244140625,67264
2026-01-29 10:30:00+05:30,927.1500244140625,928.7000122070312,926.25,928.0499877929688,44974
2026-01-29 10:35:00+05:30,927.9000244140625,928.2000122070312,925.5,926.0,62916
2026-01-29 10:40:00+05:30,925.9000244140625,926.4000244140625,924.4500122070312,926.0,57884
2026-01-29 10:45:00+05:30,925.4500122070312,925.9500122070312,924.9000244140625,924.9000244140625,58156
2026-01-29 10:50:00+05:30,924.9000244140625,926.25,924.75,926.1500244140625,34998
2026-01-29 10:55:00+05:30,926.5999755859375,928.5,926.2000122070312,927.4000244140625,62936
2026-01-29 11:00:00+05:30,927.4000244140625,929.0,927.2999877929688,928.6500244140625,29381
2026-01-29 11:05:00+05:30,928.5999755859375,930.7999877929688,928.4000244140625,929.5,65954
2026-01-29 11:10:00+05:30,929.5999755859375,931.4000244140625,929.2999877929688,931.0,118515
2026-01-29 11:15:00+05:30,931.2000122070312,932.2999877929688,931.0,931.5999755859375,46226
2026-01-29 11:20:00+05:30,931.6500244140625,932.8499755859375,931.2000122070312,932.2000122070312,46213
2026-01-29 11:25:00+05:30,932.2000122070312,932.2000122070312,930.0999755859375,930.8499755859375,49635
2026-01-29 11:30:00+05:30,931.2999877929688,932.3499755859375,928.6500244140625,929.0,96029
2026-01-29 11:35:00+05:30,929.0499877929688,931.2999877929688,928.9000244140625,930.2999877929688,45190
2026-01-29 11:40:00+05:30,930.2000122070312,930.5499877929688,929.4500122070312,929.6500244140625,101945
2026-01-29 11:45:00+05:30,929.5499877929688,930.0,928.0,929.9000244140625,63615
2026-01-29 11:50:00+05:30,929.9000244140625,930.8499755859375,929.4000244140625,929.4000244140625,52548
2026-01-29 11:55:00+05:30,929.5999755859375,930.0999755859375,929.25,929.9500122070312,39809
2026-01-29 12:00:00+05:30,929.9500122070312,931.4000244140625,929.8499755859375,931.0499877929688,29833
2026-01-29 12:05:00+05:30,931.0,932.5,930.0499877929688,932.0,114818
2026-01-29 12:10:00+05:30,931.9500122070312,931.9500122070312,930.3499755859375,931.2999877929688,37843
2026-01-29 12:15:00+05:30,931.25,931.7000122070312,930.5999755859375,931.1500244140625,28991
2026-01-29 12:20:00+05:30,931.1500244140625,932.0,930.5,931.7000122070312,37991
2026-01-29 12:25:00+05:30,931.7000122070312,931.7999877929688,930.8499755859375,931.2999877929688,44017
2026-01-29 12:30:00+05:30,931.4500122070312,932.5,931.2999877929688,932.0999755859375,24547
2026-01-29 12:35:00+05:30,932.0999755859375,932.2000122070312,931.7000122070312,931.9500122070312,36084
2026-01-29 12:40:00+05:30,931.9500122070312,932.4000244140625,931.0,931.0499877929688,39715
2026-01-29 12:45:00+05:30,931.0499877929688,931.8499755859375,930.5999755859375,931.4000244140625,23620
2026-01-29 12:50:00+05:30,931.4000244140625,932.8499755859375,931.4000244140625,932.5,35006
2026-01-29 12:55:00+05:30,932.5999755859375,933.0,931.4500122070312,931.4500122070312,60046
2026-01-29 13:00:00+05:30,931.4500122070312,933.75,931.4500122070312,933.75,27763
2026-01-29 13:05:00+05:30,933.6500244140625,936.0,933.5,935.3499755859375,50622
2026-01-29 13:10:00+05:30,935.25,935.75,934.1500244140625,934.7000122070312,81751
2026-01-29 13:15:00+05:30,934.6500244140625,935.7999877929688,934.3499755859375,935.2000122070312,168230
2026-01-29 13:20:00+05:30,936.2999877929688,936.4000244140625,935.5499877929688,935.7999877929688,91500
2026-01-29 13:25:00+05:30,936.0,936.4000244140625,935.5999755859375,936.2999877929688,53420
2026-01-29 13:30:00+05:30,936.0,937.9500122070312,935.7999877929688,937.4000244140625,53555
2026-01-29 13:35:00+05:30,937.5499877929688,938.5,937.0499877929688,938.5,38122
2026-01-29 13:40:00+05:30,938.4500122070312,938.5,937.0,937.7000122070312,72976
2026-01-29 13:45:00+05:30,938.0499877929688,939.5999755859375,937.2999877929688,938.8499755859375,89012
2026-01-29 13:50:00+05:30,938.6500244140625,939.2999877929688,938.5,938.8499755859375,50017
2026-01-29 13:55:00+05:30,938.9000244140625,938.9000244140625,937.8499755859375,938.25,51270
2026-01-29 14:00:00+05:30,938.25,939.0,937.2000122070312,937.2000122070312,87402
2026-01-29 14:05:00+05:30,937.1500244140625,937.2999877929688,934.7000122070312,934.7000122070312,131507
2026-01-29 14:10:00+05:30,934.1500244140625,935.6500244140625,934.1500244140625,935.0,70135
2026-01-29 14:15:00+05:30,935.0499877929688,936.3499755859375,934.8499755859375,935.3499755859375,67529
2026-01-29 14:20:00+05:30,935.25,935.7000122070312,934.7999877929688,935.2000122070312,69845
2026-01-29 14:25:00+05:30,935.2000122070312,936.4500122070312,935.0,936.4500122070312,49268
2026-01-29 14:30:00+05:30,936.4500122070312,937.75,936.4000244140625,937.25,110615
2026-01-29 14:35:00+05:30,937.2000122070312,937.9000244140625,936.5999755859375,937.0999755859375,118103
2026-01-29 14:40:00+05:30,937.0999755859375,937.8499755859375,936.25,937.8499755859375,77228
2026-01-29 14:45:00+05:30,937.5999755859375,938.0,937.2000122070312,937.9500122070312,59231
2026-01-29 14:50:00+05:30,937.9000244140625,938.0,936.5999755859375,936.8499755859375,84227
2026-01-29 14:55:00+05:30,936.9000244140625,936.9500122070312,935.2999877929688,935.4500122070312,141594
2026-01-29 15:00:00+05:30,935.9000244140625,936.8499755859375,935.2000122070312,935.5499877929688,252276
2026-01-29 15:05:00+05:30,935.5499877929688,935.75,934.1500244140625,934.5499877929688,236886
2026-01-29 15:10:00+05:30,934.5499877929688,935.0,934.3499755859375,934.3499755859375,223835
2026-01-29 15:15:00+05:30,934.25,936.2999877929688,934.1500244140625,935.2000122070312,286211
2026-01-29 15:20:00+05:30,935.1500244140625,935.1500244140625,933.7000122070312,934.3499755859375,218423
2026-01-30 09:15:00+05:30,930.0499877929688,931.5999755859375,925.75,929.7999877929688,191652
2026-01-30 09:20:00+05:30,929.7999877929688,930.9000244140625,927.9500122070312,927.9500122070312,86417
2026-01-30 09:25:00+05:30,927.1500244140625,929.5,927.1500244140625,927.4500122070312,80190
2026-01-30 09:30:00+05:30,927.0999755859375,927.25,925.1500244140625,926.7999877929688,79962
2026-01-30 09:35:00+05:30,927.0,930.9500122070312,926.5,929.5499877929688,88848
2026-01-30 09:40:00+05:30,928.9500122070312,929.7000122070312,927.5,928.7999877929688,61150
2026-01-30 09:45:00+05:30,928.7999877929688,928.8499755859375,927.2999877929688,928.3499755859375,44946
2026-01-30 09:50:00+05:30,928.2999877929688,929.5,927.5499877929688,928.6500244140625,57787
2026-01-30 09:55:00+05:30,928.6500244140625,928.6500244140625,926.7999877929688,927.7000122070312,94287
2026-01-30 10:00:00+05:30,927.6500244140625,929.0,927.0,927.7999877929688,49964
2026-01-30 10:05:00+05:30,927.7999877929688,928.0,927.2000122070312,927.4000244140625,30659
2026-01-30 10:10:00+05:30,927.4500122070312,929.1500244140625,927.1500244140625,929.0999755859375,47418
2026-01-30 10:15:00+05:30,929.0999755859375,929.9500122070312,929.0999755859375,929.5999755859375,44637
2026-01-30 10:20:00+05:30,929.5499877929688,929.7000122070312,927.3499755859375,927.7000122070312,67119
2026-01-30 10:25:00+05:30,927.6500244140625,928.0,927.1500244140625,927.9000244140625,36817
2026-01-30 10:30:00+05:30,927.9000244140625,929.9000244140625,927.3499755859375,929.9000244140625,83065
2026-01-30 10:35:00+05:30,929.7999877929688,929.9000244140625,928.0,929.8499755859375,69435
2026-01-30 10:40:00+05:30,929.6500244140625,930.5499877929688,929.0,929.0,61360
2026-01-30 10:45:00+05:30,929.0,930.3499755859375,928.75,929.5,53412
2026-01-30 10:50:00+05:30,929.25,929.9500122070312,928.5,928.9500122070312,81408
2026-01-30 10:55:00+05:30,928.7999877929688,929.6500244140625,928.75,929.4000244140625,51004
2026-01-30 11:00:00+05:30,929.25,929.5,928.0999755859375,929.2000122070312,106393
2026-01-30 11:05:00+05:30,929.0,930.0,928.3499755859375,928.3499755859375,93755
2026-01-30 11:10:00+05:30,928.4000244140625,929.0999755859375,926.0,928.4000244140625,155515
2026-01-30 11:15:00+05:30,927.9500122070312,931.3499755859375,927.7000122070312,931.3499755859375,149783
2026-01-30 11:20:00+05:30,931.4500122070312,932.6500244140625,931.2000122070312,932.5,66995
2026-01-30 11:25:00+05:30,932.5999755859375,932.9500122070312,931.4500122070312,932.25,58007
2026-01-30 11:30:00+05:30,932.0999755859375,933.4500122070312,932.0,932.5,43278
2026-01-30 11:35:00+05:30,932.5499877929688,933.7999877929688,931.7000122070312,933.7999877929688,24084
2026-01-30 11:40:00+05:30,933.7999877929688,933.7999877929688,932.7999877929688,933.1500244140625,21811
2026-01-30 11:45:00+05:30,933.0999755859375,933.1500244140625,931.7999877929688,933.0,263598
2026-01-30 11:50:00+05:30,932.9500122070312,935.6500244140625,932.9500122070312,935.5499877929688,47488
2026-01-30 11:55:00+05:30,935.5499877929688,935.9500122070312,933.5999755859375,934.25,28570
2026-01-30 12:00:00+05:30,934.3499755859375,935.0,933.4000244140625,934.5999755859375,19182
2026-01-30 12:05:00+05:30,934.5999755859375,934.9500122070312,934.0999755859375,934.7999877929688,17498
2026-01-30 12:10:00+05:30,935.2999877929688,937.4000244140625,935.2999877929688,937.0999755859375,39519
2026-01-30 12:15:00+05:30,937.0999755859375,937.1500244140625,934.9000244140625,935.0499877929688,25539
2026-01-30 12:20:00+05:30,935.0,936.7000122070312,934.7999877929688,936.5499877929688,19457
2026-01-30 12:25:00+05:30,936.5999755859375,937.0,936.0,936.0,18928
2026-01-30 12:30:00+05:30,936.0,936.9500122070312,935.4500122070312,935.7999877929688,20772
2026-01-30 12:35:00+05:30,936.1500244140625,936.4500122070312,934.9000244140625,936.2000122070312,22287
2026-01-30 12:40:00+05:30,936.4500122070312,936.6500244140625,934.6500244140625,935.1500244140625,29020
2026-01-30 12:45:00+05:30,935.0999755859375,935.5499877929688,935.0,935.4000244140625,14384
2026-01-30 12:50:00+05:30,935.4000244140625,936.0,934.9000244140625,935.3499755859375,17890
2026-01-30 12:55:00+05:30,935.5999755859375,936.0,935.2999877929688,935.6500244140625,14569
2026-01-30 13:00:00+05:30,935.75,936.0,935.6500244140625,935.6500244140625,87856
2026-01-30 13:05:00+05:30,935.6500244140625,935.7999877929688,933.0,933.2999877929688,64984
2026-01-30 13:10:00+05:30,933.2999877929688,933.75,932.5499877929688,933.0,48473
2026-01-30 13:15:00+05:30,932.5,932.7999877929688,929.0,929.0999755859375,296469
2026-01-30 13:20:00+05:30,929.1500244140625,930.2999877929688,928.25,929.0999755859375,218875
2026-01-30 13:25:00+05:30,929.0999755859375,930.4000244140625,929.0,929.5499877929688,56491
2026-01-30 13:30:00+05:30,929.5499877929688,930.8499755859375,929.4000244140625,930.4500122070312,39523
2026-01-30 13:35:00+05:30,930.0499877929688,933.9000244140625,929.7000122070312,933.7999877929688,79918
2026-01-30 13:40:00+05:30,933.7999877929688,935.9500122070312,933.7999877929688,935.2000122070312,39891
2026-01-30 13:45:00+05:30,935.4500122070312,935.9500122070312,933.1500244140625,934.5999755859375,67696
2026-01-30 13:50:00+05:30,934.5999755859375,935.5,934.0499877929688,934.5999755859375,105716
2026-01-30 13:55:00+05:30,935.0,935.2999877929688,934.5499877929688,935.1500244140625,74647
2026-01-30 14:00:00+05:30,935.0499877929688,935.3499755859375,935.0,935.0,60871
2026-01-30 14:05:00+05:30,935.0,937.3499755859375,935.0,937.0999755859375,116926
2026-01-30 14:10:00+05:30,937.0999755859375,937.8499755859375,935.4000244140625,936.0999755859375,196414
2026-01-30 14:15:00+05:30,936.4500122070312,936.5,934.3499755859375,935.6500244140625,65754
2026-01-30 14:20:00+05:30,935.4500122070312,935.6500244140625,930.4500122070312,930.9500122070312,114093
2026-01-30 14:25:00+05:30,930.9500122070312,930.9500122070312,929.5499877929688,930.5,38055
2026-01-30 14:30:00+05:30,930.5,931.4000244140625,929.5,930.6500244140625,44518
2026-01-30 14:35:00+05:30,930.75,932.0,930.4500122070312,931.5499877929688,104959
2026-01-30 14:40:00+05:30,931.75,931.9500122070312,927.9000244140625,928.2999877929688,171691
2026-01-30 14:45:00+05:30,928.2999877929688,932.25,928.0499877929688,932.0,283751
2026-01-30 14:50:00+05:30,931.9000244140625,932.4000244140625,931.0999755859375,931.4500122070312,318978
2026-01-30 14:55:00+05:30,931.5999755859375,932.4500122070312,930.9000244140625,931.1500244140625,283910
2026-01-30 15:00:00+05:30,931.2999877929688,932.5,927.2999877929688,932.4500122070312,954049
2026-01-30 15:05:00+05:30,932.4500122070312,932.4500122070312,930.0,931.4500122070312,788620
2026-01-30 15:10:00+05:30,931.4500122070312,932.4500122070312,929.7999877929688,929.9500122070312,654126
2026-01-30 15:15:00+05:30,929.9500122070312,931.2000122070312,928.0,928.2000122070312,778347
2026-01-30 15:20:00+05:30,928.2000122070312,928.75,926.25,926.6500244140625,685510
2026-01-30 15:25:00+05:30,926.5,933.0,926.5,931.4500122070312,530001
2026-02-03 09:15:00+05:30,969.2999877929688,972.4000244140625,957.8499755859375,958.0499877929688,1848748
2026-02-03 09:20:00+05:30,958.4000244140625,964.5999755859375,958.2999877929688,959.2999877929688,522195
2026-02-03 09:25:00+05:30,959.4500122070312,961.5,952.2999877929688,959.8499755859375,581931
2026-02-03 09:30:00+05:30,959.7999877929688,963.7000122070312,958.6500244140625,959.5999755859375,369823
2026-02-03 09:35:00+05:30,959.5499877929688,960.6500244140625,951.0,952.5999755859375,487561
2026-02-03 09:40:00+05:30,952.4000244140625,952.7000122070312,947.7999877929688,948.0,436949
2026-02-03 09:45:00+05:30,948.5,950.7999877929688,944.9500122070312,950.7999877929688,485639
2026-02-03 09:50:00+05:30,950.7000122070312,950.7000122070312,943.5999755859375,943.7999877929688,317095
2026-02-03 09:55:00+05:30,943.6500244140625,948.0,942.4500122070312,943.0999755859375,338881
2026-02-03 10:00:00+05:30,943.0999755859375,947.6500244140625,942.0999755859375,945.2999877929688,235747
2026-02-03 10:05:00+05:30,945.2000122070312,948.4500122070312,945.0,946.2000122070312,164532
2026-02-03 10:10:00+05:30,946.0,948.3499755859375,945.4000244140625,946.5999755859375,132863
2026-02-03 10:15:00+05:30,946.6500244140625,950.0,946.6500244140625,948.1500244140625,195011
2026-02-03 10:20:00+05:30,948.1500244140625,952.5999755859375,947.4000244140625,949.7999877929688,306377
2026-02-03 10:25:00+05:30,949.6500244140625,952.7999877929688,949.0999755859375,950.8499755859375,298287
2026-02-03 10:30:00+05:30,951.1500244140625,956.4000244140625,950.0,953.8499755859375,183984
2026-02-03 10:35:00+05:30,953.8499755859375,954.7999877929688,951.75,954.0999755859375,85474
2026-02-03 10:40:00+05:30,954.0999755859375,956.7999877929688,953.9500122070312,954.25,136905
2026-02-03 10:45:00+05:30,954.25,956.2000122070312,953.9500122070312,955.0999755859375,146508
2026-02-03 10:50:00+05:30,955.0999755859375,955.25,950.0999755859375,950.4000244140625,139554
2026-02-03 10:55:00+05:30,950.4000244140625,955.0,950.25,954.0999755859375,217038
2026-02-03 11:00:00+05:30,954.0999755859375,955.0,953.25,954.2000122070312,41782
2026-02-03 11:05:00+05:30,954.4000244140625,955.0,953.0499877929688,953.7000122070312,39860
2026-02-03 11:10:00+05:30,953.7000122070312,953.9000244140625,951.7999877929688,953.25,85527
2026-02-03 11:15:00+05:30,953.0999755859375,954.9000244140625,951.9000244140625,954.2000122070312,64337
2026-02-03 11:20:00+05:30,953.9500122070312,956.3499755859375,953.7000122070312,955.4500122070312,89693
2026-02-03 11:25:00+05:30,955.5999755859375,956.6500244140625,955.0,955.3499755859375,75353
2026-02-03 11:30:00+05:30,955.4000244140625,957.25,955.0,956.75,78946
2026-02-03 11:35:00+05:30,956.9000244140625,957.2999877929688,955.4000244140625,955.4500122070312,56702
2026-02-03 11:40:00+05:30,955.5,956.5,955.25,956.4500122070312,38936
2026-02-03 11:45:00+05:30,956.4500122070312,956.9000244140625,955.0999755859375,955.1500244140625,51912
2026-02-03 11:50:00+05:30,955.0,955.8499755859375,955.0,955.75,44789
2026-02-03 11:55:00+05:30,955.5999755859375,958.0,955.3499755859375,958.0,39147
2026-02-03 12:00:00+05:30,957.7999877929688,957.8499755859375,955.2000122070312,955.5499877929688,46716
2026-02-03 12:05:00+05:30,955.5,956.7000122070312,955.0,956.2000122070312,53822
2026-02-03 12:10:00+05:30,956.2000122070312,956.6500244140625,955.5499877929688,956.0499877929688,50204
2026-02-03 12:15:00+05:30,955.9500122070312,956.5,955.5499877929688,956.0499877929688,53636
2026-02-03 12:20:00+05:30,956.2000122070312,956.2000122070312,955.0,955.4000244140625,87229
2026-02-03 12:25:00+05:30,955.4500122070312,955.9000244140625,955.0,955.4500122070312,74358
2026-02-03 12:30:00+05:30,955.4500122070312,957.8499755859375,955.2000122070312,957.75,144210
2026-02-03 12:35:00+05:30,957.7999877929688,958.5,956.9500122070312,958.5,75006
2026-02-03 12:40:00+05:30,958.5,959.7000122070312,958.2000122070312,958.4500122070312,86549
2026-02-03 12:45:00+05:30,958.4500122070312,959.25,957.8499755859375,958.6500244140625,57126
2026-02-03 12:50:00+05:30,958.6500244140625,959.6500244140625,958.6500244140625,959.0,47741
2026-02-03 12:55:00+05:30,959.1500244140625,961.0,959.0499877929688,960.9500122070312,115205
2026-02-03 13:00:00+05:30,961.4000244140625,963.0,959.6500244140625,960.0,185175
2026-02-03 13:05:00+05:30,960.0,962.2999877929688,959.5,961.1500244140625,72996
2026-02-03 13:10:00+05:30,961.25,961.9000244140625,960.1500244140625,961.1500244140625,78021
2026-02-03 13:15:00+05:30,961.2000122070312,963.0,961.1500244140625,962.8499755859375,88280
2026-02-03 13:20:00+05:30,962.9500122070312,964.6500244140625,962.1500244140625,963.75,118645
2026-02-03 13:25:00+05:30,963.75,964.7999877929688,961.5499877929688,964.4000244140625,100717
2026-02-03 13:30:00+05:30,964.4500122070312,966.4500122070312,963.0999755859375,963.5,181510
2026-02-03 13:35:00+05:30,963.5499877929688,964.2000122070312,961.9500122070312,963.6500244140625,113704
2026-02-03 13:40:00+05:30,963.7999877929688,964.5,961.5999755859375,963.2000122070312,129208
2026-02-03 13:45:00+05:30,963.2000122070312,966.5499877929688,962.75,966.0999755859375,103616
2026-02-03 13:50:00+05:30,966.0999755859375,967.75,965.0499877929688,966.9000244140625,121356
2026-02-03 13:55:00+05:30,966.7999877929688,967.5,964.7999877929688,965.1500244140625,79816
2026-02-03 14:00:00+05:30,965.1500244140625,966.0499877929688,963.8499755859375,964.75,80828
2026-02-03 14:05:00+05:30,964.7999877929688,966.0,963.75,965.9000244140625,124925
2026-02-03 14:10:00+05:30,965.8499755859375,967.0,965.0,965.0,82728
2026-02-03 14:15:00+05:30,965.0499877929688,966.3499755859375,965.0,965.1500244140625,51794
2026-02-03 14:20:00+05:30,965.0,967.2999877929688,965.0,967.1500244140625,118736
2026-02-03 14:25:00+05:30,967.1500244140625,969.3499755859375,966.9000244140625,969.2999877929688,163367
2026-02-03 14:30:00+05:30,969.25,971.6500244140625,966.5999755859375,967.2999877929688,363358
2026-02-03 14:35:00+05:30,967.4000244140625,967.6500244140625,963.0,963.0,325921
2026-02-03 14:40:00+05:30,963.0,965.0,962.75,964.0999755859375,451288
2026-02-03 14:45:00+05:30,964.0999755859375,964.8499755859375,962.4000244140625,963.5,225560
2026-02-03 14:50:00+05:30,963.5,965.0999755859375,961.9500122070312,963.9000244140625,304417
2026-02-03 14:55:00+05:30,963.9500122070312,965.0,963.5,964.2999877929688,310119
2026-02-03 15:00:00+05:30,964.2999877929688,964.7000122070312,962.6500244140625,964.1500244140625,293061
2026-02-03 15:05:00+05:30,964.1500244140625,964.7999877929688,963.0499877929688,963.1500244140625,351717
2026-02-03 15:10:00+05:30,963.0,965.25,961.5499877929688,965.0,401524
2026-02-03 15:15:00+05:30,964.9500122070312,966.6500244140625,964.0,966.2000122070312,396597
2026-02-03 15:20:00+05:30,966.2000122070312,966.4000244140625,963.7000122070312,964.4500122070312,342420
2026-02-03 15:25:00+05:30,964.4500122070312,966.4500122070312,963.1500244140625,964.4000244140625,269455
2026-02-04 09:20:00+05:30,952.0499877929688,957.4000244140625,952.0499877929688,957.1500244140625,592474
2026-02-04 09:25:00+05:30,956.6500244140625,965.9000244140625,955.2999877929688,955.7000122070312,807129
2026-02-04 09:30:00+05:30,955.7000122070312,958.7000122070312,954.3499755859375,956.3499755859375,224022
2026-02-04 09:35:00+05:30,955.9000244140625,956.3499755859375,949.5,950.1500244140625,474237
2026-02-04 09:40:00+05:30,950.0499877929688,955.4000244140625,949.4000244140625,954.5,1694659
2026-02-04 09:45:00+05:30,954.0,965.5,953.25,962.4000244140625,916635
2026-02-04 09:50:00+05:30,962.4000244140625,970.0,961.1500244140625,965.25,482551
2026-02-04 09:55:00+05:30,965.0999755859375,966.4500122070312,963.0999755859375,965.5,153526
2026-02-04 10:00:00+05:30,965.0999755859375,966.75,963.2999877929688,963.5999755859375,338768
2026-02-04 10:05:00+05:30,963.9000244140625,965.9500122070312,961.7000122070312,965.5499877929688,306751
2026-02-04 10:10:00+05:30,965.5499877929688,967.75,965.0999755859375,965.5,112614
2026-02-04 10:15:00+05:30,965.5,966.0,962.8499755859375,962.8499755859375,188475
2026-02-04 10:20:00+05:30,962.8499755859375,964.2999877929688,959.5999755859375,962.0499877929688,273869
2026-02-04 10:25:00+05:30,961.7000122070312,964.3499755859375,960.0999755859375,963.2999877929688,288323
2026-02-04 10:30:00+05:30,963.2999877929688,965.75,962.1500244140625,964.25,206784
2026-02-04 10:35:00+05:30,964.8499755859375,969.4000244140625,964.75,969.4000244140625,247199
2026-02-04 10:40:00+05:30,969.2999877929688,971.9000244140625,967.5,969.4500122070312,398144
2026-02-04 10:45:00+05:30,969.4500122070312,969.7000122070312,965.0999755859375,969.0999755859375,123371
2026-02-04 10:50:00+05:30,969.2000122070312,970.8499755859375,966.5999755859375,967.5,122150
2026-02-04 10:55:00+05:30,967.5499877929688,973.2000122070312,967.5499877929688,972.9000244140625,191598
2026-02-04 11:00:00+05:30,972.9500122070312,975.4500122070312,972.1500244140625,972.5999755859375,187947
2026-02-04 11:05:00+05:30,972.5999755859375,972.9500122070312,970.3499755859375,972.7000122070312,84086
2026-02-04 11:10:00+05:30,972.2999877929688,972.9000244140625,969.9500122070312,970.0,92349
2026-02-04 11:15:00+05:30,970.0,970.7000122070312,966.7000122070312,966.9000244140625,226322
2026-02-04 11:20:00+05:30,966.9000244140625,967.7999877929688,964.7999877929688,966.2999877929688,293211
2026-02-04 11:25:00+05:30,966.5499877929688,968.0499877929688,965.5,966.9500122070312,330355
2026-02-04 11:30:00+05:30,966.75,967.1500244140625,965.0999755859375,965.9000244140625,127710
2026-02-04 11:35:00+05:30,965.9000244140625,966.1500244140625,965.0,965.1500244140625,88496
2026-02-04 11:40:00+05:30,965.0999755859375,967.0,964.75,966.2000122070312,120692
2026-02-04 11:45:00+05:30,966.1500244140625,967.3499755859375,965.0,966.4000244140625,113921
2026-02-04 11:50:00+05:30,966.4000244140625,967.4000244140625,965.0,966.9500122070312,149212
2026-02-04 11:55:00+05:30,967.0,967.0499877929688,966.0,966.3499755859375,46188
2026-02-04 12:00:00+05:30,966.0999755859375,969.0,965.9000244140625,967.0,86900
2026-02-04 12:05:00+05:30,967.0,967.8499755859375,966.9500122070312,967.0499877929688,347707
2026-02-04 12:10:00+05:30,966.9500122070312,967.0499877929688,965.75,966.8499755859375,37908
2026-02-04 12:15:00+05:30,966.8499755859375,967.2999877929688,966.75,967.0,35555
2026-02-04 12:20:00+05:30,967.0999755859375,967.0999755859375,963.5,965.4000244140625,86724
2026-02-04 12:25:00+05:30,965.4000244140625,965.4000244140625,963.0,963.5999755859375,121972
2026-02-04 12:30:00+05:30,963.4000244140625,965.7999877929688,962.5,965.0,111813
2026-02-04 12:35:00+05:30,965.0499877929688,966.25,964.0,965.2999877929688,50803
2026-02-04 12:40:00+05:30,964.9500122070312,965.4000244140625,964.0,964.0999755859375,51345
2026-02-04 12:45:00+05:30,964.0,965.25,963.1500244140625,964.7999877929688,154409
2026-02-04 12:50:00+05:30,964.7999877929688,965.6500244140625,964.2000122070312,964.9000244140625,63085
2026-02-04 12:55:00+05:30,965.0,967.1500244140625,964.5499877929688,966.75,43821
2026-02-04 13:00:00+05:30,966.75,966.8499755859375,964.5,966.0,42205
2026-02-04 13:05:00+05:30,966.0,967.5,965.5,966.75,43445
2026-02-04 13:10:00+05:30,966.75,967.75,966.5999755859375,967.25,36484
2026-02-04 13:15:00+05:30,967.2999877929688,967.6500244140625,965.2000122070312,966.1500244140625,47074
2026-02-04 13:20:00+05:30,966.5,969.9500122070312,965.9500122070312,969.7999877929688,52675
2026-02-04 13:25:00+05:30,969.7999877929688,971.5,969.4000244140625,970.3499755859375,60025
2026-02-04 13:30:00+05:30,970.4000244140625,971.2999877929688,970.0,971.2000122070312,45478
2026-02-04 13:35:00+05:30,971.2000122070312,971.6500244140625,969.7000122070312,970.1500244140625,52881
2026-02-04 13:40:00+05:30,970.2999877929688,970.8499755859375,969.0,969.4500122070312,46289
2026-02-04 13:45:00+05:30,969.4500122070312,969.5499877929688,967.4000244140625,967.6500244140625,34136
2026-02-04 13:50:00+05:30,967.75,968.7999877929688,966.7999877929688,968.25,40457
2026-02-04 13:55:00+05:30,968.2999877929688,968.6500244140625,967.25,967.4500122070312,35267
2026-02-04 14:00:00+05:30,967.4500122070312,968.1500244140625,967.0,967.9500122070312,30072
2026-02-04 14:05:00+05:30,967.9500122070312,967.9500122070312,967.0999755859375,967.25,33774
2026-02-04 14:10:00+05:30,967.5499877929688,969.0,967.2999877929688,968.9000244140625,41084
2026-02-04 14:15:00+05:30,968.9000244140625,969.2999877929688,967.25,967.5,76517
2026-02-04 14:20:00+05:30,967.5,967.9500122070312,966.5,966.75,58447
2026-02-04 14:25:00+05:30,966.5,966.9000244140625,965.7000122070312,966.1500244140625,62547
2026-02-04 14:30:00+05:30,966.0999755859375,966.2999877929688,964.5,964.7000122070312,59842
2026-02-04 14:35:00+05:30,964.7999877929688,965.7999877929688,964.5999755859375,965.4500122070312,54059
2026-02-04 14:40:00+05:30,965.4500122070312,965.7000122070312,965.0999755859375,965.7000122070312,50067
2026-02-04 14:45:00+05:30,965.6500244140625,965.7000122070312,964.4000244140625,964.5499877929688,70378
2026-02-04 14:50:00+05:30,964.5499877929688,964.7999877929688,963.9500122070312,964.7000122070312,118785
2026-02-04 14:55:00+05:30,964.5,964.9000244140625,963.9000244140625,964.75,80942
2026-02-04 15:00:00+05:30,964.7999877929688,965.5,964.4000244140625,965.0999755859375,181723
2026-02-04 15:05:00+05:30,965.0,965.25,964.5999755859375,965.1500244140625,187672
2026-02-04 15:10:00+05:30,965.1500244140625,965.1500244140625,963.3499755859375,964.0,317223
2026-02-04 15:15:00+05:30,964.0,964.6500244140625,962.5499877929688,962.5999755859375,337014
2026-02-04 15:20:00+05:30,962.5499877929688,964.3499755859375,959.9500122070312,964.0999755859375,709881
2026-02-04 15:25:00+05:30,964.0999755859375,965.9000244140625,962.8499755859375,963.9500122070312,239958
2026-02-05 09:20:00+05:30,959.7000122070312,959.7000122070312,955.7999877929688,957.3499755859375,162600
2026-02-05 09:25:00+05:30,957.3499755859375,960.0,957.3499755859375,960.0,70788
2026-02-05 09:30:00+05:30,959.9500122070312,961.0999755859375,958.9000244140625,959.4500122070312,124364
2026-02-05 09:35:00+05:30,959.1500244140625,962.5999755859375,959.1500244140625,961.5,80107
2026-02-05 09:40:00+05:30,961.5,961.5,957.5,957.5,136595
2026-02-05 09:45:00+05:30,957.4000244140625,959.0,956.7000122070312,958.25,248295
2026-02-05 09:50:00+05:30,958.2999877929688,960.0,958.1500244140625,959.1500244140625,55211
2026-02-05 09:55:00+05:30,958.1500244140625,959.0,957.75,958.2000122070312,76828
2026-02-05 10:00:00+05:30,958.2000122070312,958.3499755859375,954.0,954.2999877929688,111585
2026-02-05 10:05:00+05:30,954.2999877929688,955.1500244140625,953.2000122070312,954.5,75039
2026-02-05 10:10:00+05:30,954.8499755859375,957.7000122070312,954.7999877929688,957.2999877929688,57307
2026-02-05 10:15:00+05:30,957.2999877929688,957.5,955.9000244140625,956.5499877929688,37190
2026-02-05 10:20:00+05:30,956.5499877929688,960.0,956.25,959.9000244140625,242312
2026-02-05 10:25:00+05:30,959.9000244140625,960.0999755859375,958.0,958.7999877929688,83180
2026-02-05 10:30:00+05:30,958.4000244140625,960.0499877929688,958.25,958.4000244140625,24519
2026-02-05 10:35:00+05:30,958.4500122070312,958.7000122070312,957.3499755859375,957.9000244140625,50932
2026-02-05 10:40:00+05:30,957.9000244140625,958.8499755859375,957.6500244140625,958.2000122070312,33264
2026-02-05 10:45:00+05:30,958.2999877929688,958.5999755859375,955.7999877929688,955.9500122070312,74943
2026-02-05 10:50:00+05:30,955.9500122070312,957.2999877929688,955.8499755859375,955.8499755859375,77044
2026-02-05 10:55:00+05:30,955.8499755859375,957.5,955.5999755859375,956.9500122070312,207175
2026-02-05 11:00:00+05:30,956.9500122070312,957.8499755859375,956.1500244140625,957.4000244140625,39919
2026-02-05 11:05:00+05:30,957.4500122070312,960.25,957.3499755859375,959.6500244140625,63394
2026-02-05 11:10:00+05:30,959.7000122070312,962.0999755859375,959.2999877929688,961.8499755859375,70784
2026-02-05 11:15:00+05:30,961.9000244140625,962.2000122070312,960.9500122070312,961.1500244140625,40367
2026-02-05 11:20:00+05:30,961.0499877929688,961.4000244140625,960.0,960.0499877929688,41791
2026-02-05 11:25:00+05:30,960.0,960.0,958.2000122070312,958.2000122070312,21522
2026-02-05 11:30:00+05:30,958.75,958.75,957.2000122070312,957.8499755859375,55714
2026-02-05 11:35:00+05:30,957.8499755859375,961.5999755859375,957.5,961.5999755859375,125813
2026-02-05 11:40:00+05:30,961.5999755859375,965.0,961.5,963.7999877929688,136599
2026-02-05 11:45:00+05:30,963.8499755859375,965.0,963.0,963.7999877929688,58837
2026-02-05 11:50:00+05:30,963.7999877929688,964.5999755859375,962.6500244140625,963.25,32665
2026-02-05 11:55:00+05:30,963.2999877929688,965.0,963.2999877929688,964.3499755859375,57051
2026-02-05 12:00:00+05:30,964.2999877929688,964.5499877929688,963.0999755859375,963.4000244140625,24091
2026-02-05 12:05:00+05:30,963.25,963.25,961.9000244140625,962.9000244140625,58026
2026-02-05 12:10:00+05:30,962.8499755859375,962.8499755859375,961.0499877929688,961.2999877929688,21297
2026-02-05 12:15:00+05:30,961.4000244140625,962.9000244140625,961.1500244140625,961.9500122070312,22079
2026-02-05 12:20:00+05:30,961.9000244140625,962.4500122070312,961.2999877929688,961.2999877929688,47386
2026-02-05 12:25:00+05:30,961.3499755859375,962.0999755859375,960.75,961.25,30754
2026-02-05 12:30:00+05:30,961.5499877929688,964.1500244140625,961.3499755859375,962.4500122070312,59202
2026-02-05 12:35:00+05:30,962.5999755859375,963.5999755859375,962.1500244140625,962.75,22702
2026-02-05 12:40:00+05:30,963.0,965.0499877929688,962.5,963.7999877929688,69681
2026-02-05 12:45:00+05:30,963.7000122070312,965.5,963.4000244140625,965.1500244140625,37543
2026-02-05 12:50:00+05:30,965.0499877929688,966.0,965.0,965.9000244140625,34055
2026-02-05 12:55:00+05:30,965.9000244140625,966.5,965.0,966.2000122070312,32223
2026-02-05 13:00:00+05:30,966.4000244140625,966.5,965.9000244140625,965.9500122070312,21584
2026-02-05 13:05:00+05:30,965.9500122070312,966.5999755859375,965.5,966.5499877929688,27222
2026-02-05 13:10:00+05:30,966.5999755859375,967.0,965.7000122070312,966.2000122070312,14764
2026-02-05 13:15:00+05:30,966.25,967.0,966.2000122070312,966.9000244140625,18661
2026-02-05 13:20:00+05:30,966.9000244140625,967.7000122070312,966.5499877929688,967.1500244140625,37411
2026-02-05 13:25:00+05:30,967.2999877929688,967.2999877929688,966.0,966.25,33774
2026-02-05 13:30:00+05:30,966.25,967.2999877929688,966.25,966.7999877929688,29488
2026-02-05 13:35:00+05:30,966.5999755859375,968.2000122070312,966.5,968.2000122070312,41077
2026-02-05 13:40:00+05:30,968.25,968.25,966.0999755859375,966.5499877929688,42157
2026-02-05 13:45:00+05:30,966.7000122070312,968.4500122070312,965.3499755859375,968.0999755859375,114279
2026-02-05 13:50:00+05:30,967.9500122070312,968.4500122070312,967.0999755859375,967.2000122070312,50690
2026-02-05 13:55:00+05:30,967.25,967.3499755859375,965.25,966.25,156643
2026-02-05 14:00:00+05:30,966.25,966.25,964.4000244140625,965.0499877929688,89081
2026-02-05 14:05:00+05:30,965.0999755859375,965.4000244140625,963.7000122070312,964.0499877929688,166432
2026-02-05 14:10:00+05:30,964.0999755859375,964.5999755859375,962.8499755859375,964.2000122070312,121075
2026-02-05 14:15:00+05:30,964.2999877929688,965.0999755859375,963.3499755859375,964.3499755859375,64728
2026-02-05 14:20:00+05:30,964.5,965.9000244140625,964.2999877929688,964.5999755859375,62039
2026-02-05 14:25:00+05:30,964.6500244140625,965.2999877929688,963.5,965.0,51311
2026-02-05 14:30:00+05:30,965.0,965.8499755859375,964.2999877929688,965.0499877929688,61455
2026-02-05 14:35:00+05:30,965.25,965.7999877929688,964.1500244140625,964.3499755859375,115357
2026-02-05 14:40:00+05:30,964.4500122070312,964.8499755859375,963.0999755859375,963.5499877929688,81646
2026-02-05 14:45:00+05:30,963.5999755859375,964.9500122070312,963.4500122070312,964.7000122070312,60772
2026-02-05 14:50:00+05:30,964.7999877929688,965.2999877929688,964.25,964.5499877929688,55362
2026-02-05 14:55:00+05:30,964.6500244140625,965.9000244140625,964.6500244140625,964.75,69289
2026-02-05 15:00:00+05:30,965.5,965.8499755859375,964.75,965.4000244140625,120894
2026-02-05 15:05:00+05:30,965.5499877929688,965.5999755859375,964.2999877929688,964.7999877929688,133628
2026-02-05 15:10:00+05:30,964.8499755859375,965.2000122070312,964.0999755859375,964.7999877929688,174127
2026-02-05 15:15:00+05:30,964.7999877929688,965.0999755859375,963.4000244140625,963.4000244140625,176220
2026-02-05 15:20:00+05:30,963.4000244140625,965.0,963.4000244140625,964.9500122070312,178685
2026-02-05 15:25:00+05:30,964.9500122070312,965.0999755859375,963.5499877929688,964.75,112067
2026-02-06 09:20:00+05:30,980.0499877929688,981.0,975.4500122070312,978.5,421289
2026-02-06 09:25:00+05:30,978.4500122070312,979.9500122070312,975.7999877929688,977.0499877929688,303217
2026-02-06 09:30:00+05:30,977.0499877929688,978.75,975.0499877929688,975.9500122070312,190974
2026-02-06 09:35:00+05:30,975.9500122070312,977.7000122070312,974.2000122070312,974.9500122070312,207692
2026-02-06 09:40:00+05:30,975.0,976.0,974.9000244140625,975.4000244140625,105600
2026-02-06 09:45:00+05:30,975.5,984.2000122070312,975.2999877929688,982.5,651834
2026-02-06 09:50:00+05:30,982.5,983.2000122070312,980.5,980.8499755859375,157643
2026-02-06 09:55:00+05:30,980.8499755859375,980.9000244140625,976.75,977.9000244140625,165348
2026-02-06 10:00:00+05:30,977.9000244140625,978.5499877929688,972.4500122070312,973.4500122070312,223061
2026-02-06 10:05:00+05:30,973.4500122070312,974.0999755859375,971.7000122070312,973.5499877929688,323718
2026-02-06 10:10:00+05:30,973.6500244140625,974.0,971.3499755859375,972.0,276700
2026-02-06 10:15:00+05:30,972.0,972.0,969.5499877929688,971.3499755859375,282232
2026-02-06 10:20:00+05:30,971.3499755859375,974.8499755859375,971.0999755859375,974.7999877929688,210363
2026-02-06 10:25:00+05:30,974.75,975.5999755859375,973.25,973.2999877929688,136048
2026-02-06 10:30:00+05:30,973.2999877929688,973.7000122070312,972.7999877929688,973.4500122070312,88244
2026-02-06 10:35:00+05:30,973.5,974.0,971.9000244140625,973.5499877929688,88358
2026-02-06 10:40:00+05:30,973.5999755859375,975.4500122070312,973.2000122070312,973.9500122070312,178033
2026-02-06 10:45:00+05:30,974.0,975.6500244140625,966.4500122070312,968.7000122070312,321478
2026-02-06 10:50:00+05:30,968.5,969.7999877929688,966.0999755859375,968.6500244140625,173047
2026-02-06 10:55:00+05:30,968.4500122070312,973.4000244140625,967.9000244140625,973.0,146098
2026-02-06 11:00:00+05:30,973.0,975.0,970.9000244140625,973.1500244140625,144347
2026-02-06 11:05:00+05:30,973.0999755859375,974.0,971.9500122070312,972.7000122070312,106178
2026-02-06 11:10:00+05:30,972.7999877929688,974.4000244140625,971.5,972.0499877929688,153395
2026-02-06 11:15:00+05:30,972.0499877929688,972.6500244140625,970.2000122070312,970.9500122070312,109974
2026-02-06 11:20:00+05:30,971.0999755859375,973.4500122070312,970.5999755859375,973.4000244140625,69425
2026-02-06 11:25:00+05:30,973.5,974.7999877929688,973.2999877929688,974.2000122070312,103411
2026-02-06 11:30:00+05:30,974.2000122070312,976.6500244140625,973.7999877929688,976.5999755859375,82011
2026-02-06 11:35:00+05:30,976.5999755859375,978.4000244140625,975.5,978.4000244140625,114931
2026-02-06 11:40:00+05:30,978.5,981.3499755859375,978.0,981.0,183615
2026-02-06 11:45:00+05:30,981.2000122070312,982.8499755859375,980.2999877929688,982.5499877929688,130518
2026-02-06 11:50:00+05:30,982.4500122070312,982.5999755859375,981.25,981.5,72311
2026-02-06 11:55:00+05:30,981.5,982.75,981.2999877929688,982.75,72269
2026-02-06 12:00:00+05:30,982.7000122070312,986.4500122070312,982.7000122070312,984.9500122070312,508303
2026-02-06 12:05:00+05:30,984.7999877929688,985.1500244140625,980.5499877929688,980.5499877929688,111638
2026-02-06 12:10:00+05:30,980.5,983.0,980.1500244140625,982.7999877929688,101919
2026-02-06 12:15:00+05:30,982.9000244140625,983.1500244140625,980.0499877929688,980.2999877929688,84472
2026-02-06 12:20:00+05:30,980.4500122070312,980.4500122070312,976.5499877929688,977.75,155818
2026-02-06 12:25:00+05:30,977.25,978.2000122070312,976.7000122070312,977.0999755859375,63708
2026-02-06 12:30:00+05:30,977.0499877929688,977.2999877929688,975.5499877929688,975.9500122070312,87331
2026-02-06 12:35:00+05:30,975.9500122070312,978.5,975.9000244140625,977.5,114366
2026-02-06 12:40:00+05:30,977.6500244140625,978.7000122070312,976.9500122070312,977.9000244140625,76551
2026-02-06 12:45:00+05:30,977.9000244140625,978.2000122070312,976.1500244140625,976.2000122070312,81056
2026-02-06 12:50:00+05:30,976.6500244140625,977.0,976.0499877929688,976.1500244140625,95109
2026-02-06 12:55:00+05:30,976.1500244140625,976.6500244140625,975.0,975.25,76209
2026-02-06 13:00:00+05:30,975.0,975.75,973.5,974.5499877929688,131023
2026-02-06 13:05:00+05:30,974.5499877929688,975.7000122070312,974.0499877929688,975.5,63093
2026-02-06 13:10:00+05:30,975.4000244140625,975.9500122070312,975.0,975.6500244140625,48333
2026-02-06 13:15:00+05:30,975.7000122070312,977.75,975.1500244140625,977.5499877929688,105550
2026-02-06 13:20:00+05:30,977.5499877929688,979.9500122070312,977.4000244140625,979.8499755859375,86865
2026-02-06 13:25:00+05:30,978.4000244140625,978.7000122070312,978.4000244140625,978.6500244140625,17477
2026-02-06 13:30:00+05:30,977.2999877929688,978.8499755859375,976.0999755859375,978.7999877929688,124021
2026-02-06 13:35:00+05:30,978.7999877929688,978.9500122070312,977.25,978.4000244140625,62719
2026-02-06 13:40:00+05:30,978.0999755859375,978.6500244140625,977.5499877929688,978.0,114184
2026-02-06 13:45:00+05:30,977.9500122070312,979.0999755859375,977.9500122070312,978.4000244140625,71466
2026-02-06 13:50:00+05:30,978.4000244140625,979.7999877929688,978.0999755859375,979.0499877929688,67074
2026-02-06 13:55:00+05:30,979.4000244140625,980.0,978.9000244140625,979.5499877929688,73860
2026-02-06 14:00:00+05:30,979.5,981.2999877929688,979.2000122070312,979.9500122070312,94530
2026-02-06 14:05:00+05:30,979.8499755859375,980.5999755859375,979.5499877929688,980.4000244140625,79121
2026-02-06 14:10:00+05:30,980.0,980.0499877929688,978.2000122070312,979.0,75295
2026-02-06 14:15:00+05:30,978.7999877929688,980.0,978.0499877929688,979.7000122070312,74643
2026-02-06 14:20:00+05:30,979.7999877929688,979.9000244140625,979.0,979.0999755859375,67489
2026-02-06 14:25:00+05:30,978.9000244140625,979.2000122070312,978.0,978.0499877929688,111077
2026-02-06 14:30:00+05:30,978.0999755859375,979.4000244140625,978.0,978.8499755859375,121937
2026-02-06 14:35:00+05:30,978.9000244140625,979.5499877929688,978.5,979.0499877929688,102521
2026-02-06 14:40:00+05:30,979.25,979.4500122070312,978.0499877929688,978.3499755859375,116908
2026-02-06 14:45:00+05:30,978.3499755859375,979.3499755859375,978.1500244140625,978.2000122070312,83837
2026-02-06 14:50:00+05:30,978.1500244140625,979.2000122070312,978.1500244140625,978.8499755859375,115615
2026-02-06 14:55:00+05:30,978.9000244140625,980.9000244140625,978.9000244140625,980.5499877929688,160529
2026-02-06 15:00:00+05:30,980.5499877929688,981.7000122070312,980.4000244140625,980.7999877929688,345684
2026-02-06 15:05:00+05:30,980.75,981.0999755859375,980.25,981.0,372566
2026-02-06 15:10:00+05:30,981.2000122070312,982.0999755859375,981.0,982.0,465488
2026-02-06 15:15:00+05:30,982.0,982.2999877929688,982.0,982.0499877929688,509521
2026-02-06 15:20:00+05:30,982.0,983.0,982.0,982.0999755859375,376155
2026-02-06 15:25:00+05:30,982.0999755859375,982.5,982.0,982.0,366368
2026-02-09 09:20:00+05:30,979.7999877929688,979.7999877929688,975.2999877929688,976.1500244140625,162374
2026-02-09 09:25:00+05:30,975.4000244140625,977.0,974.0,975.5499877929688,108657
2026-02-09 09:30:00+05:30,975.5,978.3499755859375,975.0,976.7999877929688,98429
2026-02-09 09:35:00+05:30,976.7999877929688,977.2999877929688,975.0,975.5,66698
2026-02-09 09:40:00+05:30,975.5,977.25,974.7000122070312,976.7000122070312,58906
2026-02-09 09:45:00+05:30,976.2000122070312,977.9000244140625,975.3499755859375,977.0,59444
2026-02-09 09:50:00+05:30,977.4500122070312,978.0,976.0,977.5999755859375,49223
2026-02-09 09:55:00+05:30,977.5999755859375,978.9000244140625,975.0,975.0,89291
2026-02-09 10:00:00+05:30,975.0,976.25,973.7000122070312,975.0,96459
2026-02-09 10:05:00+05:30,974.7000122070312,975.4500122070312,972.5,973.2999877929688,75949
2026-02-09 10:10:00+05:30,973.7000122070312,973.9000244140625,972.1500244140625,972.5,53148
2026-02-09 10:15:00+05:30,972.2999877929688,975.5999755859375,971.5999755859375,975.2999877929688,72287
2026-02-09 10:20:00+05:30,975.5,977.0,975.25,976.5999755859375,89116
2026-02-09 10:25:00+05:30,976.2999877929688,977.0,975.6500244140625,975.6500244140625,58489
2026-02-09 10:30:00+05:30,976.0999755859375,978.3499755859375,975.5,975.5499877929688,72146
2026-02-09 10:35:00+05:30,975.5499877929688,977.6500244140625,975.0999755859375,977.5499877929688,51073
2026-02-09 10:40:00+05:30,977.7999877929688,979.5999755859375,977.7999877929688,979.0999755859375,75314
2026-02-09 10:45:00+05:30,979.0999755859375,979.2999877929688,978.1500244140625,978.1500244140625,36600
2026-02-09 10:50:00+05:30,978.2000122070312,978.8499755859375,977.6500244140625,978.7000122070312,55268
2026-02-09 10:55:00+05:30,978.7000122070312,978.8499755859375,978.0999755859375,978.3499755859375,33761
2026-02-09 11:00:00+05:30,978.3499755859375,979.2000122070312,977.5999755859375,977.6500244140625,78473
2026-02-09 11:05:00+05:30,977.6500244140625,979.0499877929688,977.6500244140625,978.0499877929688,35159
2026-02-09 11:10:00+05:30,978.3499755859375,978.4000244140625,977.7999877929688,977.7999877929688,47966
2026-02-09 11:15:00+05:30,977.5499877929688,978.2999877929688,977.5499877929688,978.0,48275
2026-02-09 11:20:00+05:30,978.0,978.5,978.0,978.0499877929688,39127
2026-02-09 11:25:00+05:30,978.3499755859375,978.3499755859375,977.5,978.0,63578
2026-02-09 11:30:00+05:30,978.0999755859375,979.75,978.0,979.5,46848
2026-02-09 11:35:00+05:30,979.75,979.75,978.6500244140625,979.2999877929688,32856
2026-02-09 11:40:00+05:30,979.6500244140625,980.0,978.5499877929688,979.7999877929688,55654
2026-02-09 11:45:00+05:30,979.7999877929688,979.7999877929688,978.5,979.2000122070312,39467
2026-02-09 11:50:00+05:30,979.0999755859375,979.0999755859375,978.4000244140625,978.5,27798
2026-02-09 11:55:00+05:30,978.5,979.3499755859375,978.0,978.3499755859375,35608
2026-02-09 12:00:00+05:30,978.5,979.4000244140625,978.2999877929688,979.2999877929688,32093
2026-02-09 12:05:00+05:30,979.4000244140625,980.4500122070312,979.3499755859375,980.2999877929688,43826
2026-02-09 12:10:00+05:30,980.2000122070312,980.7000122070312,980.0499877929688,980.1500244140625,36530
2026-02-09 12:15:00+05:30,980.2000122070312,982.75,980.0,982.25,86435
2026-02-09 12:20:00+05:30,982.25,982.25,980.9500122070312,981.2000122070312,35250
2026-02-09 12:25:00+05:30,981.0,981.0499877929688,980.0,980.0999755859375,26336
2026-02-09 12:30:00+05:30,980.25,980.2999877929688,978.4000244140625,979.5999755859375,37375
2026-02-09 12:35:00+05:30,979.7999877929688,981.0,979.2999877929688,980.25,38229
2026-02-09 12:40:00+05:30,980.0,981.4500122070312,980.0,980.5499877929688,34187
2026-02-09 12:45:00+05:30,980.5499877929688,981.8499755859375,980.5499877929688,981.1500244140625,22127
2026-02-09 12:50:00+05:30,980.8499755859375,981.3499755859375,980.5999755859375,981.0,27464
2026-02-09 12:55:00+05:30,981.0,981.4500122070312,980.75,980.9000244140625,28745
2026-02-09 13:00:00+05:30,980.8499755859375,981.5,980.8499755859375,981.0,21893
2026-02-09 13:05:00+05:30,981.0,981.2999877929688,980.75,981.0,23995
2026-02-09 13:10:00+05:30,981.0,981.2999877929688,980.5499877929688,980.8499755859375,23009
2026-02-09 13:15:00+05:30,980.9500122070312,981.6500244140625,980.8499755859375,981.0999755859375,28592
2026-02-09 13:20:00+05:30,981.0999755859375,981.2999877929688,980.2999877929688,980.7999877929688,27051
2026-02-09 13:25:00+05:30,980.7999877929688,981.0499877929688,980.0999755859375,980.5499877929688,48194
2026-02-09 13:30:00+05:30,980.7999877929688,981.5,980.6500244140625,981.25,28089
2026-02-09 13:35:00+05:30,981.25,981.9000244140625,981.25,981.5,26241
2026-02-09 13:40:00+05:30,981.5,982.3499755859375,981.5,982.0499877929688,40984
2026-02-09 13:45:00+05:30,982.0499877929688,982.2999877929688,981.5,981.5,62539
2026-02-09 13:50:00+05:30,981.3499755859375,982.2000122070312,980.9500122070312,982.2000122070312,89246
2026-02-09 13:55:00+05:30,982.1500244140625,982.4000244140625,981.0,981.0,95347
2026-02-09 14:00:00+05:30,981.0,981.8499755859375,980.75,980.9000244140625,60776
2026-02-09 14:05:00+05:30,981.0,982.0999755859375,980.9000244140625,981.9500122070312,51761
2026-02-09 14:10:00+05:30,981.9500122070312,982.4000244140625,981.9500122070312,982.0499877929688,86986
2026-02-09 14:15:00+05:30,982.0499877929688,982.1500244140625,981.5,981.75,73801
2026-02-09 14:20:00+05:30,981.5999755859375,981.9500122070312,981.1500244140625,981.4000244140625,49871
2026-02-09 14:25:00+05:30,981.4000244140625,982.0499877929688,981.0,981.9000244140625,58949
2026-02-09 14:30:00+05:30,981.9000244140625,982.0999755859375,981.5,981.7999877929688,45460
2026-02-09 14:35:00+05:30,982.0,982.2999877929688,981.75,982.0,45850
2026-02-09 14:40:00+05:30,982.0,982.7999877929688,981.7999877929688,982.1500244140625,52817
2026-02-09 14:45:00+05:30,982.1500244140625,982.5499877929688,982.0,982.0,63145
2026-02-09 14:50:00+05:30,982.25,982.75,982.0,982.2000122070312,136759
2026-02-09 14:55:00+05:30,982.2000122070312,983.4500122070312,982.0999755859375,983.0499877929688,88558
2026-02-09 15:00:00+05:30,983.0,983.4000244140625,982.5,983.2999877929688,136217
2026-02-09 15:05:00+05:30,983.4000244140625,983.5,982.5999755859375,983.5,140454
2026-02-09 15:10:00+05:30,983.5999755859375,984.3499755859375,983.5,983.6500244140625,131191
2026-02-09 15:15:00+05:30,983.6500244140625,983.6500244140625,982.5,983.0,114627
2026-02-09 15:20:00+05:30,983.0999755859375,983.9500122070312,982.9000244140625,983.4000244140625,100187
2026-02-09 15:25:00+05:30,983.6500244140625,983.6500244140625,980.0,981.5,90587
2026-02-10 09:20:00+05:30,978.75,979.0,974.0999755859375,977.8499755859375,185173
2026-02-10 09:25:00+05:30,977.2999877929688,977.4000244140625,975.6500244140625,975.7999877929688,51428
2026-02-10 09:30:00+05:30,977.0499877929688,977.0499877929688,974.4000244140625,975.2000122070312,102281
2026-02-10 09:35:00+05:30,975.2000122070312,975.2000122070312,973.7999877929688,974.5999755859375,86082
2026-02-10 09:40:00+05:30,974.6500244140625,974.7000122070312,972.2999877929688,972.5499877929688,80360
2026-02-10 09:45:00+05:30,972.5,972.5,970.6500244140625,970.75,146328
2026-02-10 09:50:00+05:30,970.7000122070312,971.3499755859375,968.0,968.0499877929688,157228
2026-02-10 09:55:00+05:30,968.0499877929688,969.75,967.3499755859375,968.5499877929688,130690
2026-02-10 10:00:00+05:30,968.25,969.4000244140625,967.0999755859375,968.2999877929688,122731
2026-02-10 10:05:00+05:30,968.25,968.3499755859375,965.7999877929688,966.0499877929688,91456
2026-02-10 10:10:00+05:30,966.0499877929688,966.3499755859375,964.3499755859375,964.5999755859375,126556
2026-02-10 10:15:00+05:30,964.4000244140625,964.4500122070312,961.5,964.3499755859375,163958
2026-02-10 10:20:00+05:30,964.2000122070312,964.3499755859375,963.1500244140625,963.2000122070312,63980
2026-02-10 10:25:00+05:30,963.2000122070312,964.9000244140625,963.0999755859375,963.7000122070312,91833
2026-02-10 10:30:00+05:30,963.7000122070312,967.5999755859375,963.2999877929688,967.5,155577
2026-02-10 10:35:00+05:30,967.4000244140625,968.7999877929688,967.0,968.25,104699
2026-02-10 10:40:00+05:30,968.2000122070312,968.4000244140625,966.1500244140625,966.5499877929688,151673
2026-02-10 10:45:00+05:30,966.5999755859375,966.5999755859375,965.0499877929688,965.4500122070312,27442
2026-02-10 10:50:00+05:30,965.4500122070312,967.5,965.2999877929688,967.3499755859375,65780
2026-02-10 10:55:00+05:30,967.2999877929688,967.9500122070312,965.9500122070312,966.2000122070312,96798
2026-02-10 11:00:00+05:30,966.2999877929688,966.3499755859375,965.2999877929688,965.5,23846
2026-02-10 11:05:00+05:30,965.7000122070312,966.3499755859375,965.5499877929688,965.8499755859375,27915
2026-02-10 11:10:00+05:30,965.8499755859375,965.8499755859375,964.6500244140625,964.7000122070312,69025
2026-02-10 11:15:00+05:30,964.7000122070312,965.5,964.5999755859375,965.0999755859375,42062
2026-02-10 11:20:00+05:30,965.0499877929688,965.2999877929688,964.1500244140625,964.4500122070312,62516
2026-02-10 11:25:00+05:30,964.3499755859375,966.2000122070312,964.2000122070312,965.0999755859375,91547
2026-02-10 11:30:00+05:30,965.1500244140625,965.9500122070312,965.0499877929688,965.5,27323
2026-02-10 11:35:00+05:30,965.5,965.5999755859375,964.2000122070312,964.6500244140625,108623
2026-02-10 11:40:00+05:30,964.6500244140625,965.2000122070312,964.1500244140625,965.0999755859375,79465
2026-02-10 11:45:00+05:30,965.1500244140625,965.1500244140625,964.0999755859375,964.1500244140625,42603
2026-02-10 11:50:00+05:30,964.0999755859375,966.0499877929688,964.0,966.0,113169
2026-02-10 11:55:00+05:30,966.5,967.75,966.0,967.5499877929688,40070
2026-02-10 12:00:00+05:30,967.4500122070312,967.5499877929688,966.0999755859375,967.1500244140625,72854
2026-02-10 12:05:00+05:30,967.1500244140625,967.1500244140625,965.5999755859375,965.5999755859375,44447
2026-02-10 12:10:00+05:30,965.5499877929688,966.2000122070312,965.1500244140625,965.2999877929688,41314
2026-02-10 12:15:00+05:30,965.2999877929688,966.3499755859375,965.2000122070312,966.2000122070312,54289
2026-02-10 12:20:00+05:30,966.2000122070312,966.4000244140625,965.5999755859375,965.9500122070312,75481
2026-02-10 12:25:00+05:30,965.9000244140625,966.0499877929688,965.1500244140625,965.25,34393
2026-02-10 12:30:00+05:30,965.25,968.2999877929688,965.25,968.0999755859375,66176
2026-02-10 12:35:00+05:30,968.0,968.3499755859375,967.0,967.7000122070312,31860
2026-02-10 12:40:00+05:30,967.7000122070312,968.7000122070312,967.0499877929688,968.0,101893
2026-02-10 12:45:00+05:30,968.0,969.9500122070312,967.9500122070312,968.8499755859375,139202
2026-02-10 12:50:00+05:30,968.8499755859375,968.8499755859375,968.4000244140625,968.6500244140625,25743
2026-02-10 12:55:00+05:30,968.6500244140625,970.3499755859375,968.5499877929688,970.0999755859375,62739
2026-02-10 13:00:00+05:30,970.0499877929688,970.1500244140625,968.9500122070312,968.9500122070312,61711
2026-02-10 13:05:00+05:30,968.8499755859375,969.75,968.5999755859375,969.2999877929688,28925
2026-02-10 13:10:00+05:30,969.25,969.25,968.1500244140625,968.5499877929688,31045
2026-02-10 13:15:00+05:30,968.4000244140625,968.5499877929688,967.5,967.5499877929688,31339
2026-02-10 13:20:00+05:30,967.6500244140625,968.0499877929688,967.2000122070312,967.9000244140625,53330
2026-02-10 13:25:00+05:30,967.9000244140625,968.9000244140625,967.3499755859375,968.2999877929688,19005
2026-02-10 13:30:00+05:30,968.1500244140625,968.4000244140625,967.5999755859375,968.0999755859375,18679
2026-02-10 13:35:00+05:30,968.0,968.6500244140625,967.7000122070312,968.0,14260
2026-02-10 13:40:00+05:30,968.0999755859375,968.7999877929688,968.0,968.5,14911
2026-02-10 13:45:00+05:30,968.5499877929688,968.9000244140625,968.0,968.0999755859375,14762
2026-02-10 13:50:00+05:30,968.2999877929688,968.5999755859375,968.0,968.2999877929688,20892
2026-02-10 13:55:00+05:30,968.0999755859375,968.4500122070312,967.25,967.9000244140625,62244
2026-02-10 14:00:00+05:30,967.4500122070312,967.8499755859375,967.0499877929688,967.5999755859375,22427
2026-02-10 14:05:00+05:30,967.7000122070312,968.6500244140625,967.4000244140625,968.4000244140625,21023
2026-02-10 14:10:00+05:30,968.2999877929688,968.8499755859375,968.0499877929688,968.8499755859375,29784
2026-02-10 14:15:00+05:30,968.7999877929688,970.2999877929688,968.4000244140625,970.2000122070312,77813
2026-02-10 14:20:00+05:30,970.2000122070312,970.25,968.2999877929688,968.7000122070312,52562
2026-02-10 14:25:00+05:30,968.8499755859375,969.75,968.0,969.5999755859375,223973
2026-02-10 14:30:00+05:30,969.5,970.0499877929688,968.6500244140625,969.0499877929688,42944
2026-02-10 14:35:00+05:30,969.2000122070312,970.0499877929688,968.0499877929688,968.4000244140625,98426
2026-02-10 14:40:00+05:30,968.4000244140625,969.0,967.9000244140625,968.0,113930
2026-02-10 14:45:00+05:30,968.0499877929688,968.9000244140625,968.0,968.5,51832
2026-02-10 14:50:00+05:30,968.5,968.6500244140625,966.6500244140625,967.25,86771
2026-02-10 14:55:00+05:30,967.25,967.75,967.0,967.6500244140625,57641
2026-02-10 15:00:00+05:30,967.5999755859375,967.5999755859375,966.2999877929688,966.5499877929688,157561
2026-02-10 15:05:00+05:30,966.6500244140625,967.0999755859375,966.0,966.4000244140625,177947
2026-02-10 15:10:00+05:30,966.1500244140625,966.75,965.0,965.5,172007
2026-02-10 15:15:00+05:30,965.5,966.1500244140625,964.5999755859375,964.8499755859375,220097
2026-02-10 15:20:00+05:30,964.8499755859375,965.25,964.5,964.5999755859375,183093
2026-02-10 15:25:00+05:30,964.5999755859375,965.4500122070312,963.4000244140625,965.1500244140625,177311
2026-02-11 09:20:00+05:30,967.2000122070312,968.0999755859375,966.4000244140625,966.7999877929688,56775
2026-02-11 09:25:00+05:30,966.7999877929688,967.5,965.5999755859375,966.2999877929688,59438
2026-02-11 09:30:00+05:30,966.0999755859375,966.2000122070312,962.2000122070312,962.7000122070312,77059
2026-02-11 09:35:00+05:30,962.5999755859375,963.4500122070312,962.0499877929688,962.75,32516
2026-02-11 09:40:00+05:30,962.5,963.2999877929688,961.9000244140625,961.9000244140625,38151
2026-02-11 09:45:00+05:30,961.9000244140625,964.2000122070312,961.5,964.0,48854
2026-02-11 09:50:00+05:30,964.0,966.0499877929688,963.0999755859375,965.7000122070312,36905
2026-02-11 09:55:00+05:30,965.75,965.9500122070312,964.7000122070312,964.7000122070312,23072
2026-02-11 10:00:00+05:30,964.5,964.9500122070312,962.75,962.75,35553
2026-02-11 10:05:00+05:30,963.0999755859375,963.8499755859375,962.5999755859375,962.8499755859375,21074
2026-02-11 10:10:00+05:30,962.8499755859375,963.9500122070312,962.8499755859375,963.7000122070312,22954
2026-02-11 10:15:00+05:30,963.9500122070312,966.7000122070312,963.5999755859375,966.6500244140625,27101
2026-02-11 10:20:00+05:30,966.5999755859375,967.3499755859375,966.4500122070312,967.25,35197
2026-02-11 10:25:00+05:30,967.25,967.25,966.0499877929688,967.0499877929688,22901
2026-02-11 10:30:00+05:30,967.0,969.0,967.0,968.9500122070312,74050
2026-02-11 10:35:00+05:30,968.9500122070312,971.2999877929688,968.5,971.0,117750
2026-02-11 10:40:00+05:30,970.7999877929688,974.3499755859375,970.7999877929688,973.4500122070312,103925
2026-02-11 10:45:00+05:30,973.7000122070312,974.5,973.25,974.5,73277
2026-02-11 10:50:00+05:30,974.5,974.5,970.9000244140625,971.0999755859375,87676
2026-02-11 10:55:00+05:30,971.0999755859375,972.0,969.6500244140625,972.0,54046
2026-02-11 11:00:00+05:30,972.25,973.2999877929688,971.5,972.2000122070312,39835
2026-02-11 11:05:00+05:30,972.2000122070312,972.2000122070312,970.0,970.0999755859375,24759
2026-02-11 11:10:00+05:30,970.0999755859375,972.0499877929688,970.0499877929688,970.5,37298
2026-02-11 11:15:00+05:30,970.4500122070312,970.8499755859375,969.2000122070312,969.4000244140625,36433
2026-02-11 11:20:00+05:30,969.25,970.2999877929688,968.4000244140625,969.25,36931
2026-02-11 11:25:00+05:30,969.25,970.9500122070312,969.0499877929688,970.25,64960
2026-02-11 11:30:00+05:30,970.4000244140625,970.6500244140625,970.2000122070312,970.5999755859375,11945
2026-02-11 11:35:00+05:30,970.5999755859375,970.8499755859375,970.0,970.7000122070312,23053
2026-02-11 11:40:00+05:30,970.8499755859375,971.25,970.0999755859375,970.0999755859375,33462
2026-02-11 11:45:00+05:30,970.2000122070312,970.5999755859375,969.7999877929688,970.4500122070312,48470
2026-02-11 11:50:00+05:30,970.2999877929688,970.3499755859375,970.0,970.0999755859375,11944
2026-02-11 11:55:00+05:30,970.0999755859375,970.0999755859375,968.0999755859375,968.3499755859375,51031
2026-02-11 12:00:00+05:30,968.3499755859375,969.5,968.0,968.7000122070312,72931
2026-02-11 12:05:00+05:30,968.5999755859375,969.1500244140625,967.5999755859375,967.9500122070312,25030
2026-02-11 12:10:00+05:30,967.9500122070312,968.6500244140625,967.7000122070312,967.9500122070312,23294
2026-02-11 12:15:00+05:30,967.9500122070312,968.2000122070312,966.0,967.0499877929688,78595
2026-02-11 12:20:00+05:30,967.25,967.25,965.7999877929688,966.2000122070312,24674
2026-02-11 12:25:00+05:30,965.8499755859375,967.6500244140625,965.2999877929688,966.6500244140625,81435
2026-02-11 12:30:00+05:30,967.0,967.0999755859375,965.9500122070312,966.0,13830
2026-02-11 12:35:00+05:30,965.9500122070312,966.8499755859375,965.5,965.5999755859375,25863
2026-02-11 12:40:00+05:30,965.5999755859375,966.9500122070312,965.0499877929688,966.7999877929688,57530
2026-02-11 12:45:00+05:30,966.75,966.75,965.5499877929688,965.8499755859375,18222
2026-02-11 12:50:00+05:30,965.8499755859375,966.25,965.5,966.1500244140625,17910
2026-02-11 12:55:00+05:30,966.1500244140625,968.75,966.0999755859375,967.2999877929688,70202
2026-02-11 13:00:00+05:30,967.0,967.0,964.5999755859375,964.9000244140625,45309
2026-02-11 13:05:00+05:30,964.9000244140625,969.0999755859375,964.7999877929688,967.7999877929688,134880
2026-02-11 13:10:00+05:30,967.7999877929688,970.7999877929688,967.5499877929688,969.6500244140625,92595
2026-02-11 13:15:00+05:30,969.6500244140625,971.75,969.6500244140625,970.6500244140625,53423
2026-02-11 13:20:00+05:30,970.6500244140625,971.3499755859375,969.7000122070312,969.7999877929688,24554
2026-02-11 13:25:00+05:30,969.7999877929688,971.0499877929688,969.7999877929688,970.5,24329
2026-02-11 13:30:00+05:30,970.6500244140625,970.7000122070312,969.7000122070312,969.8499755859375,13460
2026-02-11 13:35:00+05:30,970.0,970.7000122070312,969.5499877929688,970.6500244140625,13481
2026-02-11 13:40:00+05:30,970.6500244140625,971.0,969.75,969.7999877929688,14208
2026-02-11 13:45:00+05:30,969.75,970.2999877929688,969.4500122070312,969.6500244140625,21318
2026-02-11 13:50:00+05:30,970.0499877929688,970.0499877929688,967.5499877929688,968.8499755859375,18691
2026-02-11 13:55:00+05:30,968.8499755859375,969.3499755859375,968.5,968.5,12296
2026-02-11 14:00:00+05:30,968.8499755859375,969.9000244140625,968.7000122070312,969.7999877929688,16690
2026-02-11 14:05:00+05:30,969.7999877929688,969.9000244140625,969.0,969.75,15402
2026-02-11 14:10:00+05:30,969.75,970.75,969.5999755859375,970.5999755859375,16914
2026-02-11 14:15:00+05:30,970.5,970.8499755859375,968.75,969.0,28587
2026-02-11 14:20:00+05:30,969.25,969.75,967.3499755859375,967.4500122070312,22321
2026-02-11 14:25:00+05:30,967.5999755859375,968.5,967.5,967.5,23089
2026-02-11 14:30:00+05:30,967.4500122070312,968.25,967.2999877929688,967.6500244140625,21601
2026-02-11 14:35:00+05:30,967.5999755859375,968.2000122070312,967.4000244140625,967.4500122070312,17502
2026-02-11 14:40:00+05:30,967.4500122070312,967.4500122070312,966.0,967.0999755859375,32684
2026-02-11 14:45:00+05:30,966.7999877929688,967.2999877929688,966.2999877929688,966.9000244140625,28287
2026-02-11 14:50:00+05:30,966.9000244140625,967.5,966.5,967.5,46235
2026-02-11 14:55:00+05:30,967.5,968.7999877929688,967.3499755859375,968.5,41677
2026-02-11 15:00:00+05:30,968.8499755859375,970.7000122070312,968.8499755859375,969.3499755859375,158212
2026-02-11 15:05:00+05:30,969.2000122070312,969.4500122070312,968.7000122070312,968.75,105429
2026-02-11 15:10:00+05:30,968.75,969.2999877929688,967.5,967.75,116122
2026-02-11 15:15:00+05:30,967.75,968.9500122070312,967.6500244140625,968.7000122070312,73325
2026-02-11 15:20:00+05:30,968.75,969.0999755859375,967.0999755859375,967.2000122070312,152829
2026-02-11 15:25:00+05:30,967.25,968.4000244140625,967.25,968.3499755859375,89720
2026-02-12 09:20:00+05:30,970.0,972.3499755859375,969.7000122070312,969.7999877929688,61285
2026-02-12 09:25:00+05:30,969.7999877929688,971.75,969.7999877929688,971.0,35605
2026-02-12 09:30:00+05:30,971.2999877929688,972.7000122070312,971.0,971.5999755859375,47602
2026-02-12 09:35:00+05:30,971.9500122070312,972.9500122070312,971.3499755859375,972.5499877929688,42655
2026-02-12 09:40:00+05:30,972.2999877929688,973.9000244140625,971.5999755859375,973.9000244140625,61944
2026-02-12 09:45:00+05:30,973.9000244140625,975.9500122070312,973.7999877929688,975.0,122947
2026-02-12 09:50:00+05:30,975.0499877929688,976.5999755859375,973.9000244140625,975.2000122070312,44865
2026-02-12 09:55:00+05:30,975.1500244140625,976.0,975.0499877929688,976.0,17525
2026-02-12 10:00:00+05:30,976.0,976.2999877929688,975.1500244140625,975.2999877929688,32021
2026-02-12 10:05:00+05:30,975.4000244140625,978.0,975.1500244140625,978.0,63276
2026-02-12 10:10:00+05:30,977.9500122070312,978.2000122070312,976.2000122070312,977.9500122070312,64713
2026-02-12 10:15:00+05:30,977.5499877929688,977.7999877929688,977.0,977.7000122070312,25685
2026-02-12 10:20:00+05:30,977.7000122070312,979.5,977.7000122070312,979.0,82007
2026-02-12 10:25:00+05:30,979.0,980.1500244140625,979.0,979.5999755859375,642902
2026-02-12 10:30:00+05:30,979.2000122070312,982.5999755859375,979.2000122070312,982.5999755859375,114092
2026-02-12 10:35:00+05:30,982.25,985.0,981.0,984.5,166387
2026-02-12 10:40:00+05:30,984.5,984.5,981.2999877929688,983.25,87715
2026-02-12 10:45:00+05:30,983.25,983.9500122070312,982.6500244140625,983.8499755859375,36279
2026-02-12 10:50:00+05:30,983.9000244140625,985.0,983.7999877929688,984.7999877929688,70761
2026-02-12 10:55:00+05:30,984.7999877929688,987.0,984.7000122070312,986.7000122070312,147834
2026-02-12 11:00:00+05:30,986.6500244140625,986.7999877929688,985.0,986.4000244140625,66058
2026-02-12 11:05:00+05:30,986.2000122070312,988.9000244140625,986.0,987.4000244140625,162789
2026-02-12 11:10:00+05:30,987.4500122070312,987.9000244140625,986.5999755859375,987.7999877929688,73390
2026-02-12 11:15:00+05:30,987.75,987.7999877929688,985.2999877929688,987.5999755859375,75805
2026-02-12 11:20:00+05:30,987.2999877929688,988.5499877929688,986.2000122070312,987.7999877929688,122140
2026-02-12 11:25:00+05:30,987.75,989.5499877929688,987.0499877929688,987.5,123098
2026-02-12 11:30:00+05:30,987.2999877929688,987.9500122070312,985.0999755859375,986.25,76903
2026-02-12 11:35:00+05:30,986.0,986.9000244140625,984.5999755859375,985.4500122070312,75842
2026-02-12 11:40:00+05:30,985.7000122070312,986.9000244140625,985.0499877929688,985.3499755859375,49963
2026-02-12 11:45:00+05:30,985.1500244140625,987.0,985.0,986.0499877929688,29466
2026-02-12 11:50:00+05:30,986.0499877929688,986.5999755859375,985.75,986.25,33794
2026-02-12 11:55:00+05:30,986.25,986.4000244140625,985.0999755859375,986.25,23496
2026-02-12 12:00:00+05:30,986.0,987.9000244140625,985.7000122070312,987.6500244140625,65353
2026-02-12 12:05:00+05:30,987.7999877929688,989.4500122070312,987.4000244140625,988.6500244140625,87071
2026-02-12 12:10:00+05:30,988.5,988.7999877929688,987.9500122070312,988.75,43538
2026-02-12 12:15:00+05:30,989.4500122070312,990.7999877929688,988.5499877929688,990.1500244140625,1450109
2026-02-12 12:20:00+05:30,990.0499877929688,990.2000122070312,989.25,989.75,41824
2026-02-12 12:25:00+05:30,989.5,991.75,987.7999877929688,990.9000244140625,267392
2026-02-12 12:30:00+05:30,990.8499755859375,991.9000244140625,990.5,991.7999877929688,51257
2026-02-12 12:35:00+05:30,991.6500244140625,996.2000122070312,991.5999755859375,996.1500244140625,259779
2026-02-12 12:40:00+05:30,996.2000122070312,997.8499755859375,995.3499755859375,997.0,242551
2026-02-12 12:45:00+05:30,997.0,1000.4500122070312,995.2999877929688,997.0999755859375,363230
2026-02-12 12:50:00+05:30,996.5,999.2999877929688,996.2999877929688,996.7999877929688,186703
2026-02-12 12:55:00+05:30,997.2000122070312,998.5,996.1500244140625,997.6500244140625,113840
2026-02-12 13:00:00+05:30,998.0499877929688,998.0999755859375,995.7000122070312,997.0,95149
2026-02-12 13:05:00+05:30,997.0,997.75,996.5999755859375,996.9000244140625,39430
2026-02-12 13:10:00+05:30,996.7999877929688,996.9500122070312,993.5499877929688,995.4000244140625,107603
2026-02-12 13:15:00+05:30,995.0999755859375,996.5,994.7999877929688,996.0,55062
2026-02-12 13:20:00+05:30,996.0,997.0,995.0499877929688,997.0,68778
2026-02-12 13:25:00+05:30,997.0499877929688,997.5,996.5999755859375,997.0,77484
2026-02-12 13:30:00+05:30,997.0,997.5,996.2999877929688,996.4500122070312,28122
2026-02-12 13:35:00+05:30,996.25,997.1500244140625,996.0499877929688,996.75,28613
2026-02-12 13:40:00+05:30,996.75,996.9500122070312,996.0999755859375,996.6500244140625,28283
2026-02-12 13:45:00+05:30,996.5499877929688,996.8499755859375,995.0499877929688,995.0499877929688,46694
2026-02-12 13:50:00+05:30,994.7999877929688,996.7999877929688,994.4000244140625,996.75,100052
2026-02-12 13:55:00+05:30,996.75,996.7999877929688,996.0499877929688,996.3499755859375,21739
2026-02-12 14:00:00+05:30,996.3499755859375,997.2000122070312,996.3499755859375,997.2000122070312,34109
2026-02-12 14:05:00+05:30,997.2000122070312,997.6500244140625,995.7000122070312,996.0,46248
2026-02-12 14:10:00+05:30,996.0,996.0,995.1500244140625,995.5999755859375,34125
2026-02-12 14:15:00+05:30,995.5499877929688,996.0,995.0499877929688,995.9000244140625,36955
2026-02-12 14:20:00+05:30,995.9500122070312,996.75,995.7000122070312,996.25,90993
2026-02-12 14:25:00+05:30,996.2999877929688,996.2999877929688,995.5499877929688,995.6500244140625,49783
2026-02-12 14:30:00+05:30,995.6500244140625,996.5499877929688,995.5,995.9500122070312,50848
2026-02-12 14:35:00+05:30,996.0,996.25,995.5499877929688,996.25,65723
2026-02-12 14:40:00+05:30,996.25,996.6500244140625,992.9500122070312,993.3499755859375,169264
2026-02-12 14:45:00+05:30,993.3499755859375,994.3499755859375,991.3499755859375,993.2000122070312,455013
2026-02-12 14:50:00+05:30,992.9500122070312,995.7000122070312,992.9500122070312,994.2000122070312,159456
2026-02-12 14:55:00+05:30,994.2000122070312,995.9000244140625,994.2000122070312,995.5499877929688,95833
2026-02-12 15:00:00+05:30,995.5999755859375,997.0,995.5,996.4000244140625,206052
2026-02-12 15:05:00+05:30,996.25,996.9000244140625,995.9500122070312,996.8499755859375,171334
2026-02-12 15:10:00+05:30,996.6500244140625,997.9000244140625,996.2999877929688,997.0499877929688,236810
2026-02-12 15:15:00+05:30,997.0499877929688,1001.0,996.9500122070312,1001.0,724253
2026-02-12 15:20:00+05:30,1001.0,1001.0,999.0,999.9000244140625,411881
2026-02-12 15:25:00+05:30,999.8499755859375,1002.0,999.25,1001.0,444974
2026-02-13 09:20:00+05:30,998.5999755859375,1003.8499755859375,997.7999877929688,1002.5,470070
2026-02-13 09:25:00+05:30,1002.75,1003.7999877929688,999.1500244140625,1002.6500244140625,292877
2026-02-13 09:30:00+05:30,1002.6500244140625,1004.0,1000.25,1002.5,200129
2026-02-13 09:35:00+05:30,1002.6500244140625,1005.0,1002.2000122070312,1004.8499755859375,346651
2026-02-13 09:40:00+05:30,1004.8499755859375,1004.8499755859375,1003.1500244140625,1004.2000122070312,95604
2026-02-13 09:45:00+05:30,1004.0,1006.9500122070312,1003.6500244140625,1004.1500244140625,322126
2026-02-13 09:50:00+05:30,1004.0499877929688,1005.4000244140625,1003.5999755859375,1004.2999877929688,139685
2026-02-13 09:55:00+05:30,1004.25,1004.7999877929688,1004.0499877929688,1004.5499877929688,165357
2026-02-13 10:00:00+05:30,1004.5,1005.0,1002.4000244140625,1004.25,215816
2026-02-13 10:05:00+05:30,1004.25,1006.0,1003.4500122070312,1005.5,273853
2026-02-13 10:10:00+05:30,1005.4500122070312,1008.0,1004.2000122070312,1005.8499755859375,520461
2026-02-13 10:15:00+05:30,1006.0,1006.7000122070312,1004.2000122070312,1005.4500122070312,793921
2026-02-13 10:20:00+05:30,1005.4000244140625,1005.5,1001.2000122070312,1002.5999755859375,310713
2026-02-13 10:25:00+05:30,1002.7000122070312,1005.0,1002.5,1004.2999877929688,70190
2026-02-13 10:30:00+05:30,1004.2999877929688,1010.0,1004.0,1009.5,267950
2026-02-13 10:35:00+05:30,1009.5,1018.7000122070312,1009.5,1017.5999755859375,433627
2026-02-13 10:40:00+05:30,1017.5,1018.75,1009.5,1009.7000122070312,1036846
2026-02-13 10:45:00+05:30,1009.1500244140625,1013.0499877929688,1008.5499877929688,1012.3499755859375,531400
2026-02-13 10:50:00+05:30,1012.4000244140625,1015.2000122070312,1010.75,1012.9000244140625,418282
2026-02-13 10:55:00+05:30,1013.0,1014.4500122070312,1012.0999755859375,1013.0499877929688,120989
2026-02-13 11:00:00+05:30,1013.2999877929688,1013.2999877929688,1010.0,1013.0,114666
2026-02-13 11:05:00+05:30,1013.0,1013.0,1010.5999755859375,1011.5999755859375,58097
2026-02-13 11:10:00+05:30,1012.0,1014.2000122070312,1011.3499755859375,1014.2000122070312,112931
2026-02-13 11:15:00+05:30,1014.2999877929688,1015.9000244140625,1013.4500122070312,1014.6500244140625,197181
2026-02-13 11:20:00+05:30,1014.8499755859375,1014.9500122070312,1011.0,1011.25,61968
2026-02-13 11:25:00+05:30,1011.25,1013.6500244140625,1011.2000122070312,1013.0499877929688,60018
2026-02-13 11:30:00+05:30,1013.0999755859375,1013.4500122070312,1012.2000122070312,1012.8499755859375,78774
2026-02-13 11:35:00+05:30,1012.9000244140625,1013.5,1010.5,1010.7000122070312,69269
2026-02-13 11:40:00+05:30,1010.5,1010.7000122070312,1006.8499755859375,1008.5,166336
2026-02-13 11:45:00+05:30,1008.4500122070312,1011.5499877929688,1008.1500244140625,1010.0,62451
2026-02-13 11:50:00+05:30,1010.0499877929688,1010.2999877929688,1008.2000122070312,1008.25,83670
2026-02-13 11:55:00+05:30,1008.25,1009.5,1004.5999755859375,1009.2000122070312,231284
2026-02-13 12:00:00+05:30,1009.0,1010.0499877929688,1008.0,1008.3499755859375,48462
2026-02-13 12:05:00+05:30,1008.5999755859375,1008.8499755859375,1007.2000122070312,1007.25,157314
2026-02-13 12:10:00+05:30,1007.2000122070312,1008.9500122070312,1007.0499877929688,1008.3499755859375,87172
2026-02-13 12:15:00+05:30,1008.2999877929688,1008.5499877929688,1007.25,1008.25,34139
2026-02-13 12:20:00+05:30,1008.2999877929688,1009.5999755859375,1007.2000122070312,1008.1500244140625,94405
2026-02-13 12:25:00+05:30,1008.5499877929688,1009.2000122070312,1007.2000122070312,1007.3499755859375,61888
2026-02-13 12:30:00+05:30,1007.25,1008.25,1007.0999755859375,1008.0499877929688,43532
2026-02-13 12:35:00+05:30,1007.4500122070312,1008.2999877929688,1005.75,1008.0,84415
2026-02-13 12:40:00+05:30,1007.9000244140625,1009.6500244140625,1007.9000244140625,1009.5999755859375,61552
2026-02-13 12:45:00+05:30,1009.5999755859375,1010.9000244140625,1009.25,1010.0999755859375,86646
2026-02-13 12:50:00+05:30,1010.5,1010.5,1009.0,1009.2000122070312,112373
2026-02-13 12:55:00+05:30,1009.25,1010.7000122070312,1009.2000122070312,1010.2999877929688,81477
2026-02-13 13:00:00+05:30,1010.5,1010.75,1010.0999755859375,1010.4000244140625,40944
2026-02-13 13:05:00+05:30,1010.7999877929688,1012.0,1010.4500122070312,1012.0,57130
2026-02-13 13:10:00+05:30,1012.0,1016.7000122070312,1011.9500122070312,1016.1500244140625,999508
2026-02-13 13:15:00+05:30,1016.2000122070312,1020.0,1016.0999755859375,1019.1500244140625,470924
2026-02-13 13:20:00+05:30,1019.1500244140625,1019.1500244140625,1015.75,1016.3499755859375,126767
2026-02-13 13:25:00+05:30,1016.2999877929688,1017.1500244140625,1014.5,1016.8499755859375,92838
2026-02-13 13:30:00+05:30,1016.7000122070312,1019.5,1016.6500244140625,1019.5,143586
2026-02-13 13:35:00+05:30,1019.4000244140625,1019.75,1018.0499877929688,1018.3499755859375,64059
2026-02-13 13:40:00+05:30,1018.2000122070312,1018.9000244140625,1017.1500244140625,1017.25,65435
2026-02-13 13:45:00+05:30,1017.3499755859375,1018.0499877929688,1016.4000244140625,1017.5,84971
2026-02-13 13:50:00+05:30,1017.4500122070312,1017.7999877929688,1016.4000244140625,1017.4000244140625,71772
2026-02-13 13:55:00+05:30,1017.3499755859375,1018.0,1016.6500244140625,1017.8499755859375,55810
2026-02-13 14:00:00+05:30,1017.8499755859375,1018.8499755859375,1016.3499755859375,1017.4000244140625,135214
2026-02-13 14:05:00+05:30,1017.7000122070312,1022.4500122070312,1017.3499755859375,1019.5999755859375,1466930
2026-02-13 14:10:00+05:30,1019.4000244140625,1019.8499755859375,1017.0,1017.3499755859375,122696
2026-02-13 14:15:00+05:30,1017.3499755859375,1018.0,1016.5,1018.0,77272
2026-02-13 14:20:00+05:30,1017.7000122070312,1018.5,1015.5,1017.0,77045
2026-02-13 14:25:00+05:30,1017.0,1017.5,1016.2000122070312,1016.5999755859375,42656
2026-02-13 14:30:00+05:30,1016.9500122070312,1017.75,1016.5499877929688,1017.4000244140625,41488
2026-02-13 14:35:00+05:30,1017.4000244140625,1019.2000122070312,1017.3499755859375,1018.8499755859375,82796
2026-02-13 14:40:00+05:30,1018.8499755859375,1019.9000244140625,1017.9000244140625,1019.25,115938
2026-02-13 14:45:00+05:30,1019.1500244140625,1019.5,1018.0,1019.1500244140625,112627
2026-02-13 14:50:00+05:30,1019.25,1019.8499755859375,1017.8499755859375,1019.3499755859375,98785
2026-02-13 14:55:00+05:30,1019.25,1019.9500122070312,1018.9500122070312,1019.75,80413
2026-02-13 15:00:00+05:30,1019.75,1019.7999877929688,1018.25,1019.0,269676
2026-02-13 15:05:00+05:30,1019.0,1019.0,1016.9500122070312,1018.5,248792
2026-02-13 15:10:00+05:30,1018.5999755859375,1018.7999877929688,1018.0,1018.3499755859375,162599
2026-02-13 15:15:00+05:30,1018.2000122070312,1020.5999755859375,1018.2000122070312,1019.4000244140625,397179
2026-02-13 15:20:00+05:30,1019.1500244140625,1026.8499755859375,1015.25,1026.8499755859375,3705538
2026-02-13 15:25:00+05:30,1026.949951171875,1032.0,1024.75,1024.75,2218085
2026-02-16 09:20:00+05:30,1020.75,1022.6500244140625,1020.0999755859375,1020.4000244140625,115898
2026-02-16 09:25:00+05:30,1020.2999877929688,1023.2999877929688,1020.0,1021.7999877929688,96675
2026-02-16 09:30:00+05:30,1022.0,1027.0,1022.0,1026.949951171875,137339
2026-02-16 09:35:00+05:30,1026.3499755859375,1028.0,1025.0999755859375,1025.9000244140625,185032
2026-02-16 09:40:00+05:30,1026.0,1026.4000244140625,1021.5,1021.7000122070312,167463
2026-02-16 09:45:00+05:30,1021.7000122070312,1022.75,1020.7999877929688,1021.25,179993
2026-02-16 09:50:00+05:30,1020.9000244140625,1022.25,1020.0999755859375,1021.9000244140625,40660
2026-02-16 09:55:00+05:30,1021.9000244140625,1022.8499755859375,1020.5,1021.8499755859375,234919
2026-02-16 10:00:00+05:30,1022.2000122070312,1022.7000122070312,1021.0999755859375,1022.7000122070312,39824
2026-02-16 10:05:00+05:30,1023.4000244140625,1025.0,1022.9500122070312,1025.0,40018
2026-02-16 10:10:00+05:30,1025.050048828125,1025.0999755859375,1023.0999755859375,1024.5,33704
2026-02-16 10:15:00+05:30,1024.199951171875,1029.300048828125,1024.0999755859375,1028.5999755859375,75444
2026-02-16 10:20:00+05:30,1028.5999755859375,1028.5999755859375,1026.449951171875,1026.75,46470
2026-02-16 10:25:00+05:30,1026.199951171875,1027.4000244140625,1025.5,1027.199951171875,37063
2026-02-16 10:30:00+05:30,1027.199951171875,1027.4000244140625,1025.75,1026.449951171875,35084
2026-02-16 10:35:00+05:30,1026.25,1026.300048828125,1024.800048828125,1025.449951171875,38677
2026-02-16 10:40:00+05:30,1025.449951171875,1026.3499755859375,1024.300048828125,1025.0999755859375,32267
2026-02-16 10:45:00+05:30,1024.5999755859375,1025.199951171875,1022.0,1022.5499877929688,53877
2026-02-16 10:50:00+05:30,1022.5,1023.5,1022.0999755859375,1022.9000244140625,52484
2026-02-16 10:55:00+05:30,1022.8499755859375,1023.0,1022.0,1022.5,39208
2026-02-16 11:00:00+05:30,1022.5499877929688,1022.9500122070312,1021.5,1022.4500122070312,31784
2026-02-16 11:05:00+05:30,1022.4500122070312,1023.0,1022.0999755859375,1022.75,14528
2026-02-16 11:10:00+05:30,1022.7999877929688,1022.9000244140625,1022.0,1022.4500122070312,12304
2026-02-16 11:15:00+05:30,1022.2999877929688,1023.0,1022.0999755859375,1022.5,11146
2026-02-16 11:20:00+05:30,1023.0,1023.7000122070312,1022.2999877929688,1022.7000122070312,25490
2026-02-16 11:25:00+05:30,1022.7000122070312,1023.0,1021.5,1021.5,23824
2026-02-16 11:30:00+05:30,1021.5,1021.7999877929688,1021.25,1021.5499877929688,27336
2026-02-16 11:35:00+05:30,1021.5499877929688,1021.6500244140625,1021.0499877929688,1021.2000122070312,35220
2026-02-16 11:40:00+05:30,1021.0999755859375,1021.0999755859375,1018.25,1019.0,49054
2026-02-16 11:45:00+05:30,1019.0,1019.0499877929688,1016.4500122070312,1018.1500244140625,49812
2026-02-16 11:50:00+05:30,1018.0999755859375,1018.2000122070312,1015.9000244140625,1016.5,26111
2026-02-16 11:55:00+05:30,1016.5,1018.0499877929688,1016.2000122070312,1018.0,14214
2026-02-16 12:00:00+05:30,1018.0,1018.0,1015.6500244140625,1015.9500122070312,35846
2026-02-16 12:05:00+05:30,1015.9500122070312,1016.25,1015.0,1015.6500244140625,36267
2026-02-16 12:10:00+05:30,1015.7000122070312,1016.25,1014.4500122070312,1015.0999755859375,28920
2026-02-16 12:15:00+05:30,1014.7999877929688,1016.0,1014.0,1015.0,40975
2026-02-16 12:20:00+05:30,1015.0,1015.0,1014.0,1014.5,25738
2026-02-16 12:25:00+05:30,1014.4500122070312,1015.0,1014.0,1014.5999755859375,27434
2026-02-16 12:30:00+05:30,1014.5,1015.3499755859375,1014.5,1014.9000244140625,30724
2026-02-16 12:35:00+05:30,1014.9000244140625,1015.2000122070312,1013.5,1013.6500244140625,24118
2026-02-16 12:40:00+05:30,1013.8499755859375,1013.8499755859375,1012.3499755859375,1012.8499755859375,48239
2026-02-16 12:45:00+05:30,1012.8499755859375,1013.2000122070312,1012.0999755859375,1012.2000122070312,17288
2026-02-16 12:50:00+05:30,1012.2000122070312,1013.9000244140625,1011.6500244140625,1013.5499877929688,129394
2026-02-16 12:55:00+05:30,1013.0499877929688,1013.7999877929688,1010.0,1010.0499877929688,53995
2026-02-16 13:00:00+05:30,1010.2999877929688,1011.75,1010.0499877929688,1011.0999755859375,31883
2026-02-16 13:05:00+05:30,1011.0999755859375,1011.0999755859375,1010.0,1010.2000122070312,21226
2026-02-16 13:10:00+05:30,1010.25,1011.5499877929688,1010.0499877929688,1010.4000244140625,34744
2026-02-16 13:15:00+05:30,1010.25,1010.5499877929688,1009.75,1010.0,32315
2026-02-16 13:20:00+05:30,1010.0,1010.0,1008.5999755859375,1008.5999755859375,27764
2026-02-16 13:25:00+05:30,1009.0,1009.7999877929688,1008.2000122070312,1009.5499877929688,37211
2026-02-16 13:30:00+05:30,1009.0,1009.5999755859375,1007.4000244140625,1007.75,34387
2026-02-16 13:35:00+05:30,1007.5999755859375,1008.2999877929688,1007.4000244140625,1008.0,26487
2026-02-16 13:40:00+05:30,1007.7000122070312,1007.9000244140625,1007.0999755859375,1007.5999755859375,22343
2026-02-16 13:45:00+05:30,1007.5999755859375,1007.9000244140625,1006.2999877929688,1006.7000122070312,40547
2026-02-16 13:50:00+05:30,1006.75,1007.0,1005.0,1005.3499755859375,40861
2026-02-16 13:55:00+05:30,1005.6500244140625,1007.5999755859375,1005.5999755859375,1005.8499755859375,71728
2026-02-16 14:00:00+05:30,1005.8499755859375,1006.8499755859375,1005.5999755859375,1006.5,43542
2026-02-16 14:05:00+05:30,1006.5,1007.4500122070312,1005.9500122070312,1006.2999877929688,70528
2026-02-16 14:10:00+05:30,1006.2999877929688,1006.9000244140625,1005.5999755859375,1005.9000244140625,93242
2026-02-16 14:15:00+05:30,1005.75,1005.75,1004.5499877929688,1004.7000122070312,71416
2026-02-16 14:20:00+05:30,1004.5999755859375,1005.0999755859375,1003.3499755859375,1004.9000244140625,67715
2026-02-16 14:25:00+05:30,1004.9000244140625,1005.2999877929688,1004.3499755859375,1005.2999877929688,51559
2026-02-16 14:30:00+05:30,1005.25,1009.4000244140625,1005.0499877929688,1009.25,75410
2026-02-16 14:35:00+05:30,1009.25,1010.0,1008.5499877929688,1009.7999877929688,47054
2026-02-16 14:40:00+05:30,1009.9500122070312,1010.7999877929688,1009.0999755859375,1010.2000122070312,58484
2026-02-16 14:45:00+05:30,1010.2999877929688,1010.6500244140625,1009.0999755859375,1010.6500244140625,31266
2026-02-16 14:50:00+05:30,1010.5999755859375,1010.9500122070312,1009.3499755859375,1010.0499877929688,49028
2026-02-16 14:55:00+05:30,1010.0499877929688,1011.75,1009.75,1011.2999877929688,42927
2026-02-16 15:00:00+05:30,1011.25,1012.2000122070312,1010.9000244140625,1011.8499755859375,50815
2026-02-16 15:05:00+05:30,1011.8499755859375,1012.9000244140625,1010.7999877929688,1012.6500244140625,63822
2026-02-16 15:10:00+05:30,1012.6500244140625,1013.7999877929688,1011.9500122070312,1012.7000122070312,65317
2026-02-16 15:15:00+05:30,1012.75,1013.2000122070312,1012.3499755859375,1012.7999877929688,78022
2026-02-16 15:20:00+05:30,1012.7999877929688,1013.7000122070312,1012.4000244140625,1013.25,129452
2026-02-16 15:25:00+05:30,1013.5,1013.9500122070312,1011.5,1012.75,106228
2026-02-17 09:20:00+05:30,1008.7999877929688,1009.0499877929688,1006.0,1006.1500244140625,50313
2026-02-17 09:25:00+05:30,1006.1500244140625,1007.9500122070312,1006.0,1006.5,27486
2026-02-17 09:30:00+05:30,1006.4000244140625,1006.4000244140625,1004.5,1005.9000244140625,41278
2026-02-17 09:35:00+05:30,1005.5,1005.8499755859375,1004.0499877929688,1005.0999755859375,31286
2026-02-17 09:40:00+05:30,1004.7000122070312,1006.0,1004.5999755859375,1006.0,18819
2026-02-17 09:45:00+05:30,1006.2999877929688,1008.6500244140625,1006.2999877929688,1008.2999877929688,29135
2026-02-17 09:50:00+05:30,1008.0499877929688,1008.5999755859375,1007.3499755859375,1008.25,21709
2026-02-17 09:55:00+05:30,1008.25,1008.25,1006.5999755859375,1006.9000244140625,15741
2026-02-17 10:00:00+05:30,1006.6500244140625,1007.9000244140625,1006.6500244140625,1007.1500244140625,13968
2026-02-17 10:05:00+05:30,1007.1500244140625,1007.8499755859375,1006.75,1007.2000122070312,9686
2026-02-17 10:10:00+05:30,1007.0,1009.0999755859375,1006.7999877929688,1008.9500122070312,29071
2026-02-17 10:15:00+05:30,1008.8499755859375,1011.8499755859375,1007.2999877929688,1011.75,105967
2026-02-17 10:20:00+05:30,1011.75,1012.2000122070312,1010.0499877929688,1010.3499755859375,34988
2026-02-17 10:25:00+05:30,1010.3499755859375,1012.4000244140625,1010.0,1011.9000244140625,28967
2026-02-17 10:30:00+05:30,1012.0,1012.7000122070312,1011.9500122070312,1012.0,54034
2026-02-17 10:35:00+05:30,1012.1500244140625,1013.2999877929688,1012.0,1013.0,40480
2026-02-17 10:40:00+05:30,1013.0,1015.5,1012.7999877929688,1014.25,140116
2026-02-17 10:45:00+05:30,1014.0,1014.25,1012.5,1012.7999877929688,48528
2026-02-17 10:50:00+05:30,1012.9000244140625,1014.3499755859375,1012.75,1014.0,56650
2026-02-17 10:55:00+05:30,1014.2000122070312,1014.3499755859375,1012.5999755859375,1012.9000244140625,34978
2026-02-17 11:00:00+05:30,1013.1500244140625,1013.1500244140625,1011.5,1011.7999877929688,38298
2026-02-17 11:05:00+05:30,1011.7999877929688,1012.5999755859375,1010.0999755859375,1010.7000122070312,32923
2026-02-17 11:10:00+05:30,1011.0,1011.0,1010.0499877929688,1010.4500122070312,15817
2026-02-17 11:15:00+05:30,1010.4500122070312,1011.0,1010.0999755859375,1010.9000244140625,9539
2026-02-17 11:20:00+05:30,1010.5999755859375,1010.9500122070312,1009.2999877929688,1009.7000122070312,15296
2026-02-17 11:25:00+05:30,1009.5999755859375,1009.5999755859375,1007.9500122070312,1008.1500244140625,18906
2026-02-17 11:30:00+05:30,1008.5,1009.75,1008.0,1009.4000244140625,16873
2026-02-17 11:35:00+05:30,1009.5,1011.4500122070312,1009.5,1009.7000122070312,33533
2026-02-17 11:40:00+05:30,1009.5,1009.7999877929688,1008.1500244140625,1008.1500244140625,18887
2026-02-17 11:45:00+05:30,1008.3499755859375,1009.2000122070312,1008.0999755859375,1008.5999755859375,21567
2026-02-17 11:50:00+05:30,1008.6500244140625,1009.0,1007.5,1008.2999877929688,28807
2026-02-17 11:55:00+05:30,1008.25,1008.25,1007.0,1007.5,29427
2026-02-17 12:00:00+05:30,1007.5,1008.7000122070312,1007.5,1008.2000122070312,18174
2026-02-17 12:05:00+05:30,1008.2000122070312,1008.4500122070312,1007.0999755859375,1007.0999755859375,30112
2026-02-17 12:10:00+05:30,1007.0999755859375,1008.2999877929688,1006.75,1007.9000244140625,26310
2026-02-17 12:15:00+05:30,1007.9000244140625,1008.9500122070312,1007.75,1008.5499877929688,14484
2026-02-17 12:20:00+05:30,1008.4500122070312,1010.7000122070312,1008.0,1009.8499755859375,55321
2026-02-17 12:25:00+05:30,1009.8499755859375,1009.9000244140625,1008.4500122070312,1009.1500244140625,12807
2026-02-17 12:30:00+05:30,1009.2000122070312,1009.9500122070312,1008.5999755859375,1009.2000122070312,20925
2026-02-17 12:35:00+05:30,1009.2000122070312,1009.8499755859375,1008.9500122070312,1009.5,19394
2026-02-17 12:40:00+05:30,1009.5,1010.0,1008.6500244140625,1010.0,18237
2026-02-17 12:45:00+05:30,1009.9000244140625,1009.9000244140625,1008.4000244140625,1009.5499877929688,28238
2026-02-17 12:50:00+05:30,1009.5499877929688,1010.3499755859375,1009.1500244140625,1010.0,14601
2026-02-17 12:55:00+05:30,1010.0,1010.0,1008.5,1008.7000122070312,17053
2026-02-17 13:00:00+05:30,1008.7000122070312,1010.0,1008.2999877929688,1009.2999877929688,32177
2026-02-17 13:05:00+05:30,1009.0999755859375,1010.3499755859375,1008.5999755859375,1010.3499755859375,47758
2026-02-17 13:10:00+05:30,1010.25,1010.6500244140625,1008.7000122070312,1009.1500244140625,51694
2026-02-17 13:15:00+05:30,1008.7999877929688,1009.75,1008.7999877929688,1009.4500122070312,11897
2026-02-17 13:20:00+05:30,1009.3499755859375,1010.25,1009.3499755859375,1010.0499877929688,15835
2026-02-17 13:25:00+05:30,1010.0499877929688,1010.3499755859375,1009.4500122070312,1010.0,9193
2026-02-17 13:30:00+05:30,1010.0,1011.0,1009.9000244140625,1010.5,15399
2026-02-17 13:35:00+05:30,1010.5,1010.8499755859375,1009.6500244140625,1009.6500244140625,11559
2026-02-17 13:40:00+05:30,1009.6500244140625,1010.5999755859375,1009.5,1010.5499877929688,11424
2026-02-17 13:45:00+05:30,1010.5499877929688,1010.5499877929688,1009.6500244140625,1009.6500244140625,27617
2026-02-17 13:50:00+05:30,1009.8499755859375,1011.0,1009.5999755859375,1010.5499877929688,23810
2026-02-17 13:55:00+05:30,1010.0,1010.1500244140625,1008.6500244140625,1008.6500244140625,64619
2026-02-17 14:00:00+05:30,1008.6500244140625,1010.5,1008.5,1010.25,58588
2026-02-17 14:05:00+05:30,1010.5,1010.5,1009.3499755859375,1009.3499755859375,14557
2026-02-17 14:10:00+05:30,1009.3499755859375,1009.3499755859375,1006.9000244140625,1007.6500244140625,57849
2026-02-17 14:15:00+05:30,1007.7000122070312,1010.8499755859375,1007.5499877929688,1010.2000122070312,35853
2026-02-17 14:20:00+05:30,1009.7999877929688,1010.5,1009.7000122070312,1010.0999755859375,14849
2026-02-17 14:25:00+05:30,1010.0,1010.5,1009.7000122070312,1009.7999877929688,18716
2026-02-17 14:30:00+05:30,1010.0,1011.4000244140625,1009.7000122070312,1010.9000244140625,37523
2026-02-17 14:35:00+05:30,1010.7999877929688,1013.9500122070312,1010.7999877929688,1013.9000244140625,52614
2026-02-17 14:40:00+05:30,1013.6500244140625,1013.75,1011.2000122070312,1011.8499755859375,82993
2026-02-17 14:45:00+05:30,1012.2000122070312,1012.5,1011.25,1012.3499755859375,27538
2026-02-17 14:50:00+05:30,1012.75,1013.7000122070312,1012.7000122070312,1013.5499877929688,60931
2026-02-17 14:55:00+05:30,1013.4000244140625,1013.5999755859375,1012.25,1013.5999755859375,71584
2026-02-17 15:00:00+05:30,1013.9000244140625,1014.5999755859375,1013.5499877929688,1014.2000122070312,90670
2026-02-17 15:05:00+05:30,1014.5,1014.5,1012.8499755859375,1012.9000244140625,54765
2026-02-17 15:10:00+05:30,1013.4000244140625,1013.9500122070312,1013.0,1013.6500244140625,50338
2026-02-17 15:15:00+05:30,1014.5999755859375,1015.2999877929688,1014.2999877929688,1014.7999877929688,163581
2026-02-17 15:20:00+05:30,1014.8499755859375,1015.2999877929688,1013.5999755859375,1014.5,141247
2026-02-17 15:25:00+05:30,1014.7000122070312,1014.9000244140625,1011.0,1014.1500244140625,79817
2026-02-18 09:20:00+05:30,1021.5,1022.4500122070312,1015.25,1017.2000122070312,80610
2026-02-18 09:25:00+05:30,1017.2000122070312,1019.5,1017.0999755859375,1017.8499755859375,34888
2026-02-18 09:30:00+05:30,1017.3499755859375,1018.5,1017.3499755859375,1018.3499755859375,23501
2026-02-18 09:35:00+05:30,1018.3499755859375,1019.6500244140625,1018.0,1018.25,41958
2026-02-18 09:40:00+05:30,1018.0499877929688,1018.9000244140625,1017.5,1018.5499877929688,14490
2026-02-18 09:45:00+05:30,1018.5999755859375,1019.9000244140625,1018.3499755859375,1019.5999755859375,40506
2026-02-18 09:50:00+05:30,1019.5499877929688,1019.75,1018.1500244140625,1018.3499755859375,27090
2026-02-18 09:55:00+05:30,1018.1500244140625,1018.4000244140625,1015.9000244140625,1016.5499877929688,45109
2026-02-18 10:00:00+05:30,1017.0,1017.9500122070312,1015.5,1017.75,62590
2026-02-18 10:05:00+05:30,1018.0,1019.4500122070312,1018.0,1018.7999877929688,21439
2026-02-18 10:10:00+05:30,1018.7999877929688,1018.7999877929688,1017.7000122070312,1018.3499755859375,16479
2026-02-18 10:15:00+05:30,1018.3499755859375,1019.5999755859375,1017.5,1019.4500122070312,27934
2026-02-18 10:20:00+05:30,1019.6500244140625,1020.5,1019.5499877929688,1020.3499755859375,30334
2026-02-18 10:25:00+05:30,1020.3499755859375,1020.5,1018.4000244140625,1019.5499877929688,17216
2026-02-18 10:30:00+05:30,1019.5499877929688,1019.6500244140625,1018.25,1018.25,15377
2026-02-18 10:35:00+05:30,1018.6500244140625,1019.2000122070312,1017.7999877929688,1017.7999877929688,17017
2026-02-18 10:40:00+05:30,1018.2000122070312,1018.4000244140625,1016.3499755859375,1017.2000122070312,15405
2026-02-18 10:45:00+05:30,1017.25,1020.1500244140625,1017.2000122070312,1020.1500244140625,30670
2026-02-18 10:50:00+05:30,1020.1500244140625,1022.0499877929688,1019.3499755859375,1021.1500244140625,142976
2026-02-18 10:55:00+05:30,1021.5,1021.7999877929688,1020.7000122070312,1021.2000122070312,32555
2026-02-18 11:00:00+05:30,1020.9500122070312,1021.6500244140625,1020.75,1021.0,31552
2026-02-18 11:05:00+05:30,1021.2999877929688,1023.5,1020.7000122070312,1023.4000244140625,50386
2026-02-18 11:10:00+05:30,1023.7000122070312,1023.9500122070312,1021.7000122070312,1021.7000122070312,43858
2026-02-18 11:15:00+05:30,1022.0999755859375,1022.3499755859375,1020.0,1020.0499877929688,21121
2026-02-18 11:20:00+05:30,1020.0499877929688,1020.4500122070312,1019.4500122070312,1020.0999755859375,21560
2026-02-18 11:25:00+05:30,1020.0999755859375,1020.25,1018.5999755859375,1019.9000244140625,19910
2026-02-18 11:30:00+05:30,1020.0,1021.0,1019.0499877929688,1020.5,17460
2026-02-18 11:35:00+05:30,1021.0,1021.5999755859375,1020.5,1020.5999755859375,20628
2026-02-18 11:40:00+05:30,1020.9500122070312,1020.9500122070312,1019.5499877929688,1019.75,13778
2026-02-18 11:45:00+05:30,1019.7999877929688,1020.0,1019.0,1019.9500122070312,21796
2026-02-18 11:50:00+05:30,1019.9500122070312,1021.25,1019.4500122070312,1021.2000122070312,48106
2026-02-18 11:55:00+05:30,1021.2999877929688,1021.4500122070312,1020.0,1020.3499755859375,8740
2026-02-18 12:00:00+05:30,1020.3499755859375,1021.5,1020.3499755859375,1021.0499877929688,11638
2026-02-18 12:05:00+05:30,1021.5,1022.0,1021.0999755859375,1021.7999877929688,11872
2026-02-18 12:10:00+05:30,1021.8499755859375,1022.0,1021.25,1021.7999877929688,10717
2026-02-18 12:15:00+05:30,1022.0,1022.0,1021.0999755859375,1021.9500122070312,13699
2026-02-18 12:20:00+05:30,1021.9500122070312,1022.4000244140625,1021.5,1022.25,23083
2026-02-18 12:25:00+05:30,1022.25,1022.4000244140625,1021.2999877929688,1021.9000244140625,10938
2026-02-18 12:30:00+05:30,1021.9000244140625,1022.0,1021.0999755859375,1021.25,12651
2026-02-18 12:35:00+05:30,1021.25,1021.3499755859375,1019.7000122070312,1019.9000244140625,22806
2026-02-18 12:40:00+05:30,1019.9000244140625,1019.9000244140625,1015.0,1017.1500244140625,61208
2026-02-18 12:45:00+05:30,1017.2000122070312,1017.3499755859375,1016.2999877929688,1016.2999877929688,18517
2026-02-18 12:50:00+05:30,1016.5499877929688,1017.8499755859375,1016.3499755859375,1017.75,23228
2026-02-18 12:55:00+05:30,1017.75,1017.9500122070312,1017.0,1017.8499755859375,13526
2026-02-18 13:00:00+05:30,1017.5499877929688,1018.4500122070312,1016.75,1018.3499755859375,12957
2026-02-18 13:05:00+05:30,1018.25,1018.5,1015.75,1016.4000244140625,18344
2026-02-18 13:10:00+05:30,1015.9500122070312,1018.0,1015.5,1018.0,26247
2026-02-18 13:15:00+05:30,1017.6500244140625,1018.4500122070312,1017.0999755859375,1017.8499755859375,16744
2026-02-18 13:20:00+05:30,1018.0,1019.7000122070312,1018.0,1019.25,29279
2026-02-18 13:25:00+05:30,1019.25,1019.2999877929688,1018.25,1018.7000122070312,20981
2026-02-18 13:30:00+05:30,1018.7000122070312,1019.0,1018.2000122070312,1018.2000122070312,11051
2026-02-18 13:35:00+05:30,1018.25,1019.0,1018.0,1019.0,14247
2026-02-18 13:40:00+05:30,1019.0,1019.6500244140625,1018.5999755859375,1019.2999877929688,31276
2026-02-18 13:45:00+05:30,1019.2999877929688,1023.2999877929688,1019.25,1022.2999877929688,1463739
2026-02-18 13:50:00+05:30,1022.2999877929688,1022.6500244140625,1018.4000244140625,1019.0499877929688,80715
2026-02-18 13:55:00+05:30,1019.0999755859375,1021.0,1018.75,1020.2999877929688,33750
2026-02-18 14:00:00+05:30,1020.2999877929688,1020.4500122070312,1020.0,1020.0,19734
2026-02-18 14:05:00+05:30,1020.1500244140625,1020.75,1020.0,1020.4500122070312,17567
2026-02-18 14:10:00+05:30,1020.4500122070312,1022.0999755859375,1019.5,1022.0,170361
2026-02-18 14:15:00+05:30,1022.0999755859375,1022.5999755859375,1021.4000244140625,1022.2999877929688,22797
2026-02-18 14:20:00+05:30,1022.6500244140625,1023.0,1022.2999877929688,1022.8499755859375,25645
2026-02-18 14:25:00+05:30,1022.9000244140625,1022.9500122070312,1021.9000244140625,1022.1500244140625,16077
2026-02-18 14:30:00+05:30,1022.0,1022.1500244140625,1020.5999755859375,1020.5999755859375,16390
2026-02-18 14:35:00+05:30,1020.5999755859375,1021.9500122070312,1020.5999755859375,1021.2999877929688,20784
2026-02-18 14:40:00+05:30,1021.25,1022.5,1021.0999755859375,1022.0,30953
2026-02-18 14:45:00+05:30,1021.8499755859375,1022.8499755859375,1021.8499755859375,1022.8499755859375,50110
2026-02-18 14:50:00+05:30,1022.8499755859375,1024.199951171875,1022.4500122070312,1024.199951171875,273205
2026-02-18 14:55:00+05:30,1024.0,1025.0,1023.5,1023.9500122070312,98234
2026-02-18 15:00:00+05:30,1023.9500122070312,1025.699951171875,1023.7999877929688,1024.25,93927
2026-02-18 15:05:00+05:30,1024.5,1024.5999755859375,1023.0,1024.1500244140625,89061
2026-02-18 15:10:00+05:30,1024.3499755859375,1024.449951171875,1022.2999877929688,1022.7000122070312,107841
2026-02-18 15:15:00+05:30,1022.7999877929688,1024.300048828125,1022.7000122070312,1023.4500122070312,345191
2026-02-18 15:20:00+05:30,1023.4500122070312,1024.050048828125,1022.8499755859375,1023.9000244140625,124551
2026-02-18 15:25:00+05:30,1023.9000244140625,1024.0,1020.2000122070312,1023.7999877929688,119450
2026-02-19 09:20:00+05:30,1019.5,1021.9500122070312,1018.1500244140625,1019.0499877929688,43292
2026-02-19 09:25:00+05:30,1019.3499755859375,1019.6500244140625,1018.0,1018.5499877929688,25244
2026-02-19 09:30:00+05:30,1018.9500122070312,1019.7000122070312,1018.5,1019.1500244140625,24184
2026-02-19 09:35:00+05:30,1018.75,1019.25,1018.0,1019.0,31440
2026-02-19 09:40:00+05:30,1019.0,1020.5,1019.0,1019.9000244140625,39838
2026-02-19 09:45:00+05:30,1019.5499877929688,1020.9500122070312,1018.8499755859375,1020.9500122070312,29075
2026-02-19 09:50:00+05:30,1020.75,1020.75,1019.0999755859375,1019.4000244140625,21357
2026-02-19 09:55:00+05:30,1019.4000244140625,1020.0,1019.2999877929688,1019.5,20186
2026-02-19 10:00:00+05:30,1019.5,1020.2000122070312,1018.7999877929688,1019.25,30508
2026-02-19 10:05:00+05:30,1019.3499755859375,1020.0,1018.5999755859375,1019.5,12199
2026-02-19 10:10:00+05:30,1019.5,1019.5999755859375,1018.2000122070312,1018.5999755859375,24396
2026-02-19 10:15:00+05:30,1018.5999755859375,1018.9500122070312,1017.0499877929688,1018.2000122070312,27795
2026-02-19 10:20:00+05:30,1018.2000122070312,1018.9500122070312,1017.8499755859375,1018.2000122070312,14282
2026-02-19 10:25:00+05:30,1018.1500244140625,1019.0,1017.6500244140625,1017.9000244140625,14625
2026-02-19 10:30:00+05:30,1017.5,1018.25,1017.0999755859375,1017.75,13180
2026-02-19 10:35:00+05:30,1017.7000122070312,1018.4500122070312,1017.25,1018.0,24396
2026-02-19 10:40:00+05:30,1017.7999877929688,1019.0999755859375,1017.0999755859375,1018.75,50175
2026-02-19 10:45:00+05:30,1018.75,1021.5,1018.75,1020.8499755859375,34730
2026-02-19 10:50:00+05:30,1020.4000244140625,1021.2000122070312,1019.9000244140625,1020.2000122070312,21314
2026-02-19 10:55:00+05:30,1020.2000122070312,1020.7000122070312,1017.75,1018.2000122070312,16859
2026-02-19 11:00:00+05:30,1018.0499877929688,1019.8499755859375,1018.0499877929688,1018.5999755859375,22809
2026-02-19 11:05:00+05:30,1018.1500244140625,1019.4000244140625,1018.0999755859375,1018.3499755859375,15009
2026-02-19 11:10:00+05:30,1018.3499755859375,1019.5999755859375,1018.25,1018.75,20435
2026-02-19 11:15:00+05:30,1018.75,1019.7000122070312,1018.0999755859375,1018.5999755859375,19085
2026-02-19 11:20:00+05:30,1018.5999755859375,1018.8499755859375,1017.1500244140625,1017.6500244140625,10371
2026-02-19 11:25:00+05:30,1017.4000244140625,1018.9000244140625,1017.2999877929688,1018.0999755859375,13734
2026-02-19 11:30:00+05:30,1018.0999755859375,1019.5,1018.0999755859375,1019.0,13617
2026-02-19 11:35:00+05:30,1019.0,1020.7999877929688,1019.0,1020.7000122070312,25527
2026-02-19 11:40:00+05:30,1020.7000122070312,1020.7999877929688,1019.0,1019.9500122070312,6621
2026-02-19 11:45:00+05:30,1019.9500122070312,1021.5499877929688,1019.2999877929688,1020.5,24683
2026-02-19 11:50:00+05:30,1020.5,1021.0499877929688,1020.0,1020.2999877929688,14568
2026-02-19 11:55:00+05:30,1020.7999877929688,1021.7999877929688,1020.5,1021.7000122070312,24961
2026-02-19 12:00:00+05:30,1021.6500244140625,1021.6500244140625,1020.5999755859375,1021.2000122070312,17212
2026-02-19 12:05:00+05:30,1021.25,1021.8499755859375,1020.25,1020.25,7953
2026-02-19 12:10:00+05:30,1020.5499877929688,1020.7000122070312,1019.5,1019.6500244140625,20666
2026-02-19 12:15:00+05:30,1019.5,1020.0499877929688,1019.0,1019.5499877929688,10868
2026-02-19 12:20:00+05:30,1019.2000122070312,1019.9500122070312,1017.7000122070312,1017.75,14919
2026-02-19 12:25:00+05:30,1018.25,1020.0,1017.6500244140625,1018.9000244140625,15009
2026-02-19 12:30:00+05:30,1018.8499755859375,1019.5499877929688,1018.0,1018.0,9268
2026-02-19 12:35:00+05:30,1018.0,1018.4000244140625,1013.6500244140625,1014.7000122070312,40057
2026-02-19 12:40:00+05:30,1014.5499877929688,1016.0,1014.5499877929688,1015.2000122070312,21381
2026-02-19 12:45:00+05:30,1015.2000122070312,1016.6500244140625,1014.7999877929688,1016.4000244140625,20203
2026-02-19 12:50:00+05:30,1016.6500244140625,1017.4000244140625,1016.0,1016.7000122070312,19225
2026-02-19 12:55:00+05:30,1016.3499755859375,1016.8499755859375,1015.5999755859375,1015.7000122070312,5655
2026-02-19 13:00:00+05:30,1016.0,1016.7000122070312,1015.2000122070312,1016.25,17698
2026-02-19 13:05:00+05:30,1016.4500122070312,1018.5,1016.25,1018.4500122070312,23499
2026-02-19 13:10:00+05:30,1018.4000244140625,1018.75,1017.6500244140625,1018.5,58460
2026-02-19 13:15:00+05:30,1018.3499755859375,1018.3499755859375,1016.9500122070312,1017.0999755859375,14876
2026-02-19 13:20:00+05:30,1017.25,1018.0,1016.75,1017.4000244140625,7265
2026-02-19 13:25:00+05:30,1017.5,1018.0,1017.0,1017.1500244140625,18074
2026-02-19 13:30:00+05:30,1017.7000122070312,1017.7000122070312,1016.4500122070312,1016.9000244140625,62582
2026-02-19 13:35:00+05:30,1017.0499877929688,1018.0,1014.0499877929688,1017.75,56247
2026-02-19 13:40:00+05:30,1017.4000244140625,1018.0,1016.7000122070312,1017.9000244140625,15211
2026-02-19 13:45:00+05:30,1018.0,1022.8499755859375,1017.9000244140625,1022.0,5140594
2026-02-19 13:50:00+05:30,1022.0,1022.25,1018.6500244140625,1019.0,20425
2026-02-19 13:55:00+05:30,1019.1500244140625,1020.0,1017.0,1017.9000244140625,28139
2026-02-19 14:00:00+05:30,1017.1500244140625,1019.2000122070312,1017.0,1018.4000244140625,18113
2026-02-19 14:05:00+05:30,1018.4000244140625,1018.9500122070312,1017.5,1018.25,23453
2026-02-19 14:10:00+05:30,1018.25,1019.1500244140625,1017.5,1018.5499877929688,14417
2026-02-19 14:15:00+05:30,1018.5999755859375,1020.75,1018.4000244140625,1019.7999877929688,51864
2026-02-19 14:20:00+05:30,1019.7999877929688,1020.0,1017.2000122070312,1017.5999755859375,50881
2026-02-19 14:25:00+05:30,1017.0,1017.2999877929688,1015.0999755859375,1015.0999755859375,17179
2026-02-19 14:30:00+05:30,1015.5,1017.5999755859375,1015.0999755859375,1017.0999755859375,18826
2026-02-19 14:35:00+05:30,1017.2999877929688,1017.9500122070312,1016.9000244140625,1017.5,17647
2026-02-19 14:40:00+05:30,1017.2000122070312,1017.5499877929688,1015.6500244140625,1015.7999877929688,40102
2026-02-19 14:45:00+05:30,1015.8499755859375,1017.25,1015.25,1016.7000122070312,76430
2026-02-19 14:50:00+05:30,1017.1500244140625,1017.75,1016.5999755859375,1017.2000122070312,26401
2026-02-19 14:55:00+05:30,1017.4000244140625,1018.0,1016.5999755859375,1017.0,25152
2026-02-19 15:00:00+05:30,1016.8499755859375,1016.9500122070312,1015.9500122070312,1016.3499755859375,72111
2026-02-19 15:05:00+05:30,1016.3499755859375,1017.5999755859375,1016.0499877929688,1016.9500122070312,157388
2026-02-19 15:10:00+05:30,1016.7999877929688,1017.2000122070312,1015.7999877929688,1016.3499755859375,156556
2026-02-19 15:15:00+05:30,1016.4000244140625,1018.8499755859375,1010.7000122070312,1016.4000244140625,1685216
2026-02-19 15:20:00+05:30,1016.4000244140625,1018.4000244140625,1011.0,1011.0999755859375,765878
2026-02-19 15:25:00+05:30,1011.0999755859375,1011.3499755859375,1007.0,1007.0,137963
2026-02-20 09:20:00+05:30,1012.0499877929688,1013.3499755859375,1010.25,1011.4500122070312,66110
2026-02-20 09:25:00+05:30,1010.1500244140625,1011.0,1008.7999877929688,1009.9000244140625,51860
2026-02-20 09:30:00+05:30,1010.0999755859375,1013.5,1009.9500122070312,1013.5,26531
2026-02-20 09:35:00+05:30,1013.1500244140625,1015.25,1013.1500244140625,1015.0999755859375,40566
2026-02-20 09:40:00+05:30,1015.0,1016.25,1014.6500244140625,1016.0999755859375,45790
2026-02-20 09:45:00+05:30,1016.5,1020.5999755859375,1016.5,1019.8499755859375,56335
2026-02-20 09:50:00+05:30,1020.5499877929688,1022.4000244140625,1016.7000122070312,1019.1500244140625,69394
2026-02-20 09:55:00+05:30,1019.5999755859375,1020.25,1017.3499755859375,1017.75,33352
2026-02-20 10:00:00+05:30,1017.5,1018.0,1016.0499877929688,1016.0499877929688,35104
2026-02-20 10:05:00+05:30,1016.25,1016.7999877929688,1015.0,1015.4000244140625,63281
2026-02-20 10:10:00+05:30,1015.4000244140625,1016.4500122070312,1014.5499877929688,1015.6500244140625,45571
2026-02-20 10:15:00+05:30,1015.5,1018.9500122070312,1015.5,1018.5499877929688,42523
2026-02-20 10:20:00+05:30,1018.7000122070312,1019.9500122070312,1018.3499755859375,1019.5999755859375,59315
2026-02-20 10:25:00+05:30,1019.6500244140625,1021.9000244140625,1019.5,1020.2000122070312,75939
2026-02-20 10:30:00+05:30,1020.6500244140625,1021.0,1019.5999755859375,1020.2999877929688,45408
2026-02-20 10:35:00+05:30,1020.2999877929688,1021.3499755859375,1018.4000244140625,1019.3499755859375,36880
2026-02-20 10:40:00+05:30,1019.5499877929688,1021.5,1019.3499755859375,1019.5,71081
2026-02-20 10:45:00+05:30,1019.9000244140625,1021.5,1019.6500244140625,1019.75,38195
2026-02-20 10:50:00+05:30,1019.7999877929688,1020.9500122070312,1019.4500122070312,1019.7999877929688,35199
2026-02-20 10:55:00+05:30,1020.0,1020.5999755859375,1019.25,1020.1500244140625,45037
2026-02-20 11:00:00+05:30,1020.4000244140625,1020.4000244140625,1018.4000244140625,1020.4000244140625,123411
2026-02-20 11:05:00+05:30,1020.3499755859375,1021.4500122070312,1019.2000122070312,1020.0,44677
2026-02-20 11:10:00+05:30,1020.0499877929688,1020.5499877929688,1020.0,1020.0499877929688,60532
2026-02-20 11:15:00+05:30,1020.4000244140625,1023.9000244140625,1020.4000244140625,1023.4000244140625,42544
2026-02-20 11:20:00+05:30,1023.4000244140625,1024.8499755859375,1022.0499877929688,1022.5499877929688,83766
2026-02-20 11:25:00+05:30,1022.7000122070312,1027.0,1022.4500122070312,1026.1500244140625,72422
2026-02-20 11:30:00+05:30,1026.050048828125,1027.0,1025.800048828125,1026.8499755859375,55477
2026-02-20 11:35:00+05:30,1026.6500244140625,1028.25,1025.6500244140625,1027.300048828125,51287
2026-02-20 11:40:00+05:30,1027.300048828125,1030.9000244140625,1027.0,1030.050048828125,286633
2026-02-20 11:45:00+05:30,1030.050048828125,1030.050048828125,1027.0999755859375,1028.0,156983
2026-02-20 11:50:00+05:30,1028.0999755859375,1028.699951171875,1027.3499755859375,1028.0,211257
2026-02-20 11:55:00+05:30,1028.0,1028.050048828125,1025.550048828125,1027.5999755859375,64499
2026-02-20 12:00:00+05:30,1027.5999755859375,1031.25,1027.3499755859375,1030.699951171875,110910
2026-02-20 12:05:00+05:30,1030.699951171875,1031.1500244140625,1029.6500244140625,1030.8499755859375,42335
2026-02-20 12:10:00+05:30,1030.9000244140625,1033.800048828125,1030.5,1033.800048828125,77531
2026-02-20 12:15:00+05:30,1033.800048828125,1036.300048828125,1032.5999755859375,1035.449951171875,127686
2026-02-20 12:20:00+05:30,1035.449951171875,1036.0,1034.75,1035.5999755859375,46842
2026-02-20 12:25:00+05:30,1035.800048828125,1036.5999755859375,1034.800048828125,1034.8499755859375,58275
2026-02-20 12:30:00+05:30,1034.949951171875,1035.6500244140625,1032.5,1032.9000244140625,31346
2026-02-20 12:35:00+05:30,1032.9000244140625,1033.6500244140625,1032.199951171875,1032.199951171875,34805
2026-02-20 12:40:00+05:30,1031.699951171875,1032.0999755859375,1029.25,1030.8499755859375,41883
2026-02-20 12:45:00+05:30,1030.4000244140625,1032.0,1028.5999755859375,1030.75,136329
2026-02-20 12:50:00+05:30,1030.699951171875,1031.0,1030.0,1030.800048828125,58681
2026-02-20 12:55:00+05:30,1030.800048828125,1031.0,1030.0,1030.8499755859375,98111
2026-02-20 13:00:00+05:30,1030.8499755859375,1031.3499755859375,1030.0,1030.3499755859375,48355
2026-02-20 13:05:00+05:30,1030.4000244140625,1030.6500244140625,1028.300048828125,1030.050048828125,210226
2026-02-20 13:10:00+05:30,1030.050048828125,1030.9000244140625,1027.699951171875,1030.199951171875,124762
2026-02-20 13:15:00+05:30,1030.199951171875,1030.699951171875,1028.6500244140625,1029.5,284574
2026-02-20 13:20:00+05:30,1029.5,1030.0,1027.050048828125,1028.699951171875,95880
2026-02-20 13:25:00+05:30,1028.5999755859375,1029.8499755859375,1028.449951171875,1029.8499755859375,37967
2026-02-20 13:30:00+05:30,1030.0,1031.0,1029.800048828125,1030.5999755859375,37566
2026-02-20 13:35:00+05:30,1030.75,1031.5,1029.550048828125,1029.550048828125,44552
2026-02-20 13:40:00+05:30,1029.9000244140625,1030.300048828125,1028.0,1030.0,98318
2026-02-20 13:45:00+05:30,1030.050048828125,1031.0,1030.0,1030.550048828125,62115
2026-02-20 13:50:00+05:30,1030.949951171875,1031.0,1030.0,1030.0,50710
2026-02-20 13:55:00+05:30,1030.050048828125,1031.9000244140625,1030.0,1031.5999755859375,55558
2026-02-20 14:00:00+05:30,1031.449951171875,1032.75,1031.0,1031.0,33178
2026-02-20 14:05:00+05:30,1031.050048828125,1035.1500244140625,1030.6500244140625,1035.0,256598
2026-02-20 14:10:00+05:30,1035.050048828125,1035.699951171875,1032.75,1032.9000244140625,179449
2026-02-20 14:15:00+05:30,1033.0,1033.4000244140625,1031.0,1031.0,58935
2026-02-20 14:20:00+05:30,1031.3499755859375,1031.449951171875,1030.0,1030.4000244140625,48483
2026-02-20 14:25:00+05:30,1030.5999755859375,1030.5999755859375,1029.5999755859375,1030.0,97391
2026-02-20 14:30:00+05:30,1030.050048828125,1031.75,1030.0,1031.25,53592
2026-02-20 14:35:00+05:30,1031.1500244140625,1032.0,1030.449951171875,1030.949951171875,48448
2026-02-20 14:40:00+05:30,1031.0999755859375,1033.300048828125,1030.8499755859375,1032.5,148122
2026-02-20 14:45:00+05:30,1032.5,1033.8499755859375,1032.0999755859375,1033.6500244140625,55822
2026-02-20 14:50:00+05:30,1033.550048828125,1033.550048828125,1032.0,1032.3499755859375,72601
2026-02-20 14:55:00+05:30,1032.550048828125,1032.75,1032.0,1032.449951171875,136303
2026-02-20 15:00:00+05:30,1032.949951171875,1033.449951171875,1032.0,1033.0,373651
2026-02-20 15:05:00+05:30,1033.0,1033.4000244140625,1031.449951171875,1032.050048828125,270747
2026-02-20 15:10:00+05:30,1032.0,1032.1500244140625,1030.0,1030.5999755859375,295173
2026-02-20 15:15:00+05:30,1030.300048828125,1030.5,1027.0999755859375,1027.5,92241
2026-02-20 15:20:00+05:30,1027.5,1027.5,1024.449951171875,1024.800048828125,93568
2026-02-20 15:25:00+05:30,1024.75,1027.0,1022.4500122070312,1026.0,179362
2026-02-23 09:20:00+05:30,1037.4000244140625,1038.0,1035.75,1036.300048828125,211162
2026-02-23 09:25:00+05:30,1036.25,1037.75,1035.25,1037.199951171875,115825
2026-02-23 09:30:00+05:30,1037.0,1040.0,1036.9000244140625,1038.75,263665
2026-02-23 09:35:00+05:30,1038.550048828125,1041.0,1036.25,1036.3499755859375,245998
2026-02-23 09:40:00+05:30,1037.1500244140625,1037.1500244140625,1032.4000244140625,1034.75,70672
2026-02-23 09:45:00+05:30,1034.9000244140625,1038.449951171875,1034.75,1037.300048828125,72968
2026-02-23 09:50:00+05:30,1037.25,1038.0,1036.0,1037.0999755859375,49810
2026-02-23 09:55:00+05:30,1037.3499755859375,1040.4000244140625,1037.050048828125,1040.300048828125,104417
2026-02-23 10:00:00+05:30,1039.9000244140625,1040.6500244140625,1038.050048828125,1039.550048828125,69741
2026-02-23 10:05:00+05:30,1039.449951171875,1040.4000244140625,1039.0,1039.9000244140625,50700
2026-02-23 10:10:00+05:30,1039.9000244140625,1041.25,1037.8499755859375,1039.25,99912
2026-02-23 10:15:00+05:30,1039.25,1039.75,1037.0,1037.0999755859375,56191
2026-02-23 10:20:00+05:30,1037.449951171875,1038.6500244140625,1037.050048828125,1038.0,49177
2026-02-23 10:25:00+05:30,1038.199951171875,1039.25,1037.0,1037.300048828125,43816
2026-02-23 10:30:00+05:30,1037.300048828125,1038.0,1036.800048828125,1037.6500244140625,41110
2026-02-23 10:35:00+05:30,1037.449951171875,1038.0999755859375,1036.0999755859375,1037.6500244140625,41785
2026-02-23 10:40:00+05:30,1038.0,1038.0,1035.8499755859375,1036.449951171875,43824
2026-02-23 10:45:00+05:30,1036.300048828125,1036.300048828125,1034.0999755859375,1035.25,39412
2026-02-23 10:50:00+05:30,1035.25,1036.949951171875,1035.0,1036.949951171875,46614
2026-02-23 10:55:00+05:30,1036.949951171875,1038.699951171875,1036.699951171875,1038.300048828125,45124
2026-02-23 11:00:00+05:30,1038.25,1039.949951171875,1037.550048828125,1037.800048828125,57040
2026-02-23 11:05:00+05:30,1037.75,1037.75,1036.0,1037.0999755859375,22098
2026-02-23 11:10:00+05:30,1037.0,1038.5999755859375,1036.5999755859375,1038.3499755859375,31580
2026-02-23 11:15:00+05:30,1038.25,1038.25,1036.949951171875,1037.199951171875,11563
2026-02-23 11:20:00+05:30,1037.0,1038.0,1036.0,1036.6500244140625,20235
2026-02-23 11:25:00+05:30,1036.3499755859375,1037.5,1035.550048828125,1036.800048828125,36468
2026-02-23 11:30:00+05:30,1036.800048828125,1036.949951171875,1035.8499755859375,1036.6500244140625,19058
2026-02-23 11:35:00+05:30,1036.6500244140625,1038.550048828125,1036.0,1037.6500244140625,36273
2026-02-23 11:40:00+05:30,1037.6500244140625,1038.5,1037.4000244140625,1038.3499755859375,35204
2026-02-23 11:45:00+05:30,1038.449951171875,1038.449951171875,1036.5,1037.449951171875,69522
2026-02-23 11:50:00+05:30,1037.199951171875,1038.699951171875,1036.5999755859375,1037.6500244140625,28301
2026-02-23 11:55:00+05:30,1037.5999755859375,1038.0,1036.0999755859375,1036.550048828125,10624
2026-02-23 12:00:00+05:30,1036.550048828125,1036.6500244140625,1035.199951171875,1036.6500244140625,23525
2026-02-23 12:05:00+05:30,1036.1500244140625,1038.1500244140625,1036.1500244140625,1036.9000244140625,16666
2026-02-23 12:10:00+05:30,1036.9000244140625,1037.800048828125,1036.0,1037.550048828125,22598
2026-02-23 12:15:00+05:30,1037.300048828125,1038.1500244140625,1036.449951171875,1037.5,86852
2026-02-23 12:20:00+05:30,1037.5,1038.9000244140625,1036.75,1038.800048828125,70986
2026-02-23 12:25:00+05:30,1038.3499755859375,1039.550048828125,1037.300048828125,1039.050048828125,70585
2026-02-23 12:30:00+05:30,1039.050048828125,1041.949951171875,1037.0,1041.8499755859375,4292072
2026-02-23 12:35:00+05:30,1041.449951171875,1045.800048828125,1040.550048828125,1041.0,215692
2026-02-23 12:40:00+05:30,1041.0999755859375,1041.4000244140625,1039.5999755859375,1041.050048828125,78990
2026-02-23 12:45:00+05:30,1041.050048828125,1041.8499755859375,1040.5,1040.5999755859375,33371
2026-02-23 12:50:00+05:30,1041.0,1041.0999755859375,1038.449951171875,1039.300048828125,102504
2026-02-23 12:55:00+05:30,1039.5,1039.5,1036.949951171875,1038.0999755859375,36360
2026-02-23 13:00:00+05:30,1038.0999755859375,1039.0,1037.050048828125,1038.949951171875,26787
2026-02-23 13:05:00+05:30,1038.949951171875,1039.5999755859375,1037.1500244140625,1037.25,50785
2026-02-23 13:10:00+05:30,1037.25,1038.0,1036.800048828125,1037.300048828125,47897
2026-02-23 13:15:00+05:30,1037.300048828125,1039.199951171875,1036.949951171875,1039.199951171875,51093
2026-02-23 13:20:00+05:30,1039.199951171875,1039.300048828125,1038.050048828125,1038.5999755859375,43622
2026-02-23 13:25:00+05:30,1038.800048828125,1039.3499755859375,1038.1500244140625,1039.25,33906
2026-02-23 13:30:00+05:30,1039.25,1039.9000244140625,1037.0,1038.0,46633
2026-02-23 13:35:00+05:30,1037.9000244140625,1038.800048828125,1037.9000244140625,1038.449951171875,33198
2026-02-23 13:40:00+05:30,1038.449951171875,1038.5,1037.0,1037.5999755859375,40139
2026-02-23 13:45:00+05:30,1037.949951171875,1038.199951171875,1037.449951171875,1037.5999755859375,35596
2026-02-23 13:50:00+05:30,1037.550048828125,1038.199951171875,1035.0,1036.0,83573
2026-02-23 13:55:00+05:30,1036.0,1036.5,1035.0,1035.9000244140625,48838
2026-02-23 14:00:00+05:30,1035.75,1036.0999755859375,1031.25,1032.8499755859375,74330
2026-02-23 14:05:00+05:30,1033.0999755859375,1034.0999755859375,1032.0,1033.449951171875,48025
2026-02-23 14:10:00+05:30,1033.449951171875,1033.449951171875,1031.25,1031.75,64181
2026-02-23 14:15:00+05:30,1031.8499755859375,1032.4000244140625,1031.0,1031.0,43802
2026-02-23 14:20:00+05:30,1031.4000244140625,1031.5,1030.3499755859375,1031.0,26992
2026-02-23 14:25:00+05:30,1031.0,1032.449951171875,1030.5999755859375,1032.0,43630
2026-02-23 14:30:00+05:30,1032.050048828125,1035.300048828125,1032.050048828125,1033.5,68300
2026-02-23 14:35:00+05:30,1033.5,1034.300048828125,1031.5,1031.800048828125,39460
2026-02-23 14:40:00+05:30,1031.800048828125,1032.800048828125,1030.25,1031.0,42356
2026-02-23 14:45:00+05:30,1031.0,1031.8499755859375,1030.699951171875,1031.800048828125,41194
2026-02-23 14:50:00+05:30,1032.25,1032.25,1030.0999755859375,1031.449951171875,59735
2026-02-23 14:55:00+05:30,1031.300048828125,1032.699951171875,1030.0,1030.75,74816
2026-02-23 15:00:00+05:30,1031.25,1034.300048828125,1031.25,1033.199951171875,138512
2026-02-23 15:05:00+05:30,1033.300048828125,1033.699951171875,1031.0,1031.199951171875,97552
2026-02-23 15:10:00+05:30,1031.300048828125,1031.5999755859375,1029.699951171875,1030.0,135633
2026-02-23 15:15:00+05:30,1030.0,1030.0999755859375,1029.3499755859375,1029.75,137096
2026-02-23 15:20:00+05:30,1029.949951171875,1030.5999755859375,1029.0999755859375,1030.5,141496
2026-02-23 15:25:00+05:30,1030.75,1032.949951171875,1029.25,1031.0,112660
2026-02-24 09:20:00+05:30,1018.7999877929688,1018.7999877929688,1016.7999877929688,1017.5,56311
2026-02-24 09:25:00+05:30,1017.5,1019.0999755859375,1015.5,1015.5,136779
2026-02-24 09:30:00+05:30,1015.5499877929688,1015.7000122070312,1010.9000244140625,1012.6500244140625,80037
2026-02-24 09:35:00+05:30,1013.0499877929688,1017.0,1013.0499877929688,1014.7000122070312,78668
2026-02-24 09:40:00+05:30,1014.7000122070312,1016.5,1012.0,1012.5,94836
2026-02-24 09:45:00+05:30,1012.25,1015.0,1010.9000244140625,1012.5999755859375,124494
2026-02-24 09:50:00+05:30,1012.5999755859375,1013.7999877929688,1011.7000122070312,1013.0,216258
2026-02-24 09:55:00+05:30,1013.3499755859375,1017.5,1011.0499877929688,1016.0,117614
2026-02-24 10:00:00+05:30,1016.4000244140625,1017.0,1013.0,1014.0499877929688,59654
2026-02-24 10:05:00+05:30,1014.25,1017.7999877929688,1013.6500244140625,1017.5,70034
2026-02-24 10:10:00+05:30,1017.4000244140625,1017.9500122070312,1015.0,1016.5,40555
2026-02-24 10:15:00+05:30,1016.2000122070312,1017.7999877929688,1015.0499877929688,1017.7999877929688,51604
2026-02-24 10:20:00+05:30,1017.7999877929688,1018.8499755859375,1017.4500122070312,1017.4500122070312,42832
2026-02-24 10:25:00+05:30,1017.3499755859375,1019.9000244140625,1017.3499755859375,1019.2999877929688,41704
2026-02-24 10:30:00+05:30,1019.3499755859375,1019.7999877929688,1017.75,1018.5999755859375,25665
2026-02-24 10:35:00+05:30,1018.5999755859375,1020.0,1018.5499877929688,1019.6500244140625,22483
2026-02-24 10:40:00+05:30,1019.0,1019.8499755859375,1018.2999877929688,1018.75,30763
2026-02-24 10:45:00+05:30,1019.0,1019.2000122070312,1017.1500244140625,1017.3499755859375,60856
2026-02-24 10:50:00+05:30,1017.0999755859375,1017.7999877929688,1016.25,1017.6500244140625,38867
2026-02-24 10:55:00+05:30,1018.0,1019.0,1017.5499877929688,1018.5,24934
2026-02-24 11:00:00+05:30,1018.4500122070312,1022.7000122070312,1018.4000244140625,1021.5,93967
2026-02-24 11:05:00+05:30,1021.5,1022.9500122070312,1021.4500122070312,1022.6500244140625,25371
2026-02-24 11:10:00+05:30,1022.9000244140625,1024.5,1022.6500244140625,1023.4500122070312,39876
2026-02-24 11:15:00+05:30,1023.1500244140625,1023.4500122070312,1022.0499877929688,1023.0,33493
2026-02-24 11:20:00+05:30,1023.3499755859375,1023.9500122070312,1022.5999755859375,1023.0499877929688,35541
2026-02-24 11:25:00+05:30,1023.1500244140625,1025.8499755859375,1023.0999755859375,1025.5,48831
2026-02-24 11:30:00+05:30,1025.5999755859375,1025.5999755859375,1024.0,1025.050048828125,34274
2026-02-24 11:35:00+05:30,1025.0999755859375,1026.0,1024.0,1024.550048828125,43965
2026-02-24 11:40:00+05:30,1025.0,1025.699951171875,1022.5499877929688,1022.5499877929688,33035
2026-02-24 11:45:00+05:30,1022.5499877929688,1023.5499877929688,1021.1500244140625,1022.5,46151
2026-02-24 11:50:00+05:30,1022.1500244140625,1023.4000244140625,1021.0999755859375,1022.5,37863
2026-02-24 11:55:00+05:30,1022.5499877929688,1023.5499877929688,1022.0499877929688,1022.2000122070312,34562
2026-02-24 12:00:00+05:30,1022.0999755859375,1022.9000244140625,1020.5999755859375,1022.6500244140625,49010
2026-02-24 12:05:00+05:30,1022.6500244140625,1023.4500122070312,1020.7999877929688,1021.25,39963
2026-02-24 12:10:00+05:30,1021.4000244140625,1021.9500122070312,1020.0499877929688,1020.9500122070312,33759
2026-02-24 12:15:00+05:30,1021.1500244140625,1021.4000244140625,1019.6500244140625,1020.1500244140625,38289
2026-02-24 12:20:00+05:30,1021.1500244140625,1021.1500244140625,1018.0499877929688,1018.0999755859375,65840
2026-02-24 12:25:00+05:30,1018.25,1019.6500244140625,1018.0499877929688,1019.1500244140625,36646
2026-02-24 12:30:00+05:30,1019.2000122070312,1019.3499755859375,1018.25,1018.7999877929688,25321
2026-02-24 12:35:00+05:30,1018.2999877929688,1019.7999877929688,1018.25,1019.7000122070312,28956
2026-02-24 12:40:00+05:30,1019.7000122070312,1020.0499877929688,1018.7000122070312,1019.4500122070312,28834
2026-02-24 12:45:00+05:30,1019.75,1019.9500122070312,1018.5999755859375,1018.7999877929688,19685
2026-02-24 12:50:00+05:30,1018.75,1019.2000122070312,1018.3499755859375,1019.0499877929688,22349
2026-02-24 12:55:00+05:30,1019.1500244140625,1019.4500122070312,1017.5,1018.25,30476
2026-02-24 13:00:00+05:30,1018.25,1021.0,1018.25,1020.5999755859375,104999
2026-02-24 13:05:00+05:30,1020.9500122070312,1021.0499877929688,1020.5999755859375,1020.75,19213
2026-02-24 13:10:00+05:30,1020.75,1021.2000122070312,1020.0999755859375,1020.2000122070312,33367
2026-02-24 13:15:00+05:30,1020.4000244140625,1021.0,1020.1500244140625,1020.7999877929688,22585
2026-02-24 13:20:00+05:30,1020.7999877929688,1021.0,1019.9500122070312,1020.0999755859375,28782
2026-02-24 13:25:00+05:30,1020.25,1020.9500122070312,1019.9500122070312,1019.9500122070312,32501
2026-02-24 13:30:00+05:30,1019.9000244140625,1019.9000244140625,1017.0,1017.7000122070312,98333
2026-02-24 13:35:00+05:30,1017.7000122070312,1019.9500122070312,1017.25,1019.75,54537
2026-02-24 13:40:00+05:30,1019.75,1019.9000244140625,1017.2000122070312,1018.0,43293
2026-02-24 13:45:00+05:30,1018.0499877929688,1020.2999877929688,1018.0499877929688,1019.2000122070312,138034
2026-02-24 13:50:00+05:30,1019.1500244140625,1019.8499755859375,1018.5999755859375,1019.6500244140625,34099
2026-02-24 13:55:00+05:30,1019.7000122070312,1021.5999755859375,1019.6500244140625,1021.5999755859375,61999
2026-02-24 14:00:00+05:30,1021.4500122070312,1021.7999877929688,1019.4500122070312,1019.9500122070312,55522
2026-02-24 14:05:00+05:30,1019.9500122070312,1021.3499755859375,1019.3499755859375,1021.1500244140625,39093
2026-02-24 14:10:00+05:30,1021.0,1022.5,1020.7999877929688,1022.1500244140625,43138
2026-02-24 14:15:00+05:30,1022.3499755859375,1022.4500122070312,1021.2000122070312,1022.0999755859375,188114
2026-02-24 14:20:00+05:30,1022.0999755859375,1022.9000244140625,1021.9500122070312,1022.2000122070312,86005
2026-02-24 14:25:00+05:30,1022.0999755859375,1022.5499877929688,1021.6500244140625,1022.0,41958
2026-02-24 14:30:00+05:30,1022.0,1022.25,1020.4500122070312,1020.9500122070312,150689
2026-02-24 14:35:00+05:30,1020.9000244140625,1022.5999755859375,1020.2000122070312,1021.9000244140625,170475
2026-02-24 14:40:00+05:30,1022.0,1022.3499755859375,1021.2000122070312,1021.4000244140625,280610
2026-02-24 14:45:00+05:30,1021.3499755859375,1022.0999755859375,1020.9000244140625,1021.5499877929688,103915
2026-02-24 14:50:00+05:30,1021.5999755859375,1023.75,1021.5999755859375,1022.8499755859375,47564
2026-02-24 14:55:00+05:30,1022.8499755859375,1024.3499755859375,1022.4000244140625,1023.7000122070312,126005
2026-02-24 15:00:00+05:30,1023.75,1025.5,1022.9500122070312,1023.6500244140625,417840
2026-02-24 15:05:00+05:30,1023.7000122070312,1023.7000122070312,1022.6500244140625,1023.3499755859375,267771
2026-02-24 15:10:00+05:30,1023.2999877929688,1024.300048828125,1023.1500244140625,1023.6500244140625,335269
2026-02-24 15:15:00+05:30,1023.6500244140625,1023.75,1022.9000244140625,1023.0,241778
2026-02-24 15:20:00+05:30,1023.0,1024.0,1023.0,1024.0,307038
2026-02-24 15:25:00+05:30,1023.7999877929688,1024.25,1022.0499877929688,1023.5499877929688,211335
2026-02-25 09:20:00+05:30,1019.7999877929688,1020.5999755859375,1018.9500122070312,1020.5999755859375,72107
2026-02-25 09:25:00+05:30,1020.4500122070312,1022.1500244140625,1020.4500122070312,1021.25,65382
2026-02-25 09:30:00+05:30,1020.9000244140625,1020.9500122070312,1019.75,1020.4000244140625,53253
2026-02-25 09:35:00+05:30,1020.4000244140625,1020.75,1019.5,1020.2999877929688,36549
2026-02-25 09:40:00+05:30,1020.2999877929688,1020.4500122070312,1017.7999877929688,1017.9500122070312,49642
2026-02-25 09:45:00+05:30,1018.9000244140625,1021.1500244140625,1018.3499755859375,1020.75,60099
2026-02-25 09:50:00+05:30,1020.5,1022.1500244140625,1020.2999877929688,1020.9500122070312,43944
2026-02-25 09:55:00+05:30,1020.9500122070312,1021.75,1020.0,1021.75,68665
2026-02-25 10:00:00+05:30,1021.7000122070312,1022.7999877929688,1020.0999755859375,1022.5,86651
2026-02-25 10:05:00+05:30,1022.5,1025.5999755859375,1022.5,1025.0,168616
2026-02-25 10:10:00+05:30,1025.449951171875,1028.0999755859375,1024.8499755859375,1026.9000244140625,56969
2026-02-25 10:15:00+05:30,1027.25,1030.4000244140625,1027.0,1030.0,57346
2026-02-25 10:20:00+05:30,1030.0,1031.800048828125,1028.75,1031.449951171875,79248
2026-02-25 10:25:00+05:30,1031.449951171875,1034.0,1031.25,1033.300048828125,55683
2026-02-25 10:30:00+05:30,1033.300048828125,1033.300048828125,1031.0,1031.550048828125,49534
2026-02-25 10:35:00+05:30,1031.25,1032.0,1028.9000244140625,1029.550048828125,32645
2026-02-25 10:40:00+05:30,1029.550048828125,1030.4000244140625,1029.1500244140625,1030.050048828125,61174
2026-02-25 10:45:00+05:30,1029.75,1030.949951171875,1028.1500244140625,1028.949951171875,50007
2026-02-25 10:50:00+05:30,1028.949951171875,1029.449951171875,1028.1500244140625,1029.1500244140625,19378
2026-02-25 10:55:00+05:30,1029.0,1029.3499755859375,1027.449951171875,1028.550048828125,22232
2026-02-25 11:00:00+05:30,1028.800048828125,1029.050048828125,1027.8499755859375,1028.4000244140625,16742
2026-02-25 11:05:00+05:30,1027.949951171875,1029.449951171875,1027.949951171875,1028.8499755859375,11604
2026-02-25 11:10:00+05:30,1028.6500244140625,1029.3499755859375,1028.0,1028.050048828125,13272
2026-02-25 11:15:00+05:30,1028.050048828125,1028.5,1027.0999755859375,1027.25,22565
2026-02-25 11:20:00+05:30,1027.199951171875,1028.199951171875,1027.0999755859375,1028.199951171875,10485
2026-02-25 11:25:00+05:30,1028.199951171875,1028.199951171875,1027.8499755859375,1027.9000244140625,6991
2026-02-25 11:30:00+05:30,1027.9000244140625,1027.9000244140625,1026.5,1027.449951171875,13591
2026-02-25 11:35:00+05:30,1027.6500244140625,1028.0,1027.4000244140625,1027.5999755859375,6723
2026-02-25 11:40:00+05:30,1027.550048828125,1027.550048828125,1025.0,1026.0,58958
2026-02-25 11:45:00+05:30,1027.300048828125,1027.300048828125,1026.25,1026.550048828125,14033
2026-02-25 11:50:00+05:30,1026.25,1026.550048828125,1025.550048828125,1026.25,14787
2026-02-25 11:55:00+05:30,1026.25,1026.25,1025.0,1025.3499755859375,20911
2026-02-25 12:00:00+05:30,1025.3499755859375,1026.199951171875,1025.3499755859375,1026.199951171875,7429
2026-02-25 12:05:00+05:30,1026.0999755859375,1026.0999755859375,1024.25,1024.800048828125,23318
2026-02-25 12:10:00+05:30,1024.800048828125,1025.5,1024.0999755859375,1024.199951171875,20621
2026-02-25 12:15:00+05:30,1024.4000244140625,1025.0,1023.7000122070312,1023.7000122070312,12711
2026-02-25 12:20:00+05:30,1024.0,1024.0,1021.5499877929688,1023.25,22407
2026-02-25 12:25:00+05:30,1023.0499877929688,1023.4000244140625,1021.6500244140625,1022.0999755859375,13702
2026-02-25 12:30:00+05:30,1021.7000122070312,1022.5499877929688,1018.9500122070312,1018.9500122070312,51433
2026-02-25 12:35:00+05:30,1018.9500122070312,1019.2999877929688,1017.5999755859375,1018.75,29749
2026-02-25 12:40:00+05:30,1018.75,1019.4500122070312,1018.1500244140625,1018.25,11902
2026-02-25 12:45:00+05:30,1018.25,1018.25,1016.1500244140625,1016.2999877929688,21819
2026-02-25 12:50:00+05:30,1015.7999877929688,1016.4000244140625,1014.7000122070312,1015.0,32610
2026-02-25 12:55:00+05:30,1015.0499877929688,1015.5,1014.25,1014.6500244140625,24247
2026-02-25 13:00:00+05:30,1014.6500244140625,1014.9000244140625,1013.4000244140625,1014.25,21771
2026-02-25 13:05:00+05:30,1014.25,1015.0999755859375,1013.8499755859375,1013.9000244140625,13274
2026-02-25 13:10:00+05:30,1013.5,1014.9500122070312,1013.5,1014.75,17223
2026-02-25 13:15:00+05:30,1014.5,1017.0999755859375,1014.25,1016.9000244140625,18138
2026-02-25 13:20:00+05:30,1016.9000244140625,1017.2999877929688,1016.1500244140625,1016.1500244140625,15382
2026-02-25 13:25:00+05:30,1016.0999755859375,1016.7999877929688,1015.5999755859375,1016.2000122070312,16141
2026-02-25 13:30:00+05:30,1016.2000122070312,1016.6500244140625,1016.0,1016.0499877929688,8512
2026-02-25 13:35:00+05:30,1015.9000244140625,1016.3499755859375,1014.5999755859375,1015.1500244140625,13002
2026-02-25 13:40:00+05:30,1015.3499755859375,1016.3499755859375,1015.0,1016.1500244140625,13121
2026-02-25 13:45:00+05:30,1016.1500244140625,1017.8499755859375,1015.0499877929688,1017.4000244140625,30559
2026-02-25 13:50:00+05:30,1017.6500244140625,1018.75,1017.4500122070312,1018.25,15796
2026-02-25 13:55:00+05:30,1018.4000244140625,1018.4000244140625,1017.2000122070312,1017.25,21311
2026-02-25 14:00:00+05:30,1017.25,1017.4000244140625,1015.0499877929688,1015.7000122070312,23121
2026-02-25 14:05:00+05:30,1015.7000122070312,1016.0,1014.2000122070312,1014.5,18110
2026-02-25 14:10:00+05:30,1014.7999877929688,1016.5,1014.5499877929688,1015.7000122070312,11013
2026-02-25 14:15:00+05:30,1015.9000244140625,1016.7000122070312,1015.4500122070312,1016.5,13651
2026-02-25 14:20:00+05:30,1016.7000122070312,1016.7999877929688,1016.0,1016.0,11010
2026-02-25 14:25:00+05:30,1016.0,1016.1500244140625,1014.9000244140625,1015.5,16019
2026-02-25 14:30:00+05:30,1015.8499755859375,1016.6500244140625,1015.0999755859375,1015.75,16921
2026-02-25 14:35:00+05:30,1015.75,1016.0,1015.0999755859375,1015.25,15605
2026-02-25 14:40:00+05:30,1015.0499877929688,1016.2000122070312,1015.0,1015.9500122070312,24762
2026-02-25 14:45:00+05:30,1016.0499877929688,1016.5,1015.5999755859375,1016.0999755859375,26128
2026-02-25 14:50:00+05:30,1016.2000122070312,1016.75,1015.2999877929688,1016.75,34699
2026-02-25 14:55:00+05:30,1017.0,1017.7999877929688,1016.0999755859375,1017.5,36469
2026-02-25 15:00:00+05:30,1018.5,1020.5,1018.5,1020.25,130998
2026-02-25 15:05:00+05:30,1020.1500244140625,1023.2000122070312,1019.4500122070312,1021.2999877929688,237324
2026-02-25 15:10:00+05:30,1021.2999877929688,1022.5,1021.0499877929688,1022.2999877929688,92156
2026-02-25 15:15:00+05:30,1022.2999877929688,1022.2999877929688,1020.5,1020.6500244140625,112433
2026-02-25 15:20:00+05:30,1020.5,1022.3499755859375,1020.25,1021.0999755859375,153145
2026-02-25 15:25:00+05:30,1021.3499755859375,1021.4000244140625,1019.0999755859375,1021.0499877929688,103098
2026-02-26 09:20:00+05:30,1021.25,1021.3499755859375,1018.4000244140625,1019.75,41055
2026-02-26 09:25:00+05:30,1020.2000122070312,1021.4000244140625,1020.0,1020.8499755859375,27982
2026-02-26 09:30:00+05:30,1021.0,1023.7000122070312,1020.5,1023.4500122070312,50676
2026-02-26 09:35:00+05:30,1023.5,1023.6500244140625,1022.3499755859375,1022.7000122070312,26333
2026-02-26 09:40:00+05:30,1023.0499877929688,1023.6500244140625,1022.6500244140625,1023.6500244140625,20002
2026-02-26 09:45:00+05:30,1023.6500244140625,1024.0,1021.6500244140625,1022.5499877929688,21008
2026-02-26 09:50:00+05:30,1022.6500244140625,1022.75,1020.0999755859375,1020.0999755859375,12898
2026-02-26 09:55:00+05:30,1020.0,1020.25,1019.0999755859375,1019.5499877929688,22133
2026-02-26 10:00:00+05:30,1019.6500244140625,1020.2000122070312,1019.3499755859375,1019.7999877929688,10962
2026-02-26 10:05:00+05:30,1019.7999877929688,1022.3499755859375,1019.7999877929688,1022.3499755859375,29704
2026-02-26 10:10:00+05:30,1022.0999755859375,1022.4500122070312,1021.0,1022.3499755859375,32050
2026-02-26 10:15:00+05:30,1022.4500122070312,1022.7999877929688,1019.5999755859375,1022.2999877929688,25289
2026-02-26 10:20:00+05:30,1022.2999877929688,1022.4000244140625,1019.0499877929688,1020.25,24721
2026-02-26 10:25:00+05:30,1020.25,1020.3499755859375,1016.0999755859375,1016.9000244140625,44715
2026-02-26 10:30:00+05:30,1016.9500122070312,1020.0,1016.25,1018.0499877929688,26583
2026-02-26 10:35:00+05:30,1018.0999755859375,1020.5499877929688,1018.0999755859375,1020.0,75358
2026-02-26 10:40:00+05:30,1020.0,1022.9500122070312,1020.0,1022.75,62059
2026-02-26 10:45:00+05:30,1022.75,1023.5,1021.75,1023.2999877929688,31604
2026-02-26 10:50:00+05:30,1023.1500244140625,1023.2999877929688,1022.0,1022.8499755859375,14599
2026-02-26 10:55:00+05:30,1022.8499755859375,1022.8499755859375,1021.0,1021.5499877929688,18685
2026-02-26 11:00:00+05:30,1021.5499877929688,1021.5999755859375,1020.0,1021.4500122070312,15841
2026-02-26 11:05:00+05:30,1021.4500122070312,1022.0,1020.25,1022.0,14870
2026-02-26 11:10:00+05:30,1022.0,1024.5999755859375,1021.7000122070312,1023.5,46026
2026-02-26 11:15:00+05:30,1024.0,1029.300048828125,1024.0,1027.5,89779
2026-02-26 11:20:00+05:30,1028.0,1030.75,1027.0999755859375,1029.6500244140625,103466
2026-02-26 11:25:00+05:30,1029.5999755859375,1031.1500244140625,1027.1500244140625,1028.0,74910
2026-02-26 11:30:00+05:30,1027.699951171875,1028.3499755859375,1026.5999755859375,1027.550048828125,37651
2026-02-26 11:35:00+05:30,1027.6500244140625,1028.4000244140625,1025.5999755859375,1026.699951171875,61935
2026-02-26 11:40:00+05:30,1026.5999755859375,1026.8499755859375,1024.3499755859375,1025.0,57420
2026-02-26 11:45:00+05:30,1025.300048828125,1025.300048828125,1024.0,1024.1500244140625,72341
2026-02-26 11:50:00+05:30,1024.300048828125,1024.300048828125,1019.0999755859375,1021.2999877929688,144825
2026-02-26 11:55:00+05:30,1021.3499755859375,1021.9000244140625,1020.3499755859375,1021.9000244140625,18056
2026-02-26 12:00:00+05:30,1021.9000244140625,1024.949951171875,1021.7000122070312,1024.699951171875,41147
2026-02-26 12:05:00+05:30,1024.699951171875,1024.949951171875,1023.25,1023.75,43156
2026-02-26 12:10:00+05:30,1023.75,1024.3499755859375,1022.0499877929688,1023.5999755859375,35757
2026-02-26 12:15:00+05:30,1023.7000122070312,1024.199951171875,1022.7999877929688,1023.4000244140625,32639
2026-02-26 12:20:00+05:30,1023.4000244140625,1023.6500244140625,1021.7999877929688,1022.7000122070312,45468
2026-02-26 12:25:00+05:30,1022.9500122070312,1023.2000122070312,1021.7999877929688,1022.5,22911
2026-02-26 12:30:00+05:30,1022.5,1022.5,1021.0499877929688,1021.6500244140625,36128
2026-02-26 12:35:00+05:30,1021.6500244140625,1023.0,1021.4500122070312,1022.9000244140625,38385
2026-02-26 12:40:00+05:30,1022.7999877929688,1022.7999877929688,1019.0999755859375,1019.75,152864
2026-02-26 12:45:00+05:30,1019.4000244140625,1020.1500244140625,1016.0,1016.9000244140625,191196
2026-02-26 12:50:00+05:30,1016.9000244140625,1016.9000244140625,1013.3499755859375,1013.8499755859375,121925
2026-02-26 12:55:00+05:30,1013.7999877929688,1015.0,1012.1500244140625,1015.0,70818
2026-02-26 13:00:00+05:30,1015.2999877929688,1015.5999755859375,1012.7000122070312,1013.2999877929688,39213
2026-02-26 13:05:00+05:30,1013.0,1014.75,1011.2000122070312,1011.7000122070312,53948
2026-02-26 13:10:00+05:30,1011.9000244140625,1013.3499755859375,1010.4000244140625,1011.0,56669
2026-02-26 13:15:00+05:30,1011.2000122070312,1011.6500244140625,1006.2000122070312,1008.7999877929688,108205
2026-02-26 13:20:00+05:30,1008.9000244140625,1011.3499755859375,1007.7000122070312,1010.1500244140625,60205
2026-02-26 13:25:00+05:30,1010.1500244140625,1010.25,1008.0,1008.2999877929688,74682
2026-02-26 13:30:00+05:30,1008.2999877929688,1010.5,1008.1500244140625,1008.4000244140625,21010
2026-02-26 13:35:00+05:30,1008.7999877929688,1010.0,1008.4000244140625,1009.9000244140625,11900
2026-02-26 13:40:00+05:30,1009.9000244140625,1012.0,1009.0,1010.8499755859375,25285
2026-02-26 13:45:00+05:30,1010.9000244140625,1011.75,1009.4500122070312,1009.7000122070312,71305
2026-02-26 13:50:00+05:30,1009.6500244140625,1010.7999877929688,1009.0499877929688,1009.9500122070312,63511
2026-02-26 13:55:00+05:30,1009.9500122070312,1010.0999755859375,1007.6500244140625,1008.4000244140625,32542
2026-02-26 14:00:00+05:30,1008.6500244140625,1009.6500244140625,1008.1500244140625,1008.75,25973
2026-02-26 14:05:00+05:30,1008.75,1009.5,1007.4500122070312,1009.5,23203
2026-02-26 14:10:00+05:30,1009.6500244140625,1011.5999755859375,1009.1500244140625,1009.8499755859375,28221
2026-02-26 14:15:00+05:30,1010.0,1011.0,1009.7000122070312,1009.7999877929688,21245
2026-02-26 14:20:00+05:30,1010.1500244140625,1010.1500244140625,1008.3499755859375,1009.1500244140625,33016
2026-02-26 14:25:00+05:30,1009.2999877929688,1010.0,1008.2000122070312,1009.9500122070312,51581
2026-02-26 14:30:00+05:30,1010.0,1013.0499877929688,1009.2999877929688,1011.9500122070312,40741
2026-02-26 14:35:00+05:30,1011.9500122070312,1013.0,1011.3499755859375,1012.7999877929688,20322
2026-02-26 14:40:00+05:30,1012.9000244140625,1015.0,1012.7999877929688,1014.9500122070312,86567
2026-02-26 14:45:00+05:30,1015.25,1015.5499877929688,1013.6500244140625,1014.2000122070312,103933
2026-02-26 14:50:00+05:30,1014.1500244140625,1014.9000244140625,1012.7000122070312,1013.5999755859375,49027
2026-02-26 14:55:00+05:30,1013.5999755859375,1014.5999755859375,1012.7999877929688,1013.9500122070312,43184
2026-02-26 15:00:00+05:30,1013.7999877929688,1013.9000244140625,1011.5999755859375,1012.9500122070312,158103
2026-02-26 15:05:00+05:30,1012.9500122070312,1013.2999877929688,1012.0,1012.5999755859375,110936
2026-02-26 15:10:00+05:30,1012.5999755859375,1013.0,1011.5999755859375,1012.5499877929688,129720
2026-02-26 15:15:00+05:30,1012.5499877929688,1013.4000244140625,1011.5499877929688,1011.75,144987
2026-02-26 15:20:00+05:30,1011.9500122070312,1014.4500122070312,1011.7999877929688,1014.0499877929688,154968
2026-02-26 15:25:00+05:30,1014.0499877929688,1016.5499877929688,1012.9500122070312,1012.9500122070312,123601
2026-02-27 09:20:00+05:30,1010.0999755859375,1012.6500244140625,1009.5499877929688,1009.9500122070312,140580
2026-02-27 09:25:00+05:30,1010.0499877929688,1012.0999755859375,1010.0499877929688,1011.7000122070312,71236
2026-02-27 09:30:00+05:30,1011.7000122070312,1012.25,1010.2999877929688,1010.4500122070312,66082
2026-02-27 09:35:00+05:30,1010.2000122070312,1011.4000244140625,1010.2000122070312,1011.2999877929688,65504
2026-02-27 09:40:00+05:30,1011.3499755859375,1011.3499755859375,1010.0,1010.2999877929688,67410
2026-02-27 09:45:00+05:30,1010.0,1010.3499755859375,1008.25,1008.7000122070312,105735
2026-02-27 09:50:00+05:30,1008.6500244140625,1009.3499755859375,1008.5,1009.2000122070312,41353
2026-02-27 09:55:00+05:30,1009.5999755859375,1009.7999877929688,1008.3499755859375,1008.6500244140625,64126
2026-02-27 10:00:00+05:30,1008.6500244140625,1010.3499755859375,1008.6500244140625,1010.25,43428
2026-02-27 10:05:00+05:30,1010.25,1010.2999877929688,1007.4500122070312,1008.2000122070312,36726
2026-02-27 10:10:00+05:30,1007.7999877929688,1008.9500122070312,1007.25,1008.7999877929688,72583
2026-02-27 10:15:00+05:30,1008.7999877929688,1008.9500122070312,1008.0999755859375,1008.7999877929688,31861
2026-02-27 10:20:00+05:30,1008.7999877929688,1009.9500122070312,1008.5999755859375,1009.75,39741
2026-02-27 10:25:00+05:30,1009.75,1011.2999877929688,1009.75,1010.9500122070312,42913
2026-02-27 10:30:00+05:30,1010.75,1012.8499755859375,1010.75,1011.8499755859375,38865
2026-02-27 10:35:00+05:30,1011.7000122070312,1011.75,1010.5499877929688,1011.4000244140625,40631
2026-02-27 10:40:00+05:30,1011.3499755859375,1011.75,1009.7999877929688,1011.1500244140625,54098
2026-02-27 10:45:00+05:30,1011.1500244140625,1011.9000244140625,1010.7999877929688,1011.2999877929688,33395
2026-02-27 10:50:00+05:30,1011.2000122070312,1012.2999877929688,1011.1500244140625,1011.25,28663
2026-02-27 10:55:00+05:30,1011.2000122070312,1011.2000122070312,1009.4000244140625,1009.6500244140625,139930
2026-02-27 11:00:00+05:30,1009.2999877929688,1009.7000122070312,1008.9500122070312,1009.0,83907
2026-02-27 11:05:00+05:30,1009.0,1010.8499755859375,1008.9500122070312,1010.7999877929688,53839
2026-02-27 11:10:00+05:30,1010.75,1011.7999877929688,1010.5,1011.7999877929688,43368
2026-02-27 11:15:00+05:30,1011.7999877929688,1012.5,1010.5499877929688,1011.1500244140625,30851
2026-02-27 11:20:00+05:30,1011.1500244140625,1011.5,1010.4000244140625,1011.3499755859375,28600
2026-02-27 11:25:00+05:30,1011.3499755859375,1011.3499755859375,1010.2000122070312,1010.9000244140625,34568
2026-02-27 11:30:00+05:30,1010.9500122070312,1010.9500122070312,1010.2999877929688,1010.4000244140625,26208
2026-02-27 11:35:00+05:30,1010.5999755859375,1011.9000244140625,1010.0499877929688,1010.4500122070312,53445
2026-02-27 11:40:00+05:30,1010.5999755859375,1011.2000122070312,1010.25,1010.4000244140625,35015
2026-02-27 11:45:00+05:30,1010.7999877929688,1011.4000244140625,1010.7000122070312,1011.2000122070312,42321
2026-02-27 11:50:00+05:30,1011.2000122070312,1011.3499755859375,1010.5,1010.75,35420
2026-02-27 11:55:00+05:30,1010.7000122070312,1010.9000244140625,1009.3499755859375,1009.7000122070312,53745
2026-02-27 12:00:00+05:30,1009.5999755859375,1010.25,1009.0,1009.5499877929688,49451
2026-02-27 12:05:00+05:30,1009.7000122070312,1010.0499877929688,1008.7999877929688,1009.2000122070312,53120
2026-02-27 12:10:00+05:30,1009.25,1009.6500244140625,1008.6500244140625,1009.2000122070312,36784
2026-02-27 12:15:00+05:30,1009.1500244140625,1009.5999755859375,1008.7999877929688,1009.4000244140625,67367
2026-02-27 12:20:00+05:30,1009.4500122070312,1009.5999755859375,1008.75,1008.9000244140625,109812
2026-02-27 12:25:00+05:30,1009.0,1010.1500244140625,1008.0999755859375,1008.0999755859375,80412
2026-02-27 12:30:00+05:30,1008.0999755859375,1008.2000122070312,1003.5999755859375,1004.1500244140625,114752
2026-02-27 12:35:00+05:30,1003.7000122070312,1005.5,1003.2999877929688,1005.25,161268
2026-02-27 12:40:00+05:30,1005.0999755859375,1005.4500122070312,1003.0,1004.4500122070312,75094
2026-02-27 12:45:00+05:30,1004.4500122070312,1004.7000122070312,1002.5499877929688,1003.3499755859375,66981
2026-02-27 12:50:00+05:30,1003.2000122070312,1003.6500244140625,1002.0,1002.2999877929688,46859
2026-02-27 12:55:00+05:30,1002.5,1002.5999755859375,1001.5999755859375,1002.5499877929688,35093
2026-02-27 13:00:00+05:30,1002.5499877929688,1002.5499877929688,1002.0,1002.0999755859375,35435
2026-02-27 13:05:00+05:30,1002.1500244140625,1002.1500244140625,1001.2000122070312,1001.7999877929688,60274
2026-02-27 13:10:00+05:30,1001.8499755859375,1003.25,1001.0,1002.25,105260
2026-02-27 13:15:00+05:30,1002.25,1002.9000244140625,1001.5999755859375,1001.75,45482
2026-02-27 13:20:00+05:30,1001.75,1002.4500122070312,1001.5,1001.9500122070312,27528
2026-02-27 13:25:00+05:30,1002.0499877929688,1005.1500244140625,1002.0499877929688,1005.0999755859375,73635
2026-02-27 13:30:00+05:30,1005.0999755859375,1005.6500244140625,1005.0,1005.4000244140625,50928
2026-02-27 13:35:00+05:30,1005.4000244140625,1005.75,1005.0,1005.5499877929688,29667
2026-02-27 13:40:00+05:30,1005.2999877929688,1006.4500122070312,1005.1500244140625,1005.5499877929688,36307
2026-02-27 13:45:00+05:30,1005.5499877929688,1006.7000122070312,1005.25,1005.75,118506
2026-02-27 13:50:00+05:30,1005.7000122070312,1008.2999877929688,1005.25,1007.6500244140625,58261
2026-02-27 13:55:00+05:30,1007.75,1008.75,1007.5999755859375,1008.0,16835
2026-02-27 14:00:00+05:30,1007.9000244140625,1008.7000122070312,1006.5,1007.4500122070312,34666
2026-02-27 14:05:00+05:30,1007.4000244140625,1007.5999755859375,1006.5999755859375,1006.75,18859
2026-02-27 14:10:00+05:30,1006.9500122070312,1007.0499877929688,1005.9000244140625,1006.2999877929688,19872
2026-02-27 14:15:00+05:30,1006.2999877929688,1006.2999877929688,1005.6500244140625,1005.9000244140625,26243
2026-02-27 14:20:00+05:30,1005.9000244140625,1006.4500122070312,1005.2999877929688,1005.6500244140625,32648
2026-02-27 14:25:00+05:30,1005.6500244140625,1006.0499877929688,1005.1500244140625,1005.5999755859375,14582
2026-02-27 14:30:00+05:30,1005.5499877929688,1005.6500244140625,1003.9500122070312,1004.2999877929688,31147
2026-02-27 14:35:00+05:30,1004.5499877929688,1005.1500244140625,1004.5499877929688,1004.7999877929688,18385
2026-02-27 14:40:00+05:30,1005.0999755859375,1005.1500244140625,1003.5,1003.7999877929688,29323
2026-02-27 14:45:00+05:30,1003.7000122070312,1003.9500122070312,1002.8499755859375,1003.3499755859375,31021
2026-02-27 14:50:00+05:30,1003.25,1004.2000122070312,1002.0999755859375,1002.2000122070312,61575
2026-02-27 14:55:00+05:30,1002.2999877929688,1002.6500244140625,1001.7000122070312,1002.0499877929688,79420
2026-02-27 15:00:00+05:30,1002.0499877929688,1002.7000122070312,996.4000244140625,997.5499877929688,695391
2026-02-27 15:05:00+05:30,997.9000244140625,998.5,993.5499877929688,995.1500244140625,708051
2026-02-27 15:10:00+05:30,995.0,995.5,993.0999755859375,994.3499755859375,705676
2026-02-27 15:15:00+05:30,994.3499755859375,997.1500244140625,993.6500244140625,995.5499877929688,735953
2026-02-27 15:20:00+05:30,995.6500244140625,996.1500244140625,995.0,996.1500244140625,813886
2026-02-27 15:25:00+05:30,995.7000122070312,999.7000122070312,995.5499877929688,996.5,495500
2026-03-02 09:20:00+05:30,983.9500122070312,985.4500122070312,981.4500122070312,982.0,169228
2026-03-02 09:25:00+05:30,982.4500122070312,982.4500122070312,976.2999877929688,979.2000122070312,199658
2026-03-02 09:30:00+05:30,979.5999755859375,981.5499877929688,978.0499877929688,980.4000244140625,158750
2026-03-02 09:35:00+05:30,980.25,981.2999877929688,978.3499755859375,981.2000122070312,116369
2026-03-02 09:40:00+05:30,981.1500244140625,982.2000122070312,978.5999755859375,979.5,246792
2026-03-02 09:45:00+05:30,979.5,979.8499755859375,977.0,977.25,45706
2026-03-02 09:50:00+05:30,977.0,977.0499877929688,974.25,974.7999877929688,145391
2026-03-02 09:55:00+05:30,974.9500122070312,976.0999755859375,972.25,975.9500122070312,58185
2026-03-02 10:00:00+05:30,975.9000244140625,977.0,973.4500122070312,973.5499877929688,98367
2026-03-02 10:05:00+05:30,973.7000122070312,974.9500122070312,972.5,974.75,59955
2026-03-02 10:10:00+05:30,974.8499755859375,978.5499877929688,974.0,978.2999877929688,99741
2026-03-02 10:15:00+05:30,978.4000244140625,978.4000244140625,975.0,976.0,64844
2026-03-02 10:20:00+05:30,976.1500244140625,976.4000244140625,975.0499877929688,976.0,30886
2026-03-02 10:25:00+05:30,976.2000122070312,976.9000244140625,975.1500244140625,975.5499877929688,23989
2026-03-02 10:30:00+05:30,975.9500122070312,975.9500122070312,975.0,975.0,104378
2026-03-02 10:35:00+05:30,975.0499877929688,976.9000244140625,973.5,976.9000244140625,111210
2026-03-02 10:40:00+05:30,976.9000244140625,976.9000244140625,974.25,974.2999877929688,42702
2026-03-02 10:45:00+05:30,974.2999877929688,975.4000244140625,972.4500122070312,972.5,33449
2026-03-02 10:50:00+05:30,972.4000244140625,973.7999877929688,972.4000244140625,972.9000244140625,25773
2026-03-02 10:55:00+05:30,972.8499755859375,976.0,972.4500122070312,975.7000122070312,34889
2026-03-02 11:00:00+05:30,975.6500244140625,982.5,975.6500244140625,979.7999877929688,220164
2026-03-02 11:05:00+05:30,979.25,981.7000122070312,979.25,981.1500244140625,54717
2026-03-02 11:10:00+05:30,981.1500244140625,981.1500244140625,978.9500122070312,979.5999755859375,84003
2026-03-02 11:15:00+05:30,979.3499755859375,980.0,979.0,979.0499877929688,21579
2026-03-02 11:20:00+05:30,979.0499877929688,979.2000122070312,978.2000122070312,978.7000122070312,89451
2026-03-02 11:25:00+05:30,979.0,979.0,978.0,978.3499755859375,20791
2026-03-02 11:30:00+05:30,978.4500122070312,983.4000244140625,977.5499877929688,983.0,729859
2026-03-02 11:35:00+05:30,983.25,983.7999877929688,980.9000244140625,982.7000122070312,155205
2026-03-02 11:40:00+05:30,982.7000122070312,983.5,981.8499755859375,983.5,29440
2026-03-02 11:45:00+05:30,983.0499877929688,985.0,982.8499755859375,983.4000244140625,38408
2026-03-02 11:50:00+05:30,982.9000244140625,983.7000122070312,981.3499755859375,981.4500122070312,31010
2026-03-02 11:55:00+05:30,981.0499877929688,981.0499877929688,978.0,978.2999877929688,37233
2026-03-02 12:00:00+05:30,978.2999877929688,978.5,976.1500244140625,976.8499755859375,43207
2026-03-02 12:05:00+05:30,976.4500122070312,977.0,974.6500244140625,976.5,63685
2026-03-02 12:10:00+05:30,976.2000122070312,977.9000244140625,975.25,976.1500244140625,35291
2026-03-02 12:15:00+05:30,976.4000244140625,976.7999877929688,974.75,975.7000122070312,64082
2026-03-02 12:20:00+05:30,975.1500244140625,975.5999755859375,974.8499755859375,975.0499877929688,29354
2026-03-02 12:25:00+05:30,974.7999877929688,975.2999877929688,973.0,974.9500122070312,169699
2026-03-02 12:30:00+05:30,974.5999755859375,977.9500122070312,974.5999755859375,977.1500244140625,128131
2026-03-02 12:35:00+05:30,977.1500244140625,978.25,975.5999755859375,975.8499755859375,133195
2026-03-02 12:40:00+05:30,975.8499755859375,977.0,975.0999755859375,976.0,134102
2026-03-02 12:45:00+05:30,976.2000122070312,976.7999877929688,974.6500244140625,974.6500244140625,73414
2026-03-02 12:50:00+05:30,974.75,974.75,972.0499877929688,972.6500244140625,54192
2026-03-02 12:55:00+05:30,973.1500244140625,973.1500244140625,971.7000122070312,972.9000244140625,40422
2026-03-02 13:00:00+05:30,972.4000244140625,973.6500244140625,970.1500244140625,971.0,62667
2026-03-02 13:05:00+05:30,970.5499877929688,974.3499755859375,970.2000122070312,972.6500244140625,67205
2026-03-02 13:10:00+05:30,972.5999755859375,973.4500122070312,972.3499755859375,972.7000122070312,38552
2026-03-02 13:15:00+05:30,972.9000244140625,974.0,972.6500244140625,973.7000122070312,49476
2026-03-02 13:20:00+05:30,973.3499755859375,973.9500122070312,973.0999755859375,973.5999755859375,25727
2026-03-02 13:25:00+05:30,973.3499755859375,973.8499755859375,971.25,971.8499755859375,49618
2026-03-02 13:30:00+05:30,971.7000122070312,971.7000122070312,970.4500122070312,970.4500122070312,38309
2026-03-02 13:35:00+05:30,970.75,971.4500122070312,970.0,970.2000122070312,33115
2026-03-02 13:40:00+05:30,970.0,970.9500122070312,968.0999755859375,970.9500122070312,92315
2026-03-02 13:45:00+05:30,970.9500122070312,971.7000122070312,970.5499877929688,971.4000244140625,50047
2026-03-02 13:50:00+05:30,971.2999877929688,971.5,969.5,970.25,38192
2026-03-02 13:55:00+05:30,970.0,970.0,968.5,969.2000122070312,87973
2026-03-02 14:00:00+05:30,968.8499755859375,974.0,968.3499755859375,971.9500122070312,109867
2026-03-02 14:05:00+05:30,972.0,975.4500122070312,971.6500244140625,974.75,215220
2026-03-02 14:10:00+05:30,974.6500244140625,977.7999877929688,974.6500244140625,977.2000122070312,61553
2026-03-02 14:15:00+05:30,977.3499755859375,977.9000244140625,975.5999755859375,976.75,49107
2026-03-02 14:20:00+05:30,976.9000244140625,977.5499877929688,975.3499755859375,976.8499755859375,41661
2026-03-02 14:25:00+05:30,977.0999755859375,977.0999755859375,974.7999877929688,975.4000244140625,165019
2026-03-02 14:30:00+05:30,975.5499877929688,978.0,974.2999877929688,978.0,69454
2026-03-02 14:35:00+05:30,978.0,981.25,978.0,980.6500244140625,267263
2026-03-02 14:40:00+05:30,980.7000122070312,984.8499755859375,980.7000122070312,984.7000122070312,185298
2026-03-02 14:45:00+05:30,984.7000122070312,986.0,983.0999755859375,984.6500244140625,111869
2026-03-02 14:50:00+05:30,984.0999755859375,985.9000244140625,984.0999755859375,985.5999755859375,55617
2026-03-02 14:55:00+05:30,985.5999755859375,985.5999755859375,980.0499877929688,980.5,81326
2026-03-02 15:00:00+05:30,980.75,982.5,979.5999755859375,981.0499877929688,200351
2026-03-02 15:05:00+05:30,981.0499877929688,981.0499877929688,978.7999877929688,979.4000244140625,166470
2026-03-02 15:10:00+05:30,979.9500122070312,980.0999755859375,978.4000244140625,979.5,168590
2026-03-02 15:15:00+05:30,979.7999877929688,980.5,977.1500244140625,977.4000244140625,261221
2026-03-02 15:20:00+05:30,977.4000244140625,977.6500244140625,973.25,973.3499755859375,243423
2026-03-02 15:25:00+05:30,973.2999877929688,978.25,973.2999877929688,978.25,213483
2026-03-04 09:20:00+05:30,952.2999877929688,952.2999877929688,945.0499877929688,946.6500244140625,239972
2026-03-04 09:25:00+05:30,946.6500244140625,948.5,945.1500244140625,948.3499755859375,163941
2026-03-04 09:30:00+05:30,948.3499755859375,949.1500244140625,944.5999755859375,945.3499755859375,109935
2026-03-04 09:35:00+05:30,945.3499755859375,951.9500122070312,944.1500244140625,951.5499877929688,229037
2026-03-04 09:40:00+05:30,951.5499877929688,953.5,951.1500244140625,952.4500122070312,84631
2026-03-04 09:45:00+05:30,952.4500122070312,953.4000244140625,946.4000244140625,947.6500244140625,172433
2026-03-04 09:50:00+05:30,947.6500244140625,948.0,945.3499755859375,945.3499755859375,46934
2026-03-04 09:55:00+05:30,945.2999877929688,945.5499877929688,941.7000122070312,942.5999755859375,104728
2026-03-04 10:00:00+05:30,942.5999755859375,943.5999755859375,941.7000122070312,942.7999877929688,98137
2026-03-04 10:05:00+05:30,942.5499877929688,946.4000244140625,942.1500244140625,946.3499755859375,60613
2026-03-04 10:10:00+05:30,946.4000244140625,948.9000244140625,945.0499877929688,948.7000122070312,51875
2026-03-04 10:15:00+05:30,947.25,949.3499755859375,945.0499877929688,945.9500122070312,101696
2026-03-04 10:20:00+05:30,945.9500122070312,947.5,945.5,946.75,70398
2026-03-04 10:25:00+05:30,946.75,949.7999877929688,946.3499755859375,949.0,52530
2026-03-04 10:30:00+05:30,949.0,949.1500244140625,946.2000122070312,946.3499755859375,24070
2026-03-04 10:35:00+05:30,946.3499755859375,946.8499755859375,945.4500122070312,945.4500122070312,21442
2026-03-04 10:40:00+05:30,945.2999877929688,948.75,945.0,948.4000244140625,251947
2026-03-04 10:45:00+05:30,948.5,950.0499877929688,948.1500244140625,949.25,124715
2026-03-04 10:50:00+05:30,949.25,949.25,947.7000122070312,948.5,21747
2026-03-04 10:55:00+05:30,948.5,948.9000244140625,947.6500244140625,948.9000244140625,33407
2026-03-04 11:00:00+05:30,949.5499877929688,949.75,948.2000122070312,948.75,104302
2026-03-04 11:05:00+05:30,948.75,953.9000244140625,948.75,953.8499755859375,57322
2026-03-04 11:10:00+05:30,953.7999877929688,955.0,953.1500244140625,953.8499755859375,50956
2026-03-04 11:15:00+05:30,953.8499755859375,954.6500244140625,950.5,950.6500244140625,40091
2026-03-04 11:20:00+05:30,950.6500244140625,952.5,950.5,952.25,66929
2026-03-04 11:25:00+05:30,952.25,953.4500122070312,951.5999755859375,952.0,42722
2026-03-04 11:30:00+05:30,952.0499877929688,952.25,950.9500122070312,950.9500122070312,52434
2026-03-04 11:35:00+05:30,950.9500122070312,951.4000244140625,949.0,949.4000244140625,43985
2026-03-04 11:40:00+05:30,949.5,950.4500122070312,949.0,949.0,137538
2026-03-04 11:45:00+05:30,949.0499877929688,951.1500244140625,948.6500244140625,951.1500244140625,280279
2026-03-04 11:50:00+05:30,951.4000244140625,952.9500122070312,950.7999877929688,950.7999877929688,37583
2026-03-04 11:55:00+05:30,950.75,951.9000244140625,950.2999877929688,951.5,29941
2026-03-04 12:00:00+05:30,951.25,952.4000244140625,951.25,952.0,67265
2026-03-04 12:05:00+05:30,952.0,952.3499755859375,950.5999755859375,950.7999877929688,74087
2026-03-04 12:10:00+05:30,950.7999877929688,951.5499877929688,949.0,949.0,196111
2026-03-04 12:15:00+05:30,949.7000122070312,950.0,949.0,949.0999755859375,66270
2026-03-04 12:20:00+05:30,949.2000122070312,950.0,949.0,949.0999755859375,190302
2026-03-04 12:25:00+05:30,949.0999755859375,949.8499755859375,949.0,949.0499877929688,165559
2026-03-04 12:30:00+05:30,949.0499877929688,950.25,949.0499877929688,950.0499877929688,50564
2026-03-04 12:35:00+05:30,950.0499877929688,950.0499877929688,949.5,949.9000244140625,39805
2026-03-04 12:40:00+05:30,949.8499755859375,950.5999755859375,949.0999755859375,950.5999755859375,45356
2026-03-04 12:45:00+05:30,950.5499877929688,951.8499755859375,950.4500122070312,951.4500122070312,31973
2026-03-04 12:50:00+05:30,951.4500122070312,952.5,951.0,951.8499755859375,76400
2026-03-04 12:55:00+05:30,951.9000244140625,953.7999877929688,951.9000244140625,952.2000122070312,40208
2026-03-04 13:00:00+05:30,952.3499755859375,953.5,952.3499755859375,953.5,42499
2026-03-04 13:05:00+05:30,953.4500122070312,954.7999877929688,953.0,953.7999877929688,48755
2026-03-04 13:10:00+05:30,954.0999755859375,954.0999755859375,953.25,954.0499877929688,23268
2026-03-04 13:15:00+05:30,954.0499877929688,954.0499877929688,951.5,952.0,66579
2026-03-04 13:20:00+05:30,952.1500244140625,954.0,951.3499755859375,953.9000244140625,48333
2026-03-04 13:25:00+05:30,953.9500122070312,955.25,953.9500122070312,954.6500244140625,102369
2026-03-04 13:30:00+05:30,954.5,955.5999755859375,953.0999755859375,953.1500244140625,125733
2026-03-04 13:35:00+05:30,952.7999877929688,953.0,951.5499877929688,952.4500122070312,332083
2026-03-04 13:40:00+05:30,952.4500122070312,952.75,951.2999877929688,952.25,31751
2026-03-04 13:45:00+05:30,952.1500244140625,952.5499877929688,950.25,950.4000244140625,36165
2026-03-04 13:50:00+05:30,950.2999877929688,950.75,950.0499877929688,950.2000122070312,23015
2026-03-04 13:55:00+05:30,950.1500244140625,950.5999755859375,949.0,950.5999755859375,35424
2026-03-04 14:00:00+05:30,950.4500122070312,952.1500244140625,950.3499755859375,951.7000122070312,36141
2026-03-04 14:05:00+05:30,951.7000122070312,952.9500122070312,950.75,951.5499877929688,39535
2026-03-04 14:10:00+05:30,952.2000122070312,954.2999877929688,951.0499877929688,954.0499877929688,44081
2026-03-04 14:15:00+05:30,954.0499877929688,954.9500122070312,953.2000122070312,953.2999877929688,259048
2026-03-04 14:20:00+05:30,953.2999877929688,953.8499755859375,951.25,951.25,74387
2026-03-04 14:25:00+05:30,951.0999755859375,951.4500122070312,949.5,949.75,53295
2026-03-04 14:30:00+05:30,949.7999877929688,952.8499755859375,949.0,950.9500122070312,54695
2026-03-04 14:35:00+05:30,950.9500122070312,951.0,949.0,950.1500244140625,75945
2026-03-04 14:40:00+05:30,950.1500244140625,951.25,950.0999755859375,950.5499877929688,55661
2026-03-04 14:45:00+05:30,951.25,952.2000122070312,949.0999755859375,951.2000122070312,78234
2026-03-04 14:50:00+05:30,951.2000122070312,951.5,950.5,951.1500244140625,37895
2026-03-04 14:55:00+05:30,950.9500122070312,951.8499755859375,950.2999877929688,951.4500122070312,49731
2026-03-04 15:00:00+05:30,950.8499755859375,950.8499755859375,945.25,945.5499877929688,323064
2026-03-04 15:05:00+05:30,945.5999755859375,946.0999755859375,944.0,944.5999755859375,313486
2026-03-04 15:10:00+05:30,944.5,944.75,943.75,943.9000244140625,273286
2026-03-04 15:15:00+05:30,943.9500122070312,944.8499755859375,943.5499877929688,944.4000244140625,320728
2026-03-04 15:20:00+05:30,944.25,945.5999755859375,943.8499755859375,945.4000244140625,378645
2026-03-04 15:25:00+05:30,945.4000244140625,947.0,944.0,945.0999755859375,449367
2026-03-05 09:20:00+05:30,958.4000244140625,959.5499877929688,956.5999755859375,957.5999755859375,115306
2026-03-05 09:25:00+05:30,957.5999755859375,957.5999755859375,954.1500244140625,954.7999877929688,77563
2026-03-05 09:30:00+05:30,955.2000122070312,957.0999755859375,954.8499755859375,957.0,187000
2026-03-05 09:35:00+05:30,957.1500244140625,957.1500244140625,952.5999755859375,953.0999755859375,105434
2026-03-05 09:40:00+05:30,953.2000122070312,955.9500122070312,952.7999877929688,955.7999877929688,45506
2026-03-05 09:45:00+05:30,956.25,957.0,955.5999755859375,955.5999755859375,46445
2026-03-05 09:50:00+05:30,955.8499755859375,960.0,955.8499755859375,959.4500122070312,54946
2026-03-05 09:55:00+05:30,959.5,960.0,958.1500244140625,958.75,40723
2026-03-05 10:00:00+05:30,958.6500244140625,959.5,958.0,958.7000122070312,35193
2026-03-05 10:05:00+05:30,958.3499755859375,958.9000244140625,957.0499877929688,958.0,40730
2026-03-05 10:10:00+05:30,958.0,958.25,957.0,957.1500244140625,48384
2026-03-05 10:15:00+05:30,957.3499755859375,959.5499877929688,957.3499755859375,958.5,43977
2026-03-05 10:20:00+05:30,958.4500122070312,958.6500244140625,956.9000244140625,957.6500244140625,70094
2026-03-05 10:25:00+05:30,957.6500244140625,958.0,955.1500244140625,956.75,88057
2026-03-05 10:30:00+05:30,956.75,956.8499755859375,954.6500244140625,955.0,36425
2026-03-05 10:35:00+05:30,955.0,959.1500244140625,955.0,959.0,39841
2026-03-05 10:40:00+05:30,959.0,962.5,959.0,962.4500122070312,56865
2026-03-05 10:45:00+05:30,962.4500122070312,962.9500122070312,960.75,962.2999877929688,31284
2026-03-05 10:50:00+05:30,962.2999877929688,962.4500122070312,961.5,962.25,29097
2026-03-05 10:55:00+05:30,962.0,965.2999877929688,962.0,965.0,89577
2026-03-05 11:00:00+05:30,965.0,966.5999755859375,961.2000122070312,961.5999755859375,131398
2026-03-05 11:05:00+05:30,961.5999755859375,961.7000122070312,959.1500244140625,959.5999755859375,110874
2026-03-05 11:10:00+05:30,959.5499877929688,959.9000244140625,958.2000122070312,958.2000122070312,37105
2026-03-05 11:15:00+05:30,958.2000122070312,960.4000244140625,958.0,960.2999877929688,119580
2026-03-05 11:20:00+05:30,960.4000244140625,960.5999755859375,958.6500244140625,958.9000244140625,66227
2026-03-05 11:25:00+05:30,958.7000122070312,959.2000122070312,956.5499877929688,956.75,34894
2026-03-05 11:30:00+05:30,956.8499755859375,959.25,956.7999877929688,957.5,48435
2026-03-05 11:35:00+05:30,957.2999877929688,957.5999755859375,954.0,954.5499877929688,61004
2026-03-05 11:40:00+05:30,954.3499755859375,954.75,953.0,953.0999755859375,30421
2026-03-05 11:45:00+05:30,953.0499877929688,953.9000244140625,951.75,951.75,47459
2026-03-05 11:50:00+05:30,951.5999755859375,953.3499755859375,951.0999755859375,953.3499755859375,54252
2026-03-05 11:55:00+05:30,953.25,954.2000122070312,952.6500244140625,952.9500122070312,101113
2026-03-05 12:00:00+05:30,952.7999877929688,954.6500244140625,952.0499877929688,952.0999755859375,30026
2026-03-05 12:05:00+05:30,952.1500244140625,954.0,951.8499755859375,953.5999755859375,102717
2026-03-05 12:10:00+05:30,953.5999755859375,955.5999755859375,953.4500122070312,955.5,29063
2026-03-05 12:15:00+05:30,955.5,956.5,954.2999877929688,955.4000244140625,37047
2026-03-05 12:20:00+05:30,955.4000244140625,956.9500122070312,955.2999877929688,956.0499877929688,39909
2026-03-05 12:25:00+05:30,956.0499877929688,958.7999877929688,955.6500244140625,958.7999877929688,39731
2026-03-05 12:30:00+05:30,958.7000122070312,959.75,958.2000122070312,958.25,31692
2026-03-05 12:35:00+05:30,958.2999877929688,958.9500122070312,957.0999755859375,958.4000244140625,69481
2026-03-05 12:40:00+05:30,958.7000122070312,959.9500122070312,958.7000122070312,959.2000122070312,36557
2026-03-05 12:45:00+05:30,959.2000122070312,959.25,954.2999877929688,956.2000122070312,57009
2026-03-05 12:50:00+05:30,956.1500244140625,957.25,954.6500244140625,957.2000122070312,93240
2026-03-05 12:55:00+05:30,957.3499755859375,958.0,956.5999755859375,957.5499877929688,42270
2026-03-05 13:00:00+05:30,957.5499877929688,957.9000244140625,956.5999755859375,957.0999755859375,32710
2026-03-05 13:05:00+05:30,956.75,959.25,956.4500122070312,958.5,75334
2026-03-05 13:10:00+05:30,958.6500244140625,958.6500244140625,958.0,958.0,23103
2026-03-05 13:15:00+05:30,958.0,959.6500244140625,958.0,958.0,67256
2026-03-05 13:20:00+05:30,958.0499877929688,958.9000244140625,956.5,956.8499755859375,71715
2026-03-05 13:25:00+05:30,956.7000122070312,957.3499755859375,955.5999755859375,956.2999877929688,29221
2026-03-05 13:30:00+05:30,956.2999877929688,958.2999877929688,955.25,955.4500122070312,32154
2026-03-05 13:35:00+05:30,955.6500244140625,955.9000244140625,953.1500244140625,953.8499755859375,40842
2026-03-05 13:40:00+05:30,953.7999877929688,954.0,952.5,953.4000244140625,27838
2026-03-05 13:45:00+05:30,953.6500244140625,953.9500122070312,952.8499755859375,953.7999877929688,17026
2026-03-05 13:50:00+05:30,953.6500244140625,953.9000244140625,951.2999877929688,951.7000122070312,30935
2026-03-05 13:55:00+05:30,951.7000122070312,952.2000122070312,950.0,950.5,98489
2026-03-05 14:00:00+05:30,950.3499755859375,951.1500244140625,950.0,950.2999877929688,64970
2026-03-05 14:05:00+05:30,950.0999755859375,950.2999877929688,947.5999755859375,947.5999755859375,63276
2026-03-05 14:10:00+05:30,947.7000122070312,948.9000244140625,946.75,947.25,106018
2026-03-05 14:15:00+05:30,947.5,948.5499877929688,946.0,946.7999877929688,77116
2026-03-05 14:20:00+05:30,946.7999877929688,950.7999877929688,946.3499755859375,950.2000122070312,123346
2026-03-05 14:25:00+05:30,950.2000122070312,952.0,949.25,951.9000244140625,69933
2026-03-05 14:30:00+05:30,951.9500122070312,952.9000244140625,951.0,951.5,24319
2026-03-05 14:35:00+05:30,951.4500122070312,956.4500122070312,951.25,955.8499755859375,63736
2026-03-05 14:40:00+05:30,956.25,960.5,955.9500122070312,959.2000122070312,66587
2026-03-05 14:45:00+05:30,959.25,962.2999877929688,958.4500122070312,961.8499755859375,66951
2026-03-05 14:50:00+05:30,962.2000122070312,966.9000244140625,961.6500244140625,966.75,164287
2026-03-05 14:55:00+05:30,966.5999755859375,967.9500122070312,965.25,967.1500244140625,84246
2026-03-05 15:00:00+05:30,967.5499877929688,968.2000122070312,962.5,962.8499755859375,208137
2026-03-05 15:05:00+05:30,962.7999877929688,963.8499755859375,962.0499877929688,962.3499755859375,217038
2026-03-05 15:10:00+05:30,962.3499755859375,963.3499755859375,959.7999877929688,960.0,181728
2026-03-05 15:15:00+05:30,960.0,961.9000244140625,959.8499755859375,960.7999877929688,173926
2026-03-05 15:20:00+05:30,960.75,961.7999877929688,960.4500122070312,961.7999877929688,174452
2026-03-05 15:25:00+05:30,961.75,964.75,960.2000122070312,961.0,196967
2026-03-06 09:20:00+05:30,954.0999755859375,961.3499755859375,953.25,959.9500122070312,135013
2026-03-06 09:25:00+05:30,959.9500122070312,960.5,958.2000122070312,959.4000244140625,47053
2026-03-06 09:30:00+05:30,959.1500244140625,960.2999877929688,957.0999755859375,957.7000122070312,90181
2026-03-06 09:35:00+05:30,957.5499877929688,958.0,956.0499877929688,956.0499877929688,56629
2026-03-06 09:40:00+05:30,955.7999877929688,959.2000122070312,955.7999877929688,958.7000122070312,39179
2026-03-06 09:45:00+05:30,958.9000244140625,959.2999877929688,957.25,957.5499877929688,41425
2026-03-06 09:50:00+05:30,957.0999755859375,957.4500122070312,956.0499877929688,956.9500122070312,41846
2026-03-06 09:55:00+05:30,956.75,956.75,955.0499877929688,955.2999877929688,81662
2026-03-06 10:00:00+05:30,955.3499755859375,955.4000244140625,954.25,954.4500122070312,36648
2026-03-06 10:05:00+05:30,954.5,956.75,954.0,956.75,24424
2026-03-06 10:10:00+05:30,956.5499877929688,957.0,955.6500244140625,955.6500244140625,18925
2026-03-06 10:15:00+05:30,955.5,956.2000122070312,955.0,955.7999877929688,24451
2026-03-06 10:20:00+05:30,955.7999877929688,955.8499755859375,953.4500122070312,953.75,34995
2026-03-06 10:25:00+05:30,953.75,954.25,952.6500244140625,952.9000244140625,24094
2026-03-06 10:30:00+05:30,953.0,954.4000244140625,953.0,953.4500122070312,31119
2026-03-06 10:35:00+05:30,953.2999877929688,955.0,952.7000122070312,953.5499877929688,112423
2026-03-06 10:40:00+05:30,953.2999877929688,954.7000122070312,951.5499877929688,954.0499877929688,148383
2026-03-06 10:45:00+05:30,953.9500122070312,955.5499877929688,953.4500122070312,954.0999755859375,239767
2026-03-06 10:50:00+05:30,953.9000244140625,955.7999877929688,951.5999755859375,954.25,220805
2026-03-06 10:55:00+05:30,954.25,954.2999877929688,952.5,953.8499755859375,116277
2026-03-06 11:00:00+05:30,953.6500244140625,956.8499755859375,953.6500244140625,955.9000244140625,111337
2026-03-06 11:05:00+05:30,955.9000244140625,955.9000244140625,954.0499877929688,954.1500244140625,10432
2026-03-06 11:10:00+05:30,954.1500244140625,954.1500244140625,950.5,951.0499877929688,91324
2026-03-06 11:15:00+05:30,951.2000122070312,951.8499755859375,950.7999877929688,951.25,102669
2026-03-06 11:20:00+05:30,951.25,952.0499877929688,950.4000244140625,952.0,91289
2026-03-06 11:25:00+05:30,952.0,953.75,952.0,953.5499877929688,54332
2026-03-06 11:30:00+05:30,953.5499877929688,954.4500122070312,953.0,954.4500122070312,26994
2026-03-06 11:35:00+05:30,953.6500244140625,955.0999755859375,953.6500244140625,954.0499877929688,100360
2026-03-06 11:40:00+05:30,954.2000122070312,955.7000122070312,953.5,954.25,96123
2026-03-06 11:45:00+05:30,954.0,955.75,953.5499877929688,955.5,94739
2026-03-06 11:50:00+05:30,955.6500244140625,956.5,955.0,956.5,23560
2026-03-06 11:55:00+05:30,956.5,957.0,955.1500244140625,956.7999877929688,34561
2026-03-06 12:00:00+05:30,956.7999877929688,956.8499755859375,954.9500122070312,955.5499877929688,28467
2026-03-06 12:05:00+05:30,955.5499877929688,956.5,955.0,956.1500244140625,27367
2026-03-06 12:10:00+05:30,956.1500244140625,956.75,955.0999755859375,955.75,20064
2026-03-06 12:15:00+05:30,955.75,956.5,955.2000122070312,956.2000122070312,18783
2026-03-06 12:20:00+05:30,956.2000122070312,956.2000122070312,955.2999877929688,956.0999755859375,17621
2026-03-06 12:25:00+05:30,956.0499877929688,956.0499877929688,954.25,954.7999877929688,62178
2026-03-06 12:30:00+05:30,954.7999877929688,955.7999877929688,954.7000122070312,955.7999877929688,15708
2026-03-06 12:35:00+05:30,955.7999877929688,955.9500122070312,955.0999755859375,955.3499755859375,21813
2026-03-06 12:40:00+05:30,955.3499755859375,955.7999877929688,955.0499877929688,955.6500244140625,19235
2026-03-06 12:45:00+05:30,955.7000122070312,955.8499755859375,953.5,953.5,17451
2026-03-06 12:50:00+05:30,953.5999755859375,954.5499877929688,953.2000122070312,953.2000122070312,39799
2026-03-06 12:55:00+05:30,953.5,954.2000122070312,953.0,953.7999877929688,26991
2026-03-06 13:00:00+05:30,953.8499755859375,953.9500122070312,952.0499877929688,952.75,24742
2026-03-06 13:05:00+05:30,953.0,953.5499877929688,952.5,953.2000122070312,16130
2026-03-06 13:10:00+05:30,953.2999877929688,953.9500122070312,952.75,953.4500122070312,20341
2026-03-06 13:15:00+05:30,953.2000122070312,953.4500122070312,952.7000122070312,952.9500122070312,29931
2026-03-06 13:20:00+05:30,953.0,954.7999877929688,953.0,953.8499755859375,26550
2026-03-06 13:25:00+05:30,953.8499755859375,954.25,953.5999755859375,953.5999755859375,14839
2026-03-06 13:30:00+05:30,954.0,954.0,953.0,953.5,38696
2026-03-06 13:35:00+05:30,953.7000122070312,954.7000122070312,953.0499877929688,953.3499755859375,931504
2026-03-06 13:40:00+05:30,953.5,954.7000122070312,952.7999877929688,953.7999877929688,24266
2026-03-06 13:45:00+05:30,953.7999877929688,954.1500244140625,953.1500244140625,954.0999755859375,16776
2026-03-06 13:50:00+05:30,953.8499755859375,955.9500122070312,953.7000122070312,955.7000122070312,35736
2026-03-06 13:55:00+05:30,955.7000122070312,955.7000122070312,954.2999877929688,955.2000122070312,25720
2026-03-06 14:00:00+05:30,955.2000122070312,955.7000122070312,954.5,954.5999755859375,16379
2026-03-06 14:05:00+05:30,954.4500122070312,955.7000122070312,954.4500122070312,955.7000122070312,36212
2026-03-06 14:10:00+05:30,955.7000122070312,956.7999877929688,955.7000122070312,956.4000244140625,56063
2026-03-06 14:15:00+05:30,956.4000244140625,958.0,956.0999755859375,957.7999877929688,65563
2026-03-06 14:20:00+05:30,957.8499755859375,958.7999877929688,957.5999755859375,958.5,39103
2026-03-06 14:25:00+05:30,958.25,958.75,958.0,958.25,57411
2026-03-06 14:30:00+05:30,958.0499877929688,958.7000122070312,957.2000122070312,957.2000122070312,42677
2026-03-06 14:35:00+05:30,957.2000122070312,957.4000244140625,954.5999755859375,955.5499877929688,105380
2026-03-06 14:40:00+05:30,955.4500122070312,955.9000244140625,954.5999755859375,955.2000122070312,134486
2026-03-06 14:45:00+05:30,955.0,955.4000244140625,947.2999877929688,951.4500122070312,286067
2026-03-06 14:50:00+05:30,951.5999755859375,953.5,951.4500122070312,952.25,33889
2026-03-06 14:55:00+05:30,952.2000122070312,952.4000244140625,949.0,949.0,41981
2026-03-06 15:00:00+05:30,949.0,950.1500244140625,948.0,949.5499877929688,303096
2026-03-06 15:05:00+05:30,949.5999755859375,950.6500244140625,948.9500122070312,949.5999755859375,157962
2026-03-06 15:10:00+05:30,949.9500122070312,950.4500122070312,949.0,949.2000122070312,193946
2026-03-06 15:15:00+05:30,949.4000244140625,949.8499755859375,948.4500122070312,949.5999755859375,164549
2026-03-06 15:20:00+05:30,950.3499755859375,950.7999877929688,949.0,949.0499877929688,274836
2026-03-06 15:25:00+05:30,949.0499877929688,953.9500122070312,949.0,950.2000122070312,431931
2026-03-09 09:20:00+05:30,915.4500122070312,918.5999755859375,914.8499755859375,915.2999877929688,192981
2026-03-09 09:25:00+05:30,915.0499877929688,915.9500122070312,911.5999755859375,911.5999755859375,160787
2026-03-09 09:30:00+05:30,911.75,915.25,911.2000122070312,913.1500244140625,174909
2026-03-09 09:35:00+05:30,913.0999755859375,917.5499877929688,912.7999877929688,915.9500122070312,116723
2026-03-09 09:40:00+05:30,916.0,917.9000244140625,915.25,916.0499877929688,97082
2026-03-09 09:45:00+05:30,915.7999877929688,919.3499755859375,915.0499877929688,918.9000244140625,71920
2026-03-09 09:50:00+05:30,918.9000244140625,921.7999877929688,918.1500244140625,921.7999877929688,143106
2026-03-09 09:55:00+05:30,921.7999877929688,922.5499877929688,920.2999877929688,920.8499755859375,92035
2026-03-09 10:00:00+05:30,921.0,923.5999755859375,921.0,922.5499877929688,63546
2026-03-09 10:05:00+05:30,922.4500122070312,926.0,922.4500122070312,923.2999877929688,111175
2026-03-09 10:10:00+05:30,923.25,930.0,923.0999755859375,925.7000122070312,85570
2026-03-09 10:15:00+05:30,925.4500122070312,925.5499877929688,923.0,923.25,68269
2026-03-09 10:20:00+05:30,923.2000122070312,925.6500244140625,923.0999755859375,924.9000244140625,42740
2026-03-09 10:25:00+05:30,925.2000122070312,925.5499877929688,924.0999755859375,924.6500244140625,52254
2026-03-09 10:30:00+05:30,924.6500244140625,926.0,922.5499877929688,925.75,196132
2026-03-09 10:35:00+05:30,925.75,927.8499755859375,925.0,927.7000122070312,106015
2026-03-09 10:40:00+05:30,927.4500122070312,929.0499877929688,927.0,928.4000244140625,65973
2026-03-09 10:45:00+05:30,928.3499755859375,928.7000122070312,926.25,926.7000122070312,40171
2026-03-09 10:50:00+05:30,926.7000122070312,930.0,923.75,924.8499755859375,558135
2026-03-09 10:55:00+05:30,924.8499755859375,927.6500244140625,924.25,924.6500244140625,447990
2026-03-09 11:00:00+05:30,924.75,925.6500244140625,923.2000122070312,923.4000244140625,60020
2026-03-09 11:05:00+05:30,923.4000244140625,924.9000244140625,923.2000122070312,924.25,154700
2026-03-09 11:10:00+05:30,924.25,925.5,923.25,924.7000122070312,176670
2026-03-09 11:15:00+05:30,924.7000122070312,924.9500122070312,922.5,923.75,52924
2026-03-09 11:20:00+05:30,923.75,927.25,923.75,925.7000122070312,79991
2026-03-09 11:25:00+05:30,925.5999755859375,927.0999755859375,925.0999755859375,926.6500244140625,61059
2026-03-09 11:30:00+05:30,926.6500244140625,927.8499755859375,926.0999755859375,926.5,78349
2026-03-09 11:35:00+05:30,926.5999755859375,927.7000122070312,925.6500244140625,927.2000122070312,55212
2026-03-09 11:40:00+05:30,927.4500122070312,929.75,926.6500244140625,927.2000122070312,110385
2026-03-09 11:45:00+05:30,927.2999877929688,928.4000244140625,926.3499755859375,927.0,52930
2026-03-09 11:50:00+05:30,927.0,928.8499755859375,926.4000244140625,927.9500122070312,67715
2026-03-09 11:55:00+05:30,928.0499877929688,928.0499877929688,926.4000244140625,927.25,51538
2026-03-09 12:00:00+05:30,927.0999755859375,928.0,926.2999877929688,927.7000122070312,47733
2026-03-09 12:05:00+05:30,927.5,927.6500244140625,924.6500244140625,924.6500244140625,71270
2026-03-09 12:10:00+05:30,924.6500244140625,925.0999755859375,923.25,924.3499755859375,112838
2026-03-09 12:15:00+05:30,924.5499877929688,925.6500244140625,924.0999755859375,925.0499877929688,76967
2026-03-09 12:20:00+05:30,924.9500122070312,925.9500122070312,924.3499755859375,925.4000244140625,82226
2026-03-09 12:25:00+05:30,925.4000244140625,926.2999877929688,924.7000122070312,926.1500244140625,88440
2026-03-09 12:30:00+05:30,926.2999877929688,926.75,924.4000244140625,924.4500122070312,154635
2026-03-09 12:35:00+05:30,924.3499755859375,926.0,924.0999755859375,925.4500122070312,36703
2026-03-09 12:40:00+05:30,925.4500122070312,927.3499755859375,924.2999877929688,927.0499877929688,91395
2026-03-09 12:45:00+05:30,927.2999877929688,928.5999755859375,926.0499877929688,926.25,36017
2026-03-09 12:50:00+05:30,926.25,927.7999877929688,926.0999755859375,927.7999877929688,29892
2026-03-09 12:55:00+05:30,927.7999877929688,929.0,927.3499755859375,927.3499755859375,65963
2026-03-09 13:00:00+05:30,927.5,928.0,926.2999877929688,927.6500244140625,40341
2026-03-09 13:05:00+05:30,927.5,927.7999877929688,926.75,926.9500122070312,106172
2026-03-09 13:10:00+05:30,927.0499877929688,927.3499755859375,926.3499755859375,926.7000122070312,87114
2026-03-09 13:15:00+05:30,926.8499755859375,927.4500122070312,926.0,926.7999877929688,38502
2026-03-09 13:20:00+05:30,926.75,927.6500244140625,925.0,925.2000122070312,60074
2026-03-09 13:25:00+05:30,925.25,925.4500122070312,924.2999877929688,924.4000244140625,75074
2026-03-09 13:30:00+05:30,924.5,927.2000122070312,924.2999877929688,925.0,197762
2026-03-09 13:35:00+05:30,924.9000244140625,925.3499755859375,924.0999755859375,924.9000244140625,40704
2026-03-09 13:40:00+05:30,925.0,927.5,924.9500122070312,926.5499877929688,124885
2026-03-09 13:45:00+05:30,926.6500244140625,926.7999877929688,924.7000122070312,926.3499755859375,37729
2026-03-09 13:50:00+05:30,926.25,927.9500122070312,925.6500244140625,927.6500244140625,922092
2026-03-09 13:55:00+05:30,927.9000244140625,930.3499755859375,927.0999755859375,927.25,53084
2026-03-09 14:00:00+05:30,927.25,928.4500122070312,926.5,927.8499755859375,36654
2026-03-09 14:05:00+05:30,927.7999877929688,929.6500244140625,927.2999877929688,929.1500244140625,42553
2026-03-09 14:10:00+05:30,929.1500244140625,929.9000244140625,927.25,927.4500122070312,115091
2026-03-09 14:15:00+05:30,927.5,928.1500244140625,927.0,927.4000244140625,33394
2026-03-09 14:20:00+05:30,927.6500244140625,928.4500122070312,927.0,928.0,29569
2026-03-09 14:25:00+05:30,927.9000244140625,928.8499755859375,927.5999755859375,928.75,117063
2026-03-09 14:30:00+05:30,928.7999877929688,929.5499877929688,928.0,929.2000122070312,25440
2026-03-09 14:35:00+05:30,929.1500244140625,930.7999877929688,928.6500244140625,930.7999877929688,35860
2026-03-09 14:40:00+05:30,930.6500244140625,932.5499877929688,930.0999755859375,931.9000244140625,45715
2026-03-09 14:45:00+05:30,932.0,937.5,931.9500122070312,933.6500244140625,122612
2026-03-09 14:50:00+05:30,934.0499877929688,935.5,931.4000244140625,935.4500122070312,53799
2026-03-09 14:55:00+05:30,935.4000244140625,935.6500244140625,934.0,935.0999755859375,55514
2026-03-09 15:00:00+05:30,935.25,938.2000122070312,933.25,937.9500122070312,179248
2026-03-09 15:05:00+05:30,937.9500122070312,938.2000122070312,935.0,936.4500122070312,151040
2026-03-09 15:10:00+05:30,936.4500122070312,938.7999877929688,936.25,938.0,168166
2026-03-09 15:15:00+05:30,937.9500122070312,940.5499877929688,937.9000244140625,939.75,230377
2026-03-09 15:20:00+05:30,939.7000122070312,939.9000244140625,936.4000244140625,939.9000244140625,255425
2026-03-09 15:25:00+05:30,939.7999877929688,940.7000122070312,938.0,939.0,226041
2026-03-10 09:20:00+05:30,944.5,946.5,942.0,942.3499755859375,152983
2026-03-10 09:25:00+05:30,942.3499755859375,942.75,940.5,940.75,66717
2026-03-10 09:30:00+05:30,940.9000244140625,941.0,937.25,937.25,89559
2026-03-10 09:35:00+05:30,937.2999877929688,937.5499877929688,933.3499755859375,933.75,108362
2026-03-10 09:40:00+05:30,933.7999877929688,936.5999755859375,933.3499755859375,936.5999755859375,65586
2026-03-10 09:45:00+05:30,936.9500122070312,936.9500122070312,934.4000244140625,935.0499877929688,52310
2026-03-10 09:50:00+05:30,934.9000244140625,935.1500244140625,932.2999877929688,933.4000244140625,53036
2026-03-10 09:55:00+05:30,933.5999755859375,933.7000122070312,931.8499755859375,933.2000122070312,43589
2026-03-10 10:00:00+05:30,933.0,937.6500244140625,932.9000244140625,937.4500122070312,55444
2026-03-10 10:05:00+05:30,937.5499877929688,937.7000122070312,935.5999755859375,935.9500122070312,27917
2026-03-10 10:10:00+05:30,935.5499877929688,937.7999877929688,935.0,936.9000244140625,36032
2026-03-10 10:15:00+05:30,937.5,940.0999755859375,937.2999877929688,939.5,65936
2026-03-10 10:20:00+05:30,939.5499877929688,939.5499877929688,935.5499877929688,937.7000122070312,39082
2026-03-10 10:25:00+05:30,937.3499755859375,938.4000244140625,936.7000122070312,937.9000244140625,17733
2026-03-10 10:30:00+05:30,937.7000122070312,939.8499755859375,936.7999877929688,939.0999755859375,32212
2026-03-10 10:35:00+05:30,939.1500244140625,939.6500244140625,937.5499877929688,938.25,27467
2026-03-10 10:40:00+05:30,938.4000244140625,939.5999755859375,938.0,938.9500122070312,22650
2026-03-10 10:45:00+05:30,938.9000244140625,940.2999877929688,938.8499755859375,939.5,40207
2026-03-10 10:50:00+05:30,939.2000122070312,940.4000244140625,937.2999877929688,938.2999877929688,39791
2026-03-10 10:55:00+05:30,938.2999877929688,939.9500122070312,937.0,939.5999755859375,37138
2026-03-10 11:00:00+05:30,939.5999755859375,940.0499877929688,939.0,939.5,24540
2026-03-10 11:05:00+05:30,939.5499877929688,941.5,939.5499877929688,941.4500122070312,34065
2026-03-10 11:10:00+05:30,941.25,945.1500244140625,941.0,944.75,86688
2026-03-10 11:15:00+05:30,944.5999755859375,945.2000122070312,943.0,943.5999755859375,44620
2026-03-10 11:20:00+05:30,943.5999755859375,945.5499877929688,943.5,945.4000244140625,56800
2026-03-10 11:25:00+05:30,945.25,945.7999877929688,943.25,945.0499877929688,98888
2026-03-10 11:30:00+05:30,945.0999755859375,945.75,943.0,943.7999877929688,66718
2026-03-10 11:35:00+05:30,943.75,944.5999755859375,941.8499755859375,943.5999755859375,82278
2026-03-10 11:40:00+05:30,943.5999755859375,945.7000122070312,943.25,945.4000244140625,79244
2026-03-10 11:45:00+05:30,945.0,945.5999755859375,944.5,945.2000122070312,32377
2026-03-10 11:50:00+05:30,945.0,945.2999877929688,944.5,944.5999755859375,17053
2026-03-10 11:55:00+05:30,944.9500122070312,945.5999755859375,944.0,944.7999877929688,26012
2026-03-10 12:00:00+05:30,944.7999877929688,945.7000122070312,944.7999877929688,945.25,23224
2026-03-10 12:05:00+05:30,945.25,945.8499755859375,945.0,945.0,29544
2026-03-10 12:10:00+05:30,945.0,945.5,944.1500244140625,944.2000122070312,46239
2026-03-10 12:15:00+05:30,944.0499877929688,944.5499877929688,941.6500244140625,942.7999877929688,54640
2026-03-10 12:20:00+05:30,942.7000122070312,943.0,941.0,942.25,100751
2026-03-10 12:25:00+05:30,942.5499877929688,942.6500244140625,940.7000122070312,942.0499877929688,59351
2026-03-10 12:30:00+05:30,941.8499755859375,943.25,941.0999755859375,941.4000244140625,137332
2026-03-10 12:35:00+05:30,941.4500122070312,943.0999755859375,941.0,942.0499877929688,47272
2026-03-10 12:40:00+05:30,942.0,944.2000122070312,942.0,944.0,52600
2026-03-10 12:45:00+05:30,943.5999755859375,944.9500122070312,943.5999755859375,944.0,66337
2026-03-10 12:50:00+05:30,944.0499877929688,946.5499877929688,944.0,946.5499877929688,76715
2026-03-10 12:55:00+05:30,946.5499877929688,947.0,945.5999755859375,946.0999755859375,44944
2026-03-10 13:00:00+05:30,946.5499877929688,947.5,945.7000122070312,947.3499755859375,41572
2026-03-10 13:05:00+05:30,947.4000244140625,947.5999755859375,945.0,946.5499877929688,86844
2026-03-10 13:10:00+05:30,946.1500244140625,946.75,943.5,945.0499877929688,207215
2026-03-10 13:15:00+05:30,945.0,945.5499877929688,944.1500244140625,944.9500122070312,124181
2026-03-10 13:20:00+05:30,944.75,945.2000122070312,942.0499877929688,942.2000122070312,101382
2026-03-10 13:25:00+05:30,942.4500122070312,943.9000244140625,942.0,943.5999755859375,56429
2026-03-10 13:30:00+05:30,943.5999755859375,946.0,943.0,945.7000122070312,669739
2026-03-10 13:35:00+05:30,945.6500244140625,946.25,944.2999877929688,945.2000122070312,105478
2026-03-10 13:40:00+05:30,945.0,945.4500122070312,943.5,944.25,44918
2026-03-10 13:45:00+05:30,944.0999755859375,944.6500244140625,940.5,941.0,157875
2026-03-10 13:50:00+05:30,941.0,943.0,940.7999877929688,941.3499755859375,129694
2026-03-10 13:55:00+05:30,941.3499755859375,942.0999755859375,940.75,941.5,60853
2026-03-10 14:00:00+05:30,941.5,942.9500122070312,941.0,942.9500122070312,111107
2026-03-10 14:05:00+05:30,942.9000244140625,946.4500122070312,942.9000244140625,945.7999877929688,152695
2026-03-10 14:10:00+05:30,945.7999877929688,947.3499755859375,945.0,945.75,106577
2026-03-10 14:15:00+05:30,945.75,946.4000244140625,943.75,943.9500122070312,134554
2026-03-10 14:20:00+05:30,944.0,944.0999755859375,942.4000244140625,943.4000244140625,131996
2026-03-10 14:25:00+05:30,943.3499755859375,943.5,942.4500122070312,943.2999877929688,52008
2026-03-10 14:30:00+05:30,943.0499877929688,944.0,942.0999755859375,942.25,65793
2026-03-10 14:35:00+05:30,942.25,942.6500244140625,941.2999877929688,941.3499755859375,69589
2026-03-10 14:40:00+05:30,941.4000244140625,942.7000122070312,941.0,941.0499877929688,165882
2026-03-10 14:45:00+05:30,941.0999755859375,941.75,940.0,941.7000122070312,186479
2026-03-10 14:50:00+05:30,941.7000122070312,941.9500122070312,938.2999877929688,938.5,318446
2026-03-10 14:55:00+05:30,938.3499755859375,939.9000244140625,938.3499755859375,939.1500244140625,89439
2026-03-10 15:00:00+05:30,939.4500122070312,939.4500122070312,937.2000122070312,938.9000244140625,337752
2026-03-10 15:05:00+05:30,938.9500122070312,940.3499755859375,938.4500122070312,939.4000244140625,341289
2026-03-10 15:10:00+05:30,939.3499755859375,941.2999877929688,939.2999877929688,939.5,427693
2026-03-10 15:15:00+05:30,939.5,940.4000244140625,939.2999877929688,940.2999877929688,246193
2026-03-10 15:20:00+05:30,940.3499755859375,941.0,939.5499877929688,941.0,369311
2026-03-10 15:25:00+05:30,941.0,941.9500122070312,939.4000244140625,941.9000244140625,553945
2026-03-11 09:15:00+05:30,937.7999877929688,940.9500122070312,933.7999877929688,940.4000244140624,125643
2026-03-11 09:20:00+05:30,940.3499755859375,941.0,937.6500244140625,937.6500244140625,85944
2026-03-11 09:25:00+05:30,936.7999877929688,937.6500244140625,935.8499755859375,935.8499755859375,58773
2026-03-11 09:30:00+05:30,935.8499755859375,935.8499755859375,933.5,934.9500122070312,58268
2026-03-11 09:35:00+05:30,934.9500122070312,934.9500122070312,931.0499877929688,931.7999877929688,80306
2026-03-11 09:40:00+05:30,931.7999877929688,932.0,930.5999755859375,930.7999877929688,63037
2026-03-11 09:45:00+05:30,930.9500122070312,932.0999755859375,930.7000122070312,931.9500122070312,43927
2026-03-11 09:50:00+05:30,931.9500122070312,932.9500122070312,930.2000122070312,930.5499877929688,80858
2026-03-11 09:55:00+05:30,930.5499877929688,931.6500244140625,929.4500122070312,929.7999877929688,64111
2026-03-11 10:00:00+05:30,929.7999877929688,929.9500122070312,928.0,928.75,51335
2026-03-11 10:05:00+05:30,928.75,928.75,927.6500244140625,927.8499755859375,40899
2026-03-11 10:10:00+05:30,927.7000122070312,928.25,927.4000244140625,927.5,51639
2026-03-11 10:15:00+05:30,927.2000122070312,927.8499755859375,926.5,927.5499877929688,59801
2026-03-11 10:20:00+05:30,927.75,929.1500244140625,927.2000122070312,928.5999755859375,46273
2026-03-11 10:25:00+05:30,928.5999755859375,929.6500244140625,926.5,926.75,57904
2026-03-11 10:30:00+05:30,926.75,927.25,925.5499877929688,926.3499755859375,87585
2026-03-11 10:35:00+05:30,926.3499755859375,926.5499877929688,924.3499755859375,924.75,101132
2026-03-11 10:40:00+05:30,924.75,925.1500244140625,924.0,924.0999755859375,41455
2026-03-11 10:45:00+05:30,924.4000244140625,924.4000244140625,921.4500122070312,922.4500122070312,77972
2026-03-11 10:50:00+05:30,922.4500122070312,922.4500122070312,920.5,921.0999755859375,81383
2026-03-11 10:55:00+05:30,921.0999755859375,922.25,920.7999877929688,921.4000244140625,78788
2026-03-11 11:00:00+05:30,921.2999877929688,922.0,920.2999877929688,921.4500122070312,84901
2026-03-11 11:05:00+05:30,921.7000122070312,921.7000122070312,920.0,920.0499877929688,67161
2026-03-11 11:10:00+05:30,919.9000244140625,919.9000244140625,918.2000122070312,918.5,87646
2026-03-11 11:15:00+05:30,918.4500122070312,918.4500122070312,914.75,916.0499877929688,373177
2026-03-11 11:20:00+05:30,916.0499877929688,917.0999755859375,915.1500244140625,915.4500122070312,61590
2026-03-11 11:25:00+05:30,915.5999755859375,918.0,915.25,918.0,98024
2026-03-11 11:30:00+05:30,917.7000122070312,918.0,915.2999877929688,915.7000122070312,79843
2026-03-11 11:35:00+05:30,915.7000122070312,916.7999877929688,914.9000244140625,915.0999755859375,100097
2026-03-11 11:40:00+05:30,915.1500244140625,915.1500244140625,914.4000244140625,915.0,72293
2026-03-11 11:45:00+05:30,914.9500122070312,914.9500122070312,909.4000244140625,909.75,148519
2026-03-11 11:50:00+05:30,910.0,910.0,905.0499877929688,905.1500244140625,204630
2026-03-11 11:55:00+05:30,905.1500244140625,905.5499877929688,902.0,903.6500244140625,275060
2026-03-11 12:00:00+05:30,903.6500244140625,906.3499755859375,902.25,905.7000122070312,252600
2026-03-11 12:05:00+05:30,905.9000244140625,906.6500244140625,903.3499755859375,903.5499877929688,152639
2026-03-11 12:10:00+05:30,903.5,905.1500244140625,902.5,903.2999877929688,109314
2026-03-11 12:15:00+05:30,903.2000122070312,904.9500122070312,902.7999877929688,904.0999755859375,95843
2026-03-11 12:20:00+05:30,904.0,905.0,903.1500244140625,903.25,96501
2026-03-11 12:25:00+05:30,903.2000122070312,903.4000244140625,896.75,897.6500244140625,340784
2026-03-11 12:30:00+05:30,897.5499877929688,899.75,896.9500122070312,898.25,197909
2026-03-11 12:35:00+05:30,898.0,898.4000244140625,895.0,896.3499755859375,243992
2026-03-11 12:40:00+05:30,896.5,899.7999877929688,896.2999877929688,899.5,167483
2026-03-11 12:45:00+05:30,899.5,900.4000244140625,898.4500122070312,899.7999877929688,211087
2026-03-11 12:50:00+05:30,899.5499877929688,903.7999877929688,899.5499877929688,902.7000122070312,365480
2026-03-11 12:55:00+05:30,902.7000122070312,903.7999877929688,902.0999755859375,903.3499755859375,147450
2026-03-11 13:00:00+05:30,903.3499755859375,904.0,901.25,902.0,298293
2026-03-11 13:05:00+05:30,902.0499877929688,902.5,901.2000122070312,902.2000122070312,38953
2026-03-11 13:10:00+05:30,902.2000122070312,902.7999877929688,901.0,902.6500244140625,94799
2026-03-11 13:15:00+05:30,902.4500122070312,902.6500244140625,900.0499877929688,901.7000122070312,61889
2026-03-11 13:20:00+05:30,901.7000122070312,903.0,900.7999877929688,903.0,87190
2026-03-11 13:25:00+05:30,902.9500122070312,904.5,901.75,904.4000244140625,143703
2026-03-11 13:30:00+05:30,904.4500122070312,906.0,904.0,905.0,104837
2026-03-11 13:35:00+05:30,905.0,905.7999877929688,903.0,903.2999877929688,107708
2026-03-11 13:40:00+05:30,903.4000244140625,903.4000244140625,901.0,901.4000244140625,61679
2026-03-11 13:45:00+05:30,901.4000244140625,901.8499755859375,899.9000244140625,899.9000244140625,92990
2026-03-11 13:50:00+05:30,899.9000244140625,901.0999755859375,899.2000122070312,901.0999755859375,82035
2026-03-11 13:55:00+05:30,901.0999755859375,902.9000244140625,899.9500122070312,902.7999877929688,108616
2026-03-11 14:00:00+05:30,902.7999877929688,903.0,901.5,901.6500244140625,103727
2026-03-11 14:05:00+05:30,901.6500244140625,902.0499877929688,899.3499755859375,899.75,110682
2026-03-11 14:10:00+05:30,899.75,901.4000244140625,899.5499877929688,901.3499755859375,180863
2026-03-11 14:15:00+05:30,901.4000244140625,901.9500122070312,900.3499755859375,901.9500122070312,106452
2026-03-11 14:20:00+05:30,901.9000244140625,902.0,898.75,898.9500122070312,138391
2026-03-11 14:25:00+05:30,899.2000122070312,902.7000122070312,898.0,902.2999877929688,108419
2026-03-11 14:30:00+05:30,902.2999877929688,902.2999877929688,899.0999755859375,899.4000244140625,245442
2026-03-11 14:35:00+05:30,899.2000122070312,899.5999755859375,898.3499755859375,899.4500122070312,181101
2026-03-11 14:40:00+05:30,899.4500122070312,900.0,898.5,899.2000122070312,87565
2026-03-11 14:45:00+05:30,899.2000122070312,899.7999877929688,896.5,897.0,176968
2026-03-11 14:50:00+05:30,897.0499877929688,898.0499877929688,895.7000122070312,897.7000122070312,185564
2026-03-11 14:55:00+05:30,897.7000122070312,897.7000122070312,895.0499877929688,895.3499755859375,163635
2026-03-11 15:00:00+05:30,895.25,898.0,895.0999755859375,895.0999755859375,240790
2026-03-11 15:05:00+05:30,895.25,897.0499877929688,893.2000122070312,897.0499877929688,411858
2026-03-11 15:10:00+05:30,897.0999755859375,897.7999877929688,893.0,894.25,433940
2026-03-11 15:15:00+05:30,894.3499755859375,895.7999877929688,893.7999877929688,894.2000122070312,504088
2026-03-11 15:20:00+05:30,894.1500244140625,894.4000244140625,890.0499877929688,890.75,516944
2026-03-11 15:25:00+05:30,890.75,893.5999755859375,890.0,893.5499877929688,403337
