Datetime,Open,High,Low,Close,Volume
2025-12-10 09:20:00+05:30,427.3200073242188,428.0799865722656,426.7799682617188,427.6200256347656,38082
2025-12-10 09:25:00+05:30,427.7000122070313,428.760009765625,427.3200073242188,428.3399963378906,24139
2025-12-10 09:30:00+05:30,428.3399963378906,430.0,428.3399963378906,430.0,35354
2025-12-10 09:35:00+05:30,429.9200134277344,430.0,429.2200317382813,429.52001953125,24161
2025-12-10 09:40:00+05:30,429.53997802734375,430.8600158691406,429.53997802734375,430.760009765625,26561
2025-12-10 09:45:00+05:30,430.7999877929688,431.1000061035156,429.6399841308594,429.8200073242188,47820
2025-12-10 09:50:00+05:30,429.7000122070313,430.53997802734375,429.7000122070313,430.52001953125,19785
2025-12-10 09:55:00+05:30,430.5,430.5799865722656,430.03997802734375,430.2799682617188,23062
2025-12-10 10:00:00+05:30,430.239990234375,430.52001953125,430.1200256347656,430.1200256347656,13627
2025-12-10 10:05:00+05:30,430.1399841308594,430.260009765625,429.6200256347656,429.7000122070313,27029
2025-12-10 10:10:00+05:30,429.8200073242188,429.8999938964844,429.47998046875,429.47998046875,10044
2025-12-10 10:15:00+05:30,429.6200256347656,429.8999938964844,429.6000061035156,429.8200073242188,12375
2025-12-10 10:20:00+05:30,429.9200134277344,430.2999877929688,429.9200134277344,430.2000122070313,18203
2025-12-10 10:25:00+05:30,430.2000122070313,430.7999877929688,430.2000122070313,430.47998046875,39052
2025-12-10 10:30:00+05:30,430.46002197265625,431.0,430.46002197265625,430.8399963378906,25953
2025-12-10 10:35:00+05:30,430.8399963378906,430.96002197265625,430.3200073242188,430.3600158691406,30725
2025-12-10 10:40:00+05:30,430.3200073242188,430.3600158691406,429.97998046875,430.1200256347656,16443
2025-12-10 10:45:00+05:30,430.1000061035156,430.1600036621094,429.3200073242188,429.6399841308594,21119
2025-12-10 10:50:00+05:30,429.6600036621094,429.8600158691406,429.3999938964844,429.53997802734375,11935
2025-12-10 10:55:00+05:30,429.53997802734375,429.8799743652344,428.8600158691406,429.0,15342
2025-12-10 11:00:00+05:30,428.97998046875,429.3200073242188,428.7999877929688,429.3200073242188,34311
2025-12-10 11:05:00+05:30,429.3200073242188,429.4400024414063,429.02001953125,429.3799743652344,10402
2025-12-10 11:10:00+05:30,429.3799743652344,429.3999938964844,428.7200317382813,428.97998046875,17177
2025-12-10 11:15:00+05:30,428.97998046875,429.4400024414063,428.8799743652344,428.96002197265625,14341
2025-12-10 11:20:00+05:30,428.96002197265625,429.0,427.96002197265625,428.3600158691406,23218
2025-12-10 11:25:00+05:30,428.3200073242188,428.5799865722656,428.1000061035156,428.1000061035156,10145
2025-12-10 11:30:00+05:30,428.0799865722656,428.3600158691406,427.7999877929688,427.7999877929688,15045
2025-12-10 11:35:00+05:30,427.7799682617188,428.0799865722656,427.4200134277344,427.6799926757813,13992
2025-12-10 11:40:00+05:30,427.760009765625,428.1399841308594,427.6600036621094,427.760009765625,14579
2025-12-10 11:45:00+05:30,427.6799926757813,428.03997802734375,427.53997802734375,427.7000122070313,15445
2025-12-10 11:50:00+05:30,427.7000122070313,427.8999938964844,427.52001953125,427.8200073242188,8929
2025-12-10 11:55:00+05:30,427.760009765625,427.8399963378906,427.55999755859375,427.6000061035156,11082
2025-12-10 12:00:00+05:30,427.6399841308594,427.6799926757813,427.2200317382813,427.6000061035156,17460
2025-12-10 12:05:00+05:30,427.5,427.760009765625,427.4400024414063,427.4400024414063,17849
2025-12-10 12:10:00+05:30,427.4400024414063,427.5799865722656,427.05999755859375,427.1000061035156,9882
2025-12-10 12:15:00+05:30,427.1600036621094,427.2000122070313,426.97998046875,427.1799926757813,12809
2025-12-10 12:20:00+05:30,427.1799926757813,427.52001953125,427.03997802734375,427.2000122070313,11826
2025-12-10 12:25:00+05:30,427.2200317382813,427.3999938964844,427.0,427.0,7655
2025-12-10 12:30:00+05:30,427.0,427.03997802734375,426.5799865722656,426.7799682617188,14472
2025-12-10 12:35:00+05:30,426.760009765625,426.8399963378906,426.6000061035156,426.6399841308594,12064
2025-12-10 12:40:00+05:30,426.6799926757813,426.7999877929688,426.6000061035156,426.6200256347656,10075
2025-12-10 12:45:00+05:30,426.6200256347656,426.8600158691406,426.6200256347656,426.7000122070313,10440
2025-12-10 12:50:00+05:30,426.7200317382813,427.260009765625,426.7000122070313,427.03997802734375,17966
2025-12-10 12:55:00+05:30,427.03997802734375,427.2999877929688,426.8999938964844,427.1799926757813,14295
2025-12-10 13:00:00+05:30,427.1000061035156,427.3399963378906,427.05999755859375,427.1399841308594,12088
2025-12-10 13:05:00+05:30,427.1399841308594,427.3799743652344,427.05999755859375,427.3600158691406,10546
2025-12-10 13:10:00+05:30,427.3600158691406,427.3600158691406,427.1600036621094,427.1799926757813,17829
2025-12-10 13:15:00+05:30,427.1799926757813,427.6000061035156,427.1200256347656,427.55999755859375,9180
2025-12-10 13:20:00+05:30,427.6000061035156,427.8600158691406,427.5799865722656,427.8200073242188,19189
2025-12-10 13:25:00+05:30,427.8200073242188,428.05999755859375,427.6200256347656,427.8999938964844,54004
2025-12-10 13:30:00+05:30,427.8999938964844,428.1799926757813,427.8799743652344,428.0799865722656,17377
2025-12-10 13:35:00+05:30,428.0799865722656,428.3999938964844,428.0,428.1600036621094,16654
2025-12-10 13:40:00+05:30,428.1200256347656,428.3999938964844,428.0,428.0,69262
2025-12-10 13:45:00+05:30,428.0,428.1600036621094,427.8200073242188,428.1399841308594,27485
2025-12-10 13:50:00+05:30,428.1399841308594,428.1600036621094,427.0,427.260009765625,23071
2025-12-10 13:55:00+05:30,427.260009765625,427.2799682617188,426.9400024414063,427.0,14799
2025-12-10 14:00:00+05:30,427.02001953125,427.02001953125,426.2000122070313,426.2000122070313,72167
2025-12-10 14:05:00+05:30,426.2000122070313,426.3600158691406,425.97998046875,426.0,342101
2025-12-10 14:10:00+05:30,425.8600158691406,426.0,425.3200073242188,425.4200134277344,25987
2025-12-10 14:15:00+05:30,425.4400024414063,425.6799926757813,425.2799682617188,425.3600158691406,17486
2025-12-10 14:20:00+05:30,425.3600158691406,425.47998046875,424.8200073242188,425.1200256347656,24745
2025-12-10 14:25:00+05:30,425.1399841308594,425.3999938964844,425.1000061035156,425.1000061035156,10982
2025-12-10 14:30:00+05:30,425.1200256347656,426.3399963378906,425.1000061035156,426.1600036621094,72607
2025-12-10 14:35:00+05:30,426.1600036621094,426.260009765625,425.1000061035156,425.46002197265625,13777
2025-12-10 14:40:00+05:30,425.3399963378906,425.47998046875,425.2799682617188,425.2999877929688,12071
2025-12-10 14:45:00+05:30,425.3399963378906,425.760009765625,425.1399841308594,425.47998046875,20512
2025-12-10 14:50:00+05:30,425.4400024414063,425.7799682617188,425.1399841308594,425.6200256347656,18420
2025-12-10 14:55:00+05:30,425.6200256347656,425.760009765625,425.46002197265625,425.6000061035156,15945
2025-12-10 15:00:00+05:30,425.6000061035156,425.9400024414063,425.55999755859375,425.8600158691406,49906
2025-12-10 15:05:00+05:30,425.8600158691406,425.97998046875,425.52001953125,425.8600158691406,59150
2025-12-10 15:10:00+05:30,425.9200134277344,426.0,425.7999877929688,425.8399963378906,63633
2025-12-10 15:15:00+05:30,425.8799743652344,425.9400024414063,425.8200073242188,425.8600158691406,47484
2025-12-10 15:20:00+05:30,426.0,426.2200317382813,426.0,426.2200317382813,55185
2025-12-10 15:25:00+05:30,426.1799926757813,426.2799682617188,424.739990234375,425.8999938964844,44104
2025-12-11 09:20:00+05:30,424.5799865722656,426.239990234375,424.5799865722656,426.239990234375,23596
2025-12-11 09:25:00+05:30,426.2000122070313,427.4200134277344,426.2000122070313,427.2799682617188,11329
2025-12-11 09:30:00+05:30,427.3999938964844,427.8999938964844,427.1200256347656,427.6000061035156,20313
2025-12-11 09:35:00+05:30,427.7200317382813,427.8600158691406,427.03997802734375,427.6000061035156,23925
2025-12-11 09:40:00+05:30,427.6000061035156,427.6600036621094,427.1000061035156,427.2000122070313,28279
2025-12-11 09:45:00+05:30,427.1600036621094,427.739990234375,426.7999877929688,427.53997802734375,18637
2025-12-11 09:50:00+05:30,427.53997802734375,427.7799682617188,427.52001953125,427.6799926757813,11630
2025-12-11 09:55:00+05:30,427.6799926757813,428.8200073242188,427.6799926757813,428.6000061035156,17132
2025-12-11 10:00:00+05:30,428.52001953125,429.3600158691406,428.3999938964844,428.96002197265625,19202
2025-12-11 10:05:00+05:30,429.03997802734375,430.3600158691406,429.02001953125,430.3600158691406,19775
2025-12-11 10:10:00+05:30,430.3600158691406,430.97998046875,430.1200256347656,430.8399963378906,110060
2025-12-11 10:15:00+05:30,430.8999938964844,432.55999755859375,430.8999938964844,432.3999938964844,38256
2025-12-11 10:20:00+05:30,432.3600158691406,433.1399841308594,432.2000122070313,432.7799682617188,85968
2025-12-11 10:25:00+05:30,432.7999877929688,433.8799743652344,432.739990234375,433.8799743652344,57108
2025-12-11 10:30:00+05:30,433.9400024414063,435.260009765625,433.9400024414063,434.8399963378906,144853
2025-12-11 10:35:00+05:30,434.8399963378906,434.8600158691406,433.739990234375,434.3999938964844,53628
2025-12-11 10:40:00+05:30,434.3200073242188,434.5,433.46002197265625,433.97998046875,27430
2025-12-11 10:45:00+05:30,433.97998046875,434.9200134277344,433.8600158691406,434.6799926757813,31114
2025-12-11 10:50:00+05:30,434.6399841308594,435.6799926757813,434.6399841308594,435.4400024414063,57463
2025-12-11 10:55:00+05:30,435.6000061035156,435.6000061035156,434.9400024414063,435.46002197265625,61574
2025-12-11 11:00:00+05:30,435.46002197265625,436.1399841308594,435.239990234375,435.9400024414063,85549
2025-12-11 11:05:00+05:30,435.8399963378906,436.2000122070313,435.7200317382813,436.1200256347656,60675
2025-12-11 11:10:00+05:30,436.03997802734375,437.05999755859375,436.03997802734375,436.97998046875,77724
2025-12-11 11:15:00+05:30,437.0,437.739990234375,436.8600158691406,437.239990234375,72023
2025-12-11 11:20:00+05:30,437.1200256347656,438.1399841308594,437.1000061035156,438.1000061035156,65720
2025-12-11 11:25:00+05:30,438.1000061035156,438.6600036621094,438.0,438.55999755859375,43650
2025-12-11 11:30:00+05:30,438.5799865722656,439.8999938964844,438.5799865722656,439.5,133682
2025-12-11 11:35:00+05:30,439.5,440.6000061035156,439.3999938964844,440.1799926757813,339324
2025-12-11 11:40:00+05:30,440.2000122070313,440.53997802734375,439.6799926757813,440.0,51477
2025-12-11 11:45:00+05:30,440.05999755859375,440.55999755859375,439.4200134277344,440.3999938964844,73923
2025-12-11 11:50:00+05:30,440.3999938964844,441.0,440.0,440.1799926757813,280065
2025-12-11 11:55:00+05:30,440.1799926757813,440.3600158691406,439.6399841308594,440.2000122070313,325536
2025-12-11 12:00:00+05:30,440.2000122070313,440.6000061035156,440.0,440.0799865722656,34356
2025-12-11 12:05:00+05:30,440.0799865722656,440.4400024414063,439.6399841308594,439.6799926757813,51679
2025-12-11 12:10:00+05:30,439.7999877929688,440.02001953125,439.6000061035156,440.0,58241
2025-12-11 12:15:00+05:30,440.02001953125,440.2000122070313,439.8200073242188,440.0,21778
2025-12-11 12:20:00+05:30,440.0,440.2799682617188,439.8799743652344,440.0,18892
2025-12-11 12:25:00+05:30,440.03997802734375,440.5799865722656,439.8200073242188,440.03997802734375,26537
2025-12-11 12:30:00+05:30,440.0,440.1799926757813,439.9400024414063,440.0,16929
2025-12-11 12:35:00+05:30,440.0,440.02001953125,439.6000061035156,439.6000061035156,69020
2025-12-11 12:40:00+05:30,439.46002197265625,439.46002197265625,438.3200073242188,438.8799743652344,68177
2025-12-11 12:45:00+05:30,438.8600158691406,439.3799743652344,438.2000122070313,439.2999877929688,41209
2025-12-11 12:50:00+05:30,439.2999877929688,439.3200073242188,438.3999938964844,438.7999877929688,226395
2025-12-11 12:55:00+05:30,438.8200073242188,438.97998046875,438.3999938964844,438.47998046875,34128
2025-12-11 13:00:00+05:30,438.47998046875,438.5,437.8600158691406,438.02001953125,63558
2025-12-11 13:05:00+05:30,438.02001953125,438.739990234375,438.0,438.4400024414063,69814
2025-12-11 13:10:00+05:30,438.46002197265625,438.47998046875,437.2000122070313,437.3799743652344,67931
2025-12-11 13:15:00+05:30,437.3799743652344,438.0,437.03997802734375,437.6799926757813,43466
2025-12-11 13:20:00+05:30,437.6799926757813,438.03997802734375,437.4400024414063,437.7200317382813,30836
2025-12-11 13:25:00+05:30,437.739990234375,437.7999877929688,437.2000122070313,437.53997802734375,34233
2025-12-11 13:30:00+05:30,437.55999755859375,438.0,437.3200073242188,437.8799743652344,39069
2025-12-11 13:35:00+05:30,437.8799743652344,439.0,437.8600158691406,438.8799743652344,46049
2025-12-11 13:40:00+05:30,438.8399963378906,439.0,438.5,438.8600158691406,29623
2025-12-11 13:45:00+05:30,438.8200073242188,439.0,438.47998046875,438.7200317382813,24645
2025-12-11 13:50:00+05:30,438.7200317382813,438.8999938964844,438.52001953125,438.6799926757813,29978
2025-12-11 13:55:00+05:30,438.8200073242188,438.8399963378906,438.2999877929688,438.46002197265625,30128
2025-12-11 14:00:00+05:30,438.3799743652344,438.5,437.5,437.7200317382813,38986
2025-12-11 14:05:00+05:30,437.7999877929688,437.9200134277344,437.1000061035156,437.8600158691406,54877
2025-12-11 14:10:00+05:30,437.8600158691406,437.96002197265625,437.4200134277344,437.6200256347656,34583
2025-12-11 14:15:00+05:30,437.6000061035156,437.6000061035156,437.02001953125,437.2200317382813,53387
2025-12-11 14:20:00+05:30,437.2200317382813,437.52001953125,437.02001953125,437.02001953125,30902
2025-12-11 14:25:00+05:30,437.1000061035156,437.6799926757813,437.0,437.3799743652344,85702
2025-12-11 14:30:00+05:30,437.3600158691406,437.46002197265625,436.7999877929688,437.1000061035156,50518
2025-12-11 14:35:00+05:30,437.1200256347656,437.53997802734375,437.1000061035156,437.3399963378906,50992
2025-12-11 14:40:00+05:30,437.2999877929688,437.46002197265625,437.0,437.0,49914
2025-12-11 14:45:00+05:30,437.0799865722656,437.3200073242188,436.3999938964844,436.4400024414063,94960
2025-12-11 14:50:00+05:30,436.4400024414063,436.8399963378906,436.239990234375,436.3200073242188,82393
2025-12-11 14:55:00+05:30,436.3200073242188,436.53997802734375,436.02001953125,436.02001953125,60138
2025-12-11 15:00:00+05:30,436.0799865722656,436.8600158691406,436.0,436.6000061035156,90054
2025-12-11 15:05:00+05:30,436.6799926757813,437.0799865722656,436.6000061035156,436.96002197265625,112760
2025-12-11 15:10:00+05:30,436.96002197265625,437.0799865722656,436.3200073242188,436.4400024414063,87089
2025-12-11 15:15:00+05:30,436.46002197265625,436.7000122070313,435.96002197265625,436.1200256347656,120320
2025-12-11 15:20:00+05:30,436.2000122070313,436.2000122070313,435.1399841308594,435.2000122070313,76095
2025-12-11 15:25:00+05:30,435.2000122070313,436.03997802734375,434.6000061035156,436.03997802734375,138378
2025-12-12 09:20:00+05:30,436.05999755859375,437.4200134277344,435.760009765625,436.760009765625,36765
2025-12-12 09:25:00+05:30,436.739990234375,437.1200256347656,436.4400024414063,436.7799682617188,132780
2025-12-12 09:30:00+05:30,436.760009765625,439.239990234375,436.760009765625,438.9200134277344,44535
2025-12-12 09:35:00+05:30,438.9400024414063,440.2000122070313,438.9400024414063,439.6200256347656,110887
2025-12-12 09:40:00+05:30,439.6399841308594,439.96002197265625,439.6000061035156,439.8799743652344,106410
2025-12-12 09:45:00+05:30,439.8799743652344,440.2000122070313,439.53997802734375,439.7999877929688,20417
2025-12-12 09:50:00+05:30,439.7999877929688,439.9400024414063,439.53997802734375,439.6799926757813,26634
2025-12-12 09:55:00+05:30,439.739990234375,440.0,439.52001953125,439.97998046875,43683
2025-12-12 10:00:00+05:30,439.97998046875,440.1000061035156,439.5,439.5799865722656,58519
2025-12-12 10:05:00+05:30,439.55999755859375,439.7000122070313,439.3600158691406,439.46002197265625,66798
2025-12-12 10:10:00+05:30,439.4400024414063,439.46002197265625,438.6600036621094,439.3799743652344,35450
2025-12-12 10:15:00+05:30,439.3399963378906,439.3600158691406,438.7999877929688,438.97998046875,20626
2025-12-12 10:20:00+05:30,439.0,439.0,438.03997802734375,438.1200256347656,46952
2025-12-12 10:25:00+05:30,438.0799865722656,438.55999755859375,437.9200134277344,438.2200317382813,29210
2025-12-12 10:30:00+05:30,438.2200317382813,438.2799682617188,438.02001953125,438.1200256347656,15048
2025-12-12 10:35:00+05:30,438.1200256347656,438.260009765625,438.0,438.1200256347656,19184
2025-12-12 10:40:00+05:30,438.1000061035156,438.5799865722656,438.02001953125,438.5799865722656,14588
2025-12-12 10:45:00+05:30,438.5799865722656,438.8600158691406,438.02001953125,438.05999755859375,19500
2025-12-12 10:50:00+05:30,438.1200256347656,438.53997802734375,438.05999755859375,438.46002197265625,12537
2025-12-12 10:55:00+05:30,438.5,438.7000122070313,438.02001953125,438.1399841308594,14128
2025-12-12 11:00:00+05:30,438.1600036621094,438.3399963378906,437.6200256347656,437.7000122070313,26169
2025-12-12 11:05:00+05:30,437.7000122070313,437.7000122070313,437.1200256347656,437.260009765625,21930
2025-12-12 11:10:00+05:30,437.3399963378906,437.55999755859375,437.2000122070313,437.2999877929688,15028
2025-12-12 11:15:00+05:30,437.2999877929688,437.2999877929688,437.1399841308594,437.2799682617188,13906
2025-12-12 11:20:00+05:30,437.2799682617188,437.55999755859375,437.1600036621094,437.260009765625,15191
2025-12-12 11:25:00+05:30,437.260009765625,437.260009765625,436.6000061035156,436.7999877929688,27235
2025-12-12 11:30:00+05:30,436.8200073242188,437.0,436.8200073242188,436.96002197265625,18681
2025-12-12 11:35:00+05:30,436.96002197265625,437.0,436.7000122070313,436.760009765625,37642
2025-12-12 11:40:00+05:30,436.739990234375,436.7799682617188,436.6000061035156,436.6000061035156,12711
2025-12-12 11:45:00+05:30,436.739990234375,437.0,436.02001953125,436.1799926757813,84357
2025-12-12 11:50:00+05:30,436.2000122070313,436.4400024414063,435.760009765625,436.2000122070313,49966
2025-12-12 11:55:00+05:30,436.2000122070313,436.53997802734375,436.1200256347656,436.4400024414063,17614
2025-12-12 12:00:00+05:30,436.4400024414063,436.6799926757813,436.239990234375,436.3600158691406,13334
2025-12-12 12:05:00+05:30,436.3600158691406,436.3999938964844,436.1200256347656,436.3600158691406,20695
2025-12-12 12:10:00+05:30,436.3600158691406,436.3600158691406,435.8200073242188,436.3399963378906,9618
2025-12-12 12:15:00+05:30,436.3399963378906,436.7999877929688,435.96002197265625,436.2000122070313,28145
2025-12-12 12:20:00+05:30,436.2000122070313,436.2200317382813,436.03997802734375,436.2000122070313,10709
2025-12-12 12:25:00+05:30,436.1799926757813,436.239990234375,435.6799926757813,435.7999877929688,14407
2025-12-12 12:30:00+05:30,435.7999877929688,436.239990234375,435.6399841308594,435.760009765625,55098
2025-12-12 12:35:00+05:30,435.8600158691406,436.0,435.6399841308594,435.8999938964844,23159
2025-12-12 12:40:00+05:30,435.8999938964844,436.3799743652344,435.260009765625,436.05999755859375,88678
2025-12-12 12:45:00+05:30,436.02001953125,436.2799682617188,435.5,435.6000061035156,59036
2025-12-12 12:50:00+05:30,435.6000061035156,436.1799926757813,435.5799865722656,435.97998046875,30429
2025-12-12 12:55:00+05:30,435.97998046875,436.239990234375,435.7200317382813,436.0,68495
2025-12-12 13:00:00+05:30,436.0,436.1600036621094,435.7999877929688,436.03997802734375,22289
2025-12-12 13:05:00+05:30,436.03997802734375,436.3600158691406,435.6600036621094,435.739990234375,23436
2025-12-12 13:10:00+05:30,435.739990234375,436.02001953125,435.3999938964844,435.97998046875,78166
2025-12-12 13:15:00+05:30,435.97998046875,436.03997802734375,435.6000061035156,435.7000122070313,20264
2025-12-12 13:20:00+05:30,435.7000122070313,436.02001953125,435.5,436.0,39501
2025-12-12 13:25:00+05:30,436.0,436.2200317382813,435.8399963378906,436.0,26873
2025-12-12 13:30:00+05:30,436.0,436.3600158691406,435.8200073242188,436.0,53384
2025-12-12 13:35:00+05:30,436.0,436.3999938964844,435.8799743652344,436.0799865722656,20111
2025-12-12 13:40:00+05:30,436.0799865722656,436.1399841308594,435.96002197265625,436.0,12626
2025-12-12 13:45:00+05:30,436.0,436.2000122070313,435.8799743652344,436.1799926757813,23310
2025-12-12 13:50:00+05:30,436.1799926757813,436.6399841308594,436.1200256347656,436.6200256347656,18135
2025-12-12 13:55:00+05:30,436.6399841308594,436.7000122070313,436.47998046875,436.5799865722656,9956
2025-12-12 14:00:00+05:30,436.5799865722656,436.97998046875,436.3999938964844,436.97998046875,18862
2025-12-12 14:05:00+05:30,437.0,437.0,436.6399841308594,436.9400024414063,38196
2025-12-12 14:10:00+05:30,436.9400024414063,436.97998046875,436.53997802734375,436.6399841308594,15836
2025-12-12 14:15:00+05:30,436.6399841308594,436.7000122070313,436.1799926757813,436.260009765625,76200
2025-12-12 14:20:00+05:30,436.260009765625,436.2799682617188,436.1200256347656,436.2000122070313,19334
2025-12-12 14:25:00+05:30,436.2200317382813,436.239990234375,436.05999755859375,436.2200317382813,26337
2025-12-12 14:30:00+05:30,436.2200317382813,436.47998046875,436.1600036621094,436.3799743652344,28350
2025-12-12 14:35:00+05:30,436.3600158691406,436.4400024414063,436.2000122070313,436.260009765625,27367
2025-12-12 14:40:00+05:30,436.260009765625,436.260009765625,436.0,436.2000122070313,52733
2025-12-12 14:45:00+05:30,436.2200317382813,436.2200317382813,435.6399841308594,435.8999938964844,29268
2025-12-12 14:50:00+05:30,435.8999938964844,435.8999938964844,435.7000122070313,435.7999877929688,14076
2025-12-12 14:55:00+05:30,435.7999877929688,435.7999877929688,435.46002197265625,435.46002197265625,17590
2025-12-12 15:00:00+05:30,435.6000061035156,435.6600036621094,435.2200317382813,435.3799743652344,40230
2025-12-12 15:05:00+05:30,435.3399963378906,435.8999938964844,435.3399963378906,435.3999938964844,46502
2025-12-12 15:10:00+05:30,435.47998046875,435.6600036621094,435.46002197265625,435.6600036621094,45664
2025-12-12 15:15:00+05:30,435.6600036621094,435.6600036621094,435.3399963378906,435.3999938964844,70157
2025-12-12 15:20:00+05:30,435.3799743652344,435.3799743652344,434.9400024414063,435.0,139203
2025-12-12 15:25:00+05:30,435.0,435.8999938964844,434.97998046875,435.3200073242188,74703
2025-12-15 09:20:00+05:30,433.02001953125,433.02001953125,432.2799682617188,432.53997802734375,38922
2025-12-15 09:25:00+05:30,432.55999755859375,432.739990234375,431.8399963378906,431.8600158691406,22507
2025-12-15 09:30:00+05:30,431.7799682617188,432.1600036621094,431.2999877929688,431.9200134277344,25639
2025-12-15 09:35:00+05:30,431.7999877929688,432.2000122070313,431.6200256347656,432.1799926757813,13167
2025-12-15 09:40:00+05:30,432.1600036621094,432.6799926757813,432.0,432.3600158691406,13874
2025-12-15 09:45:00+05:30,432.3600158691406,433.96002197265625,432.2200317382813,433.9200134277344,26862
2025-12-15 09:50:00+05:30,433.8600158691406,434.0,433.3600158691406,433.3600158691406,15491
2025-12-15 09:55:00+05:30,433.4200134277344,433.5,432.8600158691406,432.8999938964844,9153
2025-12-15 10:00:00+05:30,432.8999938964844,433.0799865722656,432.6399841308594,432.6399841308594,11247
2025-12-15 10:05:00+05:30,432.760009765625,432.7999877929688,432.0799865722656,432.1000061035156,19783
2025-12-15 10:10:00+05:30,432.0799865722656,432.1000061035156,432.02001953125,432.1000061035156,59643
2025-12-15 10:15:00+05:30,432.1000061035156,432.3799743652344,432.0,432.3799743652344,26709
2025-12-15 10:20:00+05:30,432.260009765625,432.3999938964844,432.1000061035156,432.1799926757813,11992
2025-12-15 10:25:00+05:30,432.1799926757813,432.1799926757813,432.02001953125,432.1000061035156,22239
2025-12-15 10:30:00+05:30,432.1000061035156,432.1200256347656,432.03997802734375,432.0799865722656,13129
2025-12-15 10:35:00+05:30,432.0799865722656,432.3799743652344,432.0799865722656,432.3200073242188,12258
2025-12-15 10:40:00+05:30,432.3399963378906,433.0,432.3200073242188,432.6799926757813,14319
2025-12-15 10:45:00+05:30,432.7999877929688,432.8200073242188,432.47998046875,432.7799682617188,11283
2025-12-15 10:50:00+05:30,432.7799682617188,432.9400024414063,432.5799865722656,432.6600036621094,12597
2025-12-15 10:55:00+05:30,432.6600036621094,432.760009765625,432.52001953125,432.7000122070313,9594
2025-12-15 11:00:00+05:30,432.7200317382813,432.7200317382813,432.5,432.7000122070313,10471
2025-12-15 11:05:00+05:30,432.7000122070313,432.7000122070313,432.6200256347656,432.6799926757813,12969
2025-12-15 11:10:00+05:30,432.7000122070313,432.7000122070313,432.6799926757813,432.7000122070313,15458
2025-12-15 11:15:00+05:30,432.6799926757813,432.760009765625,432.6799926757813,432.6799926757813,33507
2025-12-15 11:20:00+05:30,432.7000122070313,432.7000122070313,432.2000122070313,432.7000122070313,12021
2025-12-15 11:25:00+05:30,432.7000122070313,432.8999938964844,432.3399963378906,432.8999938964844,14132
2025-12-15 11:30:00+05:30,432.8999938964844,432.8999938964844,432.3999938964844,432.46002197265625,12711
2025-12-15 11:35:00+05:30,432.46002197265625,432.739990234375,432.2799682617188,432.2799682617188,9801
2025-12-15 11:40:00+05:30,432.2799682617188,432.52001953125,432.1799926757813,432.3200073242188,10695
2025-12-15 11:45:00+05:30,432.3399963378906,432.9400024414063,432.2999877929688,432.8999938964844,17344
2025-12-15 11:50:00+05:30,432.8999938964844,433.0,432.8399963378906,432.8999938964844,49841
2025-12-15 11:55:00+05:30,432.8999938964844,433.0,432.8600158691406,432.8999938964844,74655
2025-12-15 12:00:00+05:30,432.8999938964844,434.2200317382813,432.8799743652344,433.8999938964844,124246
2025-12-15 12:05:00+05:30,433.97998046875,434.3999938964844,433.96002197265625,434.2000122070313,18807
2025-12-15 12:10:00+05:30,434.2000122070313,434.3799743652344,434.1399841308594,434.3399963378906,13016
2025-12-15 12:15:00+05:30,434.3200073242188,434.4200134277344,434.0799865722656,434.3399963378906,24479
2025-12-15 12:20:00+05:30,434.3399963378906,434.4200134277344,434.1799926757813,434.2999877929688,15896
2025-12-15 12:25:00+05:30,434.2799682617188,434.2999877929688,434.1799926757813,434.260009765625,9777
2025-12-15 12:30:00+05:30,434.2000122070313,434.53997802734375,434.1399841308594,434.3399963378906,10618
2025-12-15 12:35:00+05:30,434.3799743652344,434.4400024414063,434.239990234375,434.2999877929688,10345
2025-12-15 12:40:00+05:30,434.2799682617188,434.5,434.1000061035156,434.2200317382813,30464
2025-12-15 12:45:00+05:30,434.2200317382813,434.3799743652344,434.1399841308594,434.260009765625,19502
2025-12-15 12:50:00+05:30,434.239990234375,434.6200256347656,434.1600036621094,434.3999938964844,17220
2025-12-15 12:55:00+05:30,434.46002197265625,434.96002197265625,434.3399963378906,434.8799743652344,14200
2025-12-15 13:00:00+05:30,434.8799743652344,435.239990234375,434.4200134277344,435.1600036621094,38169
2025-12-15 13:05:00+05:30,435.1600036621094,435.52001953125,435.03997802734375,435.260009765625,19789
2025-12-15 13:10:00+05:30,435.260009765625,435.3200073242188,435.1399841308594,435.3200073242188,26278
2025-12-15 13:15:00+05:30,435.3200073242188,435.3200073242188,435.1399841308594,435.3200073242188,19189
2025-12-15 13:20:00+05:30,435.3200073242188,435.3799743652344,435.03997802734375,435.1600036621094,17918
2025-12-15 13:25:00+05:30,435.2000122070313,435.3799743652344,435.05999755859375,435.2799682617188,14712
2025-12-15 13:30:00+05:30,435.2999877929688,435.4200134277344,435.1399841308594,435.2799682617188,15888
2025-12-15 13:35:00+05:30,435.2999877929688,435.3799743652344,435.02001953125,435.05999755859375,87166
2025-12-15 13:40:00+05:30,435.1799926757813,435.4200134277344,434.97998046875,435.2000122070313,106233
2025-12-15 13:45:00+05:30,435.1000061035156,435.2999877929688,435.0799865722656,435.239990234375,15512
2025-12-15 13:50:00+05:30,435.260009765625,435.7000122070313,435.1399841308594,435.3799743652344,18552
2025-12-15 13:55:00+05:30,435.5,435.5,435.0,435.05999755859375,15520
2025-12-15 14:00:00+05:30,435.05999755859375,435.2200317382813,435.0,435.1200256347656,9564
2025-12-15 14:05:00+05:30,435.1200256347656,435.46002197265625,435.1000061035156,435.1399841308594,35644
2025-12-15 14:10:00+05:30,435.1399841308594,435.3200073242188,435.05999755859375,435.2200317382813,73344
2025-12-15 14:15:00+05:30,435.2000122070313,435.3799743652344,435.1799926757813,435.3799743652344,14501
2025-12-15 14:20:00+05:30,435.3799743652344,435.3799743652344,435.05999755859375,435.260009765625,20055
2025-12-15 14:25:00+05:30,435.260009765625,435.4200134277344,435.1600036621094,435.239990234375,33008
2025-12-15 14:30:00+05:30,435.239990234375,435.739990234375,435.1600036621094,435.1799926757813,70417
2025-12-15 14:35:00+05:30,435.1799926757813,435.53997802734375,435.1200256347656,435.4200134277344,149718
2025-12-15 14:40:00+05:30,435.6000061035156,436.2000122070313,435.2200317382813,436.1799926757813,46163
2025-12-15 14:45:00+05:30,436.1799926757813,436.3600158691406,435.7000122070313,436.0799865722656,88535
2025-12-15 14:50:00+05:30,436.0799865722656,436.3999938964844,436.0,436.1399841308594,50383
2025-12-15 14:55:00+05:30,436.1399841308594,436.2200317382813,435.96002197265625,436.1399841308594,33709
2025-12-15 15:00:00+05:30,436.1200256347656,436.3999938964844,435.97998046875,436.3399963378906,69929
2025-12-15 15:05:00+05:30,436.2799682617188,437.1200256347656,436.0,436.6399841308594,135551
2025-12-15 15:10:00+05:30,436.7000122070313,436.7000122070313,435.97998046875,436.47998046875,87109
2025-12-15 15:15:00+05:30,436.3200073242188,436.8200073242188,436.1799926757813,436.3399963378906,86017
2025-12-15 15:20:00+05:30,436.3200073242188,436.6799926757813,435.9400024414063,436.6399841308594,222501
2025-12-15 15:25:00+05:30,436.6000061035156,436.760009765625,436.3999938964844,436.3999938964844,39496
2025-12-16 09:20:00+05:30,436.46002197265625,436.5799865722656,434.82000732421875,434.8399963378906,33825
2025-12-16 09:25:00+05:30,434.8600158691406,435.6200256347656,434.67999267578125,435.3999938964844,45685
2025-12-16 09:30:00+05:30,435.260009765625,435.52001953125,434.29998779296875,435.1600036621094,37279
2025-12-16 09:35:00+05:30,435.02001953125,435.8399963378906,434.8999938964844,435.52001953125,28723
2025-12-16 09:40:00+05:30,435.52001953125,436.3399963378906,435.3999938964844,435.8399963378906,15384
2025-12-16 09:45:00+05:30,435.8399963378906,436.1000061035156,435.239990234375,435.47998046875,12921
2025-12-16 09:50:00+05:30,435.3999938964844,435.47998046875,435.1399841308594,435.22003173828125,11825
2025-12-16 09:55:00+05:30,435.1600036621094,435.32000732421875,434.44000244140625,435.0799865722656,16813
2025-12-16 10:00:00+05:30,435.02001953125,435.1200256347656,434.67999267578125,435.03997802734375,8175
2025-12-16 10:05:00+05:30,435.03997802734375,435.32000732421875,434.77996826171875,435.32000732421875,7543
2025-12-16 10:10:00+05:30,435.29998779296875,436.20001220703125,435.1000061035156,436.1000061035156,9369
2025-12-16 10:15:00+05:30,436.1600036621094,436.1600036621094,435.3399963378906,435.3399963378906,11687
2025-12-16 10:20:00+05:30,435.44000244140625,436.20001220703125,435.3600158691406,436.0,14214
2025-12-16 10:25:00+05:30,435.97998046875,436.20001220703125,435.67999267578125,435.97998046875,13029
2025-12-16 10:30:00+05:30,435.97998046875,436.17999267578125,435.47998046875,435.79998779296875,12253
2025-12-16 10:35:00+05:30,435.67999267578125,436.4200134277344,435.44000244140625,436.02001953125,15055
2025-12-16 10:40:00+05:30,436.0,436.02001953125,435.3999938964844,435.67999267578125,7634
2025-12-16 10:45:00+05:30,435.6200256347656,435.77996826171875,435.44000244140625,435.739990234375,8595
2025-12-16 10:50:00+05:30,435.739990234375,436.1600036621094,435.6200256347656,435.97998046875,10003
2025-12-16 10:55:00+05:30,435.97998046875,435.97998046875,435.67999267578125,435.760009765625,5683
2025-12-16 11:00:00+05:30,435.760009765625,436.1000061035156,435.6200256347656,436.0,14187
2025-12-16 11:05:00+05:30,436.0,436.0,435.739990234375,436.0,7070
2025-12-16 11:10:00+05:30,436.0,436.3999938964844,435.8399963378906,436.260009765625,9302
2025-12-16 11:15:00+05:30,436.22003173828125,437.3399963378906,435.82000732421875,437.20001220703125,29394
2025-12-16 11:20:00+05:30,437.20001220703125,437.3999938964844,436.79998779296875,437.3600158691406,13170
2025-12-16 11:25:00+05:30,437.260009765625,437.8999938964844,437.239990234375,437.6000061035156,14417
2025-12-16 11:30:00+05:30,437.55999755859375,438.0,437.3999938964844,437.70001220703125,19821
2025-12-16 11:35:00+05:30,437.70001220703125,437.70001220703125,437.03997802734375,437.4200134277344,13237
2025-12-16 11:40:00+05:30,437.3799743652344,437.55999755859375,437.0,437.239990234375,12726
2025-12-16 11:45:00+05:30,437.239990234375,437.5,436.94000244140625,437.3600158691406,19557
2025-12-16 11:50:00+05:30,437.3399963378906,437.70001220703125,437.239990234375,437.70001220703125,11807
2025-12-16 11:55:00+05:30,437.67999267578125,437.8600158691406,437.3799743652344,437.6200256347656,11044
2025-12-16 12:00:00+05:30,437.79998779296875,438.0,437.5,437.8600158691406,11358
2025-12-16 12:05:00+05:30,438.0,438.0,437.6000061035156,437.6399841308594,12683
2025-12-16 12:10:00+05:30,437.79998779296875,437.97998046875,437.6000061035156,437.94000244140625,13369
2025-12-16 12:15:00+05:30,437.94000244140625,438.6200256347656,437.79998779296875,438.6200256347656,18808
2025-12-16 12:20:00+05:30,438.6000061035156,438.79998779296875,438.0799865722656,438.1600036621094,15927
2025-12-16 12:25:00+05:30,438.32000732421875,438.77996826171875,438.1600036621094,438.6000061035156,23566
2025-12-16 12:30:00+05:30,438.17999267578125,438.3600158691406,437.20001220703125,437.3999938964844,20091
2025-12-16 12:35:00+05:30,437.27996826171875,437.44000244140625,437.239990234375,437.3399963378906,5720
2025-12-16 12:40:00+05:30,437.3399963378906,437.3399963378906,436.82000732421875,437.03997802734375,8192
2025-12-16 12:45:00+05:30,436.8399963378906,437.0799865722656,436.44000244140625,436.53997802734375,10719
2025-12-16 12:50:00+05:30,436.47998046875,436.72003173828125,436.3799743652344,436.44000244140625,12413
2025-12-16 12:55:00+05:30,436.44000244140625,436.72003173828125,436.260009765625,436.260009765625,8105
2025-12-16 13:00:00+05:30,436.3799743652344,436.3799743652344,435.8600158691406,436.0,8681
2025-12-16 13:05:00+05:30,435.94000244140625,436.8600158691406,435.8600158691406,436.6399841308594,26220
2025-12-16 13:10:00+05:30,436.5,436.6399841308594,436.20001220703125,436.3799743652344,10944
2025-12-16 13:15:00+05:30,436.3600158691406,436.3999938964844,436.05999755859375,436.239990234375,7073
2025-12-16 13:20:00+05:30,436.239990234375,436.3999938964844,436.22003173828125,436.3999938964844,7717
2025-12-16 13:25:00+05:30,436.3999938964844,436.739990234375,436.239990234375,436.3399963378906,14729
2025-12-16 13:30:00+05:30,436.239990234375,436.44000244140625,436.239990234375,436.3999938964844,8135
2025-12-16 13:35:00+05:30,436.3799743652344,436.3999938964844,436.239990234375,436.3999938964844,10600
2025-12-16 13:40:00+05:30,436.29998779296875,437.44000244140625,436.29998779296875,437.3799743652344,220603
2025-12-16 13:45:00+05:30,437.3600158691406,437.70001220703125,437.02001953125,437.46002197265625,15498
2025-12-16 13:50:00+05:30,437.44000244140625,437.47998046875,436.82000732421875,436.96002197265625,8464
2025-12-16 13:55:00+05:30,436.8399963378906,437.02001953125,436.1399841308594,436.1600036621094,28312
2025-12-16 14:00:00+05:30,436.1600036621094,436.44000244140625,436.02001953125,436.22003173828125,19886
2025-12-16 14:05:00+05:30,436.22003173828125,436.52001953125,435.9200134277344,436.3600158691406,19056
2025-12-16 14:10:00+05:30,436.3399963378906,436.55999755859375,436.239990234375,436.3799743652344,17480
2025-12-16 14:15:00+05:30,436.260009765625,436.77996826171875,436.239990234375,436.239990234375,23275
2025-12-16 14:20:00+05:30,436.1000061035156,436.8999938964844,436.1000061035156,436.67999267578125,71679
2025-12-16 14:25:00+05:30,436.6600036621094,437.0,436.53997802734375,437.0,24086
2025-12-16 14:30:00+05:30,437.0,437.0799865722656,436.6600036621094,436.94000244140625,20775
2025-12-16 14:35:00+05:30,436.94000244140625,437.20001220703125,436.72003173828125,436.72003173828125,15836
2025-12-16 14:40:00+05:30,436.8999938964844,437.0,436.6200256347656,436.70001220703125,13657
2025-12-16 14:45:00+05:30,436.72003173828125,437.1000061035156,436.67999267578125,436.70001220703125,23964
2025-12-16 14:50:00+05:30,436.67999267578125,436.8600158691406,436.4200134277344,436.79998779296875,35286
2025-12-16 14:55:00+05:30,436.760009765625,436.79998779296875,436.1399841308594,436.3600158691406,40072
2025-12-16 15:00:00+05:30,436.3799743652344,436.6000061035156,436.03997802734375,436.22003173828125,38313
2025-12-16 15:05:00+05:30,436.22003173828125,436.739990234375,435.8600158691406,436.6600036621094,66387
2025-12-16 15:10:00+05:30,436.6600036621094,436.79998779296875,436.32000732421875,436.5,54051
2025-12-16 15:15:00+05:30,436.46002197265625,436.5,436.29998779296875,436.3799743652344,37957
2025-12-16 15:20:00+05:30,436.3799743652344,436.760009765625,436.3399963378906,436.47998046875,39579
2025-12-16 15:25:00+05:30,436.6399841308594,437.3999938964844,436.0,436.47998046875,49784
2025-12-17 09:20:00+05:30,436.46002197265625,437.6000061035156,436.46002197265625,437.29998779296875,29200
2025-12-17 09:25:00+05:30,437.29998779296875,437.29998779296875,435.53997802734375,435.53997802734375,20376
2025-12-17 09:30:00+05:30,435.8600158691406,436.02001953125,435.22003173828125,436.02001953125,14552
2025-12-17 09:35:00+05:30,436.0,436.760009765625,435.8999938964844,435.8999938964844,17787
2025-12-17 09:40:00+05:30,435.8999938964844,436.5,435.3799743652344,435.53997802734375,15680
2025-12-17 09:45:00+05:30,435.5799865722656,435.760009765625,435.1200256347656,435.20001220703125,13756
2025-12-17 09:50:00+05:30,435.1399841308594,436.02001953125,435.1399841308594,435.8999938964844,12213
2025-12-17 09:55:00+05:30,435.8999938964844,436.1200256347656,435.3799743652344,435.82000732421875,15557
2025-12-17 10:00:00+05:30,435.72003173828125,436.29998779296875,435.55999755859375,435.55999755859375,13669
2025-12-17 10:05:00+05:30,435.55999755859375,436.02001953125,435.260009765625,435.72003173828125,9892
2025-12-17 10:10:00+05:30,435.70001220703125,435.8799743652344,435.46002197265625,435.8399963378906,9119
2025-12-17 10:15:00+05:30,435.739990234375,436.0799865722656,435.3999938964844,435.8999938964844,11596
2025-12-17 10:20:00+05:30,435.8600158691406,435.8999938964844,435.239990234375,435.239990234375,9943
2025-12-17 10:25:00+05:30,435.20001220703125,435.46002197265625,435.0,435.1600036621094,11892
2025-12-17 10:30:00+05:30,435.1600036621094,435.6000061035156,434.8600158691406,435.5,10556
2025-12-17 10:35:00+05:30,435.4200134277344,435.70001220703125,435.260009765625,435.32000732421875,9577
2025-12-17 10:40:00+05:30,435.3799743652344,435.53997802734375,435.0799865722656,435.1600036621094,9566
2025-12-17 10:45:00+05:30,435.239990234375,435.47998046875,435.239990234375,435.4200134277344,7043
2025-12-17 10:50:00+05:30,435.3399963378906,435.6200256347656,435.20001220703125,435.239990234375,11541
2025-12-17 10:55:00+05:30,435.29998779296875,435.3999938964844,434.8399963378906,435.1000061035156,31324
2025-12-17 11:00:00+05:30,435.1000061035156,435.3999938964844,434.82000732421875,435.3999938964844,16271
2025-12-17 11:05:00+05:30,435.3799743652344,435.3799743652344,434.8999938964844,435.1200256347656,10786
2025-12-17 11:10:00+05:30,435.17999267578125,435.20001220703125,435.02001953125,435.1399841308594,5795
2025-12-17 11:15:00+05:30,435.17999267578125,435.72003173828125,435.17999267578125,435.3600158691406,13825
2025-12-17 11:20:00+05:30,435.46002197265625,435.46002197265625,434.8999938964844,435.1000061035156,7701
2025-12-17 11:25:00+05:30,435.1000061035156,435.27996826171875,434.4200134277344,434.6600036621094,11869
2025-12-17 11:30:00+05:30,434.6600036621094,435.1600036621094,434.3399963378906,435.0799865722656,15247
2025-12-17 11:35:00+05:30,435.0799865722656,435.1200256347656,434.9200134277344,435.0,6588
2025-12-17 11:40:00+05:30,435.0,435.6000061035156,434.97998046875,435.4200134277344,110474
2025-12-17 11:45:00+05:30,435.44000244140625,435.760009765625,435.239990234375,435.5799865722656,11870
2025-12-17 11:50:00+05:30,435.5799865722656,435.6000061035156,435.02001953125,435.05999755859375,12348
2025-12-17 11:55:00+05:30,435.05999755859375,435.1600036621094,434.3399963378906,434.3999938964844,12973
2025-12-17 12:00:00+05:30,434.46002197265625,434.47998046875,433.70001220703125,433.77996826171875,19757
2025-12-17 12:05:00+05:30,433.77996826171875,433.94000244140625,433.6200256347656,433.739990234375,14749
2025-12-17 12:10:00+05:30,433.72003173828125,434.05999755859375,433.6399841308594,433.77996826171875,13456
2025-12-17 12:15:00+05:30,433.8399963378906,434.02001953125,433.6600036621094,433.8399963378906,17037
2025-12-17 12:20:00+05:30,433.8399963378906,434.0,433.44000244140625,433.44000244140625,16950
2025-12-17 12:25:00+05:30,433.52001953125,433.6399841308594,433.22003173828125,433.5,18190
2025-12-17 12:30:00+05:30,433.5,433.77996826171875,433.3600158691406,433.6000061035156,18792
2025-12-17 12:35:00+05:30,433.6200256347656,433.77996826171875,433.46002197265625,433.5799865722656,17459
2025-12-17 12:40:00+05:30,433.5799865722656,434.1200256347656,433.55999755859375,434.02001953125,18787
2025-12-17 12:45:00+05:30,434.02001953125,434.3999938964844,433.97998046875,434.0799865722656,17101
2025-12-17 12:50:00+05:30,434.1000061035156,434.22003173828125,433.70001220703125,433.70001220703125,14381
2025-12-17 12:55:00+05:30,433.70001220703125,433.760009765625,433.22003173828125,433.53997802734375,17653
2025-12-17 13:00:00+05:30,433.53997802734375,433.6200256347656,433.260009765625,433.47998046875,12149
2025-12-17 13:05:00+05:30,433.52001953125,433.739990234375,433.02001953125,433.02001953125,12938
2025-12-17 13:10:00+05:30,433.03997802734375,433.3600158691406,432.94000244140625,433.1000061035156,21849
2025-12-17 13:15:00+05:30,433.1000061035156,433.3999938964844,432.72003173828125,433.17999267578125,24752
2025-12-17 13:20:00+05:30,433.20001220703125,433.32000732421875,433.02001953125,433.1399841308594,13592
2025-12-17 13:25:00+05:30,433.239990234375,433.52001953125,433.02001953125,433.239990234375,15023
2025-12-17 13:30:00+05:30,433.239990234375,433.47998046875,433.1600036621094,433.22003173828125,14957
2025-12-17 13:35:00+05:30,433.22003173828125,433.47998046875,433.1200256347656,433.239990234375,17681
2025-12-17 13:40:00+05:30,433.260009765625,433.3999938964844,432.96002197265625,433.1000061035156,13378
2025-12-17 13:45:00+05:30,433.1000061035156,433.22003173828125,432.82000732421875,432.9200134277344,18249
2025-12-17 13:50:00+05:30,432.9200134277344,433.27996826171875,432.9200134277344,433.1000061035156,11543
2025-12-17 13:55:00+05:30,433.1000061035156,433.239990234375,432.79998779296875,433.1200256347656,13516
2025-12-17 14:00:00+05:30,433.1200256347656,433.8600158691406,433.0799865722656,433.6000061035156,33178
2025-12-17 14:05:00+05:30,433.6399841308594,433.70001220703125,433.3799743652344,433.5,8188
2025-12-17 14:10:00+05:30,433.4200134277344,433.6399841308594,433.4200134277344,433.55999755859375,6464
2025-12-17 14:15:00+05:30,433.5799865722656,434.3600158691406,433.5,434.20001220703125,54049
2025-12-17 14:20:00+05:30,434.20001220703125,434.29998779296875,433.6600036621094,434.03997802734375,39532
2025-12-17 14:25:00+05:30,434.03997802734375,434.03997802734375,433.6600036621094,433.8600158691406,14471
2025-12-17 14:30:00+05:30,433.8600158691406,434.1600036621094,433.52001953125,434.03997802734375,12531
2025-12-17 14:35:00+05:30,434.0799865722656,434.17999267578125,433.6399841308594,433.8799743652344,44701
2025-12-17 14:40:00+05:30,433.96002197265625,434.32000732421875,433.77996826171875,434.1000061035156,22712
2025-12-17 14:45:00+05:30,433.96002197265625,434.6000061035156,433.96002197265625,434.53997802734375,21466
2025-12-17 14:50:00+05:30,434.5799865722656,435.02001953125,434.3999938964844,434.77996826171875,32570
2025-12-17 14:55:00+05:30,434.77996826171875,434.77996826171875,434.3999938964844,434.6200256347656,20814
2025-12-17 15:00:00+05:30,434.79998779296875,434.79998779296875,434.3600158691406,434.4200134277344,61322
2025-12-17 15:05:00+05:30,434.44000244140625,434.6000061035156,434.44000244140625,434.6000061035156,36661
2025-12-17 15:10:00+05:30,434.6200256347656,434.8799743652344,434.6000061035156,434.8799743652344,44276
2025-12-17 15:15:00+05:30,434.8799743652344,434.8999938964844,434.20001220703125,434.6200256347656,55069
2025-12-17 15:20:00+05:30,434.6399841308594,434.70001220703125,434.52001953125,434.70001220703125,53264
2025-12-18 09:15:00+05:30,432.6000061035156,432.8799743652344,432.29998779296875,432.79998779296875,51727
2025-12-18 09:20:00+05:30,432.79998779296875,433.72003173828125,432.72003173828125,433.47998046875,14010
2025-12-18 09:25:00+05:30,433.47998046875,433.8399963378906,432.82000732421875,432.82000732421875,18078
2025-12-18 09:30:00+05:30,432.72003173828125,433.02001953125,432.55999755859375,432.72003173828125,5678
2025-12-18 09:35:00+05:30,432.739990234375,433.8600158691406,432.4200134277344,433.6600036621094,4525
2025-12-18 09:40:00+05:30,433.6600036621094,433.67999267578125,433.1200256347656,433.17999267578125,3744
2025-12-18 09:45:00+05:30,433.17999267578125,433.5,432.82000732421875,433.0,3985
2025-12-18 09:50:00+05:30,432.9200134277344,433.47998046875,432.739990234375,433.260009765625,6699
2025-12-18 09:55:00+05:30,433.32000732421875,433.5799865722656,433.20001220703125,433.53997802734375,2439
2025-12-18 10:00:00+05:30,433.53997802734375,433.53997802734375,432.96002197265625,433.3399963378906,4573
2025-12-18 10:05:00+05:30,433.3399963378906,434.260009765625,433.32000732421875,434.260009765625,9893
2025-12-18 10:10:00+05:30,434.17999267578125,434.79998779296875,434.0,434.5,19255
2025-12-18 10:15:00+05:30,434.46002197265625,435.70001220703125,434.3999938964844,435.70001220703125,9122
2025-12-18 10:20:00+05:30,435.70001220703125,435.77996826171875,434.8999938964844,435.03997802734375,3857
2025-12-18 10:25:00+05:30,435.03997802734375,435.32000732421875,434.82000732421875,435.1399841308594,3738
2025-12-18 10:30:00+05:30,434.94000244140625,435.52001953125,434.94000244140625,435.3999938964844,3028
2025-12-18 10:35:00+05:30,435.3999938964844,435.5,434.94000244140625,435.03997802734375,3363
2025-12-18 10:40:00+05:30,434.94000244140625,435.77996826171875,434.79998779296875,435.55999755859375,5163
2025-12-18 10:45:00+05:30,435.4200134277344,435.72003173828125,435.20001220703125,435.3399963378906,7050
2025-12-18 10:50:00+05:30,435.239990234375,435.29998779296875,434.8799743652344,435.05999755859375,2353
2025-12-18 10:55:00+05:30,435.03997802734375,435.17999267578125,434.79998779296875,435.0,2709
2025-12-18 11:00:00+05:30,435.0,435.239990234375,434.5,434.5,11376
2025-12-18 11:05:00+05:30,434.53997802734375,435.1600036621094,434.5,434.82000732421875,7782
2025-12-18 11:10:00+05:30,434.72003173828125,434.8999938964844,434.4200134277344,434.55999755859375,7039
2025-12-18 11:15:00+05:30,434.46002197265625,434.77996826171875,434.260009765625,434.55999755859375,4780
2025-12-18 11:20:00+05:30,434.55999755859375,435.0,434.4200134277344,434.96002197265625,3152
2025-12-18 11:25:00+05:30,435.0,435.0,434.6600036621094,434.760009765625,2967
2025-12-18 11:30:00+05:30,434.760009765625,435.0,434.3799743652344,434.47998046875,11228
2025-12-18 11:35:00+05:30,434.3999938964844,434.53997802734375,434.05999755859375,434.17999267578125,4836
2025-12-18 11:40:00+05:30,434.17999267578125,434.22003173828125,433.79998779296875,433.8799743652344,7433
2025-12-18 11:45:00+05:30,433.79998779296875,434.05999755859375,433.739990234375,433.8600158691406,6746
2025-12-18 11:50:00+05:30,433.8600158691406,434.260009765625,433.82000732421875,434.02001953125,7122
2025-12-18 11:55:00+05:30,434.0,434.239990234375,433.6200256347656,433.6200256347656,31393
2025-12-18 12:00:00+05:30,433.6399841308594,434.32000732421875,433.6000061035156,434.0,7514
2025-12-18 12:05:00+05:30,434.02001953125,434.3600158691406,433.8600158691406,434.20001220703125,6278
2025-12-18 12:10:00+05:30,434.1200256347656,434.4200134277344,434.0,434.20001220703125,9617
2025-12-18 12:15:00+05:30,434.1600036621094,434.46002197265625,433.94000244140625,434.0799865722656,16744
2025-12-18 12:20:00+05:30,434.0799865722656,434.29998779296875,434.0,434.03997802734375,18314
2025-12-18 12:25:00+05:30,434.03997802734375,434.260009765625,433.8999938964844,434.17999267578125,8464
2025-12-18 12:30:00+05:30,434.27996826171875,434.8799743652344,434.1600036621094,434.82000732421875,10675
2025-12-18 12:35:00+05:30,434.8399963378906,434.8600158691406,434.4200134277344,434.6399841308594,6603
2025-12-18 12:40:00+05:30,434.67999267578125,434.67999267578125,434.3799743652344,434.44000244140625,6321
2025-12-18 12:45:00+05:30,434.4200134277344,434.77996826171875,434.3600158691406,434.52001953125,5503
2025-12-18 12:50:00+05:30,434.5,434.6200256347656,434.1200256347656,434.27996826171875,5337
2025-12-18 12:55:00+05:30,434.22003173828125,434.6000061035156,434.1200256347656,434.47998046875,7738
2025-12-18 13:00:00+05:30,434.3600158691406,434.79998779296875,434.260009765625,434.760009765625,4077
2025-12-18 13:05:00+05:30,434.72003173828125,434.72003173828125,434.3399963378906,434.5799865722656,6446
2025-12-18 13:10:00+05:30,434.5799865722656,434.760009765625,434.260009765625,434.3399963378906,5244
2025-12-18 13:15:00+05:30,434.32000732421875,434.94000244140625,434.17999267578125,434.46002197265625,9642
2025-12-18 13:20:00+05:30,434.46002197265625,434.8399963378906,434.3799743652344,434.67999267578125,4650
2025-12-18 13:25:00+05:30,434.6399841308594,434.8799743652344,434.17999267578125,434.22003173828125,4315
2025-12-18 13:30:00+05:30,434.1600036621094,434.4200134277344,434.05999755859375,434.05999755859375,4797
2025-12-18 13:35:00+05:30,434.0,434.3600158691406,434.0,434.05999755859375,13728
2025-12-18 13:40:00+05:30,434.02001953125,434.03997802734375,432.82000732421875,433.0,61167
2025-12-18 13:45:00+05:30,432.9200134277344,433.46002197265625,432.8799743652344,433.29998779296875,47058
2025-12-18 13:50:00+05:30,433.27996826171875,433.6399841308594,433.260009765625,433.47998046875,15198
2025-12-18 13:55:00+05:30,433.53997802734375,433.8999938964844,433.5,433.6200256347656,7107
2025-12-18 14:00:00+05:30,433.6200256347656,433.67999267578125,433.29998779296875,433.6000061035156,17599
2025-12-18 14:05:00+05:30,433.55999755859375,433.67999267578125,433.22003173828125,433.3600158691406,14074
2025-12-18 14:10:00+05:30,433.3600158691406,433.5,433.1000061035156,433.1200256347656,9438
2025-12-18 14:15:00+05:30,433.02001953125,433.47998046875,432.9200134277344,433.1399841308594,12227
2025-12-18 14:20:00+05:30,433.1399841308594,433.20001220703125,432.239990234375,432.47998046875,9690
2025-12-18 14:25:00+05:30,432.52001953125,432.77996826171875,432.260009765625,432.6000061035156,9609
2025-12-18 14:30:00+05:30,432.47998046875,433.44000244140625,432.27996826171875,433.05999755859375,74977
2025-12-18 14:35:00+05:30,433.03997802734375,433.239990234375,432.3999938964844,432.67999267578125,12424
2025-12-18 14:40:00+05:30,432.6600036621094,432.9200134277344,432.4200134277344,432.6200256347656,24780
2025-12-18 14:45:00+05:30,432.55999755859375,433.03997802734375,432.47998046875,432.739990234375,15825
2025-12-18 14:50:00+05:30,432.70001220703125,433.17999267578125,432.5,433.17999267578125,53918
2025-12-18 14:55:00+05:30,433.20001220703125,433.3399963378906,432.82000732421875,432.8799743652344,18915
2025-12-18 15:00:00+05:30,433.0799865722656,433.1600036621094,432.82000732421875,433.0,27502
2025-12-18 15:05:00+05:30,433.0,433.0,432.96002197265625,433.0,41602
2025-12-18 15:10:00+05:30,432.97998046875,433.4200134277344,432.739990234375,433.32000732421875,31660
2025-12-18 15:15:00+05:30,433.3399963378906,433.4200134277344,433.22003173828125,433.3799743652344,24180
2025-12-18 15:20:00+05:30,433.3799743652344,433.6200256347656,433.260009765625,433.5799865722656,21890
2025-12-18 15:25:00+05:30,433.5799865722656,433.6000061035156,432.6399841308594,433.17999267578125,122780
2025-12-19 09:20:00+05:30,434.67999267578125,435.3799743652344,434.47998046875,434.6200256347656,17986
2025-12-19 09:25:00+05:30,434.6000061035156,434.6200256347656,433.77996826171875,433.9200134277344,37968
2025-12-19 09:30:00+05:30,433.8999938964844,434.02001953125,433.5,433.96002197265625,30327
2025-12-19 09:35:00+05:30,433.8799743652344,433.94000244140625,433.5799865722656,433.5799865722656,25463
2025-12-19 09:40:00+05:30,433.6000061035156,434.3399963378906,433.44000244140625,434.05999755859375,21982
2025-12-19 09:45:00+05:30,434.0799865722656,434.3399963378906,433.260009765625,433.32000732421875,21419
2025-12-19 09:50:00+05:30,433.1200256347656,433.260009765625,432.79998779296875,433.239990234375,58639
2025-12-19 09:55:00+05:30,433.239990234375,433.72003173828125,432.79998779296875,433.44000244140625,80697
2025-12-19 10:00:00+05:30,433.44000244140625,434.17999267578125,433.3999938964844,434.05999755859375,33666
2025-12-19 10:05:00+05:30,434.05999755859375,434.1399841308594,433.20001220703125,433.44000244140625,20607
2025-12-19 10:10:00+05:30,433.46002197265625,433.6000061035156,433.1399841308594,433.1600036621094,17551
2025-12-19 10:15:00+05:30,433.1200256347656,433.47998046875,432.8999938964844,433.3600158691406,17804
2025-12-19 10:20:00+05:30,433.3600158691406,433.44000244140625,433.22003173828125,433.32000732421875,16925
2025-12-19 10:25:00+05:30,433.4200134277344,433.760009765625,433.20001220703125,433.52001953125,19468
2025-12-19 10:30:00+05:30,433.5,433.72003173828125,433.27996826171875,433.44000244140625,13723
2025-12-19 10:35:00+05:30,433.47998046875,433.5,433.27996826171875,433.44000244140625,11252
2025-12-19 10:40:00+05:30,433.44000244140625,434.1000061035156,433.3600158691406,434.0,34756
2025-12-19 10:45:00+05:30,434.0,434.22003173828125,433.79998779296875,434.0,19224
2025-12-19 10:50:00+05:30,434.0,434.53997802734375,433.96002197265625,434.44000244140625,21117
2025-12-19 10:55:00+05:30,434.44000244140625,434.6200256347656,434.1200256347656,434.3600158691406,25376
2025-12-19 11:00:00+05:30,434.27996826171875,434.5799865722656,434.1000061035156,434.3600158691406,22286
2025-12-19 11:05:00+05:30,434.46002197265625,434.5,434.03997802734375,434.47998046875,26056
2025-12-19 11:10:00+05:30,434.32000732421875,434.52001953125,434.1399841308594,434.17999267578125,36608
2025-12-19 11:15:00+05:30,434.17999267578125,434.27996826171875,434.05999755859375,434.1399841308594,9412
2025-12-19 11:20:00+05:30,434.1399841308594,434.94000244140625,434.1399841308594,434.9200134277344,18399
2025-12-19 11:25:00+05:30,434.96002197265625,434.97998046875,434.72003173828125,434.8999938964844,17306
2025-12-19 11:30:00+05:30,435.0,435.1600036621094,434.70001220703125,434.8399963378906,15072
2025-12-19 11:35:00+05:30,434.8399963378906,434.97998046875,434.67999267578125,434.77996826171875,9138
2025-12-19 11:40:00+05:30,434.8799743652344,434.96002197265625,434.3999938964844,434.3999938964844,16489
2025-12-19 11:45:00+05:30,434.47998046875,434.47998046875,433.239990234375,433.6000061035156,27402
2025-12-19 11:50:00+05:30,433.6600036621094,434.03997802734375,433.46002197265625,433.72003173828125,16681
2025-12-19 11:55:00+05:30,433.72003173828125,434.02001953125,433.29998779296875,433.3600158691406,27022
2025-12-19 12:00:00+05:30,433.3600158691406,433.96002197265625,433.32000732421875,433.739990234375,11918
2025-12-19 12:05:00+05:30,433.739990234375,434.1000061035156,433.3600158691406,433.97998046875,29759
2025-12-19 12:10:00+05:30,434.0799865722656,434.1200256347656,433.6000061035156,433.6399841308594,7411
2025-12-19 12:15:00+05:30,433.6600036621094,433.6600036621094,433.1399841308594,433.1600036621094,8370
2025-12-19 12:20:00+05:30,433.1600036621094,433.20001220703125,432.79998779296875,432.8600158691406,8365
2025-12-19 12:25:00+05:30,432.8600158691406,433.17999267578125,432.32000732421875,432.55999755859375,15623
2025-12-19 12:30:00+05:30,432.55999755859375,433.239990234375,432.47998046875,433.1200256347656,15714
2025-12-19 12:35:00+05:30,433.17999267578125,433.47998046875,433.0,433.1000061035156,11416
2025-12-19 12:40:00+05:30,433.22003173828125,433.4200134277344,433.03997802734375,433.4200134277344,10489
2025-12-19 12:45:00+05:30,433.4200134277344,433.6000061035156,433.0,433.0,12453
2025-12-19 12:50:00+05:30,433.1000061035156,433.1600036621094,432.8600158691406,433.05999755859375,16298
2025-12-19 12:55:00+05:30,433.05999755859375,433.20001220703125,432.8799743652344,432.8799743652344,11246
2025-12-19 13:00:00+05:30,432.96002197265625,433.0,432.79998779296875,432.79998779296875,7821
2025-12-19 13:05:00+05:30,432.739990234375,432.760009765625,432.03997802734375,432.260009765625,78959
2025-12-19 13:10:00+05:30,432.260009765625,432.5799865722656,432.20001220703125,432.3600158691406,20048
2025-12-19 13:15:00+05:30,432.3399963378906,432.46002197265625,431.79998779296875,432.3999938964844,30355
2025-12-19 13:20:00+05:30,432.3999938964844,432.70001220703125,432.32000732421875,432.52001953125,9959
2025-12-19 13:25:00+05:30,432.52001953125,432.8600158691406,432.4200134277344,432.6000061035156,13079
2025-12-19 13:30:00+05:30,432.67999267578125,432.79998779296875,432.5,432.79998779296875,13929
2025-12-19 13:35:00+05:30,432.79998779296875,432.8999938964844,432.6200256347656,432.760009765625,11736
2025-12-19 13:40:00+05:30,432.79998779296875,432.97998046875,432.760009765625,432.96002197265625,24082
2025-12-19 13:45:00+05:30,432.97998046875,433.239990234375,432.79998779296875,432.8999938964844,15059
2025-12-19 13:50:00+05:30,432.8999938964844,433.17999267578125,432.79998779296875,433.0,14137
2025-12-19 13:55:00+05:30,432.97998046875,433.0799865722656,432.8399963378906,432.96002197265625,13310
2025-12-19 14:00:00+05:30,432.96002197265625,433.22003173828125,432.67999267578125,432.79998779296875,19303
2025-12-19 14:05:00+05:30,432.77996826171875,432.8399963378906,432.6000061035156,432.6200256347656,10625
2025-12-19 14:10:00+05:30,432.6200256347656,432.70001220703125,432.3399963378906,432.52001953125,16324
2025-12-19 14:15:00+05:30,432.47998046875,432.6399841308594,432.47998046875,432.5799865722656,11610
2025-12-19 14:20:00+05:30,432.5799865722656,432.6399841308594,432.46002197265625,432.6399841308594,35335
2025-12-19 14:25:00+05:30,432.67999267578125,432.8600158691406,432.4200134277344,432.55999755859375,13101
2025-12-19 14:30:00+05:30,432.55999755859375,432.6399841308594,432.32000732421875,432.3799743652344,10286
2025-12-19 14:35:00+05:30,432.27996826171875,432.70001220703125,432.20001220703125,432.55999755859375,17468
2025-12-19 14:40:00+05:30,432.6600036621094,432.72003173828125,432.4200134277344,432.67999267578125,17789
2025-12-19 14:45:00+05:30,432.72003173828125,432.760009765625,432.47998046875,432.53997802734375,12183
2025-12-19 14:50:00+05:30,432.52001953125,432.52001953125,432.22003173828125,432.239990234375,18693
2025-12-19 14:55:00+05:30,432.239990234375,432.739990234375,432.239990234375,432.67999267578125,26576
2025-12-19 15:00:00+05:30,432.70001220703125,432.70001220703125,431.3999938964844,432.0799865722656,172379
2025-12-19 15:05:00+05:30,432.1000061035156,432.27996826171875,432.1000061035156,432.260009765625,124868
2025-12-19 15:10:00+05:30,432.260009765625,432.32000732421875,431.8999938964844,431.8999938964844,117954
2025-12-19 15:15:00+05:30,431.70001220703125,431.70001220703125,431.32000732421875,431.3999938964844,155193
2025-12-19 15:20:00+05:30,431.3799743652344,431.9200134277344,431.3399963378906,431.739990234375,133573
2025-12-19 15:25:00+05:30,431.72003173828125,432.3399963378906,431.6000061035156,431.8999938964844,113446
2025-12-22 09:20:00+05:30,433.1399841308594,433.53997802734375,432.53997802734375,432.53997802734375,35464
2025-12-22 09:25:00+05:30,432.53997802734375,432.96002197265625,432.53997802734375,432.6600036621094,26200
2025-12-22 09:30:00+05:30,432.72003173828125,433.0,432.3999938964844,432.3999938964844,12163
2025-12-22 09:35:00+05:30,432.3999938964844,433.44000244140625,432.3999938964844,433.03997802734375,12695
2025-12-22 09:40:00+05:30,433.0,433.03997802734375,432.79998779296875,432.8799743652344,12306
2025-12-22 09:45:00+05:30,432.94000244140625,433.0,432.3600158691406,432.5,29412
2025-12-22 09:50:00+05:30,432.3999938964844,432.760009765625,432.02001953125,432.6000061035156,22602
2025-12-22 09:55:00+05:30,432.6000061035156,433.0,432.47998046875,432.97998046875,10415
2025-12-22 10:00:00+05:30,432.97998046875,433.260009765625,432.739990234375,433.1600036621094,19337
2025-12-22 10:05:00+05:30,433.17999267578125,433.47998046875,432.8600158691406,432.9200134277344,17176
2025-12-22 10:10:00+05:30,433.0,433.3999938964844,432.9200134277344,433.22003173828125,11818
2025-12-22 10:15:00+05:30,433.1399841308594,433.20001220703125,432.6000061035156,432.6000061035156,13476
2025-12-22 10:20:00+05:30,432.6000061035156,432.739990234375,432.44000244140625,432.44000244140625,12878
2025-12-22 10:25:00+05:30,432.52001953125,432.760009765625,432.4200134277344,432.6000061035156,13562
2025-12-22 10:30:00+05:30,432.6000061035156,433.260009765625,432.6000061035156,432.8999938964844,34847
2025-12-22 10:35:00+05:30,433.05999755859375,433.05999755859375,432.53997802734375,432.6399841308594,11381
2025-12-22 10:40:00+05:30,432.6399841308594,432.6399841308594,432.3999938964844,432.47998046875,12397
2025-12-22 10:45:00+05:30,432.6200256347656,432.70001220703125,432.4200134277344,432.47998046875,13011
2025-12-22 10:50:00+05:30,432.6000061035156,432.70001220703125,432.46002197265625,432.6000061035156,10784
2025-12-22 10:55:00+05:30,432.5799865722656,433.05999755859375,432.5,432.8600158691406,11377
2025-12-22 11:00:00+05:30,432.8600158691406,432.9200134277344,432.3999938964844,432.46002197265625,13189
2025-12-22 11:05:00+05:30,432.46002197265625,432.6200256347656,432.3999938964844,432.3999938964844,10362
2025-12-22 11:10:00+05:30,432.3999938964844,432.5799865722656,432.3999938964844,432.4200134277344,14394
2025-12-22 11:15:00+05:30,432.5,432.97998046875,432.3399963378906,432.6600036621094,64294
2025-12-22 11:20:00+05:30,432.67999267578125,432.67999267578125,432.46002197265625,432.55999755859375,11743
2025-12-22 11:25:00+05:30,432.55999755859375,433.1200256347656,432.47998046875,432.8799743652344,11305
2025-12-22 11:30:00+05:30,432.8799743652344,433.32000732421875,432.82000732421875,433.1200256347656,11672
2025-12-22 11:35:00+05:30,433.0799865722656,433.3999938964844,433.02001953125,433.260009765625,9918
2025-12-22 11:40:00+05:30,433.260009765625,433.3999938964844,433.1600036621094,433.29998779296875,11018
2025-12-22 11:45:00+05:30,433.29998779296875,433.3999938964844,432.79998779296875,432.8600158691406,35651
2025-12-22 11:50:00+05:30,432.8399963378906,432.94000244140625,432.3600158691406,432.6000061035156,15301
2025-12-22 11:55:00+05:30,432.6600036621094,432.8399963378906,432.55999755859375,432.77996826171875,9422
2025-12-22 12:00:00+05:30,432.77996826171875,432.79998779296875,432.6000061035156,432.6200256347656,7344
2025-12-22 12:05:00+05:30,432.6200256347656,432.67999267578125,432.55999755859375,432.6600036621094,11485
2025-12-22 12:10:00+05:30,432.6000061035156,432.82000732421875,432.53997802734375,432.72003173828125,15379
2025-12-22 12:15:00+05:30,432.70001220703125,432.82000732421875,432.70001220703125,432.82000732421875,8108
2025-12-22 12:20:00+05:30,432.79998779296875,432.8799743652344,432.3999938964844,432.3999938964844,15971
2025-12-22 12:25:00+05:30,432.3999938964844,432.4200134277344,431.8999938964844,431.94000244140625,32833
2025-12-22 12:30:00+05:30,431.96002197265625,431.96002197265625,431.32000732421875,431.5,16207
2025-12-22 12:35:00+05:30,431.5799865722656,431.5799865722656,431.3799743652344,431.44000244140625,7183
2025-12-22 12:40:00+05:30,431.52001953125,431.53997802734375,430.27996826171875,430.29998779296875,24634
2025-12-22 12:45:00+05:30,430.4200134277344,430.8399963378906,430.27996826171875,430.82000732421875,15825
2025-12-22 12:50:00+05:30,430.82000732421875,430.8999938964844,430.6399841308594,430.79998779296875,12159
2025-12-22 12:55:00+05:30,430.79998779296875,430.97998046875,430.6200256347656,430.6600036621094,12899
2025-12-22 13:00:00+05:30,430.79998779296875,430.79998779296875,430.4200134277344,430.6000061035156,15034
2025-12-22 13:05:00+05:30,430.52001953125,430.6399841308594,430.4200134277344,430.47998046875,12068
2025-12-22 13:10:00+05:30,430.52001953125,430.6000061035156,430.3999938964844,430.3999938964844,10597
2025-12-22 13:15:00+05:30,430.3999938964844,430.6000061035156,430.27996826171875,430.52001953125,15437
2025-12-22 13:20:00+05:30,430.4200134277344,430.55999755859375,430.27996826171875,430.32000732421875,13036
2025-12-22 13:25:00+05:30,430.3799743652344,430.9200134277344,430.22003173828125,430.82000732421875,32757
2025-12-22 13:30:00+05:30,430.82000732421875,430.82000732421875,430.6200256347656,430.6200256347656,10301
2025-12-22 13:35:00+05:30,430.6200256347656,430.6399841308594,430.1000061035156,430.20001220703125,12606
2025-12-22 13:40:00+05:30,430.20001220703125,430.739990234375,430.05999755859375,430.3600158691406,28914
2025-12-22 13:45:00+05:30,430.27996826171875,430.44000244140625,430.1000061035156,430.260009765625,15762
2025-12-22 13:50:00+05:30,430.260009765625,430.52001953125,430.260009765625,430.3600158691406,12376
2025-12-22 13:55:00+05:30,430.27996826171875,430.6600036621094,430.260009765625,430.6399841308594,14256
2025-12-22 14:00:00+05:30,430.6399841308594,431.0799865722656,430.5799865722656,430.77996826171875,19277
2025-12-22 14:05:00+05:30,430.77996826171875,431.0,430.3799743652344,430.46002197265625,46129
2025-12-22 14:10:00+05:30,430.46002197265625,430.8799743652344,430.1399841308594,430.70001220703125,72908
2025-12-22 14:15:00+05:30,430.70001220703125,430.8799743652344,430.44000244140625,430.8399963378906,18741
2025-12-22 14:20:00+05:30,430.8399963378906,431.1600036621094,430.6000061035156,430.9200134277344,16098
2025-12-22 14:25:00+05:30,430.94000244140625,430.94000244140625,430.53997802734375,430.53997802734375,15765
2025-12-22 14:30:00+05:30,430.6000061035156,430.6399841308594,430.29998779296875,430.53997802734375,25794
2025-12-22 14:35:00+05:30,430.6000061035156,430.96002197265625,430.32000732421875,430.32000732421875,59510
2025-12-22 14:40:00+05:30,430.3999938964844,430.6600036621094,430.22003173828125,430.29998779296875,26919
2025-12-22 14:45:00+05:30,430.239990234375,430.29998779296875,429.67999267578125,429.8399963378906,36135
2025-12-22 14:50:00+05:30,429.8999938964844,430.02001953125,429.6200256347656,429.8999938964844,27208
2025-12-22 14:55:00+05:30,429.9200134277344,430.3999938964844,429.8600158691406,430.05999755859375,46892
2025-12-22 15:00:00+05:30,430.1000061035156,430.5,429.9200134277344,430.03997802734375,61074
2025-12-22 15:05:00+05:30,429.97998046875,430.03997802734375,429.72003173828125,430.0,60448
2025-12-22 15:10:00+05:30,430.0,430.02001953125,429.70001220703125,429.70001220703125,67296
2025-12-22 15:15:00+05:30,429.760009765625,429.8799743652344,429.70001220703125,429.77996826171875,59795
2025-12-22 15:20:00+05:30,429.79998779296875,430.05999755859375,429.6600036621094,429.8999938964844,51294
2025-12-22 15:25:00+05:30,429.97998046875,430.3600158691406,429.47998046875,429.47998046875,55768
2025-12-23 09:20:00+05:30,431.6600036621094,431.70001220703125,431.20001220703125,431.239990234375,25941
2025-12-23 09:25:00+05:30,431.22003173828125,431.3600158691406,430.739990234375,431.32000732421875,19551
2025-12-23 09:30:00+05:30,431.32000732421875,431.32000732421875,430.6000061035156,430.79998779296875,12670
2025-12-23 09:35:00+05:30,430.77996826171875,431.3999938964844,430.739990234375,430.760009765625,14441
2025-12-23 09:40:00+05:30,430.79998779296875,431.1000061035156,430.6600036621094,430.79998779296875,8799
2025-12-23 09:45:00+05:30,430.739990234375,432.260009765625,430.739990234375,432.20001220703125,11842
2025-12-23 09:50:00+05:30,431.8600158691406,432.79998779296875,431.8399963378906,432.79998779296875,15154
2025-12-23 09:55:00+05:30,432.67999267578125,433.20001220703125,432.52001953125,432.70001220703125,19919
2025-12-23 10:00:00+05:30,432.739990234375,433.3999938964844,432.739990234375,432.8999938964844,12867
2025-12-23 10:05:00+05:30,432.8999938964844,433.0799865722656,432.72003173828125,433.0,91346
2025-12-23 10:10:00+05:30,433.0,433.02001953125,432.70001220703125,432.8799743652344,67801
2025-12-23 10:15:00+05:30,432.82000732421875,433.17999267578125,432.5799865722656,432.70001220703125,17117
2025-12-23 10:20:00+05:30,432.70001220703125,433.20001220703125,432.53997802734375,433.03997802734375,11524
2025-12-23 10:25:00+05:30,433.1600036621094,433.3799743652344,433.0,433.05999755859375,11547
2025-12-23 10:30:00+05:30,433.03997802734375,433.17999267578125,432.9200134277344,433.1000061035156,9534
2025-12-23 10:35:00+05:30,433.05999755859375,433.1000061035156,432.70001220703125,433.02001953125,38111
2025-12-23 10:40:00+05:30,433.0,433.20001220703125,432.8399963378906,433.20001220703125,11485
2025-12-23 10:45:00+05:30,433.20001220703125,433.3999938964844,433.05999755859375,433.29998779296875,8502
2025-12-23 10:50:00+05:30,433.260009765625,433.739990234375,433.20001220703125,433.47998046875,14896
2025-12-23 10:55:00+05:30,433.44000244140625,433.79998779296875,433.29998779296875,433.52001953125,8974
2025-12-23 11:00:00+05:30,433.6600036621094,434.17999267578125,433.6000061035156,433.82000732421875,12561
2025-12-23 11:05:00+05:30,433.79998779296875,433.9200134277344,433.3999938964844,433.46002197265625,5975
2025-12-23 11:10:00+05:30,433.44000244140625,433.739990234375,433.29998779296875,433.29998779296875,7471
2025-12-23 11:15:00+05:30,433.27996826171875,433.3399963378906,432.8799743652344,433.239990234375,6186
2025-12-23 11:20:00+05:30,433.239990234375,433.3399963378906,433.0,433.260009765625,5002
2025-12-23 11:25:00+05:30,433.1600036621094,433.22003173828125,433.0,433.0,9034
2025-12-23 11:30:00+05:30,433.1200256347656,433.3799743652344,433.0,433.02001953125,6908
2025-12-23 11:35:00+05:30,433.1600036621094,433.1600036621094,432.79998779296875,433.0,11157
2025-12-23 11:40:00+05:30,432.8999938964844,433.20001220703125,432.79998779296875,433.02001953125,10314
2025-12-23 11:45:00+05:30,433.02001953125,433.02001953125,432.70001220703125,432.739990234375,10708
2025-12-23 11:50:00+05:30,432.760009765625,433.02001953125,432.70001220703125,432.8999938964844,8615
2025-12-23 11:55:00+05:30,432.8600158691406,433.1399841308594,432.8399963378906,432.9200134277344,6612
2025-12-23 12:00:00+05:30,432.8600158691406,433.02001953125,432.8600158691406,433.0,5847
2025-12-23 12:05:00+05:30,433.0,433.3600158691406,432.8600158691406,433.1600036621094,11980
2025-12-23 12:10:00+05:30,433.1200256347656,433.32000732421875,432.9200134277344,433.32000732421875,13888
2025-12-23 12:15:00+05:30,433.3600158691406,433.3600158691406,432.4200134277344,432.47998046875,46060
2025-12-23 12:20:00+05:30,432.46002197265625,432.72003173828125,432.3999938964844,432.6399841308594,16382
2025-12-23 12:25:00+05:30,432.6399841308594,433.02001953125,432.46002197265625,433.0,11509
2025-12-23 12:30:00+05:30,433.02001953125,433.20001220703125,432.82000732421875,433.1000061035156,6115
2025-12-23 12:35:00+05:30,433.1600036621094,433.27996826171875,432.8799743652344,432.8999938964844,6697
2025-12-23 12:40:00+05:30,432.8799743652344,433.22003173828125,432.8399963378906,432.96002197265625,9574
2025-12-23 12:45:00+05:30,433.0,433.0,432.53997802734375,432.53997802734375,12293
2025-12-23 12:50:00+05:30,432.6000061035156,433.0799865722656,432.53997802734375,432.8399963378906,13030
2025-12-23 12:55:00+05:30,432.8799743652344,433.05999755859375,432.67999267578125,432.8799743652344,11789
2025-12-23 13:00:00+05:30,432.9200134277344,433.03997802734375,432.5799865722656,432.8600158691406,12183
2025-12-23 13:05:00+05:30,432.8399963378906,432.97998046875,432.6000061035156,432.82000732421875,11498
2025-12-23 13:10:00+05:30,432.8999938964844,433.05999755859375,432.739990234375,432.739990234375,10313
2025-12-23 13:15:00+05:30,432.8799743652344,433.03997802734375,432.72003173828125,432.94000244140625,9569
2025-12-23 13:20:00+05:30,432.94000244140625,433.02001953125,432.8799743652344,433.0,8681
2025-12-23 13:25:00+05:30,433.0,433.3399963378906,433.0,433.20001220703125,10706
2025-12-23 13:30:00+05:30,433.20001220703125,433.52001953125,433.03997802734375,433.17999267578125,9672
2025-12-23 13:35:00+05:30,433.17999267578125,433.17999267578125,432.82000732421875,433.1200256347656,18247
2025-12-23 13:40:00+05:30,433.1200256347656,433.1200256347656,432.760009765625,433.02001953125,10722
2025-12-23 13:45:00+05:30,433.02001953125,433.1200256347656,432.8600158691406,433.0,9124
2025-12-23 13:50:00+05:30,433.0,433.17999267578125,432.77996826171875,433.05999755859375,10141
2025-12-23 13:55:00+05:30,433.03997802734375,433.0799865722656,432.739990234375,433.02001953125,12990
2025-12-23 14:00:00+05:30,433.02001953125,433.1600036621094,432.760009765625,433.03997802734375,10903
2025-12-23 14:05:00+05:30,433.02001953125,433.03997802734375,432.760009765625,433.03997802734375,9264
2025-12-23 14:10:00+05:30,433.03997802734375,433.1200256347656,432.739990234375,433.0,9708
2025-12-23 14:15:00+05:30,433.02001953125,433.46002197265625,433.02001953125,433.29998779296875,77115
2025-12-23 14:20:00+05:30,433.29998779296875,433.44000244140625,432.96002197265625,433.03997802734375,20147
2025-12-23 14:25:00+05:30,433.03997802734375,433.1000061035156,432.82000732421875,433.0799865722656,15332
2025-12-23 14:30:00+05:30,433.0,433.1000061035156,432.82000732421875,432.9200134277344,11643
2025-12-23 14:35:00+05:30,432.9200134277344,433.1200256347656,432.739990234375,432.8399963378906,18417
2025-12-23 14:40:00+05:30,432.8600158691406,432.97998046875,432.6200256347656,432.6200256347656,46886
2025-12-23 14:45:00+05:30,432.6399841308594,432.8999938964844,432.239990234375,432.8399963378906,46590
2025-12-23 14:50:00+05:30,432.8399963378906,433.02001953125,432.6600036621094,433.02001953125,26745
2025-12-23 14:55:00+05:30,433.0,433.05999755859375,432.9200134277344,433.0,23594
2025-12-23 15:00:00+05:30,433.0,433.0,432.3799743652344,432.5799865722656,48729
2025-12-23 15:05:00+05:30,432.6000061035156,432.77996826171875,432.3600158691406,432.739990234375,49777
2025-12-23 15:10:00+05:30,432.739990234375,432.8999938964844,432.46002197265625,432.6600036621094,49738
2025-12-23 15:15:00+05:30,432.6600036621094,432.67999267578125,432.1399841308594,432.6000061035156,99035
2025-12-23 15:20:00+05:30,432.5799865722656,432.6200256347656,431.70001220703125,431.70001220703125,61579
2025-12-23 15:25:00+05:30,431.6600036621094,433.3799743652344,431.53997802734375,432.53997802734375,110914
2025-12-24 09:20:00+05:30,434.3600158691406,435.1000061035156,434.3600158691406,434.79998779296875,20511
2025-12-24 09:25:00+05:30,434.79998779296875,434.8999938964844,434.44000244140625,434.53997802734375,13609
2025-12-24 09:30:00+05:30,434.52001953125,434.739990234375,434.20001220703125,434.3999938964844,13284
2025-12-24 09:35:00+05:30,434.3999938964844,434.6000061035156,434.27996826171875,434.6000061035156,9182
2025-12-24 09:40:00+05:30,434.6000061035156,434.72003173828125,433.82000732421875,434.0799865722656,15860
2025-12-24 09:45:00+05:30,434.0799865722656,434.46002197265625,433.5799865722656,433.6000061035156,18174
2025-12-24 09:50:00+05:30,433.6399841308594,434.02001953125,433.6000061035156,433.70001220703125,14544
2025-12-24 09:55:00+05:30,433.77996826171875,433.8999938964844,433.44000244140625,433.77996826171875,18299
2025-12-24 10:00:00+05:30,433.77996826171875,433.94000244140625,433.44000244140625,433.52001953125,10854
2025-12-24 10:05:00+05:30,433.47998046875,433.5,433.1399841308594,433.46002197265625,7697
2025-12-24 10:10:00+05:30,433.3399963378906,433.6000061035156,433.29998779296875,433.4200134277344,12179
2025-12-24 10:15:00+05:30,433.4200134277344,434.3399963378906,433.27996826171875,434.17999267578125,13886
2025-12-24 10:20:00+05:30,434.17999267578125,434.47998046875,434.1000061035156,434.47998046875,7980
2025-12-24 10:25:00+05:30,434.47998046875,434.760009765625,433.97998046875,434.760009765625,63212
2025-12-24 10:30:00+05:30,434.739990234375,434.97998046875,434.5799865722656,434.79998779296875,65962
2025-12-24 10:35:00+05:30,434.77996826171875,434.77996826171875,434.20001220703125,434.5,60664
2025-12-24 10:40:00+05:30,434.47998046875,434.5,434.32000732421875,434.46002197265625,11746
2025-12-24 10:45:00+05:30,434.46002197265625,434.46002197265625,434.260009765625,434.27996826171875,26126
2025-12-24 10:50:00+05:30,434.27996826171875,435.03997802734375,434.02001953125,435.02001953125,40821
2025-12-24 10:55:00+05:30,435.02001953125,435.239990234375,434.97998046875,435.239990234375,105340
2025-12-24 11:00:00+05:30,435.1399841308594,435.20001220703125,434.9200134277344,435.0,100533
2025-12-24 11:05:00+05:30,435.02001953125,435.02001953125,434.4200134277344,434.4200134277344,46037
2025-12-24 11:10:00+05:30,434.4200134277344,434.47998046875,434.0799865722656,434.3999938964844,15998
2025-12-24 11:15:00+05:30,434.3999938964844,434.46002197265625,433.8399963378906,434.0,37423
2025-12-24 11:20:00+05:30,434.0,434.03997802734375,433.739990234375,433.8799743652344,8947
2025-12-24 11:25:00+05:30,433.77996826171875,433.8799743652344,433.32000732421875,433.6200256347656,9157
2025-12-24 11:30:00+05:30,433.5799865722656,433.8399963378906,433.53997802734375,433.6600036621094,5870
2025-12-24 11:35:00+05:30,433.6600036621094,433.739990234375,433.3399963378906,433.52001953125,6313
2025-12-24 11:40:00+05:30,433.52001953125,433.52001953125,433.0,433.0,8732
2025-12-24 11:45:00+05:30,433.02001953125,433.1000061035156,432.8799743652344,433.0,9031
2025-12-24 11:50:00+05:30,433.1000061035156,433.260009765625,432.8999938964844,433.1399841308594,6681
2025-12-24 11:55:00+05:30,433.260009765625,433.47998046875,433.17999267578125,433.47998046875,7949
2025-12-24 12:00:00+05:30,433.47998046875,434.0,433.46002197265625,434.0,10338
2025-12-24 12:05:00+05:30,433.97998046875,434.0,433.5799865722656,433.6399841308594,13089
2025-12-24 12:10:00+05:30,433.70001220703125,433.94000244140625,433.22003173828125,433.29998779296875,6211
2025-12-24 12:15:00+05:30,433.29998779296875,433.739990234375,433.29998779296875,433.6000061035156,5255
2025-12-24 12:20:00+05:30,433.6000061035156,434.17999267578125,433.6000061035156,433.6600036621094,8343
2025-12-24 12:25:00+05:30,433.6200256347656,434.17999267578125,433.6000061035156,434.05999755859375,10228
2025-12-24 12:30:00+05:30,434.1600036621094,434.20001220703125,433.94000244140625,433.97998046875,9348
2025-12-24 12:35:00+05:30,434.0,434.32000732421875,433.94000244140625,434.1399841308594,11655
2025-12-24 12:40:00+05:30,434.0799865722656,434.3999938964844,433.96002197265625,434.22003173828125,15184
2025-12-24 12:45:00+05:30,434.22003173828125,434.6600036621094,434.22003173828125,434.55999755859375,14934
2025-12-24 12:50:00+05:30,434.5799865722656,434.8399963378906,434.46002197265625,434.6000061035156,10951
2025-12-24 12:55:00+05:30,434.6200256347656,434.96002197265625,434.5,434.5,11553
2025-12-24 13:00:00+05:30,434.47998046875,434.47998046875,433.96002197265625,433.97998046875,7518
2025-12-24 13:05:00+05:30,434.0,434.0,433.70001220703125,433.8399963378906,8221
2025-12-24 13:10:00+05:30,433.97998046875,434.0,433.6000061035156,433.77996826171875,11615
2025-12-24 13:15:00+05:30,433.79998779296875,433.79998779296875,433.6000061035156,433.6000061035156,18687
2025-12-24 13:20:00+05:30,433.6399841308594,433.97998046875,433.6000061035156,433.82000732421875,14345
2025-12-24 13:25:00+05:30,433.8600158691406,434.0,433.70001220703125,433.70001220703125,7911
2025-12-24 13:30:00+05:30,433.739990234375,433.8399963378906,433.46002197265625,433.6200256347656,21851
2025-12-24 13:35:00+05:30,433.6000061035156,433.79998779296875,433.46002197265625,433.5799865722656,9595
2025-12-24 13:40:00+05:30,433.47998046875,433.739990234375,433.22003173828125,433.6200256347656,8506
2025-12-24 13:45:00+05:30,433.6200256347656,433.82000732421875,433.3799743652344,433.72003173828125,10830
2025-12-24 13:50:00+05:30,433.70001220703125,433.94000244140625,433.6000061035156,433.8600158691406,11184
2025-12-24 13:55:00+05:30,433.8600158691406,433.8600158691406,433.3600158691406,433.44000244140625,8126
2025-12-24 14:00:00+05:30,433.44000244140625,433.760009765625,433.20001220703125,433.52001953125,10489
2025-12-24 14:05:00+05:30,433.46002197265625,433.760009765625,433.3799743652344,433.6000061035156,42260
2025-12-24 14:10:00+05:30,433.6000061035156,433.6600036621094,433.1200256347656,433.20001220703125,16648
2025-12-24 14:15:00+05:30,433.3600158691406,433.3799743652344,433.0,433.17999267578125,10648
2025-12-24 14:20:00+05:30,433.17999267578125,433.3600158691406,432.96002197265625,433.0,12471
2025-12-24 14:25:00+05:30,432.94000244140625,433.1200256347656,432.6200256347656,433.0,45664
2025-12-24 14:30:00+05:30,433.1200256347656,433.760009765625,432.72003173828125,433.3799743652344,24423
2025-12-24 14:35:00+05:30,433.29998779296875,433.47998046875,432.77996826171875,432.9200134277344,20484
2025-12-24 14:40:00+05:30,432.9200134277344,433.27996826171875,432.739990234375,433.1399841308594,18546
2025-12-24 14:45:00+05:30,433.1399841308594,433.46002197265625,433.0,433.22003173828125,14648
2025-12-24 14:50:00+05:30,433.22003173828125,433.44000244140625,433.02001953125,433.1000061035156,25194
2025-12-24 14:55:00+05:30,433.1600036621094,433.6200256347656,433.02001953125,433.5,17096
2025-12-24 15:00:00+05:30,433.46002197265625,433.46002197265625,433.05999755859375,433.260009765625,16081
2025-12-24 15:05:00+05:30,433.239990234375,433.239990234375,432.760009765625,432.9200134277344,51957
2025-12-24 15:10:00+05:30,432.96002197265625,433.0,432.260009765625,432.3600158691406,20134
2025-12-24 15:15:00+05:30,432.3999938964844,432.739990234375,432.29998779296875,432.5799865722656,31360
2025-12-24 15:20:00+05:30,432.6000061035156,432.77996826171875,432.22003173828125,432.53997802734375,35805
2025-12-24 15:25:00+05:30,432.53997802734375,432.77996826171875,432.3799743652344,432.739990234375,32820
2025-12-26 09:20:00+05:30,432.22003173828125,432.3399963378906,431.739990234375,432.1000061035156,3300
2025-12-26 09:25:00+05:30,432.1399841308594,433.1600036621094,432.05999755859375,432.8799743652344,6203
2025-12-26 09:30:00+05:30,432.8999938964844,433.1600036621094,432.6000061035156,432.94000244140625,10101
2025-12-26 09:35:00+05:30,432.8999938964844,432.8999938964844,432.3600158691406,432.3600158691406,1015
2025-12-26 09:40:00+05:30,432.22003173828125,432.4200134277344,431.8999938964844,431.8999938964844,4464
2025-12-26 09:45:00+05:30,432.05999755859375,432.5,431.8999938964844,432.29998779296875,8142
2025-12-26 09:50:00+05:30,432.29998779296875,432.3999938964844,432.05999755859375,432.1200256347656,3095
2025-12-26 09:55:00+05:30,432.0799865722656,432.760009765625,431.6399841308594,432.4200134277344,10311
2025-12-26 10:00:00+05:30,432.4200134277344,432.5799865722656,432.0,432.32000732421875,3024
2025-12-26 10:05:00+05:30,432.47998046875,432.47998046875,431.8999938964844,432.02001953125,3049
2025-12-26 10:10:00+05:30,431.9200134277344,431.97998046875,431.55999755859375,431.760009765625,3143
2025-12-26 10:15:00+05:30,431.72003173828125,431.760009765625,431.02001953125,431.20001220703125,4668
2025-12-26 10:20:00+05:30,431.27996826171875,431.3399963378906,431.0,431.1000061035156,2984
2025-12-26 10:25:00+05:30,431.1000061035156,431.3600158691406,431.0,431.29998779296875,2978
2025-12-26 10:30:00+05:30,431.32000732421875,431.53997802734375,431.0799865722656,431.53997802734375,4615
2025-12-26 10:35:00+05:30,431.44000244140625,431.44000244140625,431.20001220703125,431.3399963378906,7398
2025-12-26 10:40:00+05:30,431.6000061035156,431.82000732421875,431.3999938964844,431.5799865722656,1970
2025-12-26 10:45:00+05:30,431.44000244140625,431.55999755859375,431.20001220703125,431.29998779296875,3002
2025-12-26 10:50:00+05:30,431.29998779296875,431.3799743652344,430.72003173828125,430.77996826171875,3193
2025-12-26 10:55:00+05:30,430.9200134277344,431.03997802734375,430.6000061035156,431.0,3279
2025-12-26 11:00:00+05:30,431.0799865722656,431.44000244140625,430.8799743652344,431.17999267578125,4679
2025-12-26 11:05:00+05:30,431.29998779296875,431.67999267578125,431.1399841308594,431.47998046875,3169
2025-12-26 11:10:00+05:30,431.53997802734375,431.739990234375,431.44000244140625,431.52001953125,2324
2025-12-26 11:15:00+05:30,431.5,431.82000732421875,431.44000244140625,431.6399841308594,3654
2025-12-26 11:20:00+05:30,431.6600036621094,431.9200134277344,431.5,431.72003173828125,4761
2025-12-26 11:25:00+05:30,431.8799743652344,432.1600036621094,431.67999267578125,431.8999938964844,4699
2025-12-26 11:30:00+05:30,431.9200134277344,432.0,430.8999938964844,431.1600036621094,51966
2025-12-26 11:35:00+05:30,431.03997802734375,431.47998046875,430.70001220703125,431.3799743652344,7479
2025-12-26 11:40:00+05:30,431.3399963378906,431.760009765625,431.260009765625,431.70001220703125,6065
2025-12-26 11:45:00+05:30,431.67999267578125,431.739990234375,431.3399963378906,431.53997802734375,5262
2025-12-26 11:50:00+05:30,431.67999267578125,431.70001220703125,431.239990234375,431.47998046875,6024
2025-12-26 11:55:00+05:30,431.44000244140625,431.72003173828125,431.260009765625,431.6399841308594,5058
2025-12-26 12:00:00+05:30,431.77996826171875,431.77996826171875,431.239990234375,431.260009765625,4329
2025-12-26 12:05:00+05:30,431.3999938964844,431.6000061035156,431.20001220703125,431.29998779296875,12150
2025-12-26 12:10:00+05:30,431.29998779296875,431.82000732421875,431.29998779296875,431.6000061035156,12041
2025-12-26 12:15:00+05:30,431.6000061035156,432.97998046875,431.6000061035156,432.79998779296875,27277
2025-12-26 12:20:00+05:30,432.79998779296875,433.0,432.3999938964844,432.739990234375,27706
2025-12-26 12:25:00+05:30,432.82000732421875,433.0799865722656,432.72003173828125,433.0,10650
2025-12-26 12:30:00+05:30,432.8600158691406,433.0799865722656,432.3999938964844,432.79998779296875,13870
2025-12-26 12:35:00+05:30,432.6399841308594,433.17999267578125,432.47998046875,432.8999938964844,18533
2025-12-26 12:40:00+05:30,432.94000244140625,433.1399841308594,432.79998779296875,432.8999938964844,4608
2025-12-26 12:45:00+05:30,432.8999938964844,433.1600036621094,432.79998779296875,432.79998779296875,4619
2025-12-26 12:50:00+05:30,432.79998779296875,432.97998046875,432.53997802734375,432.6000061035156,7536
2025-12-26 12:55:00+05:30,432.5799865722656,432.8399963378906,432.5799865722656,432.6200256347656,2758
2025-12-26 13:00:00+05:30,432.6200256347656,432.82000732421875,432.44000244140625,432.6000061035156,4218
2025-12-26 13:05:00+05:30,432.6000061035156,432.8399963378906,432.5,432.6200256347656,3828
2025-12-26 13:10:00+05:30,432.67999267578125,432.96002197265625,432.52001953125,432.8399963378906,2760
2025-12-26 13:15:00+05:30,432.96002197265625,433.3600158691406,432.739990234375,433.3600158691406,11485
2025-12-26 13:20:00+05:30,433.3600158691406,433.6000061035156,433.1399841308594,433.3399963378906,13015
2025-12-26 13:25:00+05:30,433.3399963378906,433.5799865722656,433.20001220703125,433.27996826171875,4034
2025-12-26 13:30:00+05:30,433.46002197265625,433.72003173828125,433.17999267578125,433.3999938964844,8960
2025-12-26 13:35:00+05:30,433.53997802734375,433.70001220703125,433.3799743652344,433.3999938964844,9694
2025-12-26 13:40:00+05:30,433.5799865722656,433.72003173828125,433.29998779296875,433.67999267578125,7100
2025-12-26 13:45:00+05:30,433.67999267578125,434.3999938964844,433.53997802734375,434.3999938964844,16770
2025-12-26 13:50:00+05:30,434.3999938964844,434.70001220703125,434.239990234375,434.29998779296875,8558
2025-12-26 13:55:00+05:30,434.20001220703125,434.55999755859375,434.1200256347656,434.29998779296875,5801
2025-12-26 14:00:00+05:30,434.29998779296875,434.44000244140625,434.03997802734375,434.03997802734375,6598
2025-12-26 14:05:00+05:30,434.1200256347656,434.27996826171875,433.739990234375,433.760009765625,7384
2025-12-26 14:10:00+05:30,433.94000244140625,434.0799865722656,433.70001220703125,433.8399963378906,7675
2025-12-26 14:15:00+05:30,434.02001953125,434.03997802734375,433.6000061035156,433.8399963378906,6479
2025-12-26 14:20:00+05:30,433.77996826171875,433.8399963378906,433.260009765625,433.260009765625,18291
2025-12-26 14:25:00+05:30,433.32000732421875,433.52001953125,432.77996826171875,433.03997802734375,14078
2025-12-26 14:30:00+05:30,432.94000244140625,433.02001953125,432.32000732421875,432.53997802734375,39147
2025-12-26 14:35:00+05:30,432.3999938964844,433.05999755859375,432.3799743652344,432.6000061035156,17012
2025-12-26 14:40:00+05:30,432.55999755859375,432.82000732421875,432.3799743652344,432.44000244140625,24420
2025-12-26 14:45:00+05:30,432.6200256347656,433.02001953125,432.53997802734375,432.97998046875,9678
2025-12-26 14:50:00+05:30,432.8600158691406,433.22003173828125,432.72003173828125,432.79998779296875,14404
2025-12-26 14:55:00+05:30,432.9200134277344,433.1200256347656,432.79998779296875,433.1000061035156,20138
2025-12-26 15:00:00+05:30,433.1000061035156,433.3799743652344,433.1000061035156,433.29998779296875,9238
2025-12-26 15:05:00+05:30,433.22003173828125,433.47998046875,433.22003173828125,433.260009765625,8511
2025-12-26 15:10:00+05:30,433.1600036621094,433.1600036621094,432.79998779296875,432.94000244140625,11629
2025-12-26 15:15:00+05:30,432.8600158691406,432.94000244140625,432.53997802734375,432.8600158691406,13554
2025-12-26 15:20:00+05:30,432.760009765625,432.9200134277344,432.47998046875,432.739990234375,12571
2025-12-26 15:25:00+05:30,432.6399841308594,433.20001220703125,432.27996826171875,432.97998046875,22291
2025-12-29 09:20:00+05:30,434.1200256347656,434.760009765625,433.8399963378906,434.6000061035156,13225
2025-12-29 09:25:00+05:30,434.5799865722656,436.0,434.4200134277344,435.96002197265625,22221
2025-12-29 09:30:00+05:30,436.0,436.29998779296875,435.1600036621094,435.29998779296875,27618
2025-12-29 09:35:00+05:30,435.29998779296875,435.5,434.4200134277344,434.5799865722656,22746
2025-12-29 09:40:00+05:30,434.6000061035156,434.6000061035156,434.1200256347656,434.260009765625,7732
2025-12-29 09:45:00+05:30,434.29998779296875,434.3999938964844,433.77996826171875,434.0799865722656,12835
2025-12-29 09:50:00+05:30,434.02001953125,434.1399841308594,433.8799743652344,433.8999938964844,12818
2025-12-29 09:55:00+05:30,433.739990234375,433.82000732421875,433.0,433.0,20419
2025-12-29 10:00:00+05:30,432.8600158691406,433.1600036621094,432.55999755859375,433.05999755859375,13230
2025-12-29 10:05:00+05:30,433.1600036621094,433.20001220703125,432.70001220703125,432.760009765625,7352
2025-12-29 10:10:00+05:30,432.70001220703125,433.22003173828125,432.6600036621094,433.17999267578125,17660
2025-12-29 10:15:00+05:30,433.1200256347656,433.53997802734375,432.97998046875,433.260009765625,12030
2025-12-29 10:20:00+05:30,433.260009765625,434.0,433.1200256347656,433.6600036621094,8587
2025-12-29 10:25:00+05:30,433.9200134277344,433.94000244140625,433.32000732421875,433.3999938964844,10825
2025-12-29 10:30:00+05:30,433.44000244140625,433.44000244140625,433.05999755859375,433.32000732421875,7810
2025-12-29 10:35:00+05:30,433.17999267578125,433.3799743652344,432.8799743652344,433.1399841308594,7194
2025-12-29 10:40:00+05:30,432.94000244140625,433.239990234375,432.6000061035156,432.8799743652344,11153
2025-12-29 10:45:00+05:30,432.8399963378906,433.0799865722656,432.6000061035156,432.8399963378906,9148
2025-12-29 10:50:00+05:30,432.8600158691406,432.8999938964844,432.6399841308594,432.77996826171875,11930
2025-12-29 10:55:00+05:30,432.77996826171875,432.82000732421875,432.20001220703125,432.20001220703125,9773
2025-12-29 11:00:00+05:30,432.239990234375,432.29998779296875,431.760009765625,432.0,15751
2025-12-29 11:05:00+05:30,432.0,432.3399963378906,431.77996826171875,432.260009765625,10053
2025-12-29 11:10:00+05:30,432.27996826171875,432.3399963378906,431.6000061035156,431.6399841308594,16511
2025-12-29 11:15:00+05:30,431.6600036621094,432.17999267578125,431.6600036621094,432.03997802734375,39157
2025-12-29 11:20:00+05:30,432.02001953125,432.1600036621094,431.55999755859375,431.6600036621094,5391
2025-12-29 11:25:00+05:30,431.739990234375,431.77996826171875,431.53997802734375,431.760009765625,12449
2025-12-29 11:30:00+05:30,431.760009765625,432.17999267578125,431.6399841308594,432.0799865722656,5810
2025-12-29 11:35:00+05:30,432.0799865722656,432.1600036621094,431.79998779296875,432.0799865722656,9821
2025-12-29 11:40:00+05:30,432.0799865722656,432.1600036621094,431.8999938964844,432.1399841308594,11357
2025-12-29 11:45:00+05:30,432.1200256347656,432.6200256347656,431.94000244140625,432.6000061035156,6611
2025-12-29 11:50:00+05:30,432.46002197265625,432.739990234375,432.3999938964844,432.6200256347656,4639
2025-12-29 11:55:00+05:30,432.6399841308594,432.79998779296875,431.760009765625,432.0,9088
2025-12-29 12:00:00+05:30,432.05999755859375,432.05999755859375,431.96002197265625,432.02001953125,4931
2025-12-29 12:05:00+05:30,432.0,432.3399963378906,432.0,432.260009765625,8042
2025-12-29 12:10:00+05:30,432.239990234375,432.6000061035156,432.22003173828125,432.3399963378906,3833
2025-12-29 12:15:00+05:30,432.32000732421875,432.44000244140625,432.0,432.02001953125,3606
2025-12-29 12:20:00+05:30,432.02001953125,432.17999267578125,432.0,432.0,2725
2025-12-29 12:25:00+05:30,432.02001953125,432.17999267578125,432.0,432.02001953125,4774
2025-12-29 12:30:00+05:30,432.0,432.20001220703125,431.8999938964844,431.97998046875,3539
2025-12-29 12:35:00+05:30,431.82000732421875,432.03997802734375,431.77996826171875,431.82000732421875,7983
2025-12-29 12:40:00+05:30,431.82000732421875,431.97998046875,431.6000061035156,431.72003173828125,5728
2025-12-29 12:45:00+05:30,431.70001220703125,431.9200134277344,431.70001220703125,431.77996826171875,3757
2025-12-29 12:50:00+05:30,431.739990234375,431.8600158691406,431.239990234375,431.239990234375,15982
2025-12-29 12:55:00+05:30,431.27996826171875,431.55999755859375,431.27996826171875,431.3999938964844,4119
2025-12-29 13:00:00+05:30,431.4200134277344,431.8999938964844,431.3999938964844,431.739990234375,4035
2025-12-29 13:05:00+05:30,431.72003173828125,431.96002197265625,431.46002197265625,431.739990234375,9010
2025-12-29 13:10:00+05:30,431.739990234375,431.8999938964844,431.70001220703125,431.77996826171875,3338
2025-12-29 13:15:00+05:30,431.739990234375,431.82000732421875,431.5,431.52001953125,4236
2025-12-29 13:20:00+05:30,431.6200256347656,431.8600158691406,431.6000061035156,431.739990234375,3206
2025-12-29 13:25:00+05:30,431.739990234375,432.20001220703125,431.6000061035156,432.02001953125,7256
2025-12-29 13:30:00+05:30,432.02001953125,432.17999267578125,432.0,432.0,3526
2025-12-29 13:35:00+05:30,432.02001953125,432.02001953125,431.6000061035156,432.0,3558
2025-12-29 13:40:00+05:30,432.02001953125,432.17999267578125,431.760009765625,432.0,5992
2025-12-29 13:45:00+05:30,432.02001953125,432.1600036621094,432.0,432.02001953125,4490
2025-12-29 13:50:00+05:30,432.05999755859375,432.17999267578125,432.0,432.17999267578125,3914
2025-12-29 13:55:00+05:30,432.17999267578125,432.17999267578125,431.53997802734375,431.8600158691406,21570
2025-12-29 14:00:00+05:30,431.79998779296875,432.0799865722656,431.6600036621094,431.739990234375,9721
2025-12-29 14:05:00+05:30,431.77996826171875,432.20001220703125,431.760009765625,432.0,9412
2025-12-29 14:10:00+05:30,432.02001953125,432.1399841308594,431.8399963378906,431.8799743652344,10416
2025-12-29 14:15:00+05:30,431.739990234375,431.8600158691406,431.27996826171875,431.47998046875,14243
2025-12-29 14:20:00+05:30,431.3999938964844,432.05999755859375,431.3999938964844,432.0,13300
2025-12-29 14:25:00+05:30,431.97998046875,432.20001220703125,431.79998779296875,432.0,37160
2025-12-29 14:30:00+05:30,432.0,432.1000061035156,431.72003173828125,432.0,6396
2025-12-29 14:35:00+05:30,432.0,432.17999267578125,431.8399963378906,432.17999267578125,5705
2025-12-29 14:40:00+05:30,432.20001220703125,432.260009765625,431.67999267578125,432.1200256347656,47318
2025-12-29 14:45:00+05:30,432.1399841308594,432.239990234375,431.79998779296875,431.8999938964844,14382
2025-12-29 14:50:00+05:30,432.0,432.0,431.77996826171875,431.77996826171875,8875
2025-12-29 14:55:00+05:30,431.6200256347656,431.8399963378906,431.44000244140625,431.6000061035156,47355
2025-12-29 15:00:00+05:30,431.6000061035156,432.0,431.5799865722656,431.77996826171875,23388
2025-12-29 15:05:00+05:30,431.760009765625,431.82000732421875,431.3999938964844,431.77996826171875,27331
2025-12-29 15:10:00+05:30,431.77996826171875,431.9200134277344,431.47998046875,431.55999755859375,17912
2025-12-29 15:15:00+05:30,431.55999755859375,432.05999755859375,431.52001953125,431.8999938964844,39386
2025-12-29 15:20:00+05:30,431.760009765625,431.97998046875,431.4200134277344,431.739990234375,23229
2025-12-29 15:25:00+05:30,431.739990234375,431.79998779296875,431.3399963378906,431.77996826171875,24816
2025-12-30 09:20:00+05:30,430.82000732421875,430.82000732421875,429.72003173828125,429.8600158691406,16851
2025-12-30 09:25:00+05:30,429.8600158691406,429.97998046875,429.5,429.53997802734375,6195
2025-12-30 09:30:00+05:30,429.6000061035156,429.82000732421875,429.46002197265625,429.77996826171875,9531
2025-12-30 09:35:00+05:30,429.739990234375,429.8999938964844,429.3600158691406,429.6200256347656,33701
2025-12-30 09:40:00+05:30,429.77996826171875,430.20001220703125,429.67999267578125,429.96002197265625,32445
2025-12-30 09:45:00+05:30,429.8399963378906,429.97998046875,429.0,429.32000732421875,13089
2025-12-30 09:50:00+05:30,429.20001220703125,430.03997802734375,429.1600036621094,429.82000732421875,9574
2025-12-30 09:55:00+05:30,429.72003173828125,430.1600036621094,429.5799865722656,429.6000061035156,17145
2025-12-30 10:00:00+05:30,429.6000061035156,429.760009765625,429.02001953125,429.05999755859375,17197
2025-12-30 10:05:00+05:30,429.05999755859375,429.3799743652344,429.02001953125,429.05999755859375,18830
2025-12-30 10:10:00+05:30,429.05999755859375,429.55999755859375,428.8799743652344,429.27996826171875,38432
2025-12-30 10:15:00+05:30,429.27996826171875,429.44000244140625,429.1600036621094,429.3600158691406,18305
2025-12-30 10:20:00+05:30,429.3600158691406,429.6399841308594,429.239990234375,429.3799743652344,53828
2025-12-30 10:25:00+05:30,429.55999755859375,429.94000244140625,429.22003173828125,429.72003173828125,54317
2025-12-30 10:30:00+05:30,429.8600158691406,430.1399841308594,429.3799743652344,429.55999755859375,40085
2025-12-30 10:35:00+05:30,429.55999755859375,429.6000061035156,428.8799743652344,429.1000061035156,31956
2025-12-30 10:40:00+05:30,429.0799865722656,429.17999267578125,428.55999755859375,428.6000061035156,27664
2025-12-30 10:45:00+05:30,428.70001220703125,428.96002197265625,428.47998046875,428.6200256347656,42606
2025-12-30 10:50:00+05:30,428.6600036621094,428.8999938964844,427.77996826171875,427.82000732421875,40712
2025-12-30 10:55:00+05:30,427.82000732421875,428.3399963378906,427.79998779296875,427.8799743652344,39131
2025-12-30 11:00:00+05:30,427.8799743652344,428.6600036621094,427.82000732421875,428.47998046875,33453
2025-12-30 11:05:00+05:30,428.47998046875,429.5,428.29998779296875,429.17999267578125,41686
2025-12-30 11:10:00+05:30,429.0799865722656,430.1600036621094,428.8600158691406,429.8799743652344,64205
2025-12-30 11:15:00+05:30,429.94000244140625,430.17999267578125,429.53997802734375,429.97998046875,48520
2025-12-30 11:20:00+05:30,430.0,430.17999267578125,429.46002197265625,429.8600158691406,36269
2025-12-30 11:25:00+05:30,429.8600158691406,430.1000061035156,429.739990234375,429.94000244140625,35197
2025-12-30 11:30:00+05:30,429.96002197265625,430.02001953125,429.1399841308594,429.22003173828125,26739
2025-12-30 11:35:00+05:30,429.3799743652344,429.67999267578125,429.1399841308594,429.3399963378906,26370
2025-12-30 11:40:00+05:30,429.3399963378906,430.0,429.3399963378906,429.72003173828125,24360
2025-12-30 11:45:00+05:30,429.77996826171875,430.0,429.67999267578125,429.8999938964844,26374
2025-12-30 11:50:00+05:30,430.0,430.239990234375,429.6600036621094,429.97998046875,78976
2025-12-30 11:55:00+05:30,429.97998046875,430.1000061035156,429.760009765625,429.8799743652344,74342
2025-12-30 12:00:00+05:30,430.0,430.02001953125,429.55999755859375,429.79998779296875,53819
2025-12-30 12:05:00+05:30,429.8600158691406,430.02001953125,429.55999755859375,429.6000061035156,23989
2025-12-30 12:10:00+05:30,429.77996826171875,430.02001953125,428.8999938964844,429.1600036621094,36982
2025-12-30 12:15:00+05:30,429.20001220703125,429.53997802734375,428.97998046875,429.27996826171875,25849
2025-12-30 12:20:00+05:30,429.3999938964844,429.53997802734375,429.20001220703125,429.3399963378906,22301
2025-12-30 12:25:00+05:30,429.46002197265625,429.6600036621094,428.6200256347656,428.8399963378906,51981
2025-12-30 12:30:00+05:30,428.8600158691406,429.8399963378906,428.82000732421875,429.55999755859375,24596
2025-12-30 12:35:00+05:30,429.6200256347656,429.96002197265625,429.27996826171875,429.739990234375,23864
2025-12-30 12:40:00+05:30,429.67999267578125,429.96002197265625,429.6000061035156,429.72003173828125,24608
2025-12-30 12:45:00+05:30,429.8799743652344,430.02001953125,429.6399841308594,429.760009765625,32374
2025-12-30 12:50:00+05:30,429.77996826171875,430.0,429.6000061035156,429.739990234375,29412
2025-12-30 12:55:00+05:30,429.72003173828125,430.02001953125,429.6000061035156,429.8999938964844,26062
2025-12-30 13:00:00+05:30,429.94000244140625,430.02001953125,429.70001220703125,429.8799743652344,37198
2025-12-30 13:05:00+05:30,429.8399963378906,430.02001953125,429.72003173828125,429.739990234375,25663
2025-12-30 13:10:00+05:30,429.739990234375,430.02001953125,429.5799865722656,429.9200134277344,36035
2025-12-30 13:15:00+05:30,429.94000244140625,430.82000732421875,429.9200134277344,430.79998779296875,46569
2025-12-30 13:20:00+05:30,430.79998779296875,431.0,430.6000061035156,430.70001220703125,24731
2025-12-30 13:25:00+05:30,430.70001220703125,431.52001953125,430.5799865722656,431.02001953125,25727
2025-12-30 13:30:00+05:30,431.02001953125,431.46002197265625,430.739990234375,431.260009765625,20937
2025-12-30 13:35:00+05:30,431.27996826171875,431.67999267578125,431.260009765625,431.67999267578125,23239
2025-12-30 13:40:00+05:30,431.77996826171875,432.3600158691406,431.5799865722656,432.27996826171875,46395
2025-12-30 13:45:00+05:30,432.27996826171875,432.8799743652344,432.239990234375,432.260009765625,53838
2025-12-30 13:50:00+05:30,432.27996826171875,432.47998046875,431.5,431.52001953125,37537
2025-12-30 13:55:00+05:30,431.46002197265625,431.6000061035156,431.239990234375,431.53997802734375,21741
2025-12-30 14:00:00+05:30,431.3999938964844,432.0799865722656,431.260009765625,431.5799865722656,60044
2025-12-30 14:05:00+05:30,431.6000061035156,431.6000061035156,431.03997802734375,431.1000061035156,26580
2025-12-30 14:10:00+05:30,431.1000061035156,431.5,431.05999755859375,431.20001220703125,26076
2025-12-30 14:15:00+05:30,431.260009765625,431.53997802734375,430.79998779296875,430.9200134277344,79682
2025-12-30 14:20:00+05:30,430.72003173828125,431.17999267578125,430.5799865722656,430.739990234375,58267
2025-12-30 14:25:00+05:30,430.70001220703125,430.82000732421875,430.03997802734375,430.17999267578125,66085
2025-12-30 14:30:00+05:30,430.20001220703125,430.70001220703125,430.1200256347656,430.44000244140625,32278
2025-12-30 14:35:00+05:30,430.4200134277344,430.55999755859375,430.1000061035156,430.17999267578125,31171
2025-12-30 14:40:00+05:30,430.1399841308594,430.6600036621094,430.03997802734375,430.47998046875,29671
2025-12-30 14:45:00+05:30,430.46002197265625,430.5799865722656,429.79998779296875,430.1000061035156,130964
2025-12-30 14:50:00+05:30,430.03997802734375,430.47998046875,430.0,430.05999755859375,136893
2025-12-30 14:55:00+05:30,430.03997802734375,430.17999267578125,429.67999267578125,429.94000244140625,134230
2025-12-30 15:00:00+05:30,429.94000244140625,431.1200256347656,429.6399841308594,430.8999938964844,601296
2025-12-30 15:05:00+05:30,430.82000732421875,431.44000244140625,430.17999267578125,430.3399963378906,567840
2025-12-30 15:10:00+05:30,430.29998779296875,430.6200256347656,429.94000244140625,430.53997802734375,545600
2025-12-30 15:15:00+05:30,430.53997802734375,430.79998779296875,430.0,430.05999755859375,512093
2025-12-30 15:20:00+05:30,430.05999755859375,431.77996826171875,430.03997802734375,431.53997802734375,482695
2025-12-30 15:25:00+05:30,431.53997802734375,432.20001220703125,430.53997802734375,430.53997802734375,270715
2025-12-31 09:20:00+05:30,432.3999938964844,433.5,432.27996826171875,433.3999938964844,8346
2025-12-31 09:25:00+05:30,432.8399963378906,433.6000061035156,432.20001220703125,433.1600036621094,14464
2025-12-31 09:30:00+05:30,433.05999755859375,433.3799743652344,432.6000061035156,432.760009765625,2586
2025-12-31 09:35:00+05:30,432.67999267578125,433.22003173828125,432.46002197265625,432.82000732421875,3543
2025-12-31 09:40:00+05:30,432.72003173828125,432.96002197265625,431.97998046875,432.20001220703125,9296
2025-12-31 09:45:00+05:30,432.32000732421875,433.0,432.20001220703125,432.46002197265625,7561
2025-12-31 09:50:00+05:30,432.27996826171875,432.5,431.8600158691406,432.3999938964844,4653
2025-12-31 09:55:00+05:30,432.3999938964844,432.70001220703125,432.0799865722656,432.1399841308594,5401
2025-12-31 10:00:00+05:30,432.0,432.1600036621094,431.6399841308594,431.6399841308594,5361
2025-12-31 10:05:00+05:30,431.6399841308594,432.47998046875,431.52001953125,432.260009765625,7933
2025-12-31 10:10:00+05:30,432.29998779296875,432.6399841308594,432.1200256347656,432.3999938964844,4781
2025-12-31 10:15:00+05:30,432.46002197265625,432.77996826171875,432.1200256347656,432.3799743652344,5822
2025-12-31 10:20:00+05:30,432.3600158691406,432.6600036621094,431.94000244140625,432.4200134277344,9124
2025-12-31 10:25:00+05:30,432.44000244140625,432.67999267578125,432.3799743652344,432.46002197265625,5079
2025-12-31 10:30:00+05:30,432.5,433.3600158691406,432.44000244140625,433.05999755859375,10718
2025-12-31 10:35:00+05:30,433.260009765625,433.27996826171875,432.52001953125,432.739990234375,9317
2025-12-31 10:40:00+05:30,432.6000061035156,433.3600158691406,432.46002197265625,433.1399841308594,13623
2025-12-31 10:45:00+05:30,433.27996826171875,433.6000061035156,433.05999755859375,433.53997802734375,6568
2025-12-31 10:50:00+05:30,433.5799865722656,433.5799865722656,432.6200256347656,432.6600036621094,33818
2025-12-31 10:55:00+05:30,432.6399841308594,432.97998046875,432.6000061035156,432.8799743652344,11211
2025-12-31 11:00:00+05:30,432.8600158691406,432.8600158691406,432.32000732421875,432.47998046875,19474
2025-12-31 11:05:00+05:30,432.47998046875,432.53997802734375,432.20001220703125,432.29998779296875,9231
2025-12-31 11:10:00+05:30,432.260009765625,432.27996826171875,431.760009765625,432.0799865722656,20536
2025-12-31 11:15:00+05:30,432.0,432.46002197265625,431.97998046875,432.20001220703125,26811
2025-12-31 11:20:00+05:30,432.20001220703125,432.29998779296875,431.96002197265625,432.20001220703125,13725
2025-12-31 11:25:00+05:30,432.1200256347656,432.6600036621094,431.70001220703125,432.6000061035156,24977
2025-12-31 11:30:00+05:30,432.6000061035156,433.02001953125,432.3799743652344,433.02001953125,6690
2025-12-31 11:35:00+05:30,432.79998779296875,434.03997802734375,432.79998779296875,433.739990234375,45232
2025-12-31 11:40:00+05:30,433.739990234375,434.22003173828125,433.53997802734375,433.97998046875,16756
2025-12-31 11:45:00+05:30,433.94000244140625,434.0,433.4200134277344,433.760009765625,24419
2025-12-31 11:50:00+05:30,433.77996826171875,433.8999938964844,433.52001953125,433.72003173828125,8330
2025-12-31 11:55:00+05:30,433.72003173828125,433.8999938964844,433.3399963378906,433.67999267578125,8161
2025-12-31 12:00:00+05:30,433.44000244140625,433.72003173828125,433.32000732421875,433.6000061035156,6418
2025-12-31 12:05:00+05:30,433.70001220703125,434.29998779296875,433.27996826171875,434.260009765625,15785
2025-12-31 12:10:00+05:30,434.32000732421875,434.72003173828125,434.03997802734375,434.70001220703125,27788
2025-12-31 12:15:00+05:30,434.6399841308594,435.0,434.6399841308594,434.9200134277344,31924
2025-12-31 12:20:00+05:30,434.8999938964844,435.239990234375,434.8799743652344,434.9200134277344,22438
2025-12-31 12:25:00+05:30,434.9200134277344,435.0,434.22003173828125,434.27996826171875,13890
2025-12-31 12:30:00+05:30,434.3399963378906,434.79998779296875,434.29998779296875,434.79998779296875,14136
2025-12-31 12:35:00+05:30,434.79998779296875,435.52001953125,434.79998779296875,435.52001953125,57677
2025-12-31 12:40:00+05:30,435.53997802734375,435.6000061035156,435.1399841308594,435.4200134277344,13171
2025-12-31 12:45:00+05:30,435.4200134277344,437.17999267578125,435.4200134277344,437.1399841308594,101119
2025-12-31 12:50:00+05:30,437.1399841308594,437.8399963378906,436.94000244140625,437.3600158691406,49679
2025-12-31 12:55:00+05:30,437.3600158691406,437.6200256347656,437.20001220703125,437.20001220703125,33095
2025-12-31 13:00:00+05:30,437.20001220703125,437.53997802734375,437.1000061035156,437.4200134277344,67080
2025-12-31 13:05:00+05:30,437.53997802734375,437.79998779296875,437.27996826171875,437.4200134277344,36376
2025-12-31 13:10:00+05:30,437.27996826171875,438.0,437.0799865722656,437.72003173828125,36431
2025-12-31 13:15:00+05:30,437.72003173828125,438.3999938964844,437.5,438.02001953125,22138
2025-12-31 13:20:00+05:30,438.1000061035156,438.17999267578125,437.29998779296875,437.6200256347656,51255
2025-12-31 13:25:00+05:30,437.6200256347656,437.9200134277344,437.3999938964844,437.79998779296875,24791
2025-12-31 13:30:00+05:30,437.79998779296875,437.8600158691406,437.17999267578125,437.32000732421875,22184
2025-12-31 13:35:00+05:30,437.32000732421875,437.3999938964844,436.79998779296875,436.8999938964844,25285
2025-12-31 13:40:00+05:30,436.9200134277344,437.3999938964844,436.9200134277344,437.3399963378906,21415
2025-12-31 13:45:00+05:30,437.3600158691406,437.79998779296875,437.1600036621094,437.79998779296875,17735
2025-12-31 13:50:00+05:30,437.739990234375,437.8600158691406,437.46002197265625,437.6600036621094,22230
2025-12-31 13:55:00+05:30,437.6200256347656,438.5,437.5799865722656,438.3600158691406,63516
2025-12-31 14:00:00+05:30,438.260009765625,438.6000061035156,438.1000061035156,438.1399841308594,25082
2025-12-31 14:05:00+05:30,438.1000061035156,439.02001953125,438.1000061035156,438.97998046875,32317
2025-12-31 14:10:00+05:30,439.0,439.22003173828125,438.760009765625,438.79998779296875,36105
2025-12-31 14:15:00+05:30,438.79998779296875,439.0,438.6399841308594,438.760009765625,27051
2025-12-31 14:20:00+05:30,438.77996826171875,438.8999938964844,438.3999938964844,438.6000061035156,30932
2025-12-31 14:25:00+05:30,438.6000061035156,439.3799743652344,438.6000061035156,439.29998779296875,26277
2025-12-31 14:30:00+05:30,439.29998779296875,439.5799865722656,439.0,439.5,44173
2025-12-31 14:35:00+05:30,439.47998046875,439.739990234375,439.17999267578125,439.739990234375,41695
2025-12-31 14:40:00+05:30,439.79998779296875,440.70001220703125,439.3600158691406,440.53997802734375,59911
2025-12-31 14:45:00+05:30,440.53997802734375,441.0,440.1399841308594,440.3600158691406,43541
2025-12-31 14:50:00+05:30,440.239990234375,440.32000732421875,439.3399963378906,440.1200256347656,461100
2025-12-31 14:55:00+05:30,440.1200256347656,440.260009765625,439.6399841308594,439.739990234375,35155
2025-12-31 15:00:00+05:30,439.760009765625,439.82000732421875,439.5,439.72003173828125,50928
2025-12-31 15:05:00+05:30,439.72003173828125,440.22003173828125,439.6600036621094,440.1600036621094,273297
2025-12-31 15:10:00+05:30,440.22003173828125,440.22003173828125,439.8999938964844,440.1600036621094,85108
2025-12-31 15:15:00+05:30,440.20001220703125,440.760009765625,439.94000244140625,440.6200256347656,145125
2025-12-31 15:20:00+05:30,440.5,440.6600036621094,440.20001220703125,440.6200256347656,107997
2025-12-31 15:25:00+05:30,440.6200256347656,441.0799865722656,440.46002197265625,440.6000061035156,98285
2026-01-01 09:20:00+05:30,439.52001953125,440.739990234375,439.32000732421875,439.94000244140625,37226
2026-01-01 09:25:00+05:30,439.96002197265625,439.96002197265625,439.0799865722656,439.52001953125,8131
2026-01-01 09:30:00+05:30,439.32000732421875,439.8799743652344,439.03997802734375,439.8799743652344,13539
2026-01-01 09:35:00+05:30,439.8799743652344,440.03997802734375,439.1000061035156,439.20001220703125,13737
2026-01-01 09:40:00+05:30,439.20001220703125,439.79998779296875,439.0799865722656,439.5,12553
2026-01-01 09:45:00+05:30,439.5,439.52001953125,438.70001220703125,439.1200256347656,15257
2026-01-01 09:50:00+05:30,439.03997802734375,439.22003173828125,438.5,438.739990234375,5927
2026-01-01 09:55:00+05:30,438.6000061035156,438.760009765625,438.260009765625,438.46002197265625,7484
2026-01-01 10:00:00+05:30,438.46002197265625,438.6600036621094,438.1000061035156,438.29998779296875,14294
2026-01-01 10:05:00+05:30,438.3999938964844,438.77996826171875,438.1200256347656,438.47998046875,5480
2026-01-01 10:10:00+05:30,438.53997802734375,438.8799743652344,438.3600158691406,438.77996826171875,3960
2026-01-01 10:15:00+05:30,438.77996826171875,438.79998779296875,438.3999938964844,438.6600036621094,3363
2026-01-01 10:20:00+05:30,438.5799865722656,438.760009765625,437.8399963378906,438.20001220703125,11366
2026-01-01 10:25:00+05:30,438.1000061035156,438.77996826171875,438.03997802734375,438.760009765625,4425
2026-01-01 10:30:00+05:30,438.6600036621094,438.9200134277344,438.53997802734375,438.8999938964844,2138
2026-01-01 10:35:00+05:30,438.8999938964844,439.1000061035156,438.79998779296875,439.0799865722656,2370
2026-01-01 10:40:00+05:30,439.0799865722656,439.3600158691406,438.72003173828125,439.0,5116
2026-01-01 10:45:00+05:30,439.1600036621094,439.46002197265625,439.0799865722656,439.29998779296875,5006
2026-01-01 10:50:00+05:30,439.3399963378906,439.3999938964844,438.72003173828125,438.8600158691406,4244
2026-01-01 10:55:00+05:30,438.72003173828125,438.8999938964844,438.46002197265625,438.8799743652344,2868
2026-01-01 11:00:00+05:30,438.97998046875,439.02001953125,438.6000061035156,438.739990234375,1767
2026-01-01 11:05:00+05:30,438.6000061035156,438.8399963378906,438.6000061035156,438.72003173828125,3538
2026-01-01 11:10:00+05:30,438.72003173828125,439.27996826171875,438.6000061035156,439.1600036621094,7797
2026-01-01 11:15:00+05:30,439.1600036621094,439.8399963378906,439.0,439.77996826171875,8470
2026-01-01 11:20:00+05:30,439.67999267578125,439.97998046875,439.1600036621094,439.1600036621094,7549
2026-01-01 11:25:00+05:30,439.29998779296875,439.6399841308594,439.260009765625,439.5,5562
2026-01-01 11:30:00+05:30,439.3999938964844,439.8600158691406,439.29998779296875,439.6000061035156,8329
2026-01-01 11:35:00+05:30,439.5,439.97998046875,439.47998046875,439.94000244140625,8148
2026-01-01 11:40:00+05:30,439.97998046875,440.0,439.32000732421875,439.6600036621094,9470
2026-01-01 11:45:00+05:30,439.79998779296875,440.3999938964844,439.6000061035156,440.20001220703125,12429
2026-01-01 11:50:00+05:30,440.29998779296875,440.47998046875,440.20001220703125,440.4200134277344,8200
2026-01-01 11:55:00+05:30,440.47998046875,440.6000061035156,440.03997802734375,440.6000061035156,15498
2026-01-01 12:00:00+05:30,440.6399841308594,440.70001220703125,440.02001953125,440.44000244140625,21494
2026-01-01 12:05:00+05:30,440.46002197265625,440.5799865722656,440.0,440.53997802734375,9278
2026-01-01 12:10:00+05:30,440.3799743652344,440.97998046875,440.3799743652344,440.97998046875,19860
2026-01-01 12:15:00+05:30,440.97998046875,440.97998046875,440.55999755859375,440.70001220703125,16722
2026-01-01 12:20:00+05:30,440.760009765625,440.8999938964844,440.47998046875,440.8799743652344,11948
2026-01-01 12:25:00+05:30,440.8799743652344,441.47998046875,440.739990234375,441.27996826171875,19485
2026-01-01 12:30:00+05:30,441.27996826171875,441.29998779296875,440.79998779296875,441.0,13859
2026-01-01 12:35:00+05:30,441.1000061035156,441.22003173828125,440.79998779296875,441.03997802734375,10935
2026-01-01 12:40:00+05:30,441.03997802734375,441.20001220703125,440.6600036621094,441.17999267578125,15959
2026-01-01 12:45:00+05:30,441.1600036621094,441.22003173828125,440.96002197265625,441.1200256347656,9114
2026-01-01 12:50:00+05:30,441.20001220703125,441.3799743652344,441.1200256347656,441.20001220703125,7448
2026-01-01 12:55:00+05:30,441.27996826171875,441.52001953125,441.20001220703125,441.3600158691406,8874
2026-01-01 13:00:00+05:30,441.47998046875,442.20001220703125,441.32000732421875,441.79998779296875,22960
2026-01-01 13:05:00+05:30,441.97998046875,442.0,441.79998779296875,441.79998779296875,9091
2026-01-01 13:10:00+05:30,441.97998046875,442.03997802734375,441.70001220703125,442.0,10409
2026-01-01 13:15:00+05:30,442.0,442.03997802734375,441.72003173828125,441.72003173828125,9894
2026-01-01 13:20:00+05:30,441.79998779296875,441.8399963378906,441.4200134277344,441.52001953125,10648
2026-01-01 13:25:00+05:30,441.5,441.8999938964844,441.3600158691406,441.3600158691406,10432
2026-01-01 13:30:00+05:30,441.47998046875,441.760009765625,441.27996826171875,441.72003173828125,13451
2026-01-01 13:35:00+05:30,441.72003173828125,442.20001220703125,441.3999938964844,442.02001953125,25416
2026-01-01 13:40:00+05:30,442.1200256347656,442.27996826171875,442.0,442.22003173828125,7109
2026-01-01 13:45:00+05:30,442.22003173828125,442.32000732421875,442.0,442.1399841308594,10837
2026-01-01 13:50:00+05:30,442.1399841308594,442.27996826171875,442.0,442.0,26706
2026-01-01 13:55:00+05:30,442.0799865722656,442.17999267578125,442.0,442.1600036621094,9353
2026-01-01 14:00:00+05:30,442.05999755859375,442.27996826171875,441.97998046875,442.27996826171875,9416
2026-01-01 14:05:00+05:30,442.17999267578125,442.27996826171875,441.8399963378906,442.0799865722656,10862
2026-01-01 14:10:00+05:30,442.0799865722656,442.29998779296875,442.0,442.17999267578125,11123
2026-01-01 14:15:00+05:30,442.1600036621094,442.22003173828125,441.97998046875,442.20001220703125,13474
2026-01-01 14:20:00+05:30,442.20001220703125,442.29998779296875,441.70001220703125,441.8600158691406,22576
2026-01-01 14:25:00+05:30,441.70001220703125,441.9200134277344,441.3999938964844,441.760009765625,15712
2026-01-01 14:30:00+05:30,441.53997802734375,442.1600036621094,441.53997802734375,442.1399841308594,9750
2026-01-01 14:35:00+05:30,442.1000061035156,442.20001220703125,441.79998779296875,442.17999267578125,9282
2026-01-01 14:40:00+05:30,442.20001220703125,442.97998046875,442.17999267578125,442.72003173828125,27449
2026-01-01 14:45:00+05:30,442.72003173828125,443.97998046875,442.53997802734375,443.6399841308594,45706
2026-01-01 14:50:00+05:30,443.52001953125,444.0,443.22003173828125,443.6600036621094,51573
2026-01-01 14:55:00+05:30,443.760009765625,443.9200134277344,443.46002197265625,443.47998046875,32159
2026-01-01 15:00:00+05:30,443.52001953125,443.8799743652344,443.1399841308594,443.760009765625,35565
2026-01-01 15:05:00+05:30,443.77996826171875,443.77996826171875,443.3999938964844,443.6000061035156,50125
2026-01-01 15:10:00+05:30,443.6399841308594,444.1600036621094,443.6000061035156,443.739990234375,67137
2026-01-01 15:15:00+05:30,443.70001220703125,443.760009765625,443.3600158691406,443.70001220703125,60305
2026-01-01 15:20:00+05:30,443.6200256347656,443.760009765625,443.3999938964844,443.3999938964844,64036
2026-01-01 15:25:00+05:30,443.53997802734375,443.6200256347656,442.6000061035156,443.3999938964844,94635
2026-01-02 09:20:00+05:30,443.82000732421875,444.1000061035156,443.29998779296875,443.52001953125,28107
2026-01-02 09:25:00+05:30,443.5,443.82000732421875,443.3399963378906,443.6000061035156,23566
2026-01-02 09:30:00+05:30,443.6000061035156,444.3799743652344,442.8999938964844,443.5799865722656,47514
2026-01-02 09:35:00+05:30,443.4200134277344,443.739990234375,442.70001220703125,442.97998046875,43846
2026-01-02 09:40:00+05:30,442.96002197265625,443.6000061035156,442.82000732421875,443.55999755859375,30811
2026-01-02 09:45:00+05:30,443.6000061035156,443.70001220703125,443.3799743652344,443.6200256347656,13862
2026-01-02 09:50:00+05:30,443.6200256347656,443.6399841308594,443.3399963378906,443.6200256347656,14562
2026-01-02 09:55:00+05:30,443.6200256347656,444.05999755859375,443.44000244140625,444.0,40995
2026-01-02 10:00:00+05:30,443.97998046875,445.0,443.97998046875,444.46002197265625,41583
2026-01-02 10:05:00+05:30,444.5799865722656,445.5,444.44000244140625,445.0,28138
2026-01-02 10:10:00+05:30,445.0,445.0,444.6000061035156,444.8399963378906,8266
2026-01-02 10:15:00+05:30,444.8399963378906,445.5,444.82000732421875,445.0799865722656,41076
2026-01-02 10:20:00+05:30,445.0799865722656,445.20001220703125,444.5799865722656,444.6200256347656,22619
2026-01-02 10:25:00+05:30,444.6000061035156,444.77996826171875,444.260009765625,444.760009765625,12200
2026-01-02 10:30:00+05:30,444.739990234375,444.739990234375,444.0,444.20001220703125,18360
2026-01-02 10:35:00+05:30,444.239990234375,445.20001220703125,444.20001220703125,445.0799865722656,24024
2026-01-02 10:40:00+05:30,445.0799865722656,445.17999267578125,444.52001953125,444.72003173828125,22900
2026-01-02 10:45:00+05:30,444.6000061035156,445.20001220703125,444.6000061035156,445.17999267578125,19576
2026-01-02 10:50:00+05:30,445.17999267578125,445.5799865722656,444.96002197265625,445.22003173828125,19026
2026-01-02 10:55:00+05:30,445.22003173828125,445.3799743652344,444.739990234375,445.02001953125,31998
2026-01-02 11:00:00+05:30,444.8600158691406,445.02001953125,444.4200134277344,444.8999938964844,30798
2026-01-02 11:05:00+05:30,444.8999938964844,445.03997802734375,444.6200256347656,444.77996826171875,22304
2026-01-02 11:10:00+05:30,444.77996826171875,444.94000244140625,444.53997802734375,444.77996826171875,18560
2026-01-02 11:15:00+05:30,444.6000061035156,444.8399963378906,444.5,444.72003173828125,24300
2026-01-02 11:20:00+05:30,444.72003173828125,444.79998779296875,444.4200134277344,444.6600036621094,23275
2026-01-02 11:25:00+05:30,444.6600036621094,444.6600036621094,444.46002197265625,444.6000061035156,17498
2026-01-02 11:30:00+05:30,444.6000061035156,444.79998779296875,444.46002197265625,444.70001220703125,20992
2026-01-02 11:35:00+05:30,444.67999267578125,444.8399963378906,444.5,444.739990234375,26491
2026-01-02 11:40:00+05:30,444.739990234375,444.8999938964844,444.52001953125,444.67999267578125,19784
2026-01-02 11:45:00+05:30,444.67999267578125,444.67999267578125,444.32000732421875,444.53997802734375,35261
2026-01-02 11:50:00+05:30,444.52001953125,444.8600158691406,444.3600158691406,444.8600158691406,41220
2026-01-02 11:55:00+05:30,444.8600158691406,445.20001220703125,444.72003173828125,444.8799743652344,59862
2026-01-02 12:00:00+05:30,444.8999938964844,445.0799865722656,444.6399841308594,444.97998046875,24364
2026-01-02 12:05:00+05:30,445.03997802734375,445.05999755859375,444.67999267578125,444.8799743652344,7910
2026-01-02 12:10:00+05:30,444.8799743652344,445.1000061035156,444.70001220703125,444.96002197265625,20595
2026-01-02 12:15:00+05:30,445.05999755859375,445.1000061035156,444.4200134277344,444.44000244140625,78190
2026-01-02 12:20:00+05:30,444.44000244140625,444.55999755859375,443.3600158691406,444.239990234375,23558
2026-01-02 12:25:00+05:30,444.239990234375,444.46002197265625,444.03997802734375,444.32000732421875,11197
2026-01-02 12:30:00+05:30,444.29998779296875,444.3999938964844,444.0,444.1200256347656,10215
2026-01-02 12:35:00+05:30,444.02001953125,444.1600036621094,444.0,444.0799865722656,21530
2026-01-02 12:40:00+05:30,444.0799865722656,444.1600036621094,443.3999938964844,443.8399963378906,27213
2026-01-02 12:45:00+05:30,443.8399963378906,443.9200134277344,443.3799743652344,443.5799865722656,14622
2026-01-02 12:50:00+05:30,443.47998046875,443.67999267578125,443.29998779296875,443.5799865722656,17243
2026-01-02 12:55:00+05:30,443.5799865722656,443.72003173828125,443.3600158691406,443.52001953125,19759
2026-01-02 13:00:00+05:30,443.6399841308594,443.8399963378906,443.3999938964844,443.79998779296875,17428
2026-01-02 13:05:00+05:30,443.77996826171875,444.0,443.3399963378906,443.3999938964844,12998
2026-01-02 13:10:00+05:30,443.3799743652344,443.70001220703125,443.27996826171875,443.46002197265625,10303
2026-01-02 13:15:00+05:30,443.53997802734375,443.6000061035156,443.22003173828125,443.52001953125,9856
2026-01-02 13:20:00+05:30,443.52001953125,443.52001953125,443.05999755859375,443.20001220703125,16782
2026-01-02 13:25:00+05:30,443.20001220703125,443.4200134277344,443.03997802734375,443.4200134277344,12939
2026-01-02 13:30:00+05:30,443.4200134277344,444.1200256347656,443.3600158691406,443.94000244140625,15712
2026-01-02 13:35:00+05:30,443.94000244140625,444.1000061035156,443.44000244140625,443.67999267578125,8957
2026-01-02 13:40:00+05:30,443.67999267578125,443.739990234375,443.44000244140625,443.6200256347656,8065
2026-01-02 13:45:00+05:30,443.44000244140625,443.6200256347656,443.1399841308594,443.29998779296875,15522
2026-01-02 13:50:00+05:30,443.29998779296875,443.3399963378906,442.739990234375,442.9200134277344,16039
2026-01-02 13:55:00+05:30,442.9200134277344,442.94000244140625,442.22003173828125,442.3600158691406,18933
2026-01-02 14:00:00+05:30,442.3600158691406,442.3799743652344,441.47998046875,441.52001953125,29139
2026-01-02 14:05:00+05:30,441.52001953125,441.67999267578125,441.0,441.3399963378906,30844
2026-01-02 14:10:00+05:30,441.3399963378906,441.79998779296875,441.29998779296875,441.70001220703125,20287
2026-01-02 14:15:00+05:30,441.70001220703125,442.260009765625,441.52001953125,441.9200134277344,17294
2026-01-02 14:20:00+05:30,441.9200134277344,442.0799865722656,441.52001953125,441.739990234375,25617
2026-01-02 14:25:00+05:30,441.6000061035156,441.6000061035156,440.8399963378906,441.239990234375,33845
2026-01-02 14:30:00+05:30,441.239990234375,441.239990234375,440.4200134277344,440.55999755859375,20649
2026-01-02 14:35:00+05:30,440.55999755859375,440.55999755859375,440.20001220703125,440.3399963378906,27989
2026-01-02 14:40:00+05:30,440.3399963378906,440.46002197265625,440.260009765625,440.3799743652344,26207
2026-01-02 14:45:00+05:30,440.3799743652344,440.8399963378906,440.05999755859375,440.32000732421875,24449
2026-01-02 14:50:00+05:30,440.32000732421875,440.70001220703125,440.1200256347656,440.3799743652344,20460
2026-01-02 14:55:00+05:30,440.3600158691406,440.5799865722656,440.1000061035156,440.5,26816
2026-01-02 15:00:00+05:30,440.5799865722656,440.70001220703125,439.96002197265625,440.0799865722656,59839
2026-01-02 15:05:00+05:30,439.94000244140625,440.0799865722656,438.260009765625,438.8799743652344,77271
2026-01-02 15:10:00+05:30,438.8399963378906,440.1600036621094,438.8399963378906,439.96002197265625,78076
2026-01-02 15:15:00+05:30,439.96002197265625,440.17999267578125,439.02001953125,439.6399841308594,161977
2026-01-02 15:20:00+05:30,439.70001220703125,439.70001220703125,438.27996826171875,438.5799865722656,236061
2026-01-02 15:25:00+05:30,438.5799865722656,438.5799865722656,436.1399841308594,437.3999938964844,104386
2026-01-05 09:20:00+05:30,437.739990234375,439.46002197265625,437.72003173828125,438.1600036621094,22189
2026-01-05 09:25:00+05:30,437.96002197265625,438.47998046875,437.260009765625,437.5799865722656,13830
2026-01-05 09:30:00+05:30,437.6399841308594,437.97998046875,436.6600036621094,436.6600036621094,20146
2026-01-05 09:35:00+05:30,436.6600036621094,438.8399963378906,436.52001953125,438.3999938964844,33145
2026-01-05 09:40:00+05:30,438.5799865722656,439.3600158691406,438.3999938964844,439.27996826171875,33443
2026-01-05 09:45:00+05:30,439.1200256347656,439.3600158691406,439.0,439.3600158691406,21912
2026-01-05 09:50:00+05:30,439.3799743652344,440.55999755859375,439.0,440.0,62129
2026-01-05 09:55:00+05:30,440.0,441.03997802734375,439.97998046875,440.96002197265625,30728
2026-01-05 10:00:00+05:30,440.96002197265625,441.239990234375,440.52001953125,440.739990234375,32526
2026-01-05 10:05:00+05:30,440.6000061035156,441.27996826171875,440.6000061035156,441.1200256347656,22353
2026-01-05 10:10:00+05:30,441.1000061035156,441.260009765625,440.82000732421875,441.260009765625,32052
2026-01-05 10:15:00+05:30,441.239990234375,441.239990234375,440.260009765625,440.47998046875,20324
2026-01-05 10:20:00+05:30,440.47998046875,440.8799743652344,440.3600158691406,440.5,42898
2026-01-05 10:25:00+05:30,440.5,440.53997802734375,439.8799743652344,440.02001953125,24257
2026-01-05 10:30:00+05:30,439.97998046875,440.0,439.3600158691406,439.6000061035156,32120
2026-01-05 10:35:00+05:30,439.8799743652344,440.03997802734375,438.77996826171875,439.22003173828125,79534
2026-01-05 10:40:00+05:30,439.1000061035156,439.8600158691406,439.05999755859375,439.8600158691406,14111
2026-01-05 10:45:00+05:30,439.82000732421875,439.97998046875,439.5,439.70001220703125,12533
2026-01-05 10:50:00+05:30,439.70001220703125,439.79998779296875,439.20001220703125,439.3399963378906,12900
2026-01-05 10:55:00+05:30,439.46002197265625,439.5799865722656,438.9200134277344,439.1200256347656,17523
2026-01-05 11:00:00+05:30,439.0799865722656,439.20001220703125,438.3999938964844,438.8799743652344,14436
2026-01-05 11:05:00+05:30,439.0,439.44000244140625,438.8399963378906,439.0799865722656,12075
2026-01-05 11:10:00+05:30,439.0799865722656,439.6000061035156,438.96002197265625,439.55999755859375,12755
2026-01-05 11:15:00+05:30,439.53997802734375,439.55999755859375,438.8399963378906,439.20001220703125,15887
2026-01-05 11:20:00+05:30,439.20001220703125,439.260009765625,438.3399963378906,438.47998046875,21628
2026-01-05 11:25:00+05:30,438.3999938964844,439.17999267578125,437.9200134277344,439.1399841308594,56801
2026-01-05 11:30:00+05:30,439.05999755859375,439.20001220703125,438.3600158691406,438.3600158691406,11465
2026-01-05 11:35:00+05:30,438.52001953125,439.02001953125,438.3399963378906,438.9200134277344,19161
2026-01-05 11:40:00+05:30,438.739990234375,439.239990234375,438.739990234375,439.0,17478
2026-01-05 11:45:00+05:30,439.0,439.20001220703125,438.6200256347656,438.9200134277344,24142
2026-01-05 11:50:00+05:30,438.8799743652344,439.260009765625,438.8600158691406,438.97998046875,20763
2026-01-05 11:55:00+05:30,439.1200256347656,439.72003173828125,438.8600158691406,439.72003173828125,30952
2026-01-05 12:00:00+05:30,439.72003173828125,440.0,439.55999755859375,439.8999938964844,21500
2026-01-05 12:05:00+05:30,439.79998779296875,439.97998046875,439.760009765625,439.96002197265625,19794
2026-01-05 12:10:00+05:30,439.96002197265625,439.96002197265625,439.20001220703125,439.3999938964844,23856
2026-01-05 12:15:00+05:30,439.53997802734375,439.760009765625,439.02001953125,439.239990234375,12525
2026-01-05 12:20:00+05:30,439.239990234375,439.32000732421875,438.6399841308594,438.6399841308594,14463
2026-01-05 12:25:00+05:30,438.82000732421875,438.97998046875,438.6200256347656,438.6600036621094,11355
2026-01-05 12:30:00+05:30,438.82000732421875,438.8999938964844,438.6000061035156,438.6000061035156,11426
2026-01-05 12:35:00+05:30,438.6000061035156,439.03997802734375,438.6000061035156,438.8999938964844,14991
2026-01-05 12:40:00+05:30,438.96002197265625,439.05999755859375,438.72003173828125,438.77996826171875,22515
2026-01-05 12:45:00+05:30,438.77996826171875,439.05999755859375,438.760009765625,438.97998046875,15287
2026-01-05 12:50:00+05:30,438.79998779296875,439.03997802734375,438.739990234375,438.760009765625,26002
2026-01-05 12:55:00+05:30,438.760009765625,439.03997802734375,438.72003173828125,438.79998779296875,10964
2026-01-05 13:00:00+05:30,438.9200134277344,439.03997802734375,438.739990234375,438.79998779296875,20356
2026-01-05 13:05:00+05:30,438.96002197265625,439.239990234375,438.739990234375,439.1000061035156,19616
2026-01-05 13:10:00+05:30,439.1000061035156,439.1000061035156,438.67999267578125,439.0,11097
2026-01-05 13:15:00+05:30,438.94000244140625,439.05999755859375,438.3999938964844,438.55999755859375,12047
2026-01-05 13:20:00+05:30,438.3999938964844,439.0,438.3999938964844,438.79998779296875,11126
2026-01-05 13:25:00+05:30,438.82000732421875,438.97998046875,438.6200256347656,438.77996826171875,11268
2026-01-05 13:30:00+05:30,438.82000732421875,439.20001220703125,438.53997802734375,439.17999267578125,11763
2026-01-05 13:35:00+05:30,439.17999267578125,439.22003173828125,438.239990234375,438.47998046875,16659
2026-01-05 13:40:00+05:30,438.32000732421875,438.739990234375,438.260009765625,438.6399841308594,15707
2026-01-05 13:45:00+05:30,438.47998046875,438.6600036621094,437.8399963378906,438.1000061035156,21222
2026-01-05 13:50:00+05:30,437.9200134277344,438.3600158691406,437.8399963378906,438.260009765625,115720
2026-01-05 13:55:00+05:30,438.1000061035156,438.5799865722656,438.1000061035156,438.27996826171875,18602
2026-01-05 14:00:00+05:30,438.1399841308594,438.44000244140625,437.97998046875,438.1600036621094,21163
2026-01-05 14:05:00+05:30,438.1600036621094,438.27996826171875,437.96002197265625,438.05999755859375,31891
2026-01-05 14:10:00+05:30,438.0,438.22003173828125,437.8399963378906,438.03997802734375,31355
2026-01-05 14:15:00+05:30,438.1399841308594,438.27996826171875,438.0,438.0799865722656,20571
2026-01-05 14:20:00+05:30,438.0799865722656,438.3799743652344,437.96002197265625,438.0,25425
2026-01-05 14:25:00+05:30,438.03997802734375,438.32000732421875,438.0,438.1600036621094,20895
2026-01-05 14:30:00+05:30,438.17999267578125,438.3999938964844,437.97998046875,438.0,27237
2026-01-05 14:35:00+05:30,438.02001953125,438.260009765625,438.0,438.1000061035156,37215
2026-01-05 14:40:00+05:30,438.1000061035156,438.239990234375,438.0,438.1000061035156,18813
2026-01-05 14:45:00+05:30,438.1399841308594,438.239990234375,437.97998046875,438.17999267578125,31971
2026-01-05 14:50:00+05:30,438.17999267578125,438.3999938964844,437.97998046875,438.260009765625,40236
2026-01-05 14:55:00+05:30,438.239990234375,438.3999938964844,437.97998046875,438.27996826171875,26368
2026-01-05 15:00:00+05:30,438.3999938964844,439.1000061035156,438.27996826171875,438.6600036621094,63775
2026-01-05 15:05:00+05:30,438.6200256347656,438.6600036621094,437.97998046875,438.1399841308594,58837
2026-01-05 15:10:00+05:30,438.1399841308594,438.239990234375,437.9200134277344,438.02001953125,78568
2026-01-05 15:15:00+05:30,438.0,438.03997802734375,438.0,438.02001953125,95435
2026-01-05 15:20:00+05:30,438.02001953125,438.1600036621094,437.96002197265625,438.02001953125,87623
2026-01-05 15:25:00+05:30,438.0,438.6600036621094,437.8399963378906,438.17999267578125,88228
2026-01-06 09:20:00+05:30,442.6399841308594,442.6399841308594,440.70001220703125,440.82000732421875,55866
2026-01-06 09:25:00+05:30,441.0,441.03997802734375,439.3999938964844,439.52001953125,49871
2026-01-06 09:30:00+05:30,439.46002197265625,439.97998046875,438.9200134277344,439.46002197265625,63295
2026-01-06 09:35:00+05:30,439.4200134277344,439.6000061035156,438.29998779296875,438.53997802734375,120956
2026-01-06 09:40:00+05:30,438.6600036621094,439.0,438.4200134277344,438.9200134277344,30908
2026-01-06 09:45:00+05:30,439.0,439.0,438.22003173828125,438.32000732421875,23808
2026-01-06 09:50:00+05:30,438.3799743652344,438.5,437.8399963378906,438.0,36352
2026-01-06 09:55:00+05:30,437.97998046875,438.5799865722656,437.8600158691406,438.3799743652344,58591
2026-01-06 10:00:00+05:30,438.52001953125,438.70001220703125,437.760009765625,437.760009765625,33841
2026-01-06 10:05:00+05:30,437.77996826171875,437.77996826171875,436.8399963378906,437.53997802734375,31913
2026-01-06 10:10:00+05:30,437.53997802734375,438.1600036621094,437.53997802734375,437.97998046875,14459
2026-01-06 10:15:00+05:30,437.97998046875,438.05999755859375,437.72003173828125,437.739990234375,10197
2026-01-06 10:20:00+05:30,437.70001220703125,437.9200134277344,437.22003173828125,437.32000732421875,14271
2026-01-06 10:25:00+05:30,437.3600158691406,437.44000244140625,437.1399841308594,437.1399841308594,14474
2026-01-06 10:30:00+05:30,437.1399841308594,437.82000732421875,436.44000244140625,437.82000732421875,127568
2026-01-06 10:35:00+05:30,437.82000732421875,438.239990234375,436.70001220703125,436.739990234375,72549
2026-01-06 10:40:00+05:30,436.79998779296875,437.6000061035156,436.3600158691406,437.46002197265625,247156
2026-01-06 10:45:00+05:30,437.29998779296875,437.29998779296875,435.739990234375,435.8999938964844,565211
2026-01-06 10:50:00+05:30,435.8799743652344,436.29998779296875,435.6200256347656,436.22003173828125,48837
2026-01-06 10:55:00+05:30,436.22003173828125,437.9200134277344,436.22003173828125,436.3799743652344,238068
2026-01-06 11:00:00+05:30,436.3799743652344,436.3799743652344,434.8399963378906,435.9200134277344,32434
2026-01-06 11:05:00+05:30,435.94000244140625,436.05999755859375,435.4200134277344,435.739990234375,33086
2026-01-06 11:10:00+05:30,435.739990234375,435.97998046875,435.02001953125,435.17999267578125,14279
2026-01-06 11:15:00+05:30,435.17999267578125,435.17999267578125,434.17999267578125,434.52001953125,58127
2026-01-06 11:20:00+05:30,434.52001953125,434.6000061035156,434.0,434.22003173828125,17848
2026-01-06 11:25:00+05:30,434.17999267578125,434.6200256347656,433.96002197265625,434.47998046875,28810
2026-01-06 11:30:00+05:30,434.47998046875,434.6399841308594,433.52001953125,433.760009765625,33408
2026-01-06 11:35:00+05:30,433.760009765625,433.82000732421875,432.53997802734375,432.67999267578125,42754
2026-01-06 11:40:00+05:30,432.72003173828125,434.0,432.53997802734375,434.0,31377
2026-01-06 11:45:00+05:30,433.97998046875,434.0,433.3799743652344,433.67999267578125,13961
2026-01-06 11:50:00+05:30,433.67999267578125,433.94000244140625,433.6000061035156,433.760009765625,16427
2026-01-06 11:55:00+05:30,433.739990234375,433.94000244140625,433.5799865722656,433.8600158691406,16500
2026-01-06 12:00:00+05:30,433.760009765625,433.94000244140625,433.3399963378906,433.82000732421875,22356
2026-01-06 12:05:00+05:30,433.77996826171875,433.8399963378906,432.77996826171875,432.97998046875,87096
2026-01-06 12:10:00+05:30,433.0,433.55999755859375,432.6600036621094,433.3799743652344,126024
2026-01-06 12:15:00+05:30,433.3600158691406,433.4200134277344,432.8799743652344,433.1600036621094,75603
2026-01-06 12:20:00+05:30,433.1600036621094,433.20001220703125,433.0,433.02001953125,11907
2026-01-06 12:25:00+05:30,433.02001953125,433.1600036621094,431.8999938964844,432.4200134277344,87422
2026-01-06 12:30:00+05:30,432.6000061035156,432.6600036621094,432.0,432.20001220703125,15631
2026-01-06 12:35:00+05:30,432.22003173828125,432.27996826171875,431.29998779296875,431.3999938964844,28396
2026-01-06 12:40:00+05:30,431.52001953125,431.67999267578125,430.20001220703125,430.20001220703125,43121
2026-01-06 12:45:00+05:30,430.20001220703125,430.22003173828125,428.97998046875,429.55999755859375,67046
2026-01-06 12:50:00+05:30,429.3600158691406,430.17999267578125,429.1600036621094,429.44000244140625,59659
2026-01-06 12:55:00+05:30,429.4200134277344,429.4200134277344,428.96002197265625,429.1200256347656,22919
2026-01-06 13:00:00+05:30,429.1600036621094,429.53997802734375,429.03997802734375,429.1399841308594,21075
2026-01-06 13:05:00+05:30,429.1600036621094,429.20001220703125,428.239990234375,428.96002197265625,57727
2026-01-06 13:10:00+05:30,428.96002197265625,429.1200256347656,428.55999755859375,428.70001220703125,25256
2026-01-06 13:15:00+05:30,428.67999267578125,428.70001220703125,427.29998779296875,427.72003173828125,43046
2026-01-06 13:20:00+05:30,427.760009765625,428.0,427.3999938964844,427.44000244140625,44214
2026-01-06 13:25:00+05:30,427.46002197265625,427.77996826171875,427.0,427.67999267578125,44342
2026-01-06 13:30:00+05:30,427.67999267578125,428.79998779296875,427.44000244140625,428.79998779296875,33199
2026-01-06 13:35:00+05:30,428.79998779296875,429.8999938964844,428.5799865722656,429.77996826171875,47315
2026-01-06 13:40:00+05:30,429.77996826171875,430.0,429.3399963378906,429.8799743652344,41079
2026-01-06 13:45:00+05:30,429.8600158691406,430.0,429.739990234375,429.94000244140625,56457
2026-01-06 13:50:00+05:30,429.94000244140625,430.22003173828125,429.3999938964844,429.5799865722656,112949
2026-01-06 13:55:00+05:30,429.47998046875,429.97998046875,429.239990234375,429.94000244140625,46403
2026-01-06 14:00:00+05:30,429.94000244140625,430.1200256347656,429.72003173828125,429.8999938964844,62000
2026-01-06 14:05:00+05:30,429.8999938964844,430.02001953125,429.3999938964844,429.77996826171875,60161
2026-01-06 14:10:00+05:30,429.77996826171875,430.0,429.6200256347656,429.79998779296875,35737
2026-01-06 14:15:00+05:30,429.82000732421875,429.8399963378906,429.260009765625,429.27996826171875,36924
2026-01-06 14:20:00+05:30,429.27996826171875,429.70001220703125,429.239990234375,429.70001220703125,39908
2026-01-06 14:25:00+05:30,429.6399841308594,429.96002197265625,429.29998779296875,429.96002197265625,48741
2026-01-06 14:30:00+05:30,429.9200134277344,429.96002197265625,429.70001220703125,429.739990234375,53807
2026-01-06 14:35:00+05:30,429.739990234375,430.02001953125,429.5799865722656,429.97998046875,113796
2026-01-06 14:40:00+05:30,430.0,430.0,429.1600036621094,429.8799743652344,84460
2026-01-06 14:45:00+05:30,429.8600158691406,430.0,429.77996826171875,429.77996826171875,51414
2026-01-06 14:50:00+05:30,429.6399841308594,429.9200134277344,429.46002197265625,429.5799865722656,53413
2026-01-06 14:55:00+05:30,429.5799865722656,429.96002197265625,429.52001953125,429.6399841308594,91899
2026-01-06 15:00:00+05:30,429.72003173828125,429.739990234375,428.82000732421875,428.94000244140625,124238
2026-01-06 15:05:00+05:30,428.94000244140625,429.6000061035156,428.8399963378906,428.9200134277344,209390
2026-01-06 15:10:00+05:30,428.96002197265625,429.3999938964844,428.82000732421875,429.27996826171875,109445
2026-01-06 15:15:00+05:30,429.260009765625,429.79998779296875,429.1399841308594,429.6200256347656,130407
2026-01-06 15:20:00+05:30,429.6200256347656,429.79998779296875,429.22003173828125,429.3399963378906,106318
2026-01-06 15:25:00+05:30,429.22003173828125,429.5,428.70001220703125,429.5,101721
2026-01-07 09:20:00+05:30,428.6399841308594,429.53997802734375,428.3799743652344,429.1200256347656,17722
2026-01-07 09:25:00+05:30,429.0,429.20001220703125,428.4200134277344,429.03997802734375,10556
2026-01-07 09:30:00+05:30,429.22003173828125,429.6000061035156,429.03997802734375,429.22003173828125,10774
2026-01-07 09:35:00+05:30,429.20001220703125,429.8999938964844,428.96002197265625,429.5,46148
2026-01-07 09:40:00+05:30,429.47998046875,429.47998046875,427.8399963378906,427.97998046875,21383
2026-01-07 09:45:00+05:30,427.8399963378906,428.20001220703125,427.739990234375,427.739990234375,21841
2026-01-07 09:50:00+05:30,427.739990234375,427.739990234375,427.0,427.1399841308594,34081
2026-01-07 09:55:00+05:30,427.1200256347656,427.20001220703125,426.9200134277344,426.9200134277344,35631
2026-01-07 10:00:00+05:30,426.94000244140625,426.94000244140625,426.03997802734375,426.260009765625,19118
2026-01-07 10:05:00+05:30,426.27996826171875,426.6000061035156,425.8600158691406,426.6000061035156,16336
2026-01-07 10:10:00+05:30,426.52001953125,427.1399841308594,426.46002197265625,426.96002197265625,22639
2026-01-07 10:15:00+05:30,427.0,427.0799865722656,426.8399963378906,426.8799743652344,44460
2026-01-07 10:20:00+05:30,426.96002197265625,427.0,426.32000732421875,426.32000732421875,12527
2026-01-07 10:25:00+05:30,426.29998779296875,426.32000732421875,425.8799743652344,425.97998046875,14511
2026-01-07 10:30:00+05:30,425.94000244140625,425.94000244140625,425.20001220703125,425.29998779296875,39104
2026-01-07 10:35:00+05:30,425.29998779296875,425.96002197265625,425.20001220703125,425.96002197265625,10392
2026-01-07 10:40:00+05:30,425.96002197265625,426.1000061035156,425.44000244140625,426.0,16918
2026-01-07 10:45:00+05:30,426.0,426.05999755859375,425.6200256347656,425.72003173828125,5614
2026-01-07 10:50:00+05:30,425.70001220703125,426.77996826171875,425.70001220703125,426.6000061035156,12993
2026-01-07 10:55:00+05:30,426.6000061035156,426.8999938964844,426.5799865722656,426.70001220703125,9094
2026-01-07 11:00:00+05:30,426.760009765625,426.760009765625,426.47998046875,426.55999755859375,8540
2026-01-07 11:05:00+05:30,426.53997802734375,426.5799865722656,426.03997802734375,426.1600036621094,11089
2026-01-07 11:10:00+05:30,426.1600036621094,426.1600036621094,425.739990234375,425.79998779296875,11475
2026-01-07 11:15:00+05:30,425.79998779296875,425.8799743652344,425.239990234375,425.32000732421875,12595
2026-01-07 11:20:00+05:30,425.32000732421875,425.5,424.6000061035156,424.6000061035156,19561
2026-01-07 11:25:00+05:30,424.6200256347656,425.0799865722656,424.3399963378906,424.3399963378906,14949
2026-01-07 11:30:00+05:30,424.3999938964844,425.02001953125,424.3999938964844,424.8600158691406,13175
2026-01-07 11:35:00+05:30,424.8799743652344,424.94000244140625,424.05999755859375,424.05999755859375,31561
2026-01-07 11:40:00+05:30,424.1000061035156,424.3600158691406,423.6399841308594,423.6600036621094,37636
2026-01-07 11:45:00+05:30,423.6399841308594,423.67999267578125,423.05999755859375,423.17999267578125,58707
2026-01-07 11:50:00+05:30,423.17999267578125,423.6200256347656,423.03997802734375,423.239990234375,36642
2026-01-07 11:55:00+05:30,423.239990234375,423.44000244140625,423.0799865722656,423.1000061035156,33585
2026-01-07 12:00:00+05:30,423.17999267578125,423.20001220703125,422.70001220703125,422.79998779296875,38094
2026-01-07 12:05:00+05:30,422.760009765625,423.0,422.239990234375,422.47998046875,42924
2026-01-07 12:10:00+05:30,422.32000732421875,422.52001953125,422.1600036621094,422.3799743652344,37962
2026-01-07 12:15:00+05:30,422.3799743652344,422.9200134277344,421.8399963378906,422.67999267578125,48522
2026-01-07 12:20:00+05:30,422.6000061035156,422.739990234375,421.8999938964844,422.3799743652344,36900
2026-01-07 12:25:00+05:30,422.3399963378906,422.760009765625,422.27996826171875,422.760009765625,22086
2026-01-07 12:30:00+05:30,422.739990234375,424.5,422.70001220703125,424.27996826171875,43470
2026-01-07 12:35:00+05:30,424.1200256347656,424.29998779296875,423.760009765625,424.17999267578125,33277
2026-01-07 12:40:00+05:30,424.1399841308594,424.3799743652344,423.3600158691406,423.5,14903
2026-01-07 12:45:00+05:30,423.3999938964844,423.5,423.22003173828125,423.32000732421875,12658
2026-01-07 12:50:00+05:30,423.3799743652344,423.72003173828125,423.32000732421875,423.5,15805
2026-01-07 12:55:00+05:30,423.47998046875,423.6200256347656,423.239990234375,423.44000244140625,11769
2026-01-07 13:00:00+05:30,423.4200134277344,423.6399841308594,423.3999938964844,423.44000244140625,5228
2026-01-07 13:05:00+05:30,423.4200134277344,423.8399963378906,423.3999938964844,423.760009765625,6568
2026-01-07 13:10:00+05:30,423.760009765625,424.4200134277344,423.6600036621094,424.05999755859375,12466
2026-01-07 13:15:00+05:30,424.0799865722656,424.17999267578125,423.8999938964844,424.0799865722656,7108
2026-01-07 13:20:00+05:30,424.03997802734375,424.17999267578125,424.0,424.05999755859375,8268
2026-01-07 13:25:00+05:30,424.03997802734375,424.20001220703125,423.72003173828125,423.96002197265625,61164
2026-01-07 13:30:00+05:30,423.96002197265625,424.29998779296875,423.96002197265625,424.17999267578125,17441
2026-01-07 13:35:00+05:30,424.17999267578125,424.82000732421875,424.1600036621094,424.6600036621094,15575
2026-01-07 13:40:00+05:30,424.6600036621094,425.5,424.52001953125,425.5,15823
2026-01-07 13:45:00+05:30,425.46002197265625,425.6399841308594,425.260009765625,425.5799865722656,11180
2026-01-07 13:50:00+05:30,425.6000061035156,426.0,425.3999938964844,425.96002197265625,18901
2026-01-07 13:55:00+05:30,425.94000244140625,426.3799743652344,425.79998779296875,426.239990234375,16790
2026-01-07 14:00:00+05:30,426.27996826171875,426.29998779296875,425.96002197265625,426.29998779296875,10035
2026-01-07 14:05:00+05:30,426.22003173828125,426.6000061035156,426.0799865722656,426.22003173828125,18466
2026-01-07 14:10:00+05:30,426.22003173828125,426.44000244140625,426.0799865722656,426.29998779296875,11031
2026-01-07 14:15:00+05:30,426.1600036621094,426.4200134277344,426.05999755859375,426.3399963378906,22559
2026-01-07 14:20:00+05:30,426.27996826171875,426.77996826171875,426.1600036621094,426.70001220703125,11515
2026-01-07 14:25:00+05:30,426.70001220703125,427.02001953125,426.67999267578125,427.0,28695
2026-01-07 14:30:00+05:30,427.0,427.02001953125,426.79998779296875,426.8799743652344,21283
2026-01-07 14:35:00+05:30,426.8799743652344,426.96002197265625,426.79998779296875,426.8399963378906,11627
2026-01-07 14:40:00+05:30,426.8799743652344,427.6200256347656,426.8600158691406,427.53997802734375,46821
2026-01-07 14:45:00+05:30,427.55999755859375,427.55999755859375,426.79998779296875,426.82000732421875,35477
2026-01-07 14:50:00+05:30,426.82000732421875,426.96002197265625,426.79998779296875,426.8999938964844,14541
2026-01-07 14:55:00+05:30,426.8999938964844,427.32000732421875,426.79998779296875,427.32000732421875,61891
2026-01-07 15:00:00+05:30,427.55999755859375,428.3999938964844,427.55999755859375,428.3600158691406,62695
2026-01-07 15:05:00+05:30,428.3600158691406,428.70001220703125,428.17999267578125,428.3999938964844,66616
2026-01-07 15:10:00+05:30,428.4200134277344,428.77996826171875,428.03997802734375,428.70001220703125,54914
2026-01-07 15:15:00+05:30,428.72003173828125,429.27996826171875,428.72003173828125,429.27996826171875,58986
2026-01-07 15:20:00+05:30,429.27996826171875,429.3799743652344,428.8999938964844,429.0799865722656,151636
2026-01-07 15:25:00+05:30,429.0799865722656,429.5,428.79998779296875,428.79998779296875,98935
2026-01-08 09:20:00+05:30,425.47998046875,426.1399841308594,425.44000244140625,426.05999755859375,18389
2026-01-08 09:25:00+05:30,426.0,426.0,425.6000061035156,425.97998046875,15402
2026-01-08 09:30:00+05:30,425.97998046875,426.6399841308594,425.97998046875,426.27996826171875,29945
2026-01-08 09:35:00+05:30,426.27996826171875,426.27996826171875,425.53997802734375,425.8799743652344,24778
2026-01-08 09:40:00+05:30,425.8399963378906,426.17999267578125,425.3999938964844,425.3999938964844,18815
2026-01-08 09:45:00+05:30,425.29998779296875,425.5,425.05999755859375,425.5,18111
2026-01-08 09:50:00+05:30,425.6399841308594,426.4200134277344,425.5,426.3799743652344,10201
2026-01-08 09:55:00+05:30,426.3799743652344,426.6000061035156,426.1399841308594,426.5799865722656,10637
2026-01-08 10:00:00+05:30,426.5799865722656,426.6399841308594,426.1000061035156,426.3799743652344,10240
2026-01-08 10:05:00+05:30,426.3799743652344,426.70001220703125,426.3399963378906,426.52001953125,9994
2026-01-08 10:10:00+05:30,426.55999755859375,426.8999938964844,426.3600158691406,426.5799865722656,10344
2026-01-08 10:15:00+05:30,426.5799865722656,427.03997802734375,426.46002197265625,426.8799743652344,8431
2026-01-08 10:20:00+05:30,426.8999938964844,426.8999938964844,425.97998046875,426.1600036621094,11772
2026-01-08 10:25:00+05:30,426.1399841308594,426.3999938964844,425.82000732421875,426.260009765625,9265
2026-01-08 10:30:00+05:30,426.260009765625,426.27996826171875,425.8399963378906,425.96002197265625,8729
2026-01-08 10:35:00+05:30,425.94000244140625,426.0,425.02001953125,425.1000061035156,16717
2026-01-08 10:40:00+05:30,425.1000061035156,425.3399963378906,425.05999755859375,425.17999267578125,11902
2026-01-08 10:45:00+05:30,425.17999267578125,425.55999755859375,425.1600036621094,425.3799743652344,6536
2026-01-08 10:50:00+05:30,425.3799743652344,425.8399963378906,425.260009765625,425.82000732421875,13153
2026-01-08 10:55:00+05:30,425.82000732421875,425.82000732421875,425.0799865722656,425.32000732421875,15008
2026-01-08 11:00:00+05:30,425.260009765625,425.32000732421875,424.739990234375,425.02001953125,24315
2026-01-08 11:05:00+05:30,424.8799743652344,424.8799743652344,424.239990234375,424.32000732421875,21604
2026-01-08 11:10:00+05:30,424.32000732421875,424.6399841308594,424.1399841308594,424.6399841308594,22083
2026-01-08 11:15:00+05:30,424.77996826171875,424.8600158691406,424.0799865722656,424.32000732421875,23879
2026-01-08 11:20:00+05:30,424.32000732421875,424.3399963378906,423.760009765625,424.1000061035156,26491
2026-01-08 11:25:00+05:30,424.1399841308594,424.6200256347656,424.1000061035156,424.52001953125,13775
2026-01-08 11:30:00+05:30,424.53997802734375,424.53997802734375,424.17999267578125,424.20001220703125,14171
2026-01-08 11:35:00+05:30,424.20001220703125,424.5,424.1399841308594,424.47998046875,5536
2026-01-08 11:40:00+05:30,424.5,424.739990234375,424.3600158691406,424.3600158691406,8271
2026-01-08 11:45:00+05:30,424.32000732421875,424.739990234375,424.32000732421875,424.739990234375,11475
2026-01-08 11:50:00+05:30,424.72003173828125,425.46002197265625,424.72003173828125,425.1200256347656,14560
2026-01-08 11:55:00+05:30,425.0799865722656,425.20001220703125,424.3799743652344,424.3999938964844,21805
2026-01-08 12:00:00+05:30,424.3999938964844,424.72003173828125,424.1600036621094,424.22003173828125,417946
2026-01-08 12:05:00+05:30,424.260009765625,424.82000732421875,424.0,424.4200134277344,12119
2026-01-08 12:10:00+05:30,424.46002197265625,425.0,424.32000732421875,425.0,15779
2026-01-08 12:15:00+05:30,424.97998046875,425.4200134277344,424.8999938964844,425.03997802734375,12320
2026-01-08 12:20:00+05:30,425.03997802734375,425.17999267578125,424.79998779296875,424.8399963378906,10399
2026-01-08 12:25:00+05:30,424.79998779296875,425.3600158691406,424.79998779296875,425.17999267578125,11961
2026-01-08 12:30:00+05:30,425.17999267578125,425.17999267578125,424.760009765625,424.8600158691406,7433
2026-01-08 12:35:00+05:30,424.97998046875,425.1000061035156,424.6600036621094,424.77996826171875,13828
2026-01-08 12:40:00+05:30,424.77996826171875,424.97998046875,424.6000061035156,424.8999938964844,17553
2026-01-08 12:45:00+05:30,424.8999938964844,425.1200256347656,424.77996826171875,425.1200256347656,19909
2026-01-08 12:50:00+05:30,425.17999267578125,425.239990234375,424.96002197265625,425.1200256347656,13617
2026-01-08 12:55:00+05:30,425.1200256347656,425.20001220703125,425.0,425.0799865722656,10065
2026-01-08 13:00:00+05:30,425.03997802734375,425.20001220703125,424.8399963378906,425.20001220703125,8476
2026-01-08 13:05:00+05:30,425.20001220703125,425.82000732421875,425.03997802734375,425.6600036621094,18892
2026-01-08 13:10:00+05:30,425.77996826171875,425.77996826171875,425.27996826171875,425.29998779296875,17128
2026-01-08 13:15:00+05:30,425.29998779296875,425.79998779296875,425.22003173828125,425.77996826171875,34352
2026-01-08 13:20:00+05:30,425.77996826171875,426.22003173828125,425.6200256347656,425.72003173828125,41241
2026-01-08 13:25:00+05:30,425.72003173828125,426.0,425.72003173828125,425.94000244140625,32993
2026-01-08 13:30:00+05:30,425.8799743652344,426.03997802734375,425.8600158691406,426.03997802734375,18180
2026-01-08 13:35:00+05:30,425.96002197265625,426.1399841308594,425.1000061035156,425.20001220703125,28982
2026-01-08 13:40:00+05:30,425.3799743652344,425.3799743652344,425.0,425.1000061035156,25652
2026-01-08 13:45:00+05:30,425.1600036621094,425.22003173828125,425.05999755859375,425.1200256347656,5903
2026-01-08 13:50:00+05:30,425.1200256347656,425.3799743652344,424.96002197265625,425.3799743652344,8634
2026-01-08 13:55:00+05:30,425.3799743652344,425.47998046875,425.20001220703125,425.3799743652344,13898
2026-01-08 14:00:00+05:30,425.3999938964844,425.5,425.03997802734375,425.32000732421875,23030
2026-01-08 14:05:00+05:30,425.3799743652344,425.94000244140625,425.17999267578125,425.94000244140625,40630
2026-01-08 14:10:00+05:30,425.97998046875,426.5,425.96002197265625,426.5,36107
2026-01-08 14:15:00+05:30,426.5,427.260009765625,426.3799743652344,427.260009765625,41498
2026-01-08 14:20:00+05:30,427.260009765625,427.52001953125,427.05999755859375,427.1399841308594,21591
2026-01-08 14:25:00+05:30,427.1200256347656,427.20001220703125,427.0,427.20001220703125,23324
2026-01-08 14:30:00+05:30,427.20001220703125,427.47998046875,427.1200256347656,427.1399841308594,44033
2026-01-08 14:35:00+05:30,427.1399841308594,427.32000732421875,427.1399841308594,427.239990234375,9115
2026-01-08 14:40:00+05:30,427.239990234375,427.239990234375,426.8999938964844,427.0,37109
2026-01-08 14:45:00+05:30,427.02001953125,427.3999938964844,427.0,427.27996826171875,41316
2026-01-08 14:50:00+05:30,427.27996826171875,427.3399963378906,427.1000061035156,427.3399963378906,22993
2026-01-08 14:55:00+05:30,427.239990234375,427.29998779296875,427.02001953125,427.02001953125,28220
2026-01-08 15:00:00+05:30,427.0,427.20001220703125,426.96002197265625,426.97998046875,73798
2026-01-08 15:05:00+05:30,427.02001953125,427.02001953125,426.52001953125,426.760009765625,73407
2026-01-08 15:10:00+05:30,426.77996826171875,427.20001220703125,426.6000061035156,426.67999267578125,172888
2026-01-08 15:15:00+05:30,426.6200256347656,426.6200256347656,426.0799865722656,426.29998779296875,94834
2026-01-08 15:20:00+05:30,426.32000732421875,426.44000244140625,425.77996826171875,425.82000732421875,60386
2026-01-08 15:25:00+05:30,425.8399963378906,426.6000061035156,425.3799743652344,426.6000061035156,60483
2026-01-09 09:20:00+05:30,426.1200256347656,426.22003173828125,424.6000061035156,424.6000061035156,37731
2026-01-09 09:25:00+05:30,424.67999267578125,425.5,424.5799865722656,425.0799865722656,35243
2026-01-09 09:30:00+05:30,425.0799865722656,426.17999267578125,425.0799865722656,425.52001953125,19283
2026-01-09 09:35:00+05:30,425.6000061035156,425.97998046875,425.27996826171875,425.3999938964844,16893
2026-01-09 09:40:00+05:30,425.3399963378906,425.8799743652344,425.32000732421875,425.8799743652344,11890
2026-01-09 09:45:00+05:30,425.79998779296875,426.1000061035156,425.1000061035156,425.8799743652344,9473
2026-01-09 09:50:00+05:30,425.8600158691406,425.8600158691406,425.1399841308594,425.5,6832
2026-01-09 09:55:00+05:30,425.5,425.5,424.8600158691406,425.44000244140625,12433
2026-01-09 10:00:00+05:30,425.3600158691406,425.5799865722656,425.05999755859375,425.1600036621094,19141
2026-01-09 10:05:00+05:30,425.1600036621094,425.6000061035156,424.77996826171875,425.53997802734375,12343
2026-01-09 10:10:00+05:30,425.53997802734375,425.53997802734375,425.1399841308594,425.1600036621094,4450
2026-01-09 10:15:00+05:30,425.1600036621094,425.6000061035156,425.1399841308594,425.29998779296875,7452
2026-01-09 10:20:00+05:30,425.260009765625,425.29998779296875,424.79998779296875,424.9200134277344,6240
2026-01-09 10:25:00+05:30,424.8999938964844,425.5799865722656,424.739990234375,425.47998046875,10773
2026-01-09 10:30:00+05:30,425.47998046875,426.20001220703125,425.44000244140625,426.17999267578125,10168
2026-01-09 10:35:00+05:30,426.17999267578125,426.239990234375,425.17999267578125,425.5799865722656,12416
2026-01-09 10:40:00+05:30,425.6000061035156,425.6399841308594,425.29998779296875,425.3399963378906,11460
2026-01-09 10:45:00+05:30,425.47998046875,425.9200134277344,425.22003173828125,425.3999938964844,5542
2026-01-09 10:50:00+05:30,425.53997802734375,425.760009765625,425.3999938964844,425.739990234375,4060
2026-01-09 10:55:00+05:30,425.79998779296875,425.79998779296875,425.32000732421875,425.55999755859375,8605
2026-01-09 11:00:00+05:30,425.55999755859375,425.55999755859375,425.1000061035156,425.239990234375,4801
2026-01-09 11:05:00+05:30,425.20001220703125,425.44000244140625,424.55999755859375,424.6200256347656,17245
2026-01-09 11:10:00+05:30,424.6399841308594,424.8799743652344,424.52001953125,424.52001953125,7774
2026-01-09 11:15:00+05:30,424.6200256347656,424.6200256347656,424.0799865722656,424.32000732421875,11849
2026-01-09 11:20:00+05:30,424.32000732421875,424.5,424.1200256347656,424.1399841308594,11436
2026-01-09 11:25:00+05:30,424.260009765625,424.94000244140625,424.20001220703125,424.8399963378906,8481
2026-01-09 11:30:00+05:30,424.8999938964844,425.02001953125,424.20001220703125,424.27996826171875,14656
2026-01-09 11:35:00+05:30,424.27996826171875,424.27996826171875,423.53997802734375,423.82000732421875,25585
2026-01-09 11:40:00+05:30,423.8399963378906,424.3600158691406,423.6200256347656,423.8600158691406,40246
2026-01-09 11:45:00+05:30,423.8399963378906,424.27996826171875,423.8399963378906,424.239990234375,11372
2026-01-09 11:50:00+05:30,424.17999267578125,424.239990234375,423.6200256347656,424.239990234375,17150
2026-01-09 11:55:00+05:30,424.239990234375,424.3999938964844,423.6399841308594,423.9200134277344,14021
2026-01-09 12:00:00+05:30,423.8999938964844,424.3600158691406,423.8799743652344,424.260009765625,14002
2026-01-09 12:05:00+05:30,424.260009765625,424.77996826171875,423.96002197265625,424.6200256347656,15482
2026-01-09 12:10:00+05:30,424.6000061035156,424.6200256347656,423.70001220703125,423.96002197265625,24369
2026-01-09 12:15:00+05:30,423.96002197265625,423.96002197265625,423.5799865722656,423.8600158691406,10160
2026-01-09 12:20:00+05:30,423.79998779296875,423.8600158691406,423.239990234375,423.46002197265625,12756
2026-01-09 12:25:00+05:30,423.46002197265625,424.0,423.29998779296875,423.94000244140625,16589
2026-01-09 12:30:00+05:30,423.94000244140625,424.02001953125,423.6200256347656,423.739990234375,10103
2026-01-09 12:35:00+05:30,423.739990234375,423.79998779296875,423.27996826171875,423.72003173828125,13633
2026-01-09 12:40:00+05:30,423.72003173828125,423.72003173828125,423.22003173828125,423.55999755859375,14137
2026-01-09 12:45:00+05:30,423.5799865722656,423.739990234375,423.239990234375,423.70001220703125,21483
2026-01-09 12:50:00+05:30,423.739990234375,424.0,423.67999267578125,423.94000244140625,18383
2026-01-09 12:55:00+05:30,423.96002197265625,424.0,423.3399963378906,423.739990234375,17690
2026-01-09 13:00:00+05:30,423.739990234375,423.79998779296875,423.3399963378906,423.67999267578125,27303
2026-01-09 13:05:00+05:30,423.55999755859375,423.94000244140625,423.44000244140625,423.6200256347656,29654
2026-01-09 13:10:00+05:30,423.6200256347656,424.22003173828125,423.55999755859375,424.22003173828125,26950
2026-01-09 13:15:00+05:30,424.22003173828125,424.4200134277344,424.0,424.27996826171875,37153
2026-01-09 13:20:00+05:30,424.17999267578125,424.3999938964844,424.0,424.0,11474
2026-01-09 13:25:00+05:30,424.0799865722656,424.239990234375,423.8600158691406,424.22003173828125,23569
2026-01-09 13:30:00+05:30,424.22003173828125,424.760009765625,424.17999267578125,424.3999938964844,23640
2026-01-09 13:35:00+05:30,424.3999938964844,424.79998779296875,424.3999938964844,424.52001953125,44505
2026-01-09 13:40:00+05:30,424.52001953125,424.6200256347656,424.239990234375,424.6000061035156,65945
2026-01-09 13:45:00+05:30,424.6000061035156,425.20001220703125,424.55999755859375,425.1000061035156,32472
2026-01-09 13:50:00+05:30,425.03997802734375,425.03997802734375,424.6600036621094,424.6600036621094,21560
2026-01-09 13:55:00+05:30,424.739990234375,424.96002197265625,424.6000061035156,424.8999938964844,28798
2026-01-09 14:00:00+05:30,424.9200134277344,424.97998046875,424.6200256347656,424.97998046875,20938
2026-01-09 14:05:00+05:30,425.03997802734375,425.27996826171875,424.8999938964844,425.27996826171875,12431
2026-01-09 14:10:00+05:30,425.260009765625,425.47998046875,424.8600158691406,424.8600158691406,20401
2026-01-09 14:15:00+05:30,425.05999755859375,425.20001220703125,424.79998779296875,425.03997802734375,16549
2026-01-09 14:20:00+05:30,425.17999267578125,425.5,425.0799865722656,425.44000244140625,10719
2026-01-09 14:25:00+05:30,425.44000244140625,425.72003173828125,425.3999938964844,425.3999938964844,12686
2026-01-09 14:30:00+05:30,425.5,425.72003173828125,424.52001953125,424.82000732421875,24686
2026-01-09 14:35:00+05:30,424.82000732421875,425.05999755859375,424.1600036621094,424.20001220703125,36190
2026-01-09 14:40:00+05:30,424.260009765625,424.739990234375,423.9200134277344,424.55999755859375,94739
2026-01-09 14:45:00+05:30,424.6000061035156,424.760009765625,424.03997802734375,424.6000061035156,31704
2026-01-09 14:50:00+05:30,424.72003173828125,424.96002197265625,424.5799865722656,424.6200256347656,23651
2026-01-09 14:55:00+05:30,424.6600036621094,425.02001953125,424.5799865722656,424.67999267578125,357866
2026-01-09 15:00:00+05:30,424.72003173828125,425.6000061035156,424.6600036621094,425.4200134277344,61029
2026-01-09 15:05:00+05:30,425.3999938964844,425.760009765625,425.32000732421875,425.6200256347656,35821
2026-01-09 15:10:00+05:30,425.6000061035156,425.8799743652344,425.52001953125,425.8799743652344,47185
2026-01-09 15:15:00+05:30,425.82000732421875,425.82000732421875,425.239990234375,425.239990234375,70426
2026-01-09 15:20:00+05:30,425.239990234375,425.3799743652344,424.67999267578125,425.1399841308594,82362
2026-01-09 15:25:00+05:30,425.17999267578125,425.72003173828125,425.05999755859375,425.5799865722656,39675
2026-01-12 09:20:00+05:30,425.3999938964844,425.3999938964844,423.32000732421875,424.1000061035156,25133
2026-01-12 09:25:00+05:30,423.9200134277344,424.46002197265625,423.3999938964844,423.6200256347656,14895
2026-01-12 09:30:00+05:30,423.53997802734375,423.97998046875,422.4200134277344,422.4200134277344,19963
2026-01-12 09:35:00+05:30,422.52001953125,423.03997802734375,422.0799865722656,422.94000244140625,22507
2026-01-12 09:40:00+05:30,422.96002197265625,423.55999755859375,422.67999267578125,423.55999755859375,21056
2026-01-12 09:45:00+05:30,423.8999938964844,423.97998046875,423.239990234375,423.239990234375,14635
2026-01-12 09:50:00+05:30,423.32000732421875,423.67999267578125,422.29998779296875,422.96002197265625,58116
2026-01-12 09:55:00+05:30,422.96002197265625,423.1600036621094,422.17999267578125,422.239990234375,8348
2026-01-12 10:00:00+05:30,422.239990234375,422.82000732421875,421.4200134277344,421.739990234375,16172
2026-01-12 10:05:00+05:30,421.739990234375,421.8999938964844,421.22003173828125,421.3999938964844,13702
2026-01-12 10:10:00+05:30,421.46002197265625,422.1399841308594,421.3600158691406,421.8799743652344,11373
2026-01-12 10:15:00+05:30,421.8799743652344,422.94000244140625,421.8799743652344,422.94000244140625,10444
2026-01-12 10:20:00+05:30,422.79998779296875,423.72003173828125,422.72003173828125,423.72003173828125,12002
2026-01-12 10:25:00+05:30,423.6399841308594,423.70001220703125,422.70001220703125,423.22003173828125,43461
2026-01-12 10:30:00+05:30,423.22003173828125,423.55999755859375,423.1600036621094,423.3999938964844,9583
2026-01-12 10:35:00+05:30,423.3999938964844,423.6000061035156,423.29998779296875,423.4200134277344,17042
2026-01-12 10:40:00+05:30,423.4200134277344,424.03997802734375,423.3399963378906,423.760009765625,15229
2026-01-12 10:45:00+05:30,423.739990234375,424.27996826171875,423.70001220703125,424.20001220703125,10500
2026-01-12 10:50:00+05:30,424.02001953125,424.20001220703125,423.760009765625,424.02001953125,11458
2026-01-12 10:55:00+05:30,424.02001953125,424.3799743652344,424.02001953125,424.32000732421875,5248
2026-01-12 11:00:00+05:30,424.32000732421875,424.46002197265625,424.32000732421875,424.3600158691406,6551
2026-01-12 11:05:00+05:30,424.3600158691406,424.6000061035156,423.9200134277344,424.6000061035156,23168
2026-01-12 11:10:00+05:30,424.32000732421875,424.72003173828125,424.32000732421875,424.5,56681
2026-01-12 11:15:00+05:30,424.6200256347656,424.6200256347656,423.8799743652344,424.22003173828125,20924
2026-01-12 11:20:00+05:30,424.22003173828125,424.70001220703125,423.8600158691406,424.5,26690
2026-01-12 11:25:00+05:30,424.47998046875,424.47998046875,424.27996826171875,424.4200134277344,8277
2026-01-12 11:30:00+05:30,424.4200134277344,424.4200134277344,424.02001953125,424.02001953125,14931
2026-01-12 11:35:00+05:30,424.02001953125,424.02001953125,423.20001220703125,423.53997802734375,28099
2026-01-12 11:40:00+05:30,423.52001953125,423.72003173828125,423.27996826171875,423.3799743652344,8709
2026-01-12 11:45:00+05:30,423.3799743652344,423.53997802734375,423.05999755859375,423.1000061035156,15063
2026-01-12 11:50:00+05:30,423.1399841308594,423.760009765625,423.1399841308594,423.67999267578125,29559
2026-01-12 11:55:00+05:30,423.67999267578125,423.79998779296875,423.239990234375,423.239990234375,12402
2026-01-12 12:00:00+05:30,423.20001220703125,423.3999938964844,422.96002197265625,423.22003173828125,30325
2026-01-12 12:05:00+05:30,423.22003173828125,423.94000244140625,423.1399841308594,423.8999938964844,9038
2026-01-12 12:10:00+05:30,423.79998779296875,424.32000732421875,423.53997802734375,424.32000732421875,257159
2026-01-12 12:15:00+05:30,424.47998046875,425.70001220703125,424.47998046875,425.52001953125,30260
2026-01-12 12:20:00+05:30,425.44000244140625,426.3999938964844,425.44000244140625,425.47998046875,32713
2026-01-12 12:25:00+05:30,425.55999755859375,426.72003173828125,425.53997802734375,426.1600036621094,29307
2026-01-12 12:30:00+05:30,426.1600036621094,427.20001220703125,426.1399841308594,427.03997802734375,23047
2026-01-12 12:35:00+05:30,427.0,427.0,426.05999755859375,426.0799865722656,57163
2026-01-12 12:40:00+05:30,426.1000061035156,426.8399963378906,426.0,426.47998046875,41917
2026-01-12 12:45:00+05:30,426.47998046875,427.0,426.0,426.02001953125,79947
2026-01-12 12:50:00+05:30,426.0,426.3799743652344,425.8999938964844,426.1000061035156,149611
2026-01-12 12:55:00+05:30,426.1000061035156,426.29998779296875,425.72003173828125,425.82000732421875,20421
2026-01-12 13:00:00+05:30,425.8600158691406,426.03997802734375,425.5,425.94000244140625,27646
2026-01-12 13:05:00+05:30,425.94000244140625,426.1000061035156,425.67999267578125,426.0,27401
2026-01-12 13:10:00+05:30,426.0,426.3600158691406,425.8799743652344,426.27996826171875,72513
2026-01-12 13:15:00+05:30,426.17999267578125,426.6000061035156,425.8600158691406,425.96002197265625,91764
2026-01-12 13:20:00+05:30,426.0799865722656,426.3999938964844,425.8600158691406,426.0799865722656,44140
2026-01-12 13:25:00+05:30,426.05999755859375,426.1600036621094,425.70001220703125,425.79998779296875,13580
2026-01-12 13:30:00+05:30,425.82000732421875,426.3600158691406,425.82000732421875,426.1399841308594,30120
2026-01-12 13:35:00+05:30,426.239990234375,426.97998046875,426.05999755859375,426.3600158691406,21751
2026-01-12 13:40:00+05:30,426.3999938964844,426.44000244140625,426.1600036621094,426.17999267578125,22043
2026-01-12 13:45:00+05:30,426.1399841308594,426.67999267578125,426.0,426.5799865722656,43994
2026-01-12 13:50:00+05:30,426.5799865722656,426.6399841308594,426.1000061035156,426.3999938964844,24331
2026-01-12 13:55:00+05:30,426.3999938964844,426.46002197265625,425.9200134277344,426.02001953125,41358
2026-01-12 14:00:00+05:30,426.0,426.1399841308594,425.82000732421875,426.05999755859375,28242
2026-01-12 14:05:00+05:30,426.05999755859375,426.1200256347656,425.8399963378906,426.0,27379
2026-01-12 14:10:00+05:30,426.02001953125,426.1000061035156,425.760009765625,425.96002197265625,31608
2026-01-12 14:15:00+05:30,425.96002197265625,426.1000061035156,425.77996826171875,426.0,24481
2026-01-12 14:20:00+05:30,426.03997802734375,426.20001220703125,425.8999938964844,426.17999267578125,35069
2026-01-12 14:25:00+05:30,426.03997802734375,426.260009765625,426.0,426.0799865722656,19715
2026-01-12 14:30:00+05:30,426.1200256347656,426.1399841308594,425.739990234375,425.739990234375,27687
2026-01-12 14:35:00+05:30,425.6600036621094,425.77996826171875,425.3399963378906,425.760009765625,29055
2026-01-12 14:40:00+05:30,425.77996826171875,426.0,425.77996826171875,426.0,14468
2026-01-12 14:45:00+05:30,426.0,426.1399841308594,425.96002197265625,426.0,41449
2026-01-12 14:50:00+05:30,426.05999755859375,426.0799865722656,425.97998046875,426.03997802734375,23080
2026-01-12 14:55:00+05:30,426.03997802734375,426.0799865722656,425.97998046875,426.0,22487
2026-01-12 15:00:00+05:30,426.0,426.1200256347656,425.97998046875,426.03997802734375,68066
2026-01-12 15:05:00+05:30,426.05999755859375,426.1000061035156,425.97998046875,426.02001953125,60761
2026-01-12 15:10:00+05:30,426.02001953125,427.760009765625,426.0,426.97998046875,65062
2026-01-12 15:15:00+05:30,427.0,427.1200256347656,426.8600158691406,426.97998046875,58211
2026-01-12 15:20:00+05:30,427.0799865722656,427.44000244140625,427.0799865722656,427.260009765625,45412
2026-01-12 15:25:00+05:30,427.17999267578125,427.22003173828125,426.6000061035156,426.79998779296875,45146
2026-01-13 09:20:00+05:30,426.3600158691406,427.05999755859375,426.260009765625,426.6200256347656,28584
2026-01-13 09:25:00+05:30,426.8399963378906,426.8399963378906,426.260009765625,426.3999938964844,14304
2026-01-13 09:30:00+05:30,426.3999938964844,427.05999755859375,426.02001953125,426.05999755859375,19032
2026-01-13 09:35:00+05:30,426.05999755859375,426.239990234375,425.4200134277344,426.1399841308594,31667
2026-01-13 09:40:00+05:30,426.1399841308594,426.1600036621094,425.8999938964844,426.0,8991
2026-01-13 09:45:00+05:30,426.0,427.0,426.0,426.70001220703125,21268
2026-01-13 09:50:00+05:30,426.70001220703125,426.739990234375,426.52001953125,426.6000061035156,16835
2026-01-13 09:55:00+05:30,426.55999755859375,426.6399841308594,425.94000244140625,426.1000061035156,16093
2026-01-13 10:00:00+05:30,426.0,426.1399841308594,425.6399841308594,426.02001953125,24205
2026-01-13 10:05:00+05:30,426.0,426.17999267578125,425.6399841308594,426.1200256347656,14118
2026-01-13 10:10:00+05:30,426.1200256347656,426.94000244140625,426.1200256347656,426.8399963378906,17612
2026-01-13 10:15:00+05:30,426.9200134277344,427.3999938964844,426.5799865722656,426.67999267578125,77985
2026-01-13 10:20:00+05:30,426.6399841308594,426.79998779296875,426.46002197265625,426.46002197265625,27311
2026-01-13 10:25:00+05:30,426.47998046875,427.20001220703125,425.94000244140625,427.02001953125,23520
2026-01-13 10:30:00+05:30,427.02001953125,427.27996826171875,426.70001220703125,426.79998779296875,26174
2026-01-13 10:35:00+05:30,426.70001220703125,426.72003173828125,425.79998779296875,425.8999938964844,61279
2026-01-13 10:40:00+05:30,425.8799743652344,426.02001953125,425.72003173828125,425.77996826171875,13794
2026-01-13 10:45:00+05:30,425.8399963378906,426.20001220703125,425.29998779296875,426.1200256347656,19102
2026-01-13 10:50:00+05:30,426.05999755859375,426.239990234375,425.9200134277344,425.9200134277344,16714
2026-01-13 10:55:00+05:30,425.96002197265625,426.6399841308594,425.8399963378906,426.4200134277344,12556
2026-01-13 11:00:00+05:30,426.52001953125,426.79998779296875,426.29998779296875,426.53997802734375,14787
2026-01-13 11:05:00+05:30,426.67999267578125,426.67999267578125,426.1000061035156,426.3600158691406,19856
2026-01-13 11:10:00+05:30,426.1600036621094,426.760009765625,426.1200256347656,426.6000061035156,21525
2026-01-13 11:15:00+05:30,426.52001953125,427.0,426.3600158691406,426.94000244140625,33369
2026-01-13 11:20:00+05:30,426.739990234375,427.46002197265625,426.72003173828125,427.29998779296875,40821
2026-01-13 11:25:00+05:30,427.27996826171875,427.44000244140625,427.05999755859375,427.32000732421875,29284
2026-01-13 11:30:00+05:30,427.239990234375,428.79998779296875,427.239990234375,428.6600036621094,32277
2026-01-13 11:35:00+05:30,428.760009765625,428.8799743652344,427.97998046875,428.5799865722656,56404
2026-01-13 11:40:00+05:30,428.6000061035156,428.6399841308594,428.0,428.02001953125,26221
2026-01-13 11:45:00+05:30,428.0799865722656,428.260009765625,427.8999938964844,428.1200256347656,20466
2026-01-13 12:00:00+05:30,427.20001220703125,427.44000244140625,427.0,427.1600036621094,95699
2026-01-13 12:05:00+05:30,427.1399841308594,427.260009765625,426.94000244140625,427.05999755859375,16330
2026-01-13 12:10:00+05:30,427.05999755859375,427.239990234375,425.79998779296875,425.79998779296875,28542
2026-01-13 12:15:00+05:30,425.97998046875,426.5,425.760009765625,426.20001220703125,26142
2026-01-13 12:20:00+05:30,426.29998779296875,426.3600158691406,425.72003173828125,425.72003173828125,36025
2026-01-13 12:25:00+05:30,425.8600158691406,426.20001220703125,425.79998779296875,425.79998779296875,29714
2026-01-13 12:30:00+05:30,425.22003173828125,425.82000732421875,425.0,425.52001953125,26476
2026-01-13 12:35:00+05:30,425.5799865722656,425.739990234375,425.32000732421875,425.70001220703125,17437
2026-01-13 12:40:00+05:30,425.6399841308594,425.70001220703125,425.03997802734375,425.5799865722656,24875
2026-01-13 12:45:00+05:30,425.4200134277344,425.46002197265625,424.47998046875,424.77996826171875,50721
2026-01-13 12:50:00+05:30,424.70001220703125,424.739990234375,424.02001953125,424.53997802734375,18638
2026-01-13 12:55:00+05:30,424.55999755859375,424.82000732421875,424.239990234375,424.46002197265625,21987
2026-01-13 13:00:00+05:30,424.44000244140625,424.6399841308594,424.0,424.5799865722656,40260
2026-01-13 13:05:00+05:30,424.55999755859375,424.67999267578125,424.44000244140625,424.52001953125,18314
2026-01-13 13:10:00+05:30,424.67999267578125,425.1200256347656,424.46002197265625,424.6200256347656,19584
2026-01-13 13:15:00+05:30,424.6600036621094,424.70001220703125,424.1399841308594,424.260009765625,25299
2026-01-13 13:20:00+05:30,424.239990234375,424.6399841308594,424.05999755859375,424.29998779296875,19539
2026-01-13 13:25:00+05:30,424.27996826171875,424.67999267578125,424.0,424.5,16061
2026-01-13 13:30:00+05:30,424.46002197265625,424.739990234375,424.02001953125,424.739990234375,16036
2026-01-13 13:35:00+05:30,424.55999755859375,424.79998779296875,424.17999267578125,424.260009765625,17514
2026-01-13 13:40:00+05:30,424.20001220703125,424.70001220703125,424.20001220703125,424.6600036621094,18383
2026-01-13 13:45:00+05:30,424.6600036621094,424.96002197265625,424.44000244140625,424.760009765625,14907
2026-01-13 13:50:00+05:30,424.6200256347656,425.3999938964844,424.6200256347656,425.239990234375,15782
2026-01-13 13:55:00+05:30,425.260009765625,425.3600158691406,425.05999755859375,425.3600158691406,15174
2026-01-13 14:00:00+05:30,425.3399963378906,425.3799743652344,424.8399963378906,424.97998046875,25532
2026-01-13 14:05:00+05:30,424.97998046875,425.1399841308594,424.8999938964844,425.1000061035156,13505
2026-01-13 14:10:00+05:30,425.1000061035156,425.1000061035156,424.44000244140625,424.67999267578125,23411
2026-01-13 14:15:00+05:30,424.760009765625,425.17999267578125,424.6399841308594,425.0,14556
2026-01-13 14:20:00+05:30,424.97998046875,425.03997802734375,424.47998046875,424.47998046875,18870
2026-01-13 14:25:00+05:30,424.3999938964844,424.6600036621094,424.3399963378906,424.3399963378906,47963
2026-01-13 14:30:00+05:30,424.3600158691406,425.3799743652344,424.3399963378906,425.03997802734375,39164
2026-01-13 14:35:00+05:30,425.02001953125,425.97998046875,424.8999938964844,425.8999938964844,38274
2026-01-13 14:40:00+05:30,425.8999938964844,426.44000244140625,425.79998779296875,426.3600158691406,51412
2026-01-13 14:45:00+05:30,426.3799743652344,426.79998779296875,426.17999267578125,426.6399841308594,71207
2026-01-13 14:50:00+05:30,426.6399841308594,427.20001220703125,426.3399963378906,427.0,42699
2026-01-13 14:55:00+05:30,427.0799865722656,427.46002197265625,426.94000244140625,427.1000061035156,80647
2026-01-13 15:00:00+05:30,427.1000061035156,427.32000732421875,425.8399963378906,426.0,128003
2026-01-13 15:05:00+05:30,426.0,426.77996826171875,425.8999938964844,426.760009765625,125347
2026-01-13 15:10:00+05:30,426.739990234375,426.77996826171875,426.3999938964844,426.55999755859375,56005
2026-01-13 15:15:00+05:30,426.55999755859375,426.760009765625,426.260009765625,426.3999938964844,93869
2026-01-13 15:20:00+05:30,426.46002197265625,426.8399963378906,426.20001220703125,426.6200256347656,108161
2026-01-13 15:25:00+05:30,426.6600036621094,426.8799743652344,426.0,426.0,70958
2026-01-14 09:20:00+05:30,425.0,426.70001220703125,423.29998779296875,423.5,426270
2026-01-14 09:25:00+05:30,423.5,425.3999938964844,423.3999938964844,423.5,160790
2026-01-14 09:30:00+05:30,423.3999938964844,424.8999938964844,423.3999938964844,423.79998779296875,135002
2026-01-14 09:35:00+05:30,423.79998779296875,424.70001220703125,423.79998779296875,424.3999938964844,118376
2026-01-14 09:40:00+05:30,424.5,424.5,423.20001220703125,423.29998779296875,119360
2026-01-14 09:45:00+05:30,423.20001220703125,423.29998779296875,422.3999938964844,422.70001220703125,149091
2026-01-14 09:50:00+05:30,422.70001220703125,424.0,422.1000061035156,423.79998779296875,102841
2026-01-14 09:55:00+05:30,423.79998779296875,424.0,423.20001220703125,423.6000061035156,78615
2026-01-14 10:00:00+05:30,423.6000061035156,423.70001220703125,422.3999938964844,422.70001220703125,110031
2026-01-14 10:05:00+05:30,422.70001220703125,423.29998779296875,422.3999938964844,422.6000061035156,96231
2026-01-14 10:10:00+05:30,422.3999938964844,422.8999938964844,422.0,422.6000061035156,179805
2026-01-14 10:15:00+05:30,422.5,422.5,421.29998779296875,421.8999938964844,338011
2026-01-14 10:20:00+05:30,421.8999938964844,422.0,420.20001220703125,420.8999938964844,174262
2026-01-14 10:25:00+05:30,420.70001220703125,421.20001220703125,420.0,420.79998779296875,139662
2026-01-14 10:30:00+05:30,420.70001220703125,420.70001220703125,419.3999938964844,419.3999938964844,123844
2026-01-14 10:35:00+05:30,419.3999938964844,419.6000061035156,419.0,419.5,88871
2026-01-14 10:40:00+05:30,419.5,420.8999938964844,419.3999938964844,420.6000061035156,99069
2026-01-14 10:45:00+05:30,420.6000061035156,421.79998779296875,419.8999938964844,421.70001220703125,64189
2026-01-14 10:50:00+05:30,421.6000061035156,423.3999938964844,421.29998779296875,423.3999938964844,101266
2026-01-14 10:55:00+05:30,423.5,424.0,423.3999938964844,423.79998779296875,100509
2026-01-14 11:00:00+05:30,423.8999938964844,425.0,423.79998779296875,425.0,115880
2026-01-14 11:05:00+05:30,425.0,425.29998779296875,424.20001220703125,424.70001220703125,97575
2026-01-14 11:10:00+05:30,424.70001220703125,425.3999938964844,424.70001220703125,425.3999938964844,86183
2026-01-14 11:15:00+05:30,425.29998779296875,425.5,424.70001220703125,425.0,98218
2026-01-14 11:20:00+05:30,425.0,425.20001220703125,424.70001220703125,425.20001220703125,116323
2026-01-14 11:25:00+05:30,425.5,425.8999938964844,425.0,425.3999938964844,96354
2026-01-14 11:30:00+05:30,425.29998779296875,425.8999938964844,425.0,425.6000061035156,84322
2026-01-14 11:35:00+05:30,425.5,425.6000061035156,425.0,425.3999938964844,61409
2026-01-14 11:40:00+05:30,425.20001220703125,425.70001220703125,425.0,425.5,68810
2026-01-14 11:45:00+05:30,425.5,425.70001220703125,425.0,425.70001220703125,73915
2026-01-14 11:50:00+05:30,425.5,425.70001220703125,425.20001220703125,425.3999938964844,59583
2026-01-14 11:55:00+05:30,425.3999938964844,425.70001220703125,425.29998779296875,425.70001220703125,47666
2026-01-14 12:00:00+05:30,425.70001220703125,427.6000061035156,425.70001220703125,427.6000061035156,100876
2026-01-14 12:05:00+05:30,427.5,427.6000061035156,426.70001220703125,427.1000061035156,160742
2026-01-14 12:10:00+05:30,427.1000061035156,427.20001220703125,426.0,426.0,388474
2026-01-14 12:15:00+05:30,426.0,426.79998779296875,425.79998779296875,426.29998779296875,884840
2026-01-14 12:20:00+05:30,426.29998779296875,426.29998779296875,425.70001220703125,425.70001220703125,73045
2026-01-14 12:25:00+05:30,425.70001220703125,425.8999938964844,424.79998779296875,425.0,83411
2026-01-14 12:30:00+05:30,425.0,425.79998779296875,425.0,425.5,426412
2026-01-14 12:35:00+05:30,425.5,425.8999938964844,425.20001220703125,425.6000061035156,109457
2026-01-14 12:40:00+05:30,425.6000061035156,425.70001220703125,424.8999938964844,425.29998779296875,66272
2026-01-14 12:45:00+05:30,425.3999938964844,425.79998779296875,424.8999938964844,425.3999938964844,84650
2026-01-14 12:50:00+05:30,425.3999938964844,425.70001220703125,425.0,425.29998779296875,67845
2026-01-14 12:55:00+05:30,425.29998779296875,426.0,425.20001220703125,425.70001220703125,65562
2026-01-14 13:00:00+05:30,425.79998779296875,425.79998779296875,424.5,424.79998779296875,309224
2026-01-14 13:05:00+05:30,424.5,425.20001220703125,424.5,425.0,95373
2026-01-14 13:10:00+05:30,425.0,425.0,423.8999938964844,424.0,110359
2026-01-14 13:15:00+05:30,424.0,424.8999938964844,423.8999938964844,424.5,45592
2026-01-14 13:20:00+05:30,424.6000061035156,424.6000061035156,424.1000061035156,424.5,67477
2026-01-14 13:25:00+05:30,424.5,424.79998779296875,424.29998779296875,424.5,52878
2026-01-14 13:30:00+05:30,424.5,424.79998779296875,424.3999938964844,424.79998779296875,46053
2026-01-14 13:35:00+05:30,424.70001220703125,424.8999938964844,424.3999938964844,424.6000061035156,48937
2026-01-14 13:40:00+05:30,424.5,424.6000061035156,424.20001220703125,424.5,91924
2026-01-14 13:45:00+05:30,424.5,424.6000061035156,424.1000061035156,424.5,73404
2026-01-14 13:50:00+05:30,424.3999938964844,424.70001220703125,424.29998779296875,424.70001220703125,116167
2026-01-14 13:55:00+05:30,424.70001220703125,424.8999938964844,424.20001220703125,424.20001220703125,89405
2026-01-14 14:00:00+05:30,424.3999938964844,425.0,424.29998779296875,424.79998779296875,139231
2026-01-14 14:05:00+05:30,424.79998779296875,425.20001220703125,424.70001220703125,425.1000061035156,252501
2026-01-14 14:10:00+05:30,425.1000061035156,425.20001220703125,424.8999938964844,425.1000061035156,107785
2026-01-14 14:15:00+05:30,425.1000061035156,425.1000061035156,424.6000061035156,424.79998779296875,127257
2026-01-14 14:20:00+05:30,424.70001220703125,424.79998779296875,423.5,423.6000061035156,199428
2026-01-14 14:25:00+05:30,423.6000061035156,423.8999938964844,423.29998779296875,423.8999938964844,113942
2026-01-14 14:30:00+05:30,423.79998779296875,424.0,423.0,423.70001220703125,119711
2026-01-14 14:35:00+05:30,423.70001220703125,423.70001220703125,423.29998779296875,423.6000061035156,133418
2026-01-14 14:40:00+05:30,423.6000061035156,423.6000061035156,422.8999938964844,423.20001220703125,195480
2026-01-14 14:45:00+05:30,423.20001220703125,423.3999938964844,422.6000061035156,422.79998779296875,231159
2026-01-14 14:50:00+05:30,422.70001220703125,422.8999938964844,422.1000061035156,422.1000061035156,142142
2026-01-14 14:55:00+05:30,422.29998779296875,422.3999938964844,421.6000061035156,421.79998779296875,135381
2026-01-14 15:00:00+05:30,421.5,421.70001220703125,421.1000061035156,421.70001220703125,148107
2026-01-14 15:05:00+05:30,421.1000061035156,421.70001220703125,421.0,421.6000061035156,174211
2026-01-14 15:10:00+05:30,421.6000061035156,421.6000061035156,421.1000061035156,421.1000061035156,128598
2026-01-14 15:15:00+05:30,421.1000061035156,421.29998779296875,420.70001220703125,420.79998779296875,156387
2026-01-14 15:20:00+05:30,420.79998779296875,420.8999938964844,420.5,420.79998779296875,191687
2026-01-14 15:25:00+05:30,420.70001220703125,420.70001220703125,420.0,420.29998779296875,172207
2026-01-16 09:20:00+05:30,422.5,423.20001220703125,422.20001220703125,422.5,139167
2026-01-16 09:25:00+05:30,422.70001220703125,425.1000061035156,422.6000061035156,425.0,746334
2026-01-16 09:30:00+05:30,425.0,427.20001220703125,424.6000061035156,426.8999938964844,255467
2026-01-16 09:35:00+05:30,427.0,427.6000061035156,425.1000061035156,425.1000061035156,167507
2026-01-16 09:40:00+05:30,425.20001220703125,426.1000061035156,424.6000061035156,424.6000061035156,173053
2026-01-16 09:45:00+05:30,424.5,425.1000061035156,424.3999938964844,424.5,1850228
2026-01-16 09:50:00+05:30,424.70001220703125,425.29998779296875,424.5,424.70001220703125,161560
2026-01-16 09:55:00+05:30,424.70001220703125,424.79998779296875,424.1000061035156,424.20001220703125,112888
2026-01-16 10:00:00+05:30,424.1000061035156,424.20001220703125,423.6000061035156,423.79998779296875,100468
2026-01-16 10:05:00+05:30,423.70001220703125,424.0,423.29998779296875,423.70001220703125,90372
2026-01-16 10:10:00+05:30,423.70001220703125,424.6000061035156,423.6000061035156,424.20001220703125,68014
2026-01-16 10:15:00+05:30,424.20001220703125,425.1000061035156,424.1000061035156,424.70001220703125,146913
2026-01-16 10:20:00+05:30,424.70001220703125,425.0,424.3999938964844,424.70001220703125,108971
2026-01-16 10:25:00+05:30,424.6000061035156,424.79998779296875,424.1000061035156,424.29998779296875,89746
2026-01-16 10:30:00+05:30,424.3999938964844,424.5,424.1000061035156,424.20001220703125,86086
2026-01-16 10:35:00+05:30,424.20001220703125,424.20001220703125,423.8999938964844,424.20001220703125,77715
2026-01-16 10:40:00+05:30,424.20001220703125,424.6000061035156,424.0,424.6000061035156,85363
2026-01-16 10:45:00+05:30,424.6000061035156,424.8999938964844,424.5,424.70001220703125,86022
2026-01-16 10:50:00+05:30,424.79998779296875,425.1000061035156,424.5,424.70001220703125,82238
2026-01-16 10:55:00+05:30,424.70001220703125,425.0,423.8999938964844,424.3999938964844,129862
2026-01-16 11:00:00+05:30,424.3999938964844,424.5,423.8999938964844,423.8999938964844,149529
2026-01-16 11:05:00+05:30,424.0,424.70001220703125,423.29998779296875,424.5,162174
2026-01-16 11:10:00+05:30,424.70001220703125,424.79998779296875,423.79998779296875,423.8999938964844,80894
2026-01-16 11:15:00+05:30,423.8999938964844,423.8999938964844,422.79998779296875,423.1000061035156,69896
2026-01-16 11:20:00+05:30,423.20001220703125,423.8999938964844,423.1000061035156,423.5,789117
2026-01-16 11:25:00+05:30,423.20001220703125,423.5,422.79998779296875,423.0,174917
2026-01-16 11:30:00+05:30,423.29998779296875,423.6000061035156,423.20001220703125,423.20001220703125,146494
2026-01-16 11:35:00+05:30,423.20001220703125,423.29998779296875,422.70001220703125,422.79998779296875,83507
2026-01-16 11:40:00+05:30,422.79998779296875,422.79998779296875,422.1000061035156,422.20001220703125,130367
2026-01-16 11:45:00+05:30,422.20001220703125,422.20001220703125,421.70001220703125,421.8999938964844,85675
2026-01-16 11:50:00+05:30,421.8999938964844,422.29998779296875,421.70001220703125,422.1000061035156,68487
2026-01-16 11:55:00+05:30,422.0,422.20001220703125,421.6000061035156,421.79998779296875,73360
2026-01-16 12:00:00+05:30,421.79998779296875,421.79998779296875,421.29998779296875,421.5,107304
2026-01-16 12:05:00+05:30,421.5,421.5,420.6000061035156,420.79998779296875,110126
2026-01-16 12:10:00+05:30,420.79998779296875,421.0,420.5,420.8999938964844,249180
2026-01-16 12:15:00+05:30,420.8999938964844,421.3999938964844,420.0,420.8999938964844,852062
2026-01-16 12:20:00+05:30,420.79998779296875,421.5,420.79998779296875,421.5,133645
2026-01-16 12:25:00+05:30,421.0,421.0,419.79998779296875,420.0,112292
2026-01-16 12:30:00+05:30,419.8999938964844,420.5,419.8999938964844,420.29998779296875,85426
2026-01-16 12:35:00+05:30,420.29998779296875,420.29998779296875,420.0,420.20001220703125,81571
2026-01-16 12:40:00+05:30,420.20001220703125,420.3999938964844,420.20001220703125,420.20001220703125,52879
2026-01-16 12:45:00+05:30,420.29998779296875,420.70001220703125,420.29998779296875,420.70001220703125,70224
2026-01-16 12:50:00+05:30,420.6000061035156,420.70001220703125,420.29998779296875,420.3999938964844,82033
2026-01-16 12:55:00+05:30,420.3999938964844,420.79998779296875,420.20001220703125,420.79998779296875,54363
2026-01-16 13:00:00+05:30,420.20001220703125,420.79998779296875,420.1000061035156,420.70001220703125,142050
2026-01-16 13:05:00+05:30,420.79998779296875,421.20001220703125,420.5,421.1000061035156,86787
2026-01-16 13:10:00+05:30,421.0,421.5,420.1000061035156,421.3999938964844,219714
2026-01-16 13:15:00+05:30,421.5,421.70001220703125,421.29998779296875,421.5,188513
2026-01-16 13:20:00+05:30,421.6000061035156,421.6000061035156,420.20001220703125,420.29998779296875,125373
2026-01-16 13:25:00+05:30,420.3999938964844,420.3999938964844,419.79998779296875,420.29998779296875,117261
2026-01-16 13:30:00+05:30,420.29998779296875,420.5,419.79998779296875,420.20001220703125,112364
2026-01-16 13:35:00+05:30,420.20001220703125,420.29998779296875,419.8999938964844,420.20001220703125,94211
2026-01-16 13:40:00+05:30,420.20001220703125,420.3999938964844,420.0,420.1000061035156,116389
2026-01-16 13:45:00+05:30,420.1000061035156,420.3999938964844,420.0,420.3999938964844,202374
2026-01-16 13:50:00+05:30,420.29998779296875,420.5,420.20001220703125,420.3999938964844,107876
2026-01-16 13:55:00+05:30,420.3999938964844,420.6000061035156,420.0,420.5,117640
2026-01-16 14:00:00+05:30,420.6000061035156,420.6000061035156,420.20001220703125,420.29998779296875,105190
2026-01-16 14:05:00+05:30,420.3999938964844,420.5,420.0,420.20001220703125,140340
2026-01-16 14:10:00+05:30,420.1000061035156,420.8999938964844,420.1000061035156,420.70001220703125,153023
2026-01-16 14:15:00+05:30,420.70001220703125,421.0,420.3999938964844,420.5,203392
2026-01-16 14:20:00+05:30,420.6000061035156,420.6000061035156,420.3999938964844,420.3999938964844,134571
2026-01-16 14:25:00+05:30,420.5,420.79998779296875,420.20001220703125,420.20001220703125,133825
2026-01-16 14:30:00+05:30,420.29998779296875,420.79998779296875,420.29998779296875,420.70001220703125,154457
2026-01-16 14:35:00+05:30,420.70001220703125,420.79998779296875,420.20001220703125,420.3999938964844,190212
2026-01-16 14:40:00+05:30,420.29998779296875,420.5,420.0,420.0,183319
2026-01-16 14:45:00+05:30,420.1000061035156,420.1000061035156,419.3999938964844,419.70001220703125,159917
2026-01-16 14:50:00+05:30,419.70001220703125,420.1000061035156,419.70001220703125,420.0,258398
2026-01-16 14:55:00+05:30,419.8999938964844,420.0,419.79998779296875,420.0,306048
2026-01-16 15:00:00+05:30,419.79998779296875,419.8999938964844,418.6000061035156,418.6000061035156,591338
2026-01-16 15:05:00+05:30,418.6000061035156,418.70001220703125,418.20001220703125,418.5,707108
2026-01-16 15:10:00+05:30,418.6000061035156,418.6000061035156,417.1000061035156,417.70001220703125,977974
2026-01-16 15:15:00+05:30,417.70001220703125,419.20001220703125,417.3999938964844,418.3999938964844,814468
2026-01-16 15:20:00+05:30,418.3999938964844,419.0,417.70001220703125,417.8999938964844,1019001
2026-01-16 15:25:00+05:30,417.8999938964844,419.20001220703125,417.29998779296875,418.20001220703125,795701
2026-01-19 09:20:00+05:30,423.70001220703125,423.79998779296875,422.5,422.6000061035156,494212
2026-01-19 09:25:00+05:30,422.6000061035156,424.1000061035156,422.6000061035156,423.3999938964844,289347
2026-01-19 09:30:00+05:30,423.29998779296875,423.3999938964844,421.3999938964844,421.70001220703125,178343
2026-01-19 09:35:00+05:30,421.8999938964844,422.29998779296875,421.29998779296875,421.5,240819
2026-01-19 09:40:00+05:30,421.5,421.8999938964844,421.3999938964844,421.3999938964844,83861
2026-01-19 09:45:00+05:30,421.29998779296875,422.29998779296875,421.1000061035156,422.20001220703125,239971
2026-01-19 09:50:00+05:30,422.20001220703125,422.6000061035156,421.6000061035156,421.79998779296875,164899
2026-01-19 09:55:00+05:30,421.79998779296875,421.8999938964844,421.6000061035156,421.70001220703125,67646
2026-01-19 10:00:00+05:30,421.70001220703125,422.6000061035156,421.29998779296875,422.6000061035156,164581
2026-01-19 10:05:00+05:30,422.70001220703125,423.1000061035156,422.20001220703125,422.8999938964844,139380
2026-01-19 10:10:00+05:30,422.79998779296875,422.8999938964844,422.29998779296875,422.29998779296875,59081
2026-01-19 10:15:00+05:30,422.29998779296875,424.0,422.20001220703125,423.8999938964844,171768
2026-01-19 10:20:00+05:30,423.8999938964844,425.0,423.79998779296875,425.0,137519
2026-01-19 10:25:00+05:30,424.79998779296875,425.20001220703125,424.6000061035156,425.20001220703125,177575
2026-01-19 10:30:00+05:30,425.3999938964844,426.20001220703125,424.1000061035156,424.29998779296875,195328
2026-01-19 10:35:00+05:30,424.29998779296875,424.79998779296875,424.0,424.20001220703125,147838
2026-01-19 10:40:00+05:30,424.20001220703125,424.20001220703125,422.79998779296875,423.20001220703125,421775
2026-01-19 10:45:00+05:30,423.20001220703125,423.3999938964844,423.0,423.29998779296875,1110861
2026-01-19 10:50:00+05:30,423.29998779296875,423.3999938964844,422.8999938964844,423.29998779296875,92456
2026-01-19 10:55:00+05:30,423.29998779296875,423.6000061035156,422.79998779296875,423.1000061035156,105004
2026-01-19 11:00:00+05:30,423.0,423.20001220703125,422.6000061035156,422.8999938964844,67018
2026-01-19 11:05:00+05:30,422.8999938964844,422.8999938964844,422.20001220703125,422.6000061035156,59328
2026-01-19 11:10:00+05:30,422.6000061035156,422.70001220703125,422.20001220703125,422.6000061035156,75815
2026-01-19 11:15:00+05:30,418.20001220703125,422.79998779296875,418.20001220703125,422.3999938964844,61492
2026-01-19 11:20:00+05:30,422.3999938964844,422.6000061035156,421.8999938964844,422.3999938964844,81434
2026-01-19 11:25:00+05:30,422.3999938964844,423.20001220703125,422.1000061035156,423.20001220703125,71249
2026-01-19 11:30:00+05:30,423.20001220703125,424.79998779296875,423.20001220703125,424.5,249587
2026-01-19 11:35:00+05:30,424.5,425.0,424.29998779296875,424.70001220703125,203571
2026-01-19 11:40:00+05:30,424.70001220703125,425.5,424.5,425.5,442542
2026-01-19 11:45:00+05:30,425.0,426.20001220703125,424.20001220703125,425.5,221669
2026-01-19 11:50:00+05:30,425.5,427.70001220703125,425.3999938964844,427.29998779296875,348116
2026-01-19 11:55:00+05:30,427.3999938964844,427.3999938964844,426.3999938964844,426.70001220703125,457604
2026-01-19 12:00:00+05:30,427.0,427.0,425.6000061035156,426.8999938964844,199130
2026-01-19 12:05:00+05:30,426.8999938964844,427.0,426.3999938964844,427.0,76949
2026-01-19 12:10:00+05:30,426.8999938964844,427.6000061035156,426.8999938964844,427.20001220703125,180187
2026-01-19 12:15:00+05:30,427.20001220703125,428.5,427.1000061035156,428.20001220703125,208417
2026-01-19 12:20:00+05:30,428.20001220703125,429.3999938964844,428.20001220703125,429.0,147661
2026-01-19 12:25:00+05:30,428.5,429.20001220703125,427.79998779296875,428.0,1242183
2026-01-19 12:30:00+05:30,428.0,428.29998779296875,426.8999938964844,427.3999938964844,310528
2026-01-19 12:35:00+05:30,427.3999938964844,428.79998779296875,427.20001220703125,428.70001220703125,151932
2026-01-19 12:40:00+05:30,428.70001220703125,429.3999938964844,428.5,429.3999938964844,86671
2026-01-19 12:45:00+05:30,429.3999938964844,429.5,428.3999938964844,428.70001220703125,94393
2026-01-19 12:50:00+05:30,428.70001220703125,429.79998779296875,428.6000061035156,429.70001220703125,123720
2026-01-19 12:55:00+05:30,429.70001220703125,430.20001220703125,429.6000061035156,430.0,179529
2026-01-19 13:00:00+05:30,430.0,430.3999938964844,429.70001220703125,429.79998779296875,130090
2026-01-19 13:05:00+05:30,429.8999938964844,429.8999938964844,428.29998779296875,428.5,113526
2026-01-19 13:10:00+05:30,428.5,428.8999938964844,428.1000061035156,428.20001220703125,102173
2026-01-19 13:15:00+05:30,428.1000061035156,428.79998779296875,428.1000061035156,428.79998779296875,84194
2026-01-19 13:20:00+05:30,428.79998779296875,428.8999938964844,428.20001220703125,428.20001220703125,91148
2026-01-19 13:25:00+05:30,428.29998779296875,428.8999938964844,428.20001220703125,428.6000061035156,85490
2026-01-19 13:30:00+05:30,428.70001220703125,428.70001220703125,428.1000061035156,428.29998779296875,90529
2026-01-19 13:35:00+05:30,428.29998779296875,428.29998779296875,426.70001220703125,427.20001220703125,5237741
2026-01-19 13:40:00+05:30,427.20001220703125,427.20001220703125,426.20001220703125,426.5,165169
2026-01-19 13:45:00+05:30,426.5,427.5,426.5,427.0,154916
2026-01-19 13:50:00+05:30,427.0,427.29998779296875,426.79998779296875,427.0,387281
2026-01-19 13:55:00+05:30,427.0,428.29998779296875,427.0,428.1000061035156,184903
2026-01-19 14:00:00+05:30,428.1000061035156,428.79998779296875,428.1000061035156,428.79998779296875,148965
2026-01-19 14:05:00+05:30,428.79998779296875,428.79998779296875,428.5,428.79998779296875,105800
2026-01-19 14:10:00+05:30,428.79998779296875,428.79998779296875,427.6000061035156,427.70001220703125,148124
2026-01-19 14:15:00+05:30,427.79998779296875,428.6000061035156,427.79998779296875,428.6000061035156,120379
2026-01-19 14:20:00+05:30,428.6000061035156,428.70001220703125,428.1000061035156,428.29998779296875,124439
2026-01-19 14:25:00+05:30,428.29998779296875,428.5,427.70001220703125,428.20001220703125,115569
2026-01-19 14:30:00+05:30,428.20001220703125,428.29998779296875,428.1000061035156,428.29998779296875,91712
2026-01-19 14:35:00+05:30,428.29998779296875,428.3999938964844,428.0,428.29998779296875,180877
2026-01-19 14:40:00+05:30,428.29998779296875,428.29998779296875,428.1000061035156,428.20001220703125,121288
2026-01-19 14:45:00+05:30,428.1000061035156,428.29998779296875,428.0,428.1000061035156,138462
2026-01-19 14:50:00+05:30,428.1000061035156,428.29998779296875,427.8999938964844,428.0,157386
2026-01-19 14:55:00+05:30,428.0,428.0,427.3999938964844,428.0,535664
2026-01-19 15:00:00+05:30,427.79998779296875,428.5,427.70001220703125,427.8999938964844,534524
2026-01-19 15:05:00+05:30,427.8999938964844,427.8999938964844,427.29998779296875,427.29998779296875,337969
2026-01-19 15:10:00+05:30,427.29998779296875,427.29998779296875,427.1000061035156,427.29998779296875,223386
2026-01-19 15:15:00+05:30,427.5,427.70001220703125,426.8999938964844,427.1000061035156,297599
2026-01-19 15:20:00+05:30,427.1000061035156,427.1000061035156,425.5,426.1000061035156,965620
2026-01-19 15:25:00+05:30,426.20001220703125,427.70001220703125,426.0,427.5,261839
2026-01-20 09:20:00+05:30,429.3999938964844,429.3999938964844,428.20001220703125,428.79998779296875,152741
2026-01-20 09:25:00+05:30,428.79998779296875,430.0,428.5,429.70001220703125,156705
2026-01-20 09:30:00+05:30,429.6000061035156,430.70001220703125,428.8999938964844,430.70001220703125,161024
2026-01-20 09:35:00+05:30,430.79998779296875,431.0,430.1000061035156,430.3999938964844,168615
2026-01-20 09:40:00+05:30,430.20001220703125,431.0,430.20001220703125,430.70001220703125,133452
2026-01-20 09:45:00+05:30,430.8999938964844,430.8999938964844,429.8999938964844,430.0,163855
2026-01-20 09:50:00+05:30,430.0,430.0,428.8999938964844,429.1000061035156,106479
2026-01-20 09:55:00+05:30,429.1000061035156,429.70001220703125,429.1000061035156,429.29998779296875,94850
2026-01-20 10:00:00+05:30,429.29998779296875,429.70001220703125,428.3999938964844,429.6000061035156,138869
2026-01-20 10:05:00+05:30,429.70001220703125,430.29998779296875,429.6000061035156,430.0,104827
2026-01-20 10:10:00+05:30,430.1000061035156,430.20001220703125,429.29998779296875,429.6000061035156,117838
2026-01-20 10:15:00+05:30,429.70001220703125,429.70001220703125,429.1000061035156,429.5,117106
2026-01-20 10:20:00+05:30,429.6000061035156,430.70001220703125,429.29998779296875,430.29998779296875,187568
2026-01-20 10:25:00+05:30,430.29998779296875,430.5,430.20001220703125,430.5,77734
2026-01-20 10:30:00+05:30,430.3999938964844,430.6000061035156,430.1000061035156,430.29998779296875,72522
2026-01-20 10:35:00+05:30,430.29998779296875,430.6000061035156,429.79998779296875,430.3999938964844,5783698
2026-01-20 10:40:00+05:30,430.29998779296875,430.3999938964844,429.70001220703125,430.20001220703125,120191
2026-01-20 10:45:00+05:30,430.20001220703125,430.3999938964844,429.8999938964844,429.8999938964844,90288
2026-01-20 10:50:00+05:30,429.79998779296875,430.1000061035156,429.5,429.70001220703125,99316
2026-01-20 10:55:00+05:30,429.70001220703125,429.79998779296875,429.5,429.79998779296875,110350
2026-01-20 11:00:00+05:30,429.79998779296875,429.79998779296875,428.29998779296875,428.5,648137
2026-01-20 11:05:00+05:30,428.5,428.8999938964844,428.1000061035156,428.5,172625
2026-01-20 11:10:00+05:30,428.5,429.1000061035156,428.29998779296875,428.6000061035156,100868
2026-01-20 11:15:00+05:30,428.6000061035156,428.6000061035156,427.5,427.70001220703125,100357
2026-01-20 11:20:00+05:30,427.5,428.0,427.3999938964844,427.5,74750
2026-01-20 11:25:00+05:30,427.6000061035156,428.0,427.0,427.79998779296875,74547
2026-01-20 11:30:00+05:30,427.70001220703125,427.8999938964844,427.5,427.79998779296875,64505
2026-01-20 11:35:00+05:30,427.8999938964844,428.29998779296875,427.70001220703125,428.0,84709
2026-01-20 11:40:00+05:30,427.8999938964844,428.20001220703125,427.70001220703125,428.0,56417
2026-01-20 11:45:00+05:30,428.1000061035156,428.6000061035156,428.0,428.5,74860
2026-01-20 11:50:00+05:30,428.5,428.8999938964844,428.20001220703125,428.20001220703125,94946
2026-01-20 11:55:00+05:30,428.3999938964844,428.6000061035156,427.79998779296875,428.1000061035156,90273
2026-01-20 12:00:00+05:30,427.8999938964844,428.29998779296875,427.6000061035156,428.29998779296875,92607
2026-01-20 12:05:00+05:30,428.29998779296875,428.3999938964844,427.5,427.5,77409
2026-01-20 12:10:00+05:30,427.5,427.79998779296875,427.3999938964844,427.70001220703125,80808
2026-01-20 12:15:00+05:30,427.70001220703125,428.0,427.3999938964844,427.8999938964844,62779
2026-01-20 12:20:00+05:30,428.0,428.1000061035156,427.29998779296875,427.8999938964844,71549
2026-01-20 12:25:00+05:30,427.8999938964844,429.5,427.79998779296875,429.5,134725
2026-01-20 12:30:00+05:30,429.20001220703125,429.6000061035156,428.79998779296875,429.3999938964844,216575
2026-01-20 12:35:00+05:30,429.3999938964844,429.5,428.79998779296875,428.8999938964844,55849
2026-01-20 12:40:00+05:30,428.79998779296875,429.0,427.70001220703125,427.70001220703125,235578
2026-01-20 12:45:00+05:30,427.79998779296875,428.0,427.6000061035156,428.0,54511
2026-01-20 12:50:00+05:30,427.8999938964844,428.0,427.29998779296875,427.79998779296875,47792
2026-01-20 12:55:00+05:30,427.70001220703125,428.0,427.70001220703125,427.8999938964844,51655
2026-01-20 13:00:00+05:30,428.0,428.1000061035156,427.5,427.8999938964844,56649
2026-01-20 13:05:00+05:30,427.79998779296875,428.1000061035156,427.3999938964844,427.79998779296875,55335
2026-01-20 13:10:00+05:30,427.70001220703125,428.20001220703125,427.6000061035156,427.70001220703125,72540
2026-01-20 13:15:00+05:30,427.70001220703125,428.3999938964844,427.6000061035156,428.3999938964844,71137
2026-01-20 13:20:00+05:30,428.29998779296875,428.6000061035156,427.8999938964844,428.6000061035156,312961
2026-01-20 13:25:00+05:30,428.5,428.8999938964844,428.20001220703125,428.70001220703125,92992
2026-01-20 13:30:00+05:30,428.5,429.0,427.5,427.6000061035156,418008
2026-01-20 13:35:00+05:30,427.70001220703125,428.0,427.1000061035156,427.3999938964844,155490
2026-01-20 13:40:00+05:30,427.5,427.79998779296875,427.0,427.29998779296875,99044
2026-01-20 13:45:00+05:30,427.0,427.29998779296875,426.70001220703125,427.0,176082
2026-01-20 13:50:00+05:30,427.0,427.5,427.0,427.20001220703125,107496
2026-01-20 13:55:00+05:30,427.29998779296875,427.8999938964844,427.1000061035156,427.70001220703125,191788
2026-01-20 14:00:00+05:30,427.70001220703125,427.70001220703125,426.70001220703125,427.3999938964844,106982
2026-01-20 14:05:00+05:30,427.3999938964844,427.5,427.0,427.29998779296875,179352
2026-01-20 14:10:00+05:30,427.3999938964844,427.79998779296875,427.20001220703125,427.70001220703125,201595
2026-01-20 14:15:00+05:30,427.8999938964844,428.20001220703125,427.6000061035156,427.79998779296875,254118
2026-01-20 14:20:00+05:30,427.8999938964844,428.20001220703125,427.79998779296875,427.79998779296875,224232
2026-01-20 14:25:00+05:30,427.8999938964844,428.0,427.3999938964844,427.6000061035156,141814
2026-01-20 14:30:00+05:30,427.6000061035156,427.79998779296875,427.29998779296875,427.29998779296875,130810
2026-01-20 14:35:00+05:30,427.3999938964844,427.79998779296875,426.79998779296875,426.79998779296875,233946
2026-01-20 14:40:00+05:30,426.79998779296875,427.0,425.8999938964844,426.1000061035156,417681
2026-01-20 14:45:00+05:30,426.20001220703125,426.3999938964844,425.3999938964844,425.70001220703125,362307
2026-01-20 14:50:00+05:30,425.79998779296875,425.79998779296875,425.1000061035156,425.5,256032
2026-01-20 14:55:00+05:30,425.70001220703125,426.1000061035156,424.6000061035156,424.8999938964844,349126
2026-01-20 15:00:00+05:30,424.79998779296875,425.20001220703125,424.5,424.79998779296875,368190
2026-01-20 15:05:00+05:30,424.79998779296875,424.79998779296875,424.3999938964844,424.70001220703125,410485
2026-01-20 15:10:00+05:30,424.79998779296875,424.79998779296875,423.20001220703125,423.20001220703125,508041
2026-01-20 15:15:00+05:30,423.29998779296875,423.6000061035156,422.6000061035156,423.0,602438
2026-01-20 15:20:00+05:30,422.8999938964844,423.6000061035156,422.6000061035156,423.29998779296875,446650
2026-01-20 15:25:00+05:30,423.29998779296875,424.6000061035156,422.8999938964844,424.5,371393
2026-01-21 09:20:00+05:30,424.79998779296875,425.0,422.79998779296875,423.5,373475
2026-01-21 09:25:00+05:30,423.5,423.8999938964844,422.29998779296875,422.29998779296875,176393
2026-01-21 09:30:00+05:30,422.6000061035156,423.8999938964844,422.6000061035156,423.5,164348
2026-01-21 09:35:00+05:30,423.3999938964844,423.6000061035156,422.3999938964844,422.5,2215296
2026-01-21 09:40:00+05:30,422.5,424.3999938964844,422.5,424.20001220703125,859664
2026-01-21 09:45:00+05:30,424.29998779296875,424.29998779296875,423.0,424.20001220703125,237812
2026-01-21 09:50:00+05:30,424.20001220703125,425.3999938964844,424.20001220703125,424.29998779296875,201256
2026-01-21 09:55:00+05:30,424.3999938964844,425.3999938964844,424.3999938964844,425.0,412081
2026-01-21 10:00:00+05:30,424.8999938964844,424.8999938964844,423.1000061035156,423.3999938964844,151459
2026-01-21 10:05:00+05:30,423.3999938964844,423.5,422.8999938964844,423.0,152243
2026-01-21 10:10:00+05:30,423.1000061035156,423.29998779296875,422.29998779296875,422.29998779296875,83985
2026-01-21 10:15:00+05:30,422.29998779296875,423.20001220703125,421.8999938964844,422.6000061035156,192621
2026-01-21 10:20:00+05:30,422.5,423.29998779296875,422.5,423.0,98305
2026-01-21 10:25:00+05:30,422.8999938964844,423.5,422.8999938964844,423.29998779296875,59201
2026-01-21 10:30:00+05:30,423.29998779296875,423.70001220703125,422.8999938964844,422.8999938964844,137764
2026-01-21 10:35:00+05:30,422.8999938964844,423.0,422.20001220703125,422.20001220703125,155704
2026-01-21 10:40:00+05:30,422.20001220703125,422.20001220703125,421.5,421.79998779296875,169967
2026-01-21 10:45:00+05:30,421.79998779296875,421.79998779296875,420.79998779296875,420.79998779296875,337299
2026-01-21 10:50:00+05:30,420.79998779296875,420.8999938964844,419.29998779296875,419.5,208748
2026-01-21 10:55:00+05:30,419.6000061035156,420.79998779296875,419.0,419.8999938964844,388035
2026-01-21 11:00:00+05:30,420.1000061035156,420.20001220703125,419.20001220703125,419.20001220703125,162791
2026-01-21 11:05:00+05:30,419.29998779296875,419.3999938964844,418.1000061035156,418.29998779296875,216989
2026-01-21 11:10:00+05:30,418.20001220703125,419.3999938964844,417.8999938964844,419.0,232816
2026-01-21 11:15:00+05:30,418.79998779296875,418.8999938964844,418.20001220703125,418.79998779296875,170214
2026-01-21 11:20:00+05:30,418.79998779296875,418.79998779296875,417.6000061035156,417.6000061035156,112988
2026-01-21 11:25:00+05:30,417.70001220703125,417.79998779296875,416.6000061035156,416.6000061035156,153732
2026-01-21 11:30:00+05:30,416.6000061035156,418.1000061035156,416.6000061035156,417.6000061035156,219755
2026-01-21 11:35:00+05:30,417.6000061035156,418.1000061035156,416.8999938964844,417.29998779296875,235833
2026-01-21 11:40:00+05:30,417.29998779296875,418.1000061035156,417.0,417.5,152693
2026-01-21 11:45:00+05:30,417.5,418.20001220703125,417.5,417.70001220703125,141387
2026-01-21 11:50:00+05:30,417.8999938964844,418.20001220703125,417.6000061035156,417.8999938964844,146899
2026-01-21 11:55:00+05:30,417.8999938964844,418.20001220703125,417.5,417.6000061035156,131878
2026-01-21 12:00:00+05:30,417.6000061035156,419.0,417.6000061035156,418.8999938964844,134291
2026-01-21 12:05:00+05:30,418.70001220703125,419.0,418.1000061035156,418.3999938964844,111144
2026-01-21 12:10:00+05:30,418.3999938964844,418.70001220703125,418.1000061035156,418.20001220703125,116823
2026-01-21 12:15:00+05:30,418.29998779296875,419.29998779296875,418.1000061035156,418.8999938964844,140603
2026-01-21 12:20:00+05:30,419.0,420.0,418.5,420.0,194131
2026-01-21 12:25:00+05:30,419.70001220703125,419.79998779296875,418.3999938964844,418.6000061035156,101478
2026-01-21 12:30:00+05:30,418.6000061035156,420.29998779296875,418.6000061035156,419.8999938964844,121675
2026-01-21 12:35:00+05:30,420.0,421.70001220703125,420.0,421.6000061035156,142489
2026-01-21 12:40:00+05:30,421.5,422.79998779296875,421.29998779296875,422.79998779296875,373617
2026-01-21 12:45:00+05:30,422.79998779296875,423.20001220703125,422.6000061035156,422.8999938964844,174026
2026-01-21 12:50:00+05:30,422.8999938964844,423.8999938964844,422.70001220703125,423.29998779296875,184929
2026-01-21 12:55:00+05:30,423.29998779296875,423.6000061035156,422.8999938964844,423.5,188018
2026-01-21 13:00:00+05:30,423.5,425.0,423.5,424.79998779296875,192792
2026-01-21 13:05:00+05:30,424.8999938964844,425.0,424.29998779296875,424.5,152909
2026-01-21 13:10:00+05:30,424.29998779296875,424.29998779296875,422.79998779296875,422.8999938964844,143319
2026-01-21 13:15:00+05:30,422.8999938964844,423.1000061035156,422.20001220703125,422.79998779296875,323364
2026-01-21 13:20:00+05:30,422.70001220703125,423.1000061035156,422.1000061035156,422.29998779296875,262661
2026-01-21 13:25:00+05:30,422.1000061035156,422.3999938964844,421.70001220703125,421.79998779296875,113987
2026-01-21 13:30:00+05:30,421.6000061035156,421.8999938964844,420.79998779296875,421.29998779296875,337908
2026-01-21 13:35:00+05:30,421.20001220703125,423.70001220703125,421.1000061035156,423.20001220703125,203911
2026-01-21 13:40:00+05:30,423.1000061035156,423.20001220703125,422.1000061035156,422.79998779296875,70452
2026-01-21 13:45:00+05:30,422.79998779296875,423.1000061035156,422.5,422.79998779296875,59253
2026-01-21 13:50:00+05:30,422.8999938964844,422.8999938964844,421.5,421.8999938964844,71363
2026-01-21 13:55:00+05:30,422.1000061035156,422.20001220703125,421.5,421.79998779296875,109970
2026-01-21 14:00:00+05:30,421.79998779296875,422.20001220703125,421.20001220703125,422.0,71403
2026-01-21 14:05:00+05:30,421.8999938964844,422.20001220703125,421.70001220703125,422.1000061035156,59555
2026-01-21 14:10:00+05:30,422.0,422.20001220703125,421.5,421.6000061035156,365650
2026-01-21 14:15:00+05:30,421.3999938964844,423.20001220703125,421.20001220703125,422.3999938964844,116413
2026-01-21 14:20:00+05:30,422.6000061035156,422.8999938964844,421.3999938964844,421.79998779296875,64761
2026-01-21 14:25:00+05:30,421.70001220703125,421.8999938964844,421.0,421.29998779296875,59905
2026-01-21 14:30:00+05:30,421.20001220703125,422.3999938964844,421.1000061035156,422.20001220703125,63819
2026-01-21 14:35:00+05:30,422.20001220703125,422.3999938964844,421.5,422.1000061035156,146294
2026-01-21 14:40:00+05:30,421.79998779296875,422.3999938964844,421.79998779296875,422.0,90900
2026-01-21 14:45:00+05:30,422.1000061035156,422.1000061035156,421.3999938964844,421.79998779296875,97226
2026-01-21 14:50:00+05:30,421.70001220703125,422.0,421.29998779296875,421.79998779296875,138981
2026-01-21 14:55:00+05:30,421.70001220703125,421.70001220703125,421.1000061035156,421.3999938964844,98299
2026-01-21 15:00:00+05:30,421.3999938964844,422.20001220703125,421.3999938964844,422.20001220703125,258332
2026-01-21 15:05:00+05:30,422.20001220703125,422.6000061035156,422.0,422.20001220703125,244471
2026-01-21 15:10:00+05:30,422.1000061035156,422.1000061035156,421.29998779296875,421.5,229436
2026-01-21 15:15:00+05:30,421.3999938964844,421.79998779296875,420.79998779296875,421.6000061035156,359633
2026-01-21 15:20:00+05:30,421.6000061035156,421.6000061035156,421.1000061035156,421.3999938964844,266633
2026-01-21 15:25:00+05:30,421.3999938964844,422.1000061035156,421.1000061035156,422.0,374948
2026-01-22 09:20:00+05:30,423.8999938964844,426.6000061035156,423.8999938964844,426.1000061035156,219877
2026-01-22 09:25:00+05:30,426.3999938964844,428.0,426.1000061035156,427.3999938964844,131394
2026-01-22 09:30:00+05:30,426.8999938964844,428.1000061035156,426.8999938964844,427.6000061035156,109246
2026-01-22 09:35:00+05:30,427.5,429.0,427.5,428.29998779296875,121068
2026-01-22 09:40:00+05:30,428.20001220703125,428.8999938964844,427.70001220703125,428.3999938964844,367428
2026-01-22 09:45:00+05:30,428.20001220703125,429.6000061035156,428.0,428.20001220703125,525311
2026-01-22 09:50:00+05:30,428.20001220703125,428.20001220703125,427.1000061035156,427.3999938964844,91630
2026-01-22 09:55:00+05:30,427.5,427.70001220703125,426.8999938964844,427.3999938964844,62050
2026-01-22 10:00:00+05:30,427.3999938964844,428.1000061035156,427.0,427.79998779296875,599869
2026-01-22 10:05:00+05:30,428.0,428.0,427.3999938964844,427.3999938964844,40407
2026-01-22 10:10:00+05:30,427.5,428.20001220703125,427.3999938964844,427.6000061035156,131081
2026-01-22 10:15:00+05:30,427.6000061035156,427.79998779296875,426.20001220703125,426.20001220703125,177265
2026-01-22 10:20:00+05:30,426.0,426.5,425.6000061035156,426.5,120580
2026-01-22 10:25:00+05:30,426.5,426.5,424.8999938964844,425.0,62191
2026-01-22 10:30:00+05:30,425.0,425.0,423.3999938964844,424.5,106159
2026-01-22 10:35:00+05:30,424.6000061035156,424.8999938964844,423.8999938964844,423.8999938964844,64362
2026-01-22 10:40:00+05:30,423.79998779296875,424.5,423.79998779296875,424.3999938964844,46050
2026-01-22 10:45:00+05:30,424.3999938964844,424.5,423.79998779296875,423.8999938964844,44969
2026-01-22 10:50:00+05:30,423.8999938964844,423.8999938964844,422.29998779296875,422.5,68545
2026-01-22 10:55:00+05:30,422.5,422.6000061035156,421.70001220703125,421.79998779296875,76771
2026-01-22 11:00:00+05:30,421.79998779296875,422.1000061035156,421.1000061035156,421.1000061035156,76075
2026-01-22 11:05:00+05:30,421.29998779296875,421.29998779296875,420.6000061035156,420.8999938964844,127363
2026-01-22 11:10:00+05:30,421.20001220703125,421.79998779296875,420.5,421.1000061035156,293522
2026-01-22 11:15:00+05:30,421.1000061035156,421.29998779296875,420.70001220703125,421.29998779296875,71069
2026-01-22 11:20:00+05:30,421.29998779296875,422.29998779296875,421.29998779296875,422.20001220703125,125137
2026-01-22 11:25:00+05:30,422.20001220703125,423.70001220703125,422.1000061035156,423.5,290630
2026-01-22 11:30:00+05:30,423.29998779296875,423.3999938964844,422.8999938964844,423.0,49483
2026-01-22 11:35:00+05:30,423.0,423.20001220703125,422.79998779296875,423.0,44967
2026-01-22 11:40:00+05:30,423.0,423.0,421.8999938964844,422.1000061035156,47170
2026-01-22 11:45:00+05:30,422.1000061035156,422.79998779296875,421.79998779296875,422.79998779296875,68792
2026-01-22 11:50:00+05:30,422.79998779296875,423.3999938964844,422.70001220703125,423.0,48953
2026-01-22 11:55:00+05:30,422.8999938964844,423.0,422.6000061035156,422.70001220703125,33912
2026-01-22 12:00:00+05:30,422.3999938964844,422.70001220703125,422.20001220703125,422.6000061035156,57589
2026-01-22 12:05:00+05:30,422.70001220703125,423.8999938964844,422.70001220703125,423.6000061035156,84833
2026-01-22 12:10:00+05:30,423.6000061035156,423.70001220703125,423.20001220703125,423.3999938964844,57220
2026-01-22 12:15:00+05:30,423.3999938964844,424.5,423.29998779296875,424.29998779296875,158052
2026-01-22 12:20:00+05:30,424.20001220703125,424.6000061035156,423.5,423.6000061035156,194975
2026-01-22 12:25:00+05:30,423.29998779296875,423.8999938964844,423.20001220703125,423.79998779296875,53263
2026-01-22 12:30:00+05:30,423.79998779296875,424.1000061035156,423.20001220703125,424.1000061035156,56783
2026-01-22 12:35:00+05:30,424.1000061035156,424.6000061035156,423.5,424.20001220703125,258667
2026-01-22 12:40:00+05:30,424.20001220703125,424.20001220703125,423.20001220703125,423.5,72431
2026-01-22 12:45:00+05:30,423.79998779296875,424.1000061035156,423.5,424.0,44844
2026-01-22 12:50:00+05:30,424.1000061035156,424.29998779296875,423.29998779296875,423.29998779296875,58998
2026-01-22 12:55:00+05:30,423.29998779296875,423.29998779296875,422.6000061035156,422.6000061035156,59308
2026-01-22 13:00:00+05:30,422.6000061035156,423.20001220703125,422.5,422.8999938964844,64679
2026-01-22 13:05:00+05:30,423.0,423.0,422.20001220703125,422.20001220703125,63066
2026-01-22 13:10:00+05:30,422.3999938964844,422.79998779296875,422.20001220703125,422.6000061035156,58966
2026-01-22 13:15:00+05:30,422.6000061035156,422.70001220703125,421.8999938964844,422.6000061035156,60333
2026-01-22 13:20:00+05:30,422.6000061035156,422.70001220703125,422.29998779296875,422.5,49084
2026-01-22 13:25:00+05:30,422.3999938964844,422.6000061035156,422.29998779296875,422.6000061035156,43736
2026-01-22 13:30:00+05:30,422.6000061035156,423.79998779296875,422.29998779296875,423.79998779296875,115614
2026-01-22 13:35:00+05:30,424.0,424.20001220703125,423.3999938964844,423.3999938964844,75814
2026-01-22 13:40:00+05:30,423.29998779296875,423.70001220703125,423.1000061035156,423.5,158968
2026-01-22 13:45:00+05:30,423.5,423.70001220703125,423.20001220703125,423.70001220703125,51374
2026-01-22 13:50:00+05:30,423.5,424.29998779296875,423.5,424.1000061035156,99471
2026-01-22 13:55:00+05:30,424.1000061035156,424.29998779296875,423.29998779296875,423.29998779296875,86482
2026-01-22 14:00:00+05:30,423.79998779296875,424.20001220703125,423.6000061035156,423.79998779296875,60159
2026-01-22 14:05:00+05:30,423.70001220703125,423.8999938964844,422.79998779296875,423.3999938964844,85330
2026-01-22 14:10:00+05:30,423.29998779296875,423.8999938964844,423.0,423.20001220703125,107984
2026-01-22 14:15:00+05:30,423.29998779296875,423.5,423.1000061035156,423.3999938964844,222350
2026-01-22 14:20:00+05:30,423.5,424.20001220703125,423.5,423.79998779296875,108784
2026-01-22 14:25:00+05:30,423.79998779296875,424.8999938964844,423.79998779296875,424.8999938964844,103223
2026-01-22 14:30:00+05:30,424.79998779296875,425.8999938964844,424.79998779296875,425.70001220703125,151734
2026-01-22 14:35:00+05:30,425.70001220703125,426.8999938964844,425.5,426.3999938964844,328824
2026-01-22 14:40:00+05:30,426.3999938964844,426.5,425.5,426.1000061035156,128029
2026-01-22 14:45:00+05:30,426.1000061035156,426.3999938964844,425.70001220703125,425.70001220703125,218036
2026-01-22 14:50:00+05:30,425.79998779296875,425.8999938964844,425.1000061035156,425.3999938964844,115564
2026-01-22 14:55:00+05:30,425.3999938964844,425.70001220703125,425.0,425.29998779296875,114611
2026-01-22 15:00:00+05:30,425.29998779296875,425.79998779296875,424.8999938964844,425.1000061035156,278759
2026-01-22 15:05:00+05:30,425.1000061035156,426.20001220703125,425.0,425.79998779296875,297764
2026-01-22 15:10:00+05:30,425.70001220703125,426.6000061035156,425.70001220703125,426.29998779296875,173652
2026-01-22 15:15:00+05:30,426.20001220703125,426.79998779296875,426.20001220703125,426.3999938964844,243726
2026-01-22 15:20:00+05:30,426.29998779296875,426.29998779296875,426.1000061035156,426.29998779296875,200215
2026-01-22 15:25:00+05:30,426.29998779296875,429.79998779296875,426.20001220703125,427.0,249481
2026-01-23 09:20:00+05:30,428.29998779296875,428.5,427.20001220703125,428.0,59321
2026-01-23 09:25:00+05:30,428.0,428.0,427.1000061035156,427.3999938964844,30587
2026-01-23 09:30:00+05:30,427.20001220703125,427.5,426.79998779296875,427.20001220703125,31679
2026-01-23 09:35:00+05:30,427.1000061035156,427.20001220703125,426.0,426.29998779296875,37775
2026-01-23 09:40:00+05:30,426.1000061035156,426.29998779296875,425.3999938964844,426.0,39446
2026-01-23 09:45:00+05:30,426.0,426.79998779296875,425.79998779296875,426.5,32777
2026-01-23 09:50:00+05:30,426.5,426.6000061035156,426.0,426.1000061035156,16108
2026-01-23 09:55:00+05:30,426.1000061035156,426.5,425.79998779296875,426.29998779296875,19775
2026-01-23 10:00:00+05:30,426.3999938964844,426.6000061035156,425.3999938964844,425.8999938964844,30916
2026-01-23 10:05:00+05:30,426.0,427.20001220703125,425.70001220703125,427.1000061035156,178301
2026-01-23 10:10:00+05:30,426.8999938964844,427.70001220703125,426.79998779296875,427.0,77936
2026-01-23 10:15:00+05:30,427.0,427.29998779296875,426.79998779296875,426.79998779296875,69373
2026-01-23 10:20:00+05:30,426.79998779296875,427.1000061035156,425.8999938964844,426.6000061035156,478531
2026-01-23 10:25:00+05:30,426.6000061035156,426.8999938964844,426.20001220703125,426.5,1329352
2026-01-23 10:30:00+05:30,426.5,427.3999938964844,426.5,427.20001220703125,417134
2026-01-23 10:35:00+05:30,427.20001220703125,428.29998779296875,427.1000061035156,427.5,63591
2026-01-23 10:40:00+05:30,427.5,427.8999938964844,427.20001220703125,427.20001220703125,65830
2026-01-23 10:45:00+05:30,427.1000061035156,427.6000061035156,426.70001220703125,426.79998779296875,47111
2026-01-23 10:50:00+05:30,426.6000061035156,427.0,426.6000061035156,426.8999938964844,45650
2026-01-23 10:55:00+05:30,426.8999938964844,427.0,426.6000061035156,427.0,40926
2026-01-23 11:00:00+05:30,427.0,427.6000061035156,426.70001220703125,426.79998779296875,98343
2026-01-23 11:05:00+05:30,426.70001220703125,427.1000061035156,426.6000061035156,426.8999938964844,47713
2026-01-23 11:10:00+05:30,426.70001220703125,427.1000061035156,426.6000061035156,426.79998779296875,55544
2026-01-23 11:15:00+05:30,426.70001220703125,426.8999938964844,425.20001220703125,425.3999938964844,150950
2026-01-23 11:20:00+05:30,425.3999938964844,425.3999938964844,424.79998779296875,425.20001220703125,61854
2026-01-23 11:25:00+05:30,425.20001220703125,425.20001220703125,424.6000061035156,424.8999938964844,44436
2026-01-23 11:30:00+05:30,424.8999938964844,425.0,424.29998779296875,424.5,53265
2026-01-23 11:35:00+05:30,424.5,424.5,424.0,424.0,44910
2026-01-23 11:40:00+05:30,424.29998779296875,424.29998779296875,423.0,423.20001220703125,64031
2026-01-23 11:45:00+05:30,423.0,424.1000061035156,423.0,423.6000061035156,586866
2026-01-23 11:50:00+05:30,423.5,423.5,422.3999938964844,422.79998779296875,134805
2026-01-23 11:55:00+05:30,422.70001220703125,422.8999938964844,422.6000061035156,422.8999938964844,49008
2026-01-23 12:00:00+05:30,422.8999938964844,422.8999938964844,422.29998779296875,422.8999938964844,47155
2026-01-23 12:05:00+05:30,422.70001220703125,422.79998779296875,421.79998779296875,422.5,144954
2026-01-23 12:10:00+05:30,422.5,423.20001220703125,422.20001220703125,423.20001220703125,112715
2026-01-23 12:15:00+05:30,423.1000061035156,424.0,423.1000061035156,424.0,81923
2026-01-23 12:20:00+05:30,424.0,424.1000061035156,422.8999938964844,423.20001220703125,104714
2026-01-23 12:25:00+05:30,422.8999938964844,423.29998779296875,422.70001220703125,423.0,48859
2026-01-23 12:30:00+05:30,423.20001220703125,423.29998779296875,422.79998779296875,423.20001220703125,53352
2026-01-23 12:35:00+05:30,423.20001220703125,423.3999938964844,422.8999938964844,423.3999938964844,46019
2026-01-23 12:40:00+05:30,423.1000061035156,424.3999938964844,423.1000061035156,424.0,185843
2026-01-23 12:45:00+05:30,424.1000061035156,424.79998779296875,423.70001220703125,424.1000061035156,81206
2026-01-23 12:50:00+05:30,424.1000061035156,424.8999938964844,423.6000061035156,424.20001220703125,121692
2026-01-23 12:55:00+05:30,424.5,424.70001220703125,423.8999938964844,423.8999938964844,63323
2026-01-23 13:00:00+05:30,424.0,424.8999938964844,423.8999938964844,424.6000061035156,87496
2026-01-23 13:05:00+05:30,424.70001220703125,425.0,424.29998779296875,424.79998779296875,58367
2026-01-23 13:10:00+05:30,424.70001220703125,425.0,424.5,424.79998779296875,78237
2026-01-23 13:15:00+05:30,425.0,425.0,423.5,423.5,64547
2026-01-23 13:20:00+05:30,423.70001220703125,424.0,423.0,423.70001220703125,91880
2026-01-23 13:25:00+05:30,423.6000061035156,423.8999938964844,422.5,422.70001220703125,62938
2026-01-23 13:30:00+05:30,422.5,422.70001220703125,421.20001220703125,421.6000061035156,77933
2026-01-23 13:35:00+05:30,421.6000061035156,422.29998779296875,421.3999938964844,421.70001220703125,115557
2026-01-23 13:40:00+05:30,421.5,421.79998779296875,421.20001220703125,421.29998779296875,48829
2026-01-23 13:45:00+05:30,421.1000061035156,421.5,421.0,421.5,53794
2026-01-23 13:50:00+05:30,421.29998779296875,421.5,420.79998779296875,420.79998779296875,56792
2026-01-23 13:55:00+05:30,421.0,421.3999938964844,420.70001220703125,421.20001220703125,73678
2026-01-23 14:00:00+05:30,421.20001220703125,421.5,421.0,421.5,68294
2026-01-23 14:05:00+05:30,421.3999938964844,421.6000061035156,421.1000061035156,421.5,58817
2026-01-23 14:10:00+05:30,421.29998779296875,421.8999938964844,420.8999938964844,421.6000061035156,77764
2026-01-23 14:15:00+05:30,421.79998779296875,422.3999938964844,421.3999938964844,421.79998779296875,87859
2026-01-23 14:20:00+05:30,421.79998779296875,421.8999938964844,420.79998779296875,420.8999938964844,686275
2026-01-23 14:25:00+05:30,421.0,421.6000061035156,420.70001220703125,421.20001220703125,147485
2026-01-23 14:30:00+05:30,421.20001220703125,422.79998779296875,421.20001220703125,422.3999938964844,154848
2026-01-23 14:35:00+05:30,422.5,423.1000061035156,422.1000061035156,422.79998779296875,102342
2026-01-23 14:40:00+05:30,422.70001220703125,423.1000061035156,422.6000061035156,422.70001220703125,84236
2026-01-23 14:45:00+05:30,423.0,423.1000061035156,422.6000061035156,422.8999938964844,183406
2026-01-23 14:50:00+05:30,423.0,423.8999938964844,422.79998779296875,423.5,244037
2026-01-23 14:55:00+05:30,423.3999938964844,424.1000061035156,423.3999938964844,423.5,87138
2026-01-23 15:00:00+05:30,423.6000061035156,423.6000061035156,422.3999938964844,423.20001220703125,238220
2026-01-23 15:05:00+05:30,423.0,423.20001220703125,422.1000061035156,422.1000061035156,189761
2026-01-23 15:10:00+05:30,422.1000061035156,422.6000061035156,421.79998779296875,422.5,269246
2026-01-23 15:15:00+05:30,422.79998779296875,422.79998779296875,421.29998779296875,421.6000061035156,154949
2026-01-23 15:20:00+05:30,421.6000061035156,423.29998779296875,421.29998779296875,423.29998779296875,365150
2026-01-23 15:25:00+05:30,423.3999938964844,425.0,423.1000061035156,424.5,546542
2026-01-27 09:20:00+05:30,407.6000061035156,408.1000061035156,404.6000061035156,405.79998779296875,818192
2026-01-27 09:25:00+05:30,405.70001220703125,406.5,404.79998779296875,405.20001220703125,340343
2026-01-27 09:30:00+05:30,405.0,406.5,403.5,403.70001220703125,1512415
2026-01-27 09:35:00+05:30,403.5,406.79998779296875,403.3999938964844,406.79998779296875,538803
2026-01-27 09:40:00+05:30,406.70001220703125,408.29998779296875,406.5,407.70001220703125,675145
2026-01-27 09:45:00+05:30,407.70001220703125,408.20001220703125,406.70001220703125,407.5,459484
2026-01-27 09:50:00+05:30,407.5,407.5,405.20001220703125,405.20001220703125,374679
2026-01-27 09:55:00+05:30,404.8999938964844,406.0,403.8999938964844,405.1000061035156,410902
2026-01-27 10:00:00+05:30,405.1000061035156,405.8999938964844,405.0,405.1000061035156,268205
2026-01-27 10:05:00+05:30,405.0,405.0,403.3999938964844,404.5,373654
2026-01-27 10:10:00+05:30,404.6000061035156,406.70001220703125,404.29998779296875,406.0,509223
2026-01-27 10:15:00+05:30,406.0,408.5,405.6000061035156,408.3999938964844,421427
2026-01-27 10:20:00+05:30,408.3999938964844,409.0,408.1000061035156,408.5,242748
2026-01-27 10:25:00+05:30,408.3999938964844,408.5,406.79998779296875,406.8999938964844,218803
2026-01-27 10:30:00+05:30,407.1000061035156,407.5,406.8999938964844,407.5,166360
2026-01-27 10:35:00+05:30,407.5,407.6000061035156,406.5,406.6000061035156,297113
2026-01-27 10:40:00+05:30,406.5,406.6000061035156,404.1000061035156,404.70001220703125,1440037
2026-01-27 10:45:00+05:30,404.70001220703125,405.29998779296875,403.79998779296875,404.6000061035156,618106
2026-01-27 10:50:00+05:30,404.6000061035156,404.6000061035156,402.6000061035156,403.3999938964844,470147
2026-01-27 10:55:00+05:30,403.3999938964844,403.6000061035156,402.79998779296875,403.20001220703125,995999
2026-01-27 11:00:00+05:30,403.20001220703125,406.6000061035156,403.1000061035156,406.29998779296875,429704
2026-01-27 11:05:00+05:30,405.79998779296875,406.3999938964844,405.5,405.5,310970
2026-01-27 11:10:00+05:30,405.6000061035156,406.6000061035156,405.6000061035156,406.29998779296875,669771
2026-01-27 11:15:00+05:30,406.3999938964844,407.1000061035156,406.29998779296875,406.8999938964844,314463
2026-01-27 11:20:00+05:30,407.0,408.29998779296875,406.8999938964844,407.1000061035156,1770716
2026-01-27 11:25:00+05:30,407.0,407.8999938964844,406.3999938964844,407.8999938964844,532669
2026-01-27 11:30:00+05:30,407.8999938964844,409.6000061035156,407.5,408.3999938964844,1057484
2026-01-27 11:35:00+05:30,408.20001220703125,409.29998779296875,408.20001220703125,409.29998779296875,321822
2026-01-27 11:40:00+05:30,409.29998779296875,410.1000061035156,409.0,409.5,587199
2026-01-27 11:45:00+05:30,409.5,409.8999938964844,408.8999938964844,409.0,265120
2026-01-27 11:50:00+05:30,408.8999938964844,409.1000061035156,407.1000061035156,407.1000061035156,369926
2026-01-27 11:55:00+05:30,407.29998779296875,408.3999938964844,407.0,408.29998779296875,219734
2026-01-27 12:00:00+05:30,408.29998779296875,408.8999938964844,407.8999938964844,408.8999938964844,281876
2026-01-27 12:05:00+05:30,409.1000061035156,410.20001220703125,409.1000061035156,409.8999938964844,182914
2026-01-27 12:10:00+05:30,409.8999938964844,410.8999938964844,409.6000061035156,410.3999938964844,214171
2026-01-27 12:15:00+05:30,410.5,410.6000061035156,409.6000061035156,409.6000061035156,152842
2026-01-27 12:20:00+05:30,409.79998779296875,411.70001220703125,409.6000061035156,411.70001220703125,381608
2026-01-27 12:25:00+05:30,411.70001220703125,412.0,410.0,410.1000061035156,250587
2026-01-27 12:30:00+05:30,410.29998779296875,410.8999938964844,410.0,410.20001220703125,230575
2026-01-27 12:35:00+05:30,410.20001220703125,410.5,409.79998779296875,409.79998779296875,282720
2026-01-27 12:40:00+05:30,409.79998779296875,410.1000061035156,409.5,409.6000061035156,214404
2026-01-27 12:45:00+05:30,409.6000061035156,410.0,409.20001220703125,409.5,171228
2026-01-27 12:50:00+05:30,409.3999938964844,410.79998779296875,409.29998779296875,410.6000061035156,491302
2026-01-27 12:55:00+05:30,410.70001220703125,411.1000061035156,410.6000061035156,410.6000061035156,166357
2026-01-27 13:00:00+05:30,410.6000061035156,410.6000061035156,409.70001220703125,409.8999938964844,194985
2026-01-27 13:05:00+05:30,409.8999938964844,410.3999938964844,409.6000061035156,410.1000061035156,270034
2026-01-27 13:10:00+05:30,410.1000061035156,410.1000061035156,408.79998779296875,409.29998779296875,242166
2026-01-27 13:15:00+05:30,409.0,409.5,407.79998779296875,408.0,384569
2026-01-27 13:20:00+05:30,407.8999938964844,408.0,407.1000061035156,407.70001220703125,377872
2026-01-27 13:25:00+05:30,407.70001220703125,407.70001220703125,406.79998779296875,407.1000061035156,360918
2026-01-27 13:30:00+05:30,407.1000061035156,407.5,406.29998779296875,406.29998779296875,942465
2026-01-27 13:35:00+05:30,406.29998779296875,406.6000061035156,405.70001220703125,406.1000061035156,1005139
2026-01-27 13:40:00+05:30,406.0,406.29998779296875,405.20001220703125,406.0,543849
2026-01-27 13:45:00+05:30,405.8999938964844,405.8999938964844,405.5,405.70001220703125,176810
2026-01-27 13:50:00+05:30,405.79998779296875,405.79998779296875,405.5,405.5,258867
2026-01-27 13:55:00+05:30,405.6000061035156,406.20001220703125,405.5,406.0,700271
2026-01-27 14:00:00+05:30,406.0,406.0,405.5,405.5,648423
2026-01-27 14:05:00+05:30,405.5,405.8999938964844,405.1000061035156,405.3999938964844,317545
2026-01-27 14:10:00+05:30,405.5,406.29998779296875,405.5,406.20001220703125,280920
2026-01-27 14:15:00+05:30,406.0,406.3999938964844,405.70001220703125,405.79998779296875,323635
2026-01-27 14:20:00+05:30,406.0,406.20001220703125,405.5,405.79998779296875,415550
2026-01-27 14:25:00+05:30,405.79998779296875,406.29998779296875,405.3999938964844,405.8999938964844,444597
2026-01-27 14:30:00+05:30,405.8999938964844,406.5,405.6000061035156,405.8999938964844,581424
2026-01-27 14:35:00+05:30,405.8999938964844,406.6000061035156,405.70001220703125,406.5,664458
2026-01-27 14:40:00+05:30,406.5,407.29998779296875,406.29998779296875,406.70001220703125,725298
2026-01-27 14:45:00+05:30,406.79998779296875,407.6000061035156,406.70001220703125,407.29998779296875,767323
2026-01-27 14:50:00+05:30,407.29998779296875,408.20001220703125,407.29998779296875,408.1000061035156,775050
2026-01-27 14:55:00+05:30,408.1000061035156,408.29998779296875,407.0,407.5,1253809
2026-01-27 15:00:00+05:30,407.6000061035156,408.5,407.1000061035156,408.29998779296875,1828245
2026-01-27 15:05:00+05:30,408.29998779296875,408.29998779296875,407.3999938964844,407.79998779296875,1666917
2026-01-27 15:10:00+05:30,407.79998779296875,408.70001220703125,407.5,408.0,1807218
2026-01-27 15:15:00+05:30,408.0,409.70001220703125,407.8999938964844,409.5,2047949
2026-01-27 15:20:00+05:30,409.5,411.1000061035156,409.0,410.6000061035156,1879072
2026-01-27 15:25:00+05:30,410.70001220703125,412.0,409.79998779296875,411.8999938964844,1101532
2026-01-28 09:15:00+05:30,409.29998779296875,410.6000061035156,406.79998779296875,407.5,608193
2026-01-28 09:20:00+05:30,407.79998779296875,408.5,407.29998779296875,407.29998779296875,226272
2026-01-28 09:25:00+05:30,407.0,408.29998779296875,406.3999938964844,408.20001220703125,265741
2026-01-28 09:30:00+05:30,408.29998779296875,408.79998779296875,406.70001220703125,406.8999938964844,242688
2026-01-28 09:35:00+05:30,406.8999938964844,407.70001220703125,406.6000061035156,407.20001220703125,163194
2026-01-28 09:40:00+05:30,407.20001220703125,408.29998779296875,407.20001220703125,407.5,133615
2026-01-28 09:45:00+05:30,407.5,408.79998779296875,407.3999938964844,408.3999938964844,97684
2026-01-28 09:50:00+05:30,408.5,409.6000061035156,408.29998779296875,409.6000061035156,128351
2026-01-28 09:55:00+05:30,409.5,410.29998779296875,409.29998779296875,409.8999938964844,141194
2026-01-28 10:00:00+05:30,410.1000061035156,410.29998779296875,410.0,410.29998779296875,88505
2026-01-28 10:05:00+05:30,410.29998779296875,410.3999938964844,409.29998779296875,409.6000061035156,120721
2026-01-28 10:10:00+05:30,409.6000061035156,410.20001220703125,409.3999938964844,410.1000061035156,154262
2026-01-28 10:15:00+05:30,410.1000061035156,410.1000061035156,409.79998779296875,410.0,85177
2026-01-28 10:20:00+05:30,410.1000061035156,410.20001220703125,409.8999938964844,410.1000061035156,56875
2026-01-28 10:25:00+05:30,410.6000061035156,411.3999938964844,410.6000061035156,411.0,2136336
2026-01-28 10:30:00+05:30,410.70001220703125,410.79998779296875,409.8999938964844,410.0,138446
2026-01-28 10:35:00+05:30,410.0,410.6000061035156,409.8999938964844,410.6000061035156,70751
2026-01-28 10:40:00+05:30,410.6000061035156,410.70001220703125,410.0,410.20001220703125,114377
2026-01-28 10:45:00+05:30,410.20001220703125,410.70001220703125,410.0,410.20001220703125,94222
2026-01-28 10:50:00+05:30,410.29998779296875,410.70001220703125,410.29998779296875,410.6000061035156,34027
2026-01-28 10:55:00+05:30,410.6000061035156,410.79998779296875,410.29998779296875,410.70001220703125,46226
2026-01-28 11:00:00+05:30,410.70001220703125,411.29998779296875,410.5,411.20001220703125,43184
2026-01-28 11:05:00+05:30,411.20001220703125,411.5,410.79998779296875,410.79998779296875,54250
2026-01-28 11:10:00+05:30,411.0,411.29998779296875,410.8999938964844,411.20001220703125,37951
2026-01-28 11:15:00+05:30,411.20001220703125,411.79998779296875,411.20001220703125,411.29998779296875,222187
2026-01-28 11:20:00+05:30,411.29998779296875,412.29998779296875,411.29998779296875,412.1000061035156,88046
2026-01-28 11:25:00+05:30,412.20001220703125,414.0,412.1000061035156,413.5,347545
2026-01-28 11:30:00+05:30,413.70001220703125,414.20001220703125,413.1000061035156,414.20001220703125,77385
2026-01-28 11:35:00+05:30,414.20001220703125,414.20001220703125,413.1000061035156,413.6000061035156,88098
2026-01-28 11:40:00+05:30,413.70001220703125,413.70001220703125,412.6000061035156,412.8999938964844,82629
2026-01-28 11:45:00+05:30,412.8999938964844,412.8999938964844,412.20001220703125,412.70001220703125,95118
2026-01-28 11:50:00+05:30,412.6000061035156,413.1000061035156,412.6000061035156,413.0,109647
2026-01-28 11:55:00+05:30,413.1000061035156,413.20001220703125,412.1000061035156,412.20001220703125,147767
2026-01-28 12:00:00+05:30,412.29998779296875,412.6000061035156,412.0,412.0,417276
2026-01-28 12:05:00+05:30,412.1000061035156,413.1000061035156,411.8999938964844,412.70001220703125,117948
2026-01-28 12:10:00+05:30,412.70001220703125,412.79998779296875,412.0,412.20001220703125,319818
2026-01-28 12:15:00+05:30,412.20001220703125,412.3999938964844,412.0,412.1000061035156,182503
2026-01-28 12:20:00+05:30,412.0,412.1000061035156,411.6000061035156,411.6000061035156,103758
2026-01-28 12:25:00+05:30,411.6000061035156,411.70001220703125,411.3999938964844,411.3999938964844,85397
2026-01-28 12:30:00+05:30,411.5,412.0,411.29998779296875,411.8999938964844,94635
2026-01-28 12:35:00+05:30,412.0,412.0,411.5,411.6000061035156,93399
2026-01-28 12:40:00+05:30,411.6000061035156,412.0,411.20001220703125,411.6000061035156,95361
2026-01-28 12:45:00+05:30,411.5,412.0,411.3999938964844,412.0,128372
2026-01-28 12:50:00+05:30,412.0,412.20001220703125,411.79998779296875,412.1000061035156,177404
2026-01-28 12:55:00+05:30,412.0,412.29998779296875,411.3999938964844,411.8999938964844,138063
2026-01-28 13:00:00+05:30,411.70001220703125,412.1000061035156,411.70001220703125,412.1000061035156,117020
2026-01-28 13:05:00+05:30,412.1000061035156,412.1000061035156,411.79998779296875,411.79998779296875,138979
2026-01-28 13:10:00+05:30,411.79998779296875,412.0,411.70001220703125,412.0,112791
2026-01-28 13:15:00+05:30,412.0,412.0,411.70001220703125,412.0,117016
2026-01-28 13:20:00+05:30,412.0,412.0,410.1000061035156,410.6000061035156,376898
2026-01-28 13:25:00+05:30,410.6000061035156,410.79998779296875,410.20001220703125,410.79998779296875,129385
2026-01-28 13:30:00+05:30,410.5,411.0,410.29998779296875,410.5,101320
2026-01-28 13:35:00+05:30,410.3999938964844,410.5,409.79998779296875,410.0,653190
2026-01-28 13:40:00+05:30,410.0,410.20001220703125,409.79998779296875,409.79998779296875,204969
2026-01-28 13:45:00+05:30,409.79998779296875,410.0,409.6000061035156,410.0,229322
2026-01-28 13:50:00+05:30,409.8999938964844,409.8999938964844,409.20001220703125,409.70001220703125,153620
2026-01-28 13:55:00+05:30,409.5,409.79998779296875,409.29998779296875,409.5,189314
2026-01-28 14:00:00+05:30,409.5,409.70001220703125,409.0,409.6000061035156,97791
2026-01-28 14:05:00+05:30,409.3999938964844,409.6000061035156,409.0,409.20001220703125,109568
2026-01-28 14:10:00+05:30,409.0,409.3999938964844,409.0,409.29998779296875,79238
2026-01-28 14:15:00+05:30,409.29998779296875,409.3999938964844,409.20001220703125,409.29998779296875,83399
2026-01-28 14:20:00+05:30,409.0,409.3999938964844,408.8999938964844,409.29998779296875,82550
2026-01-28 14:25:00+05:30,409.5,409.5,409.20001220703125,409.20001220703125,84396
2026-01-28 14:30:00+05:30,409.29998779296875,409.3999938964844,409.0,409.0,78819
2026-01-28 14:35:00+05:30,408.8999938964844,409.5,408.8999938964844,409.29998779296875,132542
2026-01-28 14:40:00+05:30,409.29998779296875,410.20001220703125,409.29998779296875,410.20001220703125,195900
2026-01-28 14:45:00+05:30,410.20001220703125,410.79998779296875,410.0,410.79998779296875,109945
2026-01-28 14:50:00+05:30,410.79998779296875,411.20001220703125,410.70001220703125,411.20001220703125,116734
2026-01-28 14:55:00+05:30,411.3999938964844,411.70001220703125,411.1000061035156,411.5,224850
2026-01-28 15:00:00+05:30,411.70001220703125,412.0,411.6000061035156,411.79998779296875,236755
2026-01-28 15:05:00+05:30,411.79998779296875,412.1000061035156,411.5,412.1000061035156,341867
2026-01-28 15:10:00+05:30,412.1000061035156,412.29998779296875,411.8999938964844,412.29998779296875,354293
2026-01-28 15:15:00+05:30,412.29998779296875,412.8999938964844,412.20001220703125,412.6000061035156,623759
2026-01-28 15:20:00+05:30,412.6000061035156,413.20001220703125,412.6000061035156,412.8999938964844,424998
2026-01-28 15:25:00+05:30,413.0,413.0,411.5,411.5,426528
2026-01-29 09:20:00+05:30,408.3999938964844,409.8999938964844,408.20001220703125,409.70001220703125,305827
2026-01-29 09:25:00+05:30,409.6000061035156,409.79998779296875,408.3999938964844,408.3999938964844,202124
2026-01-29 09:30:00+05:30,408.3999938964844,409.0,408.0,408.1000061035156,99660
2026-01-29 09:35:00+05:30,408.1000061035156,408.3999938964844,408.0,408.29998779296875,87557
2026-01-29 09:40:00+05:30,408.20001220703125,408.8999938964844,408.1000061035156,408.79998779296875,138151
2026-01-29 09:45:00+05:30,408.70001220703125,409.6000061035156,408.70001220703125,409.3999938964844,437845
2026-01-29 09:50:00+05:30,409.5,410.0,408.5,408.8999938964844,294259
2026-01-29 09:55:00+05:30,408.8999938964844,409.79998779296875,408.3999938964844,409.79998779296875,784025
2026-01-29 10:00:00+05:30,409.5,410.0,409.1000061035156,409.3999938964844,465357
2026-01-29 10:05:00+05:30,409.3999938964844,409.70001220703125,409.1000061035156,409.3999938964844,67450
2026-01-29 10:10:00+05:30,409.6000061035156,410.6000061035156,409.5,410.3999938964844,159143
2026-01-29 10:15:00+05:30,410.3999938964844,410.6000061035156,409.79998779296875,410.6000061035156,381812
2026-01-29 10:20:00+05:30,410.29998779296875,410.5,409.5,410.0,60453
2026-01-29 10:25:00+05:30,409.8999938964844,410.3999938964844,409.3999938964844,410.1000061035156,1006827
2026-01-29 10:30:00+05:30,410.20001220703125,410.20001220703125,409.5,409.8999938964844,72913
2026-01-29 10:35:00+05:30,409.79998779296875,410.1000061035156,409.20001220703125,409.20001220703125,428852
2026-01-29 10:40:00+05:30,409.20001220703125,409.5,408.79998779296875,409.0,125701
2026-01-29 10:45:00+05:30,409.0,409.20001220703125,409.0,409.0,36754
2026-01-29 10:50:00+05:30,409.0,409.70001220703125,408.70001220703125,408.70001220703125,96287
2026-01-29 10:55:00+05:30,408.6000061035156,409.5,408.6000061035156,408.70001220703125,168717
2026-01-29 11:00:00+05:30,408.79998779296875,409.0,407.3999938964844,407.3999938964844,139887
2026-01-29 11:05:00+05:30,407.3999938964844,408.1000061035156,407.29998779296875,407.70001220703125,146527
2026-01-29 11:10:00+05:30,408.5,409.3999938964844,408.29998779296875,408.5,88381
2026-01-29 11:15:00+05:30,408.5,408.5,408.20001220703125,408.5,85340
2026-01-29 11:20:00+05:30,408.3999938964844,409.3999938964844,408.29998779296875,409.29998779296875,225256
2026-01-29 11:25:00+05:30,409.29998779296875,409.5,408.8999938964844,409.29998779296875,32152
2026-01-29 11:30:00+05:30,409.3999938964844,410.20001220703125,409.3999938964844,410.20001220703125,163780
2026-01-29 11:35:00+05:30,410.20001220703125,411.3999938964844,410.0,410.70001220703125,320882
2026-01-29 11:40:00+05:30,410.70001220703125,411.1000061035156,410.3999938964844,411.1000061035156,55665
2026-01-29 11:45:00+05:30,411.1000061035156,412.0,410.79998779296875,412.0,80530
2026-01-29 11:50:00+05:30,411.8999938964844,412.3999938964844,410.20001220703125,410.20001220703125,902718
2026-01-29 11:55:00+05:30,410.20001220703125,411.29998779296875,410.1000061035156,411.1000061035156,96007
2026-01-29 12:00:00+05:30,411.0,412.5,411.0,412.3999938964844,53461
2026-01-29 12:05:00+05:30,412.3999938964844,412.6000061035156,411.1000061035156,412.20001220703125,108382
2026-01-29 12:10:00+05:30,412.20001220703125,412.3999938964844,411.6000061035156,411.70001220703125,90333
2026-01-29 12:15:00+05:30,411.79998779296875,412.1000061035156,411.5,412.0,61952
2026-01-29 12:20:00+05:30,412.0,412.0,411.6000061035156,411.8999938964844,54944
2026-01-29 12:25:00+05:30,412.0,412.0,410.8999938964844,411.0,95167
2026-01-29 12:30:00+05:30,410.8999938964844,411.70001220703125,410.70001220703125,411.5,84471
2026-01-29 12:35:00+05:30,411.6000061035156,412.70001220703125,411.5,412.3999938964844,99903
2026-01-29 12:40:00+05:30,412.5,412.8999938964844,412.0,412.0,85850
2026-01-29 12:45:00+05:30,412.0,412.70001220703125,411.70001220703125,412.6000061035156,101916
2026-01-29 12:50:00+05:30,412.6000061035156,413.0,412.3999938964844,412.70001220703125,101067
2026-01-29 12:55:00+05:30,412.79998779296875,413.0,412.5,412.8999938964844,110480
2026-01-29 13:00:00+05:30,412.79998779296875,413.6000061035156,412.70001220703125,413.6000061035156,209898
2026-01-29 13:05:00+05:30,413.70001220703125,414.6000061035156,413.29998779296875,414.0,192473
2026-01-29 13:10:00+05:30,413.8999938964844,414.20001220703125,413.29998779296875,413.79998779296875,110650
2026-01-29 13:15:00+05:30,413.70001220703125,414.29998779296875,413.1000061035156,413.1000061035156,160111
2026-01-29 13:20:00+05:30,413.1000061035156,413.29998779296875,412.70001220703125,413.1000061035156,310851
2026-01-29 13:25:00+05:30,413.1000061035156,413.20001220703125,411.79998779296875,412.0,294979
2026-01-29 13:30:00+05:30,411.8999938964844,413.20001220703125,411.79998779296875,412.6000061035156,135401
2026-01-29 13:35:00+05:30,412.6000061035156,413.1000061035156,412.6000061035156,412.8999938964844,115354
2026-01-29 13:40:00+05:30,412.79998779296875,413.29998779296875,412.1000061035156,413.29998779296875,109206
2026-01-29 13:45:00+05:30,413.20001220703125,413.29998779296875,412.70001220703125,412.8999938964844,122224
2026-01-29 13:50:00+05:30,413.0,413.20001220703125,412.3999938964844,412.6000061035156,173826
2026-01-29 13:55:00+05:30,412.6000061035156,412.6000061035156,412.1000061035156,412.29998779296875,172505
2026-01-29 14:00:00+05:30,412.20001220703125,412.3999938964844,411.79998779296875,412.20001220703125,202810
2026-01-29 14:05:00+05:30,412.1000061035156,412.20001220703125,411.5,411.70001220703125,303025
2026-01-29 14:10:00+05:30,411.6000061035156,413.20001220703125,411.5,413.20001220703125,147556
2026-01-29 14:15:00+05:30,413.1000061035156,413.29998779296875,412.6000061035156,412.79998779296875,128507
2026-01-29 14:20:00+05:30,412.8999938964844,413.0,412.0,413.0,539551
2026-01-29 14:25:00+05:30,412.70001220703125,413.20001220703125,412.20001220703125,413.0,766283
2026-01-29 14:30:00+05:30,413.0,413.5,412.5,413.0,656291
2026-01-29 14:35:00+05:30,412.8999938964844,413.1000061035156,412.20001220703125,412.79998779296875,648277
2026-01-29 14:40:00+05:30,412.79998779296875,413.5,412.29998779296875,412.79998779296875,575882
2026-01-29 14:45:00+05:30,413.0,413.3999938964844,412.6000061035156,413.29998779296875,645473
2026-01-29 14:50:00+05:30,413.20001220703125,413.8999938964844,412.79998779296875,413.0,738262
2026-01-29 14:55:00+05:30,413.0,413.0,412.5,413.0,564177
2026-01-29 15:00:00+05:30,413.5,413.5,412.20001220703125,412.5,1287658
2026-01-29 15:05:00+05:30,412.3999938964844,413.20001220703125,412.0,412.79998779296875,1310318
2026-01-29 15:10:00+05:30,412.79998779296875,413.79998779296875,412.1000061035156,412.5,1454365
2026-01-29 15:15:00+05:30,412.70001220703125,413.70001220703125,412.3999938964844,412.8999938964844,1260506
2026-01-29 15:20:00+05:30,413.0,413.0,410.6000061035156,410.79998779296875,2028719
2026-01-29 15:25:00+05:30,410.79998779296875,412.79998779296875,410.70001220703125,412.3999938964844,769465
2026-01-30 09:20:00+05:30,409.3999938964844,409.3999938964844,408.70001220703125,408.70001220703125,218509
2026-01-30 09:25:00+05:30,408.6000061035156,409.1000061035156,408.20001220703125,408.3999938964844,198192
2026-01-30 09:30:00+05:30,408.29998779296875,408.29998779296875,407.5,407.70001220703125,173913
2026-01-30 09:35:00+05:30,407.5,408.0,407.5,407.8999938964844,209275
2026-01-30 09:40:00+05:30,407.8999938964844,408.20001220703125,407.1000061035156,408.20001220703125,280475
2026-01-30 09:45:00+05:30,408.5,408.5,407.8999938964844,408.29998779296875,219691
2026-01-30 09:50:00+05:30,408.20001220703125,408.5,408.0,408.5,155193
2026-01-30 09:55:00+05:30,408.70001220703125,408.70001220703125,408.0,408.3999938964844,118796
2026-01-30 10:00:00+05:30,408.5,408.79998779296875,408.1000061035156,408.29998779296875,143536
2026-01-30 10:05:00+05:30,408.29998779296875,408.29998779296875,407.3999938964844,407.6000061035156,127267
2026-01-30 10:10:00+05:30,407.5,408.8999938964844,407.5,408.79998779296875,197228
2026-01-30 10:15:00+05:30,408.8999938964844,409.20001220703125,408.6000061035156,408.79998779296875,114337
2026-01-30 10:20:00+05:30,408.70001220703125,408.79998779296875,408.3999938964844,408.70001220703125,111416
2026-01-30 10:25:00+05:30,408.5,408.70001220703125,408.20001220703125,408.5,151239
2026-01-30 10:30:00+05:30,408.3999938964844,408.8999938964844,408.3999938964844,408.70001220703125,83316
2026-01-30 10:35:00+05:30,408.6000061035156,409.1000061035156,408.6000061035156,409.1000061035156,157718
2026-01-30 10:40:00+05:30,409.1000061035156,409.20001220703125,408.70001220703125,408.8999938964844,119080
2026-01-30 10:45:00+05:30,409.0,409.1000061035156,408.79998779296875,408.8999938964844,87279
2026-01-30 10:50:00+05:30,408.79998779296875,408.79998779296875,408.20001220703125,408.3999938964844,112254
2026-01-30 10:55:00+05:30,408.5,408.5,407.8999938964844,408.0,85950
2026-01-30 11:00:00+05:30,408.0,408.1000061035156,407.79998779296875,408.1000061035156,83179
2026-01-30 11:05:00+05:30,408.1000061035156,408.1000061035156,407.70001220703125,407.8999938964844,75575
2026-01-30 11:10:00+05:30,407.8999938964844,407.8999938964844,406.8999938964844,407.0,161602
2026-01-30 11:15:00+05:30,407.0,407.20001220703125,406.3999938964844,406.6000061035156,96509
2026-01-30 11:20:00+05:30,406.5,406.8999938964844,406.20001220703125,406.8999938964844,150113
2026-01-30 11:25:00+05:30,407.0,407.0,406.5,406.6000061035156,109163
2026-01-30 11:30:00+05:30,406.70001220703125,406.8999938964844,406.29998779296875,406.29998779296875,93055
2026-01-30 11:35:00+05:30,406.3999938964844,406.5,406.29998779296875,406.3999938964844,87922
2026-01-30 11:40:00+05:30,406.3999938964844,406.3999938964844,406.20001220703125,406.29998779296875,71182
2026-01-30 11:45:00+05:30,406.29998779296875,406.29998779296875,405.79998779296875,406.0,91725
2026-01-30 11:50:00+05:30,405.8999938964844,406.5,405.8999938964844,406.20001220703125,109385
2026-01-30 11:55:00+05:30,406.29998779296875,406.29998779296875,405.6000061035156,405.70001220703125,101521
2026-01-30 12:00:00+05:30,405.70001220703125,406.29998779296875,405.6000061035156,406.20001220703125,112584
2026-01-30 12:05:00+05:30,406.1000061035156,406.70001220703125,406.0,406.70001220703125,112269
2026-01-30 12:10:00+05:30,406.5,408.0,406.5,407.8999938964844,357207
2026-01-30 12:15:00+05:30,407.8999938964844,408.0,407.3999938964844,407.3999938964844,79539
2026-01-30 12:20:00+05:30,407.5,408.5,407.5,408.29998779296875,619339
2026-01-30 12:25:00+05:30,408.29998779296875,408.3999938964844,407.70001220703125,408.0,81166
2026-01-30 12:30:00+05:30,408.0,408.1000061035156,407.6000061035156,407.6000061035156,58497
2026-01-30 12:35:00+05:30,407.70001220703125,408.5,407.5,408.29998779296875,602953
2026-01-30 12:40:00+05:30,408.29998779296875,408.3999938964844,407.6000061035156,407.8999938964844,161950
2026-01-30 12:45:00+05:30,407.8999938964844,408.1000061035156,407.70001220703125,408.1000061035156,97563
2026-01-30 12:50:00+05:30,408.1000061035156,408.6000061035156,408.0,408.20001220703125,103900
2026-01-30 12:55:00+05:30,408.20001220703125,408.29998779296875,408.1000061035156,408.20001220703125,54994
2026-01-30 13:00:00+05:30,408.1000061035156,408.20001220703125,407.6000061035156,407.79998779296875,222969
2026-01-30 13:05:00+05:30,407.79998779296875,407.79998779296875,406.5,406.6000061035156,206098
2026-01-30 13:10:00+05:30,406.6000061035156,406.8999938964844,406.3999938964844,406.70001220703125,193006
2026-01-30 13:15:00+05:30,406.70001220703125,406.70001220703125,405.6000061035156,405.79998779296875,269047
2026-01-30 13:20:00+05:30,405.8999938964844,406.1000061035156,405.70001220703125,405.70001220703125,132598
2026-01-30 13:25:00+05:30,405.79998779296875,406.0,405.3999938964844,405.3999938964844,134495
2026-01-30 13:30:00+05:30,405.3999938964844,406.29998779296875,405.3999938964844,406.20001220703125,327092
2026-01-30 13:35:00+05:30,406.29998779296875,407.29998779296875,406.1000061035156,407.29998779296875,197802
2026-01-30 13:40:00+05:30,407.20001220703125,408.0,407.20001220703125,407.8999938964844,140259
2026-01-30 13:45:00+05:30,408.0,408.29998779296875,407.79998779296875,408.29998779296875,165907
2026-01-30 13:50:00+05:30,408.29998779296875,409.29998779296875,408.20001220703125,409.0,182974
2026-01-30 13:55:00+05:30,409.20001220703125,409.20001220703125,408.70001220703125,409.0,139853
2026-01-30 14:00:00+05:30,408.8999938964844,412.3999938964844,408.8999938964844,409.1000061035156,185270
2026-01-30 14:05:00+05:30,409.0,409.5,409.0,409.5,151592
2026-01-30 14:10:00+05:30,409.5,409.5,409.0,409.29998779296875,136425
2026-01-30 14:15:00+05:30,409.3999938964844,409.3999938964844,408.79998779296875,408.8999938964844,200432
2026-01-30 14:20:00+05:30,409.0,409.3999938964844,408.79998779296875,409.3999938964844,183116
2026-01-30 14:25:00+05:30,409.20001220703125,409.29998779296875,408.70001220703125,408.8999938964844,144999
2026-01-30 14:30:00+05:30,408.70001220703125,409.0,408.3999938964844,408.5,151668
2026-01-30 14:35:00+05:30,408.70001220703125,409.29998779296875,408.6000061035156,409.29998779296875,215912
2026-01-30 14:40:00+05:30,409.3999938964844,409.3999938964844,408.20001220703125,408.5,360510
2026-01-30 14:45:00+05:30,408.6000061035156,409.5,408.3999938964844,409.29998779296875,261414
2026-01-30 14:50:00+05:30,409.29998779296875,410.20001220703125,409.29998779296875,409.6000061035156,643545
2026-01-30 14:55:00+05:30,409.5,409.79998779296875,409.0,409.1000061035156,400048
2026-01-30 15:00:00+05:30,409.1000061035156,409.1000061035156,407.3999938964844,407.70001220703125,1462088
2026-01-30 15:05:00+05:30,407.6000061035156,408.1000061035156,407.3999938964844,408.0,1434164
2026-01-30 15:10:00+05:30,408.0,408.29998779296875,407.70001220703125,407.79998779296875,1104288
2026-01-30 15:15:00+05:30,407.70001220703125,408.5,407.70001220703125,408.1000061035156,1280036
2026-01-30 15:20:00+05:30,408.20001220703125,408.29998779296875,407.3999938964844,407.8999938964844,1572433
2026-01-30 15:25:00+05:30,408.0,409.70001220703125,407.5,408.0,1038818
2026-02-03 09:15:00+05:30,417.3999938964844,420.20001220703125,410.29998779296875,417.0,6471165
2026-02-03 09:20:00+05:30,417.1499938964844,420.3500061035156,416.75,417.1000061035156,1099393
2026-02-03 09:25:00+05:30,417.29998779296875,419.04998779296875,416.79998779296875,418.25,495292
2026-02-03 09:30:00+05:30,418.1000061035156,420.20001220703125,417.25,419.54998779296875,626047
2026-02-03 09:35:00+05:30,419.6000061035156,420.5,419.1499938964844,419.6499938964844,816675
2026-02-03 09:40:00+05:30,419.5,420.1000061035156,418.6499938964844,420.0,487970
2026-02-03 09:45:00+05:30,419.8999938964844,420.45001220703125,418.04998779296875,420.45001220703125,541394
2026-02-03 09:50:00+05:30,420.3999938964844,420.3999938964844,418.6000061035156,418.95001220703125,405908
2026-02-03 09:55:00+05:30,418.8999938964844,420.29998779296875,418.75,418.75,558337
2026-02-03 10:00:00+05:30,418.6499938964844,418.70001220703125,417.6499938964844,417.8500061035156,353673
2026-02-03 10:05:00+05:30,417.8999938964844,417.95001220703125,416.45001220703125,416.45001220703125,429580
2026-02-03 10:10:00+05:30,416.45001220703125,418.5,416.3999938964844,418.5,587532
2026-02-03 10:15:00+05:30,418.75,419.8999938964844,418.75,419.45001220703125,397553
2026-02-03 10:20:00+05:30,419.3500061035156,420.3500061035156,419.3500061035156,419.8500061035156,562795
2026-02-03 10:25:00+05:30,419.8999938964844,420.8500061035156,419.79998779296875,420.54998779296875,367620
2026-02-03 10:30:00+05:30,420.5,423.0,420.1000061035156,422.8999938964844,775064
2026-02-03 10:35:00+05:30,422.8999938964844,423.1000061035156,422.0,422.1499938964844,706638
2026-02-03 10:40:00+05:30,422.1499938964844,422.20001220703125,421.0,421.1499938964844,586725
2026-02-03 10:45:00+05:30,421.29998779296875,421.75,420.95001220703125,421.04998779296875,159018
2026-02-03 10:50:00+05:30,421.04998779296875,421.04998779296875,420.1499938964844,420.3999938964844,196725
2026-02-03 10:55:00+05:30,420.54998779296875,421.0,420.1499938964844,420.6499938964844,208669
2026-02-03 11:00:00+05:30,420.29998779296875,420.70001220703125,420.04998779296875,420.20001220703125,215399
2026-02-03 11:05:00+05:30,420.04998779296875,420.3500061035156,419.3500061035156,419.8999938964844,904611
2026-02-03 11:10:00+05:30,419.95001220703125,420.1499938964844,419.29998779296875,419.3999938964844,300982
2026-02-03 11:15:00+05:30,419.45001220703125,419.6499938964844,418.6499938964844,418.6499938964844,129511
2026-02-03 11:20:00+05:30,418.54998779296875,418.8999938964844,418.5,418.8999938964844,186524
2026-02-03 11:25:00+05:30,418.95001220703125,419.45001220703125,418.8999938964844,419.1499938964844,208468
2026-02-03 11:30:00+05:30,419.20001220703125,420.1499938964844,418.6499938964844,420.1000061035156,247715
2026-02-03 11:35:00+05:30,420.29998779296875,420.6000061035156,419.8999938964844,420.04998779296875,126695
2026-02-03 11:40:00+05:30,420.0,420.04998779296875,419.54998779296875,420.04998779296875,167435
2026-02-03 11:45:00+05:30,420.04998779296875,420.20001220703125,419.04998779296875,419.75,541596
2026-02-03 11:50:00+05:30,419.6000061035156,419.8500061035156,419.1499938964844,419.45001220703125,75199
2026-02-03 11:55:00+05:30,419.45001220703125,421.1000061035156,419.3500061035156,420.75,724766
2026-02-03 12:00:00+05:30,420.75,421.04998779296875,420.29998779296875,420.29998779296875,694833
2026-02-03 12:05:00+05:30,420.29998779296875,420.5,420.04998779296875,420.1499938964844,127606
2026-02-03 12:10:00+05:30,420.20001220703125,420.20001220703125,418.79998779296875,418.8999938964844,115886
2026-02-03 12:15:00+05:30,419.0,419.6499938964844,418.3999938964844,419.45001220703125,280577
2026-02-03 12:20:00+05:30,419.45001220703125,419.45001220703125,419.04998779296875,419.1499938964844,122196
2026-02-03 12:25:00+05:30,419.20001220703125,419.25,418.04998779296875,418.5,242495
2026-02-03 12:30:00+05:30,418.1499938964844,419.8500061035156,418.1000061035156,419.29998779296875,593017
2026-02-03 12:35:00+05:30,419.29998779296875,419.70001220703125,419.0,419.70001220703125,272837
2026-02-03 12:40:00+05:30,419.70001220703125,420.29998779296875,419.3500061035156,419.6499938964844,186149
2026-02-03 12:45:00+05:30,419.70001220703125,420.0,419.04998779296875,419.29998779296875,207721
2026-02-03 12:50:00+05:30,419.29998779296875,419.54998779296875,418.6499938964844,418.75,203572
2026-02-03 12:55:00+05:30,418.75,419.0,418.20001220703125,418.54998779296875,190514
2026-02-03 13:00:00+05:30,418.45001220703125,419.6000061035156,418.3999938964844,419.3500061035156,316437
2026-02-03 13:05:00+05:30,419.3500061035156,419.5,419.04998779296875,419.25,217078
2026-02-03 13:10:00+05:30,419.25,419.3999938964844,419.04998779296875,419.20001220703125,178544
2026-02-03 13:15:00+05:30,419.20001220703125,419.75,419.1000061035156,419.75,236897
2026-02-03 13:20:00+05:30,419.75,419.79998779296875,419.25,419.54998779296875,188718
2026-02-03 13:25:00+05:30,419.5,419.6499938964844,418.1000061035156,419.1499938964844,409832
2026-02-03 13:30:00+05:30,419.1000061035156,419.1000061035156,418.70001220703125,418.8999938964844,185333
2026-02-03 13:35:00+05:30,418.8999938964844,419.95001220703125,418.45001220703125,419.70001220703125,360735
2026-02-03 13:40:00+05:30,419.54998779296875,420.3999938964844,419.54998779296875,420.1499938964844,216054
2026-02-03 13:45:00+05:30,420.1499938964844,420.1499938964844,418.1000061035156,418.29998779296875,192452
2026-02-03 13:50:00+05:30,418.29998779296875,418.29998779296875,417.5,417.54998779296875,118615
2026-02-03 13:55:00+05:30,417.70001220703125,417.8500061035156,417.3999938964844,417.8500061035156,167044
2026-02-03 14:00:00+05:30,417.5,417.5,416.75,417.3999938964844,140598
2026-02-03 14:05:00+05:30,417.3999938964844,417.6499938964844,416.8500061035156,417.3999938964844,472802
2026-02-03 14:10:00+05:30,417.3999938964844,417.3999938964844,416.45001220703125,416.6000061035156,255097
2026-02-03 14:15:00+05:30,416.54998779296875,416.70001220703125,416.29998779296875,416.45001220703125,196068
2026-02-03 14:20:00+05:30,416.45001220703125,416.5,416.1000061035156,416.25,191383
2026-02-03 14:25:00+05:30,416.20001220703125,416.3999938964844,415.75,416.1499938964844,283808
2026-02-03 14:30:00+05:30,416.1499938964844,416.45001220703125,415.6000061035156,416.20001220703125,330827
2026-02-03 14:35:00+05:30,416.25,416.8999938964844,416.1000061035156,416.6000061035156,311731
2026-02-03 14:40:00+05:30,416.54998779296875,417.5,416.45001220703125,417.20001220703125,484309
2026-02-03 14:45:00+05:30,417.1000061035156,417.3500061035156,416.95001220703125,417.25,280843
2026-02-03 14:50:00+05:30,417.25,417.25,416.8500061035156,416.8999938964844,274718
2026-02-03 14:55:00+05:30,416.8500061035156,417.0,416.3500061035156,416.70001220703125,303233
2026-02-03 15:00:00+05:30,416.79998779296875,416.95001220703125,415.25,415.70001220703125,864902
2026-02-03 15:05:00+05:30,415.6499938964844,416.1000061035156,415.5,415.54998779296875,837601
2026-02-03 15:10:00+05:30,415.54998779296875,416.1499938964844,415.5,415.5,743259
2026-02-03 15:15:00+05:30,415.6000061035156,416.1499938964844,415.45001220703125,415.75,889763
2026-02-03 15:20:00+05:30,415.79998779296875,416.20001220703125,415.45001220703125,416.0,958894
2026-02-03 15:25:00+05:30,415.8999938964844,416.45001220703125,415.1499938964844,415.79998779296875,888760
2026-02-04 09:20:00+05:30,415.8999938964844,416.25,414.8500061035156,415.95001220703125,198284
2026-02-04 09:25:00+05:30,415.6000061035156,416.20001220703125,415.3999938964844,415.5,87441
2026-02-04 09:30:00+05:30,415.3999938964844,416.6000061035156,415.25,415.3500061035156,149112
2026-02-04 09:35:00+05:30,415.3500061035156,415.6000061035156,414.70001220703125,414.95001220703125,124808
2026-02-04 09:40:00+05:30,415.29998779296875,415.79998779296875,415.0,415.20001220703125,139747
2026-02-04 09:45:00+05:30,415.20001220703125,415.70001220703125,415.04998779296875,415.1000061035156,128492
2026-02-04 09:50:00+05:30,414.95001220703125,416.04998779296875,414.8999938964844,416.04998779296875,166211
2026-02-04 09:55:00+05:30,415.8500061035156,416.0,415.45001220703125,415.70001220703125,111520
2026-02-04 10:00:00+05:30,415.75,416.1000061035156,415.20001220703125,415.3500061035156,85112
2026-02-04 10:05:00+05:30,415.3500061035156,415.3999938964844,414.5,414.5,90437
2026-02-04 10:10:00+05:30,414.3999938964844,414.79998779296875,414.25,414.25,41236
2026-02-04 10:15:00+05:30,414.20001220703125,414.29998779296875,413.5,413.5,77533
2026-02-04 10:20:00+05:30,413.3999938964844,413.6000061035156,412.6499938964844,412.8500061035156,118794
2026-02-04 10:25:00+05:30,412.79998779296875,413.54998779296875,412.75,413.29998779296875,80599
2026-02-04 10:30:00+05:30,413.29998779296875,413.70001220703125,413.1000061035156,413.25,66676
2026-02-04 10:35:00+05:30,413.25,413.25,412.5,412.8999938964844,92958
2026-02-04 10:40:00+05:30,412.8999938964844,413.45001220703125,412.6499938964844,413.1499938964844,60309
2026-02-04 10:45:00+05:30,413.1499938964844,413.3500061035156,413.0,413.29998779296875,67542
2026-02-04 10:50:00+05:30,413.29998779296875,413.54998779296875,413.04998779296875,413.20001220703125,43428
2026-02-04 10:55:00+05:30,413.20001220703125,414.20001220703125,412.70001220703125,413.95001220703125,130677
2026-02-04 11:00:00+05:30,413.70001220703125,414.3500061035156,412.75,414.29998779296875,146064
2026-02-04 11:05:00+05:30,414.1000061035156,414.75,414.1000061035156,414.3500061035156,44374
2026-02-04 11:10:00+05:30,414.29998779296875,414.29998779296875,413.54998779296875,413.8999938964844,104998
2026-02-04 11:15:00+05:30,413.8999938964844,414.1000061035156,413.6000061035156,413.70001220703125,70817
2026-02-04 11:20:00+05:30,413.70001220703125,414.0,413.3999938964844,413.3999938964844,99490
2026-02-04 11:25:00+05:30,413.45001220703125,415.1499938964844,413.45001220703125,414.54998779296875,629099
2026-02-04 11:30:00+05:30,414.3500061035156,414.3500061035156,413.3999938964844,413.75,350179
2026-02-04 11:35:00+05:30,413.75,415.45001220703125,413.6499938964844,414.6499938964844,604153
2026-02-04 11:40:00+05:30,414.54998779296875,414.95001220703125,414.29998779296875,414.29998779296875,62693
2026-02-04 11:45:00+05:30,414.3999938964844,415.0,414.3500061035156,415.0,150079
2026-02-04 11:50:00+05:30,415.3500061035156,415.3500061035156,414.20001220703125,414.8500061035156,151890
2026-02-04 11:55:00+05:30,414.79998779296875,414.79998779296875,414.25,414.3500061035156,57047
2026-02-04 12:00:00+05:30,414.3999938964844,414.5,413.70001220703125,413.8999938964844,96640
2026-02-04 12:05:00+05:30,414.0,414.79998779296875,413.79998779296875,414.6000061035156,101646
2026-02-04 12:10:00+05:30,414.6000061035156,414.6000061035156,413.6000061035156,413.95001220703125,295502
2026-02-04 12:15:00+05:30,413.95001220703125,414.0,412.0,412.29998779296875,140038
2026-02-04 12:20:00+05:30,412.20001220703125,412.3999938964844,412.0,412.3999938964844,61996
2026-02-04 12:25:00+05:30,412.3500061035156,412.3500061035156,411.8500061035156,411.95001220703125,69156
2026-02-04 12:30:00+05:30,411.95001220703125,412.3999938964844,411.0,412.0,700086
2026-02-04 12:35:00+05:30,412.0,412.0,411.54998779296875,411.79998779296875,85437
2026-02-04 12:40:00+05:30,411.79998779296875,412.1000061035156,411.20001220703125,411.20001220703125,249278
2026-02-04 12:45:00+05:30,411.04998779296875,411.3999938964844,411.04998779296875,411.25,153532
2026-02-04 12:50:00+05:30,411.25,411.25,410.79998779296875,411.0,129977
2026-02-04 12:55:00+05:30,411.0,411.1499938964844,410.6499938964844,410.79998779296875,139625
2026-02-04 13:00:00+05:30,410.8500061035156,411.0,410.70001220703125,410.8999938964844,82392
2026-02-04 13:05:00+05:30,410.8500061035156,411.1000061035156,410.79998779296875,411.0,84797
2026-02-04 13:10:00+05:30,411.0,411.3500061035156,410.8500061035156,411.20001220703125,74878
2026-02-04 13:15:00+05:30,411.25,411.45001220703125,411.0,411.29998779296875,77769
2026-02-04 13:20:00+05:30,411.3500061035156,411.45001220703125,411.1000061035156,411.3500061035156,50606
2026-02-04 13:25:00+05:30,411.29998779296875,412.0,411.20001220703125,411.79998779296875,157801
2026-02-04 13:30:00+05:30,411.75,413.54998779296875,411.70001220703125,412.95001220703125,181850
2026-02-04 13:35:00+05:30,412.8500061035156,413.3999938964844,412.75,413.1499938964844,80953
2026-02-04 13:40:00+05:30,413.1499938964844,413.54998779296875,413.04998779296875,413.29998779296875,70346
2026-02-04 13:45:00+05:30,413.3999938964844,413.70001220703125,413.20001220703125,413.45001220703125,87293
2026-02-04 13:50:00+05:30,413.6000061035156,413.75,413.3999938964844,413.75,68946
2026-02-04 13:55:00+05:30,413.79998779296875,413.79998779296875,413.3999938964844,413.5,53588
2026-02-04 14:00:00+05:30,413.6000061035156,413.6000061035156,412.25,412.75,321579
2026-02-04 14:05:00+05:30,412.70001220703125,412.75,411.8999938964844,411.8999938964844,100848
2026-02-04 14:10:00+05:30,411.70001220703125,412.75,411.70001220703125,412.75,163074
2026-02-04 14:15:00+05:30,412.79998779296875,412.95001220703125,412.25,412.6000061035156,189351
2026-02-04 14:20:00+05:30,412.70001220703125,412.79998779296875,412.45001220703125,412.6000061035156,138442
2026-02-04 14:25:00+05:30,412.6000061035156,413.0,412.6000061035156,413.0,208569
2026-02-04 14:30:00+05:30,413.0,413.0,412.6000061035156,412.8500061035156,190848
2026-02-04 14:35:00+05:30,412.8999938964844,413.04998779296875,412.6499938964844,413.0,210363
2026-02-04 14:40:00+05:30,413.0,413.6499938964844,412.5,413.3999938964844,304707
2026-02-04 14:45:00+05:30,413.3999938964844,413.54998779296875,412.8999938964844,412.8999938964844,173240
2026-02-04 14:50:00+05:30,413.0,413.0,412.70001220703125,412.8500061035156,263420
2026-02-04 14:55:00+05:30,412.8999938964844,412.8999938964844,412.29998779296875,412.8500061035156,347334
2026-02-04 15:00:00+05:30,412.8999938964844,413.1499938964844,412.8500061035156,413.0,442973
2026-02-04 15:05:00+05:30,413.0,413.29998779296875,412.3500061035156,412.54998779296875,416395
2026-02-04 15:10:00+05:30,412.54998779296875,412.6000061035156,412.20001220703125,412.20001220703125,375118
2026-02-04 15:15:00+05:30,412.20001220703125,412.54998779296875,411.8999938964844,411.95001220703125,497331
2026-02-04 15:20:00+05:30,411.8500061035156,412.1499938964844,411.79998779296875,412.0,492575
2026-02-04 15:25:00+05:30,411.95001220703125,412.3999938964844,411.1499938964844,412.3500061035156,586304
2026-02-05 09:20:00+05:30,412.29998779296875,412.29998779296875,410.8999938964844,411.0,444934
2026-02-05 09:25:00+05:30,411.0,411.8500061035156,411.0,411.5,290901
2026-02-05 09:30:00+05:30,411.5,412.3999938964844,411.5,411.5,618992
2026-02-05 09:35:00+05:30,411.5,412.79998779296875,411.3500061035156,412.6499938964844,794358
2026-02-05 09:40:00+05:30,412.54998779296875,412.54998779296875,411.79998779296875,411.95001220703125,404794
2026-02-05 09:45:00+05:30,412.0,412.0,410.3999938964844,410.6000061035156,452679
2026-02-05 09:50:00+05:30,410.6000061035156,410.8500061035156,409.8500061035156,409.8500061035156,314931
2026-02-05 09:55:00+05:30,409.95001220703125,410.3500061035156,409.45001220703125,410.3500061035156,286976
2026-02-05 10:00:00+05:30,410.3500061035156,410.5,409.79998779296875,410.20001220703125,220745
2026-02-05 10:05:00+05:30,410.1499938964844,410.1499938964844,409.70001220703125,409.79998779296875,200639
2026-02-05 10:10:00+05:30,409.79998779296875,410.45001220703125,409.79998779296875,410.25,697453
2026-02-05 10:15:00+05:30,410.3500061035156,410.3999938964844,409.3500061035156,409.6499938964844,281728
2026-02-05 10:20:00+05:30,409.75,409.8500061035156,409.5,409.70001220703125,223578
2026-02-05 10:25:00+05:30,409.75,409.75,409.0,409.1000061035156,165635
2026-02-05 10:30:00+05:30,409.0,409.3999938964844,408.70001220703125,408.95001220703125,384684
2026-02-05 10:35:00+05:30,408.95001220703125,409.04998779296875,407.95001220703125,408.0,217530
2026-02-05 10:40:00+05:30,408.0,408.20001220703125,407.45001220703125,407.70001220703125,344965
2026-02-05 10:45:00+05:30,407.6000061035156,407.79998779296875,406.75,407.5,1213485
2026-02-05 10:50:00+05:30,407.54998779296875,408.1499938964844,407.1000061035156,407.3500061035156,422791
2026-02-05 10:55:00+05:30,407.29998779296875,407.3999938964844,406.5,406.70001220703125,280222
2026-02-05 11:00:00+05:30,406.70001220703125,407.29998779296875,406.45001220703125,406.75,270470
2026-02-05 11:05:00+05:30,406.79998779296875,407.0,406.6000061035156,406.8500061035156,67577
2026-02-05 11:10:00+05:30,406.95001220703125,407.3999938964844,406.54998779296875,406.79998779296875,152737
2026-02-05 11:15:00+05:30,406.79998779296875,406.95001220703125,406.75,406.79998779296875,80872
2026-02-05 11:20:00+05:30,406.8500061035156,406.8500061035156,406.75,406.79998779296875,79268
2026-02-05 11:25:00+05:30,406.75,407.0,406.20001220703125,406.3500061035156,351038
2026-02-05 11:30:00+05:30,406.25,406.6000061035156,406.1499938964844,406.25,79883
2026-02-05 11:35:00+05:30,406.25,406.8999938964844,406.1499938964844,406.79998779296875,99178
2026-02-05 11:40:00+05:30,406.75,406.75,406.04998779296875,406.04998779296875,100177
2026-02-05 11:45:00+05:30,406.20001220703125,406.3999938964844,405.8999938964844,406.3500061035156,257185
2026-02-05 11:50:00+05:30,406.3500061035156,406.6499938964844,405.8500061035156,406.54998779296875,199252
2026-02-05 11:55:00+05:30,406.54998779296875,407.1499938964844,406.54998779296875,407.04998779296875,340252
2026-02-05 12:00:00+05:30,406.8999938964844,407.29998779296875,406.6000061035156,406.75,234006
2026-02-05 12:05:00+05:30,406.75,406.8999938964844,406.25,406.25,123077
2026-02-05 12:10:00+05:30,406.29998779296875,406.3999938964844,406.1000061035156,406.25,118867
2026-02-05 12:15:00+05:30,406.25,406.70001220703125,405.95001220703125,406.3500061035156,189753
2026-02-05 12:20:00+05:30,406.29998779296875,407.0,405.95001220703125,407.0,195562
2026-02-05 12:25:00+05:30,406.95001220703125,407.0,406.3500061035156,406.75,225574
2026-02-05 12:30:00+05:30,406.6499938964844,406.95001220703125,406.5,406.6000061035156,170304
2026-02-05 12:35:00+05:30,406.6000061035156,407.0,406.5,406.70001220703125,96875
2026-02-05 12:40:00+05:30,406.6000061035156,406.95001220703125,406.45001220703125,406.75,118413
2026-02-05 12:45:00+05:30,406.75,406.8500061035156,406.54998779296875,406.75,113165
2026-02-05 12:50:00+05:30,406.70001220703125,406.8999938964844,406.5,406.75,113067
2026-02-05 12:55:00+05:30,406.6000061035156,406.75,406.1499938964844,406.6000061035156,121598
2026-02-05 13:00:00+05:30,406.3999938964844,407.0,406.3500061035156,406.54998779296875,329336
2026-02-05 13:05:00+05:30,406.6000061035156,406.75,406.29998779296875,406.70001220703125,91463
2026-02-05 13:10:00+05:30,406.70001220703125,406.8999938964844,406.20001220703125,406.3999938964844,97394
2026-02-05 13:15:00+05:30,406.5,407.25,406.3500061035156,406.8999938964844,179729
2026-02-05 13:20:00+05:30,407.0,407.0,406.5,406.5,96855
2026-02-05 13:25:00+05:30,406.54998779296875,406.6000061035156,405.70001220703125,405.8500061035156,167049
2026-02-05 13:30:00+05:30,405.8500061035156,406.1000061035156,405.6000061035156,405.8999938964844,140724
2026-02-05 13:35:00+05:30,406.0,406.25,405.8500061035156,405.8999938964844,147537
2026-02-05 13:40:00+05:30,406.0,406.20001220703125,405.75,406.1000061035156,272570
2026-02-05 13:45:00+05:30,406.1499938964844,406.25,405.8999938964844,405.95001220703125,144982
2026-02-05 13:50:00+05:30,406.0,406.04998779296875,405.3999938964844,405.45001220703125,177063
2026-02-05 13:55:00+05:30,405.5,405.6000061035156,405.1000061035156,405.54998779296875,181839
2026-02-05 14:00:00+05:30,405.54998779296875,405.70001220703125,405.29998779296875,405.70001220703125,160229
2026-02-05 14:05:00+05:30,405.75,405.95001220703125,404.8500061035156,405.0,433553
2026-02-05 14:10:00+05:30,405.0,405.3500061035156,404.75,405.29998779296875,355974
2026-02-05 14:15:00+05:30,405.29998779296875,406.20001220703125,404.75,405.45001220703125,1320342
2026-02-05 14:20:00+05:30,405.45001220703125,405.45001220703125,405.1000061035156,405.29998779296875,401652
2026-02-05 14:25:00+05:30,405.25,406.8999938964844,405.1000061035156,406.75,327400
2026-02-05 14:30:00+05:30,406.8500061035156,406.8500061035156,406.20001220703125,406.3500061035156,206570
2026-02-05 14:35:00+05:30,406.3500061035156,406.79998779296875,406.04998779296875,406.54998779296875,372638
2026-02-05 14:40:00+05:30,406.6499938964844,406.6499938964844,406.20001220703125,406.45001220703125,229670
2026-02-05 14:45:00+05:30,406.45001220703125,407.04998779296875,406.3500061035156,407.0,456667
2026-02-05 14:50:00+05:30,407.04998779296875,407.04998779296875,406.75,407.04998779296875,243152
2026-02-05 14:55:00+05:30,407.1000061035156,407.3999938964844,407.0,407.3999938964844,316528
2026-02-05 15:00:00+05:30,407.45001220703125,408.45001220703125,407.1000061035156,408.45001220703125,720165
2026-02-05 15:05:00+05:30,408.45001220703125,408.95001220703125,407.6499938964844,408.04998779296875,816345
2026-02-05 15:10:00+05:30,408.1000061035156,409.70001220703125,408.1000061035156,409.20001220703125,845051
2026-02-05 15:15:00+05:30,409.20001220703125,409.20001220703125,408.70001220703125,408.8500061035156,621602
2026-02-05 15:20:00+05:30,408.8999938964844,409.6499938964844,408.45001220703125,409.6499938964844,987259
2026-02-05 15:25:00+05:30,409.70001220703125,412.0,409.0,411.6499938964844,798436
2026-02-06 09:20:00+05:30,414.0,414.0,412.29998779296875,412.95001220703125,180981
2026-02-06 09:25:00+05:30,413.20001220703125,413.45001220703125,411.6499938964844,412.45001220703125,3145609
2026-02-06 09:30:00+05:30,412.3500061035156,413.1499938964844,412.29998779296875,413.1499938964844,137740
2026-02-06 09:35:00+05:30,413.25,413.95001220703125,412.70001220703125,413.6000061035156,617493
2026-02-06 09:40:00+05:30,413.6000061035156,413.6000061035156,411.70001220703125,411.8999938964844,96111
2026-02-06 09:45:00+05:30,411.75,411.79998779296875,410.45001220703125,411.6499938964844,182481
2026-02-06 09:50:00+05:30,411.6000061035156,411.95001220703125,411.1000061035156,411.75,95281
2026-02-06 09:55:00+05:30,411.70001220703125,411.95001220703125,411.1000061035156,411.95001220703125,77931
2026-02-06 10:00:00+05:30,411.8500061035156,412.20001220703125,411.54998779296875,411.8500061035156,68075
2026-02-06 10:05:00+05:30,411.8500061035156,411.8500061035156,411.20001220703125,411.3500061035156,55560
2026-02-06 10:10:00+05:30,411.3500061035156,411.6499938964844,410.70001220703125,411.6499938964844,93309
2026-02-06 10:15:00+05:30,411.70001220703125,412.20001220703125,411.6499938964844,412.1499938964844,74403
2026-02-06 10:20:00+05:30,412.04998779296875,412.1499938964844,412.04998779296875,412.1000061035156,39517
2026-02-06 10:25:00+05:30,411.95001220703125,412.6499938964844,411.70001220703125,412.0,130133
2026-02-06 10:30:00+05:30,411.79998779296875,412.04998779296875,411.75,411.95001220703125,80280
2026-02-06 10:35:00+05:30,411.95001220703125,411.95001220703125,411.45001220703125,411.75,110836
2026-02-06 10:40:00+05:30,411.75,412.20001220703125,411.70001220703125,411.70001220703125,93004
2026-02-06 10:45:00+05:30,411.79998779296875,412.25,411.75,412.04998779296875,77341
2026-02-06 10:50:00+05:30,412.04998779296875,412.95001220703125,412.0,412.3500061035156,142011
2026-02-06 10:55:00+05:30,412.29998779296875,412.6499938964844,412.25,412.3999938964844,53348
2026-02-06 11:00:00+05:30,412.3999938964844,413.29998779296875,412.3999938964844,413.20001220703125,121175
2026-02-06 11:05:00+05:30,413.20001220703125,415.0,413.20001220703125,414.75,139007
2026-02-06 11:10:00+05:30,415.29998779296875,418.1000061035156,414.79998779296875,417.25,489601
2026-02-06 11:15:00+05:30,417.20001220703125,418.25,416.25,418.0,408042
2026-02-06 11:20:00+05:30,418.1499938964844,420.20001220703125,418.0,419.6499938964844,431093
2026-02-06 11:25:00+05:30,419.6000061035156,421.0,419.45001220703125,420.79998779296875,290227
2026-02-06 11:30:00+05:30,420.79998779296875,422.20001220703125,420.45001220703125,421.5,284809
2026-02-06 11:35:00+05:30,421.5,421.6000061035156,420.54998779296875,421.6000061035156,157779
2026-02-06 11:40:00+05:30,421.29998779296875,421.54998779296875,420.70001220703125,420.79998779296875,136340
2026-02-06 11:45:00+05:30,420.70001220703125,421.6499938964844,420.70001220703125,421.45001220703125,138014
2026-02-06 11:50:00+05:30,421.45001220703125,422.95001220703125,421.45001220703125,422.8500061035156,213038
2026-02-06 11:55:00+05:30,422.8500061035156,423.79998779296875,422.29998779296875,423.54998779296875,282475
2026-02-06 12:00:00+05:30,423.79998779296875,424.6499938964844,423.5,423.8500061035156,269878
2026-02-06 12:05:00+05:30,423.95001220703125,423.95001220703125,421.04998779296875,423.0,372782
2026-02-06 12:10:00+05:30,423.0,423.45001220703125,422.3500061035156,422.70001220703125,416914
2026-02-06 12:15:00+05:30,422.79998779296875,423.20001220703125,421.79998779296875,422.20001220703125,299337
2026-02-06 12:20:00+05:30,422.20001220703125,422.25,420.6499938964844,420.6499938964844,169663
2026-02-06 12:25:00+05:30,420.70001220703125,421.5,420.20001220703125,421.5,145355
2026-02-06 12:30:00+05:30,421.45001220703125,421.5,421.1000061035156,421.45001220703125,96053
2026-02-06 12:35:00+05:30,421.45001220703125,421.70001220703125,421.1000061035156,421.20001220703125,136790
2026-02-06 12:40:00+05:30,421.1499938964844,421.70001220703125,421.0,421.1499938964844,139556
2026-02-06 12:45:00+05:30,420.8999938964844,421.3999938964844,420.8999938964844,421.20001220703125,230068
2026-02-06 12:50:00+05:30,421.20001220703125,421.25,420.20001220703125,420.8500061035156,271697
2026-02-06 12:55:00+05:30,420.75,421.70001220703125,420.75,421.3500061035156,177670
2026-02-06 13:00:00+05:30,421.3500061035156,421.3500061035156,420.8500061035156,421.1499938964844,112916
2026-02-06 13:05:00+05:30,421.20001220703125,421.29998779296875,419.54998779296875,420.0,160576
2026-02-06 13:10:00+05:30,419.95001220703125,420.6000061035156,419.79998779296875,420.1000061035156,164008
2026-02-06 13:15:00+05:30,420.1000061035156,420.1499938964844,418.79998779296875,419.25,182476
2026-02-06 13:20:00+05:30,419.25,419.3500061035156,418.8500061035156,419.20001220703125,114616
2026-02-06 13:25:00+05:30,419.1000061035156,419.20001220703125,419.1000061035156,419.20001220703125,22573
2026-02-06 13:30:00+05:30,418.95001220703125,419.6499938964844,418.95001220703125,419.45001220703125,317882
2026-02-06 13:35:00+05:30,419.45001220703125,419.45001220703125,419.0,419.1000061035156,148268
2026-02-06 13:40:00+05:30,419.1499938964844,419.5,418.70001220703125,418.79998779296875,131919
2026-02-06 13:45:00+05:30,418.8500061035156,419.25,418.54998779296875,419.0,125224
2026-02-06 13:50:00+05:30,419.1000061035156,420.5,418.8999938964844,420.1499938964844,166530
2026-02-06 13:55:00+05:30,419.8500061035156,420.20001220703125,419.29998779296875,419.54998779296875,110133
2026-02-06 14:00:00+05:30,419.5,420.20001220703125,419.3999938964844,419.8500061035156,414197
2026-02-06 14:05:00+05:30,419.8500061035156,420.1000061035156,419.0,419.79998779296875,209429
2026-02-06 14:10:00+05:30,419.79998779296875,420.25,419.5,420.1499938964844,238184
2026-02-06 14:15:00+05:30,420.1499938964844,420.6499938964844,420.1000061035156,420.1499938964844,244131
2026-02-06 14:20:00+05:30,420.20001220703125,420.75,420.1499938964844,420.6000061035156,223981
2026-02-06 14:25:00+05:30,420.6000061035156,421.1499938964844,420.5,420.95001220703125,170796
2026-02-06 14:30:00+05:30,420.8999938964844,421.1000061035156,420.3999938964844,420.95001220703125,182266
2026-02-06 14:35:00+05:30,420.95001220703125,421.1000061035156,420.5,420.5,150595
2026-02-06 14:40:00+05:30,420.45001220703125,420.6499938964844,420.3999938964844,420.3999938964844,131586
2026-02-06 14:45:00+05:30,420.5,420.6499938964844,420.5,420.54998779296875,153265
2026-02-06 14:50:00+05:30,420.6000061035156,421.3500061035156,420.54998779296875,421.3500061035156,213795
2026-02-06 14:55:00+05:30,421.6000061035156,421.70001220703125,421.29998779296875,421.54998779296875,273308
2026-02-06 15:00:00+05:30,421.5,422.29998779296875,421.5,422.20001220703125,781817
2026-02-06 15:05:00+05:30,422.1499938964844,422.75,422.1499938964844,422.5,813384
2026-02-06 15:10:00+05:30,422.5,422.8500061035156,422.29998779296875,422.6499938964844,683212
2026-02-06 15:15:00+05:30,422.6000061035156,422.75,422.25,422.29998779296875,636770
2026-02-06 15:20:00+05:30,422.29998779296875,422.54998779296875,422.25,422.3500061035156,803600
2026-02-06 15:25:00+05:30,422.3999938964844,422.5,421.5,422.3500061035156,498227
2026-02-09 09:20:00+05:30,427.04998779296875,428.3999938964844,425.75,426.25,432027
2026-02-09 09:25:00+05:30,426.25,428.70001220703125,426.04998779296875,428.6499938964844,477630
2026-02-09 09:30:00+05:30,428.6499938964844,429.3999938964844,426.6000061035156,427.3999938964844,634655
2026-02-09 09:35:00+05:30,427.45001220703125,427.54998779296875,426.3999938964844,426.3999938964844,190150
2026-02-09 09:40:00+05:30,426.54998779296875,427.8500061035156,426.54998779296875,427.75,176108
2026-02-09 09:45:00+05:30,427.75,430.29998779296875,427.5,429.6499938964844,440959
2026-02-09 09:50:00+05:30,429.6000061035156,429.95001220703125,428.8500061035156,429.20001220703125,796919
2026-02-09 09:55:00+05:30,429.20001220703125,430.1499938964844,429.1499938964844,430.0,265883
2026-02-09 10:00:00+05:30,429.79998779296875,430.0,428.70001220703125,429.8500061035156,734360
2026-02-09 10:05:00+05:30,429.8500061035156,429.8500061035156,429.6000061035156,429.79998779296875,268868
2026-02-09 10:10:00+05:30,429.79998779296875,430.0,429.1000061035156,429.5,275226
2026-02-09 10:15:00+05:30,429.6499938964844,430.29998779296875,429.5,430.20001220703125,303324
2026-02-09 10:20:00+05:30,430.04998779296875,430.45001220703125,429.95001220703125,430.1499938964844,221305
2026-02-09 10:25:00+05:30,430.1499938964844,430.1499938964844,429.25,429.3500061035156,196122
2026-02-09 10:30:00+05:30,429.1000061035156,429.20001220703125,427.79998779296875,428.1000061035156,255367
2026-02-09 10:35:00+05:30,428.1000061035156,428.20001220703125,427.20001220703125,427.29998779296875,113098
2026-02-09 10:40:00+05:30,427.29998779296875,427.5,426.3500061035156,426.6000061035156,191046
2026-02-09 10:45:00+05:30,426.6000061035156,426.6000061035156,425.3500061035156,425.6000061035156,189839
2026-02-09 10:50:00+05:30,425.6000061035156,426.5,425.45001220703125,426.25,237886
2026-02-09 10:55:00+05:30,426.29998779296875,426.8999938964844,424.70001220703125,425.0,232377
2026-02-09 11:00:00+05:30,425.0,425.20001220703125,424.3500061035156,424.5,97432
2026-02-09 11:05:00+05:30,424.45001220703125,425.20001220703125,424.45001220703125,425.04998779296875,213888
2026-02-09 11:10:00+05:30,425.04998779296875,425.8500061035156,424.95001220703125,425.54998779296875,223162
2026-02-09 11:15:00+05:30,425.45001220703125,426.79998779296875,425.45001220703125,426.5,380430
2026-02-09 11:20:00+05:30,426.5,427.75,426.3500061035156,427.70001220703125,378852
2026-02-09 11:25:00+05:30,427.70001220703125,428.04998779296875,426.79998779296875,427.3500061035156,357608
2026-02-09 11:30:00+05:30,427.3999938964844,427.54998779296875,426.6000061035156,427.3500061035156,685630
2026-02-09 11:35:00+05:30,427.3999938964844,427.45001220703125,426.6000061035156,426.75,79787
2026-02-09 11:40:00+05:30,426.75,426.8500061035156,425.95001220703125,426.3999938964844,123469
2026-02-09 11:45:00+05:30,426.25,427.04998779296875,426.1000061035156,426.75,86179
2026-02-09 11:50:00+05:30,426.95001220703125,426.95001220703125,426.45001220703125,426.6499938964844,119245
2026-02-09 11:55:00+05:30,426.6499938964844,426.6499938964844,426.5,426.6000061035156,83555
2026-02-09 12:00:00+05:30,426.6000061035156,427.0,426.3500061035156,426.6000061035156,106745
2026-02-09 12:05:00+05:30,426.6000061035156,426.6000061035156,426.29998779296875,426.5,77748
2026-02-09 12:10:00+05:30,426.54998779296875,427.25,426.45001220703125,427.1499938964844,192571
2026-02-09 12:15:00+05:30,427.29998779296875,427.3500061035156,427.04998779296875,427.1000061035156,86218
2026-02-09 12:20:00+05:30,427.04998779296875,427.1499938964844,426.75,426.75,80778
2026-02-09 12:25:00+05:30,426.75,426.75,426.5,426.6499938964844,48458
2026-02-09 12:30:00+05:30,426.6499938964844,426.6499938964844,426.5,426.54998779296875,61801
2026-02-09 12:35:00+05:30,426.54998779296875,426.6000061035156,426.29998779296875,426.5,70711
2026-02-09 12:40:00+05:30,426.5,427.1000061035156,426.04998779296875,426.79998779296875,435683
2026-02-09 12:45:00+05:30,426.79998779296875,427.8999938964844,426.70001220703125,427.5,380470
2026-02-09 12:50:00+05:30,427.6000061035156,427.75,426.70001220703125,426.79998779296875,59752
2026-02-09 12:55:00+05:30,426.79998779296875,427.3500061035156,426.54998779296875,427.3500061035156,53848
2026-02-09 13:00:00+05:30,427.29998779296875,427.3500061035156,427.0,427.0,52364
2026-02-09 13:05:00+05:30,427.0,427.3500061035156,426.8999938964844,427.29998779296875,61724
2026-02-09 13:10:00+05:30,427.29998779296875,427.3500061035156,426.5,426.6499938964844,43064
2026-02-09 13:15:00+05:30,426.70001220703125,427.75,426.6000061035156,427.6499938964844,165386
2026-02-09 13:20:00+05:30,427.6000061035156,427.79998779296875,427.5,427.75,100505
2026-02-09 13:25:00+05:30,427.75,428.1000061035156,427.20001220703125,427.25,489772
2026-02-09 13:30:00+05:30,427.3500061035156,427.45001220703125,426.5,427.3999938964844,82168
2026-02-09 13:35:00+05:30,427.3999938964844,428.3500061035156,427.3999938964844,428.29998779296875,231998
2026-02-09 13:40:00+05:30,428.29998779296875,429.29998779296875,428.04998779296875,428.6499938964844,1810713
2026-02-09 13:45:00+05:30,428.6499938964844,428.70001220703125,427.6000061035156,428.29998779296875,65825
2026-02-09 13:50:00+05:30,428.25,428.25,427.8999938964844,428.1000061035156,46950
2026-02-09 13:55:00+05:30,428.1000061035156,428.45001220703125,428.0,428.3500061035156,50314
2026-02-09 14:00:00+05:30,428.3999938964844,428.8500061035156,428.04998779296875,428.1499938964844,170831
2026-02-09 14:05:00+05:30,428.20001220703125,428.29998779296875,427.79998779296875,428.1000061035156,70304
2026-02-09 14:10:00+05:30,428.1000061035156,428.3500061035156,428.04998779296875,428.3500061035156,42708
2026-02-09 14:15:00+05:30,428.3500061035156,428.8999938964844,428.25,428.70001220703125,723914
2026-02-09 14:20:00+05:30,428.6499938964844,428.8999938964844,428.5,428.5,113810
2026-02-09 14:25:00+05:30,428.5,428.8999938964844,428.45001220703125,428.5,108049
2026-02-09 14:30:00+05:30,428.5,428.54998779296875,428.1000061035156,428.25,106413
2026-02-09 14:35:00+05:30,428.25,429.3999938964844,428.25,429.1000061035156,164393
2026-02-09 14:40:00+05:30,429.1000061035156,429.5,428.8500061035156,429.3999938964844,202124
2026-02-09 14:45:00+05:30,429.5,429.8999938964844,429.29998779296875,429.75,247150
2026-02-09 14:50:00+05:30,429.75,429.8500061035156,429.3500061035156,429.75,248580
2026-02-09 14:55:00+05:30,429.79998779296875,429.8500061035156,428.95001220703125,429.29998779296875,360067
2026-02-09 15:00:00+05:30,429.45001220703125,429.45001220703125,428.70001220703125,429.1000061035156,454220
2026-02-09 15:05:00+05:30,429.04998779296875,429.6000061035156,428.70001220703125,428.95001220703125,1140851
2026-02-09 15:10:00+05:30,428.95001220703125,428.95001220703125,428.25,428.45001220703125,251576
2026-02-09 15:15:00+05:30,428.5,428.54998779296875,428.20001220703125,428.45001220703125,381164
2026-02-09 15:20:00+05:30,428.29998779296875,428.8500061035156,427.75,428.0,464645
2026-02-09 15:25:00+05:30,428.04998779296875,428.5,427.1000061035156,427.1000061035156,514240
2026-02-10 09:20:00+05:30,430.54998779296875,430.70001220703125,429.95001220703125,430.3999938964844,118725
2026-02-10 09:25:00+05:30,430.3500061035156,430.45001220703125,429.1499938964844,429.5,79560
2026-02-10 09:30:00+05:30,429.3500061035156,430.45001220703125,428.8500061035156,430.45001220703125,115738
2026-02-10 09:35:00+05:30,430.5,430.8500061035156,430.20001220703125,430.3500061035156,73532
2026-02-10 09:40:00+05:30,430.20001220703125,430.8500061035156,430.04998779296875,430.6000061035156,67183
2026-02-10 09:45:00+05:30,430.54998779296875,430.6499938964844,429.6000061035156,429.6000061035156,80154
2026-02-10 09:50:00+05:30,429.54998779296875,429.75,429.0,429.1000061035156,95071
2026-02-10 09:55:00+05:30,429.1499938964844,429.6499938964844,428.75,429.54998779296875,90434
2026-02-10 10:00:00+05:30,429.5,430.0,429.04998779296875,429.25,52628
2026-02-10 10:05:00+05:30,429.1499938964844,429.6499938964844,429.0,429.1499938964844,55176
2026-02-10 10:10:00+05:30,429.1499938964844,431.20001220703125,429.0,430.6499938964844,1708098
2026-02-10 10:15:00+05:30,430.6499938964844,430.6499938964844,430.04998779296875,430.29998779296875,59207
2026-02-10 10:20:00+05:30,430.1499938964844,430.75,430.0,430.45001220703125,675206
2026-02-10 10:25:00+05:30,430.6000061035156,430.6499938964844,430.29998779296875,430.3999938964844,54113
2026-02-10 10:30:00+05:30,430.3500061035156,430.8500061035156,430.25,430.79998779296875,98076
2026-02-10 10:35:00+05:30,430.6000061035156,431.3500061035156,430.5,431.1000061035156,97672
2026-02-10 10:40:00+05:30,431.04998779296875,431.5,430.6499938964844,431.5,281586
2026-02-10 10:45:00+05:30,431.3500061035156,432.45001220703125,431.3500061035156,432.04998779296875,178398
2026-02-10 10:50:00+05:30,432.0,432.25,431.79998779296875,432.04998779296875,139966
2026-02-10 10:55:00+05:30,432.04998779296875,432.6499938964844,431.8500061035156,432.29998779296875,362546
2026-02-10 11:00:00+05:30,432.3999938964844,433.29998779296875,432.29998779296875,433.1499938964844,464750
2026-02-10 11:05:00+05:30,433.0,433.25,432.5,432.79998779296875,407462
2026-02-10 11:10:00+05:30,432.75,433.1499938964844,432.6499938964844,433.04998779296875,137405
2026-02-10 11:15:00+05:30,433.04998779296875,433.25,432.6000061035156,432.6499938964844,131393
2026-02-10 11:20:00+05:30,432.6000061035156,433.54998779296875,432.54998779296875,433.3999938964844,302908
2026-02-10 11:25:00+05:30,433.45001220703125,433.6000061035156,433.0,433.04998779296875,238954
2026-02-10 11:30:00+05:30,433.04998779296875,433.6499938964844,433.0,433.6499938964844,170233
2026-02-10 11:35:00+05:30,433.6499938964844,433.6499938964844,432.95001220703125,433.3500061035156,119696
2026-02-10 11:40:00+05:30,433.29998779296875,433.29998779296875,432.6000061035156,433.04998779296875,146103
2026-02-10 11:45:00+05:30,433.04998779296875,433.79998779296875,433.0,433.5,430063
2026-02-10 11:50:00+05:30,433.5,433.54998779296875,432.6000061035156,433.04998779296875,133936
2026-02-10 11:55:00+05:30,433.04998779296875,433.3999938964844,432.79998779296875,432.95001220703125,117289
2026-02-10 12:00:00+05:30,432.8999938964844,433.1499938964844,432.54998779296875,433.04998779296875,143672
2026-02-10 12:05:00+05:30,433.0,433.1499938964844,432.8999938964844,432.95001220703125,122712
2026-02-10 12:10:00+05:30,433.0,433.1499938964844,432.95001220703125,433.1499938964844,136414
2026-02-10 12:15:00+05:30,433.1499938964844,433.8500061035156,433.04998779296875,433.54998779296875,619317
2026-02-10 12:20:00+05:30,433.54998779296875,433.75,433.3500061035156,433.5,72275
2026-02-10 12:25:00+05:30,433.45001220703125,433.45001220703125,432.8999938964844,433.1499938964844,110551
2026-02-10 12:30:00+05:30,433.1000061035156,433.5,433.0,433.5,133408
2026-02-10 12:35:00+05:30,433.3999938964844,433.8500061035156,433.1000061035156,433.79998779296875,221530
2026-02-10 12:40:00+05:30,433.79998779296875,433.8500061035156,433.45001220703125,433.6499938964844,187474
2026-02-10 12:45:00+05:30,433.6000061035156,433.8500061035156,433.3999938964844,433.54998779296875,195013
2026-02-10 12:50:00+05:30,433.54998779296875,433.6499938964844,433.1499938964844,433.3500061035156,230269
2026-02-10 12:55:00+05:30,433.29998779296875,433.5,432.1499938964844,432.3999938964844,168464
2026-02-10 13:00:00+05:30,432.45001220703125,432.6000061035156,432.20001220703125,432.3999938964844,94963
2026-02-10 13:05:00+05:30,432.3999938964844,433.1499938964844,432.29998779296875,433.04998779296875,482966
2026-02-10 13:10:00+05:30,433.04998779296875,433.1499938964844,432.75,432.8999938964844,139288
2026-02-10 13:15:00+05:30,432.95001220703125,433.1499938964844,432.75,433.0,169257
2026-02-10 13:20:00+05:30,433.04998779296875,433.29998779296875,432.8500061035156,432.95001220703125,561264
2026-02-10 13:25:00+05:30,433.0,433.0,432.3999938964844,432.5,199472
2026-02-10 13:30:00+05:30,432.54998779296875,432.54998779296875,431.29998779296875,432.1000061035156,310386
2026-02-10 13:35:00+05:30,432.04998779296875,432.1499938964844,431.45001220703125,432.1000061035156,258506
2026-02-10 13:40:00+05:30,432.1499938964844,432.25,431.54998779296875,431.75,206700
2026-02-10 13:45:00+05:30,431.75,431.8500061035156,431.25,431.6499938964844,242451
2026-02-10 13:50:00+05:30,431.6000061035156,431.70001220703125,430.8500061035156,431.0,258318
2026-02-10 13:55:00+05:30,431.0,431.1000061035156,430.1499938964844,430.25,196632
2026-02-10 14:00:00+05:30,430.20001220703125,430.75,429.6000061035156,430.75,224284
2026-02-10 14:05:00+05:30,430.70001220703125,430.8999938964844,430.3999938964844,430.3999938964844,245192
2026-02-10 14:10:00+05:30,430.45001220703125,430.8999938964844,430.3999938964844,430.8500061035156,209037
2026-02-10 14:15:00+05:30,430.8500061035156,431.29998779296875,430.70001220703125,431.25,304268
2026-02-10 14:20:00+05:30,431.25,431.3500061035156,430.75,430.8999938964844,209634
2026-02-10 14:25:00+05:30,430.79998779296875,430.8999938964844,430.29998779296875,430.29998779296875,204857
2026-02-10 14:30:00+05:30,430.29998779296875,430.79998779296875,430.20001220703125,430.6499938964844,194057
2026-02-10 14:35:00+05:30,430.6499938964844,431.25,430.54998779296875,430.6000061035156,274060
2026-02-10 14:40:00+05:30,430.6000061035156,430.6000061035156,430.25,430.45001220703125,230874
2026-02-10 14:45:00+05:30,430.3999938964844,430.75,430.3500061035156,430.75,207987
2026-02-10 14:50:00+05:30,430.75,430.79998779296875,430.3999938964844,430.75,219694
2026-02-10 14:55:00+05:30,430.75,430.8500061035156,430.29998779296875,430.54998779296875,228936
2026-02-10 15:00:00+05:30,430.6000061035156,430.6000061035156,430.1499938964844,430.54998779296875,352577
2026-02-10 15:05:00+05:30,430.54998779296875,430.70001220703125,430.29998779296875,430.29998779296875,420167
2026-02-10 15:10:00+05:30,430.29998779296875,430.29998779296875,429.20001220703125,429.3500061035156,521769
2026-02-10 15:15:00+05:30,429.3500061035156,429.3500061035156,428.3999938964844,428.3999938964844,507280
2026-02-10 15:20:00+05:30,428.3999938964844,428.45001220703125,428.20001220703125,428.29998779296875,520858
2026-02-10 15:25:00+05:30,428.3500061035156,429.29998779296875,428.20001220703125,429.29998779296875,347826
2026-02-11 09:20:00+05:30,429.3500061035156,430.6499938964844,429.25,429.8500061035156,229455
2026-02-11 09:25:00+05:30,429.8500061035156,429.95001220703125,428.70001220703125,429.54998779296875,188860
2026-02-11 09:30:00+05:30,429.6000061035156,429.70001220703125,429.3999938964844,429.54998779296875,46108
2026-02-11 09:35:00+05:30,429.54998779296875,429.8500061035156,428.95001220703125,428.95001220703125,80429
2026-02-11 09:40:00+05:30,428.95001220703125,429.25,428.75,428.75,91918
2026-02-11 09:45:00+05:30,428.6499938964844,429.6000061035156,428.45001220703125,429.5,128476
2026-02-11 09:50:00+05:30,429.45001220703125,429.5,429.3500061035156,429.45001220703125,84927
2026-02-11 09:55:00+05:30,429.3999938964844,429.3999938964844,428.6499938964844,428.75,137052
2026-02-11 10:00:00+05:30,428.70001220703125,428.79998779296875,428.04998779296875,428.1000061035156,131181
2026-02-11 10:05:00+05:30,428.1000061035156,429.20001220703125,428.0,429.20001220703125,113256
2026-02-11 10:10:00+05:30,429.20001220703125,429.54998779296875,429.1499938964844,429.45001220703125,97669
2026-02-11 10:15:00+05:30,429.3500061035156,430.1499938964844,429.3500061035156,430.1499938964844,62373
2026-02-11 10:20:00+05:30,430.1499938964844,430.3500061035156,429.6499938964844,429.75,155612
2026-02-11 10:25:00+05:30,429.79998779296875,430.25,429.6499938964844,429.75,85072
2026-02-11 10:30:00+05:30,429.75,429.75,429.20001220703125,429.20001220703125,83672
2026-02-11 10:35:00+05:30,429.29998779296875,429.79998779296875,429.1000061035156,429.70001220703125,117242
2026-02-11 10:40:00+05:30,429.75,429.79998779296875,429.25,429.75,109775
2026-02-11 10:45:00+05:30,429.6499938964844,429.95001220703125,429.3500061035156,429.3999938964844,95886
2026-02-11 10:50:00+05:30,429.45001220703125,429.45001220703125,429.1499938964844,429.1499938964844,50173
2026-02-11 10:55:00+05:30,429.1499938964844,429.3500061035156,429.1000061035156,429.29998779296875,48552
2026-02-11 11:00:00+05:30,429.3500061035156,429.3999938964844,429.0,429.04998779296875,115266
2026-02-11 11:05:00+05:30,429.20001220703125,429.25,429.0,429.0,30374
2026-02-11 11:10:00+05:30,429.1000061035156,429.1499938964844,429.0,429.0,41072
2026-02-11 11:15:00+05:30,429.0,429.25,429.0,429.20001220703125,48900
2026-02-11 11:20:00+05:30,429.20001220703125,430.45001220703125,429.1499938964844,430.25,571342
2026-02-11 11:25:00+05:30,430.20001220703125,430.25,429.3500061035156,429.45001220703125,92680
2026-02-11 11:30:00+05:30,429.45001220703125,429.6000061035156,429.1499938964844,429.20001220703125,47603
2026-02-11 11:35:00+05:30,429.20001220703125,429.25,429.0,429.1499938964844,55553
2026-02-11 11:40:00+05:30,429.25,429.25,428.8500061035156,428.8500061035156,43629
2026-02-11 11:45:00+05:30,429.0,429.25,428.6499938964844,429.1499938964844,40953
2026-02-11 11:50:00+05:30,429.1499938964844,429.54998779296875,429.1000061035156,429.29998779296875,480889
2026-02-11 11:55:00+05:30,429.20001220703125,429.3999938964844,428.45001220703125,428.45001220703125,59646
2026-02-11 12:00:00+05:30,428.6000061035156,429.3999938964844,428.6000061035156,429.20001220703125,44554
2026-02-11 12:05:00+05:30,429.20001220703125,429.29998779296875,429.0,429.1499938964844,40769
2026-02-11 12:10:00+05:30,429.1499938964844,429.1499938964844,428.8999938964844,429.04998779296875,46248
2026-02-11 12:15:00+05:30,429.0,429.6499938964844,429.0,429.6000061035156,588823
2026-02-11 12:20:00+05:30,429.6000061035156,429.70001220703125,429.04998779296875,429.3999938964844,273791
2026-02-11 12:25:00+05:30,429.3999938964844,429.70001220703125,429.1499938964844,429.45001220703125,283677
2026-02-11 12:30:00+05:30,429.45001220703125,429.45001220703125,428.6499938964844,428.75,80899
2026-02-11 12:35:00+05:30,428.75,428.75,428.29998779296875,428.3999938964844,132330
2026-02-11 12:40:00+05:30,428.3999938964844,429.04998779296875,428.0,428.95001220703125,431826
2026-02-11 12:45:00+05:30,429.04998779296875,429.20001220703125,428.79998779296875,428.8999938964844,393915
2026-02-11 12:50:00+05:30,428.8999938964844,429.29998779296875,428.70001220703125,429.1499938964844,73042
2026-02-11 12:55:00+05:30,429.1000061035156,429.1499938964844,428.79998779296875,429.0,63741
2026-02-11 13:00:00+05:30,429.0,429.0,428.5,428.70001220703125,83750
2026-02-11 13:05:00+05:30,428.70001220703125,428.79998779296875,428.5,428.6000061035156,64107
2026-02-11 13:10:00+05:30,428.5,428.75,428.5,428.5,61141
2026-02-11 13:15:00+05:30,428.5,428.6000061035156,428.5,428.6000061035156,95159
2026-02-11 13:20:00+05:30,428.6499938964844,428.95001220703125,428.5,428.8999938964844,72782
2026-02-11 13:25:00+05:30,428.95001220703125,429.04998779296875,428.79998779296875,429.04998779296875,55080
2026-02-11 13:30:00+05:30,429.0,429.20001220703125,428.75,428.75,80481
2026-02-11 13:35:00+05:30,428.8500061035156,428.95001220703125,428.70001220703125,428.8500061035156,57704
2026-02-11 13:40:00+05:30,428.8500061035156,429.20001220703125,428.6499938964844,428.79998779296875,93958
2026-02-11 13:45:00+05:30,428.70001220703125,428.95001220703125,428.6499938964844,428.8999938964844,32190
2026-02-11 13:50:00+05:30,428.8999938964844,428.95001220703125,428.6499938964844,428.95001220703125,53828
2026-02-11 13:55:00+05:30,428.8999938964844,429.1499938964844,428.70001220703125,429.1000061035156,67261
2026-02-11 14:00:00+05:30,429.1499938964844,429.8999938964844,429.04998779296875,429.79998779296875,275690
2026-02-11 14:05:00+05:30,429.8999938964844,429.8999938964844,429.3500061035156,429.6000061035156,76721
2026-02-11 14:10:00+05:30,429.6000061035156,429.75,429.3500061035156,429.6499938964844,73067
2026-02-11 14:15:00+05:30,429.6499938964844,430.04998779296875,429.54998779296875,430.04998779296875,138467
2026-02-11 14:20:00+05:30,430.0,430.3999938964844,429.79998779296875,430.0,129639
2026-02-11 14:25:00+05:30,430.0,430.20001220703125,429.70001220703125,429.95001220703125,902384
2026-02-11 14:30:00+05:30,430.0,430.04998779296875,429.70001220703125,430.0,103380
2026-02-11 14:35:00+05:30,430.0,430.04998779296875,429.70001220703125,429.75,384599
2026-02-11 14:40:00+05:30,429.75,430.04998779296875,429.6499938964844,429.95001220703125,194022
2026-02-11 14:45:00+05:30,430.0,430.1000061035156,429.70001220703125,430.04998779296875,186765
2026-02-11 14:50:00+05:30,429.8500061035156,430.20001220703125,429.8500061035156,430.0,124195
2026-02-11 14:55:00+05:30,430.0,430.1000061035156,429.70001220703125,429.70001220703125,159925
2026-02-11 15:00:00+05:30,429.8999938964844,430.04998779296875,429.6000061035156,429.75,354893
2026-02-11 15:05:00+05:30,429.6499938964844,430.04998779296875,429.5,429.6499938964844,364555
2026-02-11 15:10:00+05:30,429.6499938964844,429.8500061035156,429.25,429.70001220703125,293977
2026-02-11 15:15:00+05:30,429.70001220703125,429.70001220703125,429.5,429.6499938964844,226843
2026-02-11 15:20:00+05:30,429.6499938964844,429.6499938964844,429.1000061035156,429.25,455250
2026-02-11 15:25:00+05:30,429.29998779296875,429.54998779296875,428.79998779296875,429.54998779296875,300443
2026-02-12 09:20:00+05:30,428.04998779296875,428.29998779296875,427.70001220703125,428.04998779296875,66380
2026-02-12 09:25:00+05:30,427.8500061035156,428.79998779296875,427.5,428.3999938964844,285055
2026-02-12 09:30:00+05:30,428.45001220703125,429.79998779296875,427.8999938964844,429.79998779296875,243309
2026-02-12 09:35:00+05:30,429.70001220703125,430.6000061035156,429.3500061035156,429.3999938964844,459125
2026-02-12 09:40:00+05:30,429.29998779296875,429.54998779296875,428.75,429.54998779296875,50499
2026-02-12 09:45:00+05:30,429.6499938964844,429.75,428.8500061035156,429.20001220703125,57593
2026-02-12 09:50:00+05:30,429.3500061035156,429.3500061035156,428.54998779296875,428.54998779296875,25440
2026-02-12 09:55:00+05:30,428.70001220703125,428.79998779296875,428.3500061035156,428.6499938964844,38061
2026-02-12 10:00:00+05:30,429.0,429.5,428.95001220703125,429.0,100563
2026-02-12 10:05:00+05:30,429.20001220703125,429.20001220703125,428.6000061035156,428.6499938964844,29671
2026-02-12 10:10:00+05:30,428.75,428.8500061035156,428.3500061035156,428.6499938964844,28426
2026-02-12 10:15:00+05:30,428.45001220703125,428.8500061035156,428.1499938964844,428.29998779296875,412073
2026-02-12 10:20:00+05:30,428.29998779296875,428.29998779296875,427.6499938964844,427.6499938964844,41136
2026-02-12 10:25:00+05:30,427.54998779296875,428.79998779296875,427.54998779296875,428.75,83659
2026-02-12 10:30:00+05:30,428.79998779296875,428.79998779296875,427.8500061035156,428.0,52894
2026-02-12 10:35:00+05:30,428.04998779296875,428.1499938964844,427.5,427.6000061035156,38317
2026-02-12 10:40:00+05:30,427.75,428.0,427.45001220703125,427.5,171643
2026-02-12 10:45:00+05:30,427.3500061035156,427.5,426.5,427.1000061035156,144445
2026-02-12 10:50:00+05:30,427.1000061035156,427.54998779296875,426.45001220703125,426.75,281239
2026-02-12 10:55:00+05:30,426.79998779296875,428.04998779296875,426.70001220703125,427.45001220703125,367384
2026-02-12 11:00:00+05:30,427.45001220703125,428.1000061035156,426.8999938964844,427.8500061035156,1595841
2026-02-12 11:05:00+05:30,427.8500061035156,428.0,427.0,427.1000061035156,106671
2026-02-12 11:10:00+05:30,427.0,427.0,426.5,426.70001220703125,78040
2026-02-12 11:15:00+05:30,426.70001220703125,427.75,426.45001220703125,427.75,74071
2026-02-12 11:20:00+05:30,427.45001220703125,427.70001220703125,427.25,427.45001220703125,73872
2026-02-12 11:25:00+05:30,427.6000061035156,427.95001220703125,427.3500061035156,427.70001220703125,69165
2026-02-12 11:30:00+05:30,427.6499938964844,427.70001220703125,426.54998779296875,426.8500061035156,95554
2026-02-12 11:35:00+05:30,427.04998779296875,427.3500061035156,427.0,427.04998779296875,81158
2026-02-12 11:40:00+05:30,427.25,427.6000061035156,426.20001220703125,426.54998779296875,311770
2026-02-12 11:45:00+05:30,426.5,427.5,426.5,427.20001220703125,241915
2026-02-12 11:50:00+05:30,427.20001220703125,427.20001220703125,426.20001220703125,426.45001220703125,65619
2026-02-12 11:55:00+05:30,426.3999938964844,427.1499938964844,426.20001220703125,427.1000061035156,192914
2026-02-12 12:00:00+05:30,427.0,427.1000061035156,426.45001220703125,426.79998779296875,278679
2026-02-12 12:05:00+05:30,426.79998779296875,427.54998779296875,426.75,427.3500061035156,334117
2026-02-12 12:10:00+05:30,427.3999938964844,427.54998779296875,427.1000061035156,427.45001220703125,162669
2026-02-12 12:15:00+05:30,427.45001220703125,427.45001220703125,426.8999938964844,427.3500061035156,53758
2026-02-12 12:20:00+05:30,427.3500061035156,427.54998779296875,426.95001220703125,427.1499938964844,57710
2026-02-12 12:25:00+05:30,427.0,427.79998779296875,426.8999938964844,427.79998779296875,87485
2026-02-12 12:30:00+05:30,427.75,428.75,427.5,428.70001220703125,112779
2026-02-12 12:35:00+05:30,428.70001220703125,428.70001220703125,428.3500061035156,428.70001220703125,63523
2026-02-12 12:40:00+05:30,428.70001220703125,428.79998779296875,428.3999938964844,428.5,79243
2026-02-12 12:45:00+05:30,428.70001220703125,429.6499938964844,428.6499938964844,429.6499938964844,118602
2026-02-12 12:50:00+05:30,429.70001220703125,430.3999938964844,429.54998779296875,429.95001220703125,147104
2026-02-12 12:55:00+05:30,429.95001220703125,429.95001220703125,429.25,429.25,79057
2026-02-12 13:00:00+05:30,429.25,429.5,429.1000061035156,429.45001220703125,56446
2026-02-12 13:05:00+05:30,429.45001220703125,429.54998779296875,429.1000061035156,429.5,53430
2026-02-12 13:10:00+05:30,429.3500061035156,429.79998779296875,429.20001220703125,429.45001220703125,71610
2026-02-12 13:15:00+05:30,429.54998779296875,429.79998779296875,429.1000061035156,429.20001220703125,87519
2026-02-12 13:20:00+05:30,429.20001220703125,429.3999938964844,428.8999938964844,429.20001220703125,122980
2026-02-12 13:25:00+05:30,429.25,429.54998779296875,428.95001220703125,429.1499938964844,195462
2026-02-12 13:30:00+05:30,429.1499938964844,429.29998779296875,428.8999938964844,429.0,73682
2026-02-12 13:35:00+05:30,429.1499938964844,429.1499938964844,428.8500061035156,429.04998779296875,57256
2026-02-12 13:40:00+05:30,429.0,429.0,428.29998779296875,428.5,84794
2026-02-12 13:45:00+05:30,428.29998779296875,428.45001220703125,427.79998779296875,427.8500061035156,95488
2026-02-12 13:50:00+05:30,427.79998779296875,428.3500061035156,427.75,428.3500061035156,209244
2026-02-12 13:55:00+05:30,428.3500061035156,428.3500061035156,427.6000061035156,427.6000061035156,60060
2026-02-12 14:00:00+05:30,427.6499938964844,428.54998779296875,427.6000061035156,428.45001220703125,64913
2026-02-12 14:05:00+05:30,428.3999938964844,428.3999938964844,427.95001220703125,428.1000061035156,46997
2026-02-12 14:10:00+05:30,428.1000061035156,428.1000061035156,427.8500061035156,428.0,54149
2026-02-12 14:15:00+05:30,428.0,428.25,427.3500061035156,427.45001220703125,112639
2026-02-12 14:20:00+05:30,427.45001220703125,428.04998779296875,427.45001220703125,427.75,271624
2026-02-12 14:25:00+05:30,427.75,427.75,426.54998779296875,426.75,229785
2026-02-12 14:30:00+05:30,426.75,426.75,426.20001220703125,426.20001220703125,76939
2026-02-12 14:35:00+05:30,426.3500061035156,426.79998779296875,426.1000061035156,426.6000061035156,107777
2026-02-12 14:40:00+05:30,426.45001220703125,426.8500061035156,426.25,426.54998779296875,82719
2026-02-12 14:45:00+05:30,426.45001220703125,426.95001220703125,426.29998779296875,426.95001220703125,314048
2026-02-12 14:50:00+05:30,427.0,427.04998779296875,426.5,426.54998779296875,164432
2026-02-12 14:55:00+05:30,426.54998779296875,426.8500061035156,426.3500061035156,426.8500061035156,227834
2026-02-12 15:00:00+05:30,426.8999938964844,427.6499938964844,426.1499938964844,426.20001220703125,709284
2026-02-12 15:05:00+05:30,426.29998779296875,426.3999938964844,425.70001220703125,426.1499938964844,466832
2026-02-12 15:10:00+05:30,426.1000061035156,426.5,425.6499938964844,425.8999938964844,528998
2026-02-12 15:15:00+05:30,425.8999938964844,426.04998779296875,425.29998779296875,425.6000061035156,508377
2026-02-12 15:20:00+05:30,425.6000061035156,426.29998779296875,425.54998779296875,426.1000061035156,396532
2026-02-12 15:25:00+05:30,426.1499938964844,427.0,426.0,426.25,303449
2026-02-13 09:20:00+05:30,425.3999938964844,426.0,424.70001220703125,424.8500061035156,77547
2026-02-13 09:25:00+05:30,424.8500061035156,425.1000061035156,424.29998779296875,424.29998779296875,35180
2026-02-13 09:30:00+05:30,424.3500061035156,424.70001220703125,423.79998779296875,423.79998779296875,67388
2026-02-13 09:35:00+05:30,424.04998779296875,424.95001220703125,423.8500061035156,424.8500061035156,68513
2026-02-13 09:40:00+05:30,424.8999938964844,424.8999938964844,423.54998779296875,423.75,77924
2026-02-13 09:45:00+05:30,423.70001220703125,424.1499938964844,423.6000061035156,424.0,92228
2026-02-13 09:50:00+05:30,424.0,424.6000061035156,423.79998779296875,424.3999938964844,64161
2026-02-13 09:55:00+05:30,424.5,424.8500061035156,424.3500061035156,424.6499938964844,36365
2026-02-13 10:00:00+05:30,424.6000061035156,425.1499938964844,424.6000061035156,424.70001220703125,53139
2026-02-13 10:05:00+05:30,424.70001220703125,424.79998779296875,423.79998779296875,424.0,119727
2026-02-13 10:10:00+05:30,423.8999938964844,424.1499938964844,423.79998779296875,423.8999938964844,32539
2026-02-13 10:15:00+05:30,423.8999938964844,424.1000061035156,423.54998779296875,424.1000061035156,56281
2026-02-13 10:20:00+05:30,424.1499938964844,424.3999938964844,423.8500061035156,423.95001220703125,66782
2026-02-13 10:25:00+05:30,423.8500061035156,424.20001220703125,423.8500061035156,424.1000061035156,42230
2026-02-13 10:30:00+05:30,424.20001220703125,425.1000061035156,424.20001220703125,424.3999938964844,726013
2026-02-13 10:35:00+05:30,424.75,425.0,424.29998779296875,424.3500061035156,251679
2026-02-13 10:40:00+05:30,424.3999938964844,424.3999938964844,423.8500061035156,424.04998779296875,49566
2026-02-13 10:45:00+05:30,424.1000061035156,424.1000061035156,423.75,423.79998779296875,47612
2026-02-13 10:50:00+05:30,423.6000061035156,424.0,423.54998779296875,423.95001220703125,36883
2026-02-13 10:55:00+05:30,423.75,423.8999938964844,423.29998779296875,423.3999938964844,32218
2026-02-13 11:00:00+05:30,423.3500061035156,423.8500061035156,423.1499938964844,423.8500061035156,36512
2026-02-13 11:05:00+05:30,423.75,423.8500061035156,423.3999938964844,423.6000061035156,29682
2026-02-13 11:10:00+05:30,423.70001220703125,423.8500061035156,423.6000061035156,423.79998779296875,33347
2026-02-13 11:15:00+05:30,423.79998779296875,423.8500061035156,423.0,423.5,54799
2026-02-13 11:20:00+05:30,423.5,423.70001220703125,423.1499938964844,423.25,50555
2026-02-13 11:25:00+05:30,423.20001220703125,424.04998779296875,423.20001220703125,423.6499938964844,647938
2026-02-13 11:30:00+05:30,423.6499938964844,423.8500061035156,423.54998779296875,423.8500061035156,51107
2026-02-13 11:35:00+05:30,423.8500061035156,423.95001220703125,423.5,423.8500061035156,53859
2026-02-13 11:40:00+05:30,423.8500061035156,424.0,423.6499938964844,423.79998779296875,54582
2026-02-13 11:45:00+05:30,423.79998779296875,423.8500061035156,423.29998779296875,423.5,44858
2026-02-13 11:50:00+05:30,423.3500061035156,424.5,423.3500061035156,424.25,283963
2026-02-13 11:55:00+05:30,424.25,424.79998779296875,423.6499938964844,423.8500061035156,327789
2026-02-13 12:00:00+05:30,423.8500061035156,424.3500061035156,423.6000061035156,423.95001220703125,137103
2026-02-13 12:05:00+05:30,423.95001220703125,424.0,423.8500061035156,424.0,30309
2026-02-13 12:10:00+05:30,424.0,424.04998779296875,423.6000061035156,423.8500061035156,53760
2026-02-13 12:15:00+05:30,423.8500061035156,424.0,423.75,423.95001220703125,23943
2026-02-13 12:20:00+05:30,423.95001220703125,424.25,423.75,424.04998779296875,71650
2026-02-13 12:25:00+05:30,424.1499938964844,424.1499938964844,423.54998779296875,423.75,86623
2026-02-13 12:30:00+05:30,423.75,423.75,423.04998779296875,423.25,101813
2026-02-13 12:35:00+05:30,423.3500061035156,423.45001220703125,423.20001220703125,423.3999938964844,45076
2026-02-13 12:40:00+05:30,423.3999938964844,423.3999938964844,423.1000061035156,423.29998779296875,44463
2026-02-13 12:45:00+05:30,423.25,423.5,421.95001220703125,422.20001220703125,3244259
2026-02-13 12:50:00+05:30,422.20001220703125,422.3500061035156,421.45001220703125,422.1000061035156,257547
2026-02-13 12:55:00+05:30,422.1000061035156,422.70001220703125,421.5,422.70001220703125,182752
2026-02-13 13:00:00+05:30,422.6499938964844,422.75,422.3500061035156,422.6000061035156,96128
2026-02-13 13:05:00+05:30,422.6000061035156,422.70001220703125,422.0,422.45001220703125,171027
2026-02-13 13:10:00+05:30,422.45001220703125,422.6499938964844,422.1000061035156,422.6000061035156,101606
2026-02-13 13:15:00+05:30,422.6499938964844,422.75,422.45001220703125,422.75,87314
2026-02-13 13:20:00+05:30,422.75,422.75,422.20001220703125,422.3500061035156,79564
2026-02-13 13:25:00+05:30,422.3999938964844,422.3999938964844,421.79998779296875,422.0,90500
2026-02-13 13:30:00+05:30,421.95001220703125,422.20001220703125,421.54998779296875,421.75,292015
2026-02-13 13:35:00+05:30,421.75,422.0,421.6499938964844,421.8500061035156,115540
2026-02-13 13:40:00+05:30,421.8500061035156,422.0,421.1000061035156,421.1000061035156,148160
2026-02-13 13:45:00+05:30,421.25,421.25,420.0,420.1000061035156,266058
2026-02-13 13:50:00+05:30,420.20001220703125,420.75,420.1000061035156,420.45001220703125,82287
2026-02-13 13:55:00+05:30,420.45001220703125,420.8999938964844,420.3500061035156,420.8999938964844,63984
2026-02-13 14:00:00+05:30,420.75,421.29998779296875,420.54998779296875,420.95001220703125,220545
2026-02-13 14:05:00+05:30,420.95001220703125,421.1499938964844,420.70001220703125,420.8500061035156,88321
2026-02-13 14:10:00+05:30,420.8500061035156,420.8500061035156,420.3500061035156,420.54998779296875,78388
2026-02-13 14:15:00+05:30,420.54998779296875,421.25,420.54998779296875,421.25,114585
2026-02-13 14:20:00+05:30,421.25,421.29998779296875,421.04998779296875,421.1000061035156,93722
2026-02-13 14:25:00+05:30,421.04998779296875,421.70001220703125,421.0,421.25,180498
2026-02-13 14:30:00+05:30,421.25,421.3999938964844,421.1000061035156,421.20001220703125,124892
2026-02-13 14:35:00+05:30,421.20001220703125,421.3999938964844,421.04998779296875,421.20001220703125,123409
2026-02-13 14:40:00+05:30,421.20001220703125,421.45001220703125,421.0,421.25,128892
2026-02-13 14:45:00+05:30,421.29998779296875,421.45001220703125,420.0,420.54998779296875,2929416
2026-02-13 14:50:00+05:30,420.54998779296875,420.70001220703125,419.8999938964844,420.1000061035156,631703
2026-02-13 14:55:00+05:30,420.1000061035156,420.6000061035156,419.95001220703125,420.6000061035156,701157
2026-02-13 15:00:00+05:30,420.54998779296875,421.29998779296875,420.3500061035156,421.29998779296875,843701
2026-02-13 15:05:00+05:30,421.1499938964844,422.29998779296875,421.1000061035156,421.1000061035156,670411
2026-02-13 15:10:00+05:30,421.1000061035156,421.3999938964844,420.95001220703125,421.1499938964844,318325
2026-02-13 15:15:00+05:30,421.29998779296875,422.1000061035156,421.04998779296875,421.45001220703125,819718
2026-02-13 15:20:00+05:30,421.45001220703125,421.8999938964844,419.6000061035156,420.0,4346135
2026-02-13 15:25:00+05:30,419.95001220703125,421.8999938964844,419.6499938964844,421.8999938964844,582983
2026-02-16 09:20:00+05:30,423.20001220703125,423.29998779296875,422.45001220703125,423.04998779296875,105504
2026-02-16 09:25:00+05:30,423.0,423.20001220703125,421.45001220703125,422.0,95183
2026-02-16 09:30:00+05:30,421.75,421.95001220703125,420.29998779296875,420.95001220703125,97189
2026-02-16 09:35:00+05:30,420.95001220703125,420.95001220703125,420.25,420.3500061035156,40697
2026-02-16 09:40:00+05:30,420.3500061035156,420.3999938964844,419.3500061035156,419.54998779296875,30570
2026-02-16 09:45:00+05:30,419.5,420.3500061035156,419.5,420.1499938964844,129276
2026-02-16 09:50:00+05:30,420.1499938964844,420.3999938964844,419.8999938964844,420.3500061035156,29787
2026-02-16 09:55:00+05:30,420.29998779296875,420.6499938964844,420.1499938964844,420.6000061035156,34831
2026-02-16 10:00:00+05:30,420.6000061035156,421.20001220703125,420.5,421.0,312427
2026-02-16 10:05:00+05:30,421.0,421.0,419.79998779296875,420.25,70107
2026-02-16 10:10:00+05:30,420.45001220703125,421.1000061035156,420.20001220703125,421.0,50772
2026-02-16 10:15:00+05:30,421.20001220703125,421.3500061035156,420.54998779296875,421.3500061035156,65544
2026-02-16 10:20:00+05:30,421.25,421.3999938964844,420.8500061035156,421.1499938964844,49984
2026-02-16 10:25:00+05:30,421.25,421.6000061035156,421.1499938964844,421.45001220703125,103428
2026-02-16 10:30:00+05:30,421.25,421.3999938964844,420.8500061035156,420.8500061035156,73996
2026-02-16 10:35:00+05:30,420.8999938964844,421.20001220703125,420.8500061035156,421.20001220703125,33403
2026-02-16 10:40:00+05:30,421.20001220703125,421.25,420.6000061035156,421.04998779296875,67712
2026-02-16 10:45:00+05:30,421.04998779296875,421.54998779296875,420.79998779296875,421.45001220703125,51827
2026-02-16 10:50:00+05:30,421.45001220703125,421.6000061035156,421.0,421.0,300321
2026-02-16 10:55:00+05:30,421.0,421.5,420.8500061035156,421.0,225811
2026-02-16 11:00:00+05:30,421.0,421.54998779296875,420.95001220703125,421.20001220703125,451525
2026-02-16 11:05:00+05:30,421.25,421.25,420.04998779296875,420.45001220703125,426525
2026-02-16 11:10:00+05:30,420.5,420.70001220703125,420.3999938964844,420.6000061035156,114735
2026-02-16 11:15:00+05:30,420.6499938964844,420.8999938964844,420.54998779296875,420.6000061035156,57974
2026-02-16 11:20:00+05:30,420.6000061035156,420.75,420.1000061035156,420.20001220703125,91188
2026-02-16 11:25:00+05:30,420.20001220703125,420.29998779296875,419.54998779296875,419.79998779296875,196362
2026-02-16 11:30:00+05:30,419.79998779296875,419.79998779296875,419.20001220703125,419.29998779296875,69920
2026-02-16 11:35:00+05:30,419.29998779296875,420.0,419.1000061035156,419.95001220703125,125493
2026-02-16 11:40:00+05:30,419.95001220703125,420.0,419.79998779296875,420.0,45550
2026-02-16 11:45:00+05:30,420.0,420.20001220703125,419.79998779296875,420.1000061035156,97368
2026-02-16 11:50:00+05:30,420.04998779296875,420.29998779296875,420.0,420.25,29834
2026-02-16 11:55:00+05:30,420.1499938964844,420.3999938964844,420.1000061035156,420.3500061035156,41032
2026-02-16 12:00:00+05:30,420.45001220703125,420.45001220703125,419.8999938964844,420.3500061035156,129257
2026-02-16 12:05:00+05:30,420.3999938964844,420.75,419.8999938964844,420.45001220703125,298607
2026-02-16 12:10:00+05:30,420.45001220703125,420.8500061035156,420.20001220703125,420.29998779296875,59168
2026-02-16 12:15:00+05:30,420.29998779296875,421.1000061035156,420.29998779296875,420.8500061035156,34817
2026-02-16 12:20:00+05:30,420.95001220703125,421.45001220703125,420.8500061035156,421.0,162615
2026-02-16 12:25:00+05:30,421.04998779296875,422.1000061035156,420.3999938964844,421.8999938964844,515293
2026-02-16 12:30:00+05:30,421.95001220703125,422.45001220703125,421.54998779296875,421.8500061035156,643365
2026-02-16 12:35:00+05:30,421.8500061035156,422.20001220703125,421.20001220703125,421.3500061035156,165378
2026-02-16 12:40:00+05:30,421.20001220703125,422.04998779296875,421.04998779296875,421.54998779296875,178823
2026-02-16 12:45:00+05:30,421.75,421.75,420.5,420.6499938964844,62377
2026-02-16 12:50:00+05:30,420.6499938964844,421.04998779296875,420.6000061035156,421.04998779296875,19900
2026-02-16 12:55:00+05:30,421.04998779296875,421.1499938964844,420.3500061035156,420.54998779296875,44650
2026-02-16 13:00:00+05:30,420.54998779296875,421.0,420.3999938964844,420.8500061035156,53073
2026-02-16 13:05:00+05:30,420.8500061035156,421.29998779296875,420.6499938964844,421.0,68323
2026-02-16 13:10:00+05:30,421.0,421.5,421.0,421.1000061035156,85589
2026-02-16 13:15:00+05:30,421.29998779296875,421.5,420.04998779296875,420.8500061035156,303294
2026-02-16 13:20:00+05:30,420.70001220703125,422.25,420.70001220703125,422.25,74507
2026-02-16 13:25:00+05:30,422.25,423.1000061035156,421.8500061035156,423.04998779296875,235258
2026-02-16 13:30:00+05:30,423.04998779296875,423.20001220703125,422.29998779296875,422.5,472639
2026-02-16 13:35:00+05:30,422.5,423.1000061035156,422.20001220703125,422.25,121887
2026-02-16 13:40:00+05:30,422.25,422.3500061035156,421.8500061035156,422.1000061035156,77210
2026-02-16 13:45:00+05:30,422.1000061035156,422.25,421.8999938964844,422.1000061035156,45668
2026-02-16 13:50:00+05:30,422.1000061035156,422.25,421.8999938964844,421.95001220703125,324237
2026-02-16 13:55:00+05:30,421.95001220703125,422.0,421.29998779296875,421.29998779296875,85629
2026-02-16 14:00:00+05:30,421.45001220703125,421.5,421.29998779296875,421.5,114747
2026-02-16 14:05:00+05:30,421.5,421.5,421.0,421.0,169761
2026-02-16 14:10:00+05:30,421.0,422.3999938964844,421.0,422.20001220703125,318948
2026-02-16 14:15:00+05:30,422.20001220703125,423.0,422.20001220703125,422.8500061035156,78338
2026-02-16 14:20:00+05:30,422.8500061035156,423.20001220703125,422.79998779296875,422.95001220703125,59147
2026-02-16 14:25:00+05:30,422.95001220703125,423.25,422.8500061035156,423.1499938964844,73338
2026-02-16 14:30:00+05:30,423.1499938964844,423.79998779296875,423.04998779296875,423.6000061035156,66977
2026-02-16 14:35:00+05:30,423.54998779296875,423.70001220703125,423.04998779296875,423.29998779296875,61765
2026-02-16 14:40:00+05:30,423.29998779296875,423.95001220703125,423.20001220703125,423.79998779296875,70457
2026-02-16 14:45:00+05:30,423.75,425.0,423.75,425.0,102944
2026-02-16 14:50:00+05:30,425.0,425.1000061035156,424.6499938964844,425.0,132274
2026-02-16 14:55:00+05:30,424.8500061035156,425.1499938964844,424.45001220703125,424.70001220703125,124779
2026-02-16 15:00:00+05:30,424.70001220703125,425.0,424.3999938964844,425.0,205991
2026-02-16 15:05:00+05:30,424.95001220703125,425.6499938964844,424.8500061035156,425.5,501627
2026-02-16 15:10:00+05:30,425.5,425.8999938964844,425.20001220703125,425.8500061035156,300217
2026-02-16 15:15:00+05:30,425.8500061035156,426.20001220703125,425.6000061035156,425.79998779296875,339081
2026-02-16 15:20:00+05:30,425.75,425.75,424.6499938964844,425.3999938964844,406142
2026-02-16 15:25:00+05:30,425.29998779296875,426.3500061035156,424.8500061035156,425.6000061035156,803267
2026-02-17 09:20:00+05:30,423.54998779296875,423.54998779296875,422.1499938964844,422.1499938964844,82709
2026-02-17 09:25:00+05:30,422.0,422.6499938964844,422.0,422.3999938964844,106184
2026-02-17 09:30:00+05:30,422.3999938964844,422.5,421.6499938964844,421.8500061035156,64474
2026-02-17 09:35:00+05:30,421.8500061035156,421.8500061035156,421.04998779296875,421.70001220703125,30038
2026-02-17 09:40:00+05:30,421.6499938964844,422.3500061035156,420.6000061035156,422.3500061035156,40638
2026-02-17 09:45:00+05:30,422.29998779296875,422.29998779296875,421.79998779296875,422.0,35513
2026-02-17 09:50:00+05:30,422.20001220703125,422.3999938964844,421.8500061035156,422.1000061035156,40962
2026-02-17 09:55:00+05:30,422.1499938964844,422.54998779296875,421.8999938964844,422.04998779296875,20226
2026-02-17 10:00:00+05:30,422.04998779296875,422.1000061035156,421.79998779296875,421.95001220703125,12131
2026-02-17 10:05:00+05:30,422.0,422.04998779296875,421.70001220703125,421.95001220703125,13639
2026-02-17 10:10:00+05:30,422.0,422.04998779296875,421.6000061035156,421.95001220703125,34097
2026-02-17 10:15:00+05:30,421.95001220703125,422.25,421.79998779296875,422.20001220703125,29573
2026-02-17 10:20:00+05:30,422.20001220703125,422.20001220703125,421.8500061035156,422.0,48343
2026-02-17 10:25:00+05:30,422.0,423.04998779296875,422.0,422.79998779296875,127409
2026-02-17 10:30:00+05:30,422.8999938964844,423.70001220703125,422.75,423.0,47607
2026-02-17 10:35:00+05:30,423.0,423.1499938964844,422.6499938964844,422.8999938964844,34242
2026-02-17 10:40:00+05:30,422.8500061035156,422.8999938964844,422.0,422.20001220703125,36600
2026-02-17 10:45:00+05:30,422.25,422.25,421.54998779296875,421.8999938964844,63680
2026-02-17 10:50:00+05:30,421.95001220703125,422.04998779296875,421.3500061035156,421.6499938964844,111978
2026-02-17 10:55:00+05:30,421.6499938964844,421.75,421.3500061035156,421.6499938964844,66074
2026-02-17 11:00:00+05:30,421.6499938964844,421.79998779296875,421.25,421.79998779296875,54294
2026-02-17 11:05:00+05:30,422.1499938964844,422.1499938964844,421.8500061035156,422.0,45958
2026-02-17 11:10:00+05:30,421.8999938964844,422.04998779296875,421.79998779296875,421.95001220703125,64023
2026-02-17 11:15:00+05:30,421.95001220703125,422.8999938964844,421.8999938964844,422.8999938964844,135006
2026-02-17 11:20:00+05:30,422.8999938964844,423.1499938964844,422.79998779296875,423.1000061035156,56649
2026-02-17 11:25:00+05:30,422.8999938964844,423.1000061035156,422.79998779296875,423.1000061035156,74788
2026-02-17 11:30:00+05:30,423.1000061035156,424.79998779296875,422.8999938964844,424.29998779296875,1212509
2026-02-17 11:35:00+05:30,424.25,424.25,423.54998779296875,423.8999938964844,85143
2026-02-17 11:40:00+05:30,423.8500061035156,423.95001220703125,423.45001220703125,423.45001220703125,48025
2026-02-17 11:45:00+05:30,423.5,423.8500061035156,423.45001220703125,423.70001220703125,70804
2026-02-17 11:50:00+05:30,423.70001220703125,423.8500061035156,423.1499938964844,423.3500061035156,50175
2026-02-17 11:55:00+05:30,423.3500061035156,423.5,422.95001220703125,423.20001220703125,37392
2026-02-17 12:00:00+05:30,423.20001220703125,423.29998779296875,422.8999938964844,423.20001220703125,41335
2026-02-17 12:05:00+05:30,423.1499938964844,423.54998779296875,423.1000061035156,423.54998779296875,42013
2026-02-17 12:10:00+05:30,423.54998779296875,423.70001220703125,423.3500061035156,423.6000061035156,31443
2026-02-17 12:15:00+05:30,423.6000061035156,424.1499938964844,423.3500061035156,424.1499938964844,59102
2026-02-17 12:20:00+05:30,424.04998779296875,424.29998779296875,423.8999938964844,424.20001220703125,45957
2026-02-17 12:25:00+05:30,424.20001220703125,424.20001220703125,423.3999938964844,423.54998779296875,29297
2026-02-17 12:30:00+05:30,423.45001220703125,423.6000061035156,422.79998779296875,423.5,37163
2026-02-17 12:35:00+05:30,423.45001220703125,423.6499938964844,423.29998779296875,423.45001220703125,31866
2026-02-17 12:40:00+05:30,423.5,423.6499938964844,423.25,423.6000061035156,37693
2026-02-17 12:45:00+05:30,423.6000061035156,423.6499938964844,423.3999938964844,423.6000061035156,18495
2026-02-17 12:50:00+05:30,423.5,423.75,423.29998779296875,423.5,41118
2026-02-17 12:55:00+05:30,423.5,424.29998779296875,423.3500061035156,423.6000061035156,126792
2026-02-17 13:00:00+05:30,423.6499938964844,423.75,423.25,423.3500061035156,30520
2026-02-17 13:05:00+05:30,423.3500061035156,424.20001220703125,423.1499938964844,424.1499938964844,151342
2026-02-17 13:10:00+05:30,424.20001220703125,424.20001220703125,423.45001220703125,423.8500061035156,132401
2026-02-17 13:15:00+05:30,423.75,424.25,423.54998779296875,424.04998779296875,56509
2026-02-17 13:20:00+05:30,424.0,424.20001220703125,423.3999938964844,423.45001220703125,31204
2026-02-17 13:25:00+05:30,423.45001220703125,423.6000061035156,423.29998779296875,423.45001220703125,28564
2026-02-17 13:30:00+05:30,423.5,424.0,423.3500061035156,423.8500061035156,34183
2026-02-17 13:35:00+05:30,423.8500061035156,423.8500061035156,423.6000061035156,423.79998779296875,24535
2026-02-17 13:40:00+05:30,423.75,424.0,423.6499938964844,423.79998779296875,26505
2026-02-17 13:45:00+05:30,423.75,423.79998779296875,423.5,423.79998779296875,26250
2026-02-17 13:50:00+05:30,423.75,423.75,423.3999938964844,423.70001220703125,24082
2026-02-17 13:55:00+05:30,423.6000061035156,423.75,422.8500061035156,423.20001220703125,96301
2026-02-17 14:00:00+05:30,423.25,423.79998779296875,423.20001220703125,423.75,115752
2026-02-17 14:05:00+05:30,423.79998779296875,424.1000061035156,423.54998779296875,423.79998779296875,38413
2026-02-17 14:10:00+05:30,423.79998779296875,423.79998779296875,423.1499938964844,423.20001220703125,122635
2026-02-17 14:15:00+05:30,423.20001220703125,424.0,423.1499938964844,423.8999938964844,52668
2026-02-17 14:20:00+05:30,423.8999938964844,424.25,423.79998779296875,424.1499938964844,35299
2026-02-17 14:25:00+05:30,424.04998779296875,424.3500061035156,423.8999938964844,423.8999938964844,41779
2026-02-17 14:30:00+05:30,423.8999938964844,424.1499938964844,423.54998779296875,424.0,32545
2026-02-17 14:35:00+05:30,423.79998779296875,424.1000061035156,423.25,424.04998779296875,101333
2026-02-17 14:40:00+05:30,424.04998779296875,424.04998779296875,423.45001220703125,424.0,164393
2026-02-17 14:45:00+05:30,424.0,424.1499938964844,423.79998779296875,424.04998779296875,45620
2026-02-17 14:50:00+05:30,423.79998779296875,424.04998779296875,423.54998779296875,424.04998779296875,79381
2026-02-17 14:55:00+05:30,423.8999938964844,424.1000061035156,423.5,423.95001220703125,89898
2026-02-17 15:00:00+05:30,424.04998779296875,424.6499938964844,423.70001220703125,424.54998779296875,134572
2026-02-17 15:05:00+05:30,424.54998779296875,424.70001220703125,424.25,424.3500061035156,143127
2026-02-17 15:10:00+05:30,424.3500061035156,424.75,424.1499938964844,424.6499938964844,155873
2026-02-17 15:15:00+05:30,424.70001220703125,424.95001220703125,424.5,424.75,225095
2026-02-17 15:20:00+05:30,424.70001220703125,424.70001220703125,424.25,424.3500061035156,292281
2026-02-17 15:25:00+05:30,424.3500061035156,425.0,424.0,424.45001220703125,253072
2026-02-18 09:20:00+05:30,424.75,425.0,423.8999938964844,423.8999938964844,33015
2026-02-18 09:25:00+05:30,424.04998779296875,424.45001220703125,423.1000061035156,423.54998779296875,35792
2026-02-18 09:30:00+05:30,423.54998779296875,424.3999938964844,423.0,424.1499938964844,55827
2026-02-18 09:35:00+05:30,424.3500061035156,424.3500061035156,424.04998779296875,424.04998779296875,23743
2026-02-18 09:40:00+05:30,424.04998779296875,424.8999938964844,424.04998779296875,424.8999938964844,54696
2026-02-18 09:45:00+05:30,424.8999938964844,424.8999938964844,423.75,423.75,32138
2026-02-18 09:50:00+05:30,423.8500061035156,423.8500061035156,423.6000061035156,423.6499938964844,17166
2026-02-18 09:55:00+05:30,423.6499938964844,423.6499938964844,422.79998779296875,422.8999938964844,37933
2026-02-18 10:00:00+05:30,423.1499938964844,423.3500061035156,422.75,423.20001220703125,21689
2026-02-18 10:05:00+05:30,423.1499938964844,423.20001220703125,422.70001220703125,422.95001220703125,29870
2026-02-18 10:10:00+05:30,423.04998779296875,423.04998779296875,422.5,422.6000061035156,37716
2026-02-18 10:15:00+05:30,422.54998779296875,423.3500061035156,422.54998779296875,423.3500061035156,132631
2026-02-18 10:20:00+05:30,423.3999938964844,423.3999938964844,422.8999938964844,423.04998779296875,63785
2026-02-18 10:25:00+05:30,423.04998779296875,423.29998779296875,422.8999938964844,423.29998779296875,39691
2026-02-18 10:30:00+05:30,423.29998779296875,423.3500061035156,422.79998779296875,422.8500061035156,46953
2026-02-18 10:35:00+05:30,422.8500061035156,422.8999938964844,422.6000061035156,422.6499938964844,42192
2026-02-18 10:40:00+05:30,422.75,422.8999938964844,422.54998779296875,422.70001220703125,43653
2026-02-18 10:45:00+05:30,422.6499938964844,422.6499938964844,422.3500061035156,422.45001220703125,38192
2026-02-18 10:50:00+05:30,422.45001220703125,423.0,422.29998779296875,422.79998779296875,41526
2026-02-18 10:55:00+05:30,423.04998779296875,424.75,423.0,424.25,927328
2026-02-18 11:00:00+05:30,424.0,424.1499938964844,423.5,423.5,39392
2026-02-18 11:05:00+05:30,423.6499938964844,423.6499938964844,423.3999938964844,423.45001220703125,25430
2026-02-18 11:10:00+05:30,423.6000061035156,423.6000061035156,422.8500061035156,422.8999938964844,71848
2026-02-18 11:15:00+05:30,422.8999938964844,423.0,422.3500061035156,422.45001220703125,31020
2026-02-18 11:20:00+05:30,422.54998779296875,423.5,422.29998779296875,423.0,137025
2026-02-18 11:25:00+05:30,423.04998779296875,423.3999938964844,422.45001220703125,423.20001220703125,587809
2026-02-18 11:30:00+05:30,423.3999938964844,423.3999938964844,422.8999938964844,422.95001220703125,35418
2026-02-18 11:35:00+05:30,422.95001220703125,423.1499938964844,422.5,422.6000061035156,22034
2026-02-18 11:40:00+05:30,422.6000061035156,422.75,422.45001220703125,422.70001220703125,46848
2026-02-18 11:45:00+05:30,422.70001220703125,422.75,422.54998779296875,422.70001220703125,31179
2026-02-18 11:50:00+05:30,422.70001220703125,422.75,422.3500061035156,422.54998779296875,41737
2026-02-18 11:55:00+05:30,422.6000061035156,422.6499938964844,422.3500061035156,422.5,65962
2026-02-18 12:00:00+05:30,422.5,422.6499938964844,422.20001220703125,422.29998779296875,65228
2026-02-18 12:05:00+05:30,422.29998779296875,422.54998779296875,422.25,422.25,38894
2026-02-18 12:10:00+05:30,422.25,422.45001220703125,422.1000061035156,422.1000061035156,36677
2026-02-18 12:15:00+05:30,422.1000061035156,422.20001220703125,421.5,421.6499938964844,61496
2026-02-18 12:20:00+05:30,421.6499938964844,421.95001220703125,421.54998779296875,421.70001220703125,63498
2026-02-18 12:25:00+05:30,421.79998779296875,422.0,421.3999938964844,421.79998779296875,66993
2026-02-18 12:30:00+05:30,421.70001220703125,422.1499938964844,421.70001220703125,422.1499938964844,48034
2026-02-18 12:35:00+05:30,422.3999938964844,422.6499938964844,422.25,422.6000061035156,51779
2026-02-18 12:40:00+05:30,422.6000061035156,422.75,422.5,422.70001220703125,30806
2026-02-18 12:45:00+05:30,422.70001220703125,422.79998779296875,422.45001220703125,422.70001220703125,61746
2026-02-18 12:50:00+05:30,422.70001220703125,422.8999938964844,422.5,422.75,32258
2026-02-18 12:55:00+05:30,422.8999938964844,423.25,422.70001220703125,423.25,39603
2026-02-18 13:00:00+05:30,423.25,423.45001220703125,422.8500061035156,423.1499938964844,56307
2026-02-18 13:05:00+05:30,423.1499938964844,423.1499938964844,422.8999938964844,423.1000061035156,36856
2026-02-18 13:10:00+05:30,423.1000061035156,423.29998779296875,422.79998779296875,423.29998779296875,39768
2026-02-18 13:15:00+05:30,423.20001220703125,423.45001220703125,423.1499938964844,423.29998779296875,45322
2026-02-18 13:20:00+05:30,423.1499938964844,423.70001220703125,423.04998779296875,423.70001220703125,56161
2026-02-18 13:25:00+05:30,423.70001220703125,423.8500061035156,423.29998779296875,423.54998779296875,62838
2026-02-18 13:30:00+05:30,423.6000061035156,423.6499938964844,423.3999938964844,423.45001220703125,51899
2026-02-18 13:35:00+05:30,423.6499938964844,423.79998779296875,423.45001220703125,423.75,56838
2026-02-18 13:40:00+05:30,423.75,423.8500061035156,423.3500061035156,423.6499938964844,59320
2026-02-18 13:45:00+05:30,423.6499938964844,423.79998779296875,423.1000061035156,423.3500061035156,144442
2026-02-18 13:50:00+05:30,423.6000061035156,423.6000061035156,422.5,422.6499938964844,76654
2026-02-18 13:55:00+05:30,422.79998779296875,423.45001220703125,422.79998779296875,423.20001220703125,77942
2026-02-18 14:00:00+05:30,423.3999938964844,423.45001220703125,423.1499938964844,423.1499938964844,39385
2026-02-18 14:05:00+05:30,423.29998779296875,423.29998779296875,422.95001220703125,423.1499938964844,39127
2026-02-18 14:10:00+05:30,423.1499938964844,423.79998779296875,423.0,423.75,81902
2026-02-18 14:15:00+05:30,423.75,423.75,423.3999938964844,423.70001220703125,72143
2026-02-18 14:20:00+05:30,423.79998779296875,425.45001220703125,423.79998779296875,425.3999938964844,190634
2026-02-18 14:25:00+05:30,425.3999938964844,425.8999938964844,425.20001220703125,425.75,69386
2026-02-18 14:30:00+05:30,425.75,426.5,425.45001220703125,426.45001220703125,105638
2026-02-18 14:35:00+05:30,426.3500061035156,427.0,426.3500061035156,426.70001220703125,177969
2026-02-18 14:40:00+05:30,426.75,427.0,426.6499938964844,427.0,94777
2026-02-18 14:45:00+05:30,427.0,427.0,426.25,426.3999938964844,107713
2026-02-18 14:50:00+05:30,426.54998779296875,426.70001220703125,426.25,426.6000061035156,88202
2026-02-18 14:55:00+05:30,426.6000061035156,426.8500061035156,426.3999938964844,426.79998779296875,92295
2026-02-18 15:00:00+05:30,426.8500061035156,426.8999938964844,426.20001220703125,426.45001220703125,246165
2026-02-18 15:05:00+05:30,426.3999938964844,426.45001220703125,426.1000061035156,426.25,144511
2026-02-18 15:10:00+05:30,426.3999938964844,426.3999938964844,426.1000061035156,426.29998779296875,218610
2026-02-18 15:15:00+05:30,426.1499938964844,426.3999938964844,426.04998779296875,426.3999938964844,172529
2026-02-18 15:20:00+05:30,426.3999938964844,426.3999938964844,426.04998779296875,426.20001220703125,214957
2026-02-18 15:25:00+05:30,426.20001220703125,426.54998779296875,425.3500061035156,425.70001220703125,399019
2026-02-19 09:20:00+05:30,424.6000061035156,425.3500061035156,424.1000061035156,424.5,91809
2026-02-19 09:25:00+05:30,424.5,424.75,424.04998779296875,424.1000061035156,55343
2026-02-19 09:30:00+05:30,424.1499938964844,424.70001220703125,424.0,424.54998779296875,81151
2026-02-19 09:35:00+05:30,424.3500061035156,424.70001220703125,424.0,424.3500061035156,32755
2026-02-19 09:40:00+05:30,424.29998779296875,424.6000061035156,424.20001220703125,424.54998779296875,28906
2026-02-19 09:45:00+05:30,424.5,424.8500061035156,424.25,424.6000061035156,50886
2026-02-19 09:50:00+05:30,424.45001220703125,424.8500061035156,424.3999938964844,424.6499938964844,20600
2026-02-19 09:55:00+05:30,424.6499938964844,424.75,424.45001220703125,424.70001220703125,19612
2026-02-19 10:00:00+05:30,424.70001220703125,424.8500061035156,424.45001220703125,424.79998779296875,17447
2026-02-19 10:05:00+05:30,424.79998779296875,425.0,424.3999938964844,424.54998779296875,19087
2026-02-19 10:10:00+05:30,424.54998779296875,424.79998779296875,424.29998779296875,424.45001220703125,14568
2026-02-19 10:15:00+05:30,424.54998779296875,424.70001220703125,424.29998779296875,424.70001220703125,15453
2026-02-19 10:20:00+05:30,424.6499938964844,424.8500061035156,424.45001220703125,424.8500061035156,8478
2026-02-19 10:25:00+05:30,424.8500061035156,424.8500061035156,424.3500061035156,424.5,12448
2026-02-19 10:30:00+05:30,424.54998779296875,424.79998779296875,424.3500061035156,424.54998779296875,19082
2026-02-19 10:35:00+05:30,424.6000061035156,424.6499938964844,424.29998779296875,424.29998779296875,18688
2026-02-19 10:40:00+05:30,424.5,424.8500061035156,424.20001220703125,424.70001220703125,38896
2026-02-19 10:45:00+05:30,424.75,424.95001220703125,424.5,424.75,35375
2026-02-19 10:50:00+05:30,424.75,425.0,424.70001220703125,425.0,13180
2026-02-19 10:55:00+05:30,425.04998779296875,425.04998779296875,424.54998779296875,424.6499938964844,18053
2026-02-19 11:00:00+05:30,424.75,424.8500061035156,424.45001220703125,424.6000061035156,12131
2026-02-19 11:05:00+05:30,424.6000061035156,424.8999938964844,424.3999938964844,424.8999938964844,66623
2026-02-19 11:10:00+05:30,425.0,425.5,424.79998779296875,424.8500061035156,218317
2026-02-19 11:15:00+05:30,424.95001220703125,425.1000061035156,424.5,424.54998779296875,30863
2026-02-19 11:20:00+05:30,424.3999938964844,424.70001220703125,424.29998779296875,424.3999938964844,34458
2026-02-19 11:25:00+05:30,424.3999938964844,424.6000061035156,424.25,424.29998779296875,23414
2026-02-19 11:30:00+05:30,424.5,424.6000061035156,424.29998779296875,424.5,17626
2026-02-19 11:35:00+05:30,424.3999938964844,424.5,424.20001220703125,424.3999938964844,17836
2026-02-19 11:40:00+05:30,424.3999938964844,424.5,424.04998779296875,424.29998779296875,29198
2026-02-19 11:45:00+05:30,424.29998779296875,424.3999938964844,424.1000061035156,424.20001220703125,26018
2026-02-19 11:50:00+05:30,424.1000061035156,424.45001220703125,424.0,424.29998779296875,42968
2026-02-19 11:55:00+05:30,424.20001220703125,424.45001220703125,424.1000061035156,424.20001220703125,27556
2026-02-19 12:00:00+05:30,424.25,424.29998779296875,423.3500061035156,423.5,67862
2026-02-19 12:05:00+05:30,423.45001220703125,423.54998779296875,423.0,423.04998779296875,60953
2026-02-19 12:10:00+05:30,423.0,423.0,422.0,422.29998779296875,56356
2026-02-19 12:15:00+05:30,422.1000061035156,422.5,421.75,422.25,99551
2026-02-19 12:20:00+05:30,422.1499938964844,422.5,422.04998779296875,422.25,62912
2026-02-19 12:25:00+05:30,422.1000061035156,422.20001220703125,421.79998779296875,422.04998779296875,56360
2026-02-19 12:30:00+05:30,421.8500061035156,422.20001220703125,421.8500061035156,422.1000061035156,31441
2026-02-19 12:35:00+05:30,421.8999938964844,422.3500061035156,421.5,421.70001220703125,50037
2026-02-19 12:40:00+05:30,421.5,421.6000061035156,420.3500061035156,420.6499938964844,109466
2026-02-19 12:45:00+05:30,420.6499938964844,420.75,419.6499938964844,419.70001220703125,73222
2026-02-19 12:50:00+05:30,419.6000061035156,420.25,419.3999938964844,419.95001220703125,39136
2026-02-19 12:55:00+05:30,420.0,420.04998779296875,419.29998779296875,419.3999938964844,39692
2026-02-19 13:00:00+05:30,419.3500061035156,419.45001220703125,418.70001220703125,419.3999938964844,102502
2026-02-19 13:05:00+05:30,419.3500061035156,419.70001220703125,419.0,419.6000061035156,81406
2026-02-19 13:10:00+05:30,419.5,419.79998779296875,419.3500061035156,419.70001220703125,179652
2026-02-19 13:15:00+05:30,419.70001220703125,419.95001220703125,419.20001220703125,419.3500061035156,64197
2026-02-19 13:20:00+05:30,419.25,419.8999938964844,419.1000061035156,419.6499938964844,315766
2026-02-19 13:25:00+05:30,419.3999938964844,419.6000061035156,418.70001220703125,419.04998779296875,139724
2026-02-19 13:30:00+05:30,419.04998779296875,419.04998779296875,417.8999938964844,418.5,175753
2026-02-19 13:35:00+05:30,418.3999938964844,418.70001220703125,418.1499938964844,418.70001220703125,151094
2026-02-19 13:40:00+05:30,418.3999938964844,419.5,418.3999938964844,419.1000061035156,122149
2026-02-19 13:45:00+05:30,419.20001220703125,419.3500061035156,418.75,419.29998779296875,86925
2026-02-19 13:50:00+05:30,419.1499938964844,419.70001220703125,419.1499938964844,419.3500061035156,80586
2026-02-19 13:55:00+05:30,419.20001220703125,419.3999938964844,418.79998779296875,418.95001220703125,50025
2026-02-19 14:00:00+05:30,419.0,419.04998779296875,418.29998779296875,418.5,72827
2026-02-19 14:05:00+05:30,418.3500061035156,419.45001220703125,418.20001220703125,419.3500061035156,99403
2026-02-19 14:10:00+05:30,419.3500061035156,419.8999938964844,419.3500061035156,419.6499938964844,98991
2026-02-19 14:15:00+05:30,419.6499938964844,420.3500061035156,419.6000061035156,420.1000061035156,198126
2026-02-19 14:20:00+05:30,420.1000061035156,420.1499938964844,419.54998779296875,419.8999938964844,326010
2026-02-19 14:25:00+05:30,419.79998779296875,419.8999938964844,418.75,418.79998779296875,80259
2026-02-19 14:30:00+05:30,418.79998779296875,419.54998779296875,418.79998779296875,419.3500061035156,101271
2026-02-19 14:35:00+05:30,419.45001220703125,419.6000061035156,419.0,419.25,115152
2026-02-19 14:40:00+05:30,419.1499938964844,419.3500061035156,418.1000061035156,418.1000061035156,145795
2026-02-19 14:45:00+05:30,418.1000061035156,418.20001220703125,417.29998779296875,417.3999938964844,302749
2026-02-19 14:50:00+05:30,417.6000061035156,417.79998779296875,417.29998779296875,417.70001220703125,107245
2026-02-19 14:55:00+05:30,417.8500061035156,417.8500061035156,416.8500061035156,416.95001220703125,133391
2026-02-19 15:00:00+05:30,417.20001220703125,417.3500061035156,416.70001220703125,417.04998779296875,170925
2026-02-19 15:05:00+05:30,417.04998779296875,417.04998779296875,416.5,416.6499938964844,130122
2026-02-19 15:10:00+05:30,416.54998779296875,416.70001220703125,415.8999938964844,416.1499938964844,162641
2026-02-19 15:15:00+05:30,416.04998779296875,416.20001220703125,415.8500061035156,416.1000061035156,140329
2026-02-19 15:20:00+05:30,416.20001220703125,416.6000061035156,416.04998779296875,416.54998779296875,221164
2026-02-19 15:25:00+05:30,416.3999938964844,417.54998779296875,415.8500061035156,416.3999938964844,208220
2026-02-20 09:20:00+05:30,416.0,416.79998779296875,415.70001220703125,416.6000061035156,171283
2026-02-20 09:25:00+05:30,416.6000061035156,417.75,416.0,416.8500061035156,120784
2026-02-20 09:30:00+05:30,416.79998779296875,418.3999938964844,416.79998779296875,418.04998779296875,134826
2026-02-20 09:35:00+05:30,417.79998779296875,418.04998779296875,417.6499938964844,417.70001220703125,122279
2026-02-20 09:40:00+05:30,417.70001220703125,418.0,417.45001220703125,417.8500061035156,111738
2026-02-20 09:45:00+05:30,417.8500061035156,418.45001220703125,417.79998779296875,418.45001220703125,95502
2026-02-20 09:50:00+05:30,418.5,418.79998779296875,417.95001220703125,418.04998779296875,50566
2026-02-20 09:55:00+05:30,418.04998779296875,418.29998779296875,417.8500061035156,418.1000061035156,50202
2026-02-20 10:00:00+05:30,418.1499938964844,418.3999938964844,417.70001220703125,418.3999938964844,78515
2026-02-20 10:05:00+05:30,418.3999938964844,418.70001220703125,418.0,418.6499938964844,303441
2026-02-20 10:10:00+05:30,418.3999938964844,419.1499938964844,418.3999938964844,419.1499938964844,212926
2026-02-20 10:15:00+05:30,419.20001220703125,420.25,419.1499938964844,420.1499938964844,73403
2026-02-20 10:20:00+05:30,420.0,421.1499938964844,420.0,420.70001220703125,104167
2026-02-20 10:25:00+05:30,420.70001220703125,421.1000061035156,420.20001220703125,420.45001220703125,77528
2026-02-20 10:30:00+05:30,420.6000061035156,421.0,420.5,420.54998779296875,55152
2026-02-20 10:35:00+05:30,420.6000061035156,420.8999938964844,420.3999938964844,420.79998779296875,41879
2026-02-20 10:40:00+05:30,420.79998779296875,421.6000061035156,420.6499938964844,421.29998779296875,99888
2026-02-20 10:45:00+05:30,421.20001220703125,421.29998779296875,420.75,421.1499938964844,79353
2026-02-20 10:50:00+05:30,421.25,421.3999938964844,421.0,421.29998779296875,65054
2026-02-20 10:55:00+05:30,421.3500061035156,421.3999938964844,420.70001220703125,420.95001220703125,81075
2026-02-20 11:00:00+05:30,420.8500061035156,421.20001220703125,420.75,420.8500061035156,74239
2026-02-20 11:05:00+05:30,420.8500061035156,421.04998779296875,420.29998779296875,420.3999938964844,50108
2026-02-20 11:10:00+05:30,420.29998779296875,420.95001220703125,420.29998779296875,420.5,66216
2026-02-20 11:15:00+05:30,420.70001220703125,420.8500061035156,420.3500061035156,420.75,83067
2026-02-20 11:20:00+05:30,420.75,420.95001220703125,420.29998779296875,420.5,55770
2026-02-20 11:25:00+05:30,420.5,421.0,420.5,420.8999938964844,51053
2026-02-20 11:30:00+05:30,420.8999938964844,421.20001220703125,420.79998779296875,421.0,52001
2026-02-20 11:35:00+05:30,421.0,421.3500061035156,421.0,421.1499938964844,55248
2026-02-20 11:40:00+05:30,421.1499938964844,421.95001220703125,421.04998779296875,421.95001220703125,81729
2026-02-20 11:45:00+05:30,421.95001220703125,422.1000061035156,421.45001220703125,421.54998779296875,57047
2026-02-20 11:50:00+05:30,421.54998779296875,421.8500061035156,421.3999938964844,421.3999938964844,47313
2026-02-20 11:55:00+05:30,421.54998779296875,422.04998779296875,421.45001220703125,421.75,42103
2026-02-20 12:00:00+05:30,421.95001220703125,422.04998779296875,421.54998779296875,421.79998779296875,101493
2026-02-20 12:05:00+05:30,421.70001220703125,421.70001220703125,421.3999938964844,421.45001220703125,42752
2026-02-20 12:10:00+05:30,421.45001220703125,421.6499938964844,421.20001220703125,421.3999938964844,47922
2026-02-20 12:15:00+05:30,421.3999938964844,422.3999938964844,421.3999938964844,422.1499938964844,31676
2026-02-20 12:20:00+05:30,422.1499938964844,422.70001220703125,422.1499938964844,422.6000061035156,38295
2026-02-20 12:25:00+05:30,422.54998779296875,422.70001220703125,422.25,422.54998779296875,120598
2026-02-20 12:30:00+05:30,422.70001220703125,422.8500061035156,422.5,422.6499938964844,31390
2026-02-20 12:35:00+05:30,422.6000061035156,422.95001220703125,422.6000061035156,422.79998779296875,49161
2026-02-20 12:40:00+05:30,422.79998779296875,422.8999938964844,422.0,422.20001220703125,37836
2026-02-20 12:45:00+05:30,422.1000061035156,422.45001220703125,421.79998779296875,422.3500061035156,34196
2026-02-20 12:50:00+05:30,422.29998779296875,422.29998779296875,421.75,422.04998779296875,34933
2026-02-20 12:55:00+05:30,422.1000061035156,422.1000061035156,420.95001220703125,421.25,57530
2026-02-20 13:00:00+05:30,421.25,421.45001220703125,420.8500061035156,420.8500061035156,38241
2026-02-20 13:05:00+05:30,420.8500061035156,420.95001220703125,420.54998779296875,420.6499938964844,33685
2026-02-20 13:10:00+05:30,420.8500061035156,421.0,420.0,420.95001220703125,67715
2026-02-20 13:15:00+05:30,420.8500061035156,421.20001220703125,420.3999938964844,420.6000061035156,41392
2026-02-20 13:20:00+05:30,420.54998779296875,420.79998779296875,420.3500061035156,420.6499938964844,37854
2026-02-20 13:25:00+05:30,420.70001220703125,421.45001220703125,420.6000061035156,421.3500061035156,36406
2026-02-20 13:30:00+05:30,421.29998779296875,421.5,421.0,421.25,38048
2026-02-20 13:35:00+05:30,421.25,421.5,421.1000061035156,421.3999938964844,37447
2026-02-20 13:40:00+05:30,421.25,421.29998779296875,420.6499938964844,421.1000061035156,46789
2026-02-20 13:45:00+05:30,421.1000061035156,421.3999938964844,420.8999938964844,421.25,26112
2026-02-20 13:50:00+05:30,421.3500061035156,421.3999938964844,421.0,421.1499938964844,25705
2026-02-20 13:55:00+05:30,421.1000061035156,422.1499938964844,421.0,422.1000061035156,69817
2026-02-20 14:00:00+05:30,422.1000061035156,422.29998779296875,421.70001220703125,422.1499938964844,176722
2026-02-20 14:05:00+05:30,422.20001220703125,422.3500061035156,421.75,422.20001220703125,60074
2026-02-20 14:10:00+05:30,422.20001220703125,422.29998779296875,421.95001220703125,422.25,38687
2026-02-20 14:15:00+05:30,422.25,422.5,422.20001220703125,422.5,32320
2026-02-20 14:20:00+05:30,422.5,422.5,422.1000061035156,422.25,46707
2026-02-20 14:25:00+05:30,422.1499938964844,422.29998779296875,421.8999938964844,421.8999938964844,45934
2026-02-20 14:30:00+05:30,421.8999938964844,422.1499938964844,421.75,421.95001220703125,39139
2026-02-20 14:35:00+05:30,422.0,422.54998779296875,421.95001220703125,422.0,91056
2026-02-20 14:40:00+05:30,422.29998779296875,422.6000061035156,422.1499938964844,422.45001220703125,52315
2026-02-20 14:45:00+05:30,422.5,423.3999938964844,422.45001220703125,423.3500061035156,50498
2026-02-20 14:50:00+05:30,423.3500061035156,423.3500061035156,422.5,422.75,66106
2026-02-20 14:55:00+05:30,422.70001220703125,422.95001220703125,422.70001220703125,422.95001220703125,41214
2026-02-20 15:00:00+05:30,423.1499938964844,423.1499938964844,422.0,422.0,148718
2026-02-20 15:05:00+05:30,422.04998779296875,422.04998779296875,421.45001220703125,421.5,185836
2026-02-20 15:10:00+05:30,421.6000061035156,421.75,420.8500061035156,421.6499938964844,335425
2026-02-20 15:15:00+05:30,421.6000061035156,421.8999938964844,421.0,421.0,289022
2026-02-20 15:20:00+05:30,421.04998779296875,421.5,420.54998779296875,421.29998779296875,302929
2026-02-20 15:25:00+05:30,421.29998779296875,422.04998779296875,420.1499938964844,421.3500061035156,251919
2026-02-23 09:20:00+05:30,423.54998779296875,425.6000061035156,423.54998779296875,425.3999938964844,101278
2026-02-23 09:25:00+05:30,425.3999938964844,426.3999938964844,425.3500061035156,426.20001220703125,118740
2026-02-23 09:30:00+05:30,426.45001220703125,427.3500061035156,426.25,426.70001220703125,122512
2026-02-23 09:35:00+05:30,426.95001220703125,427.20001220703125,426.0,426.1499938964844,116744
2026-02-23 09:40:00+05:30,426.20001220703125,427.20001220703125,426.1499938964844,426.70001220703125,84119
2026-02-23 09:45:00+05:30,426.8999938964844,428.3500061035156,426.70001220703125,428.1499938964844,142327
2026-02-23 09:50:00+05:30,428.1499938964844,428.1499938964844,427.1000061035156,427.5,117502
2026-02-23 09:55:00+05:30,427.5,428.1000061035156,427.5,427.79998779296875,82239
2026-02-23 10:00:00+05:30,427.79998779296875,427.8500061035156,427.3500061035156,427.5,54504
2026-02-23 10:05:00+05:30,427.5,427.6499938964844,427.1499938964844,427.1499938964844,53083
2026-02-23 10:10:00+05:30,427.1499938964844,427.45001220703125,426.95001220703125,427.45001220703125,72295
2026-02-23 10:15:00+05:30,427.5,427.79998779296875,427.29998779296875,427.79998779296875,59142
2026-02-23 10:20:00+05:30,427.79998779296875,427.79998779296875,427.1000061035156,427.45001220703125,88571
2026-02-23 10:25:00+05:30,427.45001220703125,427.6000061035156,426.95001220703125,427.04998779296875,98982
2026-02-23 10:30:00+05:30,427.20001220703125,427.20001220703125,426.20001220703125,426.5,55303
2026-02-23 10:35:00+05:30,426.3500061035156,426.6499938964844,426.20001220703125,426.20001220703125,54515
2026-02-23 10:40:00+05:30,426.1499938964844,427.1000061035156,426.04998779296875,426.54998779296875,117860
2026-02-23 10:45:00+05:30,426.6000061035156,426.8500061035156,426.29998779296875,426.3999938964844,267253
2026-02-23 10:50:00+05:30,426.6000061035156,426.6499938964844,425.8999938964844,426.3999938964844,777137
2026-02-23 10:55:00+05:30,426.45001220703125,427.1000061035156,426.3999938964844,427.04998779296875,34434
2026-02-23 11:00:00+05:30,427.1000061035156,428.0,427.04998779296875,428.0,60466
2026-02-23 11:05:00+05:30,428.0,428.6499938964844,427.25,428.6499938964844,82144
2026-02-23 11:10:00+05:30,428.6499938964844,428.95001220703125,428.29998779296875,428.6000061035156,86693
2026-02-23 11:15:00+05:30,428.75,428.79998779296875,428.0,428.5,54791
2026-02-23 11:20:00+05:30,428.70001220703125,428.8500061035156,428.1499938964844,428.3999938964844,256287
2026-02-23 11:25:00+05:30,428.3999938964844,430.0,428.3500061035156,429.8999938964844,255541
2026-02-23 11:30:00+05:30,429.8999938964844,430.3999938964844,429.6499938964844,430.0,228427
2026-02-23 11:35:00+05:30,430.0,430.3999938964844,429.29998779296875,430.3999938964844,410302
2026-02-23 11:40:00+05:30,430.29998779296875,430.6000061035156,430.25,430.3500061035156,96751
2026-02-23 11:45:00+05:30,430.3500061035156,430.5,429.6000061035156,430.29998779296875,564708
2026-02-23 11:50:00+05:30,430.29998779296875,430.3999938964844,429.8999938964844,430.25,257129
2026-02-23 11:55:00+05:30,430.3999938964844,430.6000061035156,430.0,430.04998779296875,85199
2026-02-23 12:00:00+05:30,430.0,430.45001220703125,430.0,430.45001220703125,55397
2026-02-23 12:05:00+05:30,430.45001220703125,430.75,430.45001220703125,430.6000061035156,93711
2026-02-23 12:10:00+05:30,430.6000061035156,430.6499938964844,430.29998779296875,430.5,75023
2026-02-23 12:15:00+05:30,430.3999938964844,430.95001220703125,430.3999938964844,430.75,60694
2026-02-23 12:20:00+05:30,430.79998779296875,430.8999938964844,429.6499938964844,429.79998779296875,105039
2026-02-23 12:25:00+05:30,429.79998779296875,430.5,429.79998779296875,430.20001220703125,77213
2026-02-23 12:30:00+05:30,430.20001220703125,430.29998779296875,429.75,430.29998779296875,140449
2026-02-23 12:35:00+05:30,430.29998779296875,430.3999938964844,430.04998779296875,430.29998779296875,71698
2026-02-23 12:40:00+05:30,430.25,431.20001220703125,430.25,431.20001220703125,130212
2026-02-23 12:45:00+05:30,431.1000061035156,431.6000061035156,430.95001220703125,431.45001220703125,113373
2026-02-23 12:50:00+05:30,431.45001220703125,431.75,431.0,431.6499938964844,122734
2026-02-23 12:55:00+05:30,431.6000061035156,431.6000061035156,430.8999938964844,431.0,70535
2026-02-23 13:00:00+05:30,430.75,430.8999938964844,430.45001220703125,430.6000061035156,70356
2026-02-23 13:05:00+05:30,430.8500061035156,431.5,430.8500061035156,431.45001220703125,109827
2026-02-23 13:10:00+05:30,431.25,431.6000061035156,430.45001220703125,430.45001220703125,71991
2026-02-23 13:15:00+05:30,430.6000061035156,430.79998779296875,430.20001220703125,430.6000061035156,109936
2026-02-23 13:20:00+05:30,430.54998779296875,431.1499938964844,430.5,431.1499938964844,49698
2026-02-23 13:25:00+05:30,431.1499938964844,431.5,431.1000061035156,431.29998779296875,70718
2026-02-23 13:30:00+05:30,431.5,431.70001220703125,430.1000061035156,430.1000061035156,125763
2026-02-23 13:35:00+05:30,430.1000061035156,430.70001220703125,430.1000061035156,430.54998779296875,132546
2026-02-23 13:40:00+05:30,430.54998779296875,430.6000061035156,430.29998779296875,430.6000061035156,54589
2026-02-23 13:45:00+05:30,430.6000061035156,430.6000061035156,429.8999938964844,429.8999938964844,112171
2026-02-23 13:50:00+05:30,429.95001220703125,430.1000061035156,429.8500061035156,429.8999938964844,65916
2026-02-23 13:55:00+05:30,429.8999938964844,430.04998779296875,429.1499938964844,429.1499938964844,84453
2026-02-23 14:00:00+05:30,429.25,429.54998779296875,428.8500061035156,429.3500061035156,201723
2026-02-23 14:05:00+05:30,429.25,429.75,429.0,429.5,80325
2026-02-23 14:10:00+05:30,429.5,429.54998779296875,429.0,429.5,88184
2026-02-23 14:15:00+05:30,429.3999938964844,429.8999938964844,429.1499938964844,429.8500061035156,130336
2026-02-23 14:20:00+05:30,429.8500061035156,430.1499938964844,429.45001220703125,429.8999938964844,84947
2026-02-23 14:25:00+05:30,430.04998779296875,430.54998779296875,430.0,430.45001220703125,93456
2026-02-23 14:30:00+05:30,430.6499938964844,431.5,430.6499938964844,431.0,172201
2026-02-23 14:35:00+05:30,430.95001220703125,431.3500061035156,430.70001220703125,431.0,157144
2026-02-23 14:40:00+05:30,430.8999938964844,431.0,430.20001220703125,430.6000061035156,81471
2026-02-23 14:45:00+05:30,430.6000061035156,431.0,430.54998779296875,431.0,67663
2026-02-23 14:50:00+05:30,430.8999938964844,430.95001220703125,430.29998779296875,430.6000061035156,76808
2026-02-23 14:55:00+05:30,430.45001220703125,430.6000061035156,430.29998779296875,430.29998779296875,87304
2026-02-23 15:00:00+05:30,430.54998779296875,431.04998779296875,430.54998779296875,430.75,271871
2026-02-23 15:05:00+05:30,430.75,431.0,430.45001220703125,430.5,174485
2026-02-23 15:10:00+05:30,430.54998779296875,430.8999938964844,430.5,430.70001220703125,198532
2026-02-23 15:15:00+05:30,430.70001220703125,431.04998779296875,430.6000061035156,430.79998779296875,240531
2026-02-23 15:20:00+05:30,430.70001220703125,430.70001220703125,430.25,430.70001220703125,268862
2026-02-23 15:25:00+05:30,430.70001220703125,430.8500061035156,430.5,430.8500061035156,320352
2026-02-24 09:20:00+05:30,430.25,430.6000061035156,429.75,430.3500061035156,106040
2026-02-24 09:25:00+05:30,430.3500061035156,431.04998779296875,430.1499938964844,431.0,80740
2026-02-24 09:30:00+05:30,431.04998779296875,431.20001220703125,430.20001220703125,431.1499938964844,42116
2026-02-24 09:35:00+05:30,430.79998779296875,431.54998779296875,430.79998779296875,431.04998779296875,89919
2026-02-24 09:40:00+05:30,430.8999938964844,430.8999938964844,430.25,430.6000061035156,70884
2026-02-24 09:45:00+05:30,430.79998779296875,431.75,430.79998779296875,431.45001220703125,120347
2026-02-24 09:50:00+05:30,431.5,431.5,430.45001220703125,430.8500061035156,41117
2026-02-24 09:55:00+05:30,430.8500061035156,431.04998779296875,430.45001220703125,430.8999938964844,52019
2026-02-24 10:00:00+05:30,431.25,431.5,430.3999938964844,430.3999938964844,89502
2026-02-24 10:05:00+05:30,430.6000061035156,431.0,430.29998779296875,430.45001220703125,79951
2026-02-24 10:10:00+05:30,430.54998779296875,430.6499938964844,429.79998779296875,429.79998779296875,76102
2026-02-24 10:15:00+05:30,429.75,430.45001220703125,429.75,430.1000061035156,100799
2026-02-24 10:20:00+05:30,430.25,430.45001220703125,430.04998779296875,430.3999938964844,54196
2026-02-24 10:25:00+05:30,430.3999938964844,431.29998779296875,430.3999938964844,431.0,94096
2026-02-24 10:30:00+05:30,431.0,431.79998779296875,430.79998779296875,431.3500061035156,84229
2026-02-24 10:35:00+05:30,431.3999938964844,431.5,430.8500061035156,430.95001220703125,88882
2026-02-24 10:40:00+05:30,430.8999938964844,431.1499938964844,430.6499938964844,430.8999938964844,53095
2026-02-24 10:45:00+05:30,430.8500061035156,430.8500061035156,430.04998779296875,430.1499938964844,65789
2026-02-24 10:50:00+05:30,430.1499938964844,430.3999938964844,429.6499938964844,429.8999938964844,62645
2026-02-24 10:55:00+05:30,429.8500061035156,430.20001220703125,429.75,430.1499938964844,42745
2026-02-24 11:00:00+05:30,430.1499938964844,430.3999938964844,430.0,430.25,88272
2026-02-24 11:05:00+05:30,430.29998779296875,430.29998779296875,429.8999938964844,430.0,89896
2026-02-24 11:10:00+05:30,430.04998779296875,430.8999938964844,430.0,430.70001220703125,70878
2026-02-24 11:15:00+05:30,430.75,431.54998779296875,430.6499938964844,431.1499938964844,143742
2026-02-24 11:20:00+05:30,431.1499938964844,431.8500061035156,430.8500061035156,431.0,111750
2026-02-24 11:25:00+05:30,431.1000061035156,431.6000061035156,430.95001220703125,431.0,94660
2026-02-24 11:30:00+05:30,431.1000061035156,431.29998779296875,430.5,430.6000061035156,86442
2026-02-24 11:35:00+05:30,430.8500061035156,431.5,430.29998779296875,431.3999938964844,104806
2026-02-24 11:40:00+05:30,431.45001220703125,431.5,430.20001220703125,430.3500061035156,99063
2026-02-24 11:45:00+05:30,430.3500061035156,430.45001220703125,429.45001220703125,429.6499938964844,116677
2026-02-24 11:50:00+05:30,429.75,430.25,429.54998779296875,429.79998779296875,145234
2026-02-24 11:55:00+05:30,429.95001220703125,430.0,429.29998779296875,429.29998779296875,124501
2026-02-24 12:00:00+05:30,429.29998779296875,429.6499938964844,429.1499938964844,429.45001220703125,148812
2026-02-24 12:05:00+05:30,429.54998779296875,430.6499938964844,429.5,430.25,113985
2026-02-24 12:10:00+05:30,430.25,430.54998779296875,430.04998779296875,430.3999938964844,45601
2026-02-24 12:15:00+05:30,430.25,430.6000061035156,430.04998779296875,430.04998779296875,60569
2026-02-24 12:20:00+05:30,430.25,430.29998779296875,429.6000061035156,429.6000061035156,101483
2026-02-24 12:25:00+05:30,429.6499938964844,430.3999938964844,429.6000061035156,430.1000061035156,80624
2026-02-24 12:30:00+05:30,430.1000061035156,430.29998779296875,429.29998779296875,429.54998779296875,262713
2026-02-24 12:35:00+05:30,429.70001220703125,429.8999938964844,429.5,429.70001220703125,90077
2026-02-24 12:40:00+05:30,429.8500061035156,430.3500061035156,429.54998779296875,429.95001220703125,151124
2026-02-24 12:45:00+05:30,429.95001220703125,429.95001220703125,428.75,429.0,405537
2026-02-24 12:50:00+05:30,429.04998779296875,429.25,428.45001220703125,428.8500061035156,378600
2026-02-24 12:55:00+05:30,428.8999938964844,428.95001220703125,428.3500061035156,428.6000061035156,225389
2026-02-24 13:00:00+05:30,428.6499938964844,429.1000061035156,428.29998779296875,428.8999938964844,133607
2026-02-24 13:05:00+05:30,428.95001220703125,428.95001220703125,428.3500061035156,428.5,61971
2026-02-24 13:10:00+05:30,428.5,429.1499938964844,428.1499938964844,428.8999938964844,532805
2026-02-24 13:15:00+05:30,428.95001220703125,429.3999938964844,428.6000061035156,429.0,414155
2026-02-24 13:20:00+05:30,429.0,429.3500061035156,428.6499938964844,429.1000061035156,170889
2026-02-24 13:25:00+05:30,429.0,429.3999938964844,428.70001220703125,428.8500061035156,95795
2026-02-24 13:30:00+05:30,428.6499938964844,429.1000061035156,428.04998779296875,428.25,218202
2026-02-24 13:35:00+05:30,428.20001220703125,429.1499938964844,427.6000061035156,429.1000061035156,385332
2026-02-24 13:40:00+05:30,429.1499938964844,429.20001220703125,428.45001220703125,429.0,1200116
2026-02-24 13:45:00+05:30,428.75,429.04998779296875,427.70001220703125,428.20001220703125,198693
2026-02-24 13:50:00+05:30,428.20001220703125,428.20001220703125,427.3999938964844,427.75,85945
2026-02-24 13:55:00+05:30,427.70001220703125,428.54998779296875,427.54998779296875,428.3500061035156,238164
2026-02-24 14:00:00+05:30,428.3999938964844,428.54998779296875,427.3999938964844,427.70001220703125,172474
2026-02-24 14:05:00+05:30,427.79998779296875,427.79998779296875,427.29998779296875,427.79998779296875,50331
2026-02-24 14:10:00+05:30,427.79998779296875,428.25,427.54998779296875,428.0,135712
2026-02-24 14:15:00+05:30,427.8500061035156,428.1499938964844,427.54998779296875,427.95001220703125,168533
2026-02-24 14:20:00+05:30,428.0,428.3999938964844,427.3500061035156,427.6499938964844,190297
2026-02-24 14:25:00+05:30,427.75,428.8999938964844,427.3500061035156,428.1000061035156,245951
2026-02-24 14:30:00+05:30,428.25,428.6499938964844,428.04998779296875,428.29998779296875,71951
2026-02-24 14:35:00+05:30,428.25,429.3500061035156,428.25,429.0,255726
2026-02-24 14:40:00+05:30,429.20001220703125,429.25,427.54998779296875,427.70001220703125,296892
2026-02-24 14:45:00+05:30,427.75,428.1499938964844,427.54998779296875,428.1000061035156,169844
2026-02-24 14:50:00+05:30,428.0,428.5,428.0,428.1499938964844,92489
2026-02-24 14:55:00+05:30,428.1499938964844,428.29998779296875,427.8500061035156,428.1499938964844,95186
2026-02-24 15:00:00+05:30,428.1499938964844,428.5,427.20001220703125,427.3999938964844,456375
2026-02-24 15:05:00+05:30,427.3999938964844,427.8500061035156,427.3999938964844,427.79998779296875,507535
2026-02-24 15:10:00+05:30,427.70001220703125,428.0,427.3999938964844,428.0,668680
2026-02-24 15:15:00+05:30,427.95001220703125,428.6499938964844,427.70001220703125,428.1499938964844,1062541
2026-02-24 15:20:00+05:30,428.1499938964844,428.3500061035156,425.79998779296875,426.8999938964844,712807
2026-02-24 15:25:00+05:30,426.8999938964844,429.0,426.6000061035156,427.70001220703125,389961
2026-02-25 09:20:00+05:30,428.1000061035156,429.29998779296875,428.04998779296875,428.95001220703125,186134
2026-02-25 09:25:00+05:30,429.1000061035156,430.1000061035156,429.1000061035156,429.79998779296875,150531
2026-02-25 09:30:00+05:30,429.8999938964844,430.04998779296875,428.8999938964844,429.0,125300
2026-02-25 09:35:00+05:30,428.8500061035156,429.45001220703125,428.5,429.1000061035156,190798
2026-02-25 09:40:00+05:30,429.04998779296875,429.1499938964844,427.6499938964844,427.79998779296875,110610
2026-02-25 09:45:00+05:30,427.6499938964844,427.6499938964844,426.70001220703125,426.70001220703125,62781
2026-02-25 09:50:00+05:30,426.70001220703125,427.04998779296875,426.20001220703125,426.75,56027
2026-02-25 09:55:00+05:30,426.79998779296875,426.8999938964844,426.5,426.5,59084
2026-02-25 10:00:00+05:30,426.5,427.25,426.3999938964844,427.20001220703125,126218
2026-02-25 10:05:00+05:30,427.20001220703125,427.3999938964844,426.8999938964844,426.95001220703125,75298
2026-02-25 10:10:00+05:30,426.8999938964844,427.5,426.8500061035156,427.5,66009
2026-02-25 10:15:00+05:30,427.5,427.75,427.45001220703125,427.54998779296875,76265
2026-02-25 10:20:00+05:30,427.5,427.5,427.0,427.1499938964844,44858
2026-02-25 10:25:00+05:30,427.25,427.25,426.29998779296875,426.45001220703125,57336
2026-02-25 10:30:00+05:30,426.45001220703125,426.54998779296875,426.25,426.3500061035156,59858
2026-02-25 10:35:00+05:30,426.3500061035156,426.45001220703125,426.0,426.45001220703125,75509
2026-02-25 10:40:00+05:30,426.29998779296875,426.3999938964844,425.79998779296875,426.04998779296875,40410
2026-02-25 10:45:00+05:30,426.0,426.25,425.75,426.0,62987
2026-02-25 10:50:00+05:30,426.0,426.5,426.0,426.1499938964844,44817
2026-02-25 10:55:00+05:30,426.1499938964844,426.1499938964844,425.5,425.54998779296875,61664
2026-02-25 11:00:00+05:30,425.54998779296875,425.54998779296875,424.75,424.8500061035156,70259
2026-02-25 11:05:00+05:30,424.8500061035156,425.54998779296875,424.79998779296875,425.25,51251
2026-02-25 11:10:00+05:30,425.3500061035156,425.3999938964844,424.1000061035156,424.3500061035156,74501
2026-02-25 11:15:00+05:30,424.3500061035156,424.45001220703125,423.75,423.79998779296875,57332
2026-02-25 11:20:00+05:30,423.8500061035156,424.54998779296875,423.75,424.3999938964844,95282
2026-02-25 11:25:00+05:30,424.3999938964844,425.3999938964844,424.3500061035156,425.3500061035156,143379
2026-02-25 11:30:00+05:30,425.3500061035156,425.5,424.25,424.3999938964844,86923
2026-02-25 11:35:00+05:30,424.25,424.3500061035156,423.6499938964844,423.75,54617
2026-02-25 11:40:00+05:30,423.75,423.75,423.1000061035156,423.20001220703125,108558
2026-02-25 11:45:00+05:30,423.25,424.95001220703125,423.20001220703125,424.5,480456
2026-02-25 11:50:00+05:30,424.5,424.79998779296875,424.0,424.1000061035156,170400
2026-02-25 11:55:00+05:30,424.1000061035156,424.1000061035156,423.45001220703125,423.79998779296875,482954
2026-02-25 12:00:00+05:30,423.70001220703125,424.1499938964844,423.70001220703125,424.0,76890
2026-02-25 12:05:00+05:30,424.0,424.1499938964844,423.6499938964844,424.1499938964844,123232
2026-02-25 12:10:00+05:30,424.1499938964844,424.25,423.8500061035156,424.25,69050
2026-02-25 12:15:00+05:30,424.25,424.54998779296875,423.54998779296875,423.70001220703125,152736
2026-02-25 12:20:00+05:30,423.70001220703125,424.0,423.45001220703125,423.8500061035156,48970
2026-02-25 12:25:00+05:30,423.8500061035156,423.8500061035156,423.45001220703125,423.6499938964844,55675
2026-02-25 12:30:00+05:30,423.6499938964844,423.70001220703125,422.79998779296875,422.8999938964844,146348
2026-02-25 12:35:00+05:30,422.95001220703125,422.95001220703125,422.3500061035156,422.54998779296875,125498
2026-02-25 12:40:00+05:30,422.54998779296875,422.6499938964844,422.0,422.0,72279
2026-02-25 12:45:00+05:30,422.20001220703125,422.45001220703125,421.79998779296875,421.95001220703125,71164
2026-02-25 12:50:00+05:30,421.79998779296875,422.1000061035156,421.79998779296875,421.8999938964844,52874
2026-02-25 12:55:00+05:30,421.8500061035156,422.0,421.5,421.5,47049
2026-02-25 13:00:00+05:30,421.5,421.79998779296875,421.3999938964844,421.75,155029
2026-02-25 13:05:00+05:30,421.75,422.29998779296875,421.54998779296875,422.1499938964844,208202
2026-02-25 13:10:00+05:30,422.1499938964844,423.04998779296875,422.1499938964844,423.0,167768
2026-02-25 13:15:00+05:30,422.8999938964844,423.04998779296875,422.5,423.04998779296875,60412
2026-02-25 13:20:00+05:30,423.04998779296875,423.29998779296875,422.8999938964844,423.25,64490
2026-02-25 13:25:00+05:30,423.25,423.45001220703125,423.04998779296875,423.45001220703125,70131
2026-02-25 13:30:00+05:30,423.3999938964844,423.54998779296875,422.8500061035156,423.25,160075
2026-02-25 13:35:00+05:30,423.25,423.3999938964844,422.95001220703125,423.20001220703125,62068
2026-02-25 13:40:00+05:30,423.0,423.20001220703125,422.95001220703125,423.04998779296875,48381
2026-02-25 13:45:00+05:30,423.1000061035156,423.1000061035156,422.70001220703125,422.8500061035156,45076
2026-02-25 13:50:00+05:30,422.8999938964844,423.1000061035156,422.8500061035156,423.1000061035156,36112
2026-02-25 13:55:00+05:30,423.1000061035156,423.1000061035156,422.8500061035156,423.0,40616
2026-02-25 14:00:00+05:30,423.0,423.25,422.95001220703125,423.25,42862
2026-02-25 14:05:00+05:30,423.25,423.3999938964844,422.75,423.0,72781
2026-02-25 14:10:00+05:30,423.04998779296875,423.70001220703125,423.0,423.70001220703125,99981
2026-02-25 14:15:00+05:30,423.75,424.1499938964844,423.5,424.1499938964844,87516
2026-02-25 14:20:00+05:30,424.1499938964844,424.6000061035156,424.0,424.29998779296875,73342
2026-02-25 14:25:00+05:30,424.45001220703125,424.54998779296875,424.0,424.25,65177
2026-02-25 14:30:00+05:30,424.29998779296875,424.3999938964844,424.04998779296875,424.3500061035156,54142
2026-02-25 14:35:00+05:30,424.45001220703125,424.8500061035156,424.20001220703125,424.3500061035156,100010
2026-02-25 14:40:00+05:30,424.45001220703125,424.45001220703125,424.1000061035156,424.29998779296875,67536
2026-02-25 14:45:00+05:30,424.29998779296875,424.3999938964844,424.20001220703125,424.3500061035156,98151
2026-02-25 14:50:00+05:30,424.3500061035156,424.54998779296875,424.29998779296875,424.54998779296875,60372
2026-02-25 14:55:00+05:30,424.5,424.54998779296875,424.25,424.5,167830
2026-02-25 15:00:00+05:30,424.75,425.5,424.75,425.0,257399
2026-02-25 15:05:00+05:30,425.04998779296875,425.29998779296875,424.6499938964844,425.04998779296875,258984
2026-02-25 15:10:00+05:30,425.0,425.79998779296875,425.0,425.3999938964844,307131
2026-02-25 15:15:00+05:30,425.45001220703125,425.54998779296875,424.6000061035156,425.1000061035156,885127
2026-02-25 15:20:00+05:30,425.1499938964844,425.1499938964844,424.04998779296875,424.3999938964844,690709
2026-02-25 15:25:00+05:30,424.3999938964844,424.95001220703125,423.25,424.95001220703125,459493
2026-02-26 09:20:00+05:30,424.75,425.1000061035156,424.25,424.3500061035156,131777
2026-02-26 09:25:00+05:30,424.3500061035156,424.45001220703125,423.79998779296875,424.0,108298
2026-02-26 09:30:00+05:30,424.25,425.0,424.0,425.0,86663
2026-02-26 09:35:00+05:30,425.1499938964844,425.3500061035156,424.8999938964844,425.3500061035156,44014
2026-02-26 09:40:00+05:30,425.3500061035156,425.8500061035156,425.3500061035156,425.45001220703125,29169
2026-02-26 09:45:00+05:30,425.5,425.95001220703125,425.45001220703125,425.95001220703125,56632
2026-02-26 09:50:00+05:30,425.95001220703125,425.95001220703125,424.70001220703125,424.70001220703125,61333
2026-02-26 09:55:00+05:30,424.70001220703125,424.8999938964844,424.25,424.3999938964844,39095
2026-02-26 10:00:00+05:30,424.54998779296875,425.70001220703125,424.3999938964844,425.6000061035156,62243
2026-02-26 10:05:00+05:30,425.70001220703125,426.0,425.54998779296875,425.95001220703125,56251
2026-02-26 10:10:00+05:30,426.04998779296875,426.25,425.95001220703125,426.25,42607
2026-02-26 10:15:00+05:30,426.25,426.25,425.75,425.75,28118
2026-02-26 10:20:00+05:30,425.79998779296875,425.79998779296875,425.45001220703125,425.6000061035156,36302
2026-02-26 10:25:00+05:30,425.6000061035156,425.8500061035156,425.0,425.20001220703125,45922
2026-02-26 10:30:00+05:30,425.1499938964844,425.70001220703125,425.1499938964844,425.5,51590
2026-02-26 10:35:00+05:30,425.70001220703125,425.79998779296875,425.3500061035156,425.54998779296875,63011
2026-02-26 10:40:00+05:30,425.54998779296875,425.6499938964844,425.20001220703125,425.25,33581
2026-02-26 10:45:00+05:30,425.25,426.0,425.1000061035156,425.8999938964844,34190
2026-02-26 10:50:00+05:30,425.8999938964844,425.95001220703125,425.20001220703125,425.45001220703125,32220
2026-02-26 10:55:00+05:30,425.45001220703125,425.5,425.1000061035156,425.1499938964844,32071
2026-02-26 11:00:00+05:30,425.1000061035156,425.3500061035156,424.79998779296875,425.29998779296875,51277
2026-02-26 11:05:00+05:30,425.29998779296875,425.29998779296875,425.04998779296875,425.04998779296875,45990
2026-02-26 11:10:00+05:30,425.04998779296875,425.1499938964844,424.79998779296875,424.95001220703125,34098
2026-02-26 11:15:00+05:30,425.0,425.1499938964844,424.79998779296875,425.1499938964844,27321
2026-02-26 11:20:00+05:30,425.1499938964844,425.1499938964844,425.1000061035156,425.1000061035156,26190
2026-02-26 11:25:00+05:30,424.95001220703125,425.5,424.95001220703125,425.1000061035156,55342
2026-02-26 11:30:00+05:30,425.1000061035156,425.1499938964844,424.6000061035156,424.70001220703125,72225
2026-02-26 11:35:00+05:30,424.6499938964844,424.79998779296875,424.3999938964844,424.3999938964844,45663
2026-02-26 11:40:00+05:30,424.5,424.6000061035156,424.25,424.3500061035156,75136
2026-02-26 11:45:00+05:30,424.45001220703125,424.45001220703125,423.54998779296875,423.95001220703125,62920
2026-02-26 11:50:00+05:30,423.79998779296875,423.8999938964844,423.3500061035156,423.8500061035156,114344
2026-02-26 11:55:00+05:30,423.8500061035156,423.95001220703125,423.3999938964844,423.70001220703125,30615
2026-02-26 12:00:00+05:30,423.70001220703125,423.8500061035156,423.25,423.45001220703125,33178
2026-02-26 12:05:00+05:30,423.45001220703125,423.54998779296875,422.95001220703125,423.0,46346
2026-02-26 12:10:00+05:30,423.0,423.3500061035156,422.95001220703125,423.1499938964844,65674
2026-02-26 12:15:00+05:30,423.20001220703125,423.8999938964844,423.20001220703125,423.6000061035156,100617
2026-02-26 12:20:00+05:30,423.54998779296875,423.75,422.8500061035156,423.70001220703125,414201
2026-02-26 12:25:00+05:30,423.70001220703125,424.0,423.45001220703125,423.70001220703125,113410
2026-02-26 12:30:00+05:30,423.70001220703125,424.04998779296875,423.3500061035156,424.0,90629
2026-02-26 12:35:00+05:30,424.0,424.54998779296875,423.6499938964844,424.5,176586
2026-02-26 12:40:00+05:30,424.5,425.29998779296875,424.1499938964844,424.79998779296875,675890
2026-02-26 12:45:00+05:30,424.79998779296875,425.1499938964844,424.6499938964844,424.79998779296875,300359
2026-02-26 12:50:00+05:30,424.95001220703125,425.1000061035156,424.6000061035156,424.6000061035156,91709
2026-02-26 12:55:00+05:30,424.6000061035156,425.25,424.5,425.25,241826
2026-02-26 13:00:00+05:30,425.20001220703125,425.25,424.5,424.8999938964844,323744
2026-02-26 13:05:00+05:30,424.95001220703125,424.95001220703125,424.45001220703125,424.70001220703125,128072
2026-02-26 13:10:00+05:30,424.6499938964844,425.0,424.54998779296875,424.6499938964844,102194
2026-02-26 13:15:00+05:30,424.6000061035156,424.79998779296875,424.3500061035156,424.6499938964844,324410
2026-02-26 13:20:00+05:30,424.6499938964844,424.8500061035156,424.29998779296875,424.6000061035156,148925
2026-02-26 13:25:00+05:30,424.6000061035156,424.70001220703125,424.29998779296875,424.6000061035156,318630
2026-02-26 13:30:00+05:30,424.54998779296875,424.6000061035156,423.8999938964844,424.1499938964844,328085
2026-02-26 13:35:00+05:30,424.1499938964844,424.45001220703125,423.6000061035156,423.6000061035156,222698
2026-02-26 13:40:00+05:30,423.6000061035156,423.75,423.04998779296875,423.1499938964844,102625
2026-02-26 13:45:00+05:30,423.1499938964844,423.29998779296875,422.70001220703125,422.8500061035156,195910
2026-02-26 13:50:00+05:30,422.8999938964844,423.20001220703125,422.6499938964844,422.95001220703125,284529
2026-02-26 13:55:00+05:30,422.95001220703125,423.0,422.3999938964844,422.5,133351
2026-02-26 14:00:00+05:30,422.45001220703125,422.6499938964844,422.0,422.3500061035156,81322
2026-02-26 14:05:00+05:30,422.3500061035156,422.5,422.0,422.5,74410
2026-02-26 14:10:00+05:30,422.5,422.5,422.04998779296875,422.1000061035156,82631
2026-02-26 14:15:00+05:30,422.1499938964844,422.45001220703125,421.8500061035156,421.8999938964844,96870
2026-02-26 14:20:00+05:30,422.0,422.1499938964844,421.75,421.8500061035156,114848
2026-02-26 14:25:00+05:30,421.79998779296875,422.45001220703125,421.70001220703125,422.45001220703125,172359
2026-02-26 14:30:00+05:30,422.45001220703125,423.3999938964844,422.3500061035156,423.20001220703125,174719
2026-02-26 14:35:00+05:30,423.20001220703125,423.6499938964844,423.04998779296875,423.1000061035156,158188
2026-02-26 14:40:00+05:30,423.1000061035156,423.54998779296875,423.04998779296875,423.54998779296875,141040
2026-02-26 14:45:00+05:30,423.70001220703125,424.04998779296875,423.70001220703125,424.04998779296875,283729
2026-02-26 14:50:00+05:30,424.04998779296875,424.5,424.0,424.45001220703125,259435
2026-02-26 14:55:00+05:30,424.45001220703125,424.45001220703125,424.0,424.3999938964844,152132
2026-02-26 15:00:00+05:30,424.45001220703125,424.6499938964844,424.1499938964844,424.6000061035156,747275
2026-02-26 15:05:00+05:30,424.6499938964844,424.70001220703125,424.20001220703125,424.20001220703125,725579
2026-02-26 15:10:00+05:30,424.20001220703125,424.6000061035156,424.20001220703125,424.54998779296875,725204
2026-02-26 15:15:00+05:30,424.54998779296875,424.79998779296875,424.54998779296875,424.6499938964844,773834
2026-02-26 15:20:00+05:30,424.6499938964844,424.8999938964844,424.54998779296875,424.8999938964844,1039314
2026-02-26 15:25:00+05:30,424.8999938964844,425.0,424.0,424.3500061035156,636708
2026-02-27 09:20:00+05:30,421.5,421.79998779296875,421.20001220703125,421.3999938964844,90042
2026-02-27 09:25:00+05:30,421.3500061035156,421.3500061035156,420.3500061035156,420.45001220703125,97761
2026-02-27 09:30:00+05:30,420.3500061035156,422.0,420.3500061035156,421.6000061035156,224473
2026-02-27 09:35:00+05:30,421.54998779296875,421.54998779296875,420.79998779296875,420.79998779296875,24756
2026-02-27 09:40:00+05:30,420.6000061035156,420.79998779296875,420.3999938964844,420.3999938964844,61381
2026-02-27 09:45:00+05:30,420.3999938964844,420.3999938964844,419.75,419.8500061035156,31407
2026-02-27 09:50:00+05:30,419.75,419.8999938964844,419.5,419.6000061035156,30854
2026-02-27 09:55:00+05:30,419.6000061035156,419.79998779296875,419.45001220703125,419.5,26034
2026-02-27 10:00:00+05:30,419.5,420.45001220703125,419.25,419.95001220703125,219853
2026-02-27 10:05:00+05:30,419.79998779296875,419.8999938964844,419.45001220703125,419.6499938964844,39076
2026-02-27 10:10:00+05:30,419.6499938964844,420.29998779296875,419.6499938964844,419.8999938964844,35286
2026-02-27 10:15:00+05:30,419.8999938964844,420.20001220703125,419.75,420.20001220703125,27608
2026-02-27 10:20:00+05:30,420.1000061035156,420.75,420.0,420.75,49321
2026-02-27 10:25:00+05:30,420.75,421.0,420.3999938964844,420.95001220703125,41258
2026-02-27 10:30:00+05:30,420.95001220703125,421.0,420.79998779296875,420.79998779296875,33992
2026-02-27 10:35:00+05:30,420.79998779296875,420.8999938964844,420.54998779296875,420.8500061035156,33027
2026-02-27 10:40:00+05:30,420.8500061035156,421.3999938964844,420.6000061035156,421.1000061035156,75733
2026-02-27 10:45:00+05:30,421.1000061035156,421.29998779296875,420.75,421.04998779296875,55083
2026-02-27 10:50:00+05:30,421.04998779296875,421.29998779296875,420.5,420.8500061035156,108092
2026-02-27 10:55:00+05:30,420.79998779296875,420.8999938964844,420.45001220703125,420.79998779296875,68446
2026-02-27 11:00:00+05:30,420.79998779296875,421.0,420.45001220703125,420.6000061035156,108123
2026-02-27 11:05:00+05:30,420.6499938964844,420.75,420.3999938964844,420.5,26425
2026-02-27 11:10:00+05:30,420.45001220703125,420.45001220703125,419.8999938964844,420.0,46787
2026-02-27 11:15:00+05:30,420.1000061035156,420.1000061035156,419.70001220703125,419.79998779296875,49249
2026-02-27 11:20:00+05:30,419.8999938964844,420.0,419.6000061035156,419.8999938964844,54788
2026-02-27 11:25:00+05:30,419.8999938964844,420.1499938964844,419.8500061035156,420.1000061035156,33856
2026-02-27 11:30:00+05:30,420.1000061035156,420.1000061035156,419.79998779296875,419.8500061035156,50104
2026-02-27 11:35:00+05:30,419.79998779296875,420.04998779296875,419.3999938964844,420.04998779296875,67334
2026-02-27 11:40:00+05:30,420.04998779296875,420.04998779296875,419.6499938964844,419.70001220703125,69173
2026-02-27 11:45:00+05:30,419.79998779296875,420.0,419.79998779296875,419.8999938964844,58959
2026-02-27 11:50:00+05:30,419.8999938964844,419.8999938964844,419.54998779296875,419.70001220703125,32212
2026-02-27 11:55:00+05:30,419.70001220703125,419.70001220703125,419.04998779296875,419.45001220703125,136030
2026-02-27 12:00:00+05:30,419.45001220703125,420.0,419.3999938964844,419.95001220703125,55359
2026-02-27 12:05:00+05:30,420.0,420.0,419.75,420.0,62258
2026-02-27 12:10:00+05:30,419.95001220703125,420.04998779296875,418.75,418.75,453651
2026-02-27 12:15:00+05:30,418.6000061035156,419.04998779296875,418.6000061035156,419.0,96536
2026-02-27 12:20:00+05:30,418.95001220703125,419.0,418.3999938964844,418.75,80131
2026-02-27 12:25:00+05:30,418.8500061035156,419.45001220703125,418.8500061035156,419.20001220703125,100447
2026-02-27 12:30:00+05:30,419.25,419.25,418.3999938964844,418.6000061035156,79140
2026-02-27 12:35:00+05:30,418.45001220703125,418.75,418.45001220703125,418.6499938964844,39773
2026-02-27 12:40:00+05:30,418.6499938964844,418.8999938964844,418.3999938964844,418.8999938964844,76821
2026-02-27 12:45:00+05:30,418.8999938964844,419.0,418.3500061035156,418.70001220703125,134513
2026-02-27 12:50:00+05:30,418.6499938964844,419.0,418.6499938964844,418.8500061035156,104459
2026-02-27 12:55:00+05:30,418.8500061035156,419.0,418.5,418.54998779296875,156782
2026-02-27 13:00:00+05:30,418.54998779296875,419.0,418.3500061035156,418.70001220703125,114109
2026-02-27 13:05:00+05:30,418.70001220703125,419.0,418.70001220703125,418.79998779296875,124897
2026-02-27 13:10:00+05:30,418.8999938964844,418.8999938964844,418.54998779296875,418.75,143513
2026-02-27 13:15:00+05:30,418.75,419.1499938964844,418.70001220703125,418.8999938964844,154327
2026-02-27 13:20:00+05:30,418.8999938964844,419.0,418.79998779296875,418.8999938964844,47726
2026-02-27 13:25:00+05:30,418.8999938964844,419.0,417.70001220703125,417.8999938964844,358017
2026-02-27 13:30:00+05:30,417.8500061035156,418.0,417.8500061035156,417.8500061035156,49109
2026-02-27 13:35:00+05:30,417.75,418.0,417.6000061035156,417.79998779296875,59375
2026-02-27 13:40:00+05:30,417.79998779296875,417.8999938964844,417.25,417.5,67323
2026-02-27 13:45:00+05:30,417.54998779296875,418.0,417.3500061035156,418.0,61021
2026-02-27 13:50:00+05:30,418.0,418.1499938964844,417.6000061035156,417.95001220703125,209480
2026-02-27 13:55:00+05:30,418.0,419.0,417.95001220703125,418.70001220703125,426675
2026-02-27 14:00:00+05:30,418.6499938964844,418.75,417.8500061035156,418.0,220787
2026-02-27 14:05:00+05:30,418.0,418.0,417.75,417.95001220703125,83320
2026-02-27 14:10:00+05:30,418.0,418.0,417.5,417.79998779296875,611750
2026-02-27 14:15:00+05:30,417.75,418.0,417.6000061035156,418.0,109831
2026-02-27 14:20:00+05:30,418.0,418.0,417.79998779296875,417.8999938964844,80002
2026-02-27 14:25:00+05:30,417.8500061035156,417.8999938964844,417.1000061035156,417.3999938964844,212309
2026-02-27 14:30:00+05:30,417.3999938964844,417.6000061035156,417.04998779296875,417.29998779296875,105152
2026-02-27 14:35:00+05:30,417.29998779296875,417.70001220703125,417.04998779296875,417.29998779296875,169916
2026-02-27 14:40:00+05:30,417.29998779296875,417.29998779296875,416.6499938964844,416.8999938964844,208890
2026-02-27 14:45:00+05:30,416.79998779296875,417.54998779296875,416.79998779296875,417.45001220703125,235087
2026-02-27 14:50:00+05:30,417.5,417.5,416.8500061035156,417.04998779296875,561264
2026-02-27 14:55:00+05:30,417.1000061035156,417.1000061035156,416.6499938964844,417.04998779296875,87843
2026-02-27 15:00:00+05:30,417.04998779296875,417.04998779296875,415.6000061035156,415.75,1696820
2026-02-27 15:05:00+05:30,415.75,415.8500061035156,414.70001220703125,415.3999938964844,1580078
2026-02-27 15:10:00+05:30,415.29998779296875,415.45001220703125,414.5,414.6499938964844,1439468
2026-02-27 15:15:00+05:30,414.6499938964844,415.3500061035156,414.6000061035156,415.04998779296875,1691856
2026-02-27 15:20:00+05:30,415.1000061035156,415.45001220703125,414.70001220703125,415.1499938964844,1611938
2026-02-27 15:25:00+05:30,415.1000061035156,416.20001220703125,414.70001220703125,415.20001220703125,1254421
2026-03-02 09:20:00+05:30,411.8500061035156,412.3999938964844,411.25,411.29998779296875,238053
2026-03-02 09:25:00+05:30,411.25,412.25,410.79998779296875,411.0,366700
2026-03-02 09:30:00+05:30,411.20001220703125,411.95001220703125,411.0,411.95001220703125,295962
2026-03-02 09:35:00+05:30,412.1000061035156,412.5,411.5,412.3999938964844,155419
2026-03-02 09:40:00+05:30,412.20001220703125,412.45001220703125,411.04998779296875,411.1499938964844,207757
2026-03-02 09:45:00+05:30,411.1499938964844,411.25,410.45001220703125,410.6499938964844,87299
2026-03-02 09:50:00+05:30,410.6000061035156,410.8999938964844,410.0,410.1000061035156,107828
2026-03-02 09:55:00+05:30,410.04998779296875,411.04998779296875,410.0,410.75,82781
2026-03-02 10:00:00+05:30,410.8500061035156,411.20001220703125,410.45001220703125,410.79998779296875,94251
2026-03-02 10:05:00+05:30,410.79998779296875,412.1000061035156,410.79998779296875,411.8500061035156,105800
2026-03-02 10:10:00+05:30,412.1499938964844,412.20001220703125,411.5,412.1000061035156,100386
2026-03-02 10:15:00+05:30,412.20001220703125,412.5,411.79998779296875,412.29998779296875,85339
2026-03-02 10:20:00+05:30,412.04998779296875,412.20001220703125,411.54998779296875,412.20001220703125,92420
2026-03-02 10:25:00+05:30,412.04998779296875,412.04998779296875,411.5,411.70001220703125,73085
2026-03-02 10:30:00+05:30,411.54998779296875,411.8500061035156,411.29998779296875,411.3500061035156,51452
2026-03-02 10:35:00+05:30,411.25,411.6499938964844,410.1000061035156,410.6000061035156,85148
2026-03-02 10:40:00+05:30,410.6000061035156,410.8500061035156,410.1499938964844,410.1499938964844,95019
2026-03-02 10:45:00+05:30,410.1499938964844,410.3999938964844,410.0,410.0,75312
2026-03-02 10:50:00+05:30,410.1000061035156,410.20001220703125,409.75,410.0,112364
2026-03-02 10:55:00+05:30,410.0,410.25,409.75,409.8500061035156,98915
2026-03-02 11:00:00+05:30,409.79998779296875,410.54998779296875,409.75,410.1499938964844,114989
2026-03-02 11:05:00+05:30,410.1499938964844,410.3500061035156,409.45001220703125,409.45001220703125,111329
2026-03-02 11:10:00+05:30,409.3999938964844,409.8999938964844,409.1499938964844,409.54998779296875,114635
2026-03-02 11:15:00+05:30,409.54998779296875,409.8500061035156,409.20001220703125,409.20001220703125,68192
2026-03-02 11:20:00+05:30,409.1499938964844,409.75,409.04998779296875,409.3500061035156,78427
2026-03-02 11:25:00+05:30,409.29998779296875,410.25,409.29998779296875,410.04998779296875,70170
2026-03-02 11:30:00+05:30,410.04998779296875,412.5,410.0,412.5,763619
2026-03-02 11:35:00+05:30,412.6499938964844,413.1499938964844,412.1499938964844,413.04998779296875,1033797
2026-03-02 11:40:00+05:30,413.04998779296875,413.04998779296875,411.6499938964844,411.8999938964844,215263
2026-03-02 11:45:00+05:30,411.8500061035156,412.20001220703125,411.1000061035156,411.1499938964844,117449
2026-03-02 11:50:00+05:30,411.20001220703125,411.20001220703125,410.6000061035156,410.70001220703125,95926
2026-03-02 11:55:00+05:30,410.79998779296875,410.8999938964844,410.1000061035156,410.54998779296875,91741
2026-03-02 12:00:00+05:30,410.5,410.6000061035156,410.04998779296875,410.6000061035156,99739
2026-03-02 12:05:00+05:30,410.54998779296875,411.04998779296875,410.3999938964844,410.79998779296875,72289
2026-03-02 12:10:00+05:30,410.75,411.04998779296875,410.3999938964844,410.5,106181
2026-03-02 12:15:00+05:30,410.3999938964844,410.3999938964844,409.5,409.8500061035156,168999
2026-03-02 12:20:00+05:30,409.75,410.1000061035156,409.54998779296875,410.1000061035156,93567
2026-03-02 12:25:00+05:30,410.0,410.45001220703125,410.0,410.25,75745
2026-03-02 12:30:00+05:30,410.1499938964844,410.25,409.5,409.79998779296875,86638
2026-03-02 12:35:00+05:30,409.70001220703125,409.8999938964844,409.1000061035156,409.25,165120
2026-03-02 12:40:00+05:30,409.1499938964844,409.75,409.0,409.45001220703125,167695
2026-03-02 12:45:00+05:30,409.3999938964844,409.70001220703125,409.0,409.0,158317
2026-03-02 12:50:00+05:30,409.04998779296875,409.75,409.0,409.5,118683
2026-03-02 12:55:00+05:30,409.3999938964844,409.75,409.20001220703125,409.6499938964844,101823
2026-03-02 13:00:00+05:30,409.79998779296875,409.95001220703125,409.3500061035156,409.70001220703125,99910
2026-03-02 13:05:00+05:30,409.6499938964844,409.70001220703125,409.5,409.70001220703125,66864
2026-03-02 13:10:00+05:30,409.5,410.0,409.5,410.0,124007
2026-03-02 13:15:00+05:30,409.95001220703125,409.95001220703125,409.5,409.70001220703125,184025
2026-03-02 13:20:00+05:30,409.70001220703125,409.8999938964844,409.54998779296875,409.6000061035156,101150
2026-03-02 13:25:00+05:30,409.6000061035156,409.6000061035156,408.95001220703125,409.25,261765
2026-03-02 13:30:00+05:30,409.3500061035156,410.0,409.0,409.8999938964844,166640
2026-03-02 13:35:00+05:30,409.8500061035156,410.04998779296875,409.54998779296875,409.6499938964844,122445
2026-03-02 13:40:00+05:30,409.75,409.95001220703125,409.5,409.6000061035156,122751
2026-03-02 13:45:00+05:30,409.6000061035156,409.75,409.5,409.6499938964844,115864
2026-03-02 13:50:00+05:30,409.5,409.6499938964844,409.5,409.6000061035156,263939
2026-03-02 13:55:00+05:30,409.6000061035156,409.6499938964844,408.04998779296875,408.3500061035156,339848
2026-03-02 14:00:00+05:30,408.45001220703125,411.0,408.1000061035156,410.1000061035156,429912
2026-03-02 14:05:00+05:30,410.04998779296875,412.0,409.79998779296875,411.0,248021
2026-03-02 14:10:00+05:30,411.0,411.5,410.70001220703125,411.3500061035156,118628
2026-03-02 14:15:00+05:30,411.3500061035156,411.6499938964844,411.04998779296875,411.04998779296875,161400
2026-03-02 14:20:00+05:30,411.20001220703125,411.54998779296875,410.79998779296875,411.3500061035156,191655
2026-03-02 14:25:00+05:30,411.3500061035156,411.45001220703125,410.6000061035156,410.79998779296875,265759
2026-03-02 14:30:00+05:30,410.8500061035156,412.1000061035156,410.70001220703125,412.1000061035156,207569
2026-03-02 14:35:00+05:30,412.0,412.6499938964844,411.3999938964844,412.1000061035156,540064
2026-03-02 14:40:00+05:30,412.1000061035156,412.8999938964844,412.04998779296875,412.5,302187
2026-03-02 14:45:00+05:30,412.45001220703125,413.25,412.1499938964844,412.95001220703125,169914
2026-03-02 14:50:00+05:30,412.8999938964844,413.25,412.1499938964844,413.0,187171
2026-03-02 14:55:00+05:30,413.1499938964844,413.25,412.3500061035156,412.5,123201
2026-03-02 15:00:00+05:30,412.45001220703125,413.0,412.04998779296875,412.75,328565
2026-03-02 15:05:00+05:30,412.8500061035156,413.3999938964844,412.3999938964844,413.25,331809
2026-03-02 15:10:00+05:30,413.25,413.8500061035156,413.04998779296875,413.8500061035156,393957
2026-03-02 15:15:00+05:30,413.79998779296875,413.8500061035156,413.04998779296875,413.3500061035156,391248
2026-03-02 15:20:00+05:30,413.3999938964844,413.79998779296875,412.6499938964844,412.75,510859
2026-03-02 15:25:00+05:30,412.79998779296875,413.3500061035156,411.20001220703125,413.1000061035156,480605
2026-03-04 09:20:00+05:30,407.70001220703125,409.0,407.6499938964844,407.79998779296875,216657
2026-03-04 09:25:00+05:30,407.79998779296875,408.29998779296875,406.70001220703125,408.1000061035156,149164
2026-03-04 09:30:00+05:30,408.1000061035156,408.45001220703125,406.75,406.8500061035156,191311
2026-03-04 09:35:00+05:30,406.8999938964844,408.0,406.3999938964844,407.04998779296875,1660632
2026-03-04 09:40:00+05:30,407.20001220703125,407.3500061035156,406.54998779296875,406.8999938964844,97403
2026-03-04 09:45:00+05:30,407.1000061035156,407.1499938964844,406.1000061035156,406.5,93835
2026-03-04 09:50:00+05:30,406.5,406.79998779296875,406.04998779296875,406.79998779296875,121359
2026-03-04 09:55:00+05:30,406.79998779296875,407.54998779296875,406.70001220703125,407.0,307072
2026-03-04 10:00:00+05:30,407.0,408.75,406.79998779296875,408.1000061035156,600848
2026-03-04 10:05:00+05:30,408.25,408.3500061035156,407.1499938964844,407.8500061035156,146514
2026-03-04 10:10:00+05:30,407.8500061035156,408.0,407.3999938964844,407.8999938964844,110121
2026-03-04 10:15:00+05:30,407.8999938964844,408.20001220703125,407.54998779296875,408.04998779296875,93128
2026-03-04 10:20:00+05:30,408.04998779296875,408.79998779296875,407.8999938964844,408.3999938964844,188860
2026-03-04 10:25:00+05:30,408.29998779296875,408.54998779296875,407.8999938964844,408.04998779296875,98417
2026-03-04 10:30:00+05:30,408.04998779296875,408.25,407.8500061035156,408.1499938964844,82783
2026-03-04 10:35:00+05:30,408.20001220703125,408.25,406.95001220703125,406.95001220703125,115188
2026-03-04 10:40:00+05:30,406.8500061035156,406.95001220703125,406.54998779296875,406.95001220703125,51131
2026-03-04 10:45:00+05:30,406.95001220703125,407.20001220703125,406.6000061035156,406.8999938964844,50781
2026-03-04 10:50:00+05:30,406.8999938964844,406.8999938964844,405.75,406.04998779296875,72233
2026-03-04 10:55:00+05:30,406.1499938964844,406.29998779296875,405.3500061035156,406.04998779296875,794791
2026-03-04 11:00:00+05:30,406.04998779296875,406.6499938964844,405.8999938964844,406.3500061035156,58103
2026-03-04 11:05:00+05:30,406.3500061035156,406.75,406.20001220703125,406.3999938964844,56078
2026-03-04 11:10:00+05:30,406.29998779296875,406.54998779296875,406.04998779296875,406.54998779296875,27894
2026-03-04 11:15:00+05:30,406.45001220703125,406.6499938964844,406.45001220703125,406.54998779296875,28978
2026-03-04 11:20:00+05:30,406.54998779296875,407.0,406.3999938964844,407.0,66579
2026-03-04 11:25:00+05:30,407.0,407.20001220703125,406.8999938964844,406.8999938964844,88077
2026-03-04 11:30:00+05:30,406.95001220703125,407.0,406.29998779296875,406.79998779296875,655258
2026-03-04 11:35:00+05:30,406.79998779296875,407.54998779296875,406.75,407.5,164424
2026-03-04 11:40:00+05:30,407.5,407.6000061035156,406.95001220703125,407.0,64417
2026-03-04 11:45:00+05:30,407.0,407.1000061035156,406.5,406.8999938964844,45082
2026-03-04 11:50:00+05:30,406.8999938964844,407.1499938964844,406.79998779296875,407.0,61512
2026-03-04 11:55:00+05:30,407.0,407.1499938964844,406.8500061035156,407.04998779296875,855991
2026-03-04 12:00:00+05:30,407.1000061035156,407.29998779296875,407.1000061035156,407.1000061035156,57988
2026-03-04 12:05:00+05:30,407.1000061035156,407.29998779296875,406.95001220703125,407.1499938964844,539516
2026-03-04 12:10:00+05:30,407.25,407.29998779296875,407.1000061035156,407.1000061035156,39275
2026-03-04 12:15:00+05:30,407.20001220703125,407.25,406.75,406.95001220703125,390772
2026-03-04 12:20:00+05:30,406.8999938964844,407.25,406.79998779296875,407.25,54717
2026-03-04 12:25:00+05:30,407.20001220703125,407.3999938964844,407.0,407.1000061035156,36674
2026-03-04 12:30:00+05:30,407.1000061035156,407.3500061035156,407.0,407.20001220703125,62724
2026-03-04 12:35:00+05:30,407.20001220703125,407.3500061035156,407.0,407.3500061035156,60147
2026-03-04 12:40:00+05:30,407.29998779296875,407.3999938964844,407.25,407.3999938964844,43776
2026-03-04 12:45:00+05:30,407.3999938964844,407.3999938964844,406.8500061035156,407.1499938964844,48123
2026-03-04 12:50:00+05:30,407.1499938964844,407.29998779296875,406.8500061035156,407.25,128399
2026-03-04 12:55:00+05:30,407.25,407.70001220703125,407.1000061035156,407.3500061035156,247881
2026-03-04 13:00:00+05:30,407.3500061035156,407.6000061035156,407.29998779296875,407.45001220703125,44227
2026-03-04 13:05:00+05:30,407.45001220703125,407.54998779296875,407.1499938964844,407.25,47520
2026-03-04 13:10:00+05:30,407.3500061035156,407.54998779296875,407.1000061035156,407.5,54681
2026-03-04 13:15:00+05:30,407.54998779296875,407.54998779296875,407.29998779296875,407.29998779296875,49705
2026-03-04 13:20:00+05:30,407.29998779296875,407.3500061035156,406.8500061035156,407.1000061035156,274223
2026-03-04 13:25:00+05:30,407.1000061035156,407.20001220703125,406.6000061035156,406.8999938964844,148108
2026-03-04 13:30:00+05:30,406.8500061035156,407.1000061035156,406.6499938964844,407.0,249756
2026-03-04 13:35:00+05:30,407.0,407.29998779296875,407.0,407.0,215562
2026-03-04 13:40:00+05:30,407.1499938964844,407.54998779296875,407.0,407.54998779296875,76460
2026-03-04 13:45:00+05:30,407.6000061035156,407.6000061035156,407.1499938964844,407.1499938964844,384770
2026-03-04 13:50:00+05:30,407.1499938964844,407.20001220703125,406.6499938964844,406.6499938964844,153797
2026-03-04 13:55:00+05:30,406.6499938964844,406.79998779296875,405.95001220703125,406.1499938964844,88698
2026-03-04 14:00:00+05:30,406.1499938964844,406.3500061035156,405.8999938964844,406.04998779296875,86105
2026-03-04 14:05:00+05:30,406.04998779296875,406.6499938964844,405.8999938964844,406.25,138754
2026-03-04 14:10:00+05:30,406.3999938964844,407.04998779296875,406.1499938964844,407.0,199162
2026-03-04 14:15:00+05:30,407.04998779296875,407.29998779296875,406.6000061035156,407.1499938964844,147544
2026-03-04 14:20:00+05:30,407.04998779296875,407.1000061035156,406.1000061035156,406.1000061035156,298640
2026-03-04 14:25:00+05:30,406.29998779296875,406.45001220703125,405.8999938964844,405.95001220703125,183040
2026-03-04 14:30:00+05:30,406.04998779296875,406.1000061035156,405.25,405.6499938964844,223851
2026-03-04 14:35:00+05:30,405.70001220703125,405.70001220703125,404.79998779296875,405.3999938964844,285781
2026-03-04 14:40:00+05:30,405.45001220703125,406.0,405.3500061035156,405.8500061035156,260388
2026-03-04 14:45:00+05:30,405.8500061035156,406.0,405.3999938964844,405.6000061035156,186190
2026-03-04 14:50:00+05:30,405.6499938964844,406.20001220703125,405.6499938964844,405.79998779296875,152848
2026-03-04 14:55:00+05:30,405.75,406.0,405.29998779296875,405.3999938964844,145603
2026-03-04 15:00:00+05:30,405.5,405.5,404.20001220703125,404.25,529282
2026-03-04 15:05:00+05:30,404.29998779296875,404.5,402.95001220703125,403.1499938964844,540826
2026-03-04 15:10:00+05:30,403.1000061035156,403.5,402.75,403.0,687945
2026-03-04 15:15:00+05:30,402.95001220703125,403.29998779296875,402.20001220703125,402.20001220703125,531616
2026-03-04 15:20:00+05:30,402.20001220703125,403.6000061035156,402.20001220703125,403.54998779296875,684421
2026-03-04 15:25:00+05:30,403.70001220703125,404.29998779296875,402.45001220703125,403.70001220703125,482557
2026-03-05 09:20:00+05:30,403.8500061035156,403.8500061035156,402.6000061035156,402.95001220703125,195798
2026-03-05 09:25:00+05:30,403.04998779296875,403.75,402.54998779296875,402.6000061035156,99439
2026-03-05 09:30:00+05:30,402.6000061035156,403.54998779296875,402.5,403.04998779296875,236361
2026-03-05 09:35:00+05:30,402.95001220703125,403.5,402.75,403.04998779296875,155751
2026-03-05 09:40:00+05:30,403.04998779296875,404.5,402.75,404.3999938964844,196457
2026-03-05 09:45:00+05:30,404.3999938964844,405.1499938964844,404.29998779296875,404.95001220703125,181714
2026-03-05 09:50:00+05:30,404.95001220703125,405.8999938964844,404.75,405.75,152954
2026-03-05 09:55:00+05:30,405.8999938964844,405.8999938964844,405.20001220703125,405.3999938964844,67457
2026-03-05 10:00:00+05:30,405.3999938964844,405.8500061035156,404.75,404.8500061035156,184584
2026-03-05 10:05:00+05:30,404.8500061035156,406.04998779296875,404.8500061035156,405.95001220703125,107236
2026-03-05 10:10:00+05:30,405.8999938964844,407.0,405.70001220703125,406.79998779296875,144924
2026-03-05 10:15:00+05:30,406.79998779296875,407.25,406.54998779296875,407.1499938964844,160152
2026-03-05 10:20:00+05:30,407.1499938964844,407.25,406.54998779296875,406.8500061035156,103922
2026-03-05 10:25:00+05:30,406.8500061035156,406.95001220703125,406.1000061035156,406.95001220703125,129539
2026-03-05 10:30:00+05:30,406.95001220703125,407.3999938964844,406.95001220703125,407.25,153470
2026-03-05 10:35:00+05:30,407.1499938964844,407.6000061035156,406.95001220703125,407.1499938964844,230088
2026-03-05 10:40:00+05:30,407.3500061035156,407.6499938964844,407.20001220703125,407.54998779296875,104470
2026-03-05 10:45:00+05:30,407.70001220703125,407.95001220703125,407.25,407.54998779296875,151307
2026-03-05 10:50:00+05:30,407.6499938964844,407.6499938964844,406.6000061035156,407.1499938964844,155131
2026-03-05 10:55:00+05:30,407.25,407.75,407.0,407.04998779296875,89006
2026-03-05 11:00:00+05:30,407.0,407.25,406.75,407.25,114254
2026-03-05 11:05:00+05:30,407.25,407.8999938964844,407.1000061035156,407.8500061035156,130746
2026-03-05 11:10:00+05:30,407.8500061035156,407.8999938964844,407.5,407.5,86969
2026-03-05 11:15:00+05:30,407.3500061035156,407.5,407.04998779296875,407.45001220703125,128174
2026-03-05 11:20:00+05:30,407.45001220703125,407.79998779296875,407.1499938964844,407.79998779296875,168024
2026-03-05 11:25:00+05:30,407.79998779296875,407.79998779296875,407.0,407.1000061035156,84707
2026-03-05 11:30:00+05:30,406.79998779296875,407.20001220703125,406.45001220703125,407.1000061035156,195098
2026-03-05 11:35:00+05:30,407.1000061035156,407.45001220703125,406.6499938964844,407.3999938964844,97824
2026-03-05 11:40:00+05:30,407.45001220703125,407.6499938964844,407.20001220703125,407.54998779296875,83609
2026-03-05 11:45:00+05:30,407.54998779296875,407.54998779296875,406.8999938964844,407.1499938964844,62690
2026-03-05 11:50:00+05:30,407.1499938964844,407.75,406.6000061035156,407.75,73733
2026-03-05 11:55:00+05:30,407.70001220703125,407.8999938964844,407.1000061035156,407.5,117953
2026-03-05 12:00:00+05:30,407.5,407.6499938964844,406.8500061035156,407.1000061035156,85251
2026-03-05 12:05:00+05:30,406.95001220703125,407.5,406.45001220703125,407.29998779296875,238287
2026-03-05 12:10:00+05:30,407.3999938964844,407.6000061035156,407.20001220703125,407.45001220703125,71718
2026-03-05 12:15:00+05:30,407.45001220703125,407.5,407.0,407.25,92406
2026-03-05 12:20:00+05:30,407.25,407.95001220703125,407.20001220703125,407.54998779296875,127263
2026-03-05 12:25:00+05:30,407.6000061035156,407.79998779296875,407.20001220703125,407.79998779296875,130054
2026-03-05 12:30:00+05:30,407.79998779296875,408.1000061035156,407.45001220703125,407.45001220703125,170304
2026-03-05 12:35:00+05:30,407.6000061035156,407.6000061035156,406.95001220703125,407.1000061035156,64599
2026-03-05 12:40:00+05:30,407.1499938964844,407.1499938964844,406.6499938964844,406.8500061035156,77358
2026-03-05 12:45:00+05:30,406.8500061035156,407.1499938964844,406.3500061035156,407.1000061035156,84929
2026-03-05 12:50:00+05:30,407.1000061035156,407.54998779296875,406.75,407.54998779296875,82842
2026-03-05 12:55:00+05:30,407.54998779296875,408.20001220703125,407.5,408.20001220703125,141549
2026-03-05 13:00:00+05:30,408.20001220703125,408.6499938964844,408.04998779296875,408.3500061035156,98289
2026-03-05 13:05:00+05:30,408.29998779296875,408.54998779296875,408.20001220703125,408.54998779296875,72244
2026-03-05 13:10:00+05:30,408.6000061035156,408.6000061035156,408.20001220703125,408.3500061035156,74693
2026-03-05 13:15:00+05:30,408.3999938964844,408.5,407.75,407.8999938964844,101913
2026-03-05 13:20:00+05:30,407.95001220703125,408.20001220703125,407.75,408.04998779296875,132913
2026-03-05 13:25:00+05:30,408.1499938964844,408.5,407.70001220703125,408.5,101900
2026-03-05 13:30:00+05:30,408.25,408.3999938964844,407.1000061035156,407.5,178278
2026-03-05 13:35:00+05:30,407.5,407.6000061035156,406.54998779296875,406.54998779296875,149641
2026-03-05 13:40:00+05:30,406.54998779296875,406.8500061035156,406.20001220703125,406.25,154608
2026-03-05 13:45:00+05:30,406.1000061035156,406.95001220703125,406.0,406.6499938964844,111065
2026-03-05 13:50:00+05:30,406.70001220703125,406.70001220703125,405.8999938964844,406.20001220703125,95072
2026-03-05 13:55:00+05:30,406.1499938964844,406.3500061035156,405.79998779296875,405.8500061035156,110373
2026-03-05 14:00:00+05:30,405.8999938964844,406.3999938964844,405.6499938964844,406.25,142599
2026-03-05 14:05:00+05:30,406.25,406.5,405.70001220703125,405.8999938964844,121093
2026-03-05 14:10:00+05:30,405.8999938964844,406.25,405.70001220703125,406.20001220703125,127793
2026-03-05 14:15:00+05:30,406.25,406.3500061035156,405.25,405.25,256411
2026-03-05 14:20:00+05:30,405.20001220703125,406.75,405.20001220703125,406.5,557052
2026-03-05 14:25:00+05:30,406.5,407.20001220703125,406.04998779296875,407.1000061035156,434505
2026-03-05 14:30:00+05:30,407.0,407.0,405.20001220703125,405.3999938964844,484853
2026-03-05 14:35:00+05:30,405.3500061035156,407.1000061035156,405.20001220703125,406.95001220703125,308718
2026-03-05 14:40:00+05:30,406.8999938964844,408.3999938964844,406.8999938964844,407.8500061035156,347294
2026-03-05 14:45:00+05:30,407.70001220703125,408.04998779296875,407.5,407.79998779296875,244726
2026-03-05 14:50:00+05:30,407.79998779296875,409.6000061035156,407.79998779296875,409.3999938964844,480170
2026-03-05 14:55:00+05:30,409.3999938964844,410.0,408.29998779296875,409.70001220703125,908972
2026-03-05 15:00:00+05:30,409.75,409.79998779296875,407.79998779296875,407.79998779296875,430519
2026-03-05 15:05:00+05:30,408.0,408.20001220703125,407.3500061035156,407.3500061035156,462219
2026-03-05 15:10:00+05:30,407.3500061035156,407.3999938964844,406.6000061035156,406.6499938964844,380217
2026-03-05 15:15:00+05:30,406.70001220703125,407.3500061035156,406.70001220703125,406.95001220703125,382856
2026-03-05 15:20:00+05:30,406.95001220703125,407.0,406.29998779296875,406.54998779296875,460476
2026-03-05 15:25:00+05:30,406.5,407.8999938964844,406.29998779296875,406.3500061035156,471581
2026-03-06 09:20:00+05:30,405.25,406.6499938964844,404.8999938964844,406.1499938964844,304175
2026-03-06 09:25:00+05:30,406.25,406.3999938964844,405.3500061035156,405.54998779296875,251697
2026-03-06 09:30:00+05:30,405.45001220703125,405.45001220703125,403.8999938964844,403.8999938964844,196057
2026-03-06 09:35:00+05:30,403.8500061035156,404.29998779296875,403.3999938964844,403.75,129571
2026-03-06 09:40:00+05:30,403.75,404.79998779296875,403.29998779296875,404.54998779296875,228313
2026-03-06 09:45:00+05:30,404.45001220703125,404.6000061035156,403.8999938964844,403.95001220703125,126115
2026-03-06 09:50:00+05:30,403.95001220703125,404.45001220703125,403.6000061035156,404.0,142936
2026-03-06 09:55:00+05:30,404.04998779296875,404.75,404.0,404.54998779296875,144646
2026-03-06 10:00:00+05:30,404.6499938964844,405.25,404.6499938964844,404.95001220703125,133170
2026-03-06 10:05:00+05:30,404.95001220703125,405.70001220703125,404.45001220703125,405.5,111477
2026-03-06 10:10:00+05:30,405.54998779296875,405.6499938964844,405.1499938964844,405.25,56874
2026-03-06 10:15:00+05:30,405.25,405.75,405.1499938964844,405.54998779296875,89648
2026-03-06 10:20:00+05:30,405.45001220703125,405.6499938964844,405.25,405.25,62247
2026-03-06 10:25:00+05:30,405.25,405.3500061035156,404.3500061035156,404.79998779296875,87339
2026-03-06 10:30:00+05:30,404.79998779296875,405.20001220703125,404.6000061035156,405.04998779296875,71257
2026-03-06 10:35:00+05:30,405.1000061035156,405.6499938964844,404.6499938964844,405.5,241028
2026-03-06 10:40:00+05:30,405.45001220703125,406.1000061035156,405.3500061035156,405.79998779296875,89929
2026-03-06 10:45:00+05:30,405.70001220703125,405.79998779296875,405.29998779296875,405.79998779296875,110066
2026-03-06 10:50:00+05:30,405.54998779296875,406.20001220703125,405.54998779296875,405.95001220703125,105686
2026-03-06 10:55:00+05:30,405.95001220703125,406.04998779296875,405.54998779296875,405.70001220703125,64768
2026-03-06 11:00:00+05:30,405.70001220703125,406.1000061035156,405.29998779296875,405.75,111820
2026-03-06 11:05:00+05:30,405.79998779296875,406.45001220703125,405.75,405.75,118326
2026-03-06 11:10:00+05:30,405.75,405.79998779296875,405.04998779296875,405.3500061035156,107527
2026-03-06 11:15:00+05:30,405.29998779296875,405.3500061035156,404.3500061035156,404.3999938964844,59764
2026-03-06 11:20:00+05:30,404.3999938964844,404.8500061035156,404.20001220703125,404.3500061035156,149541
2026-03-06 11:25:00+05:30,404.45001220703125,404.5,404.0,404.20001220703125,74656
2026-03-06 11:30:00+05:30,404.1499938964844,404.25,403.54998779296875,404.1499938964844,140729
2026-03-06 11:35:00+05:30,404.1000061035156,404.25,403.6499938964844,403.8999938964844,168491
2026-03-06 11:40:00+05:30,403.8999938964844,404.1499938964844,402.95001220703125,403.04998779296875,166308
2026-03-06 11:45:00+05:30,403.04998779296875,404.0,403.04998779296875,403.8500061035156,168858
2026-03-06 11:50:00+05:30,403.75,403.95001220703125,403.54998779296875,403.8999938964844,58501
2026-03-06 11:55:00+05:30,403.8500061035156,404.45001220703125,403.8500061035156,404.3999938964844,110468
2026-03-06 12:00:00+05:30,404.3500061035156,404.6000061035156,404.0,404.3500061035156,73278
2026-03-06 12:05:00+05:30,404.3999938964844,405.3999938964844,404.1499938964844,404.79998779296875,127210
2026-03-06 12:10:00+05:30,404.8999938964844,404.95001220703125,404.3500061035156,404.5,61021
2026-03-06 12:15:00+05:30,404.45001220703125,404.8500061035156,404.29998779296875,404.5,99360
2026-03-06 12:20:00+05:30,404.54998779296875,404.54998779296875,403.79998779296875,404.20001220703125,127895
2026-03-06 12:25:00+05:30,404.1000061035156,404.1499938964844,402.29998779296875,402.6499938964844,225885
2026-03-06 12:30:00+05:30,402.6000061035156,403.0,402.3500061035156,402.75,126085
2026-03-06 12:35:00+05:30,402.70001220703125,402.8500061035156,401.6000061035156,401.70001220703125,195090
2026-03-06 12:40:00+05:30,401.79998779296875,402.1499938964844,401.25,402.1499938964844,234937
2026-03-06 12:45:00+05:30,402.20001220703125,402.3999938964844,401.8999938964844,402.25,175085
2026-03-06 12:50:00+05:30,402.25,402.3500061035156,401.54998779296875,401.6000061035156,237021
2026-03-06 12:55:00+05:30,401.6000061035156,402.04998779296875,401.6000061035156,402.04998779296875,147053
2026-03-06 13:00:00+05:30,402.0,402.1499938964844,401.8500061035156,402.0,160196
2026-03-06 13:05:00+05:30,402.04998779296875,402.1000061035156,401.45001220703125,401.79998779296875,221023
2026-03-06 13:10:00+05:30,401.75,402.54998779296875,401.75,402.54998779296875,240816
2026-03-06 13:15:00+05:30,402.5,402.54998779296875,402.20001220703125,402.25,108558
2026-03-06 13:20:00+05:30,402.25,402.29998779296875,402.0,402.04998779296875,267891
2026-03-06 13:25:00+05:30,402.0,402.1000061035156,401.5,401.70001220703125,181567
2026-03-06 13:30:00+05:30,401.70001220703125,402.1499938964844,401.70001220703125,401.8500061035156,145639
2026-03-06 13:35:00+05:30,401.8500061035156,402.75,401.45001220703125,401.95001220703125,266408
2026-03-06 13:40:00+05:30,401.95001220703125,402.54998779296875,401.79998779296875,402.29998779296875,225825
2026-03-06 13:45:00+05:30,402.29998779296875,402.79998779296875,402.1000061035156,402.54998779296875,349253
2026-03-06 13:50:00+05:30,402.70001220703125,402.79998779296875,402.29998779296875,402.6000061035156,184413
2026-03-06 13:55:00+05:30,402.6000061035156,402.75,401.79998779296875,402.29998779296875,211766
2026-03-06 14:00:00+05:30,402.29998779296875,402.3999938964844,401.29998779296875,401.3999938964844,243635
2026-03-06 14:05:00+05:30,401.3999938964844,401.8500061035156,401.3999938964844,401.75,238830
2026-03-06 14:10:00+05:30,401.75,402.3500061035156,401.75,402.1499938964844,275188
2026-03-06 14:15:00+05:30,402.1499938964844,402.5,402.0,402.3500061035156,178945
2026-03-06 14:20:00+05:30,402.29998779296875,402.5,401.79998779296875,402.1499938964844,306114
2026-03-06 14:25:00+05:30,402.04998779296875,402.3999938964844,401.54998779296875,401.6000061035156,165692
2026-03-06 14:30:00+05:30,401.6000061035156,401.75,401.1499938964844,401.29998779296875,261762
2026-03-06 14:35:00+05:30,401.3999938964844,401.3999938964844,400.70001220703125,400.70001220703125,203386
2026-03-06 14:40:00+05:30,400.6499938964844,400.75,400.25,400.5,387692
2026-03-06 14:45:00+05:30,400.45001220703125,400.6000061035156,399.79998779296875,400.1000061035156,995830
2026-03-06 14:50:00+05:30,400.0,401.1499938964844,400.0,400.70001220703125,406265
2026-03-06 14:55:00+05:30,400.75,400.75,400.1000061035156,400.3500061035156,224746
2026-03-06 15:00:00+05:30,400.29998779296875,400.3999938964844,399.79998779296875,400.0,970608
2026-03-06 15:05:00+05:30,400.04998779296875,400.04998779296875,399.3999938964844,399.5,585010
2026-03-06 15:10:00+05:30,399.6499938964844,399.70001220703125,399.0,399.3999938964844,712905
2026-03-06 15:15:00+05:30,399.3999938964844,399.79998779296875,399.3500061035156,399.3999938964844,665564
2026-03-06 15:20:00+05:30,399.5,400.29998779296875,399.3999938964844,400.1499938964844,622058
2026-03-06 15:25:00+05:30,400.1499938964844,401.45001220703125,399.8999938964844,401.29998779296875,483305
2026-03-09 09:20:00+05:30,388.45001220703125,389.75,388.1499938964844,388.6499938964844,519749
2026-03-09 09:25:00+05:30,388.8500061035156,389.1499938964844,387.0,387.5,364284
2026-03-09 09:30:00+05:30,387.20001220703125,389.04998779296875,387.1000061035156,388.25,698482
2026-03-09 09:35:00+05:30,388.25,389.0,387.6000061035156,388.1499938964844,470199
2026-03-09 09:40:00+05:30,388.1499938964844,389.0,387.1000061035156,387.1000061035156,346335
2026-03-09 09:45:00+05:30,387.04998779296875,387.8999938964844,386.70001220703125,387.54998779296875,258678
2026-03-09 09:50:00+05:30,387.45001220703125,388.25,387.20001220703125,387.75,180179
2026-03-09 09:55:00+05:30,387.6499938964844,388.6499938964844,387.6499938964844,388.29998779296875,181614
2026-03-09 10:00:00+05:30,388.29998779296875,388.6000061035156,387.54998779296875,388.04998779296875,239981
2026-03-09 10:05:00+05:30,388.1000061035156,390.20001220703125,387.79998779296875,390.04998779296875,315294
2026-03-09 10:10:00+05:30,390.3500061035156,391.1499938964844,389.95001220703125,390.0,217583
2026-03-09 10:15:00+05:30,389.95001220703125,390.20001220703125,388.8999938964844,389.1499938964844,187926
2026-03-09 10:20:00+05:30,389.1499938964844,389.75,388.75,389.3500061035156,169836
2026-03-09 10:25:00+05:30,389.3500061035156,389.5,388.8500061035156,389.3500061035156,168618
2026-03-09 10:30:00+05:30,389.3500061035156,389.79998779296875,387.8999938964844,388.04998779296875,214753
2026-03-09 10:35:00+05:30,388.04998779296875,389.95001220703125,387.70001220703125,389.25,197604
2026-03-09 10:40:00+05:30,389.3999938964844,389.3999938964844,388.70001220703125,389.29998779296875,182100
2026-03-09 10:45:00+05:30,389.29998779296875,389.3500061035156,388.3999938964844,388.8500061035156,141872
2026-03-09 10:50:00+05:30,388.70001220703125,392.20001220703125,388.54998779296875,392.0,247006
2026-03-09 10:55:00+05:30,391.79998779296875,392.6499938964844,391.54998779296875,392.5,174692
2026-03-09 11:00:00+05:30,392.5,392.5,391.1499938964844,391.75,167109
2026-03-09 11:05:00+05:30,391.95001220703125,392.04998779296875,390.8500061035156,391.0,145472
2026-03-09 11:10:00+05:30,391.04998779296875,391.1499938964844,390.20001220703125,391.04998779296875,177617
2026-03-09 11:15:00+05:30,391.0,391.04998779296875,389.5,390.29998779296875,258821
2026-03-09 11:20:00+05:30,390.25,390.8999938964844,390.1000061035156,390.1000061035156,170476
2026-03-09 11:25:00+05:30,390.1000061035156,390.8500061035156,390.04998779296875,390.6000061035156,246063
2026-03-09 11:30:00+05:30,390.6000061035156,391.1000061035156,389.95001220703125,390.45001220703125,194555
2026-03-09 11:35:00+05:30,390.45001220703125,390.8999938964844,390.1499938964844,390.54998779296875,153938
2026-03-09 11:40:00+05:30,390.3999938964844,390.8999938964844,389.8500061035156,390.0,269876
2026-03-09 11:45:00+05:30,389.95001220703125,390.1000061035156,389.45001220703125,389.6000061035156,306024
2026-03-09 11:50:00+05:30,389.70001220703125,389.95001220703125,389.3999938964844,389.8500061035156,129256
2026-03-09 11:55:00+05:30,390.0,390.0,389.25,389.3999938964844,150806
2026-03-09 12:00:00+05:30,389.3500061035156,389.70001220703125,389.1499938964844,389.70001220703125,137897
2026-03-09 12:05:00+05:30,389.54998779296875,390.1000061035156,389.3500061035156,389.3999938964844,320893
2026-03-09 12:10:00+05:30,389.3999938964844,389.54998779296875,389.1000061035156,389.25,113535
2026-03-09 12:15:00+05:30,389.25,389.3999938964844,388.1499938964844,388.45001220703125,159438
2026-03-09 12:20:00+05:30,388.3999938964844,388.95001220703125,388.04998779296875,388.8999938964844,127380
2026-03-09 12:25:00+05:30,389.1499938964844,389.1499938964844,388.45001220703125,388.6499938964844,143629
2026-03-09 12:30:00+05:30,388.6499938964844,388.95001220703125,387.95001220703125,388.1499938964844,129910
2026-03-09 12:35:00+05:30,388.1499938964844,388.5,387.54998779296875,388.20001220703125,256744
2026-03-09 12:40:00+05:30,388.25,388.45001220703125,387.8500061035156,387.8999938964844,181861
2026-03-09 12:45:00+05:30,387.95001220703125,388.25,387.70001220703125,388.04998779296875,201899
2026-03-09 12:50:00+05:30,388.0,388.6000061035156,387.8999938964844,388.3999938964844,176804
2026-03-09 12:55:00+05:30,388.45001220703125,389.29998779296875,388.1000061035156,389.1000061035156,159428
2026-03-09 13:00:00+05:30,389.1499938964844,389.29998779296875,388.6000061035156,389.1000061035156,229388
2026-03-09 13:05:00+05:30,389.1000061035156,389.1499938964844,387.6499938964844,387.79998779296875,400463
2026-03-09 13:10:00+05:30,387.79998779296875,388.1000061035156,387.5,387.8999938964844,212410
2026-03-09 13:15:00+05:30,387.8999938964844,387.95001220703125,387.1000061035156,387.6000061035156,238337
2026-03-09 13:20:00+05:30,387.70001220703125,387.75,387.0,387.1000061035156,239733
2026-03-09 13:25:00+05:30,387.1000061035156,387.5,386.95001220703125,387.1000061035156,205010
2026-03-09 13:30:00+05:30,387.1499938964844,388.0,387.0,387.3999938964844,246669
2026-03-09 13:35:00+05:30,387.54998779296875,388.0,387.1499938964844,387.75,189002
2026-03-09 13:40:00+05:30,387.75,388.0,387.5,387.70001220703125,215211
2026-03-09 13:45:00+05:30,387.6499938964844,387.8500061035156,387.3999938964844,387.54998779296875,315021
2026-03-09 13:50:00+05:30,387.54998779296875,387.79998779296875,387.3500061035156,387.70001220703125,149281
2026-03-09 13:55:00+05:30,387.75,388.0,387.45001220703125,387.54998779296875,182061
2026-03-09 14:00:00+05:30,387.3999938964844,387.70001220703125,386.5,386.75,298801
2026-03-09 14:05:00+05:30,386.75,387.0,386.45001220703125,386.6000061035156,149434
2026-03-09 14:10:00+05:30,386.6000061035156,386.95001220703125,386.25,386.3500061035156,162504
2026-03-09 14:15:00+05:30,386.5,386.5,385.8999938964844,386.20001220703125,165908
2026-03-09 14:20:00+05:30,386.1499938964844,386.25,385.79998779296875,386.20001220703125,175228
2026-03-09 14:25:00+05:30,386.25,386.75,385.6000061035156,385.8500061035156,325119
2026-03-09 14:30:00+05:30,385.70001220703125,386.20001220703125,385.5,385.6499938964844,413147
2026-03-09 14:35:00+05:30,385.6499938964844,386.04998779296875,385.1000061035156,385.79998779296875,446779
2026-03-09 14:40:00+05:30,385.8500061035156,387.04998779296875,385.54998779296875,386.45001220703125,231228
2026-03-09 14:45:00+05:30,386.45001220703125,387.6499938964844,386.1000061035156,386.3500061035156,665949
2026-03-09 14:50:00+05:30,386.3500061035156,386.75,385.79998779296875,386.75,229434
2026-03-09 14:55:00+05:30,386.75,386.75,386.20001220703125,386.20001220703125,335225
2026-03-09 15:00:00+05:30,386.3500061035156,387.1499938964844,385.6499938964844,386.8999938964844,548734
2026-03-09 15:05:00+05:30,386.8999938964844,387.0,386.29998779296875,386.5,516095
2026-03-09 15:10:00+05:30,386.54998779296875,387.0,386.3500061035156,386.70001220703125,477473
2026-03-09 15:15:00+05:30,386.75,386.8999938964844,386.0,386.20001220703125,454607
2026-03-09 15:20:00+05:30,386.29998779296875,386.29998779296875,385.79998779296875,385.8500061035156,396882
2026-03-09 15:25:00+05:30,386.04998779296875,386.95001220703125,385.5,386.3500061035156,375026
2026-03-10 09:20:00+05:30,389.0,389.3999938964844,388.0,388.25,361499
2026-03-10 09:25:00+05:30,388.29998779296875,388.79998779296875,387.8999938964844,388.1499938964844,583270
2026-03-10 09:30:00+05:30,388.1499938964844,388.70001220703125,387.75,388.1499938964844,436595
2026-03-10 09:35:00+05:30,388.0,389.20001220703125,387.54998779296875,388.0,1045546
2026-03-10 09:40:00+05:30,387.95001220703125,390.6499938964844,387.5,390.6000061035156,537529
2026-03-10 09:45:00+05:30,390.6499938964844,391.0,390.1000061035156,390.79998779296875,177863
2026-03-10 09:50:00+05:30,390.70001220703125,391.20001220703125,390.3999938964844,391.0,120720
2026-03-10 09:55:00+05:30,391.0,391.0,390.04998779296875,390.29998779296875,59853
2026-03-10 10:00:00+05:30,390.29998779296875,391.1000061035156,390.20001220703125,390.79998779296875,117703
2026-03-10 10:05:00+05:30,390.79998779296875,390.8500061035156,390.1499938964844,390.25,58534
2026-03-10 10:10:00+05:30,390.20001220703125,391.45001220703125,390.0,391.3999938964844,133487
2026-03-10 10:15:00+05:30,391.3500061035156,393.04998779296875,391.3500061035156,392.8500061035156,154643
2026-03-10 10:20:00+05:30,392.8500061035156,392.8500061035156,391.6499938964844,392.0,95110
2026-03-10 10:25:00+05:30,392.1000061035156,392.29998779296875,391.25,391.3500061035156,183965
2026-03-10 10:30:00+05:30,391.3500061035156,392.1499938964844,391.20001220703125,392.04998779296875,137533
2026-03-10 10:35:00+05:30,392.0,392.04998779296875,391.6499938964844,391.8500061035156,103514
2026-03-10 10:40:00+05:30,391.8999938964844,392.1499938964844,391.29998779296875,391.6000061035156,121449
2026-03-10 10:45:00+05:30,391.70001220703125,392.0,391.3999938964844,391.6499938964844,80556
2026-03-10 10:50:00+05:30,391.70001220703125,391.70001220703125,390.29998779296875,390.54998779296875,193228
2026-03-10 10:55:00+05:30,390.6000061035156,390.6499938964844,389.95001220703125,390.0,207972
2026-03-10 11:00:00+05:30,390.0,390.1000061035156,389.6000061035156,389.8500061035156,98068
2026-03-10 11:05:00+05:30,389.75,390.20001220703125,389.70001220703125,390.04998779296875,90221
2026-03-10 11:10:00+05:30,390.04998779296875,391.1000061035156,389.8999938964844,391.1000061035156,257266
2026-03-10 11:15:00+05:30,391.1000061035156,392.0,390.54998779296875,390.75,150564
2026-03-10 11:20:00+05:30,390.79998779296875,391.0,390.3500061035156,390.6499938964844,832578
2026-03-10 11:25:00+05:30,390.6000061035156,390.70001220703125,390.20001220703125,390.29998779296875,152478
2026-03-10 11:30:00+05:30,390.6499938964844,391.0,390.25,390.95001220703125,175295
2026-03-10 11:35:00+05:30,390.95001220703125,391.6000061035156,390.95001220703125,391.3999938964844,150550
2026-03-10 11:40:00+05:30,391.45001220703125,392.54998779296875,391.45001220703125,392.0,244752
2026-03-10 11:45:00+05:30,392.0,392.1499938964844,391.5,391.6499938964844,145525
2026-03-10 11:50:00+05:30,391.6499938964844,392.5,391.54998779296875,392.1000061035156,300562
2026-03-10 11:55:00+05:30,392.1499938964844,392.25,391.20001220703125,391.8500061035156,497332
2026-03-10 12:00:00+05:30,391.8500061035156,392.0,391.6499938964844,391.70001220703125,90369
2026-03-10 12:05:00+05:30,391.70001220703125,392.25,391.54998779296875,391.79998779296875,112430
2026-03-10 12:10:00+05:30,391.79998779296875,392.1000061035156,391.1000061035156,391.1000061035156,101810
2026-03-10 12:15:00+05:30,391.20001220703125,391.70001220703125,390.70001220703125,391.3500061035156,180300
2026-03-10 12:20:00+05:30,391.45001220703125,391.45001220703125,390.1499938964844,390.29998779296875,116169
2026-03-10 12:25:00+05:30,390.5,390.8999938964844,390.29998779296875,390.70001220703125,100255
2026-03-10 12:30:00+05:30,390.6499938964844,391.0,390.45001220703125,390.54998779296875,148616
2026-03-10 12:35:00+05:30,390.54998779296875,391.29998779296875,390.5,391.04998779296875,151981
2026-03-10 12:40:00+05:30,391.04998779296875,391.29998779296875,390.8999938964844,391.20001220703125,228154
2026-03-10 12:45:00+05:30,391.1499938964844,391.54998779296875,391.1000061035156,391.1499938964844,463228
2026-03-10 12:50:00+05:30,391.29998779296875,392.8999938964844,391.1000061035156,392.6499938964844,312038
2026-03-10 12:55:00+05:30,392.79998779296875,393.45001220703125,392.45001220703125,392.6000061035156,168889
2026-03-10 13:00:00+05:30,392.70001220703125,393.04998779296875,392.3999938964844,392.6499938964844,289315
2026-03-10 13:05:00+05:30,392.70001220703125,392.75,392.04998779296875,392.5,216646
2026-03-10 13:10:00+05:30,392.5,392.70001220703125,391.20001220703125,391.8999938964844,442562
2026-03-10 13:15:00+05:30,391.8500061035156,391.8999938964844,390.95001220703125,391.45001220703125,388365
2026-03-10 13:20:00+05:30,391.3500061035156,391.5,390.5,390.70001220703125,612652
2026-03-10 13:25:00+05:30,390.70001220703125,391.1000061035156,390.54998779296875,390.95001220703125,158194
2026-03-10 13:30:00+05:30,391.04998779296875,392.1499938964844,391.04998779296875,392.1499938964844,172991
2026-03-10 13:35:00+05:30,392.1499938964844,392.8500061035156,391.8500061035156,392.6000061035156,149978
2026-03-10 13:40:00+05:30,392.6499938964844,392.6499938964844,392.0,392.20001220703125,124017
2026-03-10 13:45:00+05:30,392.1499938964844,392.29998779296875,391.95001220703125,392.29998779296875,118098
2026-03-10 13:50:00+05:30,392.20001220703125,393.0,392.20001220703125,392.54998779296875,121813
2026-03-10 13:55:00+05:30,392.54998779296875,392.70001220703125,391.8999938964844,392.0,230137
2026-03-10 14:00:00+05:30,392.0,392.25,391.95001220703125,392.25,98433
2026-03-10 14:05:00+05:30,392.25,393.5,392.25,393.45001220703125,249942
2026-03-10 14:10:00+05:30,393.45001220703125,394.25,393.3999938964844,393.6499938964844,362738
2026-03-10 14:15:00+05:30,393.8999938964844,393.8999938964844,392.20001220703125,392.70001220703125,213592
2026-03-10 14:20:00+05:30,392.70001220703125,392.79998779296875,392.04998779296875,392.3500061035156,170493
2026-03-10 14:25:00+05:30,392.3500061035156,392.6499938964844,392.04998779296875,392.5,109166
2026-03-10 14:30:00+05:30,392.45001220703125,392.45001220703125,391.54998779296875,392.04998779296875,182112
2026-03-10 14:35:00+05:30,392.1000061035156,392.45001220703125,391.8500061035156,392.1000061035156,296222
2026-03-10 14:40:00+05:30,392.04998779296875,392.29998779296875,391.5,391.6000061035156,814334
2026-03-10 14:45:00+05:30,391.6499938964844,392.6499938964844,391.5,392.6499938964844,309634
2026-03-10 14:50:00+05:30,392.6499938964844,392.75,391.95001220703125,392.04998779296875,172754
2026-03-10 14:55:00+05:30,392.04998779296875,392.54998779296875,391.95001220703125,392.5,177876
2026-03-10 15:00:00+05:30,392.5,392.5,391.8999938964844,392.20001220703125,534797
2026-03-10 15:05:00+05:30,392.25,392.70001220703125,392.1000061035156,392.29998779296875,611965
2026-03-10 15:10:00+05:30,392.29998779296875,392.29998779296875,391.75,392.04998779296875,817948
2026-03-10 15:15:00+05:30,392.0,392.1000061035156,391.6000061035156,391.6000061035156,503913
2026-03-10 15:20:00+05:30,391.54998779296875,391.79998779296875,390.8999938964844,391.6000061035156,1102601
2026-03-10 15:25:00+05:30,391.6499938964844,392.5,391.25,391.8500061035156,485619
2026-03-11 09:15:00+05:30,390.7999877929688,391.0499877929688,387.6000061035156,388.0,942558
2026-03-11 09:20:00+05:30,388.20001220703125,389.04998779296875,387.79998779296875,388.20001220703125,795047
2026-03-11 09:25:00+05:30,388.1000061035156,388.1499938964844,387.1499938964844,387.29998779296875,428277
2026-03-11 09:30:00+05:30,387.25,387.25,386.6000061035156,386.8999938964844,235558
2026-03-11 09:35:00+05:30,386.8999938964844,387.1499938964844,386.25,386.54998779296875,332433
2026-03-11 09:40:00+05:30,386.6000061035156,387.3999938964844,386.3999938964844,387.20001220703125,99104
2026-03-11 09:45:00+05:30,387.25,388.8500061035156,386.95001220703125,388.20001220703125,777716
2026-03-11 09:50:00+05:30,388.3500061035156,388.54998779296875,387.70001220703125,387.95001220703125,238490
2026-03-11 09:55:00+05:30,387.8500061035156,388.20001220703125,387.6000061035156,387.79998779296875,650134
2026-03-11 10:00:00+05:30,387.75,388.8500061035156,387.54998779296875,388.75,582869
2026-03-11 10:05:00+05:30,388.79998779296875,388.8999938964844,388.1000061035156,388.45001220703125,146004
2026-03-11 10:10:00+05:30,388.45001220703125,388.75,388.04998779296875,388.45001220703125,918260
2026-03-11 10:15:00+05:30,388.25,389.1499938964844,388.25,388.75,935890
2026-03-11 10:20:00+05:30,388.75,388.79998779296875,388.04998779296875,388.3500061035156,92223
2026-03-11 10:25:00+05:30,388.3500061035156,388.45001220703125,387.8500061035156,388.29998779296875,138812
2026-03-11 10:30:00+05:30,388.29998779296875,388.6499938964844,388.0,388.6000061035156,103440
2026-03-11 10:35:00+05:30,388.6000061035156,388.6000061035156,387.6000061035156,387.6000061035156,115135
2026-03-11 10:40:00+05:30,387.6000061035156,387.95001220703125,387.3999938964844,387.8999938964844,85326
2026-03-11 10:45:00+05:30,387.8999938964844,387.95001220703125,387.3999938964844,387.95001220703125,86660
2026-03-11 10:50:00+05:30,388.0,388.29998779296875,387.75,388.25,131535
2026-03-11 10:55:00+05:30,388.25,388.8999938964844,388.20001220703125,388.79998779296875,92857
2026-03-11 11:00:00+05:30,388.70001220703125,388.75,387.8500061035156,388.20001220703125,100846
2026-03-11 11:05:00+05:30,388.20001220703125,388.25,387.70001220703125,387.75,83718
2026-03-11 11:10:00+05:30,387.70001220703125,387.8999938964844,387.25,387.45001220703125,98782
2026-03-11 11:15:00+05:30,387.5,387.6000061035156,386.1000061035156,386.1499938964844,285411
2026-03-11 11:20:00+05:30,386.1499938964844,386.25,385.75,385.8999938964844,111826
2026-03-11 11:25:00+05:30,386.0,386.45001220703125,385.6000061035156,385.75,98492
2026-03-11 11:30:00+05:30,385.70001220703125,385.79998779296875,385.04998779296875,385.20001220703125,114680
2026-03-11 11:35:00+05:30,385.20001220703125,385.79998779296875,384.6499938964844,385.75,333711
2026-03-11 11:40:00+05:30,385.70001220703125,386.0,385.5,386.0,85653
2026-03-11 11:45:00+05:30,386.0,386.1000061035156,385.54998779296875,385.75,97474
2026-03-11 11:50:00+05:30,385.75,385.8999938964844,385.25,385.79998779296875,91078
2026-03-11 11:55:00+05:30,385.79998779296875,385.8500061035156,385.29998779296875,385.6499938964844,87348
2026-03-11 12:00:00+05:30,385.6499938964844,386.5,385.5,386.5,122940
2026-03-11 12:05:00+05:30,386.3999938964844,386.54998779296875,385.95001220703125,385.95001220703125,108415
2026-03-11 12:10:00+05:30,386.0,386.54998779296875,385.75,385.8999938964844,131679
2026-03-11 12:15:00+05:30,385.70001220703125,386.1499938964844,385.54998779296875,385.6499938964844,139535
2026-03-11 12:20:00+05:30,385.79998779296875,386.1000061035156,385.45001220703125,385.54998779296875,119250
2026-03-11 12:25:00+05:30,385.75,385.8999938964844,385.25,385.45001220703125,107327
2026-03-11 12:30:00+05:30,385.5,386.0,384.25,384.45001220703125,181276
2026-03-11 12:35:00+05:30,384.6000061035156,385.25,384.54998779296875,385.0,102833
2026-03-11 12:40:00+05:30,385.1000061035156,385.79998779296875,384.95001220703125,385.79998779296875,73201
2026-03-11 12:45:00+05:30,385.70001220703125,386.0,385.1000061035156,385.3999938964844,129838
2026-03-11 12:50:00+05:30,385.29998779296875,385.6000061035156,385.1499938964844,385.3999938964844,95618
2026-03-11 12:55:00+05:30,385.45001220703125,385.5,385.1000061035156,385.3500061035156,85892
2026-03-11 13:00:00+05:30,385.3999938964844,385.70001220703125,384.79998779296875,385.04998779296875,126793
2026-03-11 13:05:00+05:30,385.1499938964844,385.20001220703125,384.6499938964844,384.79998779296875,96239
2026-03-11 13:10:00+05:30,384.79998779296875,384.8999938964844,384.0,384.1000061035156,247402
2026-03-11 13:15:00+05:30,384.1499938964844,384.8500061035156,384.0,384.75,136690
2026-03-11 13:20:00+05:30,384.8999938964844,385.3999938964844,384.6000061035156,385.29998779296875,145303
2026-03-11 13:25:00+05:30,385.29998779296875,385.54998779296875,384.95001220703125,385.3999938964844,155915
2026-03-11 13:30:00+05:30,385.45001220703125,385.8999938964844,385.04998779296875,385.1000061035156,168661
2026-03-11 13:35:00+05:30,385.1499938964844,385.8500061035156,385.0,385.54998779296875,136281
2026-03-11 13:40:00+05:30,385.5,385.75,385.3500061035156,385.75,144725
2026-03-11 13:45:00+05:30,385.79998779296875,386.45001220703125,385.70001220703125,386.29998779296875,125638
2026-03-11 13:50:00+05:30,386.3999938964844,386.3999938964844,385.8500061035156,385.95001220703125,171309
2026-03-11 13:55:00+05:30,385.8999938964844,386.3500061035156,385.79998779296875,386.20001220703125,115421
2026-03-11 14:00:00+05:30,386.20001220703125,386.3500061035156,385.54998779296875,385.75,135898
2026-03-11 14:05:00+05:30,385.79998779296875,385.95001220703125,385.20001220703125,385.3999938964844,303185
2026-03-11 14:10:00+05:30,385.1499938964844,385.6000061035156,385.0,385.20001220703125,330663
2026-03-11 14:15:00+05:30,385.1499938964844,385.25,384.79998779296875,384.95001220703125,268483
2026-03-11 14:20:00+05:30,385.0,385.25,384.75,385.0,123699
2026-03-11 14:25:00+05:30,384.70001220703125,385.6000061035156,384.29998779296875,385.6000061035156,450092
2026-03-11 14:30:00+05:30,385.70001220703125,385.70001220703125,384.54998779296875,384.6499938964844,180510
2026-03-11 14:35:00+05:30,384.70001220703125,385.0,384.29998779296875,384.8999938964844,243860
2026-03-11 14:40:00+05:30,385.0,385.25,384.6000061035156,385.1499938964844,184206
2026-03-11 14:45:00+05:30,385.1499938964844,385.25,384.54998779296875,384.6000061035156,1117065
2026-03-11 14:50:00+05:30,384.6499938964844,384.8999938964844,384.04998779296875,384.75,208140
2026-03-11 14:55:00+05:30,384.6499938964844,384.70001220703125,383.75,383.8999938964844,2231234
2026-03-11 15:00:00+05:30,384.04998779296875,385.5,384.04998779296875,384.8999938964844,334557
2026-03-11 15:05:00+05:30,384.8999938964844,384.95001220703125,383.8500061035156,384.1499938964844,356083
2026-03-11 15:10:00+05:30,384.1499938964844,385.6000061035156,383.8999938964844,385.6000061035156,739010
2026-03-11 15:15:00+05:30,385.6499938964844,386.1499938964844,385.3500061035156,385.70001220703125,757769
2026-03-11 15:20:00+05:30,385.79998779296875,385.95001220703125,385.29998779296875,385.6000061035156,697955
2026-03-11 15:25:00+05:30,385.3999938964844,385.6499938964844,380.1000061035156,383.20001220703125,8100704
