Datetime,Open,High,Low,Close,Volume
2025-12-11 09:20:00+05:30,117.33999633789062,117.66999816894533,117.22000122070312,117.5,268160
2025-12-11 09:25:00+05:30,117.44000244140624,117.9800033569336,117.44000244140624,117.9800033569336,200332
2025-12-11 09:30:00+05:30,117.95999908447266,117.95999908447266,117.37000274658205,117.4000015258789,182558
2025-12-11 09:35:00+05:30,117.33999633789062,117.33999633789062,116.5199966430664,116.5199966430664,541060
2025-12-11 09:40:00+05:30,116.5199966430664,116.58999633789062,116.1999969482422,116.3499984741211,312945
2025-12-11 09:45:00+05:30,116.31999969482422,116.83000183105467,116.2699966430664,116.83000183105467,229102
2025-12-11 09:50:00+05:30,116.72000122070312,116.8000030517578,116.5500030517578,116.61000061035156,210028
2025-12-11 09:55:00+05:30,116.61000061035156,116.79000091552734,116.5199966430664,116.61000061035156,226105
2025-12-11 10:00:00+05:30,116.63999938964844,116.87999725341795,116.63999938964844,116.87000274658205,178948
2025-12-11 10:05:00+05:30,116.8499984741211,117.08000183105467,116.79000091552734,116.95999908447266,242396
2025-12-11 10:10:00+05:30,116.95999908447266,117.06999969482422,116.81999969482422,117.06999969482422,131449
2025-12-11 10:15:00+05:30,117.22000122070312,117.44000244140624,117.1999969482422,117.43000030517578,324336
2025-12-11 10:20:00+05:30,117.43000030517578,117.55999755859376,117.3499984741211,117.45999908447266,259549
2025-12-11 10:25:00+05:30,117.44000244140624,117.58999633789062,117.44000244140624,117.4800033569336,89822
2025-12-11 10:30:00+05:30,117.5199966430664,117.58999633789062,117.33000183105467,117.58999633789062,181417
2025-12-11 10:35:00+05:30,117.55999755859376,117.63999938964844,117.5,117.5,130116
2025-12-11 10:40:00+05:30,117.52999877929688,117.5999984741211,117.38999938964844,117.5500030517578,205126
2025-12-11 10:45:00+05:30,117.5500030517578,117.63999938964844,117.43000030517578,117.5999984741211,148776
2025-12-11 10:50:00+05:30,117.63999938964844,117.77999877929688,117.43000030517578,117.44000244140624,218527
2025-12-11 10:55:00+05:30,117.44000244140624,117.5500030517578,117.31999969482422,117.41000366210938,160651
2025-12-11 11:00:00+05:30,117.4499969482422,117.54000091552734,117.27999877929688,117.30999755859376,181745
2025-12-11 11:05:00+05:30,117.27999877929688,117.47000122070312,117.2699966430664,117.47000122070312,163171
2025-12-11 11:10:00+05:30,117.45999908447266,117.56999969482422,117.41000366210938,117.4800033569336,70343
2025-12-11 11:15:00+05:30,117.4499969482422,117.83000183105467,117.44000244140624,117.73999786376952,218691
2025-12-11 11:20:00+05:30,117.72000122070312,117.9000015258789,117.68000030517578,117.68000030517578,148525
2025-12-11 11:25:00+05:30,117.66000366210938,117.77999877929688,117.5500030517578,117.5500030517578,77418
2025-12-11 11:30:00+05:30,117.55999755859376,117.6500015258789,117.51000213623048,117.51000213623048,67499
2025-12-11 11:35:00+05:30,117.5199966430664,117.52999877929688,117.3000030517578,117.4499969482422,159141
2025-12-11 11:40:00+05:30,117.4499969482422,117.68000030517578,117.4000015258789,117.4000015258789,62262
2025-12-11 11:45:00+05:30,117.44000244140624,117.61000061035156,117.38999938964844,117.54000091552734,127914
2025-12-11 11:50:00+05:30,117.54000091552734,117.6500015258789,117.4499969482422,117.63999938964844,71221
2025-12-11 11:55:00+05:30,117.63999938964844,117.66000366210938,117.5500030517578,117.56999969482422,71488
2025-12-11 12:00:00+05:30,117.56999969482422,117.94000244140624,117.55999755859376,117.94000244140624,208472
2025-12-11 12:05:00+05:30,117.94000244140624,118.02999877929688,117.7699966430664,117.88999938964844,301737
2025-12-11 12:10:00+05:30,117.91000366210938,117.98999786376952,117.8000030517578,117.8000030517578,173490
2025-12-11 12:15:00+05:30,117.8000030517578,118.04000091552734,117.8000030517578,117.9000015258789,207484
2025-12-11 12:20:00+05:30,117.9000015258789,117.91000366210938,117.75,117.79000091552734,121274
2025-12-11 12:25:00+05:30,117.77999877929688,117.98999786376952,117.76000213623048,117.83999633789062,138622
2025-12-11 12:30:00+05:30,117.87999725341795,117.9000015258789,117.76000213623048,117.76000213623048,93086
2025-12-11 12:35:00+05:30,117.76000213623048,117.9000015258789,117.70999908447266,117.8499984741211,93271
2025-12-11 12:40:00+05:30,117.80999755859376,118.0,117.75,117.9499969482422,141372
2025-12-11 12:45:00+05:30,117.9499969482422,118.08000183105467,117.87000274658205,118.0500030517578,213486
2025-12-11 12:50:00+05:30,118.0199966430664,118.12000274658205,117.98999786376952,118.12000274658205,137163
2025-12-11 12:55:00+05:30,118.08999633789062,118.12000274658205,117.98999786376952,118.0,137522
2025-12-11 13:00:00+05:30,118.0,118.04000091552734,117.8499984741211,117.88999938964844,170531
2025-12-11 13:05:00+05:30,117.8499984741211,117.93000030517578,117.69000244140624,117.69000244140624,248123
2025-12-11 13:10:00+05:30,117.62999725341795,117.62999725341795,117.3000030517578,117.52999877929688,219896
2025-12-11 13:15:00+05:30,117.48999786376952,117.5999984741211,117.37999725341795,117.4499969482422,95109
2025-12-11 13:20:00+05:30,117.43000030517578,117.55999755859376,117.38999938964844,117.51000213623048,113041
2025-12-11 13:25:00+05:30,117.4800033569336,117.61000061035156,117.36000061035156,117.5999984741211,124235
2025-12-11 13:30:00+05:30,117.61000061035156,117.91000366210938,117.61000061035156,117.77999877929688,164407
2025-12-11 13:35:00+05:30,117.7699966430664,117.77999877929688,117.61000061035156,117.62999725341795,116079
2025-12-11 13:40:00+05:30,117.61000061035156,117.75,117.58000183105467,117.63999938964844,78835
2025-12-11 13:45:00+05:30,117.63999938964844,117.79000091552734,117.58000183105467,117.75,118766
2025-12-11 13:50:00+05:30,117.75,117.77999877929688,117.62000274658205,117.62999725341795,76432
2025-12-11 13:55:00+05:30,117.66000366210938,117.70999908447266,117.5999984741211,117.68000030517578,82455
2025-12-11 14:00:00+05:30,117.68000030517578,117.70999908447266,117.4499969482422,117.4499969482422,72937
2025-12-11 14:05:00+05:30,117.45999908447266,117.5500030517578,117.38999938964844,117.5,105361
2025-12-11 14:10:00+05:30,117.5199966430664,117.55999755859376,117.41000366210938,117.41000366210938,77355
2025-12-11 14:15:00+05:30,117.41000366210938,117.58000183105467,117.41000366210938,117.54000091552734,96404
2025-12-11 14:20:00+05:30,117.52999877929688,117.63999938964844,117.5199966430664,117.55999755859376,110686
2025-12-11 14:25:00+05:30,117.58000183105467,117.68000030517578,117.56999969482422,117.5999984741211,77141
2025-12-11 14:30:00+05:30,117.5999984741211,117.66999816894533,117.51000213623048,117.51000213623048,77283
2025-12-11 14:35:00+05:30,117.51000213623048,117.55999755859376,117.38999938964844,117.4000015258789,230524
2025-12-11 14:40:00+05:30,117.4000015258789,117.4499969482422,117.0999984741211,117.12999725341795,147568
2025-12-11 14:45:00+05:30,117.13999938964844,117.16000366210938,117.02999877929688,117.05999755859376,179769
2025-12-11 14:50:00+05:30,117.0500030517578,117.13999938964844,117.0,117.0999984741211,159245
2025-12-11 14:55:00+05:30,117.08999633789062,117.23999786376952,117.08999633789062,117.1999969482422,95065
2025-12-11 15:00:00+05:30,117.29000091552734,117.47000122070312,117.29000091552734,117.4499969482422,216544
2025-12-11 15:05:00+05:30,117.4800033569336,117.4800033569336,117.3499984741211,117.41000366210938,299111
2025-12-11 15:10:00+05:30,117.37999725341795,117.56999969482422,117.37999725341795,117.5,283017
2025-12-11 15:15:00+05:30,117.54000091552734,117.72000122070312,117.51000213623048,117.6500015258789,477005
2025-12-11 15:20:00+05:30,117.69000244140624,117.73999786376952,117.5999984741211,117.72000122070312,493274
2025-12-11 15:25:00+05:30,117.72000122070312,117.75,117.6999969482422,117.6999969482422,443855
2025-12-12 09:20:00+05:30,117.93000030517578,117.98999786376952,117.5999984741211,117.6999969482422,177391
2025-12-12 09:25:00+05:30,117.6999969482422,117.6999969482422,117.4499969482422,117.62000274658205,178819
2025-12-12 09:30:00+05:30,117.62000274658205,117.87999725341795,117.62000274658205,117.73999786376952,132781
2025-12-12 09:35:00+05:30,117.73999786376952,117.73999786376952,117.5500030517578,117.6500015258789,111739
2025-12-12 09:40:00+05:30,117.6999969482422,117.83000183105467,117.58000183105467,117.83000183105467,71809
2025-12-12 09:45:00+05:30,117.88999938964844,117.93000030517578,117.75,117.93000030517578,157955
2025-12-12 09:50:00+05:30,117.9499969482422,117.9499969482422,117.81999969482422,117.9000015258789,86625
2025-12-12 09:55:00+05:30,117.91000366210938,117.94000244140624,117.75,117.7699966430664,60121
2025-12-12 10:00:00+05:30,117.79000091552734,117.83999633789062,117.66999816894533,117.6999969482422,67145
2025-12-12 10:05:00+05:30,117.70999908447266,117.70999908447266,117.45999908447266,117.48999786376952,106952
2025-12-12 10:10:00+05:30,117.5,117.63999938964844,117.45999908447266,117.48999786376952,69720
2025-12-12 10:15:00+05:30,117.51000213623048,117.69000244140624,117.51000213623048,117.5999984741211,81786
2025-12-12 10:20:00+05:30,117.5999984741211,117.6500015258789,117.37999725341795,117.37999725341795,181813
2025-12-12 10:25:00+05:30,117.37999725341795,117.41999816894533,117.1999969482422,117.31999969482422,151654
2025-12-12 10:30:00+05:30,117.33999633789062,117.47000122070312,117.3000030517578,117.43000030517578,83038
2025-12-12 10:35:00+05:30,117.43000030517578,117.4499969482422,117.06999969482422,117.06999969482422,91403
2025-12-12 10:40:00+05:30,117.05999755859376,117.19000244140624,117.01000213623048,117.06999969482422,143354
2025-12-12 10:45:00+05:30,117.08999633789062,117.1500015258789,116.93000030517578,116.94000244140624,189907
2025-12-12 10:50:00+05:30,116.87000274658205,117.0500030517578,116.83000183105467,116.9800033569336,98542
2025-12-12 10:55:00+05:30,116.95999908447266,117.08000183105467,116.87999725341795,116.9000015258789,54121
2025-12-12 11:00:00+05:30,116.9000015258789,117.08000183105467,116.87999725341795,117.0500030517578,45313
2025-12-12 11:05:00+05:30,117.02999877929688,117.05999755859376,116.91000366210938,117.0,66234
2025-12-12 11:10:00+05:30,117.0,117.08999633789062,116.87999725341795,116.91999816894533,43917
2025-12-12 11:15:00+05:30,116.93000030517578,117.05999755859376,116.91999816894533,117.05999755859376,43593
2025-12-12 11:20:00+05:30,117.05999755859376,117.3499984741211,117.05999755859376,117.25,129931
2025-12-12 11:25:00+05:30,117.2699966430664,117.3499984741211,117.0999984741211,117.16999816894533,89005
2025-12-12 11:30:00+05:30,117.16999816894533,117.25,117.1500015258789,117.23999786376952,52174
2025-12-12 11:35:00+05:30,117.25,117.25,117.11000061035156,117.12999725341795,37487
2025-12-12 11:40:00+05:30,117.16000366210938,117.23999786376952,117.13999938964844,117.20999908447266,37419
2025-12-12 11:45:00+05:30,117.2300033569336,117.41999816894533,117.22000122070312,117.22000122070312,120421
2025-12-12 11:50:00+05:30,117.25,117.43000030517578,117.2300033569336,117.37999725341795,63845
2025-12-12 11:55:00+05:30,117.37999725341795,117.47000122070312,117.33999633789062,117.41999816894533,79272
2025-12-12 12:00:00+05:30,117.41999816894533,117.41999816894533,117.30999755859376,117.30999755859376,23154
2025-12-12 12:05:00+05:30,117.30999755859376,117.3499984741211,117.12000274658205,117.19000244140624,44922
2025-12-12 12:10:00+05:30,117.20999908447266,117.22000122070312,117.01000213623048,117.22000122070312,68478
2025-12-12 12:15:00+05:30,117.2300033569336,117.29000091552734,117.19000244140624,117.25,21205
2025-12-12 12:20:00+05:30,117.25,117.27999877929688,117.13999938964844,117.13999938964844,122359
2025-12-12 12:25:00+05:30,117.16999816894533,117.2300033569336,117.04000091552734,117.13999938964844,677129
2025-12-12 12:30:00+05:30,117.16000366210938,117.16999816894533,117.05999755859376,117.13999938964844,52104
2025-12-12 12:35:00+05:30,117.13999938964844,117.19000244140624,117.0500030517578,117.08999633789062,32362
2025-12-12 12:40:00+05:30,117.08999633789062,117.12999725341795,117.01000213623048,117.08000183105467,33230
2025-12-12 12:45:00+05:30,117.05999755859376,117.08000183105467,116.91999816894533,117.0199966430664,81664
2025-12-12 12:50:00+05:30,117.0199966430664,117.16999816894533,117.0,117.1500015258789,63551
2025-12-12 12:55:00+05:30,117.12999725341795,117.1999969482422,117.0999984741211,117.16000366210938,24598
2025-12-12 13:00:00+05:30,117.11000061035156,117.23999786376952,117.11000061035156,117.13999938964844,44415
2025-12-12 13:05:00+05:30,117.1500015258789,117.2699966430664,117.12999725341795,117.22000122070312,154182
2025-12-12 13:10:00+05:30,117.2300033569336,117.41999816894533,117.22000122070312,117.4000015258789,68239
2025-12-12 13:15:00+05:30,117.41000366210938,117.41000366210938,117.2300033569336,117.25,31201
2025-12-12 13:20:00+05:30,117.25,117.27999877929688,117.16000366210938,117.18000030517578,30230
2025-12-12 13:25:00+05:30,117.19000244140624,117.25,117.1500015258789,117.20999908447266,45077
2025-12-12 13:30:00+05:30,117.20999908447266,117.20999908447266,117.0199966430664,117.16999816894533,48660
2025-12-12 13:35:00+05:30,117.20999908447266,117.25,117.1500015258789,117.25,47919
2025-12-12 13:40:00+05:30,117.30999755859376,117.38999938964844,117.3000030517578,117.37000274658205,81449
2025-12-12 13:45:00+05:30,117.37000274658205,117.68000030517578,117.30999755859376,117.58000183105467,213534
2025-12-12 13:50:00+05:30,117.58000183105467,117.61000061035156,117.45999908447266,117.47000122070312,73162
2025-12-12 13:55:00+05:30,117.48999786376952,117.56999969482422,117.3499984741211,117.4000015258789,53715
2025-12-12 14:00:00+05:30,117.4000015258789,117.5999984741211,117.4000015258789,117.5999984741211,125838
2025-12-12 14:05:00+05:30,117.61000061035156,117.77999877929688,117.48999786376952,117.73999786376952,186155
2025-12-12 14:10:00+05:30,117.76000213623048,117.80999755859376,117.62999725341795,117.75,188960
2025-12-12 14:15:00+05:30,117.75,117.77999877929688,117.58000183105467,117.7300033569336,147286
2025-12-12 14:20:00+05:30,117.69000244140624,117.72000122070312,117.62000274658205,117.68000030517578,58695
2025-12-12 14:25:00+05:30,117.66000366210938,117.68000030517578,117.5500030517578,117.5999984741211,64125
2025-12-12 14:30:00+05:30,117.5999984741211,117.5999984741211,117.5,117.5199966430664,63654
2025-12-12 14:35:00+05:30,117.5199966430664,117.54000091552734,117.33999633789062,117.38999938964844,90038
2025-12-12 14:40:00+05:30,117.38999938964844,117.4800033569336,117.31999969482422,117.4499969482422,190272
2025-12-12 14:45:00+05:30,117.4499969482422,117.47000122070312,117.36000061035156,117.4000015258789,71661
2025-12-12 14:50:00+05:30,117.4000015258789,117.4499969482422,117.37000274658205,117.4000015258789,84078
2025-12-12 14:55:00+05:30,117.43000030517578,117.56999969482422,117.43000030517578,117.48999786376952,157620
2025-12-12 15:00:00+05:30,117.55999755859376,117.69000244140624,117.5199966430664,117.68000030517578,137825
2025-12-12 15:05:00+05:30,117.66999816894533,117.79000091552734,117.61000061035156,117.76000213623048,167705
2025-12-12 15:10:00+05:30,117.73999786376952,118.0,117.7300033569336,117.9800033569336,697025
2025-12-12 15:15:00+05:30,117.9499969482422,117.9800033569336,117.8000030517578,117.83999633789062,414067
2025-12-12 15:20:00+05:30,117.83000183105467,117.91999816894533,117.80999755859376,117.83000183105467,270585
2025-12-12 15:25:00+05:30,117.83999633789062,117.8499984741211,117.5999984741211,117.69000244140624,304975
2025-12-15 09:20:00+05:30,117.3499984741211,117.4800033569336,117.30999755859376,117.3499984741211,196683
2025-12-15 09:25:00+05:30,117.37999725341795,117.83999633789062,117.37999725341795,117.72000122070312,703524
2025-12-15 09:30:00+05:30,117.61000061035156,117.70999908447266,117.30999755859376,117.3499984741211,200997
2025-12-15 09:35:00+05:30,117.37999725341795,117.37999725341795,116.91999816894533,116.9800033569336,458403
2025-12-15 09:40:00+05:30,116.95999908447266,117.0999984741211,116.81999969482422,116.98999786376952,99396
2025-12-15 09:45:00+05:30,116.80999755859376,116.87999725341795,116.6999969482422,116.87000274658205,396838
2025-12-15 09:50:00+05:30,116.83999633789062,116.87999725341795,116.8000030517578,116.80999755859376,128032
2025-12-15 09:55:00+05:30,116.8000030517578,116.95999908447266,116.7699966430664,116.91000366210938,53648
2025-12-15 10:00:00+05:30,116.91999816894533,117.02999877929688,116.8499984741211,116.9499969482422,124079
2025-12-15 10:05:00+05:30,116.9499969482422,117.37000274658205,116.87999725341795,117.16000366210938,294701
2025-12-15 10:10:00+05:30,117.12999725341795,117.23999786376952,117.0500030517578,117.16999816894533,136596
2025-12-15 10:15:00+05:30,117.1999969482422,117.2699966430664,117.0500030517578,117.1500015258789,190281
2025-12-15 10:20:00+05:30,117.18000030517578,117.25,117.11000061035156,117.1500015258789,75550
2025-12-15 10:25:00+05:30,117.19000244140624,117.19000244140624,117.01000213623048,117.12000274658205,75178
2025-12-15 10:30:00+05:30,117.12999725341795,117.18000030517578,117.0500030517578,117.08000183105467,63545
2025-12-15 10:35:00+05:30,117.08999633789062,117.08999633789062,116.72000122070312,116.72000122070312,191611
2025-12-15 10:40:00+05:30,116.7300033569336,116.88999938964844,116.6999969482422,116.8000030517578,103533
2025-12-15 10:45:00+05:30,116.80999755859376,116.98999786376952,116.8000030517578,116.97000122070312,62067
2025-12-15 10:50:00+05:30,116.94000244140624,117.12000274658205,116.94000244140624,117.05999755859376,55807
2025-12-15 10:55:00+05:30,117.0999984741211,117.1999969482422,117.0199966430664,117.12999725341795,35633
2025-12-15 11:00:00+05:30,117.12999725341795,117.2699966430664,117.08000183105467,117.1500015258789,119566
2025-12-15 11:05:00+05:30,117.18000030517578,117.1999969482422,117.08999633789062,117.08999633789062,77188
2025-12-15 11:10:00+05:30,117.11000061035156,117.30999755859376,117.0999984741211,117.1999969482422,103870
2025-12-15 11:15:00+05:30,117.18000030517578,117.5500030517578,117.1500015258789,117.4800033569336,198926
2025-12-15 11:20:00+05:30,117.4800033569336,117.5500030517578,117.31999969482422,117.36000061035156,184667
2025-12-15 11:25:00+05:30,117.4000015258789,117.5199966430664,117.31999969482422,117.5,81451
2025-12-15 11:30:00+05:30,117.5,117.51000213623048,117.20999908447266,117.22000122070312,83394
2025-12-15 11:35:00+05:30,117.2300033569336,117.44000244140624,117.16999816894533,117.3000030517578,144087
2025-12-15 11:40:00+05:30,117.30999755859376,117.37999725341795,117.23999786376952,117.31999969482422,49222
2025-12-15 11:45:00+05:30,117.33000183105467,118.12999725341795,117.33000183105467,118.05999755859376,548169
2025-12-15 11:50:00+05:30,118.06999969482422,118.7699966430664,118.01000213623048,118.6999969482422,1577718
2025-12-15 11:55:00+05:30,118.75,118.97000122070312,118.4499969482422,118.91000366210938,1064184
2025-12-15 12:00:00+05:30,118.97000122070312,119.3499984741211,118.83999633789062,118.86000061035156,2338052
2025-12-15 12:05:00+05:30,118.87999725341795,118.95999908447266,118.6500015258789,118.73999786376952,326597
2025-12-15 12:10:00+05:30,118.76000213623048,118.76000213623048,118.37000274658205,118.37000274658205,336049
2025-12-15 12:15:00+05:30,118.41999816894533,118.54000091552734,118.33999633789062,118.37999725341795,142272
2025-12-15 12:20:00+05:30,118.33000183105467,118.48999786376952,118.33000183105467,118.41000366210938,74546
2025-12-15 12:25:00+05:30,118.41999816894533,118.54000091552734,118.41000366210938,118.41999816894533,81989
2025-12-15 12:30:00+05:30,118.44000244140624,118.5500030517578,118.4000015258789,118.4000015258789,65697
2025-12-15 12:35:00+05:30,118.4499969482422,118.54000091552734,118.41000366210938,118.5,80662
2025-12-15 12:40:00+05:30,118.4800033569336,118.54000091552734,118.3499984741211,118.3499984741211,140492
2025-12-15 12:45:00+05:30,118.3499984741211,118.3499984741211,118.22000122070312,118.25,80262
2025-12-15 12:50:00+05:30,118.29000091552734,118.38999938964844,118.22000122070312,118.22000122070312,97918
2025-12-15 12:55:00+05:30,118.25,118.37999725341795,118.22000122070312,118.37999725341795,27412
2025-12-15 13:00:00+05:30,118.38999938964844,118.48999786376952,118.3499984741211,118.43000030517578,74334
2025-12-15 13:05:00+05:30,118.37000274658205,118.48999786376952,118.37000274658205,118.41000366210938,82604
2025-12-15 13:10:00+05:30,118.41000366210938,118.4800033569336,118.41000366210938,118.43000030517578,19559
2025-12-15 13:15:00+05:30,118.44000244140624,118.5999984741211,118.44000244140624,118.5500030517578,96585
2025-12-15 13:20:00+05:30,118.51000213623048,118.5999984741211,118.5,118.5999984741211,60402
2025-12-15 13:25:00+05:30,118.5999984741211,118.63999938964844,118.51000213623048,118.5999984741211,56693
2025-12-15 13:30:00+05:30,118.56999969482422,118.62000274658205,118.44000244140624,118.5,63197
2025-12-15 13:35:00+05:30,118.54000091552734,118.5999984741211,118.5,118.5199966430664,70287
2025-12-15 13:40:00+05:30,118.52999877929688,118.5999984741211,118.4000015258789,118.4000015258789,43093
2025-12-15 13:45:00+05:30,118.4499969482422,118.61000061035156,118.4000015258789,118.52999877929688,147711
2025-12-15 13:50:00+05:30,118.56999969482422,118.66000366210938,118.4499969482422,118.58999633789062,67497
2025-12-15 13:55:00+05:30,118.61000061035156,118.6500015258789,118.4499969482422,118.45999908447266,52538
2025-12-15 14:00:00+05:30,118.45999908447266,118.61000061035156,118.4499969482422,118.56999969482422,127378
2025-12-15 14:05:00+05:30,118.56999969482422,118.56999969482422,118.4000015258789,118.4000015258789,99649
2025-12-15 14:10:00+05:30,118.4000015258789,118.44000244140624,118.2699966430664,118.31999969482422,59013
2025-12-15 14:15:00+05:30,118.31999969482422,118.45999908447266,118.31999969482422,118.38999938964844,32334
2025-12-15 14:20:00+05:30,118.37999725341795,118.54000091552734,118.37999725341795,118.48999786376952,60910
2025-12-15 14:25:00+05:30,118.48999786376952,118.52999877929688,118.41000366210938,118.44000244140624,39919
2025-12-15 14:30:00+05:30,118.4499969482422,118.4499969482422,118.37999725341795,118.4000015258789,33619
2025-12-15 14:35:00+05:30,118.4000015258789,118.4499969482422,118.33999633789062,118.4000015258789,52309
2025-12-15 14:40:00+05:30,118.36000061035156,118.45999908447266,118.3499984741211,118.4499969482422,44878
2025-12-15 14:45:00+05:30,118.38999938964844,118.4800033569336,118.37999725341795,118.37999725341795,101225
2025-12-15 14:50:00+05:30,118.45999908447266,118.45999908447266,118.30999755859376,118.33999633789062,142409
2025-12-15 14:55:00+05:30,118.37000274658205,118.38999938964844,118.30999755859376,118.37000274658205,86036
2025-12-15 15:00:00+05:30,118.33000183105467,118.4499969482422,118.3000030517578,118.3000030517578,138940
2025-12-15 15:05:00+05:30,118.3000030517578,118.48999786376952,118.23999786376952,118.4800033569336,505438
2025-12-15 15:10:00+05:30,118.47000122070312,118.62000274658205,118.45999908447266,118.62000274658205,792738
2025-12-15 15:15:00+05:30,118.62000274658205,118.70999908447266,118.5999984741211,118.5999984741211,670747
2025-12-15 15:20:00+05:30,118.61000061035156,118.98999786376952,118.5999984741211,118.8000030517578,679405
2025-12-15 15:25:00+05:30,118.80999755859376,119.12000274658205,118.73999786376952,118.73999786376952,1981142
2025-12-16 09:20:00+05:30,118.8499984741211,118.8499984741211,118.33999633789062,118.44999694824219,478288
2025-12-16 09:25:00+05:30,118.38999938964844,118.5,118.2699966430664,118.36000061035156,279619
2025-12-16 09:30:00+05:30,118.36000061035156,118.4000015258789,118.11000061035156,118.37999725341797,155764
2025-12-16 09:35:00+05:30,118.37999725341797,118.48999786376953,118.23999786376953,118.30000305175781,155373
2025-12-16 09:40:00+05:30,118.33999633789062,118.5,118.30000305175781,118.4000015258789,101662
2025-12-16 09:45:00+05:30,118.31999969482422,118.47000122070312,118.30999755859375,118.4000015258789,49387
2025-12-16 09:50:00+05:30,118.43000030517578,118.43000030517578,118.19999694824219,118.20999908447266,118497
2025-12-16 09:55:00+05:30,118.22000122070312,118.22000122070312,117.9000015258789,117.91000366210938,229905
2025-12-16 10:00:00+05:30,117.87000274658203,117.95999908447266,117.62999725341797,117.73999786376953,355662
2025-12-16 10:05:00+05:30,117.75,117.86000061035156,117.69000244140625,117.77999877929688,215884
2025-12-16 10:10:00+05:30,117.79000091552734,117.88999938964844,117.7300033569336,117.88999938964844,353624
2025-12-16 10:15:00+05:30,117.81999969482422,117.9000015258789,117.68000030517578,117.7300033569336,247688
2025-12-16 10:20:00+05:30,117.75,117.81999969482422,117.69999694824219,117.75,58028
2025-12-16 10:25:00+05:30,117.79000091552734,117.83000183105469,117.66000366210938,117.76000213623047,84083
2025-12-16 10:30:00+05:30,117.76000213623047,117.83000183105469,117.75,117.79000091552734,36619
2025-12-16 10:35:00+05:30,117.79000091552734,117.8499984741211,117.75,117.7699966430664,40519
2025-12-16 10:40:00+05:30,117.7699966430664,117.9000015258789,117.7699966430664,117.8499984741211,115544
2025-12-16 10:45:00+05:30,117.8499984741211,117.91000366210938,117.83999633789062,117.8499984741211,50341
2025-12-16 10:50:00+05:30,117.86000061035156,117.93000030517578,117.8499984741211,117.93000030517578,43722
2025-12-16 10:55:00+05:30,117.91000366210938,117.93000030517578,117.80000305175781,117.81999969482422,51783
2025-12-16 11:00:00+05:30,117.86000061035156,117.86000061035156,117.61000061035156,117.69999694824219,226114
2025-12-16 11:05:00+05:30,117.6500015258789,117.76000213623047,117.62999725341797,117.7300033569336,59695
2025-12-16 11:10:00+05:30,117.7300033569336,117.75,117.54000091552734,117.54000091552734,113646
2025-12-16 11:15:00+05:30,117.54000091552734,117.55999755859375,117.2699966430664,117.33999633789062,273297
2025-12-16 11:20:00+05:30,117.33000183105469,117.41999816894531,117.30000305175781,117.37999725341797,71540
2025-12-16 11:25:00+05:30,117.38999938964844,117.4800033569336,117.30000305175781,117.37000274658203,71106
2025-12-16 11:30:00+05:30,117.33999633789062,117.4000015258789,117.26000213623047,117.2699966430664,48272
2025-12-16 11:35:00+05:30,117.2699966430664,117.33000183105469,117.1500015258789,117.29000091552734,68941
2025-12-16 11:40:00+05:30,117.29000091552734,117.3499984741211,117.20999908447266,117.2300033569336,61290
2025-12-16 11:45:00+05:30,117.23999786376953,117.23999786376953,117.1500015258789,117.16999816894531,48573
2025-12-16 11:50:00+05:30,117.16999816894531,117.23999786376953,117.16999816894531,117.16999816894531,46569
2025-12-16 11:55:00+05:30,117.19999694824219,117.33999633789062,117.18000030517578,117.33999633789062,75758
2025-12-16 12:00:00+05:30,117.29000091552734,117.33000183105469,117.16000366210938,117.29000091552734,64821
2025-12-16 12:05:00+05:30,117.29000091552734,117.45999908447266,117.25,117.25,75705
2025-12-16 12:10:00+05:30,117.26000213623047,117.33000183105469,117.19999694824219,117.19999694824219,32798
2025-12-16 12:15:00+05:30,117.23999786376953,117.38999938964844,117.19999694824219,117.38999938964844,13422
2025-12-16 12:20:00+05:30,117.4000015258789,117.44999694824219,117.30999755859375,117.31999969482422,41892
2025-12-16 12:25:00+05:30,117.31999969482422,117.52999877929688,117.31999969482422,117.5,43338
2025-12-16 12:30:00+05:30,117.48999786376953,117.48999786376953,117.33999633789062,117.3499984741211,42260
2025-12-16 12:35:00+05:30,117.3499984741211,117.4000015258789,117.31999969482422,117.37000274658203,20825
2025-12-16 12:40:00+05:30,117.37000274658203,117.41999816894531,116.91999816894531,116.98999786376953,1182893
2025-12-16 12:45:00+05:30,116.98999786376953,116.98999786376953,116.87999725341797,116.9000015258789,185095
2025-12-16 12:50:00+05:30,116.91000366210938,116.97000122070312,116.80999755859375,116.81999969482422,123283
2025-12-16 12:55:00+05:30,116.8499984741211,116.93000030517578,116.7699966430664,116.77999877929688,541076
2025-12-16 13:00:00+05:30,116.83000183105469,116.83999633789062,116.69999694824219,116.80000305175781,58189
2025-12-16 13:05:00+05:30,116.79000091552734,116.83000183105469,116.72000122070312,116.75,116563
2025-12-16 13:10:00+05:30,116.7699966430664,116.80000305175781,116.73999786376953,116.7699966430664,41243
2025-12-16 13:15:00+05:30,116.7300033569336,116.79000091552734,116.6500015258789,116.73999786376953,110013
2025-12-16 13:20:00+05:30,116.73999786376953,116.79000091552734,116.69999694824219,116.70999908447266,43454
2025-12-16 13:25:00+05:30,116.70999908447266,116.80000305175781,116.69999694824219,116.76000213623047,40655
2025-12-16 13:30:00+05:30,116.80000305175781,116.80999755859375,116.76000213623047,116.7699966430664,55448
2025-12-16 13:35:00+05:30,116.79000091552734,116.9000015258789,116.7699966430664,116.83999633789062,72348
2025-12-16 13:40:00+05:30,116.83999633789062,116.94000244140625,116.83000183105469,116.88999938964844,87559
2025-12-16 13:45:00+05:30,116.9000015258789,117.06999969482422,116.88999938964844,117.0199966430664,109159
2025-12-16 13:50:00+05:30,117.02999877929688,117.08999633789062,116.91999816894531,116.94000244140625,79974
2025-12-16 13:55:00+05:30,116.94000244140625,116.97000122070312,116.80000305175781,116.80999755859375,104253
2025-12-16 14:00:00+05:30,116.80000305175781,116.88999938964844,116.76000213623047,116.8499984741211,60428
2025-12-16 14:05:00+05:30,116.83000183105469,116.91000366210938,116.77999877929688,116.80000305175781,88652
2025-12-16 14:10:00+05:30,116.79000091552734,116.83000183105469,116.70999908447266,116.75,94622
2025-12-16 14:15:00+05:30,116.72000122070312,116.93000030517578,116.72000122070312,116.80000305175781,109753
2025-12-16 14:20:00+05:30,116.80000305175781,116.95999908447266,116.79000091552734,116.88999938964844,231022
2025-12-16 14:25:00+05:30,116.88999938964844,116.9800033569336,116.88999938964844,116.94000244140625,136512
2025-12-16 14:30:00+05:30,116.93000030517578,117.0,116.83999633789062,116.83999633789062,174445
2025-12-16 14:35:00+05:30,116.8499984741211,116.9800033569336,116.8499984741211,116.91000366210938,102644
2025-12-16 14:40:00+05:30,116.93000030517578,116.95999908447266,116.9000015258789,116.91999816894531,79057
2025-12-16 14:45:00+05:30,116.91000366210938,116.94999694824219,116.86000061035156,116.9000015258789,186409
2025-12-16 14:50:00+05:30,116.9000015258789,117.0199966430664,116.87999725341797,117.01000213623047,128248
2025-12-16 14:55:00+05:30,117.04000091552734,117.06999969482422,116.9800033569336,117.01000213623047,221394
2025-12-16 15:00:00+05:30,117.18000030517578,117.19000244140625,117.02999877929688,117.12999725341797,236245
2025-12-16 15:05:00+05:30,117.0999984741211,117.11000061035156,116.97000122070312,116.97000122070312,293933
2025-12-16 15:10:00+05:30,116.94999694824219,117.04000091552734,116.94999694824219,117.0,211980
2025-12-16 15:15:00+05:30,116.97000122070312,117.02999877929688,116.86000061035156,116.87999725341797,344014
2025-12-16 15:20:00+05:30,116.93000030517578,117.06999969482422,116.88999938964844,117.05999755859375,314166
2025-12-16 15:25:00+05:30,117.08999633789062,117.16999816894531,116.80000305175781,116.8499984741211,208610
2025-12-17 09:20:00+05:30,117.75,118.19999694824219,117.75,118.02999877929688,424906
2025-12-17 09:25:00+05:30,118.06999969482422,118.37000274658203,118.0,118.33999633789062,425118
2025-12-17 09:30:00+05:30,118.30000305175781,118.30999755859375,117.97000122070312,118.0999984741211,222858
2025-12-17 09:35:00+05:30,118.05999755859375,118.44000244140625,118.05999755859375,118.30000305175781,154120
2025-12-17 09:40:00+05:30,118.36000061035156,118.5999984741211,118.20999908447266,118.54000091552734,424680
2025-12-17 09:45:00+05:30,118.55000305175781,118.6500015258789,118.44999694824219,118.4800033569336,301515
2025-12-17 09:50:00+05:30,118.4800033569336,118.6500015258789,118.41999816894531,118.6500015258789,306974
2025-12-17 09:55:00+05:30,118.6500015258789,118.87000274658203,118.55999755859375,118.75,308566
2025-12-17 10:00:00+05:30,118.79000091552734,118.94000244140625,118.52999877929688,118.55999755859375,283637
2025-12-17 10:05:00+05:30,118.55999755859375,118.6500015258789,118.30000305175781,118.4000015258789,290848
2025-12-17 10:10:00+05:30,118.47000122070312,118.47000122070312,118.11000061035156,118.3499984741211,143649
2025-12-17 10:15:00+05:30,118.3499984741211,118.58999633789062,118.27999877929688,118.47000122070312,81794
2025-12-17 10:20:00+05:30,118.55000305175781,118.6500015258789,118.43000030517578,118.44000244140625,54177
2025-12-17 10:25:00+05:30,118.4000015258789,118.55999755859375,118.3499984741211,118.44000244140625,100740
2025-12-17 10:30:00+05:30,118.48999786376953,118.6500015258789,118.43000030517578,118.55000305175781,111099
2025-12-17 10:35:00+05:30,118.5,118.58999633789062,118.29000091552734,118.30000305175781,57497
2025-12-17 10:40:00+05:30,118.30999755859375,118.37999725341797,118.25,118.37000274658203,46076
2025-12-17 10:45:00+05:30,118.37000274658203,118.44999694824219,118.2699966430664,118.4000015258789,62204
2025-12-17 10:50:00+05:30,118.41000366210938,118.44999694824219,118.33999633789062,118.41999816894531,65198
2025-12-17 10:55:00+05:30,118.41000366210938,118.7300033569336,118.33000183105469,118.5999984741211,119950
2025-12-17 11:00:00+05:30,118.61000061035156,119.05000305175781,118.61000061035156,118.80000305175781,659925
2025-12-17 11:05:00+05:30,118.77999877929688,119.08000183105469,118.73999786376953,119.04000091552734,375873
2025-12-17 11:10:00+05:30,119.06999969482422,119.12999725341797,118.91000366210938,119.02999877929688,214447
2025-12-17 11:15:00+05:30,119.06999969482422,119.19999694824219,119.01000213623047,119.13999938964844,227777
2025-12-17 11:20:00+05:30,119.13999938964844,119.1500015258789,119.05000305175781,119.0999984741211,139739
2025-12-17 11:25:00+05:30,119.22000122070312,119.25,119.08999633789062,119.19999694824219,275805
2025-12-17 11:30:00+05:30,119.20999908447266,119.27999877929688,119.08999633789062,119.19999694824219,256344
2025-12-17 11:35:00+05:30,119.25,119.2699966430664,119.1500015258789,119.16000366210938,82024
2025-12-17 11:40:00+05:30,119.19999694824219,119.33000183105469,119.16000366210938,119.22000122070312,279235
2025-12-17 11:45:00+05:30,119.23999786376953,119.44999694824219,119.16000366210938,119.43000030517578,182189
2025-12-17 11:50:00+05:30,119.4000015258789,119.44999694824219,119.2300033569336,119.33999633789062,331769
2025-12-17 11:55:00+05:30,119.33000183105469,119.4000015258789,119.25,119.30000305175781,80278
2025-12-17 12:00:00+05:30,119.31999969482422,119.38999938964844,119.12999725341797,119.1500015258789,178182
2025-12-17 12:05:00+05:30,119.1500015258789,119.27999877929688,119.0999984741211,119.12000274658203,135648
2025-12-17 12:10:00+05:30,119.12000274658203,119.19000244140625,119.12000274658203,119.12999725341797,37803
2025-12-17 12:15:00+05:30,119.13999938964844,119.31999969482422,119.12000274658203,119.19000244140625,57101
2025-12-17 12:20:00+05:30,119.19000244140625,119.38999938964844,119.19000244140625,119.25,54745
2025-12-17 12:25:00+05:30,119.2699966430664,119.36000061035156,119.22000122070312,119.25,88600
2025-12-17 12:30:00+05:30,119.2300033569336,119.30000305175781,119.02999877929688,119.1500015258789,107188
2025-12-17 12:35:00+05:30,119.12000274658203,119.19999694824219,118.91000366210938,119.0,278159
2025-12-17 12:40:00+05:30,118.98999786376953,118.98999786376953,118.70999908447266,118.83000183105469,209542
2025-12-17 12:45:00+05:30,118.81999969482422,118.91000366210938,118.72000122070312,118.81999969482422,254833
2025-12-17 12:50:00+05:30,118.87999725341797,118.98999786376953,118.75,118.79000091552734,127115
2025-12-17 12:55:00+05:30,118.75,118.8499984741211,118.70999908447266,118.80000305175781,115462
2025-12-17 13:00:00+05:30,118.81999969482422,118.83999633789062,118.69999694824219,118.80000305175781,109081
2025-12-17 13:05:00+05:30,118.81999969482422,118.94999694824219,118.80000305175781,118.80999755859375,42625
2025-12-17 13:10:00+05:30,118.80999755859375,118.8499984741211,118.73999786376953,118.79000091552734,75042
2025-12-17 13:15:00+05:30,118.77999877929688,118.87000274658203,118.75,118.86000061035156,40593
2025-12-17 13:20:00+05:30,118.86000061035156,119.12000274658203,118.83000183105469,119.05999755859375,88585
2025-12-17 13:25:00+05:30,119.05999755859375,119.33999633789062,119.05999755859375,119.19999694824219,188246
2025-12-17 13:30:00+05:30,119.20999908447266,119.22000122070312,118.9800033569336,119.01000213623047,75693
2025-12-17 13:35:00+05:30,119.0199966430664,119.05000305175781,118.93000030517578,119.02999877929688,34354
2025-12-17 13:40:00+05:30,119.0199966430664,119.08000183105469,118.9000015258789,119.0,175849
2025-12-17 13:45:00+05:30,118.9800033569336,119.1500015258789,118.94999694824219,119.04000091552734,55186
2025-12-17 13:50:00+05:30,119.05000305175781,119.13999938964844,119.01000213623047,119.0999984741211,37744
2025-12-17 13:55:00+05:30,119.0999984741211,119.11000061035156,118.93000030517578,119.05000305175781,52534
2025-12-17 14:00:00+05:30,119.0199966430664,119.08999633789062,118.94999694824219,119.04000091552734,30662
2025-12-17 14:05:00+05:30,119.12999725341797,119.1500015258789,119.0199966430664,119.0199966430664,52427
2025-12-17 14:10:00+05:30,119.02999877929688,119.05999755859375,118.83000183105469,118.9800033569336,117235
2025-12-17 14:15:00+05:30,118.95999908447266,119.0,118.91999816894531,118.95999908447266,50827
2025-12-17 14:20:00+05:30,118.97000122070312,119.2300033569336,118.97000122070312,119.0999984741211,419449
2025-12-17 14:25:00+05:30,119.11000061035156,119.13999938964844,119.0999984741211,119.13999938964844,223661
2025-12-17 14:30:00+05:30,119.13999938964844,119.13999938964844,119.01000213623047,119.05000305175781,70008
2025-12-17 14:35:00+05:30,119.06999969482422,119.12000274658203,118.91000366210938,118.91000366210938,82016
2025-12-17 14:40:00+05:30,118.91999816894531,119.0,118.87000274658203,119.0,82010
2025-12-17 14:45:00+05:30,119.0,119.19000244140625,118.9800033569336,119.19000244140625,119885
2025-12-17 14:50:00+05:30,119.1500015258789,119.3499984741211,119.13999938964844,119.33999633789062,144149
2025-12-17 14:55:00+05:30,119.33000183105469,119.48999786376953,119.18000030517578,119.41999816894531,997395
2025-12-17 15:00:00+05:30,119.41999816894531,119.56999969482422,119.37000274658203,119.4000015258789,383660
2025-12-17 15:05:00+05:30,119.4000015258789,119.41000366210938,119.26000213623047,119.4000015258789,510627
2025-12-17 15:10:00+05:30,119.38999938964844,119.38999938964844,119.3499984741211,119.38999938964844,248726
2025-12-17 15:15:00+05:30,119.4000015258789,119.41000366210938,119.2699966430664,119.30999755859375,541576
2025-12-17 15:20:00+05:30,119.33000183105469,119.33000183105469,119.23999786376953,119.25,473881
2025-12-17 15:25:00+05:30,119.25,119.25,119.04000091552734,119.04000091552734,517538
2025-12-18 09:15:00+05:30,119.31999969482422,119.31999969482422,119.1500015258789,119.23999786376953,661489
2025-12-18 09:20:00+05:30,119.22000122070312,119.22000122070312,118.9000015258789,119.05000305175781,273196
2025-12-18 09:25:00+05:30,119.0,119.0,118.72000122070312,118.75,165541
2025-12-18 09:30:00+05:30,118.73999786376953,118.76000213623047,118.41000366210938,118.41000366210938,216782
2025-12-18 09:35:00+05:30,118.41000366210938,118.58000183105469,118.4000015258789,118.5,131357
2025-12-18 09:40:00+05:30,118.5,118.5,117.97000122070312,118.04000091552734,204087
2025-12-18 09:45:00+05:30,117.98999786376953,118.02999877929688,117.7699966430664,117.91999816894531,258228
2025-12-18 09:50:00+05:30,117.87000274658203,118.12000274658203,117.80000305175781,117.87999725341797,251623
2025-12-18 09:55:00+05:30,117.87999725341797,117.9800033569336,117.80999755859375,117.8499984741211,132074
2025-12-18 10:00:00+05:30,117.9000015258789,117.9000015258789,117.7300033569336,117.76000213623047,110250
2025-12-18 10:05:00+05:30,117.76000213623047,118.1500015258789,117.76000213623047,118.12000274658203,203886
2025-12-18 10:10:00+05:30,118.12000274658203,118.4000015258789,118.06999969482422,118.36000061035156,140445
2025-12-18 10:15:00+05:30,118.3499984741211,118.54000091552734,118.2699966430664,118.5,134588
2025-12-18 10:20:00+05:30,118.51000213623047,118.5999984741211,118.44999694824219,118.52999877929688,106358
2025-12-18 10:25:00+05:30,118.54000091552734,118.5999984741211,118.45999908447266,118.4800033569336,116674
2025-12-18 10:30:00+05:30,118.5199966430664,118.68000030517578,118.5,118.6500015258789,106104
2025-12-18 10:35:00+05:30,118.68000030517578,118.68000030517578,118.52999877929688,118.5999984741211,44941
2025-12-18 10:40:00+05:30,118.5999984741211,118.66000366210938,118.55000305175781,118.66000366210938,50270
2025-12-18 10:45:00+05:30,118.62999725341797,118.80000305175781,118.61000061035156,118.61000061035156,154534
2025-12-18 10:50:00+05:30,118.62000274658203,118.63999938964844,118.41999816894531,118.45999908447266,114138
2025-12-18 10:55:00+05:30,118.45999908447266,118.55000305175781,118.4000015258789,118.5,51975
2025-12-18 11:00:00+05:30,118.5,118.88999938964844,118.5,118.69999694824219,140192
2025-12-18 11:05:00+05:30,118.69999694824219,118.76000213623047,118.62999725341797,118.75,23045
2025-12-18 11:10:00+05:30,118.73999786376953,118.7699966430664,118.61000061035156,118.66999816894531,44535
2025-12-18 11:15:00+05:30,118.63999938964844,118.68000030517578,118.55999755859375,118.55999755859375,24029
2025-12-18 11:20:00+05:30,118.55999755859375,118.7300033569336,118.55999755859375,118.69000244140625,22725
2025-12-18 11:25:00+05:30,118.72000122070312,118.79000091552734,118.66000366210938,118.79000091552734,26180
2025-12-18 11:30:00+05:30,118.76000213623047,118.94999694824219,118.76000213623047,118.94000244140625,138214
2025-12-18 11:35:00+05:30,118.93000030517578,118.94999694824219,118.8499984741211,118.94999694824219,46772
2025-12-18 11:40:00+05:30,118.94999694824219,118.94999694824219,118.83000183105469,118.9000015258789,39815
2025-12-18 11:45:00+05:30,118.88999938964844,119.0,118.80999755859375,119.0,142070
2025-12-18 11:50:00+05:30,118.94999694824219,119.25,118.94999694824219,119.16000366210938,171378
2025-12-18 11:55:00+05:30,119.1500015258789,119.23999786376953,119.11000061035156,119.19000244140625,73328
2025-12-18 12:00:00+05:30,119.16999816894531,119.25,119.12999725341797,119.18000030517578,45807
2025-12-18 12:05:00+05:30,119.1500015258789,119.19999694824219,119.1500015258789,119.18000030517578,29610
2025-12-18 12:10:00+05:30,119.19000244140625,119.30000305175781,119.16999816894531,119.25,75925
2025-12-18 12:15:00+05:30,119.31999969482422,119.3499984741211,119.05000305175781,119.05000305175781,110172
2025-12-18 12:20:00+05:30,119.02999877929688,119.41000366210938,119.02999877929688,119.38999938964844,276732
2025-12-18 12:25:00+05:30,119.3499984741211,119.41999816894531,119.33000183105469,119.37000274658203,25253
2025-12-18 12:30:00+05:30,119.36000061035156,119.41000366210938,119.3499984741211,119.3499984741211,40408
2025-12-18 12:35:00+05:30,119.4000015258789,119.4000015258789,119.30000305175781,119.4000015258789,44708
2025-12-18 12:40:00+05:30,119.36000061035156,119.41000366210938,119.33999633789062,119.36000061035156,30454
2025-12-18 12:45:00+05:30,119.37000274658203,119.4800033569336,119.36000061035156,119.41999816894531,48418
2025-12-18 12:50:00+05:30,119.47000122070312,119.48999786376953,119.37000274658203,119.4000015258789,58534
2025-12-18 12:55:00+05:30,119.44000244140625,119.44000244140625,119.33999633789062,119.36000061035156,46823
2025-12-18 13:00:00+05:30,119.37000274658203,119.44999694824219,119.37000274658203,119.44999694824219,51038
2025-12-18 13:05:00+05:30,119.44000244140625,119.6500015258789,119.41000366210938,119.61000061035156,332314
2025-12-18 13:10:00+05:30,119.62000274658203,119.66999816894531,119.43000030517578,119.44999694824219,89161
2025-12-18 13:15:00+05:30,119.5,119.52999877929688,119.30999755859375,119.41999816894531,224755
2025-12-18 13:20:00+05:30,119.45999908447266,119.45999908447266,119.3499984741211,119.4000015258789,128926
2025-12-18 13:25:00+05:30,119.4000015258789,119.5,119.37000274658203,119.37000274658203,156901
2025-12-18 13:30:00+05:30,119.41000366210938,119.43000030517578,119.05000305175781,119.05000305175781,492932
2025-12-18 13:35:00+05:30,119.02999877929688,119.16000366210938,119.01000213623047,119.05000305175781,70239
2025-12-18 13:40:00+05:30,119.08999633789062,119.19999694824219,119.0,119.06999969482422,78757
2025-12-18 13:45:00+05:30,119.12000274658203,119.12999725341797,118.94000244140625,119.0,71942
2025-12-18 13:50:00+05:30,119.0,119.11000061035156,118.95999908447266,119.02999877929688,45231
2025-12-18 13:55:00+05:30,119.04000091552734,119.0999984741211,118.87000274658203,118.95999908447266,136072
2025-12-18 14:00:00+05:30,119.0,119.0,118.68000030517578,118.76000213623047,135494
2025-12-18 14:05:00+05:30,118.80999755859375,118.80999755859375,118.6500015258789,118.76000213623047,78983
2025-12-18 14:10:00+05:30,118.7699966430664,118.80000305175781,118.66000366210938,118.7300033569336,63399
2025-12-18 14:15:00+05:30,118.58999633789062,118.86000061035156,118.58999633789062,118.75,132595
2025-12-18 14:20:00+05:30,118.75,118.80000305175781,118.52999877929688,118.52999877929688,84029
2025-12-18 14:25:00+05:30,118.58999633789062,118.5999984741211,118.4800033569336,118.55000305175781,95276
2025-12-18 14:30:00+05:30,118.55000305175781,118.80000305175781,118.55000305175781,118.73999786376953,73825
2025-12-18 14:35:00+05:30,118.68000030517578,118.75,118.55999755859375,118.56999969482422,41020
2025-12-18 14:40:00+05:30,118.58000183105469,118.62999725341797,118.5,118.55999755859375,54979
2025-12-18 14:45:00+05:30,118.58000183105469,118.80999755859375,118.58000183105469,118.69999694824219,63493
2025-12-18 14:50:00+05:30,118.70999908447266,118.76000213623047,118.58000183105469,118.63999938964844,77999
2025-12-18 14:55:00+05:30,118.6500015258789,118.77999877929688,118.58000183105469,118.70999908447266,69519
2025-12-18 15:00:00+05:30,118.83000183105469,119.06999969482422,118.83000183105469,119.04000091552734,166796
2025-12-18 15:05:00+05:30,119.04000091552734,119.05000305175781,118.88999938964844,118.9000015258789,117061
2025-12-18 15:10:00+05:30,118.9000015258789,118.9800033569336,118.87000274658203,118.94000244140625,148709
2025-12-18 15:15:00+05:30,118.94999694824219,119.1500015258789,118.93000030517578,118.94999694824219,349319
2025-12-18 15:20:00+05:30,118.9800033569336,118.9800033569336,118.9000015258789,118.91000366210938,107810
2025-12-18 15:25:00+05:30,118.9000015258789,118.91999816894531,118.69999694824219,118.72000122070312,437157
2025-12-19 09:20:00+05:30,119.61000061035156,119.80000305175781,119.41999816894531,119.52999877929688,332659
2025-12-19 09:25:00+05:30,119.5,119.5999984741211,119.3499984741211,119.58000183105469,176055
2025-12-19 09:30:00+05:30,119.70999908447266,119.79000091552734,119.55000305175781,119.55000305175781,109228
2025-12-19 09:35:00+05:30,119.5999984741211,119.5999984741211,119.3499984741211,119.41999816894531,68841
2025-12-19 09:40:00+05:30,119.4000015258789,119.4000015258789,119.20999908447266,119.23999786376953,87888
2025-12-19 09:45:00+05:30,119.30000305175781,119.33000183105469,119.16999816894531,119.16999816894531,112400
2025-12-19 09:50:00+05:30,119.19000244140625,119.30000305175781,119.05999755859375,119.08999633789062,96410
2025-12-19 09:55:00+05:30,119.06999969482422,119.13999938964844,118.94999694824219,119.08000183105469,84677
2025-12-19 10:00:00+05:30,119.08000183105469,119.16000366210938,119.0199966430664,119.08000183105469,114147
2025-12-19 10:05:00+05:30,119.06999969482422,119.0999984741211,118.8499984741211,119.0199966430664,89689
2025-12-19 10:10:00+05:30,118.98999786376953,119.02999877929688,118.86000061035156,118.87999725341797,60631
2025-12-19 10:15:00+05:30,118.88999938964844,119.08999633789062,118.87999725341797,119.06999969482422,33795
2025-12-19 10:20:00+05:30,119.08000183105469,119.08000183105469,118.97000122070312,119.05000305175781,58021
2025-12-19 10:25:00+05:30,119.06999969482422,119.20999908447266,118.98999786376953,119.16999816894531,42396
2025-12-19 10:30:00+05:30,119.18000030517578,119.19999694824219,119.08999633789062,119.12999725341797,40060
2025-12-19 10:35:00+05:30,119.12000274658203,119.12999725341797,119.04000091552734,119.12000274658203,24999
2025-12-19 10:40:00+05:30,119.12000274658203,119.33000183105469,119.12000274658203,119.29000091552734,65636
2025-12-19 10:45:00+05:30,119.27999877929688,119.33999633789062,119.16000366210938,119.20999908447266,53104
2025-12-19 10:50:00+05:30,119.22000122070312,119.2699966430664,119.0199966430664,119.0999984741211,422941
2025-12-19 10:55:00+05:30,119.08000183105469,119.19000244140625,119.0199966430664,119.05000305175781,36869
2025-12-19 11:00:00+05:30,119.08999633789062,119.0999984741211,118.95999908447266,119.05999755859375,98416
2025-12-19 11:05:00+05:30,119.08000183105469,119.08000183105469,118.76000213623047,118.8499984741211,120392
2025-12-19 11:10:00+05:30,118.87999725341797,118.9800033569336,118.83000183105469,118.91999816894531,55699
2025-12-19 11:15:00+05:30,118.93000030517578,119.0199966430664,118.9000015258789,118.95999908447266,39608
2025-12-19 11:20:00+05:30,118.9800033569336,119.08999633789062,118.86000061035156,118.91999816894531,124825
2025-12-19 11:25:00+05:30,118.94000244140625,118.94999694824219,118.81999969482422,118.83999633789062,51908
2025-12-19 11:30:00+05:30,118.83999633789062,119.08999633789062,118.80999755859375,119.06999969482422,46334
2025-12-19 11:35:00+05:30,119.06999969482422,119.30000305175781,119.05999755859375,119.11000061035156,108470
2025-12-19 11:40:00+05:30,119.08999633789062,119.12999725341797,118.88999938964844,118.94999694824219,37013
2025-12-19 11:45:00+05:30,118.91000366210938,118.94999694824219,118.81999969482422,118.9000015258789,76866
2025-12-19 11:50:00+05:30,118.88999938964844,118.94999694824219,118.87999725341797,118.91000366210938,31828
2025-12-19 11:55:00+05:30,118.9000015258789,118.94999694824219,118.9000015258789,118.91999816894531,24635
2025-12-19 12:00:00+05:30,118.94000244140625,119.05999755859375,118.91999816894531,119.0,33895
2025-12-19 12:05:00+05:30,119.0,119.30000305175781,118.95999908447266,119.23999786376953,97940
2025-12-19 12:10:00+05:30,119.25,119.27999877929688,119.11000061035156,119.19000244140625,49344
2025-12-19 12:15:00+05:30,119.19000244140625,119.22000122070312,119.04000091552734,119.04000091552734,32272
2025-12-19 12:20:00+05:30,119.04000091552734,119.23999786376953,119.0,119.1500015258789,80684
2025-12-19 12:25:00+05:30,119.1500015258789,119.2300033569336,119.12999725341797,119.20999908447266,37504
2025-12-19 12:30:00+05:30,119.22000122070312,119.44000244140625,119.19999694824219,119.37000274658203,128850
2025-12-19 12:35:00+05:30,119.37000274658203,119.37999725341797,119.19000244140625,119.25,69962
2025-12-19 12:40:00+05:30,119.23999786376953,119.27999877929688,119.19999694824219,119.19999694824219,26829
2025-12-19 12:45:00+05:30,119.19999694824219,119.22000122070312,119.18000030517578,119.18000030517578,51891
2025-12-19 12:50:00+05:30,119.12000274658203,119.16999816894531,118.9800033569336,119.08999633789062,45841
2025-12-19 12:55:00+05:30,119.08999633789062,119.12000274658203,119.0199966430664,119.04000091552734,19113
2025-12-19 13:00:00+05:30,119.02999877929688,119.0999984741211,118.98999786376953,119.08999633789062,47165
2025-12-19 13:05:00+05:30,119.08999633789062,119.08999633789062,119.01000213623047,119.02999877929688,28329
2025-12-19 13:10:00+05:30,119.0199966430664,119.06999969482422,118.97000122070312,119.01000213623047,185547
2025-12-19 13:15:00+05:30,119.0,119.05000305175781,118.98999786376953,119.01000213623047,23874
2025-12-19 13:20:00+05:30,119.04000091552734,119.12999725341797,119.02999877929688,119.12999725341797,34653
2025-12-19 13:25:00+05:30,119.12000274658203,119.16000366210938,119.05999755859375,119.11000061035156,31162
2025-12-19 13:30:00+05:30,119.08999633789062,119.27999877929688,119.08000183105469,119.23999786376953,78607
2025-12-19 13:35:00+05:30,119.20999908447266,119.29000091552734,119.19000244140625,119.25,49876
2025-12-19 13:40:00+05:30,119.16999816894531,119.33000183105469,119.16000366210938,119.33000183105469,56731
2025-12-19 13:45:00+05:30,119.30999755859375,119.4000015258789,119.27999877929688,119.3499984741211,71384
2025-12-19 13:50:00+05:30,119.3499984741211,119.3499984741211,119.20999908447266,119.2699966430664,19848
2025-12-19 13:55:00+05:30,119.25,119.2699966430664,119.16000366210938,119.2300033569336,27946
2025-12-19 14:00:00+05:30,119.2300033569336,119.2699966430664,119.19000244140625,119.2300033569336,22385
2025-12-19 14:05:00+05:30,119.22000122070312,119.2699966430664,119.19999694824219,119.26000213623047,42814
2025-12-19 14:10:00+05:30,119.26000213623047,119.27999877929688,119.18000030517578,119.18000030517578,22701
2025-12-19 14:15:00+05:30,119.19000244140625,119.31999969482422,119.19000244140625,119.30999755859375,39276
2025-12-19 14:20:00+05:30,119.33999633789062,119.36000061035156,119.23999786376953,119.33000183105469,71635
2025-12-19 14:25:00+05:30,119.33000183105469,119.3499984741211,119.19000244140625,119.19000244140625,24566
2025-12-19 14:30:00+05:30,119.18000030517578,119.41999816894531,119.1500015258789,119.31999969482422,145401
2025-12-19 14:35:00+05:30,119.27999877929688,119.44999694824219,119.22000122070312,119.44999694824219,99639
2025-12-19 14:40:00+05:30,119.44999694824219,119.58999633789062,119.4000015258789,119.58999633789062,155592
2025-12-19 14:45:00+05:30,119.56999969482422,119.8499984741211,119.55000305175781,119.83000183105469,411804
2025-12-19 14:50:00+05:30,119.83000183105469,119.83999633789062,119.56999969482422,119.66999816894531,123541
2025-12-19 14:55:00+05:30,119.66000366210938,119.72000122070312,119.55999755859375,119.63999938964844,157468
2025-12-19 15:00:00+05:30,119.69999694824219,119.8499984741211,119.69999694824219,119.79000091552734,554968
2025-12-19 15:05:00+05:30,119.79000091552734,119.87999725341797,119.76000213623047,119.80999755859375,465376
2025-12-19 15:10:00+05:30,119.81999969482422,119.94000244140625,119.80999755859375,119.91999816894531,360190
2025-12-19 15:15:00+05:30,119.93000030517578,119.95999908447266,119.70999908447266,119.80999755859375,639151
2025-12-19 15:20:00+05:30,119.76000213623047,119.77999877929688,119.66999816894531,119.69000244140625,340860
2025-12-19 15:25:00+05:30,119.69999694824219,119.91999816894531,119.69999694824219,119.81999969482422,757985
2025-12-22 09:20:00+05:30,120.44000244140625,120.55999755859375,120.37000274658203,120.38999938964844,252859
2025-12-22 09:25:00+05:30,120.37000274658203,120.58000183105469,120.29000091552734,120.44000244140625,185730
2025-12-22 09:30:00+05:30,120.55000305175781,120.7300033569336,120.4000015258789,120.72000122070312,342127
2025-12-22 09:35:00+05:30,120.7699966430664,120.8499984741211,120.55999755859375,120.56999969482422,253074
2025-12-22 09:40:00+05:30,120.58999633789062,120.6500015258789,120.5199966430664,120.6500015258789,329483
2025-12-22 09:45:00+05:30,120.62000274658203,120.83999633789062,120.62000274658203,120.83000183105469,1010001
2025-12-22 09:50:00+05:30,120.80999755859375,121.08999633789062,120.80999755859375,120.83999633789062,304295
2025-12-22 09:55:00+05:30,120.83999633789062,121.0,120.83999633789062,120.9800033569336,124700
2025-12-22 10:00:00+05:30,120.95999908447266,120.9800033569336,120.80999755859375,120.83000183105469,154687
2025-12-22 10:05:00+05:30,120.83000183105469,120.8499984741211,120.80000305175781,120.83000183105469,410187
2025-12-22 10:10:00+05:30,120.81999969482422,121.08000183105469,120.80000305175781,121.0,769842
2025-12-22 10:15:00+05:30,121.0,121.19999694824219,120.9800033569336,121.11000061035156,236450
2025-12-22 10:20:00+05:30,121.12000274658203,121.12000274658203,120.87999725341797,121.05000305175781,87740
2025-12-22 10:25:00+05:30,121.08000183105469,121.08999633789062,120.9000015258789,120.91999816894531,57872
2025-12-22 10:30:00+05:30,120.91999816894531,120.94000244140625,120.80999755859375,120.83000183105469,131172
2025-12-22 10:35:00+05:30,120.88999938964844,120.94999694824219,120.80999755859375,120.87999725341797,49525
2025-12-22 10:40:00+05:30,120.87000274658203,120.91999816894531,120.83000183105469,120.9000015258789,64702
2025-12-22 10:45:00+05:30,120.88999938964844,121.0999984741211,120.8499984741211,120.94999694824219,69977
2025-12-22 10:50:00+05:30,120.94999694824219,120.94999694824219,120.66999816894531,120.66999816894531,1055828
2025-12-22 10:55:00+05:30,120.6500015258789,120.88999938964844,120.55000305175781,120.73999786376953,265877
2025-12-22 11:00:00+05:30,120.73999786376953,120.75,120.66000366210938,120.66000366210938,673500
2025-12-22 11:05:00+05:30,120.69000244140625,120.69000244140625,120.55999755859375,120.62999725341797,54900
2025-12-22 11:10:00+05:30,120.62999725341797,120.68000030517578,120.5,120.5,151698
2025-12-22 11:15:00+05:30,120.5,120.80000305175781,120.41000366210938,120.69000244140625,285238
2025-12-22 11:20:00+05:30,120.62000274658203,120.62000274658203,120.51000213623047,120.54000091552734,55853
2025-12-22 11:25:00+05:30,120.56999969482422,120.6500015258789,120.54000091552734,120.58999633789062,15879
2025-12-22 11:30:00+05:30,120.5999984741211,120.5999984741211,120.45999908447266,120.5,73562
2025-12-22 11:35:00+05:30,120.48999786376953,120.55999755859375,120.45999908447266,120.45999908447266,42154
2025-12-22 11:40:00+05:30,120.41999816894531,120.5199966430664,120.41999816894531,120.5,37637
2025-12-22 11:45:00+05:30,120.5,120.55999755859375,120.45999908447266,120.55999755859375,34898
2025-12-22 11:50:00+05:30,120.55999755859375,120.75,120.55999755859375,120.66999816894531,78631
2025-12-22 11:55:00+05:30,120.6500015258789,120.69999694824219,120.56999969482422,120.61000061035156,36909
2025-12-22 12:00:00+05:30,120.63999938964844,120.66000366210938,120.5999984741211,120.62000274658203,25560
2025-12-22 12:05:00+05:30,120.62000274658203,120.62000274658203,120.56999969482422,120.62000274658203,30048
2025-12-22 12:10:00+05:30,120.61000061035156,120.73999786376953,120.5999984741211,120.62000274658203,99321
2025-12-22 12:15:00+05:30,120.5999984741211,120.6500015258789,120.56999969482422,120.58999633789062,26256
2025-12-22 12:20:00+05:30,120.58999633789062,120.5999984741211,120.52999877929688,120.52999877929688,105808
2025-12-22 12:25:00+05:30,120.5199966430664,120.58000183105469,120.44999694824219,120.52999877929688,60523
2025-12-22 12:30:00+05:30,120.51000213623047,120.5999984741211,120.5,120.5999984741211,32450
2025-12-22 12:35:00+05:30,120.5999984741211,120.5999984741211,120.51000213623047,120.5199966430664,25182
2025-12-22 12:40:00+05:30,120.5199966430664,120.62999725341797,120.51000213623047,120.55000305175781,16398
2025-12-22 12:45:00+05:30,120.55000305175781,120.55000305175781,120.4000015258789,120.41999816894531,139688
2025-12-22 12:50:00+05:30,120.41000366210938,120.52999877929688,120.4000015258789,120.5,38717
2025-12-22 12:55:00+05:30,120.5,120.5199966430664,120.43000030517578,120.5,57835
2025-12-22 13:00:00+05:30,120.48999786376953,120.54000091552734,120.44000244140625,120.5,32240
2025-12-22 13:05:00+05:30,120.45999908447266,120.5999984741211,120.43000030517578,120.58999633789062,40766
2025-12-22 13:10:00+05:30,120.52999877929688,120.6500015258789,120.5199966430664,120.63999938964844,88596
2025-12-22 13:15:00+05:30,120.5999984741211,120.68000030517578,120.56999969482422,120.68000030517578,39397
2025-12-22 13:20:00+05:30,120.61000061035156,120.75,120.61000061035156,120.75,60182
2025-12-22 13:25:00+05:30,120.69999694824219,120.75,120.69999694824219,120.75,28220
2025-12-22 13:30:00+05:30,120.69999694824219,120.70999908447266,120.63999938964844,120.66000366210938,24315
2025-12-22 13:35:00+05:30,120.66999816894531,120.69000244140625,120.61000061035156,120.62000274658203,25814
2025-12-22 13:40:00+05:30,120.61000061035156,120.62000274658203,120.5199966430664,120.58000183105469,36368
2025-12-22 13:45:00+05:30,120.54000091552734,120.62000274658203,120.5199966430664,120.55000305175781,36155
2025-12-22 13:50:00+05:30,120.55000305175781,120.66000366210938,120.55000305175781,120.61000061035156,28220
2025-12-22 13:55:00+05:30,120.5999984741211,120.6500015258789,120.58000183105469,120.58000183105469,44270
2025-12-22 14:00:00+05:30,120.62000274658203,120.69999694824219,120.58000183105469,120.63999938964844,43259
2025-12-22 14:05:00+05:30,120.6500015258789,120.6500015258789,120.58000183105469,120.6500015258789,22100
2025-12-22 14:10:00+05:30,120.6500015258789,120.6500015258789,120.55000305175781,120.5999984741211,19027
2025-12-22 14:15:00+05:30,120.5999984741211,120.61000061035156,120.55000305175781,120.58999633789062,12690
2025-12-22 14:20:00+05:30,120.55999755859375,120.62999725341797,120.55999755859375,120.62000274658203,32183
2025-12-22 14:25:00+05:30,120.58999633789062,120.69000244140625,120.58999633789062,120.6500015258789,38124
2025-12-22 14:30:00+05:30,120.6500015258789,120.66999816894531,120.5999984741211,120.63999938964844,21253
2025-12-22 14:35:00+05:30,120.63999938964844,120.69000244140625,120.58000183105469,120.6500015258789,36909
2025-12-22 14:40:00+05:30,120.5999984741211,120.6500015258789,120.58999633789062,120.5999984741211,51505
2025-12-22 14:45:00+05:30,120.5999984741211,120.75,120.55000305175781,120.73999786376953,135118
2025-12-22 14:50:00+05:30,120.70999908447266,120.75,120.66999816894531,120.69999694824219,73963
2025-12-22 14:55:00+05:30,120.69999694824219,120.83000183105469,120.6500015258789,120.80999755859375,154875
2025-12-22 15:00:00+05:30,120.83999633789062,121.04000091552734,120.83999633789062,120.93000030517578,705913
2025-12-22 15:05:00+05:30,120.91000366210938,120.94999694824219,120.80000305175781,120.80999755859375,142181
2025-12-22 15:10:00+05:30,120.8499984741211,121.05000305175781,120.83999633789062,121.0199966430664,1246962
2025-12-22 15:15:00+05:30,121.01000213623047,121.44999694824219,121.01000213623047,121.08000183105469,5606979
2025-12-22 15:20:00+05:30,121.08000183105469,121.6500015258789,121.08000183105469,121.5,959077
2025-12-22 15:25:00+05:30,121.52999877929688,121.83999633789062,121.30999755859375,121.30999755859375,769203
2025-12-23 09:20:00+05:30,121.93000030517578,122.30000305175781,121.87000274658203,122.30000305175781,418301
2025-12-23 09:25:00+05:30,122.2699966430664,122.58999633789062,122.2699966430664,122.36000061035156,432838
2025-12-23 09:30:00+05:30,122.37000274658203,122.37999725341797,122.04000091552734,122.12000274658203,267148
2025-12-23 09:35:00+05:30,122.12000274658203,122.19000244140625,122.01000213623047,122.05999755859375,132063
2025-12-23 09:40:00+05:30,122.02999877929688,122.0999984741211,121.72000122070312,121.72000122070312,221584
2025-12-23 09:45:00+05:30,121.75,121.95999908447266,121.6500015258789,121.94999694824219,132624
2025-12-23 09:50:00+05:30,121.94999694824219,121.9800033569336,121.86000061035156,121.95999908447266,117903
2025-12-23 09:55:00+05:30,121.95999908447266,122.19999694824219,121.94000244140625,122.16000366210938,146701
2025-12-23 10:00:00+05:30,122.18000030517578,122.2300033569336,122.02999877929688,122.05999755859375,111834
2025-12-23 10:05:00+05:30,122.0999984741211,122.16999816894531,122.0199966430664,122.0199966430664,71874
2025-12-23 10:10:00+05:30,122.08999633789062,122.22000122070312,122.02999877929688,122.12999725341797,108136
2025-12-23 10:15:00+05:30,122.12999725341797,122.16000366210938,121.93000030517578,121.97000122070312,63987
2025-12-23 10:20:00+05:30,121.9800033569336,121.9800033569336,121.73999786376953,121.80000305175781,98399
2025-12-23 10:25:00+05:30,121.76000213623047,121.9800033569336,121.76000213623047,121.86000061035156,117264
2025-12-23 10:30:00+05:30,121.87000274658203,121.9000015258789,121.80000305175781,121.81999969482422,58634
2025-12-23 10:35:00+05:30,121.8499984741211,121.8499984741211,121.66000366210938,121.66000366210938,115519
2025-12-23 10:40:00+05:30,121.68000030517578,121.83999633789062,121.66000366210938,121.75,53427
2025-12-23 10:45:00+05:30,121.80000305175781,121.80000305175781,121.62000274658203,121.62000274658203,78376
2025-12-23 10:50:00+05:30,121.63999938964844,121.73999786376953,121.45999908447266,121.55000305175781,214089
2025-12-23 10:55:00+05:30,121.54000091552734,121.5999984741211,121.41999816894531,121.4800033569336,350708
2025-12-23 11:00:00+05:30,121.4800033569336,121.5,121.23999786376953,121.36000061035156,177161
2025-12-23 11:05:00+05:30,121.37999725341797,121.5,121.36000061035156,121.44000244140625,70582
2025-12-23 11:10:00+05:30,121.5,121.5999984741211,121.43000030517578,121.48999786376953,191277
2025-12-23 11:15:00+05:30,121.48999786376953,121.63999938964844,121.43000030517578,121.61000061035156,42673
2025-12-23 11:20:00+05:30,121.68000030517578,121.87000274658203,121.61000061035156,121.7699966430664,93169
2025-12-23 11:25:00+05:30,121.75,121.80000305175781,121.54000091552734,121.54000091552734,37055
2025-12-23 11:30:00+05:30,121.52999877929688,121.55000305175781,121.44999694824219,121.5,42174
2025-12-23 11:35:00+05:30,121.51000213623047,121.5199966430664,121.37999725341797,121.41000366210938,66047
2025-12-23 11:40:00+05:30,121.41999816894531,121.44000244140625,121.3499984741211,121.36000061035156,59000
2025-12-23 11:45:00+05:30,121.36000061035156,121.36000061035156,121.20999908447266,121.27999877929688,162737
2025-12-23 11:50:00+05:30,121.27999877929688,121.4000015258789,121.25,121.37000274658203,52642
2025-12-23 11:55:00+05:30,121.31999969482422,121.55999755859375,121.30999755859375,121.51000213623047,35904
2025-12-23 12:00:00+05:30,121.56999969482422,121.66000366210938,121.5199966430664,121.66000366210938,70525
2025-12-23 12:05:00+05:30,121.66000366210938,121.66999816894531,121.55000305175781,121.61000061035156,67392
2025-12-23 12:10:00+05:30,121.5999984741211,121.5999984741211,121.55000305175781,121.58000183105469,20919
2025-12-23 12:15:00+05:30,121.56999969482422,121.58000183105469,121.4800033569336,121.5,72279
2025-12-23 12:20:00+05:30,121.4800033569336,121.55000305175781,121.44999694824219,121.48999786376953,106460
2025-12-23 12:25:00+05:30,121.48999786376953,121.70999908447266,121.47000122070312,121.6500015258789,221248
2025-12-23 12:30:00+05:30,121.6500015258789,121.66999816894531,121.52999877929688,121.52999877929688,61894
2025-12-23 12:35:00+05:30,121.55000305175781,121.5999984741211,121.45999908447266,121.54000091552734,307662
2025-12-23 12:40:00+05:30,121.54000091552734,121.58999633789062,121.44999694824219,121.48999786376953,40782
2025-12-23 12:45:00+05:30,121.5,121.5999984741211,121.41000366210938,121.44000244140625,81946
2025-12-23 12:50:00+05:30,121.44000244140625,121.5,121.41999816894531,121.5,31383
2025-12-23 12:55:00+05:30,121.5,121.5,121.41000366210938,121.44000244140625,19989
2025-12-23 13:00:00+05:30,121.4800033569336,121.5199966430664,121.44000244140625,121.47000122070312,14311
2025-12-23 13:05:00+05:30,121.45999908447266,121.4800033569336,121.43000030517578,121.44999694824219,29471
2025-12-23 13:10:00+05:30,121.44999694824219,121.45999908447266,121.41999816894531,121.44999694824219,9773
2025-12-23 13:15:00+05:30,121.44999694824219,121.4800033569336,121.41999816894531,121.45999908447266,10903
2025-12-23 13:20:00+05:30,121.45999908447266,121.45999908447266,121.41999816894531,121.44999694824219,17730
2025-12-23 13:25:00+05:30,121.44999694824219,121.54000091552734,121.41999816894531,121.52999877929688,47136
2025-12-23 13:30:00+05:30,121.52999877929688,121.54000091552734,121.4000015258789,121.45999908447266,52127
2025-12-23 13:35:00+05:30,121.48999786376953,121.63999938964844,121.3499984741211,121.63999938964844,117659
2025-12-23 13:40:00+05:30,121.61000061035156,121.66999816894531,121.41000366210938,121.44999694824219,220704
2025-12-23 13:45:00+05:30,121.44999694824219,121.44999694824219,121.38999938964844,121.4000015258789,28982
2025-12-23 13:50:00+05:30,121.41000366210938,121.41000366210938,121.25,121.31999969482422,53703
2025-12-23 13:55:00+05:30,121.33999633789062,121.38999938964844,121.27999877929688,121.38999938964844,33625
2025-12-23 14:00:00+05:30,121.38999938964844,121.45999908447266,121.31999969482422,121.4000015258789,48778
2025-12-23 14:05:00+05:30,121.44000244140625,121.44000244140625,121.31999969482422,121.3499984741211,35912
2025-12-23 14:10:00+05:30,121.3499984741211,121.38999938964844,121.29000091552734,121.30999755859375,37736
2025-12-23 14:15:00+05:30,121.30999755859375,121.36000061035156,121.2300033569336,121.30999755859375,315584
2025-12-23 14:20:00+05:30,121.27999877929688,121.52999877929688,121.27999877929688,121.4800033569336,236339
2025-12-23 14:25:00+05:30,121.48999786376953,121.48999786376953,121.16999816894531,121.19999694824219,102436
2025-12-23 14:30:00+05:30,121.18000030517578,121.19999694824219,120.91999816894531,120.9800033569336,146890
2025-12-23 14:35:00+05:30,120.97000122070312,120.97000122070312,120.80000305175781,120.94999694824219,61575
2025-12-23 14:40:00+05:30,120.94999694824219,120.94999694824219,120.68000030517578,120.7300033569336,69144
2025-12-23 14:45:00+05:30,120.69999694824219,120.87000274658203,120.66000366210938,120.8499984741211,75769
2025-12-23 14:50:00+05:30,120.8499984741211,120.8499984741211,120.72000122070312,120.80000305175781,58591
2025-12-23 14:55:00+05:30,120.83999633789062,120.97000122070312,120.80000305175781,120.97000122070312,68298
2025-12-23 15:00:00+05:30,120.95999908447266,121.30999755859375,120.95999908447266,121.08000183105469,243340
2025-12-23 15:05:00+05:30,121.08000183105469,121.1500015258789,121.0,121.0,129711
2025-12-23 15:10:00+05:30,120.95999908447266,121.16999816894531,120.87000274658203,120.9000015258789,745242
2025-12-23 15:15:00+05:30,120.87000274658203,120.9000015258789,120.80000305175781,120.8499984741211,359809
2025-12-23 15:20:00+05:30,120.86000061035156,120.9000015258789,120.83000183105469,120.87999725341797,242238
2025-12-23 15:25:00+05:30,120.87999725341797,120.93000030517578,120.70999908447266,120.9000015258789,775471
2025-12-24 09:20:00+05:30,121.1500015258789,121.44000244140625,121.1500015258789,121.3499984741211,217757
2025-12-24 09:25:00+05:30,121.37000274658203,121.48999786376953,121.31999969482422,121.4800033569336,160091
2025-12-24 09:30:00+05:30,121.4800033569336,121.5,121.22000122070312,121.26000213623047,188240
2025-12-24 09:35:00+05:30,121.30000305175781,121.37000274658203,121.2300033569336,121.25,124827
2025-12-24 09:40:00+05:30,121.2699966430664,121.5,121.2300033569336,121.41999816894531,208909
2025-12-24 09:45:00+05:30,121.44999694824219,121.44999694824219,121.1500015258789,121.16000366210938,59198
2025-12-24 09:50:00+05:30,121.18000030517578,121.25,121.05999755859375,121.05999755859375,105187
2025-12-24 09:55:00+05:30,121.0999984741211,121.0999984741211,120.79000091552734,120.91000366210938,167652
2025-12-24 10:00:00+05:30,120.91000366210938,120.94000244140625,120.76000213623047,120.76000213623047,135176
2025-12-24 10:05:00+05:30,120.77999877929688,121.0,120.77999877929688,120.91000366210938,120881
2025-12-24 10:10:00+05:30,120.95999908447266,121.20999908447266,120.91000366210938,121.19000244140625,121571
2025-12-24 10:15:00+05:30,121.18000030517578,121.45999908447266,121.16999816894531,121.19999694824219,182459
2025-12-24 10:20:00+05:30,121.16000366210938,121.26000213623047,121.1500015258789,121.18000030517578,29424
2025-12-24 10:25:00+05:30,121.18000030517578,121.27999877929688,121.16999816894531,121.25,51308
2025-12-24 10:30:00+05:30,121.25,121.38999938964844,121.19999694824219,121.37000274658203,71016
2025-12-24 10:35:00+05:30,121.37000274658203,121.43000030517578,121.30000305175781,121.33000183105469,69109
2025-12-24 10:40:00+05:30,121.30000305175781,121.43000030517578,121.19000244140625,121.22000122070312,599702
2025-12-24 10:45:00+05:30,121.2300033569336,121.33000183105469,121.18000030517578,121.25,107352
2025-12-24 10:50:00+05:30,121.25,121.25,120.91999816894531,121.0,600133
2025-12-24 10:55:00+05:30,121.0,121.12999725341797,120.98999786376953,121.05000305175781,148431
2025-12-24 11:00:00+05:30,121.05000305175781,121.06999969482422,120.9000015258789,120.9800033569336,368304
2025-12-24 11:05:00+05:30,120.97000122070312,121.02999877929688,120.88999938964844,120.98999786376953,118323
2025-12-24 11:10:00+05:30,120.95999908447266,121.16999816894531,120.94999694824219,121.16999816894531,207455
2025-12-24 11:15:00+05:30,121.16999816894531,121.41000366210938,120.98999786376953,121.08000183105469,150622
2025-12-24 11:20:00+05:30,121.12999725341797,121.33999633789062,121.12000274658203,121.26000213623047,163004
2025-12-24 11:25:00+05:30,121.23999786376953,121.33999633789062,121.22000122070312,121.23999786376953,53593
2025-12-24 11:30:00+05:30,121.23999786376953,121.31999969482422,121.20999908447266,121.30000305175781,44715
2025-12-24 11:35:00+05:30,121.29000091552734,121.30999755859375,121.19999694824219,121.25,69975
2025-12-24 11:40:00+05:30,121.2300033569336,121.26000213623047,121.08999633789062,121.12999725341797,42919
2025-12-24 11:45:00+05:30,121.1500015258789,121.26000213623047,121.0999984741211,121.2300033569336,48153
2025-12-24 11:50:00+05:30,121.2300033569336,121.25,121.08999633789062,121.08999633789062,204455
2025-12-24 11:55:00+05:30,121.0999984741211,121.36000061035156,121.0999984741211,121.30000305175781,445678
2025-12-24 12:00:00+05:30,121.30000305175781,121.37999725341797,121.19999694824219,121.30000305175781,85364
2025-12-24 12:05:00+05:30,121.30000305175781,121.4000015258789,121.30000305175781,121.33000183105469,72997
2025-12-24 12:10:00+05:30,121.31999969482422,121.4000015258789,121.2699966430664,121.38999938964844,52140
2025-12-24 12:15:00+05:30,121.38999938964844,121.52999877929688,121.36000061035156,121.47000122070312,151354
2025-12-24 12:20:00+05:30,121.48999786376953,121.5199966430664,121.43000030517578,121.5,54613
2025-12-24 12:25:00+05:30,121.5,121.55000305175781,121.38999938964844,121.47000122070312,159150
2025-12-24 12:30:00+05:30,121.45999908447266,121.4800033569336,121.2699966430664,121.3499984741211,27342
2025-12-24 12:35:00+05:30,121.3499984741211,121.43000030517578,121.33000183105469,121.4000015258789,51006
2025-12-24 12:40:00+05:30,121.41999816894531,121.41999816894531,121.30000305175781,121.33000183105469,124008
2025-12-24 12:45:00+05:30,121.33000183105469,121.38999938964844,121.29000091552734,121.33999633789062,39223
2025-12-24 12:50:00+05:30,121.33999633789062,121.33999633789062,121.19999694824219,121.22000122070312,46495
2025-12-24 12:55:00+05:30,121.20999908447266,121.44999694824219,121.19999694824219,121.44999694824219,84915
2025-12-24 13:00:00+05:30,121.44000244140625,121.44000244140625,121.29000091552734,121.36000061035156,24815
2025-12-24 13:05:00+05:30,121.36000061035156,121.37999725341797,121.19999694824219,121.20999908447266,34064
2025-12-24 13:10:00+05:30,121.25,121.30000305175781,121.19999694824219,121.27999877929688,51161
2025-12-24 13:15:00+05:30,121.23999786376953,121.23999786376953,121.12999725341797,121.12999725341797,114216
2025-12-24 13:20:00+05:30,121.11000061035156,121.22000122070312,121.06999969482422,121.0999984741211,103794
2025-12-24 13:25:00+05:30,121.12999725341797,121.31999969482422,121.0999984741211,121.31999969482422,56356
2025-12-24 13:30:00+05:30,121.31999969482422,121.31999969482422,121.08999633789062,121.18000030517578,29291
2025-12-24 13:35:00+05:30,121.12000274658203,121.18000030517578,121.05999755859375,121.0999984741211,134760
2025-12-24 13:40:00+05:30,121.0999984741211,121.12000274658203,121.0199966430664,121.08000183105469,41350
2025-12-24 13:45:00+05:30,121.08000183105469,121.11000061035156,121.02999877929688,121.05999755859375,35169
2025-12-24 13:50:00+05:30,121.08999633789062,121.16999816894531,121.05000305175781,121.12000274658203,16930
2025-12-24 13:55:00+05:30,121.12000274658203,121.1500015258789,121.0199966430664,121.08000183105469,35292
2025-12-24 14:00:00+05:30,121.08000183105469,121.08999633789062,121.01000213623047,121.05000305175781,85946
2025-12-24 14:05:00+05:30,121.05000305175781,121.08999633789062,121.0199966430664,121.05000305175781,35818
2025-12-24 14:10:00+05:30,121.05999755859375,121.12000274658203,121.05000305175781,121.06999969482422,33816
2025-12-24 14:15:00+05:30,121.0999984741211,121.19000244140625,121.05000305175781,121.05999755859375,52775
2025-12-24 14:20:00+05:30,121.0999984741211,121.0999984741211,121.0199966430664,121.05000305175781,50669
2025-12-24 14:25:00+05:30,121.05000305175781,121.0999984741211,121.0,121.05000305175781,53245
2025-12-24 14:30:00+05:30,121.06999969482422,121.08999633789062,121.05000305175781,121.05000305175781,52593
2025-12-24 14:35:00+05:30,121.05000305175781,121.0999984741211,121.02999877929688,121.08000183105469,116279
2025-12-24 14:40:00+05:30,121.08999633789062,121.08999633789062,121.0199966430664,121.05999755859375,34645
2025-12-24 14:45:00+05:30,121.08999633789062,121.1500015258789,121.05000305175781,121.08999633789062,61573
2025-12-24 14:50:00+05:30,121.08999633789062,121.0999984741211,121.05000305175781,121.06999969482422,44975
2025-12-24 14:55:00+05:30,121.08999633789062,121.27999877929688,121.06999969482422,121.26000213623047,130766
2025-12-24 15:00:00+05:30,121.41999816894531,121.41999816894531,121.06999969482422,121.11000061035156,335587
2025-12-24 15:05:00+05:30,121.12000274658203,121.12000274658203,121.0199966430664,121.05000305175781,258557
2025-12-24 15:10:00+05:30,121.12000274658203,121.12000274658203,120.83999633789062,120.86000061035156,245245
2025-12-24 15:15:00+05:30,120.83000183105469,120.93000030517578,120.79000091552734,120.91000366210938,516782
2025-12-24 15:20:00+05:30,120.91000366210938,120.91999816894531,120.7699966430664,120.80000305175781,527340
2025-12-24 15:25:00+05:30,120.80000305175781,121.16999816894531,120.7699966430664,120.93000030517578,617631
2025-12-26 09:20:00+05:30,120.51000213623047,120.72000122070312,120.44999694824219,120.55000305175781,139655
2025-12-26 09:25:00+05:30,120.45999908447266,120.88999938964844,120.45999908447266,120.81999969482422,125796
2025-12-26 09:30:00+05:30,120.76000213623047,120.83999633789062,120.58999633789062,120.61000061035156,72178
2025-12-26 09:35:00+05:30,120.61000061035156,120.9000015258789,120.48999786376953,120.79000091552734,149142
2025-12-26 09:40:00+05:30,120.7699966430664,120.83999633789062,120.66999816894531,120.68000030517578,98876
2025-12-26 09:45:00+05:30,120.68000030517578,120.73999786376953,120.5999984741211,120.69999694824219,60469
2025-12-26 09:50:00+05:30,120.69999694824219,120.69999694824219,120.52999877929688,120.58999633789062,95695
2025-12-26 09:55:00+05:30,120.56999969482422,120.62999725341797,120.5,120.58000183105469,68268
2025-12-26 10:00:00+05:30,120.55999755859375,120.6500015258789,120.31999969482422,120.43000030517578,169688
2025-12-26 10:05:00+05:30,120.43000030517578,120.43000030517578,120.30000305175781,120.30000305175781,85245
2025-12-26 10:10:00+05:30,120.29000091552734,120.3499984741211,120.19000244140625,120.3499984741211,100845
2025-12-26 10:15:00+05:30,120.30999755859375,120.30999755859375,120.04000091552734,120.05999755859375,174428
2025-12-26 10:20:00+05:30,120.05999755859375,120.08999633789062,120.0,120.02999877929688,196084
2025-12-26 10:25:00+05:30,120.0199966430664,120.16000366210938,120.0,120.16000366210938,179843
2025-12-26 10:30:00+05:30,120.16000366210938,120.18000030517578,120.08000183105469,120.0999984741211,77238
2025-12-26 10:35:00+05:30,120.1500015258789,120.1500015258789,120.05999755859375,120.12999725341797,160068
2025-12-26 10:40:00+05:30,120.1500015258789,120.26000213623047,120.0999984741211,120.26000213623047,322161
2025-12-26 10:45:00+05:30,120.25,120.3499984741211,120.19000244140625,120.2300033569336,138306
2025-12-26 10:50:00+05:30,120.22000122070312,120.22000122070312,120.0999984741211,120.13999938964844,250083
2025-12-26 10:55:00+05:30,120.12999725341797,120.12999725341797,120.05000305175781,120.08000183105469,55356
2025-12-26 11:00:00+05:30,120.08000183105469,120.08000183105469,119.9800033569336,120.01000213623047,139673
2025-12-26 11:05:00+05:30,120.0199966430664,120.0199966430664,119.87000274658203,119.87000274658203,151480
2025-12-26 11:10:00+05:30,119.88999938964844,119.98999786376953,119.87999725341797,119.87999725341797,94280
2025-12-26 11:15:00+05:30,119.87999725341797,119.88999938964844,119.81999969482422,119.8499984741211,364335
2025-12-26 11:20:00+05:30,119.8499984741211,119.8499984741211,119.58000183105469,119.5999984741211,138279
2025-12-26 11:25:00+05:30,119.62999725341797,119.66999816894531,119.58000183105469,119.62000274658203,79211
2025-12-26 11:30:00+05:30,119.66000366210938,119.66000366210938,119.48999786376953,119.5999984741211,382916
2025-12-26 11:35:00+05:30,119.58999633789062,119.72000122070312,119.54000091552734,119.72000122070312,182212
2025-12-26 11:40:00+05:30,119.70999908447266,119.95999908447266,119.69999694824219,119.95999908447266,236474
2025-12-26 11:45:00+05:30,119.97000122070312,119.98999786376953,119.87999725341797,119.94000244140625,63538
2025-12-26 11:50:00+05:30,119.95999908447266,120.0199966430664,119.87999725341797,119.94999694824219,132761
2025-12-26 11:55:00+05:30,119.95999908447266,120.12000274658203,119.95999908447266,120.11000061035156,65549
2025-12-26 12:00:00+05:30,120.0999984741211,120.11000061035156,119.97000122070312,119.98999786376953,50109
2025-12-26 12:05:00+05:30,120.0,120.19999694824219,120.0,120.16999816894531,55825
2025-12-26 12:10:00+05:30,120.18000030517578,120.44999694824219,120.1500015258789,120.4000015258789,208938
2025-12-26 12:15:00+05:30,120.4000015258789,120.45999908447266,120.30999755859375,120.3499984741211,56253
2025-12-26 12:20:00+05:30,120.3499984741211,120.77999877929688,120.3499984741211,120.5,322284
2025-12-26 12:25:00+05:30,120.47000122070312,120.51000213623047,120.30000305175781,120.30999755859375,44876
2025-12-26 12:30:00+05:30,120.30999755859375,120.30999755859375,120.06999969482422,120.08000183105469,71647
2025-12-26 12:35:00+05:30,120.08000183105469,120.1500015258789,120.05999755859375,120.0999984741211,78692
2025-12-26 12:40:00+05:30,120.11000061035156,120.19999694824219,120.08999633789062,120.19000244140625,36616
2025-12-26 12:45:00+05:30,120.19999694824219,120.30000305175781,120.18000030517578,120.25,27205
2025-12-26 12:50:00+05:30,120.25,120.30000305175781,120.20999908447266,120.30000305175781,23151
2025-12-26 12:55:00+05:30,120.31999969482422,120.31999969482422,120.19999694824219,120.20999908447266,17085
2025-12-26 13:00:00+05:30,120.20999908447266,120.25,120.19999694824219,120.20999908447266,23675
2025-12-26 13:05:00+05:30,120.20999908447266,120.31999969482422,120.19999694824219,120.22000122070312,36036
2025-12-26 13:10:00+05:30,120.2300033569336,120.26000213623047,120.16999816894531,120.19999694824219,39150
2025-12-26 13:15:00+05:30,120.19999694824219,120.27999877929688,120.19999694824219,120.23999786376953,7001
2025-12-26 13:20:00+05:30,120.23999786376953,120.3499984741211,120.22000122070312,120.25,32930
2025-12-26 13:25:00+05:30,120.25,120.3499984741211,120.25,120.33999633789062,27632
2025-12-26 13:30:00+05:30,120.33999633789062,120.37999725341797,120.33999633789062,120.37000274658203,19802
2025-12-26 13:35:00+05:30,120.37000274658203,120.44999694824219,120.3499984741211,120.44000244140625,46389
2025-12-26 13:40:00+05:30,120.44000244140625,120.5,120.37999725341797,120.5,103266
2025-12-26 13:45:00+05:30,120.5,120.52999877929688,120.43000030517578,120.51000213623047,112506
2025-12-26 13:50:00+05:30,120.5199966430664,120.55000305175781,120.44999694824219,120.5,91443
2025-12-26 13:55:00+05:30,120.48999786376953,120.5,120.4000015258789,120.43000030517578,31981
2025-12-26 14:00:00+05:30,120.4800033569336,120.5999984741211,120.4800033569336,120.58999633789062,47198
2025-12-26 14:05:00+05:30,120.5999984741211,120.5999984741211,120.44999694824219,120.52999877929688,37030
2025-12-26 14:10:00+05:30,120.5,120.51000213623047,120.37000274658203,120.41000366210938,82054
2025-12-26 14:15:00+05:30,120.41000366210938,120.44999694824219,120.30000305175781,120.4000015258789,100154
2025-12-26 14:20:00+05:30,120.4000015258789,120.41000366210938,120.30999755859375,120.37999725341797,62550
2025-12-26 14:25:00+05:30,120.37999725341797,120.43000030517578,120.3499984741211,120.36000061035156,29447
2025-12-26 14:30:00+05:30,120.36000061035156,120.41000366210938,120.30000305175781,120.36000061035156,47094
2025-12-26 14:35:00+05:30,120.3499984741211,120.3499984741211,120.30000305175781,120.30000305175781,127632
2025-12-26 14:40:00+05:30,120.2699966430664,120.33000183105469,120.2300033569336,120.29000091552734,56810
2025-12-26 14:45:00+05:30,120.26000213623047,120.31999969482422,120.12999725341797,120.12999725341797,48275
2025-12-26 14:50:00+05:30,120.12999725341797,120.16999816894531,120.0999984741211,120.16999816894531,55577
2025-12-26 14:55:00+05:30,120.16000366210938,120.44000244140625,120.1500015258789,120.44000244140625,150446
2025-12-26 15:00:00+05:30,120.41000366210938,120.55000305175781,120.3499984741211,120.5199966430664,204150
2025-12-26 15:05:00+05:30,120.44999694824219,120.5,120.41999816894531,120.41999816894531,90723
2025-12-26 15:10:00+05:30,120.41000366210938,120.47000122070312,120.36000061035156,120.4000015258789,128322
2025-12-26 15:15:00+05:30,120.41000366210938,120.41999816894531,120.2699966430664,120.33999633789062,144763
2025-12-26 15:20:00+05:30,120.30999755859375,120.33000183105469,120.20999908447266,120.25,120323
2025-12-26 15:25:00+05:30,120.2300033569336,120.5,120.2300033569336,120.25,179221
2025-12-29 09:20:00+05:30,119.29000091552734,120.18000030517578,119.16999816894531,120.08999633789062,1839531
2025-12-29 09:25:00+05:30,120.2300033569336,120.2300033569336,119.75,119.87000274658203,1095744
2025-12-29 09:30:00+05:30,119.88999938964844,120.0,119.6500015258789,119.79000091552734,414035
2025-12-29 09:35:00+05:30,119.80000305175781,120.29000091552734,119.80000305175781,120.16000366210938,723743
2025-12-29 09:40:00+05:30,120.11000061035156,120.19000244140625,119.86000061035156,119.87000274658203,237239
2025-12-29 09:45:00+05:30,119.87000274658203,120.0999984741211,119.83000183105469,119.98999786376953,308419
2025-12-29 09:50:00+05:30,119.97000122070312,119.9800033569336,119.44000244140625,119.5999984741211,418540
2025-12-29 09:55:00+05:30,119.5999984741211,119.62999725341797,119.29000091552734,119.41000366210938,210734
2025-12-29 10:00:00+05:30,119.41000366210938,119.58000183105469,119.36000061035156,119.5199966430664,211201
2025-12-29 10:05:00+05:30,119.5199966430664,119.86000061035156,119.41999816894531,119.86000061035156,233211
2025-12-29 10:10:00+05:30,119.8499984741211,120.0,119.66999816894531,119.83999633789062,162081
2025-12-29 10:15:00+05:30,119.76000213623047,119.83000183105469,119.68000030517578,119.77999877929688,104593
2025-12-29 10:20:00+05:30,119.73999786376953,119.86000061035156,119.72000122070312,119.79000091552734,153068
2025-12-29 10:25:00+05:30,119.76000213623047,119.9000015258789,119.76000213623047,119.8499984741211,53930
2025-12-29 10:30:00+05:30,119.8499984741211,119.97000122070312,119.80000305175781,119.83000183105469,153862
2025-12-29 10:35:00+05:30,119.87000274658203,119.94000244140625,119.80999755859375,119.87999725341797,82322
2025-12-29 10:40:00+05:30,119.91999816894531,119.98999786376953,119.8499984741211,119.93000030517578,144739
2025-12-29 10:45:00+05:30,119.9000015258789,120.08999633789062,119.87999725341797,120.04000091552734,243844
2025-12-29 10:50:00+05:30,119.94999694824219,120.01000213623047,119.9000015258789,119.91999816894531,97965
2025-12-29 10:55:00+05:30,119.94000244140625,119.94000244140625,119.72000122070312,119.72000122070312,145654
2025-12-29 11:00:00+05:30,119.75,119.75,119.48999786376953,119.48999786376953,144771
2025-12-29 11:05:00+05:30,119.5,119.63999938964844,119.5,119.63999938964844,123396
2025-12-29 11:10:00+05:30,119.62999725341797,119.83999633789062,119.61000061035156,119.79000091552734,97621
2025-12-29 11:15:00+05:30,119.79000091552734,119.87000274658203,119.66999816894531,119.66999816894531,62807
2025-12-29 11:20:00+05:30,119.66999816894531,119.69999694824219,119.61000061035156,119.63999938964844,33194
2025-12-29 11:25:00+05:30,119.66999816894531,119.91999816894531,119.66999816894531,119.73999786376953,192231
2025-12-29 11:30:00+05:30,119.75,120.18000030517578,119.55999755859375,119.97000122070312,327458
2025-12-29 11:35:00+05:30,119.97000122070312,120.30000305175781,119.94000244140625,120.25,250449
2025-12-29 11:40:00+05:30,120.25,120.56999969482422,120.25,120.54000091552734,315692
2025-12-29 11:45:00+05:30,120.5199966430664,120.56999969482422,120.4000015258789,120.43000030517578,131944
2025-12-29 11:50:00+05:30,120.41999816894531,120.47000122070312,120.30000305175781,120.33000183105469,163225
2025-12-29 11:55:00+05:30,120.30999755859375,120.79000091552734,120.26000213623047,120.77999877929688,408092
2025-12-29 12:00:00+05:30,120.77999877929688,120.9800033569336,120.73999786376953,120.79000091552734,308160
2025-12-29 12:05:00+05:30,120.79000091552734,120.87999725341797,120.76000213623047,120.80000305175781,110842
2025-12-29 12:10:00+05:30,120.80000305175781,120.8499984741211,120.62000274658203,120.63999938964844,133995
2025-12-29 12:15:00+05:30,120.6500015258789,120.86000061035156,120.5199966430664,120.80000305175781,230540
2025-12-29 12:20:00+05:30,120.77999877929688,120.83999633789062,120.5999984741211,120.5999984741211,120468
2025-12-29 12:25:00+05:30,120.5999984741211,120.70999908447266,120.3499984741211,120.37000274658203,217188
2025-12-29 12:30:00+05:30,120.36000061035156,120.55000305175781,120.19999694824219,120.19999694824219,123673
2025-12-29 12:35:00+05:30,120.23999786376953,120.69000244140625,120.22000122070312,120.62999725341797,156676
2025-12-29 12:40:00+05:30,120.58999633789062,120.61000061035156,120.4000015258789,120.55000305175781,88792
2025-12-29 12:45:00+05:30,120.55000305175781,120.61000061035156,120.44999694824219,120.5199966430664,91076
2025-12-29 12:50:00+05:30,120.5,120.66999816894531,120.47000122070312,120.6500015258789,126530
2025-12-29 12:55:00+05:30,120.66999816894531,120.7300033569336,120.37000274658203,120.37000274658203,147624
2025-12-29 13:00:00+05:30,120.37999725341797,120.4000015258789,120.25,120.2699966430664,120801
2025-12-29 13:05:00+05:30,120.27999877929688,120.3499984741211,120.25,120.30000305175781,71134
2025-12-29 13:10:00+05:30,120.27999877929688,120.30000305175781,119.91000366210938,119.94000244140625,267790
2025-12-29 13:15:00+05:30,119.88999938964844,119.98999786376953,119.80000305175781,119.94999694824219,359799
2025-12-29 13:20:00+05:30,119.94999694824219,120.05000305175781,119.93000030517578,120.04000091552734,197536
2025-12-29 13:25:00+05:30,120.04000091552734,120.06999969482422,119.7300033569336,119.7300033569336,270567
2025-12-29 13:30:00+05:30,119.7300033569336,119.83999633789062,119.66000366210938,119.83999633789062,268107
2025-12-29 13:35:00+05:30,119.83000183105469,119.8499984741211,119.72000122070312,119.76000213623047,231961
2025-12-29 13:40:00+05:30,119.76000213623047,119.94999694824219,119.76000213623047,119.94999694824219,170274
2025-12-29 13:45:00+05:30,119.91000366210938,120.13999938964844,119.9000015258789,119.94999694824219,228385
2025-12-29 13:50:00+05:30,119.9800033569336,120.12999725341797,119.97000122070312,120.05000305175781,171194
2025-12-29 13:55:00+05:30,120.05000305175781,120.3499984741211,120.05000305175781,120.1500015258789,260444
2025-12-29 14:00:00+05:30,120.13999938964844,120.2300033569336,120.0999984741211,120.0999984741211,140670
2025-12-29 14:05:00+05:30,120.11000061035156,120.55000305175781,120.08999633789062,120.4000015258789,316523
2025-12-29 14:10:00+05:30,120.4000015258789,120.4000015258789,120.19000244140625,120.19000244140625,260803
2025-12-29 14:15:00+05:30,120.16999816894531,120.2699966430664,119.94000244140625,119.94000244140625,496355
2025-12-29 14:20:00+05:30,119.94999694824219,120.30999755859375,119.91000366210938,120.29000091552734,202171
2025-12-29 14:25:00+05:30,120.29000091552734,120.44999694824219,120.29000091552734,120.4000015258789,222507
2025-12-29 14:30:00+05:30,120.4000015258789,120.4000015258789,120.26000213623047,120.30000305175781,203432
2025-12-29 14:35:00+05:30,120.30000305175781,120.33999633789062,120.05999755859375,120.16999816894531,328013
2025-12-29 14:40:00+05:30,120.11000061035156,120.18000030517578,120.06999969482422,120.18000030517578,203490
2025-12-29 14:45:00+05:30,120.16000366210938,120.18000030517578,120.0199966430664,120.04000091552734,214810
2025-12-29 14:50:00+05:30,120.02999877929688,120.08000183105469,119.91000366210938,120.01000213623047,207073
2025-12-29 14:55:00+05:30,119.98999786376953,120.43000030517578,119.98999786376953,120.37999725341797,340206
2025-12-29 15:00:00+05:30,120.54000091552734,120.55999755859375,120.33999633789062,120.38999938964844,264706
2025-12-29 15:05:00+05:30,120.4000015258789,120.44999694824219,120.33999633789062,120.36000061035156,251540
2025-12-29 15:10:00+05:30,120.37000274658203,120.5999984741211,120.37000274658203,120.5999984741211,404387
2025-12-29 15:15:00+05:30,120.56999969482422,120.76000213623047,120.4800033569336,120.55000305175781,1082809
2025-12-29 15:20:00+05:30,120.55000305175781,120.55000305175781,120.38999938964844,120.5,492995
2025-12-29 15:25:00+05:30,120.5199966430664,120.66999816894531,120.5,120.54000091552734,420394
2025-12-30 09:20:00+05:30,119.69999694824219,119.8499984741211,119.48999786376953,119.62000274658203,209612
2025-12-30 09:25:00+05:30,119.63999938964844,119.83000183105469,119.55999755859375,119.66999816894531,135335
2025-12-30 09:30:00+05:30,119.66000366210938,119.80999755859375,119.51000213623047,119.80999755859375,147374
2025-12-30 09:35:00+05:30,119.80000305175781,119.80000305175781,119.68000030517578,119.76000213623047,89287
2025-12-30 09:40:00+05:30,119.73999786376953,119.94000244140625,119.70999908447266,119.94000244140625,367518
2025-12-30 09:45:00+05:30,119.94000244140625,119.9800033569336,119.8499984741211,119.91999816894531,443755
2025-12-30 09:50:00+05:30,119.91999816894531,120.18000030517578,119.91999816894531,120.0199966430664,158622
2025-12-30 09:55:00+05:30,120.0199966430664,120.2699966430664,120.0199966430664,120.20999908447266,134026
2025-12-30 10:00:00+05:30,120.20999908447266,120.6500015258789,120.20999908447266,120.33999633789062,991654
2025-12-30 10:05:00+05:30,120.33999633789062,120.47000122070312,120.2300033569336,120.3499984741211,273081
2025-12-30 10:10:00+05:30,120.33000183105469,120.48999786376953,120.25,120.44000244140625,70099
2025-12-30 10:15:00+05:30,120.43000030517578,120.73999786376953,120.4000015258789,120.61000061035156,184897
2025-12-30 10:20:00+05:30,120.61000061035156,121.06999969482422,120.61000061035156,120.97000122070312,360892
2025-12-30 10:25:00+05:30,120.94999694824219,121.0199966430664,120.88999938964844,121.01000213623047,145273
2025-12-30 10:30:00+05:30,121.02999877929688,121.23999786376953,120.94000244140625,120.94999694824219,169045
2025-12-30 10:35:00+05:30,120.98999786376953,121.1500015258789,120.8499984741211,120.95999908447266,317946
2025-12-30 10:40:00+05:30,120.94999694824219,121.0199966430664,120.69999694824219,120.69999694824219,185790
2025-12-30 10:45:00+05:30,120.70999908447266,120.91999816894531,120.69999694824219,120.87999725341797,75911
2025-12-30 10:50:00+05:30,120.87999725341797,121.08999633789062,120.70999908447266,120.73999786376953,93846
2025-12-30 10:55:00+05:30,120.73999786376953,120.8499984741211,120.72000122070312,120.80999755859375,65643
2025-12-30 11:00:00+05:30,120.81999969482422,120.9000015258789,120.75,120.77999877929688,75143
2025-12-30 11:05:00+05:30,120.83000183105469,120.87999725341797,120.73999786376953,120.7699966430664,36550
2025-12-30 11:10:00+05:30,120.79000091552734,120.94000244140625,120.69999694824219,120.87999725341797,92947
2025-12-30 11:15:00+05:30,120.88999938964844,121.16000366210938,120.88999938964844,121.1500015258789,143534
2025-12-30 11:20:00+05:30,121.12999725341797,121.4800033569336,121.08000183105469,121.44999694824219,302654
2025-12-30 11:25:00+05:30,121.5,121.58000183105469,121.33999633789062,121.36000061035156,243431
2025-12-30 11:30:00+05:30,121.3499984741211,121.3499984741211,121.12999725341797,121.18000030517578,144745
2025-12-30 11:35:00+05:30,121.20999908447266,121.3499984741211,121.13999938964844,121.33000183105469,75697
2025-12-30 11:40:00+05:30,121.3499984741211,121.66000366210938,121.30000305175781,121.66000366210938,230689
2025-12-30 11:45:00+05:30,121.6500015258789,121.69999694824219,121.5,121.52999877929688,82046
2025-12-30 11:50:00+05:30,121.55000305175781,121.58999633789062,121.41999816894531,121.44999694824219,86418
2025-12-30 11:55:00+05:30,121.44999694824219,121.5,121.4000015258789,121.43000030517578,136046
2025-12-30 12:00:00+05:30,121.4800033569336,121.61000061035156,121.43000030517578,121.55000305175781,194030
2025-12-30 12:05:00+05:30,121.58999633789062,121.58999633789062,121.47000122070312,121.55000305175781,95811
2025-12-30 12:10:00+05:30,121.56999969482422,121.61000061035156,121.37000274658203,121.37000274658203,124677
2025-12-30 12:15:00+05:30,121.37000274658203,121.55000305175781,121.36000061035156,121.5199966430664,77859
2025-12-30 12:20:00+05:30,121.52999877929688,121.5999984741211,121.48999786376953,121.55999755859375,54151
2025-12-30 12:25:00+05:30,121.56999969482422,121.63999938964844,121.4800033569336,121.62999725341797,93009
2025-12-30 12:30:00+05:30,121.62999725341797,121.68000030517578,121.55999755859375,121.5999984741211,127169
2025-12-30 12:35:00+05:30,121.6500015258789,121.73999786376953,121.61000061035156,121.7300033569336,111886
2025-12-30 12:40:00+05:30,121.73999786376953,121.83000183105469,121.72000122070312,121.83000183105469,104446
2025-12-30 12:45:00+05:30,121.83000183105469,121.94000244140625,121.7699966430664,121.91000366210938,138811
2025-12-30 12:50:00+05:30,121.87000274658203,121.94999694824219,121.83000183105469,121.88999938964844,130326
2025-12-30 12:55:00+05:30,121.88999938964844,121.91000366210938,121.73999786376953,121.79000091552734,75006
2025-12-30 13:00:00+05:30,121.7699966430664,121.77999877929688,121.58000183105469,121.62000274658203,238399
2025-12-30 13:05:00+05:30,121.6500015258789,121.93000030517578,121.58000183105469,121.61000061035156,381128
2025-12-30 13:10:00+05:30,121.62000274658203,121.80000305175781,121.5,121.69999694824219,369448
2025-12-30 13:15:00+05:30,121.69999694824219,121.9000015258789,121.69999694824219,121.75,119160
2025-12-30 13:20:00+05:30,121.7699966430664,121.80000305175781,121.6500015258789,121.66000366210938,59487
2025-12-30 13:25:00+05:30,121.66999816894531,121.7300033569336,121.5999984741211,121.5999984741211,108184
2025-12-30 13:30:00+05:30,121.63999938964844,121.7699966430664,121.61000061035156,121.69000244140625,144762
2025-12-30 13:35:00+05:30,121.73999786376953,121.87999725341797,121.69000244140625,121.87000274658203,77177
2025-12-30 13:40:00+05:30,121.87999725341797,122.0,121.8499984741211,121.9800033569336,161285
2025-12-30 13:45:00+05:30,121.98999786376953,122.18000030517578,121.98999786376953,122.13999938964844,502190
2025-12-30 13:50:00+05:30,122.13999938964844,122.16000366210938,122.01000213623047,122.05000305175781,222734
2025-12-30 13:55:00+05:30,122.0999984741211,122.0999984741211,121.91999816894531,121.94000244140625,64533
2025-12-30 14:00:00+05:30,121.94000244140625,122.0,121.88999938964844,121.95999908447266,87212
2025-12-30 14:05:00+05:30,121.95999908447266,122.0999984741211,121.95999908447266,122.08000183105469,105677
2025-12-30 14:10:00+05:30,122.08999633789062,122.0999984741211,122.01000213623047,122.05999755859375,63003
2025-12-30 14:15:00+05:30,122.0999984741211,122.26000213623047,122.05000305175781,122.19999694824219,338304
2025-12-30 14:20:00+05:30,122.26000213623047,122.26000213623047,122.11000061035156,122.22000122070312,180110
2025-12-30 14:25:00+05:30,122.29000091552734,122.29000091552734,122.12000274658203,122.12999725341797,90236
2025-12-30 14:30:00+05:30,122.12000274658203,122.2300033569336,122.08000183105469,122.16999816894531,84183
2025-12-30 14:35:00+05:30,122.16999816894531,122.16999816894531,121.91000366210938,121.9800033569336,163993
2025-12-30 14:40:00+05:30,121.9800033569336,122.0999984741211,121.97000122070312,122.0999984741211,109918
2025-12-30 14:45:00+05:30,122.05000305175781,122.25,121.98999786376953,122.23999786376953,158049
2025-12-30 14:50:00+05:30,122.26000213623047,122.4000015258789,122.25,122.36000061035156,230494
2025-12-30 14:55:00+05:30,122.37000274658203,122.45999908447266,122.36000061035156,122.37000274658203,151664
2025-12-30 15:00:00+05:30,122.44999694824219,122.58999633789062,122.0999984741211,122.2300033569336,2325012
2025-12-30 15:05:00+05:30,122.19999694824219,122.45999908447266,122.1500015258789,122.36000061035156,2052510
2025-12-30 15:10:00+05:30,122.36000061035156,122.73999786376953,122.30000305175781,122.5,2247678
2025-12-30 15:15:00+05:30,122.44000244140625,122.54000091552734,122.30999755859375,122.30999755859375,2296481
2025-12-30 15:20:00+05:30,122.29000091552734,122.48999786376953,122.29000091552734,122.45999908447266,2111869
2025-12-30 15:25:00+05:30,122.44999694824219,122.44999694824219,121.80999755859375,122.25,1582966
2025-12-31 09:20:00+05:30,122.58000183105469,122.94999694824219,122.55000305175781,122.94999694824219,475487
2025-12-31 09:25:00+05:30,122.91000366210938,123.37000274658203,122.86000061035156,123.37000274658203,684292
2025-12-31 09:30:00+05:30,123.16999816894531,123.69000244140625,123.05000305175781,123.58000183105469,418066
2025-12-31 09:35:00+05:30,123.5,123.5,123.25,123.33000183105469,206681
2025-12-31 09:40:00+05:30,123.33000183105469,123.33999633789062,123.11000061035156,123.11000061035156,160342
2025-12-31 09:45:00+05:30,123.16000366210938,123.41000366210938,123.12000274658203,123.37000274658203,288061
2025-12-31 09:50:00+05:30,123.43000030517578,123.5199966430664,123.30000305175781,123.44999694824219,269766
2025-12-31 09:55:00+05:30,123.44999694824219,123.44999694824219,123.19999694824219,123.37000274658203,303612
2025-12-31 10:00:00+05:30,123.31999969482422,123.83999633789062,123.27999877929688,123.7300033569336,470994
2025-12-31 10:05:00+05:30,123.80000305175781,123.9000015258789,123.5999984741211,123.86000061035156,310958
2025-12-31 10:10:00+05:30,123.88999938964844,124.27999877929688,123.8499984741211,124.08000183105469,717046
2025-12-31 10:15:00+05:30,124.13999938964844,124.22000122070312,124.08999633789062,124.19000244140625,223816
2025-12-31 10:20:00+05:30,124.16999816894531,124.19999694824219,124.0199966430664,124.12999725341797,170830
2025-12-31 10:25:00+05:30,124.08999633789062,124.44999694824219,124.01000213623047,124.4000015258789,354915
2025-12-31 10:30:00+05:30,124.43000030517578,125.12000274658203,124.33000183105469,125.0999984741211,1283773
2025-12-31 10:35:00+05:30,125.0999984741211,125.0999984741211,124.81999969482422,124.93000030517578,352455
2025-12-31 10:40:00+05:30,124.94000244140625,125.33000183105469,124.83000183105469,125.33000183105469,606534
2025-12-31 10:45:00+05:30,125.3499984741211,125.3499984741211,124.69999694824219,124.87000274658203,556635
2025-12-31 10:50:00+05:30,124.86000061035156,124.9000015258789,124.61000061035156,124.63999938964844,210248
2025-12-31 10:55:00+05:30,124.66000366210938,124.80000305175781,124.52999877929688,124.73999786376953,180575
2025-12-31 11:00:00+05:30,124.79000091552734,124.87000274658203,124.44000244140625,124.56999969482422,599700
2025-12-31 11:05:00+05:30,124.55999755859375,124.77999877929688,124.55000305175781,124.77999877929688,108567
2025-12-31 11:10:00+05:30,124.77999877929688,124.80000305175781,124.44000244140625,124.48999786376953,116545
2025-12-31 11:15:00+05:30,124.47000122070312,124.7300033569336,124.47000122070312,124.63999938964844,97473
2025-12-31 11:20:00+05:30,124.69999694824219,124.69999694824219,124.56999969482422,124.6500015258789,85821
2025-12-31 11:25:00+05:30,124.62999725341797,124.69999694824219,124.5,124.62999725341797,93994
2025-12-31 11:30:00+05:30,124.58000183105469,124.73999786376953,124.52999877929688,124.70999908447266,211103
2025-12-31 11:35:00+05:30,124.70999908447266,124.75,124.5199966430664,124.5999984741211,92856
2025-12-31 11:40:00+05:30,124.62000274658203,124.62999725341797,124.25,124.30000305175781,359168
2025-12-31 11:45:00+05:30,124.30000305175781,124.41000366210938,124.30000305175781,124.3499984741211,42239
2025-12-31 11:50:00+05:30,124.3499984741211,124.41000366210938,124.16999816894531,124.19000244140625,271916
2025-12-31 11:55:00+05:30,124.22000122070312,124.25,124.12000274658203,124.13999938964844,85282
2025-12-31 12:00:00+05:30,124.13999938964844,124.23999786376953,124.05000305175781,124.12000274658203,189499
2025-12-31 12:05:00+05:30,124.13999938964844,124.36000061035156,124.02999877929688,124.30000305175781,175146
2025-12-31 12:10:00+05:30,124.30000305175781,124.30000305175781,124.1500015258789,124.1500015258789,65068
2025-12-31 12:15:00+05:30,124.16000366210938,124.31999969482422,124.1500015258789,124.29000091552734,110406
2025-12-31 12:20:00+05:30,124.25,124.72000122070312,124.16000366210938,124.68000030517578,232289
2025-12-31 12:25:00+05:30,124.69000244140625,124.73999786376953,124.44000244140625,124.55999755859375,168562
2025-12-31 12:30:00+05:30,124.55000305175781,124.61000061035156,124.44999694824219,124.52999877929688,60560
2025-12-31 12:35:00+05:30,124.55000305175781,124.55000305175781,124.26000213623047,124.26000213623047,146296
2025-12-31 12:40:00+05:30,124.30000305175781,124.33999633789062,124.20999908447266,124.2699966430664,94716
2025-12-31 12:45:00+05:30,124.20999908447266,124.3499984741211,124.20999908447266,124.30000305175781,86041
2025-12-31 12:50:00+05:30,124.30000305175781,124.5,124.30000305175781,124.36000061035156,94810
2025-12-31 12:55:00+05:30,124.37999725341797,124.41000366210938,124.31999969482422,124.37999725341797,53573
2025-12-31 13:00:00+05:30,124.36000061035156,124.4000015258789,124.12999725341797,124.20999908447266,150567
2025-12-31 13:05:00+05:30,124.22000122070312,124.5,124.20999908447266,124.47000122070312,631867
2025-12-31 13:10:00+05:30,124.44000244140625,124.44999694824219,124.31999969482422,124.41999816894531,41685
2025-12-31 13:15:00+05:30,124.36000061035156,124.41000366210938,124.19000244140625,124.22000122070312,68399
2025-12-31 13:20:00+05:30,124.23999786376953,124.44000244140625,124.23999786376953,124.33000183105469,36824
2025-12-31 13:25:00+05:30,124.33000183105469,124.44999694824219,124.33000183105469,124.4000015258789,65196
2025-12-31 13:30:00+05:30,124.4000015258789,124.43000030517578,124.2300033569336,124.25,68360
2025-12-31 13:35:00+05:30,124.25,124.29000091552734,124.04000091552734,124.08000183105469,88370
2025-12-31 13:40:00+05:30,124.05000305175781,124.08000183105469,123.91999816894531,124.0,202741
2025-12-31 13:45:00+05:30,123.9800033569336,124.05999755859375,123.94999694824219,123.94999694824219,76899
2025-12-31 13:50:00+05:30,123.94999694824219,124.05000305175781,123.91999816894531,124.0,75634
2025-12-31 13:55:00+05:30,124.04000091552734,124.05000305175781,123.79000091552734,123.79000091552734,139581
2025-12-31 14:00:00+05:30,123.81999969482422,123.88999938964844,123.69999694824219,123.79000091552734,235545
2025-12-31 14:05:00+05:30,123.77999877929688,123.93000030517578,123.73999786376953,123.83999633789062,75723
2025-12-31 14:10:00+05:30,123.83999633789062,123.91000366210938,123.76000213623047,123.83999633789062,157227
2025-12-31 14:15:00+05:30,123.8499984741211,123.91999816894531,123.80000305175781,123.8499984741211,58095
2025-12-31 14:20:00+05:30,123.87999725341797,123.87999725341797,123.72000122070312,123.75,108792
2025-12-31 14:25:00+05:30,123.73999786376953,123.80999755859375,123.6500015258789,123.70999908447266,105728
2025-12-31 14:30:00+05:30,123.70999908447266,123.81999969482422,123.69000244140625,123.69000244140625,74129
2025-12-31 14:35:00+05:30,123.73999786376953,123.73999786376953,123.5999984741211,123.69999694824219,188953
2025-12-31 14:40:00+05:30,123.75,123.75,123.58999633789062,123.58999633789062,161043
2025-12-31 14:45:00+05:30,123.5199966430664,123.69999694824219,123.51000213623047,123.66999816894531,187079
2025-12-31 14:50:00+05:30,123.66999816894531,123.8499984741211,123.62000274658203,123.81999969482422,188883
2025-12-31 14:55:00+05:30,123.83999633789062,124.05000305175781,123.81999969482422,124.01000213623047,410411
2025-12-31 15:00:00+05:30,124.02999877929688,124.02999877929688,123.55999755859375,123.61000061035156,562924
2025-12-31 15:05:00+05:30,123.58999633789062,123.75,123.58999633789062,123.69999694824219,329321
2025-12-31 15:10:00+05:30,123.69999694824219,123.69999694824219,123.55999755859375,123.55999755859375,353505
2025-12-31 15:15:00+05:30,123.55000305175781,123.58000183105469,123.41000366210938,123.43000030517578,543440
2025-12-31 15:20:00+05:30,123.41999816894531,123.75,123.3499984741211,123.55000305175781,1028210
2025-12-31 15:25:00+05:30,123.55000305175781,123.80000305175781,123.52999877929688,123.5999984741211,500364
2026-01-01 09:20:00+05:30,123.93000030517578,123.93000030517578,123.61000061035156,123.75,196729
2026-01-01 09:25:00+05:30,123.66999816894531,123.69000244140625,123.23999786376953,123.61000061035156,165635
2026-01-01 09:30:00+05:30,123.62000274658203,123.62000274658203,123.25,123.36000061035156,95642
2026-01-01 09:35:00+05:30,123.33000183105469,123.37999725341797,123.19999694824219,123.2699966430664,112855
2026-01-01 09:40:00+05:30,123.3499984741211,123.87000274658203,123.30000305175781,123.79000091552734,175060
2026-01-01 09:45:00+05:30,123.7699966430664,123.77999877929688,123.51000213623047,123.76000213623047,81944
2026-01-01 09:50:00+05:30,123.76000213623047,124.04000091552734,123.66000366210938,123.94000244140625,169043
2026-01-01 09:55:00+05:30,123.94000244140625,124.25,123.9000015258789,124.08000183105469,217724
2026-01-01 10:00:00+05:30,124.0999984741211,124.5999984741211,124.05000305175781,124.44000244140625,287634
2026-01-01 10:05:00+05:30,124.45999908447266,124.69999694824219,124.4000015258789,124.51000213623047,217897
2026-01-01 10:10:00+05:30,124.5,124.5,124.25,124.36000061035156,89021
2026-01-01 10:15:00+05:30,124.44000244140625,124.44000244140625,124.1500015258789,124.16999816894531,119911
2026-01-01 10:20:00+05:30,124.16999816894531,124.16999816894531,123.91000366210938,124.11000061035156,570900
2026-01-01 10:25:00+05:30,124.11000061035156,124.4000015258789,124.08000183105469,124.38999938964844,82273
2026-01-01 10:30:00+05:30,124.4000015258789,124.41999816894531,124.20999908447266,124.22000122070312,41129
2026-01-01 10:35:00+05:30,124.22000122070312,124.56999969482422,124.22000122070312,124.5,101310
2026-01-01 10:40:00+05:30,124.4000015258789,124.4000015258789,124.22000122070312,124.2300033569336,39667
2026-01-01 10:45:00+05:30,124.2300033569336,124.23999786376953,124.11000061035156,124.16000366210938,46915
2026-01-01 10:50:00+05:30,124.19999694824219,124.25,124.1500015258789,124.16999816894531,37900
2026-01-01 10:55:00+05:30,124.1500015258789,124.25,123.87000274658203,123.87000274658203,71336
2026-01-01 11:00:00+05:30,123.91000366210938,124.13999938964844,123.9000015258789,124.01000213623047,56537
2026-01-01 11:05:00+05:30,124.05000305175781,124.12999725341797,124.01000213623047,124.01000213623047,26582
2026-01-01 11:10:00+05:30,124.01000213623047,124.33999633789062,123.94999694824219,124.20999908447266,57145
2026-01-01 11:15:00+05:30,124.19999694824219,124.25,124.12000274658203,124.1500015258789,55986
2026-01-01 11:20:00+05:30,124.1500015258789,124.4000015258789,124.13999938964844,124.3499984741211,71403
2026-01-01 11:25:00+05:30,124.31999969482422,124.31999969482422,124.1500015258789,124.19999694824219,36453
2026-01-01 11:30:00+05:30,124.18000030517578,124.22000122070312,124.0999984741211,124.12000274658203,59000
2026-01-01 11:35:00+05:30,124.11000061035156,124.33999633789062,124.0999984741211,124.19999694824219,47877
2026-01-01 11:40:00+05:30,124.20999908447266,124.33999633789062,124.20999908447266,124.2300033569336,28408
2026-01-01 11:45:00+05:30,124.2300033569336,124.25,124.11000061035156,124.16000366210938,15908
2026-01-01 11:50:00+05:30,124.1500015258789,124.20999908447266,124.0999984741211,124.16999816894531,25687
2026-01-01 11:55:00+05:30,124.22000122070312,124.27999877929688,124.16000366210938,124.2699966430664,24442
2026-01-01 12:00:00+05:30,124.25,124.54000091552734,124.22000122070312,124.3499984741211,111730
2026-01-01 12:05:00+05:30,124.3499984741211,124.4000015258789,124.13999938964844,124.1500015258789,152806
2026-01-01 12:10:00+05:30,124.19999694824219,124.25,124.01000213623047,124.01000213623047,62090
2026-01-01 12:15:00+05:30,124.01000213623047,124.01000213623047,123.83000183105469,123.9800033569336,108650
2026-01-01 12:20:00+05:30,123.9800033569336,124.06999969482422,123.93000030517578,123.98999786376953,50029
2026-01-01 12:25:00+05:30,123.98999786376953,124.04000091552734,123.9000015258789,123.94000244140625,50947
2026-01-01 12:30:00+05:30,123.98999786376953,124.0,123.88999938964844,123.9000015258789,14133
2026-01-01 12:35:00+05:30,123.87999725341797,123.93000030517578,123.79000091552734,123.83999633789062,38953
2026-01-01 12:40:00+05:30,123.80000305175781,123.8499984741211,123.75,123.77999877929688,86066
2026-01-01 12:45:00+05:30,123.80999755859375,123.91000366210938,123.77999877929688,123.87999725341797,41313
2026-01-01 12:50:00+05:30,123.88999938964844,123.9800033569336,123.83999633789062,123.94000244140625,31812
2026-01-01 12:55:00+05:30,123.94999694824219,123.95999908447266,123.9000015258789,123.95999908447266,15845
2026-01-01 13:00:00+05:30,123.95999908447266,124.02999877929688,123.8499984741211,123.8499984741211,108555
2026-01-01 13:05:00+05:30,123.83999633789062,123.9000015258789,123.80000305175781,123.80000305175781,25676
2026-01-01 13:10:00+05:30,123.80000305175781,123.8499984741211,123.70999908447266,123.72000122070312,43477
2026-01-01 13:15:00+05:30,123.72000122070312,123.79000091552734,123.69999694824219,123.7300033569336,36974
2026-01-01 13:20:00+05:30,123.7300033569336,124.05999755859375,123.69999694824219,123.98999786376953,445757
2026-01-01 13:25:00+05:30,123.93000030517578,124.08999633789062,123.9000015258789,123.93000030517578,272065
2026-01-01 13:30:00+05:30,123.94999694824219,123.9800033569336,123.87000274658203,123.87000274658203,36373
2026-01-01 13:35:00+05:30,123.87000274658203,123.93000030517578,123.80000305175781,123.8499984741211,26580
2026-01-01 13:40:00+05:30,123.8499984741211,123.8499984741211,123.7699966430664,123.79000091552734,21753
2026-01-01 13:45:00+05:30,123.83999633789062,123.9000015258789,123.76000213623047,123.87000274658203,15486
2026-01-01 13:50:00+05:30,123.87000274658203,123.91000366210938,123.83000183105469,123.8499984741211,17008
2026-01-01 13:55:00+05:30,123.8499984741211,123.94999694824219,123.80000305175781,123.80999755859375,22986
2026-01-01 14:00:00+05:30,123.86000061035156,123.9000015258789,123.79000091552734,123.81999969482422,35237
2026-01-01 14:05:00+05:30,123.83000183105469,123.88999938964844,123.6500015258789,123.69999694824219,164116
2026-01-01 14:10:00+05:30,123.75,123.8499984741211,123.66000366210938,123.68000030517578,101464
2026-01-01 14:15:00+05:30,123.66000366210938,123.80000305175781,123.6500015258789,123.75,36386
2026-01-01 14:20:00+05:30,123.76000213623047,123.83999633789062,123.5999984741211,123.83999633789062,33304
2026-01-01 14:25:00+05:30,123.83999633789062,123.83999633789062,123.6500015258789,123.69999694824219,17696
2026-01-01 14:30:00+05:30,123.73999786376953,123.79000091552734,123.68000030517578,123.7300033569336,54854
2026-01-01 14:35:00+05:30,123.75,123.83999633789062,123.70999908447266,123.83999633789062,32820
2026-01-01 14:40:00+05:30,123.83999633789062,123.83999633789062,123.68000030517578,123.72000122070312,44406
2026-01-01 14:45:00+05:30,123.70999908447266,123.77999877929688,123.70999908447266,123.77999877929688,15749
2026-01-01 14:50:00+05:30,123.7699966430664,123.8499984741211,123.66999816894531,123.81999969482422,49049
2026-01-01 14:55:00+05:30,123.81999969482422,124.06999969482422,123.81999969482422,124.06999969482422,117347
2026-01-01 15:00:00+05:30,124.08000183105469,124.19999694824219,123.94000244140625,124.01000213623047,124741
2026-01-01 15:05:00+05:30,124.0,124.0,123.87999725341797,123.97000122070312,74948
2026-01-01 15:10:00+05:30,123.97000122070312,124.08000183105469,123.9000015258789,124.0,220803
2026-01-01 15:15:00+05:30,124.02999877929688,124.1500015258789,124.0,124.02999877929688,206226
2026-01-01 15:20:00+05:30,124.02999877929688,124.05999755859375,123.73999786376953,123.76000213623047,316030
2026-01-01 15:25:00+05:30,123.80000305175781,123.93000030517578,123.70999908447266,123.70999908447266,188009
2026-01-02 09:20:00+05:30,124.44000244140625,124.69999694824219,124.26000213623047,124.6500015258789,350270
2026-01-02 09:25:00+05:30,124.70999908447266,124.87999725341797,124.51000213623047,124.73999786376953,268008
2026-01-02 09:30:00+05:30,124.69999694824219,124.87999725341797,124.55000305175781,124.6500015258789,151474
2026-01-02 09:35:00+05:30,124.61000061035156,124.68000030517578,124.36000061035156,124.4000015258789,128249
2026-01-02 09:40:00+05:30,124.44999694824219,124.83999633789062,124.44999694824219,124.77999877929688,164122
2026-01-02 09:45:00+05:30,124.77999877929688,124.80000305175781,124.55999755859375,124.70999908447266,96918
2026-01-02 09:50:00+05:30,124.76000213623047,124.76000213623047,124.5999984741211,124.69999694824219,84387
2026-01-02 09:55:00+05:30,124.6500015258789,124.69000244140625,124.4800033569336,124.52999877929688,63097
2026-01-02 10:00:00+05:30,124.5,124.58999633789062,124.43000030517578,124.51000213623047,30384
2026-01-02 10:05:00+05:30,124.51000213623047,124.6500015258789,124.48999786376953,124.48999786376953,70484
2026-01-02 10:10:00+05:30,124.4800033569336,124.80000305175781,124.47000122070312,124.66000366210938,130844
2026-01-02 10:15:00+05:30,124.66000366210938,124.69000244140625,124.4800033569336,124.54000091552734,51268
2026-01-02 10:20:00+05:30,124.58000183105469,124.5999984741211,124.37999725341797,124.47000122070312,177350
2026-01-02 10:25:00+05:30,124.43000030517578,124.47000122070312,124.12000274658203,124.19999694824219,278095
2026-01-02 10:30:00+05:30,124.19999694824219,124.3499984741211,124.16999816894531,124.2300033569336,201845
2026-01-02 10:35:00+05:30,124.30000305175781,124.33000183105469,124.12000274658203,124.16999816894531,114340
2026-01-02 10:40:00+05:30,124.16000366210938,124.30999755859375,124.1500015258789,124.19999694824219,99342
2026-01-02 10:45:00+05:30,124.16999816894531,124.41999816894531,124.1500015258789,124.31999969482422,118644
2026-01-02 10:50:00+05:30,124.31999969482422,124.41000366210938,124.23999786376953,124.4000015258789,55496
2026-01-02 10:55:00+05:30,124.4000015258789,124.5,124.31999969482422,124.5,70556
2026-01-02 11:00:00+05:30,124.45999908447266,124.6500015258789,124.44999694824219,124.6500015258789,124585
2026-01-02 11:05:00+05:30,124.6500015258789,124.83999633789062,124.5,124.79000091552734,199741
2026-01-02 11:10:00+05:30,124.73999786376953,124.83000183105469,124.6500015258789,124.76000213623047,89302
2026-01-02 11:15:00+05:30,124.7699966430664,124.79000091552734,124.69999694824219,124.72000122070312,62769
2026-01-02 11:20:00+05:30,124.70999908447266,124.88999938964844,124.70999908447266,124.80000305175781,113226
2026-01-02 11:25:00+05:30,124.80000305175781,124.8499984741211,124.7300033569336,124.80000305175781,61327
2026-01-02 11:30:00+05:30,124.80999755859375,124.88999938964844,124.79000091552734,124.80000305175781,92269
2026-01-02 11:35:00+05:30,124.80000305175781,124.8499984741211,124.75,124.8499984741211,57420
2026-01-02 11:40:00+05:30,124.8499984741211,124.88999938964844,124.80000305175781,124.88999938964844,76867
2026-01-02 11:45:00+05:30,124.83999633789062,124.97000122070312,124.80000305175781,124.95999908447266,168138
2026-01-02 11:50:00+05:30,124.94000244140625,124.94999694824219,124.81999969482422,124.8499984741211,72626
2026-01-02 11:55:00+05:30,124.83999633789062,125.08000183105469,124.83999633789062,125.0,420155
2026-01-02 12:00:00+05:30,125.0,125.44000244140625,124.97000122070312,125.27999877929688,602292
2026-01-02 12:05:00+05:30,125.25,125.25,125.05000305175781,125.13999938964844,188625
2026-01-02 12:10:00+05:30,125.11000061035156,125.12999725341797,125.0199966430664,125.11000061035156,126978
2026-01-02 12:15:00+05:30,125.0999984741211,125.1500015258789,125.04000091552734,125.05000305175781,117283
2026-01-02 12:20:00+05:30,125.05000305175781,125.08999633789062,125.01000213623047,125.0199966430664,65663
2026-01-02 12:25:00+05:30,125.04000091552734,125.0999984741211,125.0199966430664,125.08999633789062,57165
2026-01-02 12:30:00+05:30,125.08999633789062,125.29000091552734,125.05000305175781,125.2699966430664,152304
2026-01-02 12:35:00+05:30,125.25,125.27999877929688,125.04000091552734,125.19999694824219,76249
2026-01-02 12:40:00+05:30,125.2300033569336,125.2300033569336,124.98999786376953,125.05999755859375,373851
2026-01-02 12:45:00+05:30,125.0,125.0999984741211,124.98999786376953,125.02999877929688,78928
2026-01-02 12:50:00+05:30,125.08000183105469,125.38999938964844,125.0199966430664,125.33000183105469,233274
2026-01-02 12:55:00+05:30,125.36000061035156,125.36000061035156,125.19000244140625,125.25,166172
2026-01-02 13:00:00+05:30,125.25,125.29000091552734,125.19000244140625,125.25,80458
2026-01-02 13:05:00+05:30,125.25,125.31999969482422,125.19999694824219,125.2699966430664,51036
2026-01-02 13:10:00+05:30,125.23999786376953,125.3499984741211,125.2300033569336,125.3499984741211,93233
2026-01-02 13:15:00+05:30,125.3499984741211,125.38999938964844,125.30000305175781,125.33000183105469,102532
2026-01-02 13:20:00+05:30,125.30000305175781,125.4000015258789,125.23999786376953,125.4000015258789,221236
2026-01-02 13:25:00+05:30,125.37999725341797,125.52999877929688,125.33999633789062,125.4000015258789,291542
2026-01-02 13:30:00+05:30,125.4000015258789,125.44000244140625,125.30999755859375,125.38999938964844,90552
2026-01-02 13:35:00+05:30,125.37999725341797,125.44999694824219,125.30000305175781,125.3499984741211,164045
2026-01-02 13:40:00+05:30,125.37999725341797,125.4000015258789,125.30999755859375,125.38999938964844,98103
2026-01-02 13:45:00+05:30,125.33999633789062,125.4000015258789,125.20999908447266,125.20999908447266,109257
2026-01-02 13:50:00+05:30,125.27999877929688,125.27999877929688,125.16000366210938,125.22000122070312,92290
2026-01-02 13:55:00+05:30,125.22000122070312,125.25,125.13999938964844,125.16000366210938,98949
2026-01-02 14:00:00+05:30,125.19999694824219,125.3499984741211,125.12000274658203,125.1500015258789,142760
2026-01-02 14:05:00+05:30,125.12000274658203,125.25,125.12000274658203,125.16000366210938,62886
2026-01-02 14:10:00+05:30,125.19999694824219,125.23999786376953,125.08000183105469,125.16999816894531,102823
2026-01-02 14:15:00+05:30,125.16000366210938,125.22000122070312,125.12999725341797,125.12999725341797,71581
2026-01-02 14:20:00+05:30,125.12000274658203,125.16999816894531,124.86000061035156,124.86000061035156,392317
2026-01-02 14:25:00+05:30,124.87000274658203,125.1500015258789,124.86000061035156,125.06999969482422,127136
2026-01-02 14:30:00+05:30,125.05999755859375,125.05999755859375,124.86000061035156,124.86000061035156,201090
2026-01-02 14:35:00+05:30,124.9000015258789,125.05000305175781,124.86000061035156,124.9800033569336,92855
2026-01-02 14:40:00+05:30,124.97000122070312,125.0,124.87999725341797,124.91999816894531,52266
2026-01-02 14:45:00+05:30,124.94000244140625,124.9800033569336,124.83999633789062,124.91000366210938,148525
2026-01-02 14:50:00+05:30,124.91000366210938,125.01000213623047,124.9000015258789,124.94999694824219,103840
2026-01-02 14:55:00+05:30,124.94999694824219,125.25,124.94999694824219,125.25,236488
2026-01-02 15:00:00+05:30,125.23999786376953,125.37000274658203,125.20999908447266,125.2699966430664,219278
2026-01-02 15:05:00+05:30,125.2699966430664,125.31999969482422,125.18000030517578,125.30999755859375,426845
2026-01-02 15:10:00+05:30,125.3499984741211,125.3499984741211,125.12000274658203,125.1500015258789,336789
2026-01-02 15:15:00+05:30,125.1500015258789,125.27999877929688,125.0999984741211,125.22000122070312,395055
2026-01-02 15:20:00+05:30,125.20999908447266,125.5999984741211,125.1500015258789,125.5,839895
2026-01-02 15:25:00+05:30,125.5,125.80000305175781,125.48999786376953,125.75,610334
2026-01-05 09:20:00+05:30,127.43000030517578,127.5,126.62000274658203,126.68000030517578,1199638
2026-01-05 09:25:00+05:30,126.68000030517578,127.0999984741211,126.5,126.63999938964844,786369
2026-01-05 09:30:00+05:30,126.63999938964844,126.70999908447266,126.44000244140625,126.44000244140625,429520
2026-01-05 09:35:00+05:30,126.33999633789062,126.41999816894531,126.19999694824219,126.3499984741211,604081
2026-01-05 09:40:00+05:30,126.37000274658203,126.80999755859375,126.2699966430664,126.5999984741211,366522
2026-01-05 09:45:00+05:30,126.5999984741211,126.9000015258789,126.44999694824219,126.83999633789062,194210
2026-01-05 09:50:00+05:30,126.9000015258789,127.12000274658203,126.55000305175781,126.61000061035156,469650
2026-01-05 09:55:00+05:30,126.5999984741211,126.80000305175781,126.55000305175781,126.5999984741211,137145
2026-01-05 10:00:00+05:30,126.62000274658203,126.76000213623047,126.47000122070312,126.66999816894531,160174
2026-01-05 10:05:00+05:30,126.66000366210938,127.05999755859375,126.62000274658203,126.94000244140625,167516
2026-01-05 10:10:00+05:30,126.91999816894531,126.91999816894531,126.6500015258789,126.83999633789062,99920
2026-01-05 10:15:00+05:30,126.88999938964844,126.88999938964844,126.5999984741211,126.62000274658203,158083
2026-01-05 10:20:00+05:30,126.62999725341797,127.01000213623047,126.47000122070312,126.66000366210938,462294
2026-01-05 10:25:00+05:30,126.66999816894531,126.80999755859375,126.55999755859375,126.66000366210938,102802
2026-01-05 10:30:00+05:30,126.66000366210938,126.87000274658203,126.5999984741211,126.8499984741211,103082
2026-01-05 10:35:00+05:30,126.8499984741211,126.86000061035156,126.55000305175781,126.5999984741211,91159
2026-01-05 10:40:00+05:30,126.56999969482422,126.5999984741211,126.33000183105469,126.44000244140625,267731
2026-01-05 10:45:00+05:30,126.48999786376953,126.48999786376953,126.25,126.25,146356
2026-01-05 10:50:00+05:30,126.29000091552734,126.4000015258789,126.05000305175781,126.06999969482422,355568
2026-01-05 10:55:00+05:30,126.06999969482422,126.25,126.05000305175781,126.16999816894531,130260
2026-01-05 11:00:00+05:30,126.19000244140625,126.5199966430664,126.16999816894531,126.47000122070312,97342
2026-01-05 11:05:00+05:30,126.45999908447266,126.72000122070312,126.29000091552734,126.29000091552734,289335
2026-01-05 11:10:00+05:30,126.30999755859375,126.30999755859375,126.0199966430664,126.1500015258789,176360
2026-01-05 11:15:00+05:30,126.16000366210938,126.20999908447266,125.91999816894531,126.01000213623047,328528
2026-01-05 11:20:00+05:30,126.01000213623047,126.01000213623047,125.80999755859375,125.88999938964844,231283
2026-01-05 11:25:00+05:30,125.83000183105469,126.13999938964844,125.80000305175781,125.9800033569336,155406
2026-01-05 11:30:00+05:30,126.0,126.19000244140625,125.9800033569336,126.05999755859375,71937
2026-01-05 11:35:00+05:30,126.05999755859375,126.12000274658203,125.93000030517578,125.98999786376953,127479
2026-01-05 11:40:00+05:30,126.05999755859375,126.27999877929688,125.97000122070312,126.27999877929688,211495
2026-01-05 11:45:00+05:30,126.25,126.44000244140625,126.23999786376953,126.2699966430664,86323
2026-01-05 11:50:00+05:30,126.30999755859375,126.31999969482422,126.0999984741211,126.11000061035156,52940
2026-01-05 11:55:00+05:30,126.11000061035156,126.30999755859375,126.11000061035156,126.27999877929688,55387
2026-01-05 12:00:00+05:30,126.30000305175781,126.38999938964844,126.22000122070312,126.36000061035156,52244
2026-01-05 12:05:00+05:30,126.33000183105469,126.48999786376953,126.30000305175781,126.44000244140625,165761
2026-01-05 12:10:00+05:30,126.44000244140625,126.4800033569336,126.16999816894531,126.2300033569336,65647
2026-01-05 12:15:00+05:30,126.22000122070312,126.30000305175781,126.19999694824219,126.22000122070312,59126
2026-01-05 12:20:00+05:30,126.26000213623047,126.30000305175781,126.19999694824219,126.26000213623047,31519
2026-01-05 12:25:00+05:30,126.26000213623047,126.26000213623047,126.0999984741211,126.12999725341797,57182
2026-01-05 12:30:00+05:30,126.12999725341797,126.22000122070312,126.0999984741211,126.13999938964844,60038
2026-01-05 12:35:00+05:30,126.13999938964844,126.16999816894531,125.97000122070312,125.97000122070312,189024
2026-01-05 12:40:00+05:30,125.97000122070312,126.01000213623047,125.80000305175781,125.81999969482422,249896
2026-01-05 12:45:00+05:30,125.83000183105469,125.94000244140625,125.80000305175781,125.9000015258789,139456
2026-01-05 12:50:00+05:30,125.91999816894531,125.98999786376953,125.8499984741211,125.87999725341797,68060
2026-01-05 12:55:00+05:30,125.87000274658203,125.91999816894531,125.63999938964844,125.6500015258789,135276
2026-01-05 13:00:00+05:30,125.68000030517578,125.77999877929688,125.62000274658203,125.66999816894531,207318
2026-01-05 13:05:00+05:30,125.66000366210938,125.73999786376953,125.63999938964844,125.63999938964844,103809
2026-01-05 13:10:00+05:30,125.61000061035156,125.72000122070312,125.56999969482422,125.61000061035156,127137
2026-01-05 13:15:00+05:30,125.5999984741211,125.61000061035156,125.31999969482422,125.44000244140625,231039
2026-01-05 13:20:00+05:30,125.44000244140625,125.52999877929688,125.3499984741211,125.48999786376953,115094
2026-01-05 13:25:00+05:30,125.5,125.52999877929688,125.30000305175781,125.33999633789062,100551
2026-01-05 13:30:00+05:30,125.33999633789062,125.33999633789062,125.12999725341797,125.22000122070312,156291
2026-01-05 13:35:00+05:30,125.26000213623047,125.26000213623047,125.05000305175781,125.18000030517578,137138
2026-01-05 13:40:00+05:30,125.1500015258789,125.19999694824219,125.0199966430664,125.1500015258789,107354
2026-01-05 13:45:00+05:30,125.12000274658203,125.12999725341797,124.94999694824219,124.95999908447266,144830
2026-01-05 13:50:00+05:30,124.95999908447266,124.95999908447266,124.75,124.80999755859375,251500
2026-01-05 13:55:00+05:30,124.80999755859375,124.9000015258789,124.68000030517578,124.69999694824219,125204
2026-01-05 14:00:00+05:30,124.7300033569336,124.7300033569336,124.5,124.55000305175781,205983
2026-01-05 14:05:00+05:30,124.5,124.63999938964844,124.38999938964844,124.58000183105469,269336
2026-01-05 14:10:00+05:30,124.54000091552734,124.76000213623047,124.48999786376953,124.66999816894531,142367
2026-01-05 14:15:00+05:30,124.66999816894531,124.75,124.62999725341797,124.6500015258789,97095
2026-01-05 14:20:00+05:30,124.6500015258789,124.97000122070312,124.52999877929688,124.94999694824219,180157
2026-01-05 14:25:00+05:30,124.94000244140625,124.97000122070312,124.75,124.77999877929688,114349
2026-01-05 14:30:00+05:30,124.77999877929688,125.0999984741211,124.75,125.05999755859375,176667
2026-01-05 14:35:00+05:30,125.05999755859375,125.1500015258789,124.80999755859375,124.87000274658203,182080
2026-01-05 14:40:00+05:30,124.81999969482422,125.26000213623047,124.79000091552734,125.23999786376953,226113
2026-01-05 14:45:00+05:30,125.25,125.25,125.0,125.05999755859375,147147
2026-01-05 14:50:00+05:30,125.05000305175781,125.22000122070312,125.0,125.19999694824219,102488
2026-01-05 14:55:00+05:30,125.19999694824219,125.45999908447266,125.1500015258789,125.45999908447266,268616
2026-01-05 15:00:00+05:30,125.4800033569336,125.52999877929688,125.26000213623047,125.33999633789062,428846
2026-01-05 15:05:00+05:30,125.33999633789062,125.36000061035156,125.18000030517578,125.30999755859375,244603
2026-01-05 15:10:00+05:30,125.26000213623047,125.31999969482422,125.22000122070312,125.29000091552734,283690
2026-01-05 15:15:00+05:30,125.27999877929688,125.27999877929688,125.0,125.0,685698
2026-01-05 15:20:00+05:30,125.05000305175781,125.13999938964844,124.87999725341797,124.94999694824219,811000
2026-01-05 15:25:00+05:30,124.94000244140625,125.05999755859375,124.72000122070312,125.0,512073
2026-01-06 09:20:00+05:30,125.41000366210938,125.5199966430664,125.30999755859375,125.3499984741211,294624
2026-01-06 09:25:00+05:30,125.37999725341797,125.63999938964844,125.2699966430664,125.51000213623047,273086
2026-01-06 09:30:00+05:30,125.56999969482422,125.6500015258789,125.4000015258789,125.4800033569336,147957
2026-01-06 09:35:00+05:30,125.43000030517578,125.44999694824219,125.13999938964844,125.19999694824219,364382
2026-01-06 09:40:00+05:30,125.19999694824219,125.30000305175781,125.08999633789062,125.22000122070312,222941
2026-01-06 09:45:00+05:30,125.19999694824219,125.2699966430664,125.0999984741211,125.1500015258789,80000
2026-01-06 09:50:00+05:30,125.12999725341797,125.25,125.0999984741211,125.20999908447266,129778
2026-01-06 09:55:00+05:30,125.18000030517578,125.19999694824219,125.05999755859375,125.19999694824219,153279
2026-01-06 10:00:00+05:30,125.19999694824219,125.48999786376953,125.19000244140625,125.41000366210938,222044
2026-01-06 10:05:00+05:30,125.4000015258789,125.43000030517578,125.25,125.33000183105469,84634
2026-01-06 10:10:00+05:30,125.29000091552734,125.36000061035156,125.25,125.29000091552734,102438
2026-01-06 10:15:00+05:30,125.30000305175781,125.33999633789062,125.20999908447266,125.33999633789062,57453
2026-01-06 10:20:00+05:30,125.30999755859375,125.30999755859375,124.9000015258789,124.98999786376953,283160
2026-01-06 10:25:00+05:30,124.97000122070312,125.16999816894531,124.97000122070312,125.08000183105469,85212
2026-01-06 10:30:00+05:30,125.08000183105469,125.1500015258789,124.94999694824219,124.94999694824219,102939
2026-01-06 10:35:00+05:30,124.94999694824219,124.97000122070312,124.70999908447266,124.80000305175781,172621
2026-01-06 10:40:00+05:30,124.7300033569336,125.11000061035156,124.7300033569336,125.0999984741211,109111
2026-01-06 10:45:00+05:30,125.08000183105469,125.18000030517578,125.02999877929688,125.1500015258789,91402
2026-01-06 10:50:00+05:30,125.18000030517578,125.19999694824219,125.11000061035156,125.16000366210938,127101
2026-01-06 10:55:00+05:30,125.16000366210938,125.16000366210938,124.83000183105469,124.88999938964844,208814
2026-01-06 11:00:00+05:30,124.88999938964844,124.9000015258789,124.83000183105469,124.86000061035156,86795
2026-01-06 11:05:00+05:30,124.87999725341797,125.3499984741211,124.83999633789062,125.31999969482422,180069
2026-01-06 11:10:00+05:30,125.3499984741211,125.3499984741211,125.11000061035156,125.25,71479
2026-01-06 11:15:00+05:30,125.2699966430664,125.2699966430664,124.9000015258789,124.9000015258789,42150
2026-01-06 11:20:00+05:30,124.9000015258789,124.9000015258789,124.62999725341797,124.9000015258789,113829
2026-01-06 11:25:00+05:30,124.87999725341797,125.23999786376953,124.8499984741211,125.23999786376953,71845
2026-01-06 11:30:00+05:30,125.23999786376953,125.55000305175781,125.1500015258789,125.52999877929688,211033
2026-01-06 11:35:00+05:30,125.52999877929688,125.77999877929688,125.5,125.62000274658203,158698
2026-01-06 11:40:00+05:30,125.63999938964844,125.77999877929688,125.56999969482422,125.69999694824219,99308
2026-01-06 11:45:00+05:30,125.69999694824219,125.9000015258789,125.58000183105469,125.76000213623047,140360
2026-01-06 11:50:00+05:30,125.7699966430664,125.77999877929688,125.69999694824219,125.70999908447266,60089
2026-01-06 11:55:00+05:30,125.70999908447266,125.72000122070312,125.52999877929688,125.58000183105469,74982
2026-01-06 12:00:00+05:30,125.5999984741211,125.6500015258789,125.44000244140625,125.63999938964844,65269
2026-01-06 12:05:00+05:30,125.62000274658203,125.66000366210938,125.4800033569336,125.58000183105469,68321
2026-01-06 12:10:00+05:30,125.63999938964844,125.77999877929688,125.58999633789062,125.69999694824219,152698
2026-01-06 12:15:00+05:30,125.7300033569336,125.81999969482422,125.66999816894531,125.69999694824219,58107
2026-01-06 12:20:00+05:30,125.62000274658203,125.6500015258789,125.4800033569336,125.5199966430664,61701
2026-01-06 12:25:00+05:30,125.43000030517578,125.5999984741211,125.43000030517578,125.5,39163
2026-01-06 12:30:00+05:30,125.51000213623047,125.55999755859375,125.3499984741211,125.55999755859375,71366
2026-01-06 12:35:00+05:30,125.55999755859375,125.5999984741211,125.4800033569336,125.52999877929688,62813
2026-01-06 12:40:00+05:30,125.52999877929688,125.70999908447266,125.52999877929688,125.56999969482422,110672
2026-01-06 12:45:00+05:30,125.62000274658203,125.69000244140625,125.52999877929688,125.58000183105469,40262
2026-01-06 12:50:00+05:30,125.61000061035156,125.75,125.61000061035156,125.7300033569336,67111
2026-01-06 12:55:00+05:30,125.7300033569336,125.97000122070312,125.69999694824219,125.94999694824219,315651
2026-01-06 13:00:00+05:30,125.94999694824219,126.05999755859375,125.77999877929688,125.9000015258789,279874
2026-01-06 13:05:00+05:30,125.9000015258789,125.91999816894531,125.73999786376953,125.88999938964844,87001
2026-01-06 13:10:00+05:30,125.88999938964844,125.9800033569336,125.80000305175781,125.9000015258789,57994
2026-01-06 13:15:00+05:30,125.86000061035156,125.9000015258789,125.69999694824219,125.69999694824219,74712
2026-01-06 13:20:00+05:30,125.68000030517578,125.79000091552734,125.68000030517578,125.70999908447266,57904
2026-01-06 13:25:00+05:30,125.75,125.79000091552734,125.55000305175781,125.66999816894531,66242
2026-01-06 13:30:00+05:30,125.69999694824219,125.69999694824219,125.33000183105469,125.45999908447266,92605
2026-01-06 13:35:00+05:30,125.47000122070312,125.55000305175781,125.4000015258789,125.47000122070312,72363
2026-01-06 13:40:00+05:30,125.43000030517578,125.63999938964844,125.43000030517578,125.62999725341797,55320
2026-01-06 13:45:00+05:30,125.62999725341797,125.69000244140625,125.44000244140625,125.66999816894531,47989
2026-01-06 13:50:00+05:30,125.66999816894531,125.69999694824219,125.44999694824219,125.4800033569336,99587
2026-01-06 13:55:00+05:30,125.52999877929688,125.6500015258789,125.44999694824219,125.58999633789062,49156
2026-01-06 14:00:00+05:30,125.58000183105469,125.61000061035156,125.37000274658203,125.37999725341797,63134
2026-01-06 14:05:00+05:30,125.37999725341797,125.43000030517578,125.1500015258789,125.1500015258789,51772
2026-01-06 14:10:00+05:30,125.18000030517578,125.18000030517578,125.01000213623047,125.11000061035156,149991
2026-01-06 14:15:00+05:30,125.05999755859375,125.12000274658203,124.91000366210938,124.94999694824219,133297
2026-01-06 14:20:00+05:30,124.94999694824219,124.94999694824219,124.80000305175781,124.9000015258789,76609
2026-01-06 14:25:00+05:30,124.9000015258789,125.08000183105469,124.87000274658203,125.05000305175781,92948
2026-01-06 14:30:00+05:30,125.08999633789062,125.08999633789062,124.7699966430664,124.91000366210938,64860
2026-01-06 14:35:00+05:30,124.87999725341797,125.0,124.80000305175781,124.9800033569336,89476
2026-01-06 14:40:00+05:30,124.9800033569336,125.26000213623047,124.9800033569336,125.19999694824219,145134
2026-01-06 14:45:00+05:30,125.20999908447266,125.41000366210938,125.13999938964844,125.37999725341797,213050
2026-01-06 14:50:00+05:30,125.37999725341797,125.41000366210938,125.12999725341797,125.3499984741211,117940
2026-01-06 14:55:00+05:30,125.4000015258789,125.55000305175781,125.27999877929688,125.5,215249
2026-01-06 15:00:00+05:30,125.55000305175781,125.58999633789062,125.37999725341797,125.5,235422
2026-01-06 15:05:00+05:30,125.5199966430664,125.52999877929688,125.37000274658203,125.37000274658203,171610
2026-01-06 15:10:00+05:30,125.4000015258789,125.5999984741211,125.3499984741211,125.5999984741211,177676
2026-01-06 15:15:00+05:30,125.56999969482422,125.58000183105469,125.37999725341797,125.44999694824219,300986
2026-01-06 15:20:00+05:30,125.4800033569336,125.55000305175781,125.4000015258789,125.4000015258789,331972
2026-01-06 15:25:00+05:30,125.44999694824219,125.55000305175781,125.30999755859375,125.5,445668
2026-01-07 09:20:00+05:30,125.91999816894531,126.18000030517578,125.80999755859375,126.05000305175781,362516
2026-01-07 09:25:00+05:30,126.06999969482422,126.06999969482422,125.7699966430664,125.86000061035156,179449
2026-01-07 09:30:00+05:30,125.86000061035156,126.19999694824219,125.6500015258789,126.1500015258789,290134
2026-01-07 09:35:00+05:30,126.0999984741211,126.2300033569336,125.9800033569336,126.01000213623047,134671
2026-01-07 09:40:00+05:30,126.05000305175781,126.06999969482422,125.83000183105469,125.83000183105469,102661
2026-01-07 09:45:00+05:30,125.87999725341797,126.0,125.86000061035156,125.9000015258789,126368
2026-01-07 09:50:00+05:30,125.93000030517578,125.94999694824219,125.75,125.91999816894531,131969
2026-01-07 09:55:00+05:30,125.91999816894531,126.18000030517578,125.9000015258789,125.98999786376953,218096
2026-01-07 10:00:00+05:30,125.98999786376953,126.08000183105469,125.98999786376953,126.04000091552734,54740
2026-01-07 10:05:00+05:30,126.0,126.1500015258789,125.91999816894531,126.13999938964844,232931
2026-01-07 10:10:00+05:30,126.18000030517578,126.37999725341797,126.1500015258789,126.36000061035156,270283
2026-01-07 10:15:00+05:30,126.37999725341797,126.6500015258789,126.37999725341797,126.44999694824219,344751
2026-01-07 10:20:00+05:30,126.44999694824219,126.66999816894531,126.4000015258789,126.45999908447266,185554
2026-01-07 10:25:00+05:30,126.43000030517578,126.47000122070312,126.20999908447266,126.36000061035156,98307
2026-01-07 10:30:00+05:30,126.37000274658203,126.37000274658203,126.2699966430664,126.30999755859375,59177
2026-01-07 10:35:00+05:30,126.2699966430664,126.4000015258789,126.23999786376953,126.36000061035156,93012
2026-01-07 10:40:00+05:30,126.36000061035156,126.48999786376953,126.3499984741211,126.41000366210938,56818
2026-01-07 10:45:00+05:30,126.41000366210938,126.44000244140625,126.30000305175781,126.38999938964844,54286
2026-01-07 10:50:00+05:30,126.38999938964844,126.5199966430664,126.30999755859375,126.48999786376953,86886
2026-01-07 10:55:00+05:30,126.48999786376953,126.55000305175781,126.31999969482422,126.43000030517578,61717
2026-01-07 11:00:00+05:30,126.44999694824219,126.45999908447266,126.33000183105469,126.38999938964844,24373
2026-01-07 11:05:00+05:30,126.44000244140625,126.5,126.37000274658203,126.41000366210938,88521
2026-01-07 11:10:00+05:30,126.41999816894531,126.51000213623047,126.27999877929688,126.51000213623047,114086
2026-01-07 11:15:00+05:30,126.54000091552734,126.80000305175781,126.54000091552734,126.70999908447266,341688
2026-01-07 11:20:00+05:30,126.73999786376953,126.7699966430664,126.56999969482422,126.69999694824219,96347
2026-01-07 11:25:00+05:30,126.69999694824219,126.8499984741211,126.58999633789062,126.62999725341797,268763
2026-01-07 11:30:00+05:30,126.63999938964844,126.88999938964844,126.62000274658203,126.79000091552734,92267
2026-01-07 11:35:00+05:30,126.80999755859375,126.83000183105469,126.61000061035156,126.69000244140625,140538
2026-01-07 11:40:00+05:30,126.70999908447266,126.77999877929688,126.63999938964844,126.75,84931
2026-01-07 11:45:00+05:30,126.75,126.7699966430664,126.63999938964844,126.63999938964844,63948
2026-01-07 11:50:00+05:30,126.6500015258789,126.72000122070312,126.55999755859375,126.5999984741211,63257
2026-01-07 11:55:00+05:30,126.63999938964844,126.6500015258789,126.51000213623047,126.54000091552734,55130
2026-01-07 12:00:00+05:30,126.51000213623047,126.58000183105469,126.37000274658203,126.41999816894531,109107
2026-01-07 12:05:00+05:30,126.41999816894531,126.5199966430664,126.38999938964844,126.43000030517578,87474
2026-01-07 12:10:00+05:30,126.41000366210938,126.41999816894531,126.33999633789062,126.4000015258789,74589
2026-01-07 12:15:00+05:30,126.37999725341797,126.4000015258789,126.27999877929688,126.27999877929688,121239
2026-01-07 12:20:00+05:30,126.26000213623047,126.4000015258789,126.19999694824219,126.30000305175781,126426
2026-01-07 12:25:00+05:30,126.25,126.3499984741211,126.19999694824219,126.25,83137
2026-01-07 12:30:00+05:30,126.23999786376953,126.30000305175781,126.0199966430664,126.1500015258789,154465
2026-01-07 12:35:00+05:30,126.16000366210938,126.18000030517578,126.06999969482422,126.13999938964844,65539
2026-01-07 12:40:00+05:30,126.0999984741211,126.19000244140625,126.01000213623047,126.11000061035156,149683
2026-01-07 12:45:00+05:30,126.0999984741211,126.0999984741211,126.01000213623047,126.08000183105469,100516
2026-01-07 12:50:00+05:30,126.05999755859375,126.12999725341797,126.01000213623047,126.05999755859375,62564
2026-01-07 12:55:00+05:30,126.06999969482422,126.0999984741211,126.0199966430664,126.05999755859375,76122
2026-01-07 13:00:00+05:30,126.0199966430664,126.0199966430664,125.58000183105469,125.79000091552734,203050
2026-01-07 13:05:00+05:30,125.79000091552734,125.80000305175781,125.66999816894531,125.66999816894531,114959
2026-01-07 13:10:00+05:30,125.6500015258789,125.69999694824219,125.51000213623047,125.66000366210938,141251
2026-01-07 13:15:00+05:30,125.66000366210938,125.66000366210938,125.45999908447266,125.51000213623047,123248
2026-01-07 13:20:00+05:30,125.51000213623047,125.54000091552734,125.31999969482422,125.37999725341797,100188
2026-01-07 13:25:00+05:30,125.3499984741211,125.37000274658203,124.97000122070312,125.05000305175781,276925
2026-01-07 13:30:00+05:30,125.04000091552734,125.18000030517578,125.0,125.12999725341797,79357
2026-01-07 13:35:00+05:30,125.12999725341797,125.25,125.05999755859375,125.22000122070312,113593
2026-01-07 13:40:00+05:30,125.20999908447266,125.20999908447266,125.05000305175781,125.13999938964844,65893
2026-01-07 13:45:00+05:30,125.12999725341797,125.2699966430664,125.0999984741211,125.22000122070312,70593
2026-01-07 13:50:00+05:30,125.23999786376953,125.25,125.13999938964844,125.16000366210938,52885
2026-01-07 13:55:00+05:30,125.16000366210938,125.25,125.0999984741211,125.25,54873
2026-01-07 14:00:00+05:30,125.25,125.44999694824219,125.2300033569336,125.44999694824219,54672
2026-01-07 14:05:00+05:30,125.44000244140625,125.5,125.33999633789062,125.38999938964844,78639
2026-01-07 14:10:00+05:30,125.38999938964844,125.4000015258789,125.16999816894531,125.16999816894531,86810
2026-01-07 14:15:00+05:30,125.12999725341797,125.31999969482422,125.12999725341797,125.20999908447266,43883
2026-01-07 14:20:00+05:30,125.25,125.26000213623047,125.11000061035156,125.19999694824219,63173
2026-01-07 14:25:00+05:30,125.19999694824219,125.26000213623047,125.1500015258789,125.25,36244
2026-01-07 14:30:00+05:30,125.23999786376953,125.2699966430664,125.11000061035156,125.2699966430664,73384
2026-01-07 14:35:00+05:30,125.2699966430664,125.33999633789062,125.2300033569336,125.31999969482422,38447
2026-01-07 14:40:00+05:30,125.33000183105469,125.62000274658203,125.30999755859375,125.58000183105469,83649
2026-01-07 14:45:00+05:30,125.58000183105469,125.58999633789062,125.45999908447266,125.56999969482422,93156
2026-01-07 14:50:00+05:30,125.56999969482422,125.80999755859375,125.56999969482422,125.80999755859375,159672
2026-01-07 14:55:00+05:30,125.77999877929688,125.91000366210938,125.69999694824219,125.9000015258789,92957
2026-01-07 15:00:00+05:30,126.01000213623047,126.04000091552734,125.76000213623047,125.80000305175781,237049
2026-01-07 15:05:00+05:30,125.81999969482422,125.95999908447266,125.77999877929688,125.87999725341797,136615
2026-01-07 15:10:00+05:30,125.9000015258789,125.9000015258789,125.72000122070312,125.83000183105469,208399
2026-01-07 15:15:00+05:30,125.83999633789062,125.83999633789062,125.58000183105469,125.68000030517578,270578
2026-01-07 15:20:00+05:30,125.66000366210938,125.66000366210938,125.55000305175781,125.58000183105469,283145
2026-01-07 15:25:00+05:30,125.58000183105469,125.58000183105469,125.30000305175781,125.30000305175781,354937
2026-01-08 09:20:00+05:30,125.1500015258789,125.47000122070312,124.6500015258789,124.6500015258789,408091
2026-01-08 09:25:00+05:30,124.66000366210938,124.7300033569336,124.5199966430664,124.5199966430664,195816
2026-01-08 09:30:00+05:30,124.4800033569336,124.56999969482422,124.30000305175781,124.31999969482422,195485
2026-01-08 09:35:00+05:30,124.33000183105469,125.0999984741211,124.33000183105469,125.05999755859375,197828
2026-01-08 09:40:00+05:30,125.05999755859375,125.80000305175781,125.05999755859375,125.44999694824219,453151
2026-01-08 09:45:00+05:30,125.44999694824219,125.47000122070312,125.20999908447266,125.47000122070312,167550
2026-01-08 09:50:00+05:30,125.44000244140625,125.47000122070312,125.18000030517578,125.27999877929688,88131
2026-01-08 09:55:00+05:30,125.25,125.33000183105469,125.16999816894531,125.26000213623047,99362
2026-01-08 10:00:00+05:30,125.25,125.30000305175781,125.0999984741211,125.2300033569336,71044
2026-01-08 10:05:00+05:30,125.19999694824219,125.30000305175781,125.05999755859375,125.08999633789062,103200
2026-01-08 10:10:00+05:30,125.05999755859375,125.26000213623047,125.05999755859375,125.26000213623047,57629
2026-01-08 10:15:00+05:30,125.26000213623047,125.44999694824219,125.23999786376953,125.33000183105469,79072
2026-01-08 10:20:00+05:30,125.27999877929688,125.27999877929688,124.86000061035156,124.87999725341797,132705
2026-01-08 10:25:00+05:30,124.87000274658203,125.19000244140625,124.81999969482422,125.19000244140625,80109
2026-01-08 10:30:00+05:30,125.25,125.25,125.0,125.08000183105469,134146
2026-01-08 10:35:00+05:30,125.08000183105469,125.1500015258789,124.88999938964844,124.93000030517578,92046
2026-01-08 10:40:00+05:30,124.93000030517578,124.93000030517578,124.72000122070312,124.86000061035156,76934
2026-01-08 10:45:00+05:30,124.87000274658203,124.87000274658203,124.63999938964844,124.6500015258789,149948
2026-01-08 10:50:00+05:30,124.66000366210938,124.69999694824219,124.5199966430664,124.55000305175781,44960
2026-01-08 10:55:00+05:30,124.58999633789062,124.5999984741211,124.3499984741211,124.3499984741211,123341
2026-01-08 11:00:00+05:30,124.38999938964844,124.4000015258789,124.05000305175781,124.12999725341797,735755
2026-01-08 11:05:00+05:30,124.06999969482422,124.08999633789062,123.81999969482422,123.88999938964844,326933
2026-01-08 11:10:00+05:30,123.86000061035156,123.94000244140625,123.58000183105469,123.6500015258789,189762
2026-01-08 11:15:00+05:30,123.66000366210938,123.72000122070312,123.31999969482422,123.36000061035156,160297
2026-01-08 11:20:00+05:30,123.37999725341797,123.37999725341797,123.12999725341797,123.18000030517578,124865
2026-01-08 11:25:00+05:30,123.18000030517578,123.18000030517578,122.97000122070312,123.08000183105469,183915
2026-01-08 11:30:00+05:30,123.0999984741211,123.41000366210938,123.0199966430664,123.41000366210938,208542
2026-01-08 11:35:00+05:30,123.37999725341797,124.01000213623047,123.3499984741211,124.01000213623047,134372
2026-01-08 11:40:00+05:30,123.98999786376953,123.98999786376953,123.81999969482422,123.88999938964844,63882
2026-01-08 11:45:00+05:30,123.91999816894531,123.91999816894531,123.58000183105469,123.66000366210938,80219
2026-01-08 11:50:00+05:30,123.66000366210938,123.66000366210938,123.37999725341797,123.55999755859375,123984
2026-01-08 11:55:00+05:30,123.58000183105469,123.58000183105469,123.13999938964844,123.2699966430664,79792
2026-01-08 12:00:00+05:30,123.25,123.29000091552734,122.77999877929688,122.80000305175781,245360
2026-01-08 12:05:00+05:30,122.8499984741211,123.36000061035156,122.77999877929688,123.29000091552734,97843
2026-01-08 12:10:00+05:30,123.30999755859375,123.62999725341797,123.30999755859375,123.58000183105469,98171
2026-01-08 12:15:00+05:30,123.58000183105469,123.80000305175781,123.51000213623047,123.51000213623047,74387
2026-01-08 12:20:00+05:30,123.51000213623047,123.55000305175781,123.2300033569336,123.2300033569336,141785
2026-01-08 12:25:00+05:30,123.23999786376953,123.63999938964844,123.23999786376953,123.5999984741211,69239
2026-01-08 12:30:00+05:30,123.63999938964844,123.63999938964844,123.30000305175781,123.4000015258789,70013
2026-01-08 12:35:00+05:30,123.4000015258789,123.43000030517578,123.25,123.3499984741211,114364
2026-01-08 12:40:00+05:30,123.30000305175781,123.41000366210938,123.20999908447266,123.31999969482422,91821
2026-01-08 12:45:00+05:30,123.37000274658203,123.38999938964844,123.18000030517578,123.2699966430664,51634
2026-01-08 12:50:00+05:30,123.2699966430664,123.29000091552734,123.0,123.22000122070312,117968
2026-01-08 12:55:00+05:30,123.2699966430664,123.37000274658203,123.20999908447266,123.30000305175781,48690
2026-01-08 13:00:00+05:30,123.31999969482422,123.5,123.13999938964844,123.4800033569336,102230
2026-01-08 13:05:00+05:30,123.4800033569336,123.55999755859375,123.3499984741211,123.47000122070312,34696
2026-01-08 13:10:00+05:30,123.4800033569336,123.56999969482422,123.3499984741211,123.5,131387
2026-01-08 13:15:00+05:30,123.44999694824219,123.4800033569336,123.25,123.30000305175781,66280
2026-01-08 13:20:00+05:30,123.30000305175781,123.3499984741211,123.12000274658203,123.19000244140625,89772
2026-01-08 13:25:00+05:30,123.16999816894531,123.19999694824219,122.88999938964844,122.88999938964844,220686
2026-01-08 13:30:00+05:30,122.93000030517578,123.13999938964844,122.80999755859375,123.05000305175781,141897
2026-01-08 13:35:00+05:30,123.0999984741211,123.19999694824219,123.04000091552734,123.13999938964844,39080
2026-01-08 13:40:00+05:30,123.13999938964844,123.19999694824219,123.0,123.16000366210938,53101
2026-01-08 13:45:00+05:30,123.16999816894531,123.5,123.16999816894531,123.3499984741211,61979
2026-01-08 13:50:00+05:30,123.4000015258789,123.41999816894531,123.20999908447266,123.3499984741211,134139
2026-01-08 13:55:00+05:30,123.36000061035156,123.48999786376953,123.16000366210938,123.19999694824219,71547
2026-01-08 14:00:00+05:30,123.20999908447266,123.25,122.91000366210938,122.95999908447266,143982
2026-01-08 14:05:00+05:30,122.95999908447266,123.0,122.8499984741211,122.93000030517578,54772
2026-01-08 14:10:00+05:30,122.9000015258789,122.94999694824219,122.80999755859375,122.9000015258789,127259
2026-01-08 14:15:00+05:30,122.87000274658203,123.0,122.8499984741211,122.93000030517578,48046
2026-01-08 14:20:00+05:30,122.93000030517578,123.0,122.62000274658203,122.72000122070312,168133
2026-01-08 14:25:00+05:30,122.72000122070312,122.75,122.37000274658203,122.44999694824219,200511
2026-01-08 14:30:00+05:30,122.45999908447266,122.9000015258789,122.44999694824219,122.76000213623047,94982
2026-01-08 14:35:00+05:30,122.76000213623047,122.80000305175781,122.52999877929688,122.69000244140625,252002
2026-01-08 14:40:00+05:30,122.68000030517578,123.0,122.66000366210938,122.98999786376953,112457
2026-01-08 14:45:00+05:30,123.02999877929688,123.30000305175781,122.8499984741211,123.23999786376953,115182
2026-01-08 14:50:00+05:30,123.23999786376953,123.38999938964844,123.16000366210938,123.38999938964844,155668
2026-01-08 14:55:00+05:30,123.36000061035156,123.45999908447266,123.2300033569336,123.45999908447266,219508
2026-01-08 15:00:00+05:30,123.47000122070312,123.5199966430664,122.6500015258789,122.76000213623047,256405
2026-01-08 15:05:00+05:30,122.69999694824219,122.8499984741211,122.6500015258789,122.73999786376953,142653
2026-01-08 15:10:00+05:30,122.73999786376953,122.87999725341797,122.69999694824219,122.83000183105469,185476
2026-01-08 15:15:00+05:30,122.80999755859375,122.83000183105469,122.63999938964844,122.7300033569336,337933
2026-01-08 15:20:00+05:30,122.73999786376953,123.0,122.69999694824219,122.70999908447266,499340
2026-01-08 15:25:00+05:30,122.70999908447266,122.80999755859375,122.55000305175781,122.6500015258789,259031
2026-01-09 09:20:00+05:30,123.41999816894531,123.41999816894531,123.12000274658203,123.12000274658203,242589
2026-01-09 09:25:00+05:30,123.12999725341797,123.29000091552734,123.08000183105469,123.23999786376953,206706
2026-01-09 09:30:00+05:30,123.20999908447266,123.25,122.8499984741211,122.94999694824219,351678
2026-01-09 09:35:00+05:30,122.97000122070312,122.97000122070312,122.4800033569336,122.58999633789062,223663
2026-01-09 09:40:00+05:30,122.5999984741211,123.08000183105469,122.47000122070312,123.06999969482422,258642
2026-01-09 09:45:00+05:30,123.08000183105469,123.61000061035156,123.06999969482422,123.58999633789062,376379
2026-01-09 09:50:00+05:30,123.6500015258789,123.6500015258789,123.33999633789062,123.44000244140625,181808
2026-01-09 09:55:00+05:30,123.44999694824219,123.9000015258789,123.44999694824219,123.81999969482422,209540
2026-01-09 10:00:00+05:30,123.80000305175781,123.86000061035156,123.69000244140625,123.70999908447266,127598
2026-01-09 10:05:00+05:30,123.66999816894531,124.16999816894531,123.66000366210938,124.05000305175781,459483
2026-01-09 10:10:00+05:30,124.12000274658203,124.2300033569336,123.93000030517578,123.9800033569336,209542
2026-01-09 10:15:00+05:30,123.98999786376953,124.08000183105469,123.83000183105469,124.0,196530
2026-01-09 10:20:00+05:30,123.98999786376953,124.30000305175781,123.98999786376953,124.08000183105469,172429
2026-01-09 10:25:00+05:30,124.11000061035156,124.3499984741211,124.08999633789062,124.33999633789062,112200
2026-01-09 10:30:00+05:30,124.3499984741211,124.3499984741211,124.08000183105469,124.1500015258789,90757
2026-01-09 10:35:00+05:30,124.16999816894531,124.19999694824219,123.97000122070312,124.08000183105469,128030
2026-01-09 10:40:00+05:30,124.12999725341797,124.4800033569336,124.12000274658203,124.38999938964844,170197
2026-01-09 10:45:00+05:30,124.43000030517578,124.81999969482422,124.43000030517578,124.62000274658203,327272
2026-01-09 10:50:00+05:30,124.58000183105469,124.5999984741211,124.2300033569336,124.25,142487
2026-01-09 10:55:00+05:30,124.25,124.33999633789062,124.05000305175781,124.19000244140625,83809
2026-01-09 11:00:00+05:30,124.18000030517578,124.27999877929688,124.05999755859375,124.08999633789062,76524
2026-01-09 11:05:00+05:30,124.08999633789062,124.13999938964844,123.91999816894531,124.0199966430664,178544
2026-01-09 11:10:00+05:30,124.0199966430664,124.12000274658203,123.83000183105469,123.87999725341797,72415
2026-01-09 11:15:00+05:30,123.8499984741211,123.8499984741211,123.55000305175781,123.5999984741211,109848
2026-01-09 11:20:00+05:30,123.63999938964844,123.63999938964844,123.38999938964844,123.38999938964844,110092
2026-01-09 11:25:00+05:30,123.4000015258789,124.04000091552734,123.4000015258789,124.0,313674
2026-01-09 11:30:00+05:30,124.05000305175781,124.1500015258789,123.94000244140625,123.94999694824219,93993
2026-01-09 11:35:00+05:30,123.91999816894531,123.91999816894531,123.7699966430664,123.8499984741211,57140
2026-01-09 11:40:00+05:30,123.8499984741211,123.8499984741211,123.6500015258789,123.81999969482422,381596
2026-01-09 11:45:00+05:30,123.79000091552734,123.88999938964844,123.73999786376953,123.83999633789062,30415
2026-01-09 11:50:00+05:30,123.83000183105469,123.88999938964844,123.69999694824219,123.83000183105469,84491
2026-01-09 11:55:00+05:30,123.80000305175781,123.88999938964844,123.72000122070312,123.80000305175781,78217
2026-01-09 12:00:00+05:30,123.80000305175781,123.88999938964844,123.70999908447266,123.8499984741211,60989
2026-01-09 12:05:00+05:30,123.87000274658203,123.87000274658203,123.44000244140625,123.61000061035156,553682
2026-01-09 12:10:00+05:30,123.5999984741211,123.62999725341797,123.4800033569336,123.56999969482422,55214
2026-01-09 12:15:00+05:30,123.56999969482422,123.83000183105469,123.56999969482422,123.66000366210938,114754
2026-01-09 12:20:00+05:30,123.69000244140625,123.88999938964844,123.66000366210938,123.80000305175781,91986
2026-01-09 12:25:00+05:30,123.76000213623047,123.80000305175781,123.62999725341797,123.62999725341797,69562
2026-01-09 12:30:00+05:30,123.68000030517578,123.69999694824219,123.56999969482422,123.62999725341797,106777
2026-01-09 12:35:00+05:30,123.62999725341797,123.69999694824219,123.4000015258789,123.55999755859375,138631
2026-01-09 12:40:00+05:30,123.55999755859375,123.58999633789062,123.37999725341797,123.45999908447266,130446
2026-01-09 12:45:00+05:30,123.5199966430664,123.5999984741211,123.44999694824219,123.51000213623047,79628
2026-01-09 12:50:00+05:30,123.51000213623047,123.97000122070312,123.5,123.88999938964844,127169
2026-01-09 12:55:00+05:30,123.87000274658203,123.88999938964844,123.76000213623047,123.88999938964844,71767
2026-01-09 13:00:00+05:30,123.91000366210938,123.94999694824219,123.66000366210938,123.69000244140625,80410
2026-01-09 13:05:00+05:30,123.69000244140625,123.79000091552734,123.68000030517578,123.70999908447266,59096
2026-01-09 13:10:00+05:30,123.6500015258789,123.7300033569336,123.52999877929688,123.52999877929688,133941
2026-01-09 13:15:00+05:30,123.52999877929688,123.63999938964844,123.41999816894531,123.52999877929688,68114
2026-01-09 13:20:00+05:30,123.55000305175781,123.62999725341797,123.5,123.5,86201
2026-01-09 13:25:00+05:30,123.52999877929688,123.55999755859375,123.43000030517578,123.4800033569336,32900
2026-01-09 13:30:00+05:30,123.5,123.52999877929688,123.11000061035156,123.19999694824219,174425
2026-01-09 13:35:00+05:30,123.23999786376953,123.4800033569336,123.23999786376953,123.38999938964844,89895
2026-01-09 13:40:00+05:30,123.33000183105469,123.37000274658203,123.05999755859375,123.11000061035156,38244
2026-01-09 13:45:00+05:30,123.06999969482422,123.11000061035156,122.7699966430664,122.8499984741211,160560
2026-01-09 13:50:00+05:30,122.8499984741211,122.88999938964844,122.61000061035156,122.72000122070312,168979
2026-01-09 13:55:00+05:30,122.75,123.02999877929688,122.69999694824219,122.94999694824219,163192
2026-01-09 14:00:00+05:30,122.95999908447266,122.98999786376953,122.75,122.77999877929688,113265
2026-01-09 14:05:00+05:30,122.80000305175781,122.83999633789062,122.69999694824219,122.76000213623047,84267
2026-01-09 14:10:00+05:30,122.7699966430664,122.83000183105469,122.5999984741211,122.63999938964844,105806
2026-01-09 14:15:00+05:30,122.63999938964844,122.70999908447266,122.36000061035156,122.41000366210938,110884
2026-01-09 14:20:00+05:30,122.45999908447266,122.58999633789062,122.41000366210938,122.44999694824219,114672
2026-01-09 14:25:00+05:30,122.44000244140625,122.58000183105469,122.29000091552734,122.30000305175781,83104
2026-01-09 14:30:00+05:30,122.30000305175781,122.55000305175781,122.23999786376953,122.55000305175781,126686
2026-01-09 14:35:00+05:30,122.55000305175781,122.70999908447266,122.47000122070312,122.47000122070312,159376
2026-01-09 14:40:00+05:30,122.47000122070312,123.0199966430664,122.41000366210938,122.91000366210938,226276
2026-01-09 14:45:00+05:30,122.95999908447266,123.0999984741211,122.8499984741211,123.05000305175781,213839
2026-01-09 14:50:00+05:30,123.0999984741211,123.23999786376953,122.80999755859375,123.23999786376953,133141
2026-01-09 14:55:00+05:30,123.23999786376953,123.44000244140625,123.18000030517578,123.36000061035156,146581
2026-01-09 15:00:00+05:30,123.4000015258789,123.4000015258789,122.75,122.81999969482422,362749
2026-01-09 15:05:00+05:30,122.86000061035156,123.0999984741211,122.81999969482422,122.91000366210938,367470
2026-01-09 15:10:00+05:30,122.91000366210938,123.02999877929688,122.73999786376953,122.94000244140625,450431
2026-01-09 15:15:00+05:30,122.87999725341797,122.88999938964844,122.70999908447266,122.7699966430664,256691
2026-01-09 15:20:00+05:30,122.7300033569336,122.9800033569336,122.7300033569336,122.94999694824219,338650
2026-01-09 15:25:00+05:30,122.93000030517578,122.98999786376953,122.8499984741211,122.91000366210938,359947
2026-01-12 09:20:00+05:30,122.20999908447266,122.23999786376953,121.66000366210938,121.66000366210938,556177
2026-01-12 09:25:00+05:30,121.75,121.7699966430664,121.20999908447266,121.29000091552734,375233
2026-01-12 09:30:00+05:30,121.25,121.91999816894531,121.23999786376953,121.8499984741211,614283
2026-01-12 09:35:00+05:30,121.80999755859375,122.58000183105469,121.80999755859375,122.30999755859375,297251
2026-01-12 09:40:00+05:30,122.25,122.26000213623047,121.80000305175781,121.8499984741211,253938
2026-01-12 09:45:00+05:30,121.73999786376953,122.30999755859375,121.61000061035156,122.30999755859375,223660
2026-01-12 09:50:00+05:30,122.41000366210938,122.63999938964844,122.23999786376953,122.5,226605
2026-01-12 09:55:00+05:30,122.5999984741211,122.5999984741211,122.01000213623047,122.11000061035156,208093
2026-01-12 10:00:00+05:30,122.11000061035156,122.38999938964844,121.9800033569336,122.38999938964844,171924
2026-01-12 10:05:00+05:30,122.52999877929688,122.7300033569336,122.45999908447266,122.55999755859375,142212
2026-01-12 10:10:00+05:30,122.48999786376953,122.48999786376953,122.08000183105469,122.0999984741211,109819
2026-01-12 10:15:00+05:30,122.0999984741211,122.5999984741211,122.05000305175781,122.58000183105469,185622
2026-01-12 10:20:00+05:30,122.47000122070312,122.80000305175781,122.44000244140625,122.80000305175781,123774
2026-01-12 10:25:00+05:30,122.79000091552734,122.91000366210938,122.51000213623047,122.72000122070312,154408
2026-01-12 10:30:00+05:30,122.69999694824219,122.79000091552734,122.31999969482422,122.43000030517578,62573
2026-01-12 10:35:00+05:30,122.41000366210938,122.41999816894531,122.12000274658203,122.19999694824219,88408
2026-01-12 10:40:00+05:30,122.1500015258789,122.37000274658203,122.13999938964844,122.13999938964844,56870
2026-01-12 10:45:00+05:30,122.16000366210938,122.4000015258789,121.83000183105469,122.4000015258789,219233
2026-01-12 10:50:00+05:30,122.43000030517578,122.51000213623047,122.0999984741211,122.0999984741211,47609
2026-01-12 10:55:00+05:30,122.11000061035156,122.25,122.05999755859375,122.08999633789062,51434
2026-01-12 11:00:00+05:30,122.01000213623047,122.0999984741211,121.87999725341797,121.9000015258789,45092
2026-01-12 11:05:00+05:30,121.8499984741211,121.97000122070312,121.75,121.8499984741211,92488
2026-01-12 11:10:00+05:30,121.8499984741211,121.86000061035156,121.61000061035156,121.6500015258789,94468
2026-01-12 11:15:00+05:30,121.6500015258789,121.69000244140625,121.55999755859375,121.61000061035156,94902
2026-01-12 11:20:00+05:30,121.5999984741211,121.6500015258789,121.33999633789062,121.4000015258789,139305
2026-01-12 11:25:00+05:30,121.4000015258789,121.66000366210938,121.4000015258789,121.52999877929688,199422
2026-01-12 11:30:00+05:30,121.58999633789062,121.72000122070312,121.33000183105469,121.41999816894531,179270
2026-01-12 11:35:00+05:30,121.5199966430664,121.66000366210938,121.41999816894531,121.47000122070312,157470
2026-01-12 11:40:00+05:30,121.43000030517578,121.55000305175781,121.1500015258789,121.29000091552734,179645
2026-01-12 11:45:00+05:30,121.2300033569336,121.58000183105469,121.19999694824219,121.58000183105469,121396
2026-01-12 11:50:00+05:30,121.55999755859375,121.56999969482422,121.41999816894531,121.45999908447266,94570
2026-01-12 11:55:00+05:30,121.45999908447266,121.81999969482422,121.44999694824219,121.7699966430664,195509
2026-01-12 12:00:00+05:30,121.76000213623047,121.9000015258789,121.66999816894531,121.69000244140625,111893
2026-01-12 12:05:00+05:30,121.69999694824219,122.0199966430664,121.66000366210938,121.88999938964844,137847
2026-01-12 12:10:00+05:30,121.87000274658203,122.2699966430664,121.81999969482422,122.26000213623047,128914
2026-01-12 12:15:00+05:30,122.16999816894531,122.41000366210938,122.02999877929688,122.30999755859375,194361
2026-01-12 12:20:00+05:30,122.30000305175781,122.73999786376953,122.25,122.38999938964844,193612
2026-01-12 12:25:00+05:30,122.36000061035156,122.69999694824219,122.20999908447266,122.48999786376953,1026912
2026-01-12 12:30:00+05:30,122.4800033569336,122.8499984741211,122.31999969482422,122.68000030517578,640699
2026-01-12 12:35:00+05:30,122.62999725341797,122.83999633789062,122.55000305175781,122.61000061035156,291109
2026-01-12 12:40:00+05:30,122.5999984741211,123.08000183105469,122.51000213623047,122.9000015258789,368295
2026-01-12 12:45:00+05:30,122.87000274658203,123.0199966430664,122.83000183105469,122.86000061035156,201486
2026-01-12 12:50:00+05:30,122.91000366210938,123.06999969482422,122.83000183105469,122.98999786376953,202252
2026-01-12 12:55:00+05:30,122.94000244140625,123.04000091552734,122.83000183105469,122.93000030517578,106614
2026-01-12 13:00:00+05:30,122.88999938964844,122.94000244140625,122.52999877929688,122.80000305175781,233583
2026-01-12 13:05:00+05:30,122.80000305175781,123.0999984741211,122.79000091552734,123.0199966430664,170237
2026-01-12 13:10:00+05:30,123.0199966430664,123.23999786376953,122.94999694824219,123.05000305175781,308471
2026-01-12 13:15:00+05:30,123.05999755859375,123.19000244140625,122.95999908447266,122.95999908447266,100441
2026-01-12 13:20:00+05:30,122.95999908447266,122.9800033569336,122.83000183105469,122.86000061035156,171827
2026-01-12 13:25:00+05:30,122.88999938964844,122.88999938964844,122.72000122070312,122.79000091552734,85511
2026-01-12 13:30:00+05:30,122.77999877929688,122.9800033569336,122.76000213623047,122.93000030517578,86102
2026-01-12 13:35:00+05:30,122.94999694824219,123.05000305175781,122.62000274658203,122.77999877929688,105774
2026-01-12 13:40:00+05:30,122.77999877929688,122.94000244140625,122.72000122070312,122.72000122070312,69176
2026-01-12 13:45:00+05:30,122.72000122070312,122.86000061035156,122.72000122070312,122.75,77657
2026-01-12 13:50:00+05:30,122.75,122.76000213623047,122.6500015258789,122.7300033569336,33167
2026-01-12 13:55:00+05:30,122.69999694824219,122.7699966430664,122.5999984741211,122.70999908447266,173129
2026-01-12 14:00:00+05:30,122.73999786376953,122.73999786376953,122.5199966430664,122.66000366210938,103380
2026-01-12 14:05:00+05:30,122.66000366210938,122.8499984741211,122.5199966430664,122.8499984741211,70198
2026-01-12 14:10:00+05:30,122.81999969482422,122.86000061035156,122.69999694824219,122.69999694824219,84719
2026-01-12 14:15:00+05:30,122.72000122070312,122.83000183105469,122.63999938964844,122.63999938964844,64900
2026-01-12 14:20:00+05:30,122.5999984741211,122.9000015258789,122.56999969482422,122.87999725341797,42399
2026-01-12 14:25:00+05:30,122.8499984741211,122.95999908447266,122.5999984741211,122.66999816894531,84219
2026-01-12 14:30:00+05:30,122.66999816894531,122.66999816894531,122.5199966430664,122.5999984741211,140596
2026-01-12 14:35:00+05:30,122.61000061035156,122.8499984741211,122.41999816894531,122.80000305175781,144489
2026-01-12 14:40:00+05:30,122.8499984741211,122.9800033569336,122.7300033569336,122.94999694824219,191713
2026-01-12 14:45:00+05:30,122.95999908447266,123.04000091552734,122.81999969482422,123.02999877929688,83783
2026-01-12 14:50:00+05:30,123.04000091552734,123.22000122070312,123.0,123.19000244140625,216258
2026-01-12 14:55:00+05:30,123.19999694824219,123.45999908447266,123.19999694824219,123.4000015258789,290603
2026-01-12 15:00:00+05:30,123.30000305175781,123.30999755859375,122.9000015258789,123.08000183105469,482522
2026-01-12 15:05:00+05:30,123.05000305175781,123.18000030517578,123.05000305175781,123.1500015258789,75933
2026-01-12 15:10:00+05:30,123.08000183105469,123.1500015258789,123.0199966430664,123.0999984741211,159681
2026-01-12 15:15:00+05:30,123.0999984741211,123.1500015258789,123.05999755859375,123.11000061035156,211962
2026-01-12 15:20:00+05:30,123.11000061035156,123.4000015258789,123.11000061035156,123.3499984741211,296392
2026-01-12 15:25:00+05:30,123.3499984741211,123.45999908447266,123.18000030517578,123.45999908447266,220673
2026-01-13 09:20:00+05:30,123.54000091552734,124.05000305175781,123.5,123.97000122070312,219675
2026-01-13 09:25:00+05:30,123.97000122070312,123.97000122070312,123.44999694824219,123.44999694824219,196479
2026-01-13 09:30:00+05:30,123.45999908447266,123.62999725341797,123.2300033569336,123.2300033569336,121737
2026-01-13 09:35:00+05:30,123.30000305175781,123.58000183105469,123.1500015258789,123.1500015258789,166591
2026-01-13 09:40:00+05:30,123.16000366210938,123.16000366210938,122.9000015258789,123.12000274658203,183787
2026-01-13 09:45:00+05:30,123.29000091552734,123.69999694824219,123.29000091552734,123.43000030517578,187747
2026-01-13 09:50:00+05:30,123.44999694824219,123.63999938964844,123.27999877929688,123.31999969482422,122608
2026-01-13 09:55:00+05:30,123.37000274658203,123.37000274658203,123.08000183105469,123.08999633789062,92675
2026-01-13 10:00:00+05:30,123.0,123.41999816894531,122.97000122070312,123.26000213623047,161720
2026-01-13 10:05:00+05:30,123.30000305175781,123.4800033569336,123.22000122070312,123.4000015258789,44189
2026-01-13 10:10:00+05:30,123.36000061035156,123.4000015258789,123.05999755859375,123.0999984741211,96624
2026-01-13 10:15:00+05:30,123.05000305175781,123.16999816894531,122.94000244140625,123.06999969482422,53565
2026-01-13 10:20:00+05:30,123.06999969482422,123.55000305175781,123.06999969482422,123.3499984741211,86184
2026-01-13 10:25:00+05:30,123.33999633789062,123.55000305175781,123.33999633789062,123.51000213623047,55201
2026-01-13 10:30:00+05:30,123.4800033569336,123.51000213623047,123.3499984741211,123.3499984741211,77889
2026-01-13 10:35:00+05:30,123.33999633789062,123.33999633789062,123.11000061035156,123.19000244140625,41007
2026-01-13 10:40:00+05:30,123.1500015258789,123.16999816894531,123.0199966430664,123.16000366210938,59528
2026-01-13 10:45:00+05:30,123.12999725341797,123.26000213623047,123.05999755859375,123.22000122070312,39224
2026-01-13 10:50:00+05:30,123.2300033569336,123.37999725341797,123.1500015258789,123.1500015258789,29243
2026-01-13 10:55:00+05:30,123.13999938964844,123.19999694824219,123.05000305175781,123.16999816894531,100193
2026-01-13 11:00:00+05:30,123.16999816894531,123.22000122070312,123.0,123.08999633789062,100393
2026-01-13 11:05:00+05:30,123.06999969482422,123.0999984741211,122.93000030517578,123.08000183105469,166345
2026-01-13 11:10:00+05:30,123.0999984741211,123.16000366210938,123.02999877929688,123.1500015258789,29031
2026-01-13 11:15:00+05:30,123.1500015258789,123.19999694824219,123.0199966430664,123.05999755859375,49119
2026-01-13 11:20:00+05:30,123.05999755859375,123.30000305175781,123.0,123.13999938964844,90875
2026-01-13 11:25:00+05:30,123.12999725341797,123.25,123.12000274658203,123.12000274658203,25675
2026-01-13 11:30:00+05:30,123.1500015258789,123.25,123.0999984741211,123.25,23131
2026-01-13 11:35:00+05:30,123.25,123.25,123.01000213623047,123.05000305175781,115885
2026-01-13 11:40:00+05:30,123.0199966430664,123.06999969482422,122.9000015258789,123.04000091552734,490629
2026-01-13 11:45:00+05:30,123.08999633789062,123.11000061035156,122.97000122070312,123.0,65105
2026-01-13 12:00:00+05:30,123.08000183105469,123.11000061035156,123.01000213623047,123.05000305175781,355259
2026-01-13 12:05:00+05:30,123.05999755859375,123.19000244140625,123.0,123.06999969482422,108435
2026-01-13 12:10:00+05:30,123.11000061035156,123.13999938964844,122.80999755859375,122.80999755859375,454433
2026-01-13 12:15:00+05:30,122.7699966430664,123.11000061035156,122.72000122070312,123.11000061035156,178552
2026-01-13 12:20:00+05:30,123.08000183105469,123.11000061035156,122.93000030517578,123.01000213623047,197699
2026-01-13 12:25:00+05:30,122.91999816894531,123.4800033569336,122.91999816894531,123.4800033569336,215209
2026-01-13 12:30:00+05:30,123.48999786376953,123.5999984741211,123.37000274658203,123.47000122070312,298917
2026-01-13 12:35:00+05:30,123.55000305175781,123.56999969482422,123.41999816894531,123.44999694824219,67537
2026-01-13 12:40:00+05:30,123.44999694824219,123.44999694824219,123.22000122070312,123.41999816894531,67385
2026-01-13 12:45:00+05:30,123.41999816894531,123.41999816894531,123.04000091552734,123.08000183105469,193805
2026-01-13 12:50:00+05:30,123.12000274658203,123.12000274658203,122.9000015258789,123.05000305175781,212012
2026-01-13 12:55:00+05:30,123.0999984741211,123.0999984741211,122.66000366210938,122.66000366210938,528730
2026-01-13 13:00:00+05:30,122.69000244140625,122.8499984741211,122.58000183105469,122.80999755859375,169124
2026-01-13 13:05:00+05:30,122.77999877929688,122.91000366210938,122.69999694824219,122.91000366210938,84722
2026-01-13 13:10:00+05:30,122.91000366210938,123.02999877929688,122.8499984741211,122.86000061035156,91433
2026-01-13 13:15:00+05:30,122.86000061035156,122.9000015258789,122.66999816894531,122.77999877929688,117786
2026-01-13 13:20:00+05:30,122.79000091552734,123.0999984741211,122.75,123.06999969482422,116648
2026-01-13 13:25:00+05:30,123.01000213623047,123.16999816894531,122.88999938964844,123.04000091552734,102437
2026-01-13 13:30:00+05:30,123.0199966430664,123.04000091552734,122.81999969482422,122.97000122070312,68186
2026-01-13 13:35:00+05:30,122.98999786376953,123.12999725341797,122.9800033569336,123.01000213623047,62195
2026-01-13 13:40:00+05:30,123.01000213623047,123.0999984741211,122.87000274658203,123.0999984741211,60024
2026-01-13 13:45:00+05:30,123.11000061035156,123.1500015258789,123.01000213623047,123.1500015258789,56073
2026-01-13 13:50:00+05:30,123.1500015258789,123.45999908447266,123.12999725341797,123.37000274658203,155685
2026-01-13 13:55:00+05:30,123.33000183105469,123.3499984741211,123.20999908447266,123.3499984741211,73065
2026-01-13 14:00:00+05:30,123.2300033569336,123.2300033569336,122.94999694824219,123.04000091552734,97923
2026-01-13 14:05:00+05:30,123.02999877929688,123.11000061035156,122.9800033569336,123.04000091552734,27600
2026-01-13 14:10:00+05:30,123.04000091552734,123.04000091552734,122.7699966430664,122.94000244140625,77112
2026-01-13 14:15:00+05:30,122.94000244140625,123.08000183105469,122.87999725341797,123.01000213623047,95802
2026-01-13 14:20:00+05:30,123.0,123.08999633789062,122.94999694824219,123.0199966430664,954862
2026-01-13 14:25:00+05:30,123.04000091552734,123.25,122.98999786376953,123.05000305175781,100639
2026-01-13 14:30:00+05:30,123.02999877929688,123.55000305175781,123.02999877929688,123.5,371397
2026-01-13 14:35:00+05:30,123.5,123.66000366210938,123.44000244140625,123.66000366210938,319946
2026-01-13 14:40:00+05:30,123.66000366210938,124.05000305175781,123.54000091552734,123.98999786376953,544701
2026-01-13 14:45:00+05:30,124.04000091552734,124.37000274658203,124.04000091552734,124.22000122070312,458164
2026-01-13 14:50:00+05:30,124.19999694824219,124.47000122070312,124.19999694824219,124.37999725341797,196832
2026-01-13 14:55:00+05:30,124.4000015258789,124.54000091552734,124.16999816894531,124.44999694824219,376459
2026-01-13 15:00:00+05:30,124.45999908447266,124.56999969482422,124.36000061035156,124.44000244140625,386797
2026-01-13 15:05:00+05:30,124.43000030517578,124.5,124.4000015258789,124.5,673473
2026-01-13 15:10:00+05:30,124.4800033569336,124.6500015258789,124.43000030517578,124.55000305175781,606879
2026-01-13 15:15:00+05:30,124.55000305175781,124.62999725341797,124.5199966430664,124.62000274658203,420467
2026-01-13 15:20:00+05:30,124.58000183105469,124.6500015258789,124.58000183105469,124.63999938964844,426407
2026-01-13 15:25:00+05:30,124.61000061035156,124.62000274658203,124.31999969482422,124.3499984741211,569319
2026-01-14 09:20:00+05:30,125.41999816894531,125.5199966430664,125.25,125.33000183105469,451959
2026-01-14 09:25:00+05:30,125.31999969482422,125.33999633789062,125.19999694824219,125.30000305175781,236433
2026-01-14 09:30:00+05:30,125.30999755859375,125.52999877929688,125.2699966430664,125.30000305175781,335194
2026-01-14 09:35:00+05:30,125.27999877929688,125.4000015258789,124.97000122070312,124.97000122070312,460444
2026-01-14 09:40:00+05:30,125.0,125.11000061035156,124.86000061035156,124.91999816894531,239746
2026-01-14 09:45:00+05:30,124.94000244140625,125.19000244140625,124.94000244140625,125.19000244140625,125368
2026-01-14 09:50:00+05:30,125.16999816894531,125.19000244140625,124.83000183105469,124.95999908447266,288376
2026-01-14 09:55:00+05:30,125.0,125.13999938964844,124.80000305175781,124.93000030517578,366545
2026-01-14 10:00:00+05:30,124.94999694824219,125.25,124.94000244140625,125.18000030517578,101750
2026-01-14 10:05:00+05:30,125.16000366210938,125.20999908447266,125.08000183105469,125.08999633789062,95651
2026-01-14 10:10:00+05:30,125.08000183105469,125.08000183105469,124.80999755859375,124.86000061035156,132084
2026-01-14 10:15:00+05:30,124.83000183105469,124.83999633789062,124.5999984741211,124.72000122070312,359756
2026-01-14 10:20:00+05:30,124.77999877929688,124.9800033569336,124.66999816894531,124.9800033569336,163842
2026-01-14 10:25:00+05:30,125.08999633789062,125.44000244140625,125.02999877929688,125.44000244140625,375718
2026-01-14 10:30:00+05:30,125.44999694824219,125.58999633789062,125.3499984741211,125.4800033569336,322671
2026-01-14 10:35:00+05:30,125.48999786376953,125.56999969482422,125.26000213623047,125.47000122070312,188370
2026-01-14 10:40:00+05:30,125.44999694824219,125.58000183105469,125.37999725341797,125.41000366210938,151962
2026-01-14 10:45:00+05:30,125.41000366210938,125.62000274658203,125.36000061035156,125.61000061035156,146838
2026-01-14 10:50:00+05:30,125.58000183105469,125.72000122070312,125.56999969482422,125.69999694824219,257727
2026-01-14 10:55:00+05:30,125.69000244140625,126.18000030517578,125.69000244140625,126.18000030517578,728648
2026-01-14 11:00:00+05:30,126.19000244140625,126.62999725341797,126.1500015258789,126.62000274658203,660722
2026-01-14 11:05:00+05:30,126.5999984741211,126.66999816894531,126.43000030517578,126.56999969482422,482850
2026-01-14 11:10:00+05:30,126.56999969482422,126.76000213623047,126.55000305175781,126.62999725341797,300066
2026-01-14 11:15:00+05:30,126.62999725341797,126.69999694824219,126.43000030517578,126.5,352295
2026-01-14 11:20:00+05:30,126.5199966430664,126.58000183105469,126.4000015258789,126.41999816894531,220924
2026-01-14 11:25:00+05:30,126.4000015258789,126.48999786376953,126.26000213623047,126.4000015258789,381131
2026-01-14 11:30:00+05:30,126.4000015258789,126.4800033569336,126.16999816894531,126.19999694824219,192544
2026-01-14 11:35:00+05:30,126.19999694824219,126.29000091552734,126.05000305175781,126.11000061035156,217717
2026-01-14 11:40:00+05:30,126.0999984741211,126.20999908447266,125.91000366210938,125.91000366210938,184331
2026-01-14 11:45:00+05:30,125.86000061035156,126.02999877929688,125.86000061035156,125.94999694824219,275974
2026-01-14 11:50:00+05:30,125.94999694824219,125.94999694824219,125.69999694824219,125.72000122070312,195246
2026-01-14 11:55:00+05:30,125.75,125.76000213623047,125.6500015258789,125.6500015258789,125390
2026-01-14 12:00:00+05:30,125.69000244140625,126.01000213623047,125.69000244140625,125.9800033569336,114024
2026-01-14 12:05:00+05:30,126.0,126.01000213623047,125.80000305175781,125.87000274658203,132943
2026-01-14 12:10:00+05:30,125.87000274658203,125.94999694824219,125.76000213623047,125.94999694824219,111497
2026-01-14 12:15:00+05:30,125.95999908447266,126.0,125.7699966430664,125.91999816894531,238944
2026-01-14 12:20:00+05:30,125.97000122070312,126.18000030517578,125.97000122070312,126.0999984741211,129723
2026-01-14 12:25:00+05:30,126.08000183105469,126.11000061035156,125.93000030517578,126.08999633789062,92586
2026-01-14 12:30:00+05:30,126.08999633789062,126.18000030517578,126.04000091552734,126.08999633789062,84263
2026-01-14 12:35:00+05:30,126.11000061035156,126.16000366210938,126.05000305175781,126.12999725341797,113438
2026-01-14 12:40:00+05:30,126.12999725341797,126.16000366210938,125.97000122070312,126.08000183105469,111356
2026-01-14 12:45:00+05:30,126.02999877929688,126.45999908447266,126.02999877929688,126.4000015258789,289056
2026-01-14 12:50:00+05:30,126.41000366210938,126.70999908447266,126.41000366210938,126.5999984741211,764119
2026-01-14 12:55:00+05:30,126.5999984741211,126.80000305175781,126.41999816894531,126.77999877929688,437035
2026-01-14 13:00:00+05:30,126.79000091552734,127.11000061035156,126.77999877929688,127.05000305175781,1118526
2026-01-14 13:05:00+05:30,127.05000305175781,127.2699966430664,126.70999908447266,127.13999938964844,932216
2026-01-14 13:10:00+05:30,127.16999816894531,127.80000305175781,127.12000274658203,127.77999877929688,1359268
2026-01-14 13:15:00+05:30,127.7699966430664,128.0,127.55999755859375,127.62000274658203,1260790
2026-01-14 13:20:00+05:30,127.62999725341797,127.8499984741211,127.41000366210938,127.6500015258789,656393
2026-01-14 13:25:00+05:30,127.66000366210938,128.14999389648438,127.47000122070312,128.0,1288616
2026-01-14 13:30:00+05:30,128.00999450683594,128.02000427246094,127.62000274658203,127.76000213623047,626390
2026-01-14 13:35:00+05:30,127.77999877929688,128.1999969482422,127.73999786376953,128.19000244140625,692246
2026-01-14 13:40:00+05:30,128.1999969482422,128.4499969482422,128.1300048828125,128.32000732421875,929675
2026-01-14 13:45:00+05:30,128.32000732421875,128.35000610351562,127.94000244140625,128.02999877929688,551793
2026-01-14 13:50:00+05:30,128.02999877929688,128.13999938964844,127.81999969482422,127.81999969482422,516053
2026-01-14 13:55:00+05:30,127.8499984741211,127.87999725341797,127.56999969482422,127.8499984741211,501316
2026-01-14 14:00:00+05:30,127.83999633789062,128.0500030517578,127.7699966430664,127.77999877929688,369108
2026-01-14 14:05:00+05:30,127.7699966430664,128.0,127.76000213623047,127.87000274658203,206857
2026-01-14 14:10:00+05:30,127.9000015258789,128.05999755859375,127.80000305175781,128.0500030517578,284414
2026-01-14 14:15:00+05:30,128.02000427246094,128.1999969482422,127.94000244140625,128.11000061035156,424155
2026-01-14 14:20:00+05:30,128.10000610351562,128.39999389648438,127.86000061035156,128.1300048828125,1675713
2026-01-14 14:25:00+05:30,128.11000061035156,128.24000549316406,127.91000366210938,128.02999877929688,314027
2026-01-14 14:30:00+05:30,128.0,128.10000610351562,127.8499984741211,128.0800018310547,294816
2026-01-14 14:35:00+05:30,128.10000610351562,128.19000244140625,128.0500030517578,128.1199951171875,197883
2026-01-14 14:40:00+05:30,128.14999389648438,128.32000732421875,128.11000061035156,128.22000122070312,495559
2026-01-14 14:45:00+05:30,128.25,128.4199981689453,128.25,128.36000061035156,541377
2026-01-14 14:50:00+05:30,128.41000366210938,129.0,128.39999389648438,128.8699951171875,1472186
2026-01-14 14:55:00+05:30,128.89999389648438,128.99000549316406,128.50999450683594,128.8300018310547,724650
2026-01-14 15:00:00+05:30,128.77000427246094,128.82000732421875,128.6199951171875,128.72999572753906,600363
2026-01-14 15:05:00+05:30,128.74000549316406,128.8300018310547,128.6999969482422,128.75,529836
2026-01-14 15:10:00+05:30,128.6999969482422,128.8300018310547,128.67999267578125,128.75,666238
2026-01-14 15:15:00+05:30,128.75,128.75,128.55999755859375,128.66000366210938,930745
2026-01-14 15:20:00+05:30,128.63999938964844,128.7100067138672,128.5,128.67999267578125,848959
2026-01-14 15:25:00+05:30,128.69000244140625,128.75,128.55999755859375,128.63999938964844,930252
2026-01-16 09:20:00+05:30,130.8300018310547,130.9499969482422,130.4199981689453,130.75,960004
2026-01-16 09:25:00+05:30,130.74000549316406,131.02999877929688,130.7100067138672,130.85000610351562,1004226
2026-01-16 09:30:00+05:30,130.85000610351562,131.4600067138672,130.80999755859375,131.30999755859375,1226656
2026-01-16 09:35:00+05:30,131.35000610351562,131.9499969482422,131.1999969482422,131.66000366210938,1367384
2026-01-16 09:40:00+05:30,131.61000061035156,132.4499969482422,131.5500030517578,132.39999389648438,1797601
2026-01-16 09:45:00+05:30,132.4199981689453,132.77999877929688,132.25999450683594,132.25999450683594,1570640
2026-01-16 09:50:00+05:30,132.25,132.58999633789062,132.14999389648438,132.32000732421875,817363
2026-01-16 09:55:00+05:30,132.3000030517578,132.33999633789062,131.82000732421875,131.82000732421875,580425
2026-01-16 10:00:00+05:30,131.82000732421875,132.33999633789062,131.82000732421875,131.9600067138672,490041
2026-01-16 10:05:00+05:30,131.9600067138672,132.19000244140625,131.83999633789062,132.0800018310547,521182
2026-01-16 10:10:00+05:30,132.0800018310547,132.27000427246094,131.91000366210938,131.9499969482422,502366
2026-01-16 10:15:00+05:30,131.9199981689453,132.0,131.64999389648438,131.97999572753906,554087
2026-01-16 10:20:00+05:30,131.94000244140625,132.1999969482422,131.77999877929688,132.0800018310547,374972
2026-01-16 10:25:00+05:30,132.0800018310547,132.14999389648438,131.91000366210938,132.10000610351562,206299
2026-01-16 10:30:00+05:30,132.07000732421875,132.36000061035156,131.92999267578125,132.30999755859375,386529
2026-01-16 10:35:00+05:30,132.3000030517578,132.5,132.00999450683594,132.02999877929688,609705
2026-01-16 10:40:00+05:30,132.08999633789062,132.1199951171875,131.75999450683594,131.77999877929688,397349
2026-01-16 10:45:00+05:30,131.77999877929688,131.9499969482422,131.72000122070312,131.9499969482422,212744
2026-01-16 10:50:00+05:30,131.9600067138672,132.08999633789062,131.94000244140625,132.02000427246094,233389
2026-01-16 10:55:00+05:30,131.99000549316406,132.1999969482422,131.94000244140625,132.0,272494
2026-01-16 11:00:00+05:30,131.99000549316406,132.0500030517578,131.8699951171875,131.9199981689453,136366
2026-01-16 11:05:00+05:30,131.94000244140625,132.24000549316406,131.9199981689453,132.08999633789062,270447
2026-01-16 11:10:00+05:30,132.0500030517578,132.1699981689453,131.94000244140625,132.02000427246094,115871
2026-01-16 11:15:00+05:30,132.02000427246094,132.1199951171875,132.0,132.10000610351562,130700
2026-01-16 11:20:00+05:30,132.1199951171875,132.44000244140625,132.00999450683594,132.42999267578125,506015
2026-01-16 11:25:00+05:30,132.42999267578125,132.6999969482422,132.39999389648438,132.5500030517578,964606
2026-01-16 11:30:00+05:30,132.57000732421875,132.75,132.36000061035156,132.44000244140625,751975
2026-01-16 11:35:00+05:30,132.44000244140625,132.64999389648438,132.30999755859375,132.3300018310547,225719
2026-01-16 11:40:00+05:30,132.3300018310547,132.5399932861328,132.32000732421875,132.3300018310547,137501
2026-01-16 11:45:00+05:30,132.35000610351562,132.39999389648438,132.14999389648438,132.19000244140625,237159
2026-01-16 11:50:00+05:30,132.0800018310547,132.24000549316406,132.00999450683594,132.0800018310547,192929
2026-01-16 11:55:00+05:30,132.0800018310547,132.11000061035156,131.92999267578125,131.94000244140625,354323
2026-01-16 12:00:00+05:30,131.92999267578125,132.00999450683594,131.88999938964844,131.9199981689453,147949
2026-01-16 12:05:00+05:30,131.9199981689453,131.92999267578125,131.6300048828125,131.69000244140625,395496
2026-01-16 12:10:00+05:30,131.63999938964844,131.8800048828125,131.63999938964844,131.75999450683594,183221
2026-01-16 12:15:00+05:30,131.75999450683594,131.8699951171875,131.6999969482422,131.77999877929688,213718
2026-01-16 12:20:00+05:30,131.77999877929688,131.9199981689453,131.52999877929688,131.72999572753906,699930
2026-01-16 12:25:00+05:30,131.72999572753906,131.8699951171875,131.4199981689453,131.49000549316406,260853
2026-01-16 12:30:00+05:30,131.50999450683594,131.74000549316406,131.4499969482422,131.5800018310547,179160
2026-01-16 12:35:00+05:30,131.6199951171875,131.7100067138672,131.52000427246094,131.6999969482422,179593
2026-01-16 12:40:00+05:30,131.6999969482422,131.97999572753906,131.6199951171875,131.89999389648438,183371
2026-01-16 12:45:00+05:30,131.8800048828125,131.9199981689453,131.4499969482422,131.5,187195
2026-01-16 12:50:00+05:30,131.47000122070312,131.6699981689453,131.4499969482422,131.63999938964844,258737
2026-01-16 12:55:00+05:30,131.63999938964844,131.66000366210938,131.25,131.3300018310547,303650
2026-01-16 13:00:00+05:30,131.3300018310547,131.38999938964844,131.25,131.27000427246094,192151
2026-01-16 13:05:00+05:30,131.27000427246094,131.47999572753906,131.25999450683594,131.30999755859375,156916
2026-01-16 13:10:00+05:30,131.3000030517578,131.35000610351562,131.22000122070312,131.22000122070312,180174
2026-01-16 13:15:00+05:30,131.24000549316406,131.47000122070312,131.24000549316406,131.3300018310547,151163
2026-01-16 13:20:00+05:30,131.33999633789062,131.39999389648438,131.17999267578125,131.22000122070312,120776
2026-01-16 13:25:00+05:30,131.22000122070312,131.38999938964844,131.14999389648438,131.33999633789062,233450
2026-01-16 13:30:00+05:30,131.33999633789062,131.63999938964844,131.33999633789062,131.57000732421875,255371
2026-01-16 13:35:00+05:30,131.5500030517578,131.60000610351562,131.32000732421875,131.35000610351562,191444
2026-01-16 13:40:00+05:30,131.35000610351562,131.52999877929688,131.3000030517578,131.4199981689453,182105
2026-01-16 13:45:00+05:30,131.4199981689453,131.5,131.25,131.39999389648438,262559
2026-01-16 13:50:00+05:30,131.49000549316406,131.60000610351562,131.3699951171875,131.39999389648438,126222
2026-01-16 13:55:00+05:30,131.39999389648438,131.52000427246094,131.35000610351562,131.35000610351562,81764
2026-01-16 14:00:00+05:30,131.35000610351562,131.39999389648438,131.14999389648438,131.14999389648438,142742
2026-01-16 14:05:00+05:30,131.13999938964844,131.25,131.05999755859375,131.13999938964844,130935
2026-01-16 14:10:00+05:30,131.1300048828125,131.24000549316406,131.0800018310547,131.1300048828125,161436
2026-01-16 14:15:00+05:30,131.10000610351562,131.25,131.0500030517578,131.1999969482422,125417
2026-01-16 14:20:00+05:30,131.19000244140625,131.3000030517578,131.16000366210938,131.3000030517578,173083
2026-01-16 14:25:00+05:30,131.39999389648438,131.5500030517578,131.2899932861328,131.3000030517578,325934
2026-01-16 14:30:00+05:30,131.36000061035156,131.6199951171875,131.1999969482422,131.35000610351562,216709
2026-01-16 14:35:00+05:30,131.35000610351562,131.9600067138672,131.35000610351562,131.9499969482422,272008
2026-01-16 14:40:00+05:30,131.94000244140625,132.0,131.82000732421875,131.9199981689453,192966
2026-01-16 14:45:00+05:30,131.8699951171875,132.0,131.7899932861328,132.0,678541
2026-01-16 14:50:00+05:30,132.0,132.3000030517578,131.91000366210938,132.1999969482422,734008
2026-01-16 14:55:00+05:30,132.17999267578125,132.35000610351562,132.16000366210938,132.27999877929688,265322
2026-01-16 15:00:00+05:30,132.1999969482422,132.57000732421875,132.1999969482422,132.5500030517578,758460
2026-01-16 15:05:00+05:30,132.5399932861328,132.5399932861328,132.38999938964844,132.4199981689453,413846
2026-01-16 15:10:00+05:30,132.4199981689453,132.49000549316406,132.3800048828125,132.39999389648438,565396
2026-01-16 15:15:00+05:30,132.35000610351562,132.39999389648438,132.0500030517578,132.25,1058697
2026-01-16 15:20:00+05:30,132.2100067138672,132.38999938964844,132.13999938964844,132.36000061035156,707561
2026-01-16 15:25:00+05:30,132.36000061035156,132.39999389648438,132.11000061035156,132.22000122070312,630961
2026-01-19 09:20:00+05:30,132.8800048828125,133.19000244140625,132.5500030517578,132.85000610351562,753551
2026-01-19 09:25:00+05:30,132.80999755859375,132.83999633789062,132.36000061035156,132.44000244140625,754937
2026-01-19 09:30:00+05:30,132.5500030517578,133.47000122070312,132.42999267578125,133.4199981689453,741304
2026-01-19 09:35:00+05:30,133.35000610351562,134.0,133.3000030517578,133.97999572753906,1340212
2026-01-19 09:40:00+05:30,133.9199981689453,133.99000549316406,133.13999938964844,133.4199981689453,773342
2026-01-19 09:45:00+05:30,133.47000122070312,133.5500030517578,133.11000061035156,133.11000061035156,454378
2026-01-19 09:50:00+05:30,133.05999755859375,133.69000244140625,133.0,133.02999877929688,384534
2026-01-19 09:55:00+05:30,133.0800018310547,133.3800048828125,133.0800018310547,133.3699951171875,212875
2026-01-19 10:00:00+05:30,133.36000061035156,133.8000030517578,133.2100067138672,133.8000030517578,296618
2026-01-19 10:05:00+05:30,133.8000030517578,134.39999389648438,133.55999755859375,134.3699951171875,1051717
2026-01-19 10:10:00+05:30,134.39999389648438,134.5800018310547,134.02999877929688,134.50999450683594,1062709
2026-01-19 10:15:00+05:30,134.5,135.10000610351562,134.27000427246094,134.5,2311528
2026-01-19 10:20:00+05:30,134.52000427246094,134.52000427246094,133.89999389648438,134.02000427246094,604557
2026-01-19 10:25:00+05:30,134.02000427246094,134.4499969482422,133.66000366210938,134.32000732421875,472696
2026-01-19 10:30:00+05:30,134.3800048828125,134.5,134.1999969482422,134.47000122070312,380474
2026-01-19 10:35:00+05:30,134.3800048828125,134.3800048828125,133.82000732421875,133.82000732421875,348673
2026-01-19 10:40:00+05:30,133.75999450683594,133.9199981689453,133.4499969482422,133.4499969482422,622164
2026-01-19 10:45:00+05:30,133.49000549316406,133.60000610351562,133.39999389648438,133.5,323136
2026-01-19 10:50:00+05:30,133.50999450683594,133.8300018310547,133.4499969482422,133.7100067138672,207849
2026-01-19 10:55:00+05:30,133.7100067138672,133.72999572753906,133.14999389648438,133.27999877929688,278145
2026-01-19 11:00:00+05:30,133.24000549316406,133.5,133.1300048828125,133.38999938964844,291748
2026-01-19 11:05:00+05:30,133.3699951171875,133.3699951171875,132.9600067138672,133.07000732421875,352107
2026-01-19 11:10:00+05:30,133.10000610351562,133.35000610351562,132.8000030517578,133.17999267578125,363337
2026-01-19 11:15:00+05:30,132.36000061035156,133.2100067138672,132.36000061035156,133.14999389648438,142910
2026-01-19 11:20:00+05:30,133.13999938964844,133.5,133.0800018310547,133.35000610351562,180942
2026-01-19 11:25:00+05:30,133.32000732421875,133.32000732421875,133.16000366210938,133.1999969482422,189953
2026-01-19 11:30:00+05:30,133.1999969482422,133.44000244140625,133.17999267578125,133.44000244140625,82857
2026-01-19 11:35:00+05:30,133.42999267578125,133.4600067138672,133.30999755859375,133.41000366210938,115927
2026-01-19 11:40:00+05:30,133.39999389648438,133.41000366210938,133.0500030517578,133.0500030517578,171004
2026-01-19 11:45:00+05:30,133.0800018310547,133.0800018310547,132.75999450683594,133.0500030517578,256649
2026-01-19 11:50:00+05:30,132.97999572753906,133.1699981689453,132.9600067138672,133.1300048828125,134936
2026-01-19 11:55:00+05:30,133.10000610351562,133.10000610351562,132.7100067138672,132.7100067138672,200099
2026-01-19 12:00:00+05:30,132.77000427246094,132.80999755859375,132.63999938964844,132.77999877929688,163115
2026-01-19 12:05:00+05:30,132.7899932861328,133.11000061035156,132.77999877929688,132.9600067138672,191178
2026-01-19 12:10:00+05:30,132.9600067138672,133.3300018310547,132.92999267578125,133.32000732421875,130723
2026-01-19 12:15:00+05:30,133.32000732421875,133.63999938964844,133.2899932861328,133.44000244140625,321050
2026-01-19 12:20:00+05:30,133.50999450683594,133.60000610351562,133.39999389648438,133.42999267578125,241468
2026-01-19 12:25:00+05:30,133.44000244140625,133.5,133.3300018310547,133.42999267578125,112898
2026-01-19 12:30:00+05:30,133.4499969482422,133.47999572753906,133.27999877929688,133.36000061035156,91481
2026-01-19 12:35:00+05:30,133.4199981689453,133.58999633789062,133.25,133.39999389648438,142852
2026-01-19 12:40:00+05:30,133.52999877929688,133.66000366210938,133.49000549316406,133.52000427246094,221231
2026-01-19 12:45:00+05:30,133.55999755859375,133.86000061035156,133.4199981689453,133.82000732421875,260936
2026-01-19 12:50:00+05:30,133.80999755859375,133.82000732421875,133.61000061035156,133.6699981689453,122563
2026-01-19 12:55:00+05:30,133.6699981689453,133.6699981689453,133.32000732421875,133.52000427246094,114882
2026-01-19 13:00:00+05:30,133.52000427246094,133.63999938964844,133.42999267578125,133.5,106121
2026-01-19 13:05:00+05:30,133.5,134.00999450683594,133.35000610351562,133.91000366210938,360262
2026-01-19 13:10:00+05:30,133.92999267578125,133.97999572753906,133.74000549316406,133.8699951171875,136712
2026-01-19 13:15:00+05:30,133.86000061035156,133.8800048828125,133.63999938964844,133.8000030517578,124684
2026-01-19 13:20:00+05:30,133.75999450683594,133.88999938964844,133.75999450683594,133.8300018310547,135744
2026-01-19 13:25:00+05:30,133.85000610351562,133.86000061035156,133.64999389648438,133.64999389648438,101693
2026-01-19 13:30:00+05:30,133.66000366210938,134.07000732421875,133.66000366210938,133.82000732421875,341659
2026-01-19 13:35:00+05:30,133.82000732421875,133.86000061035156,133.52999877929688,133.5800018310547,110480
2026-01-19 13:40:00+05:30,133.6300048828125,133.97000122070312,133.58999633789062,133.85000610351562,159583
2026-01-19 13:45:00+05:30,133.8800048828125,134.10000610351562,133.83999633789062,134.10000610351562,173337
2026-01-19 13:50:00+05:30,134.08999633789062,135.1300048828125,127.33000183105469,127.86000061035156,8873070
2026-01-19 13:55:00+05:30,128.0,128.32000732421875,126.08999633789062,126.76000213623047,10076620
2026-01-19 14:00:00+05:30,126.80000305175781,127.70999908447266,125.66000366210938,125.66000366210938,8078051
2026-01-19 14:05:00+05:30,125.5,128.6300048828125,125.38999938964844,128.39999389648438,7325117
2026-01-19 14:10:00+05:30,128.5500030517578,129.2100067138672,128.05999755859375,128.3699951171875,4974051
2026-01-19 14:15:00+05:30,128.47999572753906,129.10000610351562,127.43000030517578,128.6699981689453,4296162
2026-01-19 14:20:00+05:30,128.6199951171875,128.7899932861328,127.66000366210938,128.3000030517578,2886413
2026-01-19 14:25:00+05:30,128.27999877929688,128.33999633789062,127.0999984741211,127.44000244140625,2025175
2026-01-19 14:30:00+05:30,127.44000244140625,127.69000244140625,126.9000015258789,127.0199966430664,1942739
2026-01-19 14:35:00+05:30,127.01000213623047,127.1500015258789,126.62999725341797,126.9000015258789,1786909
2026-01-19 14:40:00+05:30,126.9000015258789,127.19999694824219,126.44999694824219,126.8499984741211,1544214
2026-01-19 14:45:00+05:30,126.8499984741211,127.12000274658203,126.5199966430664,126.81999969482422,1163575
2026-01-19 14:50:00+05:30,126.83000183105469,127.33000183105469,126.66999816894531,127.05000305175781,1055283
2026-01-19 14:55:00+05:30,127.05999755859375,127.62000274658203,126.93000030517578,127.5999984741211,1211257
2026-01-19 15:00:00+05:30,127.58000183105469,128.1199951171875,127.36000061035156,127.94000244140625,1316776
2026-01-19 15:05:00+05:30,128.0,128.17999267578125,127.77999877929688,128.07000732421875,1801664
2026-01-19 15:10:00+05:30,128.10000610351562,128.10000610351562,127.69999694824219,127.87000274658203,824481
2026-01-19 15:15:00+05:30,127.86000061035156,128.2899932861328,127.7300033569336,128.0500030517578,1309941
2026-01-19 15:20:00+05:30,128.0500030517578,128.6300048828125,128.0399932861328,128.55999755859375,1091270
2026-01-19 15:25:00+05:30,128.55999755859375,128.60000610351562,128.25999450683594,128.35000610351562,918549
2026-01-20 09:20:00+05:30,130.0,130.16000366210938,128.88999938964844,128.91000366210938,1254720
2026-01-20 09:25:00+05:30,128.8800048828125,129.27999877929688,128.60000610351562,128.75999450683594,2161858
2026-01-20 09:30:00+05:30,128.72000122070312,128.74000549316406,127.19999694824219,127.27999877929688,1552997
2026-01-20 09:35:00+05:30,127.30999755859375,127.51000213623047,126.70999908447266,127.11000061035156,1007930
2026-01-20 09:40:00+05:30,127.1500015258789,127.5,126.69999694824219,126.77999877929688,927214
2026-01-20 09:45:00+05:30,126.79000091552734,126.79000091552734,126.1500015258789,126.19999694824219,1061897
2026-01-20 09:50:00+05:30,126.19999694824219,126.69999694824219,125.8499984741211,125.87000274658203,1206940
2026-01-20 09:55:00+05:30,125.94999694824219,126.12999725341797,125.62999725341797,125.83999633789062,825378
2026-01-20 10:00:00+05:30,125.79000091552734,126.12000274658203,125.5999984741211,126.0,688270
2026-01-20 10:05:00+05:30,126.04000091552734,126.22000122070312,125.68000030517578,125.73999786376953,524440
2026-01-20 10:10:00+05:30,125.7699966430664,126.29000091552734,125.68000030517578,125.88999938964844,537899
2026-01-20 10:15:00+05:30,125.81999969482422,125.98999786376953,125.66000366210938,125.80000305175781,366142
2026-01-20 10:20:00+05:30,125.68000030517578,126.0199966430664,125.61000061035156,125.86000061035156,380805
2026-01-20 10:25:00+05:30,125.87000274658203,126.12000274658203,125.62999725341797,125.86000061035156,444472
2026-01-20 10:30:00+05:30,125.87999725341797,125.87999725341797,125.61000061035156,125.7300033569336,137494
2026-01-20 10:35:00+05:30,125.7300033569336,126.76000213623047,125.6500015258789,126.66000366210938,826788
2026-01-20 10:40:00+05:30,126.66999816894531,127.0,126.47000122070312,126.47000122070312,861787
2026-01-20 10:45:00+05:30,126.47000122070312,126.55999755859375,126.19000244140625,126.19999694824219,309586
2026-01-20 10:50:00+05:30,126.19999694824219,126.3499984741211,126.0999984741211,126.23999786376953,143453
2026-01-20 10:55:00+05:30,126.22000122070312,126.26000213623047,125.98999786376953,126.26000213623047,214104
2026-01-20 11:00:00+05:30,126.30000305175781,126.33999633789062,126.0999984741211,126.16999816894531,133836
2026-01-20 11:05:00+05:30,126.18000030517578,126.18000030517578,126.0,126.05000305175781,85226
2026-01-20 11:10:00+05:30,126.02999877929688,126.04000091552734,125.7699966430664,125.87000274658203,365551
2026-01-20 11:15:00+05:30,125.83999633789062,126.1500015258789,125.81999969482422,125.91000366210938,245840
2026-01-20 11:20:00+05:30,125.94999694824219,126.25,125.94999694824219,126.25,68714
2026-01-20 11:25:00+05:30,126.22000122070312,126.37000274658203,125.87999725341797,125.93000030517578,385072
2026-01-20 11:30:00+05:30,125.95999908447266,126.22000122070312,125.93000030517578,126.22000122070312,178973
2026-01-20 11:35:00+05:30,126.22000122070312,126.26000213623047,125.93000030517578,125.94999694824219,166794
2026-01-20 11:40:00+05:30,125.94999694824219,125.94999694824219,125.6500015258789,125.75,230504
2026-01-20 11:45:00+05:30,125.77999877929688,125.77999877929688,125.66999816894531,125.76000213623047,112578
2026-01-20 11:50:00+05:30,125.76000213623047,126.05000305175781,125.62000274658203,125.94999694824219,175382
2026-01-20 11:55:00+05:30,125.94999694824219,125.97000122070312,125.8499984741211,125.88999938964844,151406
2026-01-20 12:00:00+05:30,125.9000015258789,125.9000015258789,125.58000183105469,125.70999908447266,791499
2026-01-20 12:05:00+05:30,125.70999908447266,126.04000091552734,125.68000030517578,125.86000061035156,675435
2026-01-20 12:10:00+05:30,125.83999633789062,126.11000061035156,125.75,126.04000091552734,431727
2026-01-20 12:15:00+05:30,126.04000091552734,126.08000183105469,125.55000305175781,125.66999816894531,945793
2026-01-20 12:20:00+05:30,125.69999694824219,125.69999694824219,125.30000305175781,125.56999969482422,773025
2026-01-20 12:25:00+05:30,125.54000091552734,125.77999877929688,125.37000274658203,125.41999816894531,616081
2026-01-20 12:30:00+05:30,125.37000274658203,125.4000015258789,125.11000061035156,125.11000061035156,205599
2026-01-20 12:35:00+05:30,125.11000061035156,125.43000030517578,125.0999984741211,125.36000061035156,229317
2026-01-20 12:40:00+05:30,125.4000015258789,125.4000015258789,125.20999908447266,125.3499984741211,103705
2026-01-20 12:45:00+05:30,125.33000183105469,125.43000030517578,125.27999877929688,125.43000030517578,85051
2026-01-20 12:50:00+05:30,125.37999725341797,125.97000122070312,125.37999725341797,125.77999877929688,465417
2026-01-20 12:55:00+05:30,125.70999908447266,125.83999633789062,125.47000122070312,125.80000305175781,316423
2026-01-20 13:00:00+05:30,125.80000305175781,125.9000015258789,125.43000030517578,125.87999725341797,807418
2026-01-20 13:05:00+05:30,125.88999938964844,125.94000244140625,125.44999694824219,125.5,140392
2026-01-20 13:10:00+05:30,125.44999694824219,125.55999755859375,125.4000015258789,125.43000030517578,88581
2026-01-20 13:15:00+05:30,125.41999816894531,125.44000244140625,125.25,125.29000091552734,148530
2026-01-20 13:20:00+05:30,125.25,126.1500015258789,125.25,126.0999984741211,1508348
2026-01-20 13:25:00+05:30,126.12000274658203,126.16999816894531,126.02999877929688,126.06999969482422,532476
2026-01-20 13:30:00+05:30,126.05999755859375,126.05999755859375,125.66999816894531,125.69999694824219,271529
2026-01-20 13:35:00+05:30,125.72000122070312,125.81999969482422,125.61000061035156,125.68000030517578,237648
2026-01-20 13:40:00+05:30,125.66000366210938,125.7300033569336,125.51000213623047,125.51000213623047,205552
2026-01-20 13:45:00+05:30,125.55999755859375,125.62999725341797,125.41000366210938,125.44000244140625,293659
2026-01-20 13:50:00+05:30,125.48999786376953,125.72000122070312,125.44999694824219,125.56999969482422,260213
2026-01-20 13:55:00+05:30,125.55999755859375,125.62999725341797,125.38999938964844,125.55999755859375,709063
2026-01-20 14:00:00+05:30,125.58999633789062,125.7300033569336,125.3499984741211,125.7300033569336,707140
2026-01-20 14:05:00+05:30,125.70999908447266,125.70999908447266,125.20999908447266,125.22000122070312,389870
2026-01-20 14:10:00+05:30,125.19999694824219,125.30999755859375,125.19999694824219,125.27999877929688,191612
2026-01-20 14:15:00+05:30,125.30000305175781,125.41000366210938,125.19999694824219,125.30999755859375,364898
2026-01-20 14:20:00+05:30,125.33999633789062,125.51000213623047,125.33999633789062,125.44999694824219,435557
2026-01-20 14:25:00+05:30,125.44999694824219,126.2699966430664,125.44999694824219,126.19000244140625,726369
2026-01-20 14:30:00+05:30,126.0999984741211,126.30999755859375,126.0999984741211,126.27999877929688,446109
2026-01-20 14:35:00+05:30,126.26000213623047,126.33999633789062,126.18000030517578,126.22000122070312,638952
2026-01-20 14:40:00+05:30,126.18000030517578,126.22000122070312,126.05000305175781,126.19999694824219,689056
2026-01-20 14:45:00+05:30,126.12999725341797,126.5199966430664,126.12999725341797,126.38999938964844,498482
2026-01-20 14:50:00+05:30,126.41999816894531,126.4800033569336,126.2300033569336,126.29000091552734,219049
2026-01-20 14:55:00+05:30,126.30000305175781,126.63999938964844,126.30000305175781,126.51000213623047,665330
2026-01-20 15:00:00+05:30,126.4000015258789,126.43000030517578,126.11000061035156,126.27999877929688,514536
2026-01-20 15:05:00+05:30,126.29000091552734,126.37999725341797,126.06999969482422,126.0999984741211,357718
2026-01-20 15:10:00+05:30,126.12999725341797,126.26000213623047,126.0199966430664,126.0199966430664,540347
2026-01-20 15:15:00+05:30,126.01000213623047,126.1500015258789,125.83000183105469,125.87000274658203,820353
2026-01-20 15:20:00+05:30,125.94000244140625,125.95999908447266,125.5,125.5,3777448
2026-01-20 15:25:00+05:30,125.52999877929688,125.62999725341797,125.19999694824219,125.37000274658203,1911088
2026-01-21 09:20:00+05:30,126.30000305175781,126.33999633789062,125.48999786376953,126.0999984741211,815204
2026-01-21 09:25:00+05:30,126.12000274658203,126.4000015258789,125.97000122070312,125.97000122070312,354299
2026-01-21 09:30:00+05:30,126.01000213623047,126.13999938964844,125.56999969482422,125.72000122070312,375013
2026-01-21 09:35:00+05:30,125.80000305175781,125.80000305175781,125.12999725341797,125.23999786376953,470786
2026-01-21 09:40:00+05:30,125.27999877929688,125.4800033569336,124.83999633789062,125.16000366210938,596900
2026-01-21 09:45:00+05:30,125.0999984741211,125.25,124.80999755859375,124.94000244140625,450316
2026-01-21 09:50:00+05:30,124.9000015258789,125.12000274658203,124.69999694824219,124.69999694824219,303509
2026-01-21 09:55:00+05:30,124.73999786376953,125.33999633789062,124.66000366210938,124.95999908447266,312140
2026-01-21 10:00:00+05:30,124.98999786376953,125.05000305175781,124.80000305175781,125.0,244189
2026-01-21 10:05:00+05:30,125.0,125.13999938964844,124.75,124.81999969482422,156219
2026-01-21 10:10:00+05:30,124.75,125.13999938964844,124.75,124.80999755859375,204056
2026-01-21 10:15:00+05:30,124.83000183105469,125.08999633789062,124.69999694824219,124.86000061035156,153292
2026-01-21 10:20:00+05:30,124.9000015258789,125.08000183105469,124.62999725341797,124.70999908447266,180149
2026-01-21 10:25:00+05:30,124.66999816894531,124.87999725341797,124.56999969482422,124.62999725341797,210320
2026-01-21 10:30:00+05:30,124.62999725341797,124.77999877929688,124.5999984741211,124.73999786376953,147853
2026-01-21 10:35:00+05:30,124.83000183105469,124.83000183105469,124.58999633789062,124.58999633789062,125613
2026-01-21 10:40:00+05:30,124.55999755859375,124.56999969482422,124.23999786376953,124.23999786376953,282972
2026-01-21 10:45:00+05:30,124.22000122070312,124.3499984741211,123.83999633789062,123.83999633789062,400770
2026-01-21 10:50:00+05:30,123.9000015258789,123.9000015258789,123.26000213623047,123.26000213623047,383666
2026-01-21 10:55:00+05:30,123.23999786376953,123.66000366210938,122.79000091552734,123.6500015258789,543070
2026-01-21 11:00:00+05:30,123.66000366210938,124.18000030517578,123.66000366210938,124.1500015258789,368953
2026-01-21 11:05:00+05:30,124.0999984741211,124.11000061035156,123.9000015258789,124.04000091552734,162813
2026-01-21 11:10:00+05:30,124.0199966430664,124.4800033569336,123.8499984741211,123.94999694824219,211862
2026-01-21 11:15:00+05:30,124.0199966430664,124.25,123.86000061035156,124.2300033569336,245107
2026-01-21 11:20:00+05:30,124.2300033569336,124.2300033569336,123.9000015258789,123.97000122070312,114506
2026-01-21 11:25:00+05:30,123.95999908447266,124.12999725341797,123.87999725341797,123.98999786376953,65155
2026-01-21 11:30:00+05:30,124.0,124.19999694824219,123.91000366210938,123.94000244140625,69489
2026-01-21 11:35:00+05:30,123.91999816894531,124.05000305175781,123.76000213623047,123.81999969482422,47951
2026-01-21 11:40:00+05:30,123.80999755859375,123.8499984741211,123.61000061035156,123.66999816894531,86517
2026-01-21 11:45:00+05:30,123.66000366210938,124.02999877929688,123.61000061035156,123.66999816894531,94734
2026-01-21 11:50:00+05:30,123.69999694824219,123.69999694824219,123.55999755859375,123.66000366210938,66068
2026-01-21 11:55:00+05:30,123.69000244140625,123.81999969482422,123.52999877929688,123.69000244140625,67336
2026-01-21 12:00:00+05:30,123.75,124.30000305175781,123.6500015258789,124.25,103973
2026-01-21 12:05:00+05:30,124.23999786376953,124.4000015258789,124.19000244140625,124.38999938964844,119664
2026-01-21 12:10:00+05:30,124.38999938964844,124.44999694824219,124.19999694824219,124.37000274658203,171587
2026-01-21 12:15:00+05:30,124.5,124.58000183105469,124.3499984741211,124.44999694824219,148477
2026-01-21 12:20:00+05:30,124.37999725341797,124.55000305175781,124.2699966430664,124.45999908447266,124819
2026-01-21 12:25:00+05:30,124.4800033569336,124.5,123.93000030517578,124.0,148967
2026-01-21 12:30:00+05:30,123.9800033569336,124.43000030517578,123.9800033569336,124.43000030517578,157053
2026-01-21 12:35:00+05:30,124.4000015258789,124.81999969482422,124.33000183105469,124.72000122070312,178853
2026-01-21 12:40:00+05:30,124.76000213623047,125.05000305175781,124.73999786376953,124.9000015258789,305465
2026-01-21 12:45:00+05:30,124.91000366210938,125.29000091552734,124.91000366210938,125.27999877929688,277530
2026-01-21 12:50:00+05:30,125.26000213623047,125.26000213623047,125.0999984741211,125.1500015258789,152747
2026-01-21 12:55:00+05:30,125.13999938964844,125.23999786376953,124.94999694824219,125.23999786376953,146246
2026-01-21 13:00:00+05:30,125.16999816894531,125.63999938964844,125.16999816894531,125.5,177841
2026-01-21 13:05:00+05:30,125.5199966430664,125.55000305175781,125.31999969482422,125.31999969482422,159036
2026-01-21 13:10:00+05:30,125.26000213623047,125.26000213623047,125.01000213623047,125.08000183105469,102724
2026-01-21 13:15:00+05:30,125.12999725341797,125.36000061035156,125.01000213623047,125.22000122070312,106032
2026-01-21 13:20:00+05:30,125.27999877929688,125.33000183105469,125.13999938964844,125.13999938964844,92405
2026-01-21 13:25:00+05:30,125.13999938964844,125.13999938964844,124.97000122070312,124.9800033569336,102946
2026-01-21 13:30:00+05:30,124.91999816894531,125.05999755859375,124.66000366210938,124.69999694824219,101934
2026-01-21 13:35:00+05:30,124.69999694824219,124.7699966430664,124.41999816894531,124.55000305175781,161727
2026-01-21 13:40:00+05:30,124.5199966430664,124.5199966430664,124.05000305175781,124.0999984741211,132288
2026-01-21 13:45:00+05:30,124.11000061035156,124.29000091552734,124.05999755859375,124.27999877929688,79600
2026-01-21 13:50:00+05:30,124.25,124.27999877929688,123.91999816894531,123.97000122070312,166155
2026-01-21 13:55:00+05:30,123.97000122070312,124.05000305175781,123.75,123.76000213623047,82528
2026-01-21 14:00:00+05:30,123.7699966430664,123.88999938964844,123.30999755859375,123.37000274658203,137658
2026-01-21 14:05:00+05:30,123.36000061035156,123.41000366210938,123.19000244140625,123.19999694824219,152785
2026-01-21 14:10:00+05:30,123.19999694824219,123.29000091552734,123.12000274658203,123.19999694824219,134871
2026-01-21 14:15:00+05:30,123.1500015258789,123.7300033569336,123.11000061035156,123.51000213623047,237501
2026-01-21 14:20:00+05:30,123.54000091552734,123.66999816894531,123.4000015258789,123.5199966430664,160869
2026-01-21 14:25:00+05:30,123.55000305175781,123.6500015258789,123.47000122070312,123.52999877929688,145308
2026-01-21 14:30:00+05:30,123.55000305175781,123.76000213623047,123.5199966430664,123.63999938964844,120645
2026-01-21 14:35:00+05:30,123.66000366210938,123.8499984741211,123.66000366210938,123.79000091552734,128205
2026-01-21 14:40:00+05:30,123.86000061035156,124.0,123.76000213623047,123.88999938964844,183935
2026-01-21 14:45:00+05:30,123.88999938964844,124.11000061035156,123.88999938964844,124.04000091552734,178165
2026-01-21 14:50:00+05:30,124.01000213623047,124.30000305175781,124.01000213623047,124.12000274658203,159571
2026-01-21 14:55:00+05:30,124.12000274658203,124.25,124.05000305175781,124.0999984741211,358977
2026-01-21 15:00:00+05:30,123.9800033569336,124.0999984741211,123.94000244140625,124.0999984741211,292713
2026-01-21 15:05:00+05:30,124.0999984741211,124.1500015258789,123.97000122070312,123.97000122070312,202252
2026-01-21 15:10:00+05:30,123.87000274658203,123.94000244140625,123.83999633789062,123.83999633789062,253067
2026-01-21 15:15:00+05:30,123.83999633789062,124.1500015258789,123.80999755859375,124.12000274658203,331507
2026-01-21 15:20:00+05:30,124.12000274658203,124.12000274658203,123.9800033569336,124.04000091552734,428811
2026-01-21 15:25:00+05:30,124.02999877929688,124.1500015258789,123.63999938964844,123.75,403486
2026-01-22 09:20:00+05:30,125.4800033569336,126.08000183105469,125.4800033569336,125.9000015258789,705346
2026-01-22 09:25:00+05:30,125.87000274658203,126.06999969482422,125.87000274658203,125.97000122070312,589075
2026-01-22 09:30:00+05:30,126.0199966430664,126.27999877929688,125.91999816894531,126.19999694824219,1058126
2026-01-22 09:35:00+05:30,126.19999694824219,126.5199966430664,126.16000366210938,126.33999633789062,476987
2026-01-22 09:40:00+05:30,126.4000015258789,126.44000244140625,126.05999755859375,126.16000366210938,283580
2026-01-22 09:45:00+05:30,126.16000366210938,126.47000122070312,126.04000091552734,126.08999633789062,685092
2026-01-22 09:50:00+05:30,126.08999633789062,126.19999694824219,125.69999694824219,125.80000305175781,275001
2026-01-22 09:55:00+05:30,125.83000183105469,125.88999938964844,125.66999816894531,125.76000213623047,194040
2026-01-22 10:00:00+05:30,125.81999969482422,125.88999938964844,125.5199966430664,125.63999938964844,154422
2026-01-22 10:05:00+05:30,125.66999816894531,125.9000015258789,125.63999938964844,125.69000244140625,209870
2026-01-22 10:10:00+05:30,125.55999755859375,125.94000244140625,125.55999755859375,125.70999908447266,213553
2026-01-22 10:15:00+05:30,125.70999908447266,125.87000274658203,125.5999984741211,125.62000274658203,143905
2026-01-22 10:20:00+05:30,125.6500015258789,125.77999877929688,125.55000305175781,125.68000030517578,129738
2026-01-22 10:25:00+05:30,125.68000030517578,125.80000305175781,125.4000015258789,125.55000305175781,145982
2026-01-22 10:30:00+05:30,125.5,125.69999694824219,124.95999908447266,125.69000244140625,401492
2026-01-22 10:35:00+05:30,125.62999725341797,125.87999725341797,125.44000244140625,125.44000244140625,180583
2026-01-22 10:40:00+05:30,125.44999694824219,125.62999725341797,125.30999755859375,125.30999755859375,103669
2026-01-22 10:45:00+05:30,125.31999969482422,125.4000015258789,125.22000122070312,125.22000122070312,136887
2026-01-22 10:50:00+05:30,125.33999633789062,125.33999633789062,125.05999755859375,125.18000030517578,117330
2026-01-22 10:55:00+05:30,125.16000366210938,125.2300033569336,124.94999694824219,124.94999694824219,179304
2026-01-22 11:00:00+05:30,124.9000015258789,125.05000305175781,124.8499984741211,125.0199966430664,127181
2026-01-22 11:05:00+05:30,125.0,125.1500015258789,124.95999908447266,125.1500015258789,127690
2026-01-22 11:10:00+05:30,125.1500015258789,125.23999786376953,125.0,125.08000183105469,79280
2026-01-22 11:15:00+05:30,125.11000061035156,125.2300033569336,124.94000244140625,125.0,61047
2026-01-22 11:20:00+05:30,124.94999694824219,125.18000030517578,124.94999694824219,125.06999969482422,66341
2026-01-22 11:25:00+05:30,125.06999969482422,125.11000061035156,124.80000305175781,124.8499984741211,157303
2026-01-22 11:30:00+05:30,124.73999786376953,124.87999725341797,124.63999938964844,124.79000091552734,193513
2026-01-22 11:35:00+05:30,124.76000213623047,124.94999694824219,124.76000213623047,124.8499984741211,75016
2026-01-22 11:40:00+05:30,124.81999969482422,124.86000061035156,124.58000183105469,124.68000030517578,103674
2026-01-22 11:45:00+05:30,124.68000030517578,124.80000305175781,124.5,124.80000305175781,144833
2026-01-22 11:50:00+05:30,124.80000305175781,124.9000015258789,124.70999908447266,124.76000213623047,33512
2026-01-22 11:55:00+05:30,124.79000091552734,124.86000061035156,124.55000305175781,124.62000274658203,111361
2026-01-22 12:00:00+05:30,124.5999984741211,124.83999633789062,124.51000213623047,124.76000213623047,67303
2026-01-22 12:05:00+05:30,124.80000305175781,124.93000030517578,124.7699966430664,124.79000091552734,89475
2026-01-22 12:10:00+05:30,124.80000305175781,124.94000244140625,124.77999877929688,124.91000366210938,37446
2026-01-22 12:15:00+05:30,124.9000015258789,125.0,124.8499984741211,124.9800033569336,99002
2026-01-22 12:20:00+05:30,124.97000122070312,125.19000244140625,124.94999694824219,125.01000213623047,137650
2026-01-22 12:25:00+05:30,125.0199966430664,125.37999725341797,125.0199966430664,125.37999725341797,111972
2026-01-22 12:30:00+05:30,125.37999725341797,125.38999938964844,125.2699966430664,125.36000061035156,88684
2026-01-22 12:35:00+05:30,125.37999725341797,125.4000015258789,125.04000091552734,125.04000091552734,79607
2026-01-22 12:40:00+05:30,125.0999984741211,125.25,124.94000244140625,125.23999786376953,64056
2026-01-22 12:45:00+05:30,125.2300033569336,125.2699966430664,125.04000091552734,125.25,37230
2026-01-22 12:50:00+05:30,125.26000213623047,125.29000091552734,125.12000274658203,125.18000030517578,58051
2026-01-22 12:55:00+05:30,125.12000274658203,125.12999725341797,124.94000244140625,125.0,81381
2026-01-22 13:00:00+05:30,125.01000213623047,125.01000213623047,124.8499984741211,124.97000122070312,90894
2026-01-22 13:05:00+05:30,124.95999908447266,124.97000122070312,124.8499984741211,124.86000061035156,36210
2026-01-22 13:10:00+05:30,124.88999938964844,124.94000244140625,124.76000213623047,124.9000015258789,58741
2026-01-22 13:15:00+05:30,124.81999969482422,124.95999908447266,124.73999786376953,124.88999938964844,55976
2026-01-22 13:20:00+05:30,124.9000015258789,124.95999908447266,124.76000213623047,124.91999816894531,127159
2026-01-22 13:25:00+05:30,124.9000015258789,124.94000244140625,124.73999786376953,124.87999725341797,44455
2026-01-22 13:30:00+05:30,124.87999725341797,125.0,124.68000030517578,124.98999786376953,76371
2026-01-22 13:35:00+05:30,124.98999786376953,125.0,124.9000015258789,124.94000244140625,55871
2026-01-22 13:40:00+05:30,124.94000244140625,124.98999786376953,124.80000305175781,124.88999938964844,78965
2026-01-22 13:45:00+05:30,124.87000274658203,124.9000015258789,124.79000091552734,124.87999725341797,60607
2026-01-22 13:50:00+05:30,124.91000366210938,125.22000122070312,124.88999938964844,125.06999969482422,75122
2026-01-22 13:55:00+05:30,125.16000366210938,125.22000122070312,125.05000305175781,125.18000030517578,75641
2026-01-22 14:00:00+05:30,125.18000030517578,125.4000015258789,125.16999816894531,125.26000213623047,84646
2026-01-22 14:05:00+05:30,125.12999725341797,125.30999755859375,125.12999725341797,125.2699966430664,109017
2026-01-22 14:10:00+05:30,125.29000091552734,125.36000061035156,125.25,125.33999633789062,65578
2026-01-22 14:15:00+05:30,125.3499984741211,125.38999938964844,125.12000274658203,125.12000274658203,90539
2026-01-22 14:20:00+05:30,125.12000274658203,125.36000061035156,125.12000274658203,125.20999908447266,128922
2026-01-22 14:25:00+05:30,125.19999694824219,125.25,125.0999984741211,125.23999786376953,111999
2026-01-22 14:30:00+05:30,125.2300033569336,125.5,125.2300033569336,125.48999786376953,112032
2026-01-22 14:35:00+05:30,125.48999786376953,125.48999786376953,125.2699966430664,125.37999725341797,134540
2026-01-22 14:40:00+05:30,125.38999938964844,125.44000244140625,125.1500015258789,125.20999908447266,87737
2026-01-22 14:45:00+05:30,125.23999786376953,125.3499984741211,125.0999984741211,125.13999938964844,157100
2026-01-22 14:50:00+05:30,125.11000061035156,125.16000366210938,124.87999725341797,124.91999816894531,199107
2026-01-22 14:55:00+05:30,125.05000305175781,125.23999786376953,124.94000244140625,125.18000030517578,124610
2026-01-22 15:00:00+05:30,125.2300033569336,125.2300033569336,124.9800033569336,125.02999877929688,209673
2026-01-22 15:05:00+05:30,125.0,125.25,125.0,125.12000274658203,262453
2026-01-22 15:10:00+05:30,125.2300033569336,125.30000305175781,125.05999755859375,125.16000366210938,487641
2026-01-22 15:15:00+05:30,125.12000274658203,125.19999694824219,125.08999633789062,125.1500015258789,274583
2026-01-22 15:20:00+05:30,125.12000274658203,125.31999969482422,125.11000061035156,125.29000091552734,404744
2026-01-22 15:25:00+05:30,125.26000213623047,125.30999755859375,125.1500015258789,125.16000366210938,314663
2026-01-23 09:20:00+05:30,124.6500015258789,124.72000122070312,124.37000274658203,124.58000183105469,192860
2026-01-23 09:25:00+05:30,124.55000305175781,124.79000091552734,124.5,124.58000183105469,231364
2026-01-23 09:30:00+05:30,124.62000274658203,124.66000366210938,124.44999694824219,124.54000091552734,141148
2026-01-23 09:35:00+05:30,124.58000183105469,124.66000366210938,124.43000030517578,124.66000366210938,144474
2026-01-23 09:40:00+05:30,124.61000061035156,124.6500015258789,124.23999786376953,124.23999786376953,247390
2026-01-23 09:45:00+05:30,124.19999694824219,124.33999633789062,123.87999725341797,123.91999816894531,540422
2026-01-23 09:50:00+05:30,123.93000030517578,124.08000183105469,123.83999633789062,123.83999633789062,154779
2026-01-23 09:55:00+05:30,123.86000061035156,123.9000015258789,123.55000305175781,123.66000366210938,279669
2026-01-23 10:00:00+05:30,123.69999694824219,123.83000183105469,123.61000061035156,123.69000244140625,118066
2026-01-23 10:05:00+05:30,123.72000122070312,124.0,123.70999908447266,123.87000274658203,164294
2026-01-23 10:10:00+05:30,123.86000061035156,124.0,123.7699966430664,123.7699966430664,92704
2026-01-23 10:15:00+05:30,123.79000091552734,124.0,123.77999877929688,124.0,90217
2026-01-23 10:20:00+05:30,123.97000122070312,123.97000122070312,123.6500015258789,123.7300033569336,351788
2026-01-23 10:25:00+05:30,123.70999908447266,123.97000122070312,123.66999816894531,123.91000366210938,74634
2026-01-23 10:30:00+05:30,123.94999694824219,124.4800033569336,123.94999694824219,124.22000122070312,340188
2026-01-23 10:35:00+05:30,124.19999694824219,124.25,124.11000061035156,124.16000366210938,114905
2026-01-23 10:40:00+05:30,124.16000366210938,124.23999786376953,123.88999938964844,124.0,186262
2026-01-23 10:45:00+05:30,124.0199966430664,124.08999633789062,123.6500015258789,123.77999877929688,130693
2026-01-23 10:50:00+05:30,123.77999877929688,123.94999694824219,123.72000122070312,123.91999816894531,87780
2026-01-23 10:55:00+05:30,123.9000015258789,123.91999816894531,123.75,123.83999633789062,83813
2026-01-23 11:00:00+05:30,123.79000091552734,123.8499984741211,123.73999786376953,123.76000213623047,44843
2026-01-23 11:05:00+05:30,123.7699966430664,123.87000274658203,123.75,123.80000305175781,71933
2026-01-23 11:10:00+05:30,123.81999969482422,123.9800033569336,123.80000305175781,123.8499984741211,75492
2026-01-23 11:15:00+05:30,123.8499984741211,123.86000061035156,123.61000061035156,123.61000061035156,90256
2026-01-23 11:20:00+05:30,123.5999984741211,123.68000030517578,123.45999908447266,123.6500015258789,274127
2026-01-23 11:25:00+05:30,123.6500015258789,123.6500015258789,123.55999755859375,123.5999984741211,81681
2026-01-23 11:30:00+05:30,123.58999633789062,123.58999633789062,123.41000366210938,123.44000244140625,148550
2026-01-23 11:35:00+05:30,123.44000244140625,123.44999694824219,123.29000091552734,123.3499984741211,330855
2026-01-23 11:40:00+05:30,123.37000274658203,123.58999633789062,123.33999633789062,123.5,107858
2026-01-23 11:45:00+05:30,123.51000213623047,123.54000091552734,123.41000366210938,123.41999816894531,74189
2026-01-23 11:50:00+05:30,123.37000274658203,123.62000274658203,123.37000274658203,123.41999816894531,89973
2026-01-23 11:55:00+05:30,123.4000015258789,123.5,123.30999755859375,123.30999755859375,71669
2026-01-23 12:00:00+05:30,123.33999633789062,123.44000244140625,123.19999694824219,123.4000015258789,127064
2026-01-23 12:05:00+05:30,123.29000091552734,123.4800033569336,123.29000091552734,123.41999816894531,85988
2026-01-23 12:10:00+05:30,123.37999725341797,123.55000305175781,123.31999969482422,123.4000015258789,79953
2026-01-23 12:15:00+05:30,123.38999938964844,123.7300033569336,123.37000274658203,123.72000122070312,83142
2026-01-23 12:20:00+05:30,123.72000122070312,123.72000122070312,123.44999694824219,123.44999694824219,96504
2026-01-23 12:25:00+05:30,123.44999694824219,123.51000213623047,123.36000061035156,123.38999938964844,67616
2026-01-23 12:30:00+05:30,123.37000274658203,123.41999816894531,123.02999877929688,123.2300033569336,146583
2026-01-23 12:35:00+05:30,123.23999786376953,123.2699966430664,123.12999725341797,123.16000366210938,74423
2026-01-23 12:40:00+05:30,123.16999816894531,123.26000213623047,123.0,123.12999725341797,113251
2026-01-23 12:45:00+05:30,123.12000274658203,123.33000183105469,123.05000305175781,123.11000061035156,106860
2026-01-23 12:50:00+05:30,123.12000274658203,123.12000274658203,122.81999969482422,122.9800033569336,272428
2026-01-23 12:55:00+05:30,123.0199966430664,123.0199966430664,122.66999816894531,122.68000030517578,118127
2026-01-23 13:00:00+05:30,122.69999694824219,122.9000015258789,122.55000305175781,122.80999755859375,171736
2026-01-23 13:05:00+05:30,122.83000183105469,122.83000183105469,122.66000366210938,122.66000366210938,64544
2026-01-23 13:10:00+05:30,122.66999816894531,122.66999816894531,122.27999877929688,122.30000305175781,223720
2026-01-23 13:15:00+05:30,122.30999755859375,122.30999755859375,121.68000030517578,121.83000183105469,491572
2026-01-23 13:20:00+05:30,121.83000183105469,121.87999725341797,121.6500015258789,121.69999694824219,228402
2026-01-23 13:25:00+05:30,121.69999694824219,121.94000244140625,121.69999694824219,121.80999755859375,158979
2026-01-23 13:30:00+05:30,121.80999755859375,121.80999755859375,121.45999908447266,121.54000091552734,273698
2026-01-23 13:35:00+05:30,121.5,121.63999938964844,121.25,121.30999755859375,160923
2026-01-23 13:40:00+05:30,121.29000091552734,121.38999938964844,121.2699966430664,121.2699966430664,133233
2026-01-23 13:45:00+05:30,121.2699966430664,121.30000305175781,121.05999755859375,121.0999984741211,273475
2026-01-23 13:50:00+05:30,121.08000183105469,121.33000183105469,121.04000091552734,121.30999755859375,127103
2026-01-23 13:55:00+05:30,121.2699966430664,121.37999725341797,121.12000274658203,121.18000030517578,143865
2026-01-23 14:00:00+05:30,121.16999816894531,121.2699966430664,121.0999984741211,121.16000366210938,117975
2026-01-23 14:05:00+05:30,121.12999725341797,121.1500015258789,120.68000030517578,120.91999816894531,447312
2026-01-23 14:10:00+05:30,120.91000366210938,120.91999816894531,120.54000091552734,120.58000183105469,493261
2026-01-23 14:15:00+05:30,120.58000183105469,120.77999877929688,120.45999908447266,120.54000091552734,326131
2026-01-23 14:20:00+05:30,120.5199966430664,120.58999633789062,120.25,120.26000213623047,323743
2026-01-23 14:25:00+05:30,120.26000213623047,120.55000305175781,120.25,120.44000244140625,296687
2026-01-23 14:30:00+05:30,120.44999694824219,121.05000305175781,120.36000061035156,120.87999725341797,336816
2026-01-23 14:35:00+05:30,120.83999633789062,120.94000244140625,120.6500015258789,120.76000213623047,303780
2026-01-23 14:40:00+05:30,120.7699966430664,121.05000305175781,120.7699966430664,120.88999938964844,258343
2026-01-23 14:45:00+05:30,120.95999908447266,120.95999908447266,120.54000091552734,120.55000305175781,231689
2026-01-23 14:50:00+05:30,120.55999755859375,120.7300033569336,120.37999725341797,120.70999908447266,302536
2026-01-23 14:55:00+05:30,120.81999969482422,120.9000015258789,120.58000183105469,120.61000061035156,338626
2026-01-23 15:00:00+05:30,120.55000305175781,120.87000274658203,120.43000030517578,120.52999877929688,259638
2026-01-23 15:05:00+05:30,120.52999877929688,120.69000244140625,120.44999694824219,120.5,231244
2026-01-23 15:10:00+05:30,120.5,120.58000183105469,120.31999969482422,120.44000244140625,363017
2026-01-23 15:15:00+05:30,120.44999694824219,120.4800033569336,119.80000305175781,119.88999938964844,1688048
2026-01-23 15:20:00+05:30,119.93000030517578,120.0,119.8499984741211,120.0,512370
2026-01-23 15:25:00+05:30,119.98999786376953,120.1500015258789,119.55000305175781,120.1500015258789,548143
2026-01-27 09:20:00+05:30,120.7699966430664,120.7699966430664,120.08000183105469,120.31999969482422,672601
2026-01-27 09:25:00+05:30,120.3499984741211,120.58999633789062,120.16000366210938,120.27999877929688,471434
2026-01-27 09:30:00+05:30,120.4000015258789,120.83999633789062,120.36000061035156,120.58000183105469,726524
2026-01-27 09:35:00+05:30,120.5199966430664,121.19999694824219,120.5199966430664,121.19999694824219,376225
2026-01-27 09:40:00+05:30,121.16999816894531,121.22000122070312,120.56999969482422,120.72000122070312,427548
2026-01-27 09:45:00+05:30,120.83000183105469,121.01000213623047,120.81999969482422,120.9000015258789,297336
2026-01-27 09:50:00+05:30,120.9000015258789,120.9800033569336,120.69999694824219,120.83999633789062,243090
2026-01-27 09:55:00+05:30,120.80999755859375,120.83000183105469,120.55000305175781,120.73999786376953,148516
2026-01-27 10:00:00+05:30,120.75,120.81999969482422,120.66999816894531,120.75,126150
2026-01-27 10:05:00+05:30,120.72000122070312,120.7300033569336,120.25,120.38999938964844,212415
2026-01-27 10:10:00+05:30,120.4000015258789,120.87999725341797,120.37000274658203,120.87000274658203,146184
2026-01-27 10:15:00+05:30,120.95999908447266,121.0,120.80000305175781,120.80000305175781,116386
2026-01-27 10:20:00+05:30,120.80000305175781,121.06999969482422,120.72000122070312,120.91000366210938,111739
2026-01-27 10:25:00+05:30,120.94999694824219,121.04000091552734,120.76000213623047,120.9000015258789,141158
2026-01-27 10:30:00+05:30,120.93000030517578,121.01000213623047,120.7699966430664,121.01000213623047,118997
2026-01-27 10:35:00+05:30,121.02999877929688,121.12000274658203,120.91999816894531,121.0,108844
2026-01-27 10:40:00+05:30,120.97000122070312,120.97000122070312,120.51000213623047,120.55999755859375,134331
2026-01-27 10:45:00+05:30,120.55000305175781,120.73999786376953,120.52999877929688,120.73999786376953,58272
2026-01-27 10:50:00+05:30,120.69000244140625,120.70999908447266,120.55999755859375,120.6500015258789,112369
2026-01-27 10:55:00+05:30,120.6500015258789,120.69000244140625,120.48999786376953,120.68000030517578,69818
2026-01-27 11:00:00+05:30,120.68000030517578,121.05000305175781,120.6500015258789,121.05000305175781,124965
2026-01-27 11:05:00+05:30,121.01000213623047,121.05000305175781,120.8499984741211,120.94999694824219,62677
2026-01-27 11:10:00+05:30,120.94999694824219,120.97000122070312,120.8499984741211,120.91999816894531,60158
2026-01-27 11:15:00+05:30,120.94999694824219,121.13999938964844,120.88999938964844,121.0999984741211,70003
2026-01-27 11:20:00+05:30,121.0999984741211,121.4000015258789,121.05999755859375,121.30000305175781,114232
2026-01-27 11:25:00+05:30,121.30999755859375,121.44000244140625,121.18000030517578,121.37999725341797,125195
2026-01-27 11:30:00+05:30,121.37000274658203,121.44000244140625,121.16999816894531,121.22000122070312,86802
2026-01-27 11:35:00+05:30,121.25,121.44000244140625,121.19999694824219,121.43000030517578,63320
2026-01-27 11:40:00+05:30,121.43000030517578,121.52999877929688,121.41000366210938,121.4800033569336,91692
2026-01-27 11:45:00+05:30,121.5,121.5,121.20999908447266,121.30000305175781,190893
2026-01-27 11:50:00+05:30,121.26000213623047,121.33000183105469,121.16999816894531,121.16999816894531,61231
2026-01-27 11:55:00+05:30,121.22000122070312,121.4000015258789,121.08999633789062,121.31999969482422,223501
2026-01-27 12:00:00+05:30,121.37000274658203,121.5,121.31999969482422,121.44000244140625,114373
2026-01-27 12:05:00+05:30,121.37000274658203,121.47000122070312,121.37000274658203,121.37999725341797,65367
2026-01-27 12:10:00+05:30,121.3499984741211,121.44000244140625,121.29000091552734,121.30000305175781,59143
2026-01-27 12:15:00+05:30,121.30999755859375,121.33000183105469,121.01000213623047,121.06999969482422,69779
2026-01-27 12:20:00+05:30,121.12000274658203,121.37000274658203,121.08000183105469,121.3499984741211,82506
2026-01-27 12:25:00+05:30,121.3499984741211,121.37999725341797,121.06999969482422,121.12999725341797,61471
2026-01-27 12:30:00+05:30,121.04000091552734,121.22000122070312,120.94000244140625,121.0999984741211,97783
2026-01-27 12:35:00+05:30,121.19999694824219,121.26000213623047,121.05999755859375,121.19999694824219,72092
2026-01-27 12:40:00+05:30,121.23999786376953,121.2699966430664,121.0999984741211,121.16000366210938,48804
2026-01-27 12:45:00+05:30,121.16000366210938,121.19999694824219,120.8499984741211,120.86000061035156,81530
2026-01-27 12:50:00+05:30,120.80000305175781,121.13999938964844,120.80000305175781,121.08999633789062,112045
2026-01-27 12:55:00+05:30,121.05000305175781,121.1500015258789,121.01000213623047,121.01000213623047,70813
2026-01-27 13:00:00+05:30,121.05000305175781,121.05000305175781,120.75,120.7699966430664,35043
2026-01-27 13:05:00+05:30,120.7699966430664,120.80000305175781,120.5999984741211,120.5999984741211,254718
2026-01-27 13:10:00+05:30,120.58999633789062,120.58999633789062,120.38999938964844,120.5,172864
2026-01-27 13:15:00+05:30,120.4800033569336,120.5999984741211,120.41000366210938,120.55000305175781,245883
2026-01-27 13:20:00+05:30,120.56999969482422,120.95999908447266,120.55999755859375,120.91999816894531,119509
2026-01-27 13:25:00+05:30,120.91999816894531,121.12999725341797,120.83999633789062,121.12999725341797,137408
2026-01-27 13:30:00+05:30,121.1500015258789,121.16999816894531,121.0,121.04000091552734,117394
2026-01-27 13:35:00+05:30,121.04000091552734,121.16999816894531,121.0,121.04000091552734,188867
2026-01-27 13:40:00+05:30,121.08000183105469,121.25,121.05000305175781,121.05000305175781,217527
2026-01-27 13:45:00+05:30,121.05000305175781,121.19999694824219,121.02999877929688,121.16000366210938,127393
2026-01-27 13:50:00+05:30,121.20999908447266,121.23999786376953,121.0199966430664,121.12000274658203,86854
2026-01-27 13:55:00+05:30,121.18000030517578,121.20999908447266,121.08999633789062,121.16999816894531,145727
2026-01-27 14:00:00+05:30,121.16999816894531,121.16999816894531,120.94999694824219,121.02999877929688,114278
2026-01-27 14:05:00+05:30,121.0,121.16000366210938,120.97000122070312,121.05999755859375,148497
2026-01-27 14:10:00+05:30,121.08000183105469,121.16000366210938,120.95999908447266,121.0199966430664,112146
2026-01-27 14:15:00+05:30,120.95999908447266,121.0,120.87999725341797,120.9800033569336,117533
2026-01-27 14:20:00+05:30,120.97000122070312,120.97000122070312,120.75,120.75,135945
2026-01-27 14:25:00+05:30,120.80000305175781,120.94999694824219,120.73999786376953,120.9000015258789,199675
2026-01-27 14:30:00+05:30,120.9000015258789,121.13999938964844,120.9000015258789,121.11000061035156,135059
2026-01-27 14:35:00+05:30,121.12999725341797,121.5,121.0999984741211,121.4800033569336,160466
2026-01-27 14:40:00+05:30,121.5199966430664,121.87000274658203,121.47000122070312,121.8499984741211,492241
2026-01-27 14:45:00+05:30,121.8499984741211,122.16999816894531,121.83999633789062,122.1500015258789,529376
2026-01-27 14:50:00+05:30,122.30000305175781,122.48999786376953,122.13999938964844,122.48999786376953,472959
2026-01-27 14:55:00+05:30,122.56999969482422,122.7300033569336,122.51000213623047,122.72000122070312,430588
2026-01-27 15:00:00+05:30,122.70999908447266,122.72000122070312,122.25,122.62999725341797,466686
2026-01-27 15:05:00+05:30,122.6500015258789,122.69999694824219,122.58000183105469,122.62999725341797,229531
2026-01-27 15:10:00+05:30,122.58999633789062,122.83999633789062,122.56999969482422,122.83000183105469,291290
2026-01-27 15:15:00+05:30,122.88999938964844,123.26000213623047,122.8499984741211,123.25,709696
2026-01-27 15:20:00+05:30,123.26000213623047,123.33000183105469,123.16999816894531,123.31999969482422,390900
2026-01-27 15:25:00+05:30,123.33999633789062,123.48999786376953,123.27999877929688,123.37000274658203,316140
2026-01-28 09:20:00+05:30,122.8499984741211,123.05000305175781,122.19999694824219,122.41999816894531,757327
2026-01-28 09:25:00+05:30,122.47000122070312,122.87999725341797,122.30999755859375,122.8499984741211,248772
2026-01-28 09:30:00+05:30,122.80000305175781,122.97000122070312,122.5999984741211,122.69000244140625,263291
2026-01-28 09:35:00+05:30,122.58000183105469,122.81999969482422,122.55000305175781,122.62999725341797,164675
2026-01-28 09:40:00+05:30,122.66999816894531,122.72000122070312,122.4000015258789,122.44999694824219,182409
2026-01-28 09:45:00+05:30,122.48999786376953,122.5199966430664,122.33000183105469,122.4000015258789,222431
2026-01-28 09:50:00+05:30,122.45999908447266,122.58999633789062,122.4000015258789,122.45999908447266,91013
2026-01-28 09:55:00+05:30,122.4800033569336,122.62000274658203,122.2699966430664,122.58000183105469,475442
2026-01-28 10:00:00+05:30,122.5199966430664,122.79000091552734,122.5199966430664,122.68000030517578,117804
2026-01-28 10:05:00+05:30,122.63999938964844,122.66999816894531,122.16999816894531,122.23999786376953,166131
2026-01-28 10:10:00+05:30,122.29000091552734,122.29000091552734,121.87999725341797,122.16999816894531,352487
2026-01-28 10:15:00+05:30,122.12000274658203,122.12000274658203,121.75,121.98999786376953,212500
2026-01-28 10:20:00+05:30,122.02999877929688,122.0999984741211,121.9000015258789,122.05000305175781,191804
2026-01-28 10:25:00+05:30,122.1500015258789,122.30000305175781,122.12000274658203,122.26000213623047,128981
2026-01-28 10:30:00+05:30,122.2300033569336,122.2300033569336,122.05000305175781,122.11000061035156,88761
2026-01-28 10:35:00+05:30,122.11000061035156,122.58000183105469,122.0999984741211,122.55000305175781,128601
2026-01-28 10:40:00+05:30,122.55000305175781,122.61000061035156,122.45999908447266,122.5,112307
2026-01-28 10:45:00+05:30,122.5,122.76000213623047,122.43000030517578,122.72000122070312,109109
2026-01-28 10:50:00+05:30,122.68000030517578,123.05999755859375,122.68000030517578,123.0199966430664,303233
2026-01-28 10:55:00+05:30,123.04000091552734,123.04000091552734,122.8499984741211,122.91999816894531,144502
2026-01-28 11:00:00+05:30,122.94000244140625,123.1500015258789,122.8499984741211,123.13999938964844,175198
2026-01-28 11:05:00+05:30,123.1500015258789,123.22000122070312,123.02999877929688,123.08999633789062,164102
2026-01-28 11:10:00+05:30,123.08999633789062,123.11000061035156,123.01000213623047,123.05000305175781,77754
2026-01-28 11:15:00+05:30,123.05000305175781,123.44000244140625,123.05000305175781,123.25,343444
2026-01-28 11:20:00+05:30,123.16999816894531,123.27999877929688,123.06999969482422,123.27999877929688,267349
2026-01-28 11:25:00+05:30,123.26000213623047,123.38999938964844,123.1500015258789,123.16999816894531,178348
2026-01-28 11:30:00+05:30,123.19999694824219,123.23999786376953,123.05000305175781,123.11000061035156,98111
2026-01-28 11:35:00+05:30,123.11000061035156,123.12000274658203,122.94999694824219,122.94999694824219,65309
2026-01-28 11:40:00+05:30,123.05000305175781,123.05000305175781,122.91999816894531,122.91999816894531,30650
2026-01-28 11:45:00+05:30,122.88999938964844,123.12000274658203,122.88999938964844,123.05999755859375,53480
2026-01-28 11:50:00+05:30,123.12000274658203,123.1500015258789,123.01000213623047,123.05999755859375,70432
2026-01-28 11:55:00+05:30,123.0199966430664,123.0999984741211,123.0,123.02999877929688,31447
2026-01-28 12:00:00+05:30,123.02999877929688,123.0999984741211,123.01000213623047,123.0999984741211,43010
2026-01-28 12:05:00+05:30,123.13999938964844,123.33000183105469,123.05999755859375,123.18000030517578,59597
2026-01-28 12:10:00+05:30,123.16999816894531,123.48999786376953,123.08000183105469,123.43000030517578,207018
2026-01-28 12:15:00+05:30,123.44999694824219,123.55999755859375,123.33999633789062,123.37999725341797,141060
2026-01-28 12:20:00+05:30,123.33000183105469,123.37000274658203,123.1500015258789,123.19999694824219,41171
2026-01-28 12:25:00+05:30,123.19999694824219,123.4000015258789,123.1500015258789,123.31999969482422,86588
2026-01-28 12:30:00+05:30,123.30000305175781,123.4800033569336,123.2699966430664,123.44999694824219,123814
2026-01-28 12:35:00+05:30,123.47000122070312,123.51000213623047,123.37999725341797,123.43000030517578,93349
2026-01-28 12:40:00+05:30,123.43000030517578,123.55000305175781,123.30999755859375,123.52999877929688,115242
2026-01-28 12:45:00+05:30,123.52999877929688,123.5999984741211,123.33000183105469,123.33999633789062,63484
2026-01-28 12:50:00+05:30,123.33999633789062,123.45999908447266,123.26000213623047,123.3499984741211,84894
2026-01-28 12:55:00+05:30,123.3499984741211,123.45999908447266,123.31999969482422,123.36000061035156,68147
2026-01-28 13:00:00+05:30,123.36000061035156,123.5999984741211,123.30999755859375,123.4800033569336,346724
2026-01-28 13:05:00+05:30,123.5,123.9000015258789,123.4800033569336,123.88999938964844,322470
2026-01-28 13:10:00+05:30,123.9000015258789,124.13999938964844,123.83000183105469,123.98999786376953,377282
2026-01-28 13:15:00+05:30,124.0199966430664,124.19999694824219,123.97000122070312,124.0199966430664,131093
2026-01-28 13:20:00+05:30,124.02999877929688,124.0999984741211,123.63999938964844,123.69999694824219,204567
2026-01-28 13:25:00+05:30,123.75,123.80000305175781,123.55000305175781,123.58000183105469,149200
2026-01-28 13:30:00+05:30,123.56999969482422,123.6500015258789,123.44999694824219,123.47000122070312,84621
2026-01-28 13:35:00+05:30,123.4000015258789,123.55999755859375,123.33000183105469,123.5,117361
2026-01-28 13:40:00+05:30,123.55000305175781,123.5999984741211,123.36000061035156,123.36000061035156,88586
2026-01-28 13:45:00+05:30,123.3499984741211,123.47000122070312,123.30999755859375,123.37999725341797,102911
2026-01-28 13:50:00+05:30,123.4000015258789,123.75,123.37000274658203,123.75,58715
2026-01-28 13:55:00+05:30,123.70999908447266,123.77999877929688,123.69999694824219,123.7300033569336,51016
2026-01-28 14:00:00+05:30,123.7699966430664,123.83000183105469,123.7300033569336,123.76000213623047,69309
2026-01-28 14:05:00+05:30,123.76000213623047,123.76000213623047,123.4000015258789,123.4000015258789,73800
2026-01-28 14:10:00+05:30,123.48999786376953,123.58999633789062,123.38999938964844,123.43000030517578,33551
2026-01-28 14:15:00+05:30,123.43000030517578,123.52999877929688,123.37000274658203,123.52999877929688,148219
2026-01-28 14:20:00+05:30,123.55000305175781,123.68000030517578,123.5,123.62000274658203,38578
2026-01-28 14:25:00+05:30,123.6500015258789,123.91999816894531,123.62000274658203,123.80999755859375,58595
2026-01-28 14:30:00+05:30,123.86000061035156,123.91000366210938,123.69000244140625,123.80000305175781,64890
2026-01-28 14:35:00+05:30,123.7300033569336,123.97000122070312,123.69999694824219,123.87999725341797,91150
2026-01-28 14:40:00+05:30,123.87999725341797,123.94000244140625,123.75,123.83999633789062,111016
2026-01-28 14:45:00+05:30,123.83999633789062,123.94000244140625,123.80999755859375,123.86000061035156,68490
2026-01-28 14:50:00+05:30,123.86000061035156,124.27999877929688,123.86000061035156,124.18000030517578,334661
2026-01-28 14:55:00+05:30,124.2699966430664,124.44999694824219,124.23999786376953,124.4000015258789,284777
2026-01-28 15:00:00+05:30,124.43000030517578,124.6500015258789,124.4000015258789,124.47000122070312,345409
2026-01-28 15:05:00+05:30,124.47000122070312,124.54000091552734,124.44000244140625,124.54000091552734,200383
2026-01-28 15:10:00+05:30,124.5199966430664,124.5199966430664,124.4000015258789,124.4800033569336,386588
2026-01-28 15:15:00+05:30,124.51000213623047,124.5999984741211,124.48999786376953,124.56999969482422,362599
2026-01-28 15:20:00+05:30,124.5999984741211,124.5999984741211,124.37999725341797,124.44999694824219,400389
2026-01-28 15:25:00+05:30,124.44999694824219,124.6500015258789,124.43000030517578,124.5999984741211,514920
2026-01-29 09:20:00+05:30,124.56999969482422,124.94000244140625,124.56999969482422,124.76000213623047,590023
2026-01-29 09:25:00+05:30,124.83000183105469,125.27999877929688,124.83000183105469,125.16000366210938,632108
2026-01-29 09:30:00+05:30,125.11000061035156,125.1500015258789,124.69999694824219,124.91000366210938,286904
2026-01-29 09:35:00+05:30,124.8499984741211,124.91000366210938,124.5999984741211,124.83000183105469,207279
2026-01-29 09:40:00+05:30,124.88999938964844,125.55999755859375,124.88999938964844,125.44999694824219,540853
2026-01-29 09:45:00+05:30,125.30999755859375,126.12000274658203,125.29000091552734,126.0,1552803
2026-01-29 09:50:00+05:30,125.94999694824219,126.2300033569336,125.6500015258789,125.6500015258789,669793
2026-01-29 09:55:00+05:30,125.68000030517578,125.77999877929688,125.3499984741211,125.56999969482422,411033
2026-01-29 10:00:00+05:30,125.56999969482422,125.69999694824219,125.30000305175781,125.38999938964844,235699
2026-01-29 10:05:00+05:30,125.44999694824219,125.48999786376953,125.16000366210938,125.31999969482422,307729
2026-01-29 10:10:00+05:30,125.25,125.2699966430664,125.02999877929688,125.0999984741211,300772
2026-01-29 10:15:00+05:30,125.08999633789062,125.4000015258789,125.08999633789062,125.2300033569336,168076
2026-01-29 10:20:00+05:30,125.2300033569336,125.26000213623047,124.91000366210938,125.19999694824219,389170
2026-01-29 10:25:00+05:30,125.11000061035156,125.19000244140625,124.8499984741211,125.08000183105469,164305
2026-01-29 10:30:00+05:30,125.05000305175781,125.41000366210938,125.05000305175781,125.31999969482422,147602
2026-01-29 10:35:00+05:30,125.2699966430664,125.37000274658203,125.0999984741211,125.0999984741211,98518
2026-01-29 10:40:00+05:30,125.0999984741211,125.13999938964844,124.9800033569336,125.01000213623047,112413
2026-01-29 10:45:00+05:30,124.9800033569336,125.1500015258789,124.94000244140625,124.98999786376953,96998
2026-01-29 10:50:00+05:30,124.98999786376953,125.33999633789062,124.94999694824219,125.31999969482422,179374
2026-01-29 10:55:00+05:30,125.43000030517578,125.45999908447266,125.23999786376953,125.27999877929688,208308
2026-01-29 11:00:00+05:30,125.30999755859375,125.54000091552734,125.30000305175781,125.5,157565
2026-01-29 11:05:00+05:30,125.52999877929688,125.68000030517578,125.4000015258789,125.6500015258789,144965
2026-01-29 11:10:00+05:30,125.6500015258789,126.1500015258789,125.5999984741211,126.12000274658203,577275
2026-01-29 11:15:00+05:30,126.1500015258789,126.19000244140625,125.79000091552734,125.80000305175781,219810
2026-01-29 11:20:00+05:30,125.80000305175781,125.9000015258789,125.75,125.86000061035156,62714
2026-01-29 11:25:00+05:30,125.83999633789062,125.88999938964844,125.56999969482422,125.56999969482422,311371
2026-01-29 11:30:00+05:30,125.56999969482422,125.73999786376953,125.3499984741211,125.44000244140625,340981
2026-01-29 11:35:00+05:30,125.44999694824219,125.44999694824219,125.2300033569336,125.30000305175781,120328
2026-01-29 11:40:00+05:30,125.23999786376953,125.29000091552734,125.05000305175781,125.13999938964844,166570
2026-01-29 11:45:00+05:30,125.12999725341797,125.16999816894531,125.01000213623047,125.12999725341797,125985
2026-01-29 11:50:00+05:30,125.16999816894531,125.19999694824219,125.0999984741211,125.12999725341797,96922
2026-01-29 11:55:00+05:30,125.0999984741211,125.25,125.0999984741211,125.22000122070312,240196
2026-01-29 12:00:00+05:30,125.22000122070312,125.2300033569336,124.86000061035156,125.08000183105469,403526
2026-01-29 12:05:00+05:30,125.08999633789062,125.08999633789062,124.63999938964844,124.80000305175781,375750
2026-01-29 12:10:00+05:30,124.80999755859375,124.86000061035156,124.66999816894531,124.72000122070312,185803
2026-01-29 12:15:00+05:30,124.72000122070312,124.73999786376953,124.4000015258789,124.55000305175781,313700
2026-01-29 12:20:00+05:30,124.55999755859375,124.94999694824219,124.55000305175781,124.81999969482422,167600
2026-01-29 12:25:00+05:30,124.8499984741211,125.05999755859375,124.73999786376953,124.94999694824219,187159
2026-01-29 12:30:00+05:30,124.87000274658203,125.12000274658203,124.87000274658203,125.06999969482422,137606
2026-01-29 12:35:00+05:30,125.06999969482422,125.16000366210938,124.9800033569336,125.0,156148
2026-01-29 12:40:00+05:30,125.0,125.05000305175781,124.7300033569336,124.80000305175781,647090
2026-01-29 12:45:00+05:30,124.80000305175781,124.94000244140625,124.69000244140625,124.83000183105469,152872
2026-01-29 12:50:00+05:30,124.80000305175781,125.08000183105469,124.76000213623047,125.0199966430664,168532
2026-01-29 12:55:00+05:30,125.04000091552734,125.25,124.9800033569336,125.0,469917
2026-01-29 13:00:00+05:30,125.0,125.05000305175781,124.66999816894531,124.80000305175781,577086
2026-01-29 13:05:00+05:30,124.69999694824219,125.0199966430664,124.68000030517578,124.9000015258789,284441
2026-01-29 13:10:00+05:30,124.9000015258789,124.95999908447266,124.58000183105469,124.72000122070312,243740
2026-01-29 13:15:00+05:30,124.7699966430664,124.77999877929688,124.3499984741211,124.4800033569336,413393
2026-01-29 13:20:00+05:30,124.4800033569336,124.83999633789062,124.4800033569336,124.6500015258789,281396
2026-01-29 13:25:00+05:30,124.73999786376953,124.76000213623047,124.62000274658203,124.66999816894531,112401
2026-01-29 13:30:00+05:30,124.66000366210938,124.98999786376953,124.58999633789062,124.9000015258789,838881
2026-01-29 13:35:00+05:30,124.94000244140625,124.94000244140625,124.33999633789062,124.4000015258789,507405
2026-01-29 13:40:00+05:30,124.4000015258789,124.54000091552734,124.37000274658203,124.41999816894531,159989
2026-01-29 13:45:00+05:30,124.41999816894531,124.97000122070312,124.36000061035156,124.76000213623047,529298
2026-01-29 13:50:00+05:30,124.76000213623047,125.06999969482422,124.73999786376953,125.04000091552734,152095
2026-01-29 13:55:00+05:30,125.0199966430664,125.16999816894531,124.95999908447266,125.08000183105469,219733
2026-01-29 14:00:00+05:30,125.08999633789062,125.11000061035156,124.8499984741211,124.8499984741211,137104
2026-01-29 14:05:00+05:30,124.83000183105469,124.83999633789062,124.58000183105469,124.68000030517578,469760
2026-01-29 14:10:00+05:30,124.68000030517578,124.94999694824219,124.68000030517578,124.86000061035156,161564
2026-01-29 14:15:00+05:30,124.8499984741211,124.94999694824219,124.72000122070312,124.72000122070312,163089
2026-01-29 14:20:00+05:30,124.76000213623047,124.83999633789062,124.61000061035156,124.75,220035
2026-01-29 14:25:00+05:30,124.7699966430664,124.88999938964844,124.72000122070312,124.8499984741211,109937
2026-01-29 14:30:00+05:30,124.8499984741211,124.88999938964844,124.72000122070312,124.7699966430664,113516
2026-01-29 14:35:00+05:30,124.75,124.77999877929688,124.55999755859375,124.77999877929688,185672
2026-01-29 14:40:00+05:30,124.77999877929688,124.87999725341797,124.7300033569336,124.83000183105469,185236
2026-01-29 14:45:00+05:30,124.86000061035156,125.06999969482422,124.7699966430664,125.06999969482422,218092
2026-01-29 14:50:00+05:30,125.0999984741211,125.23999786376953,124.91000366210938,124.98999786376953,344388
2026-01-29 14:55:00+05:30,125.05000305175781,125.11000061035156,124.86000061035156,125.0199966430664,276596
2026-01-29 15:00:00+05:30,125.23999786376953,125.4800033569336,125.16999816894531,125.47000122070312,2213501
2026-01-29 15:05:00+05:30,125.5,125.6500015258789,125.0,125.18000030517578,2171103
2026-01-29 15:10:00+05:30,125.20999908447266,125.29000091552734,125.05000305175781,125.1500015258789,1826692
2026-01-29 15:15:00+05:30,125.13999938964844,125.33999633789062,125.05000305175781,125.0999984741211,2010686
2026-01-29 15:20:00+05:30,125.12999725341797,125.3499984741211,125.06999969482422,125.30000305175781,1845873
2026-01-29 15:25:00+05:30,125.29000091552734,125.44999694824219,125.0999984741211,125.0999984741211,1396248
2026-01-30 09:20:00+05:30,124.02999877929688,124.44999694824219,123.77999877929688,124.44999694824219,311142
2026-01-30 09:25:00+05:30,124.44999694824219,124.54000091552734,124.19999694824219,124.20999908447266,199988
2026-01-30 09:30:00+05:30,124.20999908447266,124.33999633789062,124.05000305175781,124.33999633789062,96472
2026-01-30 09:35:00+05:30,124.4000015258789,124.5,124.30000305175781,124.41999816894531,77467
2026-01-30 09:40:00+05:30,124.33000183105469,124.69999694824219,124.25,124.5199966430664,161803
2026-01-30 09:45:00+05:30,124.55999755859375,124.70999908447266,124.47000122070312,124.58999633789062,98871
2026-01-30 09:50:00+05:30,124.55999755859375,125.25,124.52999877929688,125.16999816894531,224630
2026-01-30 09:55:00+05:30,125.12000274658203,125.12000274658203,124.69999694824219,124.8499984741211,123459
2026-01-30 10:00:00+05:30,124.87000274658203,125.0,124.6500015258789,124.6500015258789,83553
2026-01-30 10:05:00+05:30,124.61000061035156,124.72000122070312,124.5,124.62000274658203,86717
2026-01-30 10:10:00+05:30,124.62999725341797,124.69999694824219,124.5999984741211,124.69999694824219,80157
2026-01-30 10:15:00+05:30,124.69999694824219,124.73999786376953,124.52999877929688,124.52999877929688,35015
2026-01-30 10:20:00+05:30,124.47000122070312,124.5,124.16000366210938,124.19999694824219,155147
2026-01-30 10:25:00+05:30,124.18000030517578,124.4000015258789,124.12999725341797,124.2300033569336,88376
2026-01-30 10:30:00+05:30,124.2300033569336,124.47000122070312,124.16999816894531,124.43000030517578,50643
2026-01-30 10:35:00+05:30,124.37999725341797,124.56999969482422,124.3499984741211,124.4000015258789,31277
2026-01-30 10:40:00+05:30,124.41000366210938,124.62000274658203,124.37999725341797,124.5999984741211,77055
2026-01-30 10:45:00+05:30,124.61000061035156,124.8499984741211,124.61000061035156,124.69999694824219,122185
2026-01-30 10:50:00+05:30,124.69000244140625,124.83999633789062,124.63999938964844,124.80999755859375,40386
2026-01-30 10:55:00+05:30,124.8499984741211,125.20999908447266,124.8499984741211,125.12000274658203,194894
2026-01-30 11:00:00+05:30,125.08000183105469,125.1500015258789,124.94000244140625,125.06999969482422,214345
2026-01-30 11:05:00+05:30,125.06999969482422,125.06999969482422,124.83000183105469,124.83000183105469,79767
2026-01-30 11:10:00+05:30,124.87000274658203,124.94000244140625,124.80000305175781,124.80000305175781,38904
2026-01-30 11:15:00+05:30,124.80000305175781,124.87000274658203,124.63999938964844,124.87000274658203,58126
2026-01-30 11:20:00+05:30,124.81999969482422,125.45999908447266,124.81999969482422,125.45999908447266,208954
2026-01-30 11:25:00+05:30,125.58999633789062,125.94000244140625,125.45999908447266,125.80000305175781,316014
2026-01-30 11:30:00+05:30,125.83999633789062,126.0,125.68000030517578,125.73999786376953,264905
2026-01-30 11:35:00+05:30,125.70999908447266,125.76000213623047,125.37999725341797,125.55999755859375,137428
2026-01-30 11:40:00+05:30,125.58000183105469,125.58000183105469,125.3499984741211,125.55000305175781,78751
2026-01-30 11:45:00+05:30,125.54000091552734,125.54000091552734,125.19000244140625,125.2300033569336,102526
2026-01-30 11:50:00+05:30,125.2699966430664,125.37000274658203,125.2300033569336,125.30000305175781,61102
2026-01-30 11:55:00+05:30,125.23999786376953,125.4000015258789,125.1500015258789,125.3499984741211,83682
2026-01-30 12:00:00+05:30,125.38999938964844,125.5999984741211,125.3499984741211,125.55999755859375,51285
2026-01-30 12:05:00+05:30,125.55999755859375,125.62999725341797,125.48999786376953,125.55000305175781,94804
2026-01-30 12:10:00+05:30,125.55000305175781,125.61000061035156,125.37000274658203,125.44999694824219,94997
2026-01-30 12:15:00+05:30,125.44999694824219,125.47000122070312,125.16999816894531,125.2300033569336,70138
2026-01-30 12:20:00+05:30,125.27999877929688,125.44999694824219,125.26000213623047,125.41999816894531,33941
2026-01-30 12:25:00+05:30,125.41999816894531,125.52999877929688,125.33999633789062,125.37999725341797,67011
2026-01-30 12:30:00+05:30,125.37000274658203,125.55000305175781,125.31999969482422,125.47000122070312,106405
2026-01-30 12:35:00+05:30,125.5199966430664,125.54000091552734,125.23999786376953,125.31999969482422,40157
2026-01-30 12:40:00+05:30,125.25,125.58000183105469,125.20999908447266,125.37999725341797,84954
2026-01-30 12:45:00+05:30,125.3499984741211,125.58000183105469,125.30999755859375,125.38999938964844,55026
2026-01-30 12:50:00+05:30,125.30000305175781,125.43000030517578,125.20999908447266,125.43000030517578,32143
2026-01-30 12:55:00+05:30,125.41999816894531,125.5,125.26000213623047,125.44999694824219,86237
2026-01-30 13:00:00+05:30,125.44999694824219,125.45999908447266,125.2699966430664,125.37000274658203,79147
2026-01-30 13:05:00+05:30,125.4000015258789,125.4000015258789,124.95999908447266,125.04000091552734,189347
2026-01-30 13:10:00+05:30,125.05000305175781,125.12999725341797,124.94999694824219,125.0,62647
2026-01-30 13:15:00+05:30,125.0,125.0,124.73999786376953,124.79000091552734,102701
2026-01-30 13:20:00+05:30,124.79000091552734,124.8499984741211,124.6500015258789,124.80000305175781,101219
2026-01-30 13:25:00+05:30,124.80000305175781,124.87999725341797,124.7300033569336,124.76000213623047,53078
2026-01-30 13:30:00+05:30,124.76000213623047,125.05000305175781,124.7300033569336,125.05000305175781,65669
2026-01-30 13:35:00+05:30,125.0199966430664,125.25,124.97000122070312,125.23999786376953,128639
2026-01-30 13:40:00+05:30,125.19999694824219,125.58000183105469,125.19999694824219,125.48999786376953,287297
2026-01-30 13:45:00+05:30,125.55999755859375,125.70999908447266,125.3499984741211,125.5,185407
2026-01-30 13:50:00+05:30,125.45999908447266,125.69999694824219,125.45999908447266,125.69999694824219,40705
2026-01-30 13:55:00+05:30,125.6500015258789,125.75,125.55000305175781,125.55000305175781,110617
2026-01-30 14:00:00+05:30,125.5,125.5999984741211,125.25,125.36000061035156,137320
2026-01-30 14:05:00+05:30,125.37000274658203,125.5,125.30999755859375,125.36000061035156,172750
2026-01-30 14:10:00+05:30,125.36000061035156,125.4000015258789,125.18000030517578,125.2699966430664,127284
2026-01-30 14:15:00+05:30,125.25,125.31999969482422,125.13999938964844,125.27999877929688,124717
2026-01-30 14:20:00+05:30,125.29000091552734,125.29000091552734,125.1500015258789,125.20999908447266,132277
2026-01-30 14:25:00+05:30,125.22000122070312,125.41999816894531,125.19000244140625,125.30000305175781,136722
2026-01-30 14:30:00+05:30,125.30000305175781,125.33000183105469,125.16000366210938,125.2300033569336,143177
2026-01-30 14:35:00+05:30,125.20999908447266,125.55000305175781,125.20999908447266,125.44999694824219,169468
2026-01-30 14:40:00+05:30,125.54000091552734,125.54000091552734,125.06999969482422,125.12000274658203,189770
2026-01-30 14:45:00+05:30,125.05999755859375,125.19999694824219,124.80000305175781,125.1500015258789,340441
2026-01-30 14:50:00+05:30,125.12999725341797,125.26000213623047,124.9800033569336,125.26000213623047,207115
2026-01-30 14:55:00+05:30,125.2300033569336,125.58999633789062,125.05999755859375,125.33999633789062,447071
2026-01-30 15:00:00+05:30,125.37000274658203,125.6500015258789,125.19999694824219,125.41000366210938,787442
2026-01-30 15:05:00+05:30,125.38999938964844,125.44999694824219,125.33999633789062,125.38999938964844,528021
2026-01-30 15:10:00+05:30,125.38999938964844,125.5999984741211,125.22000122070312,125.26000213623047,774784
2026-01-30 15:15:00+05:30,125.23999786376953,125.30999755859375,124.94999694824219,125.05999755859375,969743
2026-01-30 15:20:00+05:30,125.08000183105469,125.11000061035156,124.87000274658203,124.94000244140625,1092486
2026-01-30 15:25:00+05:30,124.94000244140625,125.43000030517578,124.83000183105469,125.19999694824219,839003
2026-02-03 09:15:00+05:30,127.91999816894531,127.91999816894531,123.69000244140625,123.87000274658203,3406356
2026-02-03 09:20:00+05:30,123.87000274658203,123.97000122070312,123.20999908447266,123.37000274658203,652103
2026-02-03 09:25:00+05:30,123.27999877929688,123.5999984741211,123.27999877929688,123.56999969482422,462571
2026-02-03 09:30:00+05:30,123.56999969482422,124.30000305175781,123.56999969482422,123.94999694824219,886163
2026-02-03 09:35:00+05:30,123.93000030517578,123.93000030517578,123.44000244140625,123.5999984741211,673054
2026-02-03 09:40:00+05:30,123.63999938964844,123.72000122070312,123.0199966430664,123.06999969482422,384802
2026-02-03 09:45:00+05:30,123.0199966430664,123.6500015258789,122.7300033569336,123.6500015258789,408243
2026-02-03 09:50:00+05:30,123.56999969482422,124.0,123.56999969482422,123.9000015258789,292574
2026-02-03 09:55:00+05:30,123.9000015258789,124.05999755859375,123.69999694824219,124.0,238609
2026-02-03 10:00:00+05:30,123.88999938964844,124.0,123.55999755859375,123.55999755859375,128331
2026-02-03 10:05:00+05:30,123.55000305175781,123.55999755859375,123.31999969482422,123.31999969482422,97585
2026-02-03 10:10:00+05:30,123.29000091552734,123.45999908447266,123.22000122070312,123.25,184586
2026-02-03 10:15:00+05:30,123.4000015258789,123.41999816894531,123.0,123.3499984741211,245974
2026-02-03 10:20:00+05:30,123.22000122070312,123.41999816894531,123.18000030517578,123.37999725341797,125824
2026-02-03 10:25:00+05:30,123.33999633789062,123.54000091552734,123.33999633789062,123.54000091552734,74056
2026-02-03 10:30:00+05:30,123.45999908447266,123.5,123.30000305175781,123.41000366210938,203568
2026-02-03 10:35:00+05:30,123.41000366210938,123.5999984741211,123.33000183105469,123.55000305175781,108738
2026-02-03 10:40:00+05:30,123.55000305175781,123.58000183105469,123.2300033569336,123.38999938964844,111742
2026-02-03 10:45:00+05:30,123.3499984741211,123.4000015258789,123.16999816894531,123.18000030517578,69535
2026-02-03 10:50:00+05:30,123.18000030517578,123.43000030517578,123.12999725341797,123.25,192105
2026-02-03 10:55:00+05:30,123.25,123.44999694824219,123.12000274658203,123.44999694824219,79843
2026-02-03 11:00:00+05:30,123.44000244140625,123.44000244140625,123.29000091552734,123.37000274658203,70376
2026-02-03 11:05:00+05:30,123.4000015258789,123.41000366210938,123.19999694824219,123.36000061035156,60960
2026-02-03 11:10:00+05:30,123.36000061035156,123.47000122070312,123.33000183105469,123.33999633789062,125812
2026-02-03 11:15:00+05:30,123.33999633789062,123.41999816894531,123.27999877929688,123.33000183105469,35800
2026-02-03 11:20:00+05:30,123.3499984741211,123.63999938964844,123.3499984741211,123.5,79623
2026-02-03 11:25:00+05:30,123.5,123.55000305175781,123.43000030517578,123.55000305175781,45092
2026-02-03 11:30:00+05:30,123.55000305175781,123.62999725341797,123.5,123.58000183105469,80112
2026-02-03 11:35:00+05:30,123.58999633789062,123.75,123.55000305175781,123.75,123205
2026-02-03 11:40:00+05:30,123.75,123.75,123.62000274658203,123.70999908447266,50639
2026-02-03 11:45:00+05:30,123.70999908447266,123.9000015258789,123.70999908447266,123.7699966430664,103835
2026-02-03 11:50:00+05:30,123.7699966430664,123.8499984741211,123.70999908447266,123.79000091552734,47985
2026-02-03 11:55:00+05:30,123.79000091552734,124.0,123.70999908447266,124.0,198538
2026-02-03 12:00:00+05:30,124.04000091552734,124.04000091552734,123.72000122070312,123.83000183105469,86538
2026-02-03 12:05:00+05:30,123.83000183105469,123.87999725341797,123.70999908447266,123.77999877929688,52124
2026-02-03 12:10:00+05:30,123.7699966430664,123.7699966430664,123.44999694824219,123.45999908447266,91200
2026-02-03 12:15:00+05:30,123.5,123.6500015258789,123.5,123.58999633789062,35405
2026-02-03 12:20:00+05:30,123.6500015258789,123.69999694824219,123.55000305175781,123.69999694824219,32425
2026-02-03 12:25:00+05:30,123.68000030517578,123.77999877929688,123.5999984741211,123.68000030517578,35496
2026-02-03 12:30:00+05:30,123.6500015258789,123.76000213623047,123.5999984741211,123.69000244140625,44014
2026-02-03 12:35:00+05:30,123.69000244140625,123.69000244140625,123.55000305175781,123.56999969482422,41946
2026-02-03 12:40:00+05:30,123.55999755859375,123.69000244140625,123.55000305175781,123.66000366210938,50044
2026-02-03 12:45:00+05:30,123.68000030517578,123.68000030517578,123.45999908447266,123.4800033569336,326164
2026-02-03 12:50:00+05:30,123.4800033569336,123.66999816894531,123.4000015258789,123.4000015258789,48645
2026-02-03 12:55:00+05:30,123.41000366210938,123.5999984741211,123.41000366210938,123.54000091552734,47392
2026-02-03 13:00:00+05:30,123.54000091552734,123.56999969482422,123.37000274658203,123.4000015258789,69710
2026-02-03 13:05:00+05:30,123.4000015258789,123.62999725341797,123.33000183105469,123.51000213623047,56575
2026-02-03 13:10:00+05:30,123.55999755859375,123.58999633789062,123.30000305175781,123.37000274658203,91001
2026-02-03 13:15:00+05:30,123.37000274658203,123.6500015258789,123.33999633789062,123.55000305175781,130007
2026-02-03 13:20:00+05:30,123.58000183105469,123.66999816894531,123.47000122070312,123.54000091552734,154532
2026-02-03 13:25:00+05:30,123.55000305175781,123.58000183105469,123.19999694824219,123.4000015258789,122946
2026-02-03 13:30:00+05:30,123.4000015258789,123.52999877929688,123.33000183105469,123.33000183105469,106094
2026-02-03 13:35:00+05:30,123.3499984741211,123.69000244140625,123.23999786376953,123.56999969482422,142622
2026-02-03 13:40:00+05:30,123.58000183105469,123.66000366210938,123.43000030517578,123.54000091552734,108370
2026-02-03 13:45:00+05:30,123.54000091552734,123.63999938964844,123.54000091552734,123.58999633789062,89392
2026-02-03 13:50:00+05:30,123.62999725341797,123.91999816894531,123.58999633789062,123.91999816894531,126185
2026-02-03 13:55:00+05:30,123.9000015258789,124.05999755859375,123.79000091552734,123.83999633789062,280621
2026-02-03 14:00:00+05:30,123.87999725341797,124.04000091552734,123.79000091552734,123.97000122070312,148321
2026-02-03 14:05:00+05:30,123.97000122070312,124.19000244140625,123.9000015258789,124.16000366210938,190210
2026-02-03 14:10:00+05:30,124.16999816894531,124.29000091552734,124.12999725341797,124.16000366210938,196397
2026-02-03 14:15:00+05:30,124.18000030517578,124.27999877929688,124.05000305175781,124.12999725341797,130042
2026-02-03 14:20:00+05:30,124.0999984741211,124.30999755859375,124.08999633789062,124.29000091552734,200498
2026-02-03 14:25:00+05:30,124.27999877929688,124.29000091552734,124.0999984741211,124.11000061035156,140108
2026-02-03 14:30:00+05:30,124.11000061035156,124.20999908447266,124.0,124.08999633789062,160594
2026-02-03 14:35:00+05:30,124.08999633789062,124.2300033569336,124.05999755859375,124.13999938964844,109082
2026-02-03 14:40:00+05:30,124.1500015258789,124.18000030517578,123.87999725341797,123.87999725341797,97638
2026-02-03 14:45:00+05:30,123.86000061035156,123.98999786376953,123.80000305175781,123.86000061035156,147040
2026-02-03 14:50:00+05:30,123.86000061035156,123.98999786376953,123.8499984741211,123.9000015258789,138673
2026-02-03 14:55:00+05:30,123.9000015258789,124.0,123.86000061035156,123.87999725341797,183775
2026-02-03 15:00:00+05:30,123.91000366210938,124.0999984741211,123.87999725341797,123.91999816894531,275719
2026-02-03 15:05:00+05:30,123.91000366210938,123.97000122070312,123.83999633789062,123.83999633789062,203552
2026-02-03 15:10:00+05:30,123.77999877929688,123.97000122070312,123.70999908447266,123.94000244140625,257429
2026-02-03 15:15:00+05:30,123.94000244140625,123.94000244140625,123.79000091552734,123.8499984741211,322818
2026-02-03 15:20:00+05:30,123.8499984741211,123.9000015258789,123.80999755859375,123.9000015258789,271865
2026-02-03 15:25:00+05:30,123.9000015258789,123.9000015258789,123.62999725341797,123.8499984741211,357571
2026-02-04 09:20:00+05:30,123.20999908447266,123.72000122070312,123.20999908447266,123.44999694824219,325297
2026-02-04 09:25:00+05:30,123.38999938964844,123.5999984741211,123.31999969482422,123.5,156133
2026-02-04 09:30:00+05:30,123.47000122070312,123.58999633789062,123.25,123.2699966430664,144232
2026-02-04 09:35:00+05:30,123.3499984741211,123.4000015258789,123.25,123.33000183105469,84639
2026-02-04 09:40:00+05:30,123.30000305175781,123.41000366210938,123.22000122070312,123.33000183105469,111339
2026-02-04 09:45:00+05:30,123.33999633789062,123.62000274658203,123.30999755859375,123.51000213623047,249175
2026-02-04 09:50:00+05:30,123.54000091552734,123.66999816894531,123.5199966430664,123.5999984741211,134471
2026-02-04 09:55:00+05:30,123.56999969482422,123.9000015258789,123.55000305175781,123.87000274658203,132374
2026-02-04 10:00:00+05:30,123.87000274658203,123.87000274658203,123.7300033569336,123.73999786376953,89654
2026-02-04 10:05:00+05:30,123.73999786376953,123.79000091552734,123.69999694824219,123.7699966430664,50836
2026-02-04 10:10:00+05:30,123.79000091552734,123.98999786376953,123.7699966430664,123.87999725341797,103715
2026-02-04 10:15:00+05:30,123.8499984741211,124.19000244140625,123.8499984741211,123.97000122070312,209569
2026-02-04 10:20:00+05:30,123.95999908447266,124.06999969482422,123.80000305175781,123.8499984741211,77447
2026-02-04 10:25:00+05:30,123.81999969482422,123.98999786376953,123.80000305175781,123.81999969482422,72352
2026-02-04 10:30:00+05:30,123.83999633789062,123.8499984741211,123.58000183105469,123.61000061035156,103339
2026-02-04 10:35:00+05:30,123.5999984741211,123.63999938964844,123.4000015258789,123.63999938964844,112553
2026-02-04 10:40:00+05:30,123.62000274658203,123.87999725341797,123.61000061035156,123.6500015258789,62668
2026-02-04 10:45:00+05:30,123.68000030517578,123.70999908447266,123.5999984741211,123.68000030517578,40827
2026-02-04 10:50:00+05:30,123.69000244140625,123.73999786376953,123.62999725341797,123.6500015258789,40987
2026-02-04 10:55:00+05:30,123.6500015258789,123.75,123.61000061035156,123.70999908447266,88123
2026-02-04 11:00:00+05:30,123.69999694824219,123.88999938964844,123.69999694824219,123.8499984741211,70969
2026-02-04 11:05:00+05:30,123.8499984741211,123.8499984741211,123.6500015258789,123.6500015258789,43187
2026-02-04 11:10:00+05:30,123.63999938964844,123.63999938964844,123.37999725341797,123.5,127424
2026-02-04 11:15:00+05:30,123.43000030517578,123.5,123.08999633789062,123.13999938964844,145720
2026-02-04 11:20:00+05:30,123.11000061035156,123.33999633789062,123.0999984741211,123.1500015258789,114086
2026-02-04 11:25:00+05:30,123.13999938964844,123.33999633789062,123.08000183105469,123.33999633789062,80669
2026-02-04 11:30:00+05:30,123.27999877929688,123.33999633789062,123.16999816894531,123.19000244140625,71724
2026-02-04 11:35:00+05:30,123.1500015258789,123.16000366210938,123.0,123.01000213623047,220052
2026-02-04 11:40:00+05:30,123.01000213623047,123.23999786376953,123.01000213623047,123.16000366210938,107498
2026-02-04 11:45:00+05:30,123.16000366210938,123.19000244140625,123.01000213623047,123.04000091552734,132207
2026-02-04 11:50:00+05:30,123.04000091552734,123.22000122070312,122.94000244140625,123.19000244140625,210999
2026-02-04 11:55:00+05:30,123.22000122070312,123.5,123.20999908447266,123.38999938964844,80884
2026-02-04 12:00:00+05:30,123.41000366210938,123.54000091552734,123.37999725341797,123.41999816894531,79922
2026-02-04 12:05:00+05:30,123.44999694824219,123.56999969482422,123.44999694824219,123.5,79800
2026-02-04 12:10:00+05:30,123.5,123.54000091552734,123.31999969482422,123.36000061035156,119076
2026-02-04 12:15:00+05:30,123.45999908447266,123.58999633789062,123.38999938964844,123.38999938964844,254668
2026-02-04 12:20:00+05:30,123.38999938964844,123.47000122070312,123.30999755859375,123.30999755859375,87951
2026-02-04 12:25:00+05:30,123.30999755859375,123.54000091552734,123.30000305175781,123.51000213623047,53880
2026-02-04 12:30:00+05:30,123.4800033569336,123.55000305175781,123.30000305175781,123.3499984741211,51388
2026-02-04 12:35:00+05:30,123.33000183105469,123.3499984741211,123.1500015258789,123.23999786376953,36419
2026-02-04 12:40:00+05:30,123.25,123.41999816894531,123.25,123.30000305175781,71591
2026-02-04 12:45:00+05:30,123.30000305175781,123.33999633789062,123.16000366210938,123.19999694824219,46664
2026-02-04 12:50:00+05:30,123.19999694824219,123.2300033569336,123.0199966430664,123.0199966430664,60694
2026-02-04 12:55:00+05:30,123.05999755859375,123.12000274658203,123.0199966430664,123.04000091552734,25162
2026-02-04 13:00:00+05:30,123.04000091552734,123.18000030517578,122.94000244140625,123.11000061035156,75809
2026-02-04 13:05:00+05:30,123.13999938964844,123.31999969482422,123.0999984741211,123.16999816894531,23458
2026-02-04 13:10:00+05:30,123.19999694824219,123.33999633789062,123.12999725341797,123.30000305175781,33548
2026-02-04 13:15:00+05:30,123.30000305175781,123.30999755859375,123.16999816894531,123.2300033569336,30519
2026-02-04 13:20:00+05:30,123.27999877929688,123.44999694824219,123.19999694824219,123.44000244140625,45146
2026-02-04 13:25:00+05:30,123.41999816894531,123.62999725341797,123.37000274658203,123.55999755859375,88656
2026-02-04 13:30:00+05:30,123.54000091552734,123.6500015258789,123.44999694824219,123.4800033569336,56663
2026-02-04 13:35:00+05:30,123.5,123.5999984741211,123.43000030517578,123.5999984741211,78934
2026-02-04 13:40:00+05:30,123.6500015258789,123.66000366210938,123.41999816894531,123.44999694824219,58399
2026-02-04 13:45:00+05:30,123.51000213623047,123.75,123.45999908447266,123.5999984741211,142595
2026-02-04 13:50:00+05:30,123.5999984741211,123.80000305175781,123.5,123.72000122070312,75251
2026-02-04 13:55:00+05:30,123.72000122070312,123.79000091552734,123.62000274658203,123.73999786376953,80738
2026-02-04 14:00:00+05:30,123.72000122070312,123.8499984741211,123.5999984741211,123.80000305175781,94499
2026-02-04 14:05:00+05:30,123.80999755859375,123.80999755859375,123.62000274658203,123.75,106921
2026-02-04 14:10:00+05:30,123.75,124.18000030517578,123.75,124.1500015258789,299686
2026-02-04 14:15:00+05:30,124.19000244140625,124.38999938964844,124.04000091552734,124.08999633789062,433472
2026-02-04 14:20:00+05:30,124.0999984741211,124.0999984741211,123.95999908447266,124.08000183105469,117134
2026-02-04 14:25:00+05:30,124.05000305175781,124.0999984741211,123.98999786376953,124.04000091552734,110150
2026-02-04 14:30:00+05:30,124.02999877929688,124.08999633789062,124.0,124.01000213623047,39610
2026-02-04 14:35:00+05:30,123.95999908447266,124.01000213623047,123.86000061035156,123.86000061035156,112657
2026-02-04 14:40:00+05:30,123.87999725341797,123.87999725341797,123.61000061035156,123.62999725341797,179810
2026-02-04 14:45:00+05:30,123.62999725341797,123.62999725341797,123.5,123.58000183105469,126227
2026-02-04 14:50:00+05:30,123.56999969482422,123.86000061035156,123.56999969482422,123.80000305175781,93402
2026-02-04 14:55:00+05:30,123.80000305175781,123.88999938964844,123.62999725341797,123.72000122070312,302670
2026-02-04 15:00:00+05:30,123.86000061035156,123.9000015258789,123.69999694824219,123.77999877929688,105803
2026-02-04 15:05:00+05:30,123.80000305175781,123.80000305175781,123.72000122070312,123.75,143560
2026-02-04 15:10:00+05:30,123.76000213623047,123.76000213623047,123.56999969482422,123.68000030517578,590223
2026-02-04 15:15:00+05:30,123.66999816894531,123.69999694824219,123.58999633789062,123.61000061035156,537815
2026-02-04 15:20:00+05:30,123.66999816894531,123.66999816894531,123.55999755859375,123.61000061035156,359213
2026-02-04 15:25:00+05:30,123.61000061035156,123.68000030517578,123.55000305175781,123.58999633789062,377490
2026-02-05 09:20:00+05:30,124.70999908447266,124.70999908447266,124.30000305175781,124.44999694824219,384724
2026-02-05 09:25:00+05:30,124.4000015258789,124.5999984741211,124.25,124.4000015258789,236357
2026-02-05 09:30:00+05:30,124.41999816894531,124.58999633789062,124.25,124.29000091552734,169559
2026-02-05 09:35:00+05:30,124.27999877929688,124.30000305175781,123.98999786376953,124.0999984741211,244118
2026-02-05 09:40:00+05:30,124.0999984741211,124.11000061035156,123.94999694824219,123.95999908447266,89166
2026-02-05 09:45:00+05:30,123.9000015258789,124.44999694824219,123.83000183105469,124.4000015258789,308093
2026-02-05 09:50:00+05:30,124.44999694824219,124.72000122070312,124.41999816894531,124.47000122070312,513273
2026-02-05 09:55:00+05:30,124.45999908447266,124.54000091552734,124.4000015258789,124.4800033569336,184045
2026-02-05 10:00:00+05:30,124.43000030517578,124.51000213623047,124.22000122070312,124.33999633789062,175815
2026-02-05 10:05:00+05:30,124.30000305175781,124.43000030517578,124.12999725341797,124.19999694824219,214976
2026-02-05 10:10:00+05:30,124.18000030517578,124.45999908447266,124.0999984741211,124.4000015258789,283232
2026-02-05 10:15:00+05:30,124.44000244140625,124.48999786376953,124.29000091552734,124.41000366210938,148850
2026-02-05 10:20:00+05:30,124.47000122070312,124.8499984741211,124.47000122070312,124.77999877929688,193584
2026-02-05 10:25:00+05:30,124.80999755859375,124.8499984741211,124.5,124.5,177027
2026-02-05 10:30:00+05:30,124.5199966430664,124.73999786376953,124.5,124.56999969482422,152016
2026-02-05 10:35:00+05:30,124.56999969482422,124.5999984741211,124.22000122070312,124.26000213623047,112190
2026-02-05 10:40:00+05:30,124.19999694824219,124.30000305175781,123.94999694824219,123.97000122070312,294004
2026-02-05 10:45:00+05:30,123.94999694824219,124.08000183105469,123.79000091552734,123.86000061035156,125403
2026-02-05 10:50:00+05:30,123.80000305175781,123.8499984741211,123.58999633789062,123.58999633789062,184035
2026-02-05 10:55:00+05:30,123.6500015258789,123.77999877929688,123.5999984741211,123.66999816894531,98161
2026-02-05 11:00:00+05:30,123.66999816894531,123.88999938964844,123.61000061035156,123.8499984741211,96657
2026-02-05 11:05:00+05:30,123.87999725341797,123.95999908447266,123.75,123.94999694824219,138968
2026-02-05 11:10:00+05:30,123.87999725341797,124.06999969482422,123.80000305175781,123.91000366210938,37236
2026-02-05 11:15:00+05:30,123.94999694824219,124.0,123.81999969482422,123.87999725341797,73573
2026-02-05 11:20:00+05:30,123.87999725341797,123.95999908447266,123.75,123.9000015258789,32678
2026-02-05 11:25:00+05:30,123.94000244140625,124.05000305175781,123.87000274658203,123.9800033569336,30438
2026-02-05 11:30:00+05:30,123.9800033569336,124.05000305175781,123.93000030517578,123.93000030517578,33888
2026-02-05 11:35:00+05:30,123.9800033569336,124.12999725341797,123.91999816894531,124.12999725341797,108093
2026-02-05 11:40:00+05:30,124.0999984741211,124.4000015258789,124.02999877929688,124.37999725341797,112406
2026-02-05 11:45:00+05:30,124.37999725341797,124.37999725341797,124.11000061035156,124.11000061035156,30727
2026-02-05 11:50:00+05:30,124.12000274658203,124.2300033569336,124.05000305175781,124.16000366210938,30514
2026-02-05 11:55:00+05:30,124.20999908447266,124.3499984741211,124.0999984741211,124.26000213623047,112612
2026-02-05 12:00:00+05:30,124.30999755859375,124.30999755859375,124.19000244140625,124.2699966430664,34635
2026-02-05 12:05:00+05:30,124.30000305175781,124.30000305175781,124.01000213623047,124.08999633789062,26928
2026-02-05 12:10:00+05:30,124.08000183105469,124.0999984741211,123.8499984741211,123.88999938964844,58353
2026-02-05 12:15:00+05:30,123.88999938964844,123.91000366210938,123.75,123.79000091552734,38964
2026-02-05 12:20:00+05:30,123.75,123.87000274658203,123.66999816894531,123.70999908447266,49928
2026-02-05 12:25:00+05:30,123.72000122070312,123.75,123.68000030517578,123.70999908447266,47669
2026-02-05 12:30:00+05:30,123.75,123.86000061035156,123.55000305175781,123.62000274658203,312799
2026-02-05 12:35:00+05:30,123.62000274658203,123.87999725341797,123.62000274658203,123.80000305175781,53055
2026-02-05 12:40:00+05:30,123.80000305175781,123.83000183105469,123.69999694824219,123.75,60809
2026-02-05 12:45:00+05:30,123.80000305175781,123.94999694824219,123.75,123.86000061035156,41049
2026-02-05 12:50:00+05:30,123.91000366210938,123.91999816894531,123.80000305175781,123.83999633789062,54674
2026-02-05 12:55:00+05:30,123.8499984741211,123.8499984741211,123.7699966430664,123.8499984741211,19368
2026-02-05 13:00:00+05:30,123.83999633789062,123.83999633789062,123.76000213623047,123.7699966430664,11945
2026-02-05 13:05:00+05:30,123.81999969482422,123.87999725341797,123.7300033569336,123.7300033569336,47565
2026-02-05 13:10:00+05:30,123.76000213623047,123.83999633789062,123.76000213623047,123.80000305175781,62229
2026-02-05 13:15:00+05:30,123.83000183105469,123.9000015258789,123.80000305175781,123.86000061035156,22414
2026-02-05 13:20:00+05:30,123.86000061035156,123.9800033569336,123.86000061035156,123.91000366210938,51076
2026-02-05 13:25:00+05:30,123.91000366210938,123.94999694824219,123.77999877929688,123.83999633789062,42424
2026-02-05 13:30:00+05:30,123.83999633789062,123.94999694824219,123.80000305175781,123.9000015258789,30433
2026-02-05 13:35:00+05:30,123.9000015258789,124.12999725341797,123.9000015258789,124.11000061035156,65263
2026-02-05 13:40:00+05:30,124.11000061035156,124.11000061035156,123.98999786376953,124.04000091552734,17182
2026-02-05 13:45:00+05:30,124.0199966430664,124.08000183105469,123.95999908447266,123.95999908447266,16336
2026-02-05 13:50:00+05:30,124.0,124.04000091552734,123.80999755859375,123.83999633789062,69206
2026-02-05 13:55:00+05:30,123.83999633789062,123.9000015258789,123.77999877929688,123.8499984741211,20468
2026-02-05 14:00:00+05:30,123.8499984741211,123.95999908447266,123.81999969482422,123.9000015258789,78729
2026-02-05 14:05:00+05:30,123.91000366210938,123.91000366210938,123.69999694824219,123.7699966430664,77030
2026-02-05 14:10:00+05:30,123.7699966430664,123.79000091552734,123.5999984741211,123.70999908447266,155571
2026-02-05 14:15:00+05:30,123.76000213623047,123.76000213623047,123.52999877929688,123.54000091552734,70552
2026-02-05 14:20:00+05:30,123.58999633789062,123.62999725341797,123.36000061035156,123.38999938964844,121565
2026-02-05 14:25:00+05:30,123.36000061035156,123.63999938964844,123.29000091552734,123.4000015258789,132039
2026-02-05 14:30:00+05:30,123.45999908447266,123.88999938964844,123.44000244140625,123.80000305175781,188876
2026-02-05 14:35:00+05:30,123.8499984741211,123.94999694824219,123.79000091552734,123.83999633789062,58928
2026-02-05 14:40:00+05:30,123.8499984741211,123.91999816894531,123.75,123.7699966430664,81057
2026-02-05 14:45:00+05:30,123.81999969482422,123.87999725341797,123.63999938964844,123.8499984741211,149180
2026-02-05 14:50:00+05:30,123.8499984741211,123.91000366210938,123.79000091552734,123.9000015258789,139776
2026-02-05 14:55:00+05:30,123.93000030517578,124.16999816894531,123.9000015258789,124.16999816894531,231149
2026-02-05 15:00:00+05:30,124.16000366210938,124.2699966430664,124.08000183105469,124.13999938964844,303840
2026-02-05 15:05:00+05:30,124.1500015258789,124.16000366210938,123.95999908447266,124.08999633789062,209155
2026-02-05 15:10:00+05:30,124.08999633789062,124.19000244140625,124.0199966430664,124.1500015258789,293015
2026-02-05 15:15:00+05:30,124.13999938964844,124.1500015258789,124.04000091552734,124.12000274658203,337704
2026-02-05 15:20:00+05:30,124.12999725341797,124.19000244140625,124.05000305175781,124.05999755859375,425912
2026-02-05 15:25:00+05:30,124.05999755859375,124.0999984741211,123.83000183105469,123.91000366210938,350428
2026-02-06 09:20:00+05:30,124.04000091552734,124.41999816894531,124.04000091552734,124.11000061035156,408269
2026-02-06 09:25:00+05:30,124.08999633789062,124.30000305175781,123.87999725341797,124.05000305175781,284821
2026-02-06 09:30:00+05:30,124.06999969482422,124.11000061035156,123.73999786376953,123.86000061035156,193645
2026-02-06 09:35:00+05:30,123.91000366210938,123.93000030517578,123.6500015258789,123.77999877929688,144821
2026-02-06 09:40:00+05:30,123.80000305175781,123.80000305175781,123.5,123.56999969482422,154955
2026-02-06 09:45:00+05:30,123.5,123.87999725341797,123.5,123.76000213623047,98689
2026-02-06 09:50:00+05:30,123.77999877929688,123.8499984741211,123.55999755859375,123.55999755859375,99163
2026-02-06 09:55:00+05:30,123.5199966430664,123.56999969482422,123.37999725341797,123.56999969482422,265493
2026-02-06 10:00:00+05:30,123.56999969482422,123.62999725341797,123.36000061035156,123.5,54216
2026-02-06 10:05:00+05:30,123.5,123.61000061035156,123.20999908447266,123.3499984741211,160621
2026-02-06 10:10:00+05:30,123.3499984741211,123.3499984741211,123.12999725341797,123.22000122070312,201291
2026-02-06 10:15:00+05:30,123.2699966430664,123.48999786376953,123.05999755859375,123.4800033569336,114350
2026-02-06 10:20:00+05:30,123.47000122070312,123.62999725341797,123.4000015258789,123.44999694824219,236847
2026-02-06 10:25:00+05:30,123.44999694824219,123.4800033569336,122.68000030517578,122.68000030517578,593840
2026-02-06 10:30:00+05:30,122.5999984741211,122.66999816894531,122.33000183105469,122.4000015258789,291781
2026-02-06 10:35:00+05:30,122.38999938964844,122.41000366210938,122.0999984741211,122.18000030517578,298061
2026-02-06 10:40:00+05:30,122.20999908447266,122.20999908447266,121.83000183105469,121.91999816894531,470269
2026-02-06 10:45:00+05:30,121.91999816894531,121.91999816894531,121.70999908447266,121.80999755859375,243624
2026-02-06 10:50:00+05:30,121.83000183105469,121.8499984741211,121.58999633789062,121.5999984741211,170889
2026-02-06 10:55:00+05:30,121.62999725341797,121.88999938964844,121.61000061035156,121.7699966430664,196180
2026-02-06 11:00:00+05:30,121.79000091552734,122.11000061035156,121.75,122.11000061035156,70985
2026-02-06 11:05:00+05:30,122.08999633789062,122.27999877929688,122.08999633789062,122.2699966430664,108287
2026-02-06 11:10:00+05:30,122.25,122.29000091552734,122.02999877929688,122.08000183105469,125785
2026-02-06 11:15:00+05:30,122.16000366210938,122.16000366210938,121.79000091552734,121.9000015258789,149092
2026-02-06 11:20:00+05:30,121.9000015258789,122.12000274658203,121.8499984741211,121.9800033569336,166726
2026-02-06 11:25:00+05:30,121.9800033569336,122.0999984741211,121.97000122070312,122.0,67318
2026-02-06 11:30:00+05:30,122.0,122.1500015258789,122.0,122.12999725341797,69802
2026-02-06 11:35:00+05:30,122.12999725341797,122.4000015258789,122.11000061035156,122.38999938964844,181207
2026-02-06 11:40:00+05:30,122.41999816894531,122.72000122070312,122.38999938964844,122.51000213623047,202883
2026-02-06 11:45:00+05:30,122.51000213623047,122.5999984741211,122.3499984741211,122.58999633789062,133340
2026-02-06 11:50:00+05:30,122.58999633789062,122.6500015258789,122.44000244140625,122.44000244140625,129331
2026-02-06 11:55:00+05:30,122.5,122.5,122.25,122.31999969482422,105335
2026-02-06 12:00:00+05:30,122.31999969482422,122.54000091552734,122.31999969482422,122.31999969482422,178956
2026-02-06 12:05:00+05:30,122.29000091552734,122.29000091552734,122.05000305175781,122.08000183105469,112313
2026-02-06 12:10:00+05:30,122.12000274658203,122.25,122.0,122.1500015258789,106271
2026-02-06 12:15:00+05:30,122.16000366210938,122.22000122070312,122.0,122.18000030517578,61872
2026-02-06 12:20:00+05:30,122.18000030517578,122.19000244140625,121.9000015258789,121.9000015258789,128894
2026-02-06 12:25:00+05:30,121.91999816894531,121.9800033569336,121.80000305175781,121.8499984741211,266922
2026-02-06 12:30:00+05:30,121.8499984741211,121.8499984741211,121.37000274658203,121.4000015258789,412148
2026-02-06 12:35:00+05:30,121.5,121.79000091552734,121.44000244140625,121.5,250520
2026-02-06 12:40:00+05:30,121.52999877929688,121.55999755859375,121.4000015258789,121.44999694824219,164132
2026-02-06 12:45:00+05:30,121.41000366210938,121.61000061035156,121.3499984741211,121.43000030517578,181920
2026-02-06 12:50:00+05:30,121.43000030517578,121.7300033569336,121.4000015258789,121.54000091552734,89549
2026-02-06 12:55:00+05:30,121.47000122070312,121.5999984741211,121.44000244140625,121.5999984741211,77232
2026-02-06 13:00:00+05:30,121.56999969482422,121.62000274658203,121.3499984741211,121.41999816894531,113565
2026-02-06 13:05:00+05:30,121.4000015258789,121.58000183105469,121.3499984741211,121.58000183105469,111597
2026-02-06 13:10:00+05:30,121.58000183105469,121.58000183105469,121.31999969482422,121.43000030517578,88505
2026-02-06 13:15:00+05:30,121.44000244140625,121.55000305175781,121.25,121.4000015258789,79857
2026-02-06 13:20:00+05:30,121.4000015258789,121.55000305175781,121.4000015258789,121.55000305175781,53557
2026-02-06 13:25:00+05:30,121.5,121.5,121.5,121.5,24052
2026-02-06 13:30:00+05:30,121.41000366210938,121.43000030517578,121.29000091552734,121.41999816894531,200313
2026-02-06 13:35:00+05:30,121.43000030517578,121.54000091552734,121.43000030517578,121.5,47449
2026-02-06 13:40:00+05:30,121.5,121.56999969482422,121.44000244140625,121.54000091552734,82423
2026-02-06 13:45:00+05:30,121.45999908447266,121.5999984741211,121.43000030517578,121.55000305175781,112974
2026-02-06 13:50:00+05:30,121.47000122070312,121.98999786376953,121.47000122070312,121.94999694824219,108666
2026-02-06 13:55:00+05:30,121.94999694824219,122.05000305175781,121.83999633789062,121.9800033569336,69103
2026-02-06 14:00:00+05:30,121.97000122070312,122.1500015258789,121.93000030517578,122.05000305175781,161996
2026-02-06 14:05:00+05:30,122.05000305175781,122.0999984741211,121.98999786376953,122.08000183105469,65694
2026-02-06 14:10:00+05:30,122.08000183105469,122.13999938964844,121.94999694824219,122.08999633789062,76515
2026-02-06 14:15:00+05:30,122.08999633789062,122.16000366210938,122.01000213623047,122.06999969482422,45410
2026-02-06 14:20:00+05:30,122.0999984741211,122.19999694824219,122.0,122.0,73343
2026-02-06 14:25:00+05:30,121.95999908447266,122.04000091552734,121.8499984741211,121.95999908447266,106351
2026-02-06 14:30:00+05:30,121.93000030517578,122.0999984741211,121.8499984741211,122.0999984741211,119097
2026-02-06 14:35:00+05:30,122.0999984741211,122.23999786376953,122.08000183105469,122.1500015258789,72710
2026-02-06 14:40:00+05:30,122.16000366210938,122.27999877929688,122.1500015258789,122.19999694824219,110759
2026-02-06 14:45:00+05:30,122.19999694824219,122.38999938964844,122.19000244140625,122.22000122070312,186898
2026-02-06 14:50:00+05:30,122.22000122070312,122.45999908447266,122.16000366210938,122.41999816894531,118242
2026-02-06 14:55:00+05:30,122.45999908447266,122.69999694824219,122.41000366210938,122.58999633789062,307625
2026-02-06 15:00:00+05:30,122.62999725341797,123.0,122.62999725341797,122.97000122070312,554034
2026-02-06 15:05:00+05:30,122.94999694824219,123.0199966430664,122.8499984741211,122.87000274658203,363604
2026-02-06 15:10:00+05:30,122.86000061035156,123.05999755859375,122.86000061035156,122.98999786376953,438804
2026-02-06 15:15:00+05:30,122.97000122070312,123.04000091552734,122.91000366210938,123.02999877929688,443189
2026-02-06 15:20:00+05:30,123.0,123.0,122.7300033569336,122.73999786376953,696794
2026-02-06 15:25:00+05:30,122.72000122070312,122.80000305175781,122.26000213623047,122.48999786376953,621656
2026-02-09 09:20:00+05:30,124.5,125.06999969482422,124.38999938964844,124.79000091552734,455773
2026-02-09 09:25:00+05:30,124.77999877929688,125.02999877929688,124.63999938964844,124.70999908447266,397013
2026-02-09 09:30:00+05:30,124.66000366210938,124.9800033569336,124.51000213623047,124.58000183105469,356477
2026-02-09 09:35:00+05:30,124.58000183105469,124.69000244140625,124.44000244140625,124.68000030517578,198430
2026-02-09 09:40:00+05:30,124.66999816894531,125.04000091552734,124.66999816894531,124.9000015258789,440070
2026-02-09 09:45:00+05:30,124.94999694824219,124.94999694824219,124.30000305175781,124.43000030517578,271418
2026-02-09 09:50:00+05:30,124.4000015258789,124.4000015258789,123.94999694824219,124.08999633789062,368353
2026-02-09 09:55:00+05:30,124.05999755859375,124.25,124.0,124.16000366210938,104391
2026-02-09 10:00:00+05:30,124.25,124.31999969482422,124.01000213623047,124.08999633789062,190883
2026-02-09 10:05:00+05:30,124.04000091552734,124.47000122070312,124.04000091552734,124.36000061035156,222147
2026-02-09 10:10:00+05:30,124.36000061035156,124.36000061035156,124.0199966430664,124.13999938964844,198806
2026-02-09 10:15:00+05:30,124.1500015258789,124.5999984741211,124.12999725341797,124.37999725341797,246140
2026-02-09 10:20:00+05:30,124.37999725341797,124.44999694824219,124.2300033569336,124.31999969482422,169898
2026-02-09 10:25:00+05:30,124.33000183105469,124.5,124.20999908447266,124.26000213623047,211142
2026-02-09 10:30:00+05:30,124.41999816894531,124.6500015258789,124.26000213623047,124.63999938964844,170333
2026-02-09 10:35:00+05:30,124.62000274658203,124.69999694824219,124.5999984741211,124.6500015258789,95137
2026-02-09 10:40:00+05:30,124.6500015258789,124.6500015258789,124.41999816894531,124.5,70108
2026-02-09 10:45:00+05:30,124.48999786376953,124.48999786376953,124.31999969482422,124.4000015258789,74333
2026-02-09 10:50:00+05:30,124.38999938964844,124.54000091552734,124.31999969482422,124.51000213623047,60018
2026-02-09 10:55:00+05:30,124.45999908447266,124.58999633789062,124.44999694824219,124.51000213623047,44773
2026-02-09 11:00:00+05:30,124.51000213623047,124.61000061035156,124.3499984741211,124.5999984741211,159912
2026-02-09 11:05:00+05:30,124.52999877929688,124.62000274658203,124.37000274658203,124.37000274658203,36818
2026-02-09 11:10:00+05:30,124.41999816894531,124.47000122070312,124.18000030517578,124.30000305175781,47427
2026-02-09 11:15:00+05:30,124.2699966430664,124.37000274658203,124.25,124.30999755859375,55382
2026-02-09 11:20:00+05:30,124.33999633789062,124.44000244140625,124.26000213623047,124.30999755859375,132126
2026-02-09 11:25:00+05:30,124.30999755859375,124.36000061035156,124.19999694824219,124.25,89090
2026-02-09 11:30:00+05:30,124.25,124.25,123.94999694824219,124.12999725341797,268026
2026-02-09 11:35:00+05:30,124.25,124.3499984741211,124.12999725341797,124.3499984741211,102879
2026-02-09 11:40:00+05:30,124.3499984741211,124.38999938964844,124.2699966430664,124.30000305175781,109387
2026-02-09 11:45:00+05:30,124.2699966430664,124.30000305175781,124.11000061035156,124.11000061035156,41582
2026-02-09 11:50:00+05:30,124.1500015258789,124.1500015258789,124.01000213623047,124.05000305175781,48520
2026-02-09 11:55:00+05:30,124.0999984741211,124.16999816894531,124.05000305175781,124.13999938964844,66462
2026-02-09 12:00:00+05:30,124.13999938964844,124.2300033569336,124.13999938964844,124.20999908447266,77266
2026-02-09 12:05:00+05:30,124.19999694824219,124.25,124.0,124.0,189066
2026-02-09 12:10:00+05:30,124.08000183105469,124.11000061035156,123.9800033569336,124.08000183105469,457421
2026-02-09 12:15:00+05:30,124.06999969482422,124.25,124.0,124.1500015258789,197808
2026-02-09 12:20:00+05:30,124.1500015258789,124.18000030517578,124.0199966430664,124.11000061035156,133691
2026-02-09 12:25:00+05:30,124.12999725341797,124.19000244140625,124.08999633789062,124.13999938964844,80168
2026-02-09 12:30:00+05:30,124.13999938964844,124.13999938964844,123.94999694824219,124.0,37700
2026-02-09 12:35:00+05:30,124.0,124.0,123.83000183105469,123.9000015258789,124370
2026-02-09 12:40:00+05:30,123.91000366210938,123.93000030517578,123.80999755859375,123.81999969482422,76388
2026-02-09 12:45:00+05:30,123.8499984741211,123.8499984741211,123.75,123.79000091552734,212257
2026-02-09 12:50:00+05:30,123.80000305175781,123.8499984741211,123.75,123.7699966430664,49986
2026-02-09 12:55:00+05:30,123.6500015258789,123.72000122070312,123.5,123.72000122070312,330844
2026-02-09 13:00:00+05:30,123.7300033569336,123.94999694824219,123.66999816894531,123.94999694824219,54356
2026-02-09 13:05:00+05:30,123.95999908447266,124.08999633789062,123.91999816894531,123.97000122070312,82023
2026-02-09 13:10:00+05:30,124.0,124.05000305175781,123.91000366210938,123.91999816894531,36053
2026-02-09 13:15:00+05:30,123.94999694824219,124.04000091552734,123.9000015258789,123.9800033569336,28497
2026-02-09 13:20:00+05:30,123.9800033569336,123.98999786376953,123.79000091552734,123.80999755859375,63385
2026-02-09 13:25:00+05:30,123.80999755859375,123.83999633789062,123.75,123.76000213623047,100336
2026-02-09 13:30:00+05:30,123.7699966430664,123.8499984741211,123.66999816894531,123.77999877929688,68267
2026-02-09 13:35:00+05:30,123.75,123.97000122070312,123.68000030517578,123.87999725341797,102995
2026-02-09 13:40:00+05:30,123.87000274658203,123.9000015258789,123.76000213623047,123.76000213623047,20547
2026-02-09 13:45:00+05:30,123.80999755859375,123.8499984741211,123.69999694824219,123.69999694824219,40651
2026-02-09 13:50:00+05:30,123.70999908447266,123.7699966430664,123.55999755859375,123.66000366210938,59601
2026-02-09 13:55:00+05:30,123.66000366210938,123.80000305175781,123.45999908447266,123.4800033569336,160965
2026-02-09 14:00:00+05:30,123.5,123.68000030517578,123.5,123.66000366210938,120411
2026-02-09 14:05:00+05:30,123.63999938964844,123.66999816894531,123.56999969482422,123.66999816894531,37780
2026-02-09 14:10:00+05:30,123.66999816894531,123.69000244140625,123.51000213623047,123.58999633789062,59115
2026-02-09 14:15:00+05:30,123.58999633789062,123.61000061035156,123.43000030517578,123.5199966430664,130856
2026-02-09 14:20:00+05:30,123.52999877929688,123.6500015258789,123.52999877929688,123.58000183105469,51805
2026-02-09 14:25:00+05:30,123.55999755859375,123.6500015258789,123.52999877929688,123.61000061035156,163300
2026-02-09 14:30:00+05:30,123.61000061035156,123.7699966430664,123.61000061035156,123.69999694824219,103725
2026-02-09 14:35:00+05:30,123.69999694824219,123.72000122070312,123.47000122070312,123.47000122070312,72411
2026-02-09 14:40:00+05:30,123.41999816894531,123.5,123.36000061035156,123.48999786376953,82371
2026-02-09 14:45:00+05:30,123.4800033569336,123.68000030517578,123.4000015258789,123.5,86440
2026-02-09 14:50:00+05:30,123.48999786376953,123.6500015258789,123.45999908447266,123.6500015258789,62491
2026-02-09 14:55:00+05:30,123.62999725341797,123.79000091552734,123.5999984741211,123.79000091552734,142737
2026-02-09 15:00:00+05:30,123.79000091552734,123.8499984741211,123.62000274658203,123.66999816894531,240479
2026-02-09 15:05:00+05:30,123.6500015258789,123.6500015258789,123.44999694824219,123.47000122070312,180376
2026-02-09 15:10:00+05:30,123.44999694824219,123.5,123.37000274658203,123.41000366210938,279025
2026-02-09 15:15:00+05:30,123.44999694824219,123.4800033569336,123.3499984741211,123.43000030517578,379531
2026-02-09 15:20:00+05:30,123.43000030517578,123.43000030517578,123.30000305175781,123.43000030517578,343938
2026-02-09 15:25:00+05:30,123.44000244140625,123.44999694824219,123.18000030517578,123.33999633789062,373903
2026-02-10 09:20:00+05:30,122.86000061035156,123.27999877929688,122.69999694824219,123.27999877929688,430750
2026-02-10 09:25:00+05:30,123.22000122070312,123.37999725341797,123.0999984741211,123.30000305175781,256095
2026-02-10 09:30:00+05:30,123.30000305175781,123.44999694824219,123.11000061035156,123.44999694824219,125485
2026-02-10 09:35:00+05:30,123.44999694824219,123.58000183105469,123.31999969482422,123.4000015258789,199543
2026-02-10 09:40:00+05:30,123.45999908447266,123.55000305175781,123.37000274658203,123.51000213623047,63111
2026-02-10 09:45:00+05:30,123.5,123.58999633789062,123.43000030517578,123.4800033569336,103571
2026-02-10 09:50:00+05:30,123.45999908447266,123.5,123.30999755859375,123.37999725341797,126463
2026-02-10 09:55:00+05:30,123.31999969482422,123.5,123.20999908447266,123.44000244140625,119771
2026-02-10 10:00:00+05:30,123.44000244140625,123.69000244140625,123.44000244140625,123.66999816894531,149232
2026-02-10 10:05:00+05:30,123.68000030517578,123.8499984741211,123.61000061035156,123.63999938964844,180426
2026-02-10 10:10:00+05:30,123.63999938964844,123.97000122070312,123.51000213623047,123.76000213623047,493771
2026-02-10 10:15:00+05:30,123.79000091552734,123.8499984741211,123.61000061035156,123.76000213623047,86752
2026-02-10 10:20:00+05:30,123.73999786376953,123.80000305175781,123.62999725341797,123.80000305175781,60481
2026-02-10 10:25:00+05:30,123.79000091552734,123.83999633789062,123.69999694824219,123.80000305175781,258030
2026-02-10 10:30:00+05:30,123.76000213623047,123.7699966430664,123.5999984741211,123.73999786376953,97432
2026-02-10 10:35:00+05:30,123.75,123.93000030517578,123.75,123.9000015258789,72581
2026-02-10 10:40:00+05:30,123.9000015258789,124.0,123.83000183105469,123.83000183105469,141871
2026-02-10 10:45:00+05:30,123.83000183105469,123.88999938964844,123.6500015258789,123.6500015258789,59144
2026-02-10 10:50:00+05:30,123.69000244140625,123.80000305175781,123.6500015258789,123.73999786376953,49185
2026-02-10 10:55:00+05:30,123.72000122070312,123.75,123.69000244140625,123.69999694824219,25115
2026-02-10 11:00:00+05:30,123.69999694824219,123.7300033569336,123.52999877929688,123.66999816894531,82498
2026-02-10 11:05:00+05:30,123.62999725341797,123.69000244140625,123.62999725341797,123.6500015258789,15953
2026-02-10 11:10:00+05:30,123.66999816894531,123.7300033569336,123.6500015258789,123.68000030517578,20375
2026-02-10 11:15:00+05:30,123.68000030517578,123.79000091552734,123.55999755859375,123.55999755859375,59248
2026-02-10 11:20:00+05:30,123.55999755859375,123.55999755859375,123.30999755859375,123.36000061035156,396889
2026-02-10 11:25:00+05:30,123.3499984741211,123.45999908447266,123.26000213623047,123.44999694824219,186835
2026-02-10 11:30:00+05:30,123.44999694824219,123.56999969482422,123.41000366210938,123.54000091552734,42203
2026-02-10 11:35:00+05:30,123.55000305175781,123.55000305175781,123.31999969482422,123.43000030517578,158635
2026-02-10 11:40:00+05:30,123.43000030517578,123.43000030517578,123.2699966430664,123.31999969482422,200779
2026-02-10 11:45:00+05:30,123.36000061035156,123.36000061035156,123.25,123.25,272419
2026-02-10 11:50:00+05:30,123.25,123.37999725341797,123.12999725341797,123.31999969482422,274879
2026-02-10 11:55:00+05:30,123.31999969482422,123.48999786376953,123.31999969482422,123.44999694824219,114884
2026-02-10 12:00:00+05:30,123.44000244140625,123.44000244140625,123.3499984741211,123.44000244140625,53756
2026-02-10 12:05:00+05:30,123.4000015258789,123.4000015258789,123.30999755859375,123.33000183105469,46253
2026-02-10 12:10:00+05:30,123.33000183105469,123.38999938964844,123.30999755859375,123.36000061035156,34941
2026-02-10 12:15:00+05:30,123.36000061035156,123.43000030517578,123.29000091552734,123.43000030517578,119191
2026-02-10 12:20:00+05:30,123.37000274658203,123.38999938964844,123.19999694824219,123.26000213623047,236892
2026-02-10 12:25:00+05:30,123.29000091552734,123.3499984741211,123.2300033569336,123.26000213623047,68398
2026-02-10 12:30:00+05:30,123.2699966430664,123.44999694824219,123.26000213623047,123.38999938964844,110378
2026-02-10 12:35:00+05:30,123.43000030517578,123.43000030517578,123.30000305175781,123.30999755859375,58416
2026-02-10 12:40:00+05:30,123.33999633789062,123.5,123.33999633789062,123.3499984741211,161541
2026-02-10 12:45:00+05:30,123.33999633789062,123.44000244140625,123.30000305175781,123.3499984741211,49160
2026-02-10 12:50:00+05:30,123.30000305175781,123.66000366210938,123.30000305175781,123.61000061035156,180579
2026-02-10 12:55:00+05:30,123.5999984741211,123.80999755859375,123.5,123.73999786376953,157480
2026-02-10 13:00:00+05:30,123.7300033569336,123.79000091552734,123.51000213623047,123.51000213623047,166155
2026-02-10 13:05:00+05:30,123.41000366210938,123.54000091552734,123.4000015258789,123.51000213623047,143373
2026-02-10 13:10:00+05:30,123.52999877929688,123.6500015258789,123.52999877929688,123.61000061035156,77311
2026-02-10 13:15:00+05:30,123.56999969482422,123.63999938964844,123.43000030517578,123.45999908447266,127757
2026-02-10 13:20:00+05:30,123.51000213623047,123.5199966430664,123.33999633789062,123.3499984741211,80408
2026-02-10 13:25:00+05:30,123.3499984741211,123.47000122070312,123.33999633789062,123.4000015258789,85445
2026-02-10 13:30:00+05:30,123.4000015258789,123.44000244140625,123.22000122070312,123.36000061035156,81867
2026-02-10 13:35:00+05:30,123.33000183105469,123.3499984741211,123.1500015258789,123.25,98533
2026-02-10 13:40:00+05:30,123.30000305175781,123.37999725341797,123.19000244140625,123.27999877929688,97474
2026-02-10 13:45:00+05:30,123.29000091552734,123.37999725341797,123.25,123.29000091552734,81116
2026-02-10 13:50:00+05:30,123.30000305175781,123.45999908447266,123.27999877929688,123.44999694824219,93285
2026-02-10 13:55:00+05:30,123.4000015258789,123.45999908447266,123.38999938964844,123.38999938964844,88408
2026-02-10 14:00:00+05:30,123.4000015258789,123.44999694824219,123.30999755859375,123.33000183105469,64154
2026-02-10 14:05:00+05:30,123.33000183105469,123.5199966430664,123.33000183105469,123.48999786376953,172023
2026-02-10 14:10:00+05:30,123.48999786376953,123.52999877929688,123.41000366210938,123.44999694824219,85241
2026-02-10 14:15:00+05:30,123.5,123.55999755859375,123.41999816894531,123.5,95396
2026-02-10 14:20:00+05:30,123.5,123.54000091552734,123.43000030517578,123.51000213623047,74293
2026-02-10 14:25:00+05:30,123.51000213623047,123.51000213623047,123.43000030517578,123.44000244140625,78693
2026-02-10 14:30:00+05:30,123.44999694824219,123.44999694824219,123.31999969482422,123.33999633789062,51323
2026-02-10 14:35:00+05:30,123.33999633789062,123.47000122070312,123.2699966430664,123.30000305175781,60219
2026-02-10 14:40:00+05:30,123.27999877929688,123.30000305175781,123.08999633789062,123.18000030517578,102650
2026-02-10 14:45:00+05:30,123.19999694824219,123.25,122.94999694824219,123.0,268074
2026-02-10 14:50:00+05:30,123.0,123.06999969482422,122.98999786376953,123.0,185210
2026-02-10 14:55:00+05:30,123.0,123.08000183105469,122.95999908447266,123.01000213623047,252165
2026-02-10 15:00:00+05:30,123.19999694824219,123.25,123.0999984741211,123.0999984741211,314821
2026-02-10 15:05:00+05:30,123.0999984741211,123.13999938964844,122.9000015258789,122.91999816894531,274902
2026-02-10 15:10:00+05:30,122.93000030517578,123.0,122.86000061035156,122.88999938964844,536966
2026-02-10 15:15:00+05:30,122.88999938964844,123.0199966430664,122.83000183105469,122.94000244140625,614437
2026-02-10 15:20:00+05:30,122.94000244140625,122.94999694824219,122.87000274658203,122.93000030517578,249628
2026-02-10 15:25:00+05:30,122.94000244140625,123.08000183105469,122.91000366210938,122.91999816894531,308104
2026-02-11 09:20:00+05:30,122.94999694824219,122.94999694824219,122.2300033569336,122.30000305175781,373089
2026-02-11 09:25:00+05:30,122.27999877929688,122.30999755859375,121.80000305175781,121.80999755859375,608332
2026-02-11 09:30:00+05:30,121.87000274658203,121.87000274658203,121.37000274658203,121.44999694824219,389674
2026-02-11 09:35:00+05:30,121.44999694824219,121.58999633789062,121.25,121.30999755859375,277800
2026-02-11 09:40:00+05:30,121.30999755859375,121.44999694824219,121.25,121.31999969482422,360349
2026-02-11 09:45:00+05:30,121.31999969482422,121.41000366210938,121.19999694824219,121.20999908447266,254435
2026-02-11 09:50:00+05:30,121.20999908447266,121.33000183105469,121.1500015258789,121.33000183105469,160184
2026-02-11 09:55:00+05:30,121.33000183105469,121.48999786376953,121.33000183105469,121.38999938964844,226115
2026-02-11 10:00:00+05:30,121.38999938964844,121.38999938964844,121.2699966430664,121.30999755859375,162078
2026-02-11 10:05:00+05:30,121.2699966430664,121.30000305175781,121.1500015258789,121.30000305175781,246931
2026-02-11 10:10:00+05:30,121.3499984741211,121.54000091552734,121.20999908447266,121.2699966430664,252677
2026-02-11 10:15:00+05:30,121.30000305175781,121.43000030517578,121.25,121.38999938964844,66855
2026-02-11 10:20:00+05:30,121.43000030517578,121.58999633789062,121.33000183105469,121.54000091552734,172621
2026-02-11 10:25:00+05:30,121.55000305175781,121.88999938964844,121.43000030517578,121.87999725341797,224630
2026-02-11 10:30:00+05:30,121.91999816894531,122.38999938964844,121.91999816894531,122.26000213623047,690943
2026-02-11 10:35:00+05:30,122.26000213623047,122.48999786376953,122.01000213623047,122.19000244140625,522654
2026-02-11 10:40:00+05:30,122.19000244140625,122.3499984741211,122.16000366210938,122.27999877929688,181194
2026-02-11 10:45:00+05:30,122.22000122070312,122.45999908447266,122.22000122070312,122.44999694824219,211332
2026-02-11 10:50:00+05:30,122.43000030517578,122.4800033569336,122.38999938964844,122.4000015258789,196267
2026-02-11 10:55:00+05:30,122.41000366210938,122.58000183105469,122.30000305175781,122.3499984741211,203038
2026-02-11 11:00:00+05:30,122.3499984741211,122.41999816894531,122.16000366210938,122.4000015258789,135662
2026-02-11 11:05:00+05:30,122.37999725341797,122.55000305175781,122.16999816894531,122.19999694824219,99936
2026-02-11 11:10:00+05:30,122.25,122.4800033569336,122.16999816894531,122.4800033569336,158477
2026-02-11 11:15:00+05:30,122.47000122070312,122.76000213623047,122.45999908447266,122.55000305175781,293043
2026-02-11 11:20:00+05:30,122.58000183105469,122.69000244140625,122.51000213623047,122.61000061035156,111365
2026-02-11 11:25:00+05:30,122.66000366210938,122.83000183105469,122.62999725341797,122.7300033569336,220182
2026-02-11 11:30:00+05:30,122.7300033569336,122.8499984741211,122.66999816894531,122.66999816894531,183127
2026-02-11 11:35:00+05:30,122.6500015258789,122.83999633789062,122.5199966430664,122.5199966430664,150302
2026-02-11 11:40:00+05:30,122.58999633789062,122.6500015258789,122.55000305175781,122.55000305175781,102582
2026-02-11 11:45:00+05:30,122.55000305175781,122.62999725341797,122.5199966430664,122.54000091552734,108484
2026-02-11 11:50:00+05:30,122.56999969482422,122.56999969482422,122.45999908447266,122.4800033569336,98466
2026-02-11 11:55:00+05:30,122.47000122070312,122.63999938964844,122.44999694824219,122.5199966430664,62050
2026-02-11 12:00:00+05:30,122.5199966430664,122.54000091552734,122.5,122.51000213623047,41605
2026-02-11 12:05:00+05:30,122.51000213623047,122.55999755859375,122.37000274658203,122.41000366210938,238539
2026-02-11 12:10:00+05:30,122.43000030517578,122.63999938964844,122.43000030517578,122.62000274658203,87508
2026-02-11 12:15:00+05:30,122.58999633789062,122.62000274658203,122.41999816894531,122.48999786376953,58179
2026-02-11 12:20:00+05:30,122.48999786376953,122.5,122.36000061035156,122.45999908447266,67071
2026-02-11 12:25:00+05:30,122.48999786376953,122.56999969482422,122.41000366210938,122.54000091552734,39723
2026-02-11 12:30:00+05:30,122.52999877929688,122.77999877929688,122.52999877929688,122.69999694824219,78812
2026-02-11 12:35:00+05:30,122.69000244140625,122.83999633789062,122.5999984741211,122.63999938964844,150309
2026-02-11 12:40:00+05:30,122.61000061035156,122.66000366210938,122.44999694824219,122.44999694824219,53610
2026-02-11 12:45:00+05:30,122.44999694824219,122.51000213623047,122.33999633789062,122.51000213623047,90923
2026-02-11 12:50:00+05:30,122.5199966430664,122.58000183105469,122.45999908447266,122.5,97945
2026-02-11 12:55:00+05:30,122.48999786376953,122.91999816894531,122.47000122070312,122.75,390917
2026-02-11 13:00:00+05:30,122.80000305175781,122.91999816894531,122.66000366210938,122.75,155613
2026-02-11 13:05:00+05:30,122.73999786376953,122.94000244140625,122.7300033569336,122.87999725341797,89164
2026-02-11 13:10:00+05:30,122.86000061035156,122.94999694824219,122.79000091552734,122.8499984741211,75877
2026-02-11 13:15:00+05:30,122.83999633789062,122.91000366210938,122.81999969482422,122.91000366210938,66126
2026-02-11 13:20:00+05:30,122.91999816894531,122.9800033569336,122.68000030517578,122.70999908447266,162865
2026-02-11 13:25:00+05:30,122.70999908447266,122.79000091552734,122.69000244140625,122.77999877929688,30116
2026-02-11 13:30:00+05:30,122.80000305175781,123.0999984741211,122.79000091552734,123.08000183105469,164725
2026-02-11 13:35:00+05:30,123.0999984741211,123.23999786376953,123.08000183105469,123.11000061035156,158918
2026-02-11 13:40:00+05:30,123.11000061035156,123.13999938964844,122.94999694824219,123.0,106719
2026-02-11 13:45:00+05:30,123.0,123.05999755859375,122.91999816894531,122.94999694824219,74560
2026-02-11 13:50:00+05:30,122.98999786376953,123.04000091552734,122.9000015258789,123.0,96693
2026-02-11 13:55:00+05:30,123.04000091552734,123.1500015258789,123.0,123.12000274658203,73183
2026-02-11 14:00:00+05:30,123.12999725341797,123.38999938964844,123.12999725341797,123.30999755859375,379583
2026-02-11 14:05:00+05:30,123.29000091552734,123.4800033569336,123.22000122070312,123.43000030517578,334460
2026-02-11 14:10:00+05:30,123.43000030517578,123.4800033569336,123.30000305175781,123.4000015258789,143928
2026-02-11 14:15:00+05:30,123.37000274658203,123.72000122070312,123.37000274658203,123.62000274658203,438777
2026-02-11 14:20:00+05:30,123.61000061035156,123.63999938964844,123.30000305175781,123.33999633789062,280408
2026-02-11 14:25:00+05:30,123.33000183105469,123.41999816894531,123.26000213623047,123.26000213623047,84935
2026-02-11 14:30:00+05:30,123.23999786376953,123.29000091552734,123.12999725341797,123.23999786376953,134280
2026-02-11 14:35:00+05:30,123.29000091552734,123.30000305175781,123.12000274658203,123.12000274658203,69647
2026-02-11 14:40:00+05:30,123.0999984741211,123.0999984741211,122.95999908447266,123.0199966430664,200106
2026-02-11 14:45:00+05:30,123.01000213623047,123.01000213623047,122.80999755859375,122.80999755859375,155456
2026-02-11 14:50:00+05:30,122.80999755859375,123.05000305175781,122.80999755859375,123.0,139257
2026-02-11 14:55:00+05:30,123.0,123.1500015258789,122.98999786376953,123.01000213623047,147267
2026-02-11 15:00:00+05:30,123.0199966430664,123.08999633789062,122.87000274658203,122.87000274658203,245011
2026-02-11 15:05:00+05:30,122.87000274658203,122.94999694824219,122.87000274658203,122.91000366210938,143842
2026-02-11 15:10:00+05:30,122.91000366210938,122.9800033569336,122.88999938964844,122.93000030517578,156217
2026-02-11 15:15:00+05:30,122.9000015258789,122.9800033569336,122.88999938964844,122.9000015258789,260490
2026-02-11 15:20:00+05:30,122.93000030517578,122.9800033569336,122.80999755859375,122.9000015258789,339229
2026-02-11 15:25:00+05:30,122.9000015258789,122.91000366210938,122.66999816894531,122.91000366210938,229326
2026-02-12 09:20:00+05:30,122.2699966430664,122.38999938964844,121.80000305175781,121.88999938964844,648114
2026-02-12 09:25:00+05:30,121.88999938964844,121.97000122070312,121.75,121.87000274658203,333379
2026-02-12 09:30:00+05:30,121.7699966430664,122.05000305175781,121.69999694824219,122.05000305175781,229081
2026-02-12 09:35:00+05:30,122.04000091552734,122.31999969482422,121.83999633789062,121.95999908447266,791835
2026-02-12 09:40:00+05:30,121.91000366210938,122.04000091552734,121.77999877929688,121.94999694824219,310423
2026-02-12 09:45:00+05:30,121.97000122070312,122.13999938964844,121.91999816894531,122.13999938964844,195951
2026-02-12 09:50:00+05:30,122.11000061035156,122.4000015258789,122.08999633789062,122.33999633789062,159281
2026-02-12 09:55:00+05:30,122.31999969482422,122.6500015258789,122.23999786376953,122.47000122070312,417627
2026-02-12 10:00:00+05:30,122.5,122.5,122.26000213623047,122.41000366210938,197348
2026-02-12 10:05:00+05:30,122.36000061035156,122.36000061035156,122.12000274658203,122.26000213623047,98266
2026-02-12 10:10:00+05:30,122.23999786376953,122.4800033569336,122.13999938964844,122.19999694824219,445673
2026-02-12 10:15:00+05:30,122.26000213623047,122.26000213623047,122.01000213623047,122.16000366210938,189380
2026-02-12 10:20:00+05:30,122.1500015258789,122.31999969482422,122.12000274658203,122.29000091552734,112844
2026-02-12 10:25:00+05:30,122.29000091552734,122.29000091552734,121.95999908447266,122.1500015258789,144647
2026-02-12 10:30:00+05:30,122.19000244140625,122.22000122070312,122.0,122.05000305175781,101138
2026-02-12 10:35:00+05:30,122.02999877929688,122.08000183105469,121.81999969482422,121.8499984741211,220742
2026-02-12 10:40:00+05:30,121.87000274658203,121.94000244140625,121.75,121.80000305175781,128235
2026-02-12 10:45:00+05:30,121.7699966430664,121.83999633789062,121.70999908447266,121.77999877929688,100286
2026-02-12 10:50:00+05:30,121.77999877929688,121.80999755859375,121.75,121.77999877929688,87962
2026-02-12 10:55:00+05:30,121.7699966430664,121.83999633789062,121.69999694824219,121.83999633789062,109859
2026-02-12 11:00:00+05:30,121.83999633789062,121.86000061035156,121.70999908447266,121.75,73824
2026-02-12 11:05:00+05:30,121.75,121.80000305175781,121.62000274658203,121.69999694824219,106325
2026-02-12 11:10:00+05:30,121.66999816894531,121.69999694824219,121.55000305175781,121.56999969482422,278706
2026-02-12 11:15:00+05:30,121.58999633789062,121.5999984741211,121.4000015258789,121.41000366210938,341036
2026-02-12 11:20:00+05:30,121.41000366210938,121.44999694824219,121.22000122070312,121.31999969482422,359056
2026-02-12 11:25:00+05:30,121.30000305175781,121.36000061035156,121.2300033569336,121.2300033569336,253818
2026-02-12 11:30:00+05:30,121.25,121.25,121.12000274658203,121.12000274658203,225386
2026-02-12 11:35:00+05:30,121.1500015258789,121.30000305175781,121.05999755859375,121.0999984741211,217556
2026-02-12 11:40:00+05:30,121.0999984741211,121.45999908447266,121.0999984741211,121.37000274658203,169113
2026-02-12 11:45:00+05:30,121.41000366210938,121.47000122070312,121.33000183105469,121.43000030517578,78045
2026-02-12 11:50:00+05:30,121.41000366210938,121.41000366210938,121.16999816894531,121.2699966430664,87997
2026-02-12 11:55:00+05:30,121.29000091552734,121.29000091552734,121.16000366210938,121.25,57675
2026-02-12 12:00:00+05:30,121.23999786376953,121.23999786376953,121.04000091552734,121.04000091552734,179488
2026-02-12 12:05:00+05:30,121.05000305175781,121.08000183105469,120.9000015258789,121.0199966430664,327000
2026-02-12 12:10:00+05:30,121.0199966430664,121.04000091552734,120.88999938964844,121.0,115964
2026-02-12 12:15:00+05:30,121.0,121.11000061035156,120.98999786376953,121.05999755859375,56750
2026-02-12 12:20:00+05:30,121.0999984741211,121.33999633789062,121.0999984741211,121.27999877929688,101342
2026-02-12 12:25:00+05:30,121.27999877929688,121.30000305175781,121.22000122070312,121.22000122070312,68742
2026-02-12 12:30:00+05:30,121.25,121.55000305175781,121.22000122070312,121.44999694824219,112627
2026-02-12 12:35:00+05:30,121.44999694824219,121.44999694824219,121.18000030517578,121.20999908447266,74433
2026-02-12 12:40:00+05:30,121.19999694824219,121.25,121.0999984741211,121.19999694824219,49515
2026-02-12 12:45:00+05:30,121.2300033569336,121.30000305175781,121.22000122070312,121.25,65562
2026-02-12 12:50:00+05:30,121.25,121.33999633789062,121.20999908447266,121.20999908447266,76123
2026-02-12 12:55:00+05:30,121.25,121.30000305175781,121.19999694824219,121.25,47991
2026-02-12 13:00:00+05:30,121.20999908447266,121.43000030517578,121.20999908447266,121.31999969482422,51381
2026-02-12 13:05:00+05:30,121.30999755859375,121.37000274658203,121.2300033569336,121.2699966430664,43548
2026-02-12 13:10:00+05:30,121.33000183105469,121.33000183105469,121.1500015258789,121.19999694824219,55601
2026-02-12 13:15:00+05:30,121.2300033569336,121.5199966430664,121.2300033569336,121.51000213623047,153365
2026-02-12 13:20:00+05:30,121.51000213623047,121.51000213623047,121.33000183105469,121.36000061035156,68373
2026-02-12 13:25:00+05:30,121.36000061035156,121.44999694824219,121.23999786376953,121.23999786376953,105379
2026-02-12 13:30:00+05:30,121.23999786376953,121.30999755859375,121.19999694824219,121.2300033569336,71352
2026-02-12 13:35:00+05:30,121.2300033569336,121.33000183105469,121.19999694824219,121.30000305175781,53585
2026-02-12 13:40:00+05:30,121.2699966430664,121.29000091552734,121.16999816894531,121.26000213623047,74789
2026-02-12 13:45:00+05:30,121.26000213623047,121.36000061035156,121.20999908447266,121.22000122070312,82049
2026-02-12 13:50:00+05:30,121.25,121.30000305175781,121.08999633789062,121.19999694824219,166177
2026-02-12 13:55:00+05:30,121.19999694824219,121.3499984741211,121.1500015258789,121.30999755859375,37108
2026-02-12 14:00:00+05:30,121.44999694824219,121.44999694824219,121.18000030517578,121.20999908447266,147014
2026-02-12 14:05:00+05:30,121.20999908447266,121.29000091552734,121.19999694824219,121.2300033569336,73483
2026-02-12 14:10:00+05:30,121.25,121.2699966430664,121.19000244140625,121.25,58252
2026-02-12 14:15:00+05:30,121.2699966430664,121.2699966430664,120.91000366210938,121.0,252132
2026-02-12 14:20:00+05:30,120.98999786376953,121.11000061035156,120.95999908447266,121.08000183105469,141343
2026-02-12 14:25:00+05:30,121.08000183105469,121.22000122070312,121.05000305175781,121.1500015258789,64850
2026-02-12 14:30:00+05:30,121.13999938964844,121.20999908447266,121.04000091552734,121.04000091552734,75305
2026-02-12 14:35:00+05:30,121.08999633789062,121.1500015258789,121.01000213623047,121.06999969482422,54594
2026-02-12 14:40:00+05:30,121.06999969482422,121.08999633789062,120.94999694824219,121.0,189075
2026-02-12 14:45:00+05:30,120.95999908447266,120.9800033569336,120.55000305175781,120.62000274658203,436093
2026-02-12 14:50:00+05:30,120.55000305175781,120.8499984741211,120.55000305175781,120.8499984741211,132513
2026-02-12 14:55:00+05:30,120.81999969482422,120.87000274658203,120.70999908447266,120.80000305175781,261689
2026-02-12 15:00:00+05:30,120.8499984741211,121.1500015258789,120.83000183105469,120.94999694824219,449633
2026-02-12 15:05:00+05:30,120.95999908447266,121.12000274658203,120.94999694824219,121.08000183105469,406983
2026-02-12 15:10:00+05:30,121.08999633789062,121.12999725341797,120.98999786376953,121.0199966430664,398219
2026-02-12 15:15:00+05:30,121.01000213623047,121.1500015258789,120.9000015258789,121.0,995074
2026-02-12 15:20:00+05:30,121.0,121.0,120.83000183105469,120.8499984741211,693892
2026-02-12 15:25:00+05:30,120.87000274658203,120.95999908447266,120.69999694824219,120.95999908447266,478093
2026-02-13 09:20:00+05:30,119.7300033569336,119.9000015258789,119.55999755859375,119.77999877929688,264675
2026-02-13 09:25:00+05:30,119.80000305175781,119.80000305175781,119.5,119.51000213623047,286154
2026-02-13 09:30:00+05:30,119.48999786376953,119.48999786376953,119.19999694824219,119.33999633789062,284530
2026-02-13 09:35:00+05:30,119.4000015258789,119.43000030517578,118.72000122070312,118.80000305175781,530937
2026-02-13 09:40:00+05:30,118.83000183105469,119.4000015258789,118.7300033569336,119.38999938964844,196336
2026-02-13 09:45:00+05:30,119.30999755859375,119.31999969482422,118.97000122070312,119.0199966430664,288818
2026-02-13 09:50:00+05:30,119.0,119.33999633789062,118.93000030517578,119.25,134012
2026-02-13 09:55:00+05:30,119.25,119.30000305175781,119.0999984741211,119.11000061035156,100040
2026-02-13 10:00:00+05:30,119.06999969482422,119.12999725341797,118.93000030517578,119.05999755859375,175152
2026-02-13 10:05:00+05:30,119.05999755859375,119.13999938964844,118.8499984741211,118.88999938964844,161030
2026-02-13 10:10:00+05:30,118.83000183105469,118.97000122070312,118.75,118.87999725341797,266182
2026-02-13 10:15:00+05:30,118.80000305175781,118.80000305175781,118.51000213623047,118.61000061035156,435508
2026-02-13 10:20:00+05:30,118.5999984741211,118.77999877929688,118.4800033569336,118.77999877929688,353157
2026-02-13 10:25:00+05:30,118.7699966430664,118.95999908447266,118.7699966430664,118.9000015258789,127989
2026-02-13 10:30:00+05:30,118.8499984741211,119.30000305175781,118.80999755859375,119.30000305175781,160760
2026-02-13 10:35:00+05:30,119.25,119.54000091552734,119.25,119.5,234063
2026-02-13 10:40:00+05:30,119.45999908447266,119.5999984741211,119.38999938964844,119.47000122070312,268007
2026-02-13 10:45:00+05:30,119.51000213623047,119.54000091552734,119.33999633789062,119.33999633789062,129758
2026-02-13 10:50:00+05:30,119.26000213623047,119.3499984741211,119.18000030517578,119.19000244140625,90301
2026-02-13 10:55:00+05:30,119.18000030517578,119.30000305175781,119.0999984741211,119.19000244140625,44062
2026-02-13 11:00:00+05:30,119.13999938964844,119.19000244140625,118.8499984741211,118.94000244140625,113396
2026-02-13 11:05:00+05:30,118.94000244140625,118.97000122070312,118.77999877929688,118.83999633789062,125905
2026-02-13 11:10:00+05:30,118.80000305175781,119.0199966430664,118.80000305175781,119.0,46774
2026-02-13 11:15:00+05:30,118.9800033569336,119.05999755859375,118.8499984741211,118.94000244140625,75313
2026-02-13 11:20:00+05:30,118.88999938964844,118.94999694824219,118.75,118.77999877929688,62405
2026-02-13 11:25:00+05:30,118.80000305175781,118.94999694824219,118.75,118.87999725341797,75804
2026-02-13 11:30:00+05:30,118.87999725341797,118.87999725341797,118.66000366210938,118.70999908447266,88891
2026-02-13 11:35:00+05:30,118.69999694824219,118.80999755859375,118.66000366210938,118.80999755859375,74208
2026-02-13 11:40:00+05:30,118.76000213623047,118.76000213623047,118.5999984741211,118.72000122070312,95779
2026-02-13 11:45:00+05:30,118.7300033569336,118.86000061035156,118.7300033569336,118.7699966430664,56658
2026-02-13 11:50:00+05:30,118.73999786376953,118.81999969482422,118.61000061035156,118.69999694824219,54374
2026-02-13 11:55:00+05:30,118.69999694824219,118.80999755859375,118.66000366210938,118.75,55145
2026-02-13 12:00:00+05:30,118.80000305175781,118.98999786376953,118.80000305175781,118.86000061035156,126483
2026-02-13 12:05:00+05:30,118.86000061035156,119.04000091552734,118.81999969482422,118.95999908447266,116978
2026-02-13 12:10:00+05:30,118.95999908447266,119.0999984741211,118.94999694824219,119.0999984741211,42200
2026-02-13 12:15:00+05:30,119.08000183105469,119.08999633789062,119.0,119.06999969482422,60806
2026-02-13 12:20:00+05:30,119.06999969482422,119.25,119.05000305175781,119.25,117151
2026-02-13 12:25:00+05:30,119.20999908447266,119.43000030517578,119.1500015258789,119.16999816894531,278673
2026-02-13 12:30:00+05:30,119.16999816894531,119.3499984741211,119.13999938964844,119.3499984741211,58231
2026-02-13 12:35:00+05:30,119.3499984741211,119.3499984741211,119.19999694824219,119.2300033569336,54171
2026-02-13 12:40:00+05:30,119.20999908447266,119.31999969482422,119.20999908447266,119.30999755859375,109235
2026-02-13 12:45:00+05:30,119.26000213623047,119.3499984741211,119.18000030517578,119.18000030517578,76009
2026-02-13 12:50:00+05:30,119.18000030517578,119.18000030517578,119.0,119.02999877929688,77191
2026-02-13 12:55:00+05:30,119.02999877929688,119.08000183105469,118.69999694824219,118.70999908447266,269618
2026-02-13 13:00:00+05:30,118.76000213623047,118.76000213623047,118.62999725341797,118.72000122070312,165249
2026-02-13 13:05:00+05:30,118.72000122070312,118.91999816894531,118.6500015258789,118.88999938964844,74464
2026-02-13 13:10:00+05:30,118.86000061035156,119.06999969482422,118.86000061035156,118.94999694824219,59320
2026-02-13 13:15:00+05:30,118.91999816894531,119.05000305175781,118.91999816894531,119.02999877929688,60484
2026-02-13 13:20:00+05:30,119.0199966430664,119.0199966430664,118.6500015258789,118.7699966430664,557238
2026-02-13 13:25:00+05:30,118.70999908447266,118.70999908447266,118.41999816894531,118.47000122070312,599706
2026-02-13 13:30:00+05:30,118.45999908447266,118.48999786376953,118.30000305175781,118.48999786376953,293414
2026-02-13 13:35:00+05:30,118.45999908447266,118.70999908447266,118.44999694824219,118.66000366210938,318227
2026-02-13 13:40:00+05:30,118.72000122070312,118.77999877929688,118.61000061035156,118.6500015258789,144782
2026-02-13 13:45:00+05:30,118.6500015258789,118.70999908447266,118.51000213623047,118.54000091552734,147113
2026-02-13 13:50:00+05:30,118.55000305175781,118.5999984741211,118.44999694824219,118.56999969482422,152754
2026-02-13 13:55:00+05:30,118.52999877929688,118.69999694824219,118.52999877929688,118.69000244140625,94045
2026-02-13 14:00:00+05:30,118.66999816894531,118.66999816894531,118.52999877929688,118.62999725341797,90224
2026-02-13 14:05:00+05:30,118.58999633789062,118.80000305175781,118.58999633789062,118.5999984741211,190211
2026-02-13 14:10:00+05:30,118.5999984741211,119.05000305175781,118.58000183105469,118.83000183105469,373720
2026-02-13 14:15:00+05:30,118.87999725341797,118.97000122070312,118.81999969482422,118.83000183105469,109566
2026-02-13 14:20:00+05:30,118.83000183105469,118.91999816894531,118.7699966430664,118.83000183105469,205709
2026-02-13 14:25:00+05:30,118.86000061035156,118.9800033569336,118.70999908447266,118.70999908447266,161462
2026-02-13 14:30:00+05:30,118.75,118.87999725341797,118.69999694824219,118.73999786376953,157312
2026-02-13 14:35:00+05:30,118.80000305175781,118.94000244140625,118.7699966430664,118.91000366210938,108591
2026-02-13 14:40:00+05:30,118.91000366210938,118.94000244140625,118.7699966430664,118.8499984741211,138565
2026-02-13 14:45:00+05:30,118.83000183105469,118.9000015258789,118.69999694824219,118.79000091552734,122736
2026-02-13 14:50:00+05:30,118.7699966430664,118.97000122070312,118.75,118.97000122070312,144051
2026-02-13 14:55:00+05:30,118.88999938964844,119.12000274658203,118.8499984741211,119.04000091552734,270330
2026-02-13 15:00:00+05:30,119.0,119.05999755859375,118.80999755859375,119.0199966430664,218358
2026-02-13 15:05:00+05:30,119.02999877929688,119.04000091552734,118.8499984741211,118.9000015258789,321288
2026-02-13 15:10:00+05:30,118.9000015258789,118.94999694824219,118.80999755859375,118.86000061035156,269140
2026-02-13 15:15:00+05:30,118.80000305175781,118.9000015258789,118.7300033569336,118.79000091552734,515727
2026-02-13 15:20:00+05:30,118.79000091552734,118.79000091552734,118.63999938964844,118.6500015258789,386725
2026-02-13 15:25:00+05:30,118.63999938964844,118.68000030517578,118.41000366210938,118.5999984741211,533942
2026-02-16 09:20:00+05:30,117.98999786376953,118.38999938964844,117.8499984741211,118.38999938964844,275456
2026-02-16 09:25:00+05:30,118.41999816894531,118.41999816894531,118.0,118.0,198293
2026-02-16 09:30:00+05:30,118.02999877929688,118.55000305175781,118.02999877929688,118.43000030517578,178484
2026-02-16 09:35:00+05:30,118.4000015258789,118.41000366210938,118.05999755859375,118.18000030517578,101628
2026-02-16 09:40:00+05:30,118.16999816894531,118.30000305175781,118.05999755859375,118.08000183105469,201599
2026-02-16 09:45:00+05:30,118.08000183105469,118.12000274658203,117.87000274658203,117.9000015258789,181913
2026-02-16 09:50:00+05:30,117.9000015258789,117.94999694824219,117.6500015258789,117.88999938964844,164468
2026-02-16 09:55:00+05:30,117.9000015258789,118.05000305175781,117.87000274658203,117.94999694824219,59545
2026-02-16 10:00:00+05:30,117.93000030517578,118.19999694824219,117.93000030517578,118.06999969482422,164067
2026-02-16 10:05:00+05:30,118.13999938964844,118.48999786376953,118.13999938964844,118.45999908447266,243828
2026-02-16 10:10:00+05:30,118.4800033569336,118.55000305175781,118.33000183105469,118.44000244140625,215764
2026-02-16 10:15:00+05:30,118.44999694824219,118.55000305175781,118.30999755859375,118.30999755859375,201029
2026-02-16 10:20:00+05:30,118.33999633789062,118.44999694824219,118.19999694824219,118.19999694824219,103244
2026-02-16 10:25:00+05:30,118.19000244140625,118.25,118.12000274658203,118.19000244140625,60722
2026-02-16 10:30:00+05:30,118.19000244140625,118.2300033569336,118.0999984741211,118.13999938964844,70594
2026-02-16 10:35:00+05:30,118.13999938964844,118.19999694824219,117.91999816894531,118.01000213623047,128532
2026-02-16 10:40:00+05:30,118.0,118.19000244140625,118.0,118.12999725341797,31509
2026-02-16 10:45:00+05:30,118.13999938964844,118.3499984741211,118.12999725341797,118.19999694824219,311609
2026-02-16 10:50:00+05:30,118.16000366210938,118.33999633789062,118.11000061035156,118.29000091552734,40108
2026-02-16 10:55:00+05:30,118.25,118.33999633789062,118.23999786376953,118.33000183105469,43880
2026-02-16 11:00:00+05:30,118.33999633789062,118.55000305175781,118.33999633789062,118.55000305175781,97520
2026-02-16 11:05:00+05:30,118.54000091552734,118.66999816894531,118.43000030517578,118.51000213623047,161521
2026-02-16 11:10:00+05:30,118.5,118.5199966430664,118.41000366210938,118.44999694824219,66075
2026-02-16 11:15:00+05:30,118.4000015258789,118.5999984741211,118.37000274658203,118.5999984741211,166751
2026-02-16 11:20:00+05:30,118.5999984741211,118.80000305175781,118.58000183105469,118.80000305175781,105855
2026-02-16 11:25:00+05:30,118.77999877929688,118.91000366210938,118.69999694824219,118.70999908447266,112594
2026-02-16 11:30:00+05:30,118.69000244140625,118.69999694824219,118.56999969482422,118.58000183105469,75612
2026-02-16 11:35:00+05:30,118.58000183105469,118.6500015258789,118.52999877929688,118.5999984741211,47441
2026-02-16 11:40:00+05:30,118.52999877929688,118.6500015258789,118.5,118.62000274658203,39447
2026-02-16 11:45:00+05:30,118.58000183105469,118.6500015258789,118.55000305175781,118.5999984741211,24230
2026-02-16 11:50:00+05:30,118.55999755859375,118.69000244140625,118.55999755859375,118.61000061035156,18350
2026-02-16 11:55:00+05:30,118.5999984741211,118.79000091552734,118.5999984741211,118.79000091552734,39067
2026-02-16 12:00:00+05:30,118.80000305175781,118.95999908447266,118.75,118.81999969482422,193068
2026-02-16 12:05:00+05:30,118.81999969482422,118.87999725341797,118.66999816894531,118.76000213623047,64651
2026-02-16 12:10:00+05:30,118.76000213623047,118.87000274658203,118.72000122070312,118.7699966430664,23563
2026-02-16 12:15:00+05:30,118.75,119.06999969482422,118.6500015258789,118.93000030517578,189269
2026-02-16 12:20:00+05:30,118.94000244140625,119.0,118.9000015258789,118.98999786376953,49199
2026-02-16 12:25:00+05:30,118.98999786376953,119.19000244140625,118.97000122070312,119.12000274658203,90925
2026-02-16 12:30:00+05:30,119.18000030517578,119.44999694824219,119.11000061035156,119.43000030517578,255979
2026-02-16 12:35:00+05:30,119.43000030517578,119.61000061035156,119.3499984741211,119.4000015258789,344955
2026-02-16 12:40:00+05:30,119.4000015258789,119.44999694824219,119.29000091552734,119.3499984741211,112591
2026-02-16 12:45:00+05:30,119.3499984741211,119.4000015258789,119.16000366210938,119.16000366210938,141837
2026-02-16 12:50:00+05:30,119.16000366210938,119.37000274658203,119.08999633789062,119.33000183105469,59563
2026-02-16 12:55:00+05:30,119.3499984741211,119.47000122070312,119.19999694824219,119.23999786376953,86049
2026-02-16 13:00:00+05:30,119.31999969482422,119.44999694824219,119.30000305175781,119.36000061035156,35851
2026-02-16 13:05:00+05:30,119.3499984741211,119.38999938964844,119.3499984741211,119.37999725341797,16007
2026-02-16 13:10:00+05:30,119.37999725341797,119.5,119.3499984741211,119.4000015258789,66389
2026-02-16 13:15:00+05:30,119.4000015258789,119.43000030517578,119.31999969482422,119.3499984741211,32067
2026-02-16 13:20:00+05:30,119.3499984741211,119.41999816894531,119.3499984741211,119.41000366210938,46112
2026-02-16 13:25:00+05:30,119.41000366210938,119.44000244140625,119.3499984741211,119.41000366210938,19495
2026-02-16 13:30:00+05:30,119.43000030517578,119.58999633789062,119.38999938964844,119.55999755859375,94226
2026-02-16 13:35:00+05:30,119.55000305175781,119.66999816894531,119.5199966430664,119.62000274658203,63221
2026-02-16 13:40:00+05:30,119.62000274658203,119.80000305175781,119.58999633789062,119.80000305175781,116379
2026-02-16 13:45:00+05:30,119.77999877929688,119.98999786376953,119.72000122070312,119.77999877929688,265452
2026-02-16 13:50:00+05:30,119.73999786376953,119.8499984741211,119.63999938964844,119.7699966430664,125666
2026-02-16 13:55:00+05:30,119.75,119.83999633789062,119.68000030517578,119.75,112611
2026-02-16 14:00:00+05:30,119.75,119.94000244140625,119.75,119.87000274658203,103004
2026-02-16 14:05:00+05:30,119.88999938964844,119.88999938964844,119.69000244140625,119.7300033569336,112387
2026-02-16 14:10:00+05:30,119.69999694824219,119.94999694824219,119.63999938964844,119.81999969482422,187830
2026-02-16 14:15:00+05:30,119.83000183105469,120.01000213623047,119.80999755859375,119.8499984741211,226729
2026-02-16 14:20:00+05:30,119.7699966430664,119.9000015258789,119.7699966430664,119.81999969482422,94805
2026-02-16 14:25:00+05:30,119.7699966430664,119.91999816894531,119.7699966430664,119.88999938964844,157173
2026-02-16 14:30:00+05:30,119.88999938964844,119.91000366210938,119.69000244140625,119.75,183377
2026-02-16 14:35:00+05:30,119.72000122070312,119.81999969482422,119.69999694824219,119.79000091552734,235909
2026-02-16 14:40:00+05:30,119.80000305175781,119.88999938964844,119.70999908447266,119.88999938964844,276410
2026-02-16 14:45:00+05:30,119.83000183105469,119.94999694824219,119.7300033569336,119.87999725341797,163584
2026-02-16 14:50:00+05:30,119.86000061035156,120.20999908447266,119.86000061035156,120.19999694824219,430977
2026-02-16 14:55:00+05:30,120.22000122070312,120.5,120.16999816894531,120.5,432195
2026-02-16 15:00:00+05:30,120.48999786376953,120.5999984741211,120.22000122070312,120.36000061035156,260770
2026-02-16 15:05:00+05:30,120.36000061035156,120.54000091552734,120.33000183105469,120.4800033569336,334800
2026-02-16 15:10:00+05:30,120.48999786376953,120.58999633789062,120.43000030517578,120.48999786376953,308542
2026-02-16 15:15:00+05:30,120.48999786376953,120.5999984741211,120.44000244140625,120.55000305175781,284654
2026-02-16 15:20:00+05:30,120.55000305175781,120.73999786376953,120.5199966430664,120.66999816894531,369973
2026-02-16 15:25:00+05:30,120.6500015258789,120.91999816894531,120.5999984741211,120.8499984741211,680667
2026-02-17 09:20:00+05:30,121.08999633789062,121.29000091552734,120.72000122070312,121.02999877929688,624079
2026-02-17 09:25:00+05:30,120.95999908447266,121.48999786376953,120.93000030517578,121.44000244140625,582763
2026-02-17 09:30:00+05:30,121.5999984741211,121.88999938964844,121.33000183105469,121.55999755859375,575991
2026-02-17 09:35:00+05:30,121.62999725341797,121.69999694824219,121.33000183105469,121.33000183105469,237253
2026-02-17 09:40:00+05:30,121.30999755859375,121.30999755859375,121.0999984741211,121.19999694824219,199625
2026-02-17 09:45:00+05:30,121.18000030517578,121.2300033569336,120.97000122070312,121.11000061035156,212624
2026-02-17 09:50:00+05:30,121.08000183105469,121.29000091552734,121.04000091552734,121.18000030517578,149605
2026-02-17 09:55:00+05:30,121.18000030517578,121.18000030517578,121.0,121.06999969482422,144307
2026-02-17 10:00:00+05:30,121.08000183105469,121.18000030517578,120.97000122070312,121.16000366210938,99134
2026-02-17 10:05:00+05:30,121.16999816894531,121.48999786376953,121.16000366210938,121.48999786376953,130840
2026-02-17 10:10:00+05:30,121.48999786376953,121.87000274658203,121.45999908447266,121.80000305175781,465039
2026-02-17 10:15:00+05:30,121.81999969482422,122.1500015258789,121.81999969482422,122.1500015258789,600858
2026-02-17 10:20:00+05:30,122.12999725341797,122.98999786376953,122.12999725341797,122.56999969482422,1680695
2026-02-17 10:25:00+05:30,122.55999755859375,123.68000030517578,122.55999755859375,123.68000030517578,1950598
2026-02-17 10:30:00+05:30,123.69999694824219,125.2300033569336,123.5999984741211,125.0,4175106
2026-02-17 10:35:00+05:30,125.01000213623047,125.30000305175781,124.62000274658203,125.0999984741211,2445423
2026-02-17 10:40:00+05:30,125.12000274658203,125.19000244140625,124.2699966430664,124.37999725341797,1332744
2026-02-17 10:45:00+05:30,124.33999633789062,124.75,124.26000213623047,124.31999969482422,788261
2026-02-17 10:50:00+05:30,124.31999969482422,124.55000305175781,124.2300033569336,124.5199966430664,384452
2026-02-17 10:55:00+05:30,124.5199966430664,124.70999908447266,124.4000015258789,124.55000305175781,484509
2026-02-17 11:00:00+05:30,124.52999877929688,124.58000183105469,124.0999984741211,124.3499984741211,888860
2026-02-17 11:05:00+05:30,124.37999725341797,124.75,124.3499984741211,124.70999908447266,520091
2026-02-17 11:10:00+05:30,124.70999908447266,124.87999725341797,124.33000183105469,124.47000122070312,611060
2026-02-17 11:15:00+05:30,124.44999694824219,124.5199966430664,124.19999694824219,124.45999908447266,349026
2026-02-17 11:20:00+05:30,124.5199966430664,124.70999908447266,124.44999694824219,124.58999633789062,477318
2026-02-17 11:25:00+05:30,124.58999633789062,124.62000274658203,124.19999694824219,124.20999908447266,435977
2026-02-17 11:30:00+05:30,124.20999908447266,124.43000030517578,124.19999694824219,124.19999694824219,309994
2026-02-17 11:35:00+05:30,124.22000122070312,124.56999969482422,124.19999694824219,124.33999633789062,245432
2026-02-17 11:40:00+05:30,124.31999969482422,124.5,124.31999969482422,124.33999633789062,139079
2026-02-17 11:45:00+05:30,124.31999969482422,124.58000183105469,124.22000122070312,124.54000091552734,319941
2026-02-17 11:50:00+05:30,124.5,124.69999694824219,124.5,124.58999633789062,323706
2026-02-17 11:55:00+05:30,124.55000305175781,124.9000015258789,124.55000305175781,124.8499984741211,512979
2026-02-17 12:00:00+05:30,124.8499984741211,124.9000015258789,124.4000015258789,124.44000244140625,324828
2026-02-17 12:05:00+05:30,124.44000244140625,124.80999755859375,124.43000030517578,124.66000366210938,357659
2026-02-17 12:10:00+05:30,124.66000366210938,124.7300033569336,124.55999755859375,124.69000244140625,164379
2026-02-17 12:15:00+05:30,124.69999694824219,125.05999755859375,124.66000366210938,124.73999786376953,881984
2026-02-17 12:20:00+05:30,124.69000244140625,124.94999694824219,124.66999816894531,124.87999725341797,168153
2026-02-17 12:25:00+05:30,124.91000366210938,124.94000244140625,124.7699966430664,124.80000305175781,173606
2026-02-17 12:30:00+05:30,124.80000305175781,124.81999969482422,124.54000091552734,124.54000091552734,188705
2026-02-17 12:35:00+05:30,124.55999755859375,124.6500015258789,124.44999694824219,124.55000305175781,255135
2026-02-17 12:40:00+05:30,124.55000305175781,124.79000091552734,124.55000305175781,124.69000244140625,122092
2026-02-17 12:45:00+05:30,124.69000244140625,124.69000244140625,124.51000213623047,124.62999725341797,100397
2026-02-17 12:50:00+05:30,124.68000030517578,124.87999725341797,124.61000061035156,124.80000305175781,227777
2026-02-17 12:55:00+05:30,124.80000305175781,124.80000305175781,124.55000305175781,124.5999984741211,90899
2026-02-17 13:00:00+05:30,124.77999877929688,125.0,124.75,124.7699966430664,655159
2026-02-17 13:05:00+05:30,124.80000305175781,125.12000274658203,124.76000213623047,125.06999969482422,351320
2026-02-17 13:10:00+05:30,125.06999969482422,125.23999786376953,124.95999908447266,125.08000183105469,525676
2026-02-17 13:15:00+05:30,125.08000183105469,125.19999694824219,124.94999694824219,125.0999984741211,530990
2026-02-17 13:20:00+05:30,125.08999633789062,125.55999755859375,125.06999969482422,125.5,1023126
2026-02-17 13:25:00+05:30,125.52999877929688,125.55000305175781,125.30999755859375,125.36000061035156,618076
2026-02-17 13:30:00+05:30,125.36000061035156,125.52999877929688,125.30000305175781,125.31999969482422,294103
2026-02-17 13:35:00+05:30,125.31999969482422,125.31999969482422,125.12999725341797,125.16000366210938,387534
2026-02-17 13:40:00+05:30,125.19999694824219,125.38999938964844,125.1500015258789,125.33000183105469,253207
2026-02-17 13:45:00+05:30,125.26000213623047,125.31999969482422,125.0,125.1500015258789,327747
2026-02-17 13:50:00+05:30,125.11000061035156,125.19999694824219,124.98999786376953,125.1500015258789,263264
2026-02-17 13:55:00+05:30,125.11000061035156,125.1500015258789,124.77999877929688,124.83999633789062,312054
2026-02-17 14:00:00+05:30,124.80000305175781,125.02999877929688,124.80000305175781,124.87000274658203,171379
2026-02-17 14:05:00+05:30,124.9000015258789,124.9800033569336,124.72000122070312,124.87999725341797,329857
2026-02-17 14:10:00+05:30,124.87999725341797,125.02999877929688,124.7300033569336,124.76000213623047,205614
2026-02-17 14:15:00+05:30,124.72000122070312,125.0,124.70999908447266,124.75,223831
2026-02-17 14:20:00+05:30,124.73999786376953,124.88999938964844,124.70999908447266,124.87000274658203,154091
2026-02-17 14:25:00+05:30,124.88999938964844,124.88999938964844,124.7300033569336,124.77999877929688,285297
2026-02-17 14:30:00+05:30,124.79000091552734,124.83999633789062,124.68000030517578,124.83999633789062,205110
2026-02-17 14:35:00+05:30,124.7699966430664,124.79000091552734,124.62999725341797,124.76000213623047,367000
2026-02-17 14:40:00+05:30,124.76000213623047,124.77999877929688,124.44000244140625,124.48999786376953,432187
2026-02-17 14:45:00+05:30,124.51000213623047,124.6500015258789,124.4000015258789,124.62000274658203,266485
2026-02-17 14:50:00+05:30,124.62000274658203,124.8499984741211,124.55000305175781,124.73999786376953,275612
2026-02-17 14:55:00+05:30,124.79000091552734,124.8499984741211,124.61000061035156,124.77999877929688,367528
2026-02-17 15:00:00+05:30,124.86000061035156,124.86000061035156,124.56999969482422,124.69999694824219,643508
2026-02-17 15:05:00+05:30,124.75,124.8499984741211,124.6500015258789,124.79000091552734,414727
2026-02-17 15:10:00+05:30,124.79000091552734,124.9000015258789,124.70999908447266,124.83999633789062,597810
2026-02-17 15:15:00+05:30,124.81999969482422,124.9000015258789,124.69999694824219,124.81999969482422,851281
2026-02-17 15:20:00+05:30,124.81999969482422,124.9800033569336,124.76000213623047,124.91000366210938,931322
2026-02-17 15:25:00+05:30,124.94999694824219,125.08000183105469,124.8499984741211,124.91000366210938,849989
2026-02-18 09:20:00+05:30,125.66000366210938,125.81999969482422,125.51000213623047,125.55000305175781,845547
2026-02-18 09:25:00+05:30,125.58000183105469,126.33000183105469,125.45999908447266,126.25,1306465
2026-02-18 09:30:00+05:30,126.2699966430664,126.68000030517578,126.02999877929688,126.44999694824219,1487285
2026-02-18 09:35:00+05:30,126.47000122070312,126.79000091552734,126.41000366210938,126.58000183105469,862278
2026-02-18 09:40:00+05:30,126.5999984741211,127.0999984741211,126.5999984741211,126.91999816894531,1153164
2026-02-18 09:45:00+05:30,126.94000244140625,126.94999694824219,126.6500015258789,126.79000091552734,679084
2026-02-18 09:50:00+05:30,126.79000091552734,127.13999938964844,126.6500015258789,126.94999694824219,699697
2026-02-18 09:55:00+05:30,126.91999816894531,126.94999694824219,126.6500015258789,126.72000122070312,607327
2026-02-18 10:00:00+05:30,126.75,127.37999725341797,126.6500015258789,127.30999755859375,875242
2026-02-18 10:05:00+05:30,127.3499984741211,127.87000274658203,127.30000305175781,127.83000183105469,1680600
2026-02-18 10:10:00+05:30,127.86000061035156,128.47999572753906,127.83000183105469,128.0,2010207
2026-02-18 10:15:00+05:30,128.0,128.07000732421875,127.41000366210938,127.43000030517578,881095
2026-02-18 10:20:00+05:30,127.4000015258789,127.52999877929688,127.19999694824219,127.2300033569336,929171
2026-02-18 10:25:00+05:30,127.23999786376953,127.3499984741211,127.04000091552734,127.25,607778
2026-02-18 10:30:00+05:30,127.26000213623047,127.38999938964844,127.1500015258789,127.19000244140625,519429
2026-02-18 10:35:00+05:30,127.16000366210938,127.41000366210938,127.12000274658203,127.33999633789062,382926
2026-02-18 10:40:00+05:30,127.30000305175781,127.38999938964844,126.91000366210938,126.91000366210938,877449
2026-02-18 10:45:00+05:30,126.87999725341797,127.19999694824219,126.81999969482422,127.19999694824219,458595
2026-02-18 10:50:00+05:30,127.16000366210938,127.5999984741211,127.16000366210938,127.44000244140625,441291
2026-02-18 10:55:00+05:30,127.44999694824219,127.48999786376953,127.33000183105469,127.37999725341797,203957
2026-02-18 11:00:00+05:30,127.36000061035156,127.55000305175781,127.30000305175781,127.55000305175781,287426
2026-02-18 11:05:00+05:30,127.54000091552734,127.54000091552734,127.36000061035156,127.51000213623047,167706
2026-02-18 11:10:00+05:30,127.54000091552734,127.54000091552734,127.3499984741211,127.44999694824219,125271
2026-02-18 11:15:00+05:30,127.4800033569336,127.69000244140625,127.41000366210938,127.55000305175781,309746
2026-02-18 11:20:00+05:30,127.55000305175781,127.79000091552734,127.5,127.62000274658203,227891
2026-02-18 11:25:00+05:30,127.66000366210938,127.8499984741211,127.5199966430664,127.80000305175781,268162
2026-02-18 11:30:00+05:30,127.75,127.94999694824219,127.7300033569336,127.91999816894531,337672
2026-02-18 11:35:00+05:30,127.9000015258789,127.9000015258789,127.6500015258789,127.69999694824219,259803
2026-02-18 11:40:00+05:30,127.69999694824219,127.9000015258789,127.66000366210938,127.75,266538
2026-02-18 11:45:00+05:30,127.77999877929688,127.80000305175781,127.68000030517578,127.69999694824219,101123
2026-02-18 11:50:00+05:30,127.69999694824219,127.69999694824219,127.5199966430664,127.58999633789062,199258
2026-02-18 11:55:00+05:30,127.55999755859375,127.69999694824219,127.55999755859375,127.6500015258789,99246
2026-02-18 12:00:00+05:30,127.62000274658203,127.69999694824219,127.51000213623047,127.51000213623047,97417
2026-02-18 12:05:00+05:30,127.5199966430664,127.62000274658203,127.5,127.55000305175781,224892
2026-02-18 12:10:00+05:30,127.5199966430664,127.66999816894531,127.4800033569336,127.5,115555
2026-02-18 12:15:00+05:30,127.55999755859375,127.62000274658203,127.5,127.5999984741211,109147
2026-02-18 12:20:00+05:30,127.5999984741211,127.75,127.56999969482422,127.73999786376953,139828
2026-02-18 12:25:00+05:30,127.72000122070312,127.75,127.62000274658203,127.70999908447266,148450
2026-02-18 12:30:00+05:30,127.75,127.97000122070312,127.66000366210938,127.8499984741211,369730
2026-02-18 12:35:00+05:30,127.80999755859375,128.14999389648438,127.80999755859375,128.08999633789062,557041
2026-02-18 12:40:00+05:30,128.07000732421875,128.10000610351562,128.0,128.0800018310547,260769
2026-02-18 12:45:00+05:30,128.0800018310547,128.10000610351562,127.95999908447266,128.0399932861328,192056
2026-02-18 12:50:00+05:30,128.02000427246094,128.19000244140625,128.0,128.02999877929688,423304
2026-02-18 12:55:00+05:30,128.0500030517578,128.14999389648438,128.0,128.11000061035156,218018
2026-02-18 13:00:00+05:30,128.14999389648438,128.3000030517578,128.08999633789062,128.3000030517578,303597
2026-02-18 13:05:00+05:30,128.2899932861328,128.5,128.1999969482422,128.47000122070312,469180
2026-02-18 13:10:00+05:30,128.47999572753906,128.6999969482422,128.4199981689453,128.64999389648438,884199
2026-02-18 13:15:00+05:30,128.66000366210938,128.69000244140625,128.4600067138672,128.47000122070312,380174
2026-02-18 13:20:00+05:30,128.47000122070312,128.52000427246094,128.35000610351562,128.42999267578125,344754
2026-02-18 13:25:00+05:30,128.44000244140625,128.47999572753906,128.25,128.25,396313
2026-02-18 13:30:00+05:30,128.25,128.35000610351562,128.19000244140625,128.24000549316406,212197
2026-02-18 13:35:00+05:30,128.22999572753906,128.30999755859375,128.1999969482422,128.2899932861328,185188
2026-02-18 13:40:00+05:30,128.3000030517578,128.39999389648438,128.27999877929688,128.3800048828125,137877
2026-02-18 13:45:00+05:30,128.33999633789062,128.4600067138672,128.33999633789062,128.42999267578125,170732
2026-02-18 13:50:00+05:30,128.44000244140625,128.4499969482422,128.17999267578125,128.17999267578125,226962
2026-02-18 13:55:00+05:30,128.10000610351562,128.22000122070312,128.10000610351562,128.13999938964844,306765
2026-02-18 14:00:00+05:30,128.11000061035156,128.14999389648438,128.0,128.11000061035156,251046
2026-02-18 14:05:00+05:30,128.10000610351562,128.38999938964844,128.10000610351562,128.36000061035156,391703
2026-02-18 14:10:00+05:30,128.38999938964844,128.38999938964844,128.2100067138672,128.22000122070312,176638
2026-02-18 14:15:00+05:30,128.27999877929688,128.27999877929688,128.14999389648438,128.22999572753906,120412
2026-02-18 14:20:00+05:30,128.22999572753906,128.41000366210938,128.22999572753906,128.3800048828125,166564
2026-02-18 14:25:00+05:30,128.42999267578125,128.42999267578125,128.24000549316406,128.25,181705
2026-02-18 14:30:00+05:30,128.27000427246094,128.35000610351562,128.10000610351562,128.10000610351562,143404
2026-02-18 14:35:00+05:30,128.13999938964844,128.13999938964844,127.8499984741211,127.9000015258789,722732
2026-02-18 14:40:00+05:30,127.9000015258789,128.0,127.73999786376953,127.98999786376953,380110
2026-02-18 14:45:00+05:30,127.94999694824219,128.22000122070312,127.94999694824219,128.22000122070312,287474
2026-02-18 14:50:00+05:30,128.1999969482422,128.25999450683594,128.13999938964844,128.22000122070312,169310
2026-02-18 14:55:00+05:30,128.22000122070312,128.38999938964844,128.14999389648438,128.22999572753906,799026
2026-02-18 15:00:00+05:30,128.22999572753906,128.35000610351562,128.00999450683594,128.00999450683594,456464
2026-02-18 15:05:00+05:30,128.0500030517578,128.17999267578125,128.00999450683594,128.1699981689453,295513
2026-02-18 15:10:00+05:30,128.11000061035156,128.2100067138672,128.11000061035156,128.16000366210938,485234
2026-02-18 15:15:00+05:30,128.14999389648438,128.3699951171875,128.10000610351562,128.2100067138672,1140914
2026-02-18 15:20:00+05:30,128.2100067138672,128.24000549316406,128.13999938964844,128.14999389648438,965894
2026-02-18 15:25:00+05:30,128.1699981689453,128.17999267578125,128.00999450683594,128.11000061035156,1329478
2026-02-19 09:20:00+05:30,127.83999633789062,127.93000030517578,127.56999969482422,127.70999908447266,567993
2026-02-19 09:25:00+05:30,127.75,127.75,127.44999694824219,127.44999694824219,423687
2026-02-19 09:30:00+05:30,127.4000015258789,127.52999877929688,127.31999969482422,127.3499984741211,390056
2026-02-19 09:35:00+05:30,127.33000183105469,128.1199951171875,127.33000183105469,128.0,737760
2026-02-19 09:40:00+05:30,127.94999694824219,128.05999755859375,127.76000213623047,127.7699966430664,291430
2026-02-19 09:45:00+05:30,127.6500015258789,128.0,127.63999938964844,127.94999694824219,275454
2026-02-19 09:50:00+05:30,127.88999938964844,127.9000015258789,127.7699966430664,127.8499984741211,132260
2026-02-19 09:55:00+05:30,127.8499984741211,127.98999786376953,127.62999725341797,127.68000030517578,167427
2026-02-19 10:00:00+05:30,127.69999694824219,127.69999694824219,127.16000366210938,127.16000366210938,417886
2026-02-19 10:05:00+05:30,127.19999694824219,127.26000213623047,127.0,127.01000213623047,272053
2026-02-19 10:10:00+05:30,127.01000213623047,127.08999633789062,126.87999725341797,126.9800033569336,329411
2026-02-19 10:15:00+05:30,126.94000244140625,127.08999633789062,126.83999633789062,127.06999969482422,220947
2026-02-19 10:20:00+05:30,127.0,127.1500015258789,126.9000015258789,127.08000183105469,69828
2026-02-19 10:25:00+05:30,127.11000061035156,127.26000213623047,127.0999984741211,127.16000366210938,190833
2026-02-19 10:30:00+05:30,127.16999816894531,127.3499984741211,127.0999984741211,127.20999908447266,108325
2026-02-19 10:35:00+05:30,127.16999816894531,127.20999908447266,127.0,127.0,155110
2026-02-19 10:40:00+05:30,126.94999694824219,127.30000305175781,126.91000366210938,127.2699966430664,81717
2026-02-19 10:45:00+05:30,127.2699966430664,127.27999877929688,127.05000305175781,127.12000274658203,52642
2026-02-19 10:50:00+05:30,127.1500015258789,127.27999877929688,127.05999755859375,127.27999877929688,29986
2026-02-19 10:55:00+05:30,127.2699966430664,127.41999816894531,127.08000183105469,127.41999816894531,113762
2026-02-19 11:00:00+05:30,127.41999816894531,127.45999908447266,127.29000091552734,127.36000061035156,124321
2026-02-19 11:05:00+05:30,127.3499984741211,127.4000015258789,127.19999694824219,127.23999786376953,82848
2026-02-19 11:10:00+05:30,127.30000305175781,127.51000213623047,127.19000244140625,127.44999694824219,257748
2026-02-19 11:15:00+05:30,127.37999725341797,127.56999969482422,127.37999725341797,127.38999938964844,99292
2026-02-19 11:20:00+05:30,127.38999938964844,127.41000366210938,127.19999694824219,127.19999694824219,99659
2026-02-19 11:25:00+05:30,127.19999694824219,127.33999633789062,127.16999816894531,127.25,100843
2026-02-19 11:30:00+05:30,127.25,127.33999633789062,127.20999908447266,127.25,78713
2026-02-19 11:35:00+05:30,127.25,127.33999633789062,127.2300033569336,127.31999969482422,65045
2026-02-19 11:40:00+05:30,127.31999969482422,127.3499984741211,127.05999755859375,127.16999816894531,126750
2026-02-19 11:45:00+05:30,127.16999816894531,127.16999816894531,127.01000213623047,127.04000091552734,81381
2026-02-19 11:50:00+05:30,127.04000091552734,127.08999633789062,127.01000213623047,127.08000183105469,102870
2026-02-19 11:55:00+05:30,127.08000183105469,127.19999694824219,127.06999969482422,127.18000030517578,79113
2026-02-19 12:00:00+05:30,127.18000030517578,127.19999694824219,126.95999908447266,126.98999786376953,207652
2026-02-19 12:05:00+05:30,127.0,127.19999694824219,127.0,127.13999938964844,73437
2026-02-19 12:10:00+05:30,127.12999725341797,127.12999725341797,126.9000015258789,126.93000030517578,96596
2026-02-19 12:15:00+05:30,126.87999725341797,127.13999938964844,126.8499984741211,127.12999725341797,138266
2026-02-19 12:20:00+05:30,127.12999725341797,127.38999938964844,127.12999725341797,127.36000061035156,174654
2026-02-19 12:25:00+05:30,127.36000061035156,127.37000274658203,127.2300033569336,127.31999969482422,118504
2026-02-19 12:30:00+05:30,127.33000183105469,127.33000183105469,127.05000305175781,127.13999938964844,75488
2026-02-19 12:35:00+05:30,127.1500015258789,127.18000030517578,126.83999633789062,126.88999938964844,119756
2026-02-19 12:40:00+05:30,126.88999938964844,126.9800033569336,126.83999633789062,126.95999908447266,89942
2026-02-19 12:45:00+05:30,126.95999908447266,127.05000305175781,126.8499984741211,127.04000091552734,91496
2026-02-19 12:50:00+05:30,127.06999969482422,127.3499984741211,127.05000305175781,127.1500015258789,135088
2026-02-19 12:55:00+05:30,127.22000122070312,127.25,127.0199966430664,127.16000366210938,69273
2026-02-19 13:00:00+05:30,127.13999938964844,127.20999908447266,127.05000305175781,127.05000305175781,91563
2026-02-19 13:05:00+05:30,127.11000061035156,127.18000030517578,126.9800033569336,127.1500015258789,95017
2026-02-19 13:10:00+05:30,127.1500015258789,127.19999694824219,127.01000213623047,127.12999725341797,114507
2026-02-19 13:15:00+05:30,127.12999725341797,127.1500015258789,127.01000213623047,127.0999984741211,94751
2026-02-19 13:20:00+05:30,127.0999984741211,127.19999694824219,127.02999877929688,127.12999725341797,87132
2026-02-19 13:25:00+05:30,127.13999938964844,127.18000030517578,126.87999725341797,127.05999755859375,148078
2026-02-19 13:30:00+05:30,127.06999969482422,127.06999969482422,126.77999877929688,126.9800033569336,215539
2026-02-19 13:35:00+05:30,126.94000244140625,127.05000305175781,126.8499984741211,126.87999725341797,112777
2026-02-19 13:40:00+05:30,126.87000274658203,127.0199966430664,126.8499984741211,126.93000030517578,125811
2026-02-19 13:45:00+05:30,126.9000015258789,127.01000213623047,126.77999877929688,126.81999969482422,131526
2026-02-19 13:50:00+05:30,126.81999969482422,126.94999694824219,126.80999755859375,126.91999816894531,99420
2026-02-19 13:55:00+05:30,126.94999694824219,126.97000122070312,126.76000213623047,126.80000305175781,99181
2026-02-19 14:00:00+05:30,126.80999755859375,126.88999938964844,126.6500015258789,126.72000122070312,161087
2026-02-19 14:05:00+05:30,126.66000366210938,126.75,126.6500015258789,126.69000244140625,105772
2026-02-19 14:10:00+05:30,126.70999908447266,126.80000305175781,126.52999877929688,126.77999877929688,301881
2026-02-19 14:15:00+05:30,126.77999877929688,126.91999816894531,126.5999984741211,126.6500015258789,196001
2026-02-19 14:20:00+05:30,126.68000030517578,126.80999755859375,126.5999984741211,126.7699966430664,113762
2026-02-19 14:25:00+05:30,126.7300033569336,126.80000305175781,126.61000061035156,126.62000274658203,116557
2026-02-19 14:30:00+05:30,126.58000183105469,126.81999969482422,126.58000183105469,126.7699966430664,120655
2026-02-19 14:35:00+05:30,126.76000213623047,126.9000015258789,126.76000213623047,126.83999633789062,211513
2026-02-19 14:40:00+05:30,126.87999725341797,126.9000015258789,126.56999969482422,126.6500015258789,361298
2026-02-19 14:45:00+05:30,126.62999725341797,126.76000213623047,126.5,126.76000213623047,352396
2026-02-19 14:50:00+05:30,126.72000122070312,126.80000305175781,126.61000061035156,126.69000244140625,244904
2026-02-19 14:55:00+05:30,126.70999908447266,126.8499984741211,126.6500015258789,126.83999633789062,276543
2026-02-19 15:00:00+05:30,126.68000030517578,126.72000122070312,126.56999969482422,126.6500015258789,332678
2026-02-19 15:05:00+05:30,126.6500015258789,126.66000366210938,126.0999984741211,126.38999938964844,818334
2026-02-19 15:10:00+05:30,126.38999938964844,126.48999786376953,126.22000122070312,126.22000122070312,595259
2026-02-19 15:15:00+05:30,126.29000091552734,126.29000091552734,126.05000305175781,126.05000305175781,716014
2026-02-19 15:20:00+05:30,126.12000274658203,126.12000274658203,125.80000305175781,125.80999755859375,885284
2026-02-19 15:25:00+05:30,125.75,126.30000305175781,125.62999725341797,126.23999786376953,2703003
2026-02-20 09:20:00+05:30,126.80000305175781,127.73999786376953,126.6500015258789,127.6500015258789,866290
2026-02-20 09:25:00+05:30,127.6500015258789,127.68000030517578,127.11000061035156,127.12000274658203,356552
2026-02-20 09:30:00+05:30,127.01000213623047,128.10000610351562,126.93000030517578,128.02999877929688,692340
2026-02-20 09:35:00+05:30,128.0500030517578,128.17999267578125,127.94999694824219,127.95999908447266,679598
2026-02-20 09:40:00+05:30,127.9800033569336,128.0500030517578,127.77999877929688,128.0399932861328,375185
2026-02-20 09:45:00+05:30,128.10000610351562,128.44000244140625,128.0,128.44000244140625,671218
2026-02-20 09:50:00+05:30,128.4499969482422,128.5500030517578,128.19000244140625,128.22000122070312,548762
2026-02-20 09:55:00+05:30,128.25,128.3000030517578,128.14999389648438,128.25,121029
2026-02-20 10:00:00+05:30,128.27999877929688,128.32000732421875,128.10000610351562,128.16000366210938,358028
2026-02-20 10:05:00+05:30,128.16000366210938,128.25,127.9000015258789,128.02000427246094,234057
2026-02-20 10:10:00+05:30,128.02000427246094,128.10000610351562,127.7699966430664,127.91000366210938,122291
2026-02-20 10:15:00+05:30,127.91000366210938,128.1999969482422,127.91000366210938,128.16000366210938,121818
2026-02-20 10:20:00+05:30,128.14999389648438,128.16000366210938,128.0,128.0,128464
2026-02-20 10:25:00+05:30,128.00999450683594,128.13999938964844,128.0,128.0500030517578,58407
2026-02-20 10:30:00+05:30,128.05999755859375,128.14999389648438,128.02000427246094,128.02000427246094,72967
2026-02-20 10:35:00+05:30,128.02000427246094,128.07000732421875,127.83999633789062,127.87000274658203,112469
2026-02-20 10:40:00+05:30,127.8499984741211,128.07000732421875,127.8499984741211,127.87000274658203,116279
2026-02-20 10:45:00+05:30,127.9800033569336,128.3000030517578,127.95999908447266,128.02999877929688,265603
2026-02-20 10:50:00+05:30,128.0,128.22999572753906,127.98999786376953,128.1699981689453,109088
2026-02-20 10:55:00+05:30,128.14999389648438,128.1999969482422,128.0500030517578,128.1199951171875,173678
2026-02-20 11:00:00+05:30,128.1300048828125,128.14999389648438,128.0,128.0500030517578,47347
2026-02-20 11:05:00+05:30,128.05999755859375,128.05999755859375,127.9000015258789,128.05999755859375,156011
2026-02-20 11:10:00+05:30,128.05999755859375,128.47999572753906,128.00999450683594,128.47999572753906,356417
2026-02-20 11:15:00+05:30,128.52999877929688,128.75,128.5,128.52999877929688,595110
2026-02-20 11:20:00+05:30,128.5500030517578,129.0,128.5500030517578,128.92999267578125,743453
2026-02-20 11:25:00+05:30,128.89999389648438,129.17999267578125,128.8000030517578,129.10000610351562,798993
2026-02-20 11:30:00+05:30,129.08999633789062,129.5,129.02000427246094,129.47000122070312,802633
2026-02-20 11:35:00+05:30,129.47000122070312,129.5,129.08999633789062,129.08999633789062,283907
2026-02-20 11:40:00+05:30,129.11000061035156,129.17999267578125,129.0,129.05999755859375,350204
2026-02-20 11:45:00+05:30,129.07000732421875,129.13999938964844,129.0,129.0399932861328,353618
2026-02-20 11:50:00+05:30,129.0399932861328,129.3300018310547,129.00999450683594,129.17999267578125,178128
2026-02-20 11:55:00+05:30,129.1699981689453,129.33999633789062,129.16000366210938,129.3300018310547,170194
2026-02-20 12:00:00+05:30,129.3000030517578,129.67999267578125,129.3000030517578,129.5800018310547,649425
2026-02-20 12:05:00+05:30,129.5800018310547,129.66000366210938,129.5500030517578,129.63999938964844,267851
2026-02-20 12:10:00+05:30,129.63999938964844,129.72999572753906,129.52999877929688,129.60000610351562,365692
2026-02-20 12:15:00+05:30,129.60000610351562,129.89999389648438,129.5800018310547,129.88999938964844,393979
2026-02-20 12:20:00+05:30,129.86000061035156,130.38999938964844,129.82000732421875,130.32000732421875,1881729
2026-02-20 12:25:00+05:30,130.32000732421875,130.3800048828125,130.19000244140625,130.3000030517578,369084
2026-02-20 12:30:00+05:30,130.36000061035156,130.36000061035156,130.07000732421875,130.07000732421875,387127
2026-02-20 12:35:00+05:30,130.10000610351562,130.24000549316406,130.0,130.1699981689453,261096
2026-02-20 12:40:00+05:30,130.1999969482422,130.30999755859375,130.0500030517578,130.08999633789062,279257
2026-02-20 12:45:00+05:30,130.07000732421875,130.10000610351562,129.6999969482422,129.6999969482422,441867
2026-02-20 12:50:00+05:30,129.75,129.89999389648438,129.64999389648438,129.80999755859375,163150
2026-02-20 12:55:00+05:30,129.80999755859375,129.80999755859375,129.47999572753906,129.5,191355
2026-02-20 13:00:00+05:30,129.5,129.67999267578125,129.5,129.58999633789062,164975
2026-02-20 13:05:00+05:30,129.58999633789062,129.60000610351562,129.42999267578125,129.4499969482422,1494990
2026-02-20 13:10:00+05:30,129.4499969482422,129.67999267578125,129.25,129.67999267578125,556332
2026-02-20 13:15:00+05:30,129.66000366210938,129.66000366210938,129.4499969482422,129.57000732421875,131052
2026-02-20 13:20:00+05:30,129.57000732421875,129.69000244140625,129.4600067138672,129.55999755859375,132883
2026-02-20 13:25:00+05:30,129.55999755859375,129.77999877929688,129.50999450683594,129.72999572753906,114508
2026-02-20 13:30:00+05:30,129.74000549316406,129.7899932861328,129.63999938964844,129.75999450683594,150938
2026-02-20 13:35:00+05:30,129.75999450683594,129.9199981689453,129.72000122070312,129.77999877929688,193181
2026-02-20 13:40:00+05:30,129.75999450683594,129.77000427246094,129.5399932861328,129.6300048828125,116735
2026-02-20 13:45:00+05:30,129.6999969482422,129.75999450683594,129.67999267578125,129.7100067138672,51690
2026-02-20 13:50:00+05:30,129.69000244140625,129.74000549316406,129.61000061035156,129.61000061035156,59946
2026-02-20 13:55:00+05:30,129.60000610351562,129.8000030517578,129.60000610351562,129.77999877929688,85247
2026-02-20 14:00:00+05:30,129.8000030517578,129.89999389648438,129.8000030517578,129.82000732421875,122546
2026-02-20 14:05:00+05:30,129.7899932861328,129.89999389648438,129.61000061035156,129.77999877929688,211683
2026-02-20 14:10:00+05:30,129.8000030517578,129.8699951171875,129.5500030517578,129.5500030517578,98386
2026-02-20 14:15:00+05:30,129.55999755859375,129.67999267578125,129.4600067138672,129.47000122070312,613834
2026-02-20 14:20:00+05:30,129.4600067138672,129.49000549316406,129.44000244140625,129.4499969482422,662142
2026-02-20 14:25:00+05:30,129.4499969482422,129.47999572753906,129.4499969482422,129.4499969482422,377310
2026-02-20 14:30:00+05:30,129.4600067138672,129.55999755859375,129.4499969482422,129.5,334761
2026-02-20 14:35:00+05:30,129.5,129.61000061035156,129.44000244140625,129.58999633789062,702018
2026-02-20 14:40:00+05:30,129.57000732421875,129.72000122070312,129.4499969482422,129.66000366210938,158987
2026-02-20 14:45:00+05:30,129.6999969482422,129.89999389648438,129.60000610351562,129.85000610351562,312311
2026-02-20 14:50:00+05:30,129.8699951171875,129.8699951171875,129.58999633789062,129.8000030517578,215337
2026-02-20 14:55:00+05:30,129.75,129.8800048828125,129.7100067138672,129.7899932861328,274594
2026-02-20 15:00:00+05:30,129.8000030517578,130.0,129.72999572753906,129.72999572753906,906347
2026-02-20 15:05:00+05:30,129.6999969482422,129.75999450683594,129.5,129.66000366210938,546576
2026-02-20 15:10:00+05:30,129.66000366210938,129.6999969482422,129.5,129.57000732421875,713943
2026-02-20 15:15:00+05:30,129.55999755859375,129.55999755859375,129.4499969482422,129.49000549316406,862675
2026-02-20 15:20:00+05:30,129.49000549316406,129.5500030517578,129.4499969482422,129.47000122070312,1587507
2026-02-20 15:25:00+05:30,129.5500030517578,129.5800018310547,129.4499969482422,129.4499969482422,541935
2026-02-23 09:20:00+05:30,130.89999389648438,131.47999572753906,130.85000610351562,131.25999450683594,869658
2026-02-23 09:25:00+05:30,131.27999877929688,132.1999969482422,131.1999969482422,132.0800018310547,2629321
2026-02-23 09:30:00+05:30,132.05999755859375,132.14999389648438,131.72999572753906,131.89999389648438,678671
2026-02-23 09:35:00+05:30,131.8800048828125,132.2899932861328,131.8800048828125,132.2899932861328,832382
2026-02-23 09:40:00+05:30,132.3000030517578,132.3000030517578,131.75999450683594,131.8000030517578,515848
2026-02-23 09:45:00+05:30,131.77999877929688,132.39999389648438,131.75,132.25999450683594,777597
2026-02-23 09:50:00+05:30,132.27999877929688,132.36000061035156,131.9499969482422,132.14999389648438,562019
2026-02-23 09:55:00+05:30,132.0800018310547,132.3800048828125,132.0399932861328,132.32000732421875,399802
2026-02-23 10:00:00+05:30,132.27999877929688,132.5800018310547,132.14999389648438,132.27999877929688,775260
2026-02-23 10:05:00+05:30,132.27999877929688,132.47999572753906,132.10000610351562,132.3000030517578,331889
2026-02-23 10:10:00+05:30,132.25999450683594,132.32000732421875,132.10000610351562,132.1999969482422,295186
2026-02-23 10:15:00+05:30,132.25999450683594,132.5,132.24000549316406,132.5,388935
2026-02-23 10:20:00+05:30,132.49000549316406,132.5,132.13999938964844,132.16000366210938,205529
2026-02-23 10:25:00+05:30,132.14999389648438,132.14999389648438,132.0,132.0500030517578,365149
2026-02-23 10:30:00+05:30,132.05999755859375,132.19000244140625,131.9499969482422,132.0,449927
2026-02-23 10:35:00+05:30,132.0,132.02999877929688,131.6999969482422,131.85000610351562,432986
2026-02-23 10:40:00+05:30,131.82000732421875,131.9499969482422,131.6999969482422,131.6999969482422,187836
2026-02-23 10:45:00+05:30,131.6999969482422,132.1999969482422,131.6999969482422,132.0500030517578,844822
2026-02-23 10:50:00+05:30,132.02000427246094,132.39999389648438,132.02000427246094,132.27999877929688,483514
2026-02-23 10:55:00+05:30,132.3000030517578,132.6999969482422,132.22999572753906,132.69000244140625,860014
2026-02-23 11:00:00+05:30,132.69000244140625,132.69000244140625,132.36000061035156,132.38999938964844,376081
2026-02-23 11:05:00+05:30,132.3800048828125,132.38999938964844,132.0,132.22999572753906,354731
2026-02-23 11:10:00+05:30,132.2899932861328,132.3800048828125,132.10000610351562,132.1999969482422,191927
2026-02-23 11:15:00+05:30,132.1999969482422,132.25,132.0,132.08999633789062,167798
2026-02-23 11:20:00+05:30,132.08999633789062,132.1300048828125,131.92999267578125,131.9600067138672,233229
2026-02-23 11:25:00+05:30,131.91000366210938,131.91000366210938,131.75,131.82000732421875,305787
2026-02-23 11:30:00+05:30,131.82000732421875,131.85000610351562,131.5,131.50999450683594,365509
2026-02-23 11:35:00+05:30,131.47999572753906,131.50999450683594,131.24000549316406,131.27000427246094,372940
2026-02-23 11:40:00+05:30,131.24000549316406,131.27999877929688,131.1199951171875,131.19000244140625,217828
2026-02-23 11:45:00+05:30,131.19000244140625,131.24000549316406,130.8000030517578,130.89999389648438,349552
2026-02-23 11:50:00+05:30,130.88999938964844,131.33999633789062,130.8000030517578,131.1300048828125,434908
2026-02-23 11:55:00+05:30,131.13999938964844,131.27999877929688,131.02999877929688,131.0500030517578,229909
2026-02-23 12:00:00+05:30,131.0800018310547,131.1300048828125,131.0,131.05999755859375,137257
2026-02-23 12:05:00+05:30,131.05999755859375,131.1999969482422,130.91000366210938,130.9499969482422,117888
2026-02-23 12:10:00+05:30,130.89999389648438,130.97999572753906,130.85000610351562,130.8699951171875,121957
2026-02-23 12:15:00+05:30,130.89999389648438,131.07000732421875,130.86000061035156,130.89999389648438,100423
2026-02-23 12:20:00+05:30,130.89999389648438,130.94000244140625,130.8000030517578,130.88999938964844,184123
2026-02-23 12:25:00+05:30,130.83999633789062,130.83999633789062,130.6999969482422,130.6999969482422,104170
2026-02-23 12:30:00+05:30,130.69000244140625,130.74000549316406,130.5500030517578,130.5500030517578,160425
2026-02-23 12:35:00+05:30,130.60000610351562,130.8699951171875,130.5500030517578,130.83999633789062,64505
2026-02-23 12:40:00+05:30,130.8300018310547,131.14999389648438,130.75,131.07000732421875,161193
2026-02-23 12:45:00+05:30,131.11000061035156,131.3300018310547,131.0,131.08999633789062,191927
2026-02-23 12:50:00+05:30,131.08999633789062,131.27999877929688,130.9199981689453,131.25,294464
2026-02-23 12:55:00+05:30,131.24000549316406,131.25,130.89999389648438,130.92999267578125,67917
2026-02-23 13:00:00+05:30,130.92999267578125,131.13999938964844,130.88999938964844,130.89999389648438,194250
2026-02-23 13:05:00+05:30,130.94000244140625,131.0500030517578,130.91000366210938,131.02000427246094,43067
2026-02-23 13:10:00+05:30,130.97000122070312,131.02000427246094,130.75,130.75,67010
2026-02-23 13:15:00+05:30,130.74000549316406,130.74000549316406,130.4600067138672,130.64999389648438,221567
2026-02-23 13:20:00+05:30,130.60000610351562,130.64999389648438,130.32000732421875,130.47999572753906,135188
2026-02-23 13:25:00+05:30,130.41000366210938,130.64999389648438,130.41000366210938,130.5800018310547,162054
2026-02-23 13:30:00+05:30,130.6300048828125,130.69000244140625,130.13999938964844,130.1999969482422,258483
2026-02-23 13:35:00+05:30,130.25999450683594,130.35000610351562,130.1999969482422,130.25,103621
2026-02-23 13:40:00+05:30,130.25,130.36000061035156,130.10000610351562,130.25999450683594,147652
2026-02-23 13:45:00+05:30,130.27999877929688,130.41000366210938,130.17999267578125,130.3300018310547,64797
2026-02-23 13:50:00+05:30,130.3300018310547,130.39999389648438,130.3000030517578,130.3300018310547,72949
2026-02-23 13:55:00+05:30,130.3300018310547,130.4600067138672,130.25,130.39999389648438,81821
2026-02-23 14:00:00+05:30,130.36000061035156,130.47999572753906,130.1199951171875,130.2899932861328,123506
2026-02-23 14:05:00+05:30,130.33999633789062,130.47000122070312,130.1999969482422,130.22999572753906,68664
2026-02-23 14:10:00+05:30,130.1999969482422,130.25999450683594,130.0,130.2100067138672,246817
2026-02-23 14:15:00+05:30,130.25999450683594,130.32000732421875,130.0500030517578,130.32000732421875,157651
2026-02-23 14:20:00+05:30,130.24000549316406,130.25999450683594,130.16000366210938,130.17999267578125,80744
2026-02-23 14:25:00+05:30,130.1999969482422,130.3000030517578,130.10000610351562,130.3000030517578,82013
2026-02-23 14:30:00+05:30,130.35000610351562,130.5,130.1999969482422,130.25,186851
2026-02-23 14:35:00+05:30,130.3000030517578,130.36000061035156,130.14999389648438,130.17999267578125,101661
2026-02-23 14:40:00+05:30,130.22000122070312,130.2899932861328,130.11000061035156,130.16000366210938,78370
2026-02-23 14:45:00+05:30,130.16000366210938,130.30999755859375,130.1199951171875,130.30999755859375,131765
2026-02-23 14:50:00+05:30,130.2899932861328,130.35000610351562,130.22999572753906,130.30999755859375,133488
2026-02-23 14:55:00+05:30,130.30999755859375,130.4600067138672,130.2100067138672,130.2100067138672,204723
2026-02-23 15:00:00+05:30,130.3800048828125,130.5399932861328,130.36000061035156,130.47000122070312,333996
2026-02-23 15:05:00+05:30,130.4600067138672,130.60000610351562,130.39999389648438,130.39999389648438,195843
2026-02-23 15:10:00+05:30,130.42999267578125,130.50999450683594,130.1699981689453,130.22000122070312,439882
2026-02-23 15:15:00+05:30,130.17999267578125,130.3800048828125,130.16000366210938,130.2899932861328,837154
2026-02-23 15:20:00+05:30,130.36000061035156,130.36000061035156,130.16000366210938,130.17999267578125,1543774
2026-02-23 15:25:00+05:30,130.17999267578125,130.27999877929688,130.1300048828125,130.1999969482422,511857
2026-02-24 09:20:00+05:30,129.6699981689453,130.3699951171875,129.57000732421875,130.35000610351562,737170
2026-02-24 09:25:00+05:30,130.32000732421875,130.47000122070312,129.9199981689453,129.99000549316406,378971
2026-02-24 09:30:00+05:30,129.9600067138672,130.1300048828125,129.80999755859375,129.91000366210938,947549
2026-02-24 09:35:00+05:30,129.86000061035156,130.38999938964844,129.86000061035156,130.32000732421875,277901
2026-02-24 09:40:00+05:30,130.3000030517578,130.4600067138672,130.0500030517578,130.17999267578125,293458
2026-02-24 09:45:00+05:30,130.1999969482422,130.8800048828125,130.1999969482422,130.67999267578125,406394
2026-02-24 09:50:00+05:30,130.6699981689453,130.74000549316406,130.41000366210938,130.6999969482422,308212
2026-02-24 09:55:00+05:30,130.69000244140625,130.85000610351562,130.60000610351562,130.63999938964844,220736
2026-02-24 10:00:00+05:30,130.63999938964844,130.8000030517578,130.61000061035156,130.77999877929688,180035
2026-02-24 10:05:00+05:30,130.75999450683594,131.5,130.7100067138672,131.22000122070312,641741
2026-02-24 10:10:00+05:30,131.2100067138672,131.35000610351562,131.08999633789062,131.3300018310547,320076
2026-02-24 10:15:00+05:30,131.30999755859375,131.4499969482422,131.1999969482422,131.4499969482422,242785
2026-02-24 10:20:00+05:30,131.4600067138672,131.5,131.02000427246094,131.1999969482422,372177
2026-02-24 10:25:00+05:30,131.1999969482422,131.47999572753906,131.14999389648438,131.4499969482422,287115
2026-02-24 10:30:00+05:30,131.4199981689453,131.58999633789062,131.35000610351562,131.4199981689453,405832
2026-02-24 10:35:00+05:30,131.3800048828125,131.4600067138672,131.27000427246094,131.39999389648438,166088
2026-02-24 10:40:00+05:30,131.4199981689453,131.52999877929688,131.3699951171875,131.39999389648438,258587
2026-02-24 10:45:00+05:30,131.39999389648438,131.41000366210938,131.25,131.27000427246094,138503
2026-02-24 10:50:00+05:30,131.27000427246094,131.35000610351562,131.1300048828125,131.19000244140625,205721
2026-02-24 10:55:00+05:30,131.19000244140625,131.32000732421875,131.05999755859375,131.05999755859375,121109
2026-02-24 11:00:00+05:30,131.10000610351562,131.1699981689453,131.0399932861328,131.10000610351562,150924
2026-02-24 11:05:00+05:30,131.1199951171875,131.38999938964844,131.08999633789062,131.3800048828125,214674
2026-02-24 11:10:00+05:30,131.35000610351562,131.5399932861328,131.33999633789062,131.4499969482422,353667
2026-02-24 11:15:00+05:30,131.42999267578125,131.4499969482422,131.27000427246094,131.3800048828125,139780
2026-02-24 11:20:00+05:30,131.38999938964844,131.60000610351562,131.3800048828125,131.5500030517578,246815
2026-02-24 11:25:00+05:30,131.5500030517578,131.92999267578125,131.5500030517578,131.8000030517578,525280
2026-02-24 11:30:00+05:30,131.83999633789062,132.10000610351562,131.82000732421875,131.89999389648438,621986
2026-02-24 11:35:00+05:30,131.88999938964844,132.10000610351562,131.72000122070312,132.0,280418
2026-02-24 11:40:00+05:30,132.0,132.0,131.52000427246094,131.61000061035156,289935
2026-02-24 11:45:00+05:30,131.5500030517578,131.58999633789062,131.0399932861328,131.1699981689453,369964
2026-02-24 11:50:00+05:30,131.19000244140625,131.19000244140625,130.77999877929688,130.8800048828125,384727
2026-02-24 11:55:00+05:30,130.97999572753906,130.97999572753906,130.6999969482422,130.6999969482422,200607
2026-02-24 12:00:00+05:30,130.74000549316406,130.88999938964844,130.6699981689453,130.75999450683594,216133
2026-02-24 12:05:00+05:30,130.75,131.0,130.75,130.85000610351562,170615
2026-02-24 12:10:00+05:30,130.88999938964844,131.0,130.85000610351562,130.99000549316406,134142
2026-02-24 12:15:00+05:30,130.97000122070312,130.97000122070312,130.8000030517578,130.8000030517578,112309
2026-02-24 12:20:00+05:30,130.8000030517578,130.82000732421875,130.6300048828125,130.66000366210938,335332
2026-02-24 12:25:00+05:30,130.66000366210938,130.74000549316406,130.61000061035156,130.6199951171875,141951
2026-02-24 12:30:00+05:30,130.6199951171875,130.64999389648438,130.36000061035156,130.4499969482422,291048
2026-02-24 12:35:00+05:30,130.5,130.67999267578125,130.42999267578125,130.5500030517578,201688
2026-02-24 12:40:00+05:30,130.57000732421875,130.75999450683594,130.35000610351562,130.35000610351562,213444
2026-02-24 12:45:00+05:30,130.35000610351562,130.3800048828125,130.1699981689453,130.22000122070312,144529
2026-02-24 12:50:00+05:30,130.1999969482422,130.25999450683594,130.1300048828125,130.2100067138672,184208
2026-02-24 12:55:00+05:30,130.22999572753906,130.3699951171875,130.22999572753906,130.32000732421875,75936
2026-02-24 13:00:00+05:30,130.3300018310547,130.60000610351562,130.25,130.58999633789062,141300
2026-02-24 13:05:00+05:30,130.5800018310547,130.5800018310547,130.25999450683594,130.35000610351562,104381
2026-02-24 13:10:00+05:30,130.2899932861328,130.6300048828125,130.2899932861328,130.5,93460
2026-02-24 13:15:00+05:30,130.5,130.5,130.3000030517578,130.3800048828125,118196
2026-02-24 13:20:00+05:30,130.3699951171875,130.4499969482422,130.2100067138672,130.2100067138672,118509
2026-02-24 13:25:00+05:30,130.22000122070312,130.27000427246094,130.0800018310547,130.0800018310547,172941
2026-02-24 13:30:00+05:30,130.05999755859375,130.07000732421875,129.8000030517578,129.8300018310547,253751
2026-02-24 13:35:00+05:30,129.8000030517578,130.10000610351562,129.69000244140625,130.10000610351562,204152
2026-02-24 13:40:00+05:30,130.0800018310547,130.08999633789062,129.97000122070312,130.0,122318
2026-02-24 13:45:00+05:30,130.0,130.08999633789062,129.9199981689453,130.0,116226
2026-02-24 13:50:00+05:30,129.9600067138672,130.24000549316406,129.9199981689453,130.22000122070312,121172
2026-02-24 13:55:00+05:30,130.24000549316406,130.67999267578125,130.24000549316406,130.67999267578125,160888
2026-02-24 14:00:00+05:30,130.6699981689453,130.72000122070312,130.4199981689453,130.47999572753906,198715
2026-02-24 14:05:00+05:30,130.4499969482422,130.5399932861328,130.39999389648438,130.4600067138672,112087
2026-02-24 14:10:00+05:30,130.49000549316406,130.75999450683594,130.4499969482422,130.75999450683594,252958
2026-02-24 14:15:00+05:30,130.75,131.10000610351562,130.7100067138672,130.9499969482422,405463
2026-02-24 14:20:00+05:30,130.9600067138672,131.25999450683594,130.7899932861328,130.83999633789062,359356
2026-02-24 14:25:00+05:30,130.91000366210938,131.02999877929688,130.8000030517578,130.8800048828125,155891
2026-02-24 14:30:00+05:30,130.88999938964844,130.9499969482422,130.69000244140625,130.6999969482422,126698
2026-02-24 14:35:00+05:30,130.72000122070312,130.9499969482422,130.72000122070312,130.82000732421875,180202
2026-02-24 14:40:00+05:30,130.8300018310547,130.91000366210938,130.72999572753906,130.75999450683594,184392
2026-02-24 14:45:00+05:30,130.75,130.86000061035156,130.57000732421875,130.64999389648438,200465
2026-02-24 14:50:00+05:30,130.64999389648438,131.07000732421875,130.64999389648438,130.89999389648438,162205
2026-02-24 14:55:00+05:30,130.8800048828125,131.1199951171875,130.86000061035156,131.0500030517578,245182
2026-02-24 15:00:00+05:30,131.05999755859375,131.17999267578125,130.85000610351562,130.94000244140625,292296
2026-02-24 15:05:00+05:30,130.92999267578125,131.08999633789062,130.9199981689453,131.0399932861328,172564
2026-02-24 15:10:00+05:30,131.02999877929688,131.1699981689453,130.9600067138672,130.99000549316406,476234
2026-02-24 15:15:00+05:30,131.08999633789062,131.14999389648438,131.0500030517578,131.10000610351562,519331
2026-02-24 15:20:00+05:30,131.08999633789062,131.1199951171875,130.9199981689453,130.92999267578125,403316
2026-02-24 15:25:00+05:30,130.92999267578125,131.35000610351562,130.83999633789062,131.02999877929688,631617
2026-02-25 09:20:00+05:30,131.32000732421875,131.4499969482422,131.0399932861328,131.08999633789062,356315
2026-02-25 09:25:00+05:30,131.0500030517578,131.14999389648438,130.77000427246094,130.89999389648438,332545
2026-02-25 09:30:00+05:30,130.8699951171875,130.9199981689453,130.77000427246094,130.9199981689453,234804
2026-02-25 09:35:00+05:30,130.9600067138672,131.02999877929688,130.6300048828125,130.6300048828125,239162
2026-02-25 09:40:00+05:30,130.5500030517578,130.5500030517578,130.3699951171875,130.3800048828125,233356
2026-02-25 09:45:00+05:30,130.3699951171875,130.67999267578125,130.33999633789062,130.5399932861328,579283
2026-02-25 09:50:00+05:30,130.47000122070312,130.72999572753906,130.47000122070312,130.60000610351562,101071
2026-02-25 09:55:00+05:30,130.64999389648438,130.72000122070312,130.5,130.5500030517578,156140
2026-02-25 10:00:00+05:30,130.5500030517578,130.69000244140625,130.41000366210938,130.42999267578125,124000
2026-02-25 10:05:00+05:30,130.42999267578125,130.6999969482422,130.4199981689453,130.6699981689453,68970
2026-02-25 10:10:00+05:30,130.6699981689453,130.69000244140625,130.4499969482422,130.60000610351562,92613
2026-02-25 10:15:00+05:30,130.6199951171875,131.0399932861328,130.6199951171875,130.86000061035156,385880
2026-02-25 10:20:00+05:30,130.85000610351562,130.97000122070312,130.74000549316406,130.9499969482422,100565
2026-02-25 10:25:00+05:30,130.9499969482422,131.0399932861328,130.8000030517578,130.8000030517578,129693
2026-02-25 10:30:00+05:30,130.8000030517578,131.24000549316406,130.8000030517578,131.14999389648438,193081
2026-02-25 10:35:00+05:30,131.14999389648438,131.19000244140625,130.82000732421875,130.99000549316406,114281
2026-02-25 10:40:00+05:30,131.05999755859375,131.0800018310547,130.75,130.75,124394
2026-02-25 10:45:00+05:30,130.7899932861328,130.85000610351562,130.10000610351562,130.3800048828125,328517
2026-02-25 10:50:00+05:30,130.3699951171875,130.5500030517578,130.27000427246094,130.32000732421875,103552
2026-02-25 10:55:00+05:30,130.35000610351562,130.6699981689453,130.35000610351562,130.5500030517578,83950
2026-02-25 11:00:00+05:30,130.5399932861328,130.58999633789062,130.41000366210938,130.4199981689453,68762
2026-02-25 11:05:00+05:30,130.41000366210938,130.5500030517578,130.17999267578125,130.27000427246094,98861
2026-02-25 11:10:00+05:30,130.27000427246094,130.4499969482422,130.25,130.42999267578125,74924
2026-02-25 11:15:00+05:30,130.44000244140625,130.44000244140625,130.1999969482422,130.27999877929688,102327
2026-02-25 11:20:00+05:30,130.27999877929688,130.3800048828125,130.13999938964844,130.3699951171875,67445
2026-02-25 11:25:00+05:30,130.39999389648438,130.55999755859375,130.30999755859375,130.50999450683594,72379
2026-02-25 11:30:00+05:30,130.5399932861328,130.5399932861328,130.35000610351562,130.44000244140625,63557
2026-02-25 11:35:00+05:30,130.42999267578125,130.47999572753906,130.35000610351562,130.3699951171875,64241
2026-02-25 11:40:00+05:30,130.3699951171875,130.38999938964844,130.3000030517578,130.3300018310547,29416
2026-02-25 11:45:00+05:30,130.3800048828125,130.4600067138672,130.3300018310547,130.39999389648438,38747
2026-02-25 11:50:00+05:30,130.3800048828125,130.41000366210938,130.32000732421875,130.32000732421875,47640
2026-02-25 11:55:00+05:30,130.32000732421875,130.36000061035156,130.1999969482422,130.24000549316406,54265
2026-02-25 12:00:00+05:30,130.25,130.3000030517578,130.1999969482422,130.25999450683594,52295
2026-02-25 12:05:00+05:30,130.1999969482422,130.2899932861328,130.13999938964844,130.13999938964844,76171
2026-02-25 12:10:00+05:30,130.19000244140625,130.1999969482422,130.1300048828125,130.14999389648438,36073
2026-02-25 12:15:00+05:30,130.14999389648438,130.58999633789062,130.14999389648438,130.52999877929688,92459
2026-02-25 12:20:00+05:30,130.52999877929688,130.6999969482422,130.52999877929688,130.6699981689453,95725
2026-02-25 12:25:00+05:30,130.64999389648438,130.67999267578125,130.49000549316406,130.5,76550
2026-02-25 12:30:00+05:30,130.50999450683594,130.8000030517578,130.10000610351562,130.13999938964844,216856
2026-02-25 12:35:00+05:30,130.19000244140625,130.1999969482422,129.89999389648438,130.16000366210938,287061
2026-02-25 12:40:00+05:30,130.13999938964844,130.16000366210938,130.00999450683594,130.0500030517578,164477
2026-02-25 12:45:00+05:30,130.08999633789062,130.08999633789062,129.83999633789062,129.86000061035156,171377
2026-02-25 12:50:00+05:30,129.8000030517578,130.00999450683594,129.8000030517578,129.97000122070312,182278
2026-02-25 12:55:00+05:30,129.9199981689453,130.0,129.75999450683594,129.77999877929688,78943
2026-02-25 13:00:00+05:30,129.8000030517578,129.8300018310547,129.57000732421875,129.7100067138672,160806
2026-02-25 13:05:00+05:30,129.77999877929688,129.8800048828125,129.66000366210938,129.80999755859375,68390
2026-02-25 13:10:00+05:30,129.7899932861328,129.9199981689453,129.77000427246094,129.8000030517578,67061
2026-02-25 13:15:00+05:30,129.77000427246094,129.8699951171875,129.66000366210938,129.80999755859375,58329
2026-02-25 13:20:00+05:30,129.8300018310547,129.88999938964844,129.7899932861328,129.7899932861328,51717
2026-02-25 13:25:00+05:30,129.8300018310547,129.8300018310547,129.57000732421875,129.6999969482422,89643
2026-02-25 13:30:00+05:30,129.66000366210938,129.91000366210938,129.66000366210938,129.75,98338
2026-02-25 13:35:00+05:30,129.72000122070312,129.83999633789062,129.6699981689453,129.75999450683594,38033
2026-02-25 13:40:00+05:30,129.75999450683594,129.75999450683594,129.60000610351562,129.63999938964844,37161
2026-02-25 13:45:00+05:30,129.63999938964844,129.8000030517578,129.55999755859375,129.6999969482422,99169
2026-02-25 13:50:00+05:30,129.6999969482422,129.77999877929688,129.6999969482422,129.75,194769
2026-02-25 13:55:00+05:30,129.75,130.0,129.72000122070312,130.0,154912
2026-02-25 14:00:00+05:30,130.0,130.0,129.60000610351562,129.6300048828125,74059
2026-02-25 14:05:00+05:30,129.64999389648438,129.75,129.50999450683594,129.55999755859375,83701
2026-02-25 14:10:00+05:30,129.57000732421875,129.80999755859375,129.57000732421875,129.72000122070312,86869
2026-02-25 14:15:00+05:30,129.72000122070312,129.97000122070312,129.7100067138672,129.9499969482422,91390
2026-02-25 14:20:00+05:30,129.9199981689453,130.0,129.8300018310547,129.8699951171875,119948
2026-02-25 14:25:00+05:30,129.8699951171875,129.94000244140625,129.74000549316406,129.75999450683594,53548
2026-02-25 14:30:00+05:30,129.8000030517578,130.0,129.77999877929688,129.94000244140625,110222
2026-02-25 14:35:00+05:30,129.94000244140625,130.13999938964844,129.91000366210938,129.97000122070312,139725
2026-02-25 14:40:00+05:30,129.97000122070312,129.99000549316406,129.77000427246094,129.8300018310547,58673
2026-02-25 14:45:00+05:30,129.80999755859375,129.8699951171875,129.8000030517578,129.8000030517578,49342
2026-02-25 14:50:00+05:30,129.8000030517578,129.99000549316406,129.77000427246094,129.99000549316406,99046
2026-02-25 14:55:00+05:30,130.08999633789062,130.14999389648438,129.9499969482422,130.14999389648438,158536
2026-02-25 15:00:00+05:30,130.08999633789062,130.58999633789062,130.08999633789062,130.5,510596
2026-02-25 15:05:00+05:30,130.50999450683594,130.55999755859375,130.38999938964844,130.5399932861328,252847
2026-02-25 15:10:00+05:30,130.5,130.69000244140625,130.47999572753906,130.67999267578125,348023
2026-02-25 15:15:00+05:30,130.67999267578125,130.6999969482422,130.50999450683594,130.6999969482422,388070
2026-02-25 15:20:00+05:30,130.64999389648438,130.69000244140625,130.5500030517578,130.58999633789062,384013
2026-02-25 15:25:00+05:30,130.61000061035156,130.64999389648438,130.5399932861328,130.5399932861328,353911
2026-02-26 09:20:00+05:30,132.14999389648438,132.64999389648438,132.1300048828125,132.47000122070312,1411822
2026-02-26 09:25:00+05:30,132.49000549316406,132.5,131.80999755859375,131.9600067138672,581775
2026-02-26 09:30:00+05:30,132.02000427246094,132.02000427246094,131.5,131.6999969482422,468928
2026-02-26 09:35:00+05:30,131.69000244140625,131.72999572753906,131.3000030517578,131.32000732421875,312875
2026-02-26 09:40:00+05:30,131.3300018310547,131.69000244140625,131.3300018310547,131.52999877929688,366297
2026-02-26 09:45:00+05:30,131.52000427246094,131.52000427246094,130.91000366210938,131.14999389648438,391579
2026-02-26 09:50:00+05:30,131.1300048828125,131.14999389648438,130.83999633789062,130.88999938964844,249556
2026-02-26 09:55:00+05:30,130.8300018310547,131.08999633789062,130.8300018310547,130.94000244140625,124492
2026-02-26 10:00:00+05:30,130.94000244140625,131.0800018310547,130.75,130.82000732421875,177672
2026-02-26 10:05:00+05:30,130.82000732421875,131.1199951171875,130.6699981689453,131.1199951171875,193261
2026-02-26 10:10:00+05:30,131.11000061035156,131.27999877929688,130.8800048828125,131.00999450683594,175820
2026-02-26 10:15:00+05:30,131.0399932861328,131.0399932861328,130.66000366210938,130.89999389648438,120387
2026-02-26 10:20:00+05:30,130.92999267578125,130.9499969482422,130.67999267578125,130.74000549316406,162796
2026-02-26 10:25:00+05:30,130.74000549316406,130.89999389648438,130.74000549316406,130.89999389648438,72841
2026-02-26 10:30:00+05:30,130.88999938964844,130.92999267578125,130.6999969482422,130.7100067138672,155297
2026-02-26 10:35:00+05:30,130.77000427246094,130.86000061035156,130.60000610351562,130.6300048828125,125600
2026-02-26 10:40:00+05:30,130.67999267578125,130.9499969482422,130.61000061035156,130.9499969482422,136234
2026-02-26 10:45:00+05:30,130.9499969482422,130.97999572753906,130.85000610351562,130.94000244140625,116128
2026-02-26 10:50:00+05:30,130.91000366210938,131.0,130.8800048828125,130.89999389648438,75096
2026-02-26 10:55:00+05:30,130.89999389648438,130.9600067138672,130.75,130.75,63358
2026-02-26 11:00:00+05:30,130.6999969482422,130.6999969482422,130.44000244140625,130.5500030517578,160223
2026-02-26 11:05:00+05:30,130.5500030517578,130.57000732421875,130.39999389648438,130.42999267578125,91510
2026-02-26 11:10:00+05:30,130.41000366210938,130.60000610351562,130.39999389648438,130.5,64865
2026-02-26 11:15:00+05:30,130.49000549316406,130.60000610351562,130.44000244140625,130.60000610351562,53370
2026-02-26 11:20:00+05:30,130.60000610351562,130.6999969482422,130.42999267578125,130.6999969482422,154175
2026-02-26 11:25:00+05:30,130.6699981689453,130.75,130.58999633789062,130.66000366210938,59618
2026-02-26 11:30:00+05:30,130.6300048828125,130.75,130.52999877929688,130.66000366210938,105717
2026-02-26 11:35:00+05:30,130.6699981689453,130.88999938964844,130.61000061035156,130.75,99234
2026-02-26 11:40:00+05:30,130.75,130.85000610351562,130.66000366210938,130.72000122070312,115199
2026-02-26 11:45:00+05:30,130.72000122070312,130.72000122070312,130.57000732421875,130.6199951171875,119080
2026-02-26 11:50:00+05:30,130.61000061035156,130.6999969482422,130.30999755859375,130.35000610351562,231742
2026-02-26 11:55:00+05:30,130.4199981689453,130.4499969482422,130.0500030517578,130.1999969482422,158435
2026-02-26 12:00:00+05:30,130.25,130.36000061035156,130.1999969482422,130.3300018310547,40787
2026-02-26 12:05:00+05:30,130.33999633789062,130.3699951171875,130.25,130.25,52189
2026-02-26 12:10:00+05:30,130.25,130.25,130.0399932861328,130.0800018310547,78074
2026-02-26 12:15:00+05:30,130.02999877929688,130.1999969482422,130.02999877929688,130.1999969482422,97099
2026-02-26 12:20:00+05:30,130.25,130.25,129.89999389648438,130.07000732421875,245614
2026-02-26 12:25:00+05:30,130.0500030517578,130.13999938964844,130.02000427246094,130.0399932861328,45598
2026-02-26 12:30:00+05:30,130.0399932861328,130.07000732421875,129.83999633789062,129.9499969482422,190015
2026-02-26 12:35:00+05:30,130.0,130.08999633789062,129.89999389648438,129.97000122070312,84560
2026-02-26 12:40:00+05:30,130.0,130.30999755859375,129.97000122070312,130.25,118083
2026-02-26 12:45:00+05:30,130.2100067138672,130.24000549316406,130.11000061035156,130.1699981689453,55979
2026-02-26 12:50:00+05:30,130.14999389648438,130.16000366210938,130.07000732421875,130.14999389648438,29171
2026-02-26 12:55:00+05:30,130.14999389648438,130.19000244140625,130.0399932861328,130.10000610351562,58627
2026-02-26 13:00:00+05:30,130.08999633789062,130.10000610351562,129.8000030517578,129.88999938964844,131921
2026-02-26 13:05:00+05:30,129.88999938964844,130.02000427246094,129.8699951171875,129.9600067138672,65843
2026-02-26 13:10:00+05:30,129.9499969482422,129.99000549316406,129.8800048828125,129.89999389648438,54399
2026-02-26 13:15:00+05:30,129.89999389648438,129.9199981689453,129.8000030517578,129.8800048828125,67546
2026-02-26 13:20:00+05:30,129.88999938964844,129.99000549316406,129.8800048828125,129.89999389648438,39035
2026-02-26 13:25:00+05:30,129.9499969482422,130.08999633789062,129.86000061035156,129.9499969482422,108128
2026-02-26 13:30:00+05:30,129.94000244140625,129.99000549316406,129.75999450683594,129.7899932861328,153865
2026-02-26 13:35:00+05:30,129.7899932861328,129.85000610351562,129.72000122070312,129.7899932861328,3551098
2026-02-26 13:40:00+05:30,129.77000427246094,130.0800018310547,129.74000549316406,130.0,230471
2026-02-26 13:45:00+05:30,130.0,130.0,129.74000549316406,129.80999755859375,165632
2026-02-26 13:50:00+05:30,129.75999450683594,129.75999450683594,129.5399932861328,129.67999267578125,182751
2026-02-26 13:55:00+05:30,129.69000244140625,129.7100067138672,129.5,129.52000427246094,112028
2026-02-26 14:00:00+05:30,129.52999877929688,129.5800018310547,129.3000030517578,129.41000366210938,198715
2026-02-26 14:05:00+05:30,129.35000610351562,129.6300048828125,129.35000610351562,129.5800018310547,117695
2026-02-26 14:10:00+05:30,129.66000366210938,129.66000366210938,129.52000427246094,129.60000610351562,88716
2026-02-26 14:15:00+05:30,129.64999389648438,129.67999267578125,129.5,129.5800018310547,58921
2026-02-26 14:20:00+05:30,129.5800018310547,129.6199951171875,129.5500030517578,129.60000610351562,37803
2026-02-26 14:25:00+05:30,129.5800018310547,129.63999938964844,129.32000732421875,129.50999450683594,729878
2026-02-26 14:30:00+05:30,129.52999877929688,129.72999572753906,129.38999938964844,129.57000732421875,279377
2026-02-26 14:35:00+05:30,129.58999633789062,129.6300048828125,129.38999938964844,129.4199981689453,210535
2026-02-26 14:40:00+05:30,129.4499969482422,129.77000427246094,129.4199981689453,129.69000244140625,450248
2026-02-26 14:45:00+05:30,129.72999572753906,130.1300048828125,129.72000122070312,130.0800018310547,481525
2026-02-26 14:50:00+05:30,130.10000610351562,130.13999938964844,129.86000061035156,130.1199951171875,140031
2026-02-26 14:55:00+05:30,130.11000061035156,130.2899932861328,130.11000061035156,130.22999572753906,283156
2026-02-26 15:00:00+05:30,130.44000244140625,130.75,130.17999267578125,130.25999450683594,1626652
2026-02-26 15:05:00+05:30,130.2899932861328,130.6699981689453,130.27000427246094,130.6699981689453,1276089
2026-02-26 15:10:00+05:30,130.6300048828125,130.88999938964844,130.58999633789062,130.6999969482422,1589516
2026-02-26 15:15:00+05:30,130.7100067138672,130.7100067138672,130.39999389648438,130.47999572753906,1500591
2026-02-26 15:20:00+05:30,130.47000122070312,130.47000122070312,130.27000427246094,130.32000732421875,1583836
2026-02-26 15:25:00+05:30,130.32000732421875,130.47999572753906,130.13999938964844,130.47999572753906,1152269
2026-02-27 09:20:00+05:30,129.99000549316406,130.5500030517578,129.91000366210938,130.4600067138672,377292
2026-02-27 09:25:00+05:30,130.5,130.74000549316406,130.17999267578125,130.17999267578125,451136
2026-02-27 09:30:00+05:30,130.22000122070312,130.49000549316406,130.1999969482422,130.30999755859375,167871
2026-02-27 09:35:00+05:30,130.35000610351562,130.4499969482422,130.02000427246094,130.4199981689453,128115
2026-02-27 09:40:00+05:30,130.42999267578125,130.42999267578125,129.99000549316406,129.99000549316406,147115
2026-02-27 09:45:00+05:30,129.92999267578125,129.94000244140625,129.6999969482422,129.7899932861328,171262
2026-02-27 09:50:00+05:30,129.75,129.83999633789062,129.5,129.50999450683594,195637
2026-02-27 09:55:00+05:30,129.5399932861328,129.6300048828125,129.3800048828125,129.3800048828125,181918
2026-02-27 10:00:00+05:30,129.32000732421875,129.6999969482422,129.32000732421875,129.66000366210938,182301
2026-02-27 10:05:00+05:30,129.66000366210938,129.85000610351562,129.52000427246094,129.64999389648438,244288
2026-02-27 10:10:00+05:30,129.64999389648438,129.83999633789062,129.63999938964844,129.63999938964844,93189
2026-02-27 10:15:00+05:30,129.6300048828125,129.66000366210938,129.35000610351562,129.47000122070312,64903
2026-02-27 10:20:00+05:30,129.47000122070312,129.85000610351562,129.47000122070312,129.75,162287
2026-02-27 10:25:00+05:30,129.8000030517578,130.07000732421875,129.74000549316406,130.0399932861328,106317
2026-02-27 10:30:00+05:30,130.14999389648438,130.27999877929688,130.10000610351562,130.22999572753906,161370
2026-02-27 10:35:00+05:30,130.22999572753906,130.5500030517578,130.22000122070312,130.3000030517578,250786
2026-02-27 10:40:00+05:30,130.27000427246094,130.33999633789062,130.1999969482422,130.22999572753906,86962
2026-02-27 10:45:00+05:30,130.1999969482422,130.50999450683594,130.14999389648438,130.33999633789062,466611
2026-02-27 10:50:00+05:30,130.3300018310547,130.38999938964844,130.07000732421875,130.17999267578125,76684
2026-02-27 10:55:00+05:30,130.1999969482422,130.22999572753906,130.07000732421875,130.10000610351562,41677
2026-02-27 11:00:00+05:30,130.10000610351562,130.10000610351562,129.80999755859375,130.07000732421875,88444
2026-02-27 11:05:00+05:30,130.08999633789062,130.19000244140625,130.07000732421875,130.14999389648438,55789
2026-02-27 11:10:00+05:30,130.14999389648438,130.27999877929688,130.10000610351562,130.27000427246094,72401
2026-02-27 11:15:00+05:30,130.25,130.27000427246094,129.97999572753906,129.99000549316406,77380
2026-02-27 11:20:00+05:30,130.0,130.0399932861328,129.9199981689453,129.99000549316406,46987
2026-02-27 11:25:00+05:30,129.97000122070312,129.99000549316406,129.75,129.77999877929688,106415
2026-02-27 11:30:00+05:30,129.77999877929688,129.77999877929688,129.50999450683594,129.52999877929688,161658
2026-02-27 11:35:00+05:30,129.5399932861328,129.60000610351562,129.42999267578125,129.58999633789062,163809
2026-02-27 11:40:00+05:30,129.5500030517578,129.72999572753906,129.5500030517578,129.72999572753906,79791
2026-02-27 11:45:00+05:30,129.6999969482422,129.88999938964844,129.6699981689453,129.72000122070312,118949
2026-02-27 11:50:00+05:30,129.69000244140625,129.94000244140625,129.61000061035156,129.88999938964844,64344
2026-02-27 11:55:00+05:30,129.88999938964844,129.9199981689453,129.74000549316406,129.77000427246094,63957
2026-02-27 12:00:00+05:30,129.8000030517578,130.1999969482422,129.77000427246094,129.88999938964844,158537
2026-02-27 12:05:00+05:30,129.9499969482422,129.99000549316406,129.63999938964844,129.75,72449
2026-02-27 12:10:00+05:30,129.72999572753906,129.85000610351562,129.6999969482422,129.75999450683594,58668
2026-02-27 12:15:00+05:30,129.75,129.85000610351562,129.6999969482422,129.72000122070312,55290
2026-02-27 12:20:00+05:30,129.75999450683594,129.9199981689453,129.63999938964844,129.69000244140625,91106
2026-02-27 12:25:00+05:30,129.69000244140625,129.92999267578125,129.69000244140625,129.86000061035156,53168
2026-02-27 12:30:00+05:30,129.86000061035156,129.91000366210938,129.75,129.8699951171875,74672
2026-02-27 12:35:00+05:30,129.8699951171875,129.89999389648438,129.72999572753906,129.75,40721
2026-02-27 12:40:00+05:30,129.77999877929688,129.7899932861328,129.6199951171875,129.72000122070312,61991
2026-02-27 12:45:00+05:30,129.72000122070312,129.9600067138672,129.6999969482422,129.75999450683594,33370
2026-02-27 12:50:00+05:30,129.77000427246094,129.9199981689453,129.75999450683594,129.8000030517578,172476
2026-02-27 12:55:00+05:30,129.85000610351562,129.85000610351562,129.7100067138672,129.83999633789062,85054
2026-02-27 13:00:00+05:30,129.85000610351562,129.94000244140625,129.82000732421875,129.85000610351562,20813
2026-02-27 13:05:00+05:30,129.85000610351562,130.11000061035156,129.85000610351562,130.07000732421875,152120
2026-02-27 13:10:00+05:30,130.07000732421875,130.07000732421875,129.7899932861328,129.82000732421875,80840
2026-02-27 13:15:00+05:30,129.82000732421875,129.89999389648438,129.82000732421875,129.8300018310547,34639
2026-02-27 13:20:00+05:30,129.85000610351562,129.9600067138672,129.82000732421875,129.8699951171875,14748
2026-02-27 13:25:00+05:30,129.8800048828125,130.0,129.8800048828125,129.89999389648438,52230
2026-02-27 13:30:00+05:30,129.91000366210938,129.91000366210938,129.66000366210938,129.66000366210938,54449
2026-02-27 13:35:00+05:30,129.66000366210938,129.72999572753906,129.52999877929688,129.60000610351562,157214
2026-02-27 13:40:00+05:30,129.60000610351562,129.8000030517578,129.60000610351562,129.72000122070312,38174
2026-02-27 13:45:00+05:30,129.72000122070312,130.0,129.72000122070312,129.9600067138672,91435
2026-02-27 13:50:00+05:30,130.0,130.0,129.75999450683594,129.8300018310547,76550
2026-02-27 13:55:00+05:30,129.86000061035156,130.0800018310547,129.85000610351562,130.05999755859375,87487
2026-02-27 14:00:00+05:30,130.0800018310547,130.22999572753906,130.0,130.02999877929688,208944
2026-02-27 14:05:00+05:30,130.02999877929688,130.16000366210938,129.9600067138672,130.1199951171875,153427
2026-02-27 14:10:00+05:30,130.1699981689453,130.19000244140625,129.97000122070312,129.99000549316406,96993
2026-02-27 14:15:00+05:30,129.99000549316406,130.1300048828125,129.99000549316406,130.10000610351562,63051
2026-02-27 14:20:00+05:30,130.10000610351562,130.32000732421875,130.10000610351562,130.22999572753906,253135
2026-02-27 14:25:00+05:30,130.22999572753906,130.30999755859375,130.08999633789062,130.08999633789062,159753
2026-02-27 14:30:00+05:30,130.1199951171875,130.35000610351562,130.0800018310547,130.32000732421875,172703
2026-02-27 14:35:00+05:30,130.32000732421875,130.85000610351562,130.32000732421875,130.66000366210938,570681
2026-02-27 14:40:00+05:30,130.66000366210938,130.72999572753906,130.50999450683594,130.55999755859375,242174
2026-02-27 14:45:00+05:30,130.5500030517578,130.55999755859375,130.25,130.35000610351562,268138
2026-02-27 14:50:00+05:30,130.35000610351562,130.5,130.30999755859375,130.41000366210938,365967
2026-02-27 14:55:00+05:30,130.41000366210938,130.55999755859375,130.3800048828125,130.4499969482422,376848
2026-02-27 15:00:00+05:30,130.19000244140625,130.25,129.47999572753906,129.47999572753906,1224241
2026-02-27 15:05:00+05:30,129.58999633789062,129.60000610351562,129.3000030517578,129.52999877929688,1176017
2026-02-27 15:10:00+05:30,129.58999633789062,129.82000732421875,129.32000732421875,129.39999389648438,1041139
2026-02-27 15:15:00+05:30,129.38999938964844,129.6699981689453,129.27999877929688,129.27999877929688,1281717
2026-02-27 15:20:00+05:30,129.2100067138672,129.35000610351562,129.02000427246094,129.02000427246094,1519841
2026-02-27 15:25:00+05:30,129.0800018310547,129.44000244140625,128.80999755859375,129.44000244140625,1159656
2026-03-02 09:20:00+05:30,127.58999633789062,127.9800033569336,127.08999633789062,127.1500015258789,947126
2026-03-02 09:25:00+05:30,127.1500015258789,127.70999908447266,127.08000183105469,127.48999786376953,905701
2026-03-02 09:30:00+05:30,127.55999755859375,127.9800033569336,127.36000061035156,127.86000061035156,555812
2026-03-02 09:35:00+05:30,127.7699966430664,128.19000244140625,127.58999633789062,128.10000610351562,1387066
2026-03-02 09:40:00+05:30,128.10000610351562,128.6999969482422,127.91000366210938,128.58999633789062,461789
2026-03-02 09:45:00+05:30,128.60000610351562,128.6699981689453,128.3300018310547,128.44000244140625,269342
2026-03-02 09:50:00+05:30,128.39999389648438,128.5500030517578,128.25999450683594,128.5399932861328,218825
2026-03-02 09:55:00+05:30,128.52999877929688,128.58999633789062,128.30999755859375,128.32000732421875,263748
2026-03-02 10:00:00+05:30,128.32000732421875,128.4499969482422,128.17999267578125,128.22999572753906,165482
2026-03-02 10:05:00+05:30,128.25999450683594,128.25999450683594,127.19000244140625,127.2300033569336,281240
2026-03-02 10:10:00+05:30,127.19999694824219,127.22000122070312,127.0,127.20999908447266,209287
2026-03-02 10:15:00+05:30,127.19000244140625,127.25,126.69000244140625,126.9000015258789,339698
2026-03-02 10:20:00+05:30,126.93000030517578,127.0,126.6500015258789,126.75,169998
2026-03-02 10:25:00+05:30,126.79000091552734,127.0,126.6500015258789,126.7699966430664,111223
2026-03-02 10:30:00+05:30,126.69000244140625,127.11000061035156,126.6500015258789,127.0,92874
2026-03-02 10:35:00+05:30,127.0,127.08999633789062,126.80000305175781,126.8499984741211,116566
2026-03-02 10:40:00+05:30,126.83000183105469,126.93000030517578,126.61000061035156,126.70999908447266,141766
2026-03-02 10:45:00+05:30,126.6500015258789,126.79000091552734,126.5,126.5999984741211,161428
2026-03-02 10:50:00+05:30,126.5999984741211,126.66000366210938,126.43000030517578,126.47000122070312,115298
2026-03-02 10:55:00+05:30,126.5,126.83999633789062,126.41999816894531,126.7300033569336,100642
2026-03-02 11:00:00+05:30,126.83000183105469,127.37999725341797,126.80000305175781,127.25,229200
2026-03-02 11:05:00+05:30,127.2699966430664,127.2699966430664,126.87000274658203,126.88999938964844,253387
2026-03-02 11:10:00+05:30,126.87000274658203,126.93000030517578,126.68000030517578,126.79000091552734,132023
2026-03-02 11:15:00+05:30,126.7300033569336,126.91000366210938,126.66999816894531,126.69999694824219,121428
2026-03-02 11:20:00+05:30,126.66999816894531,126.87000274658203,126.62000274658203,126.86000061035156,107429
2026-03-02 11:25:00+05:30,126.83999633789062,127.0,126.75,126.81999969482422,114142
2026-03-02 11:30:00+05:30,126.81999969482422,126.94999694824219,126.73999786376953,126.86000061035156,173551
2026-03-02 11:35:00+05:30,126.9000015258789,127.0,126.86000061035156,126.93000030517578,94161
2026-03-02 11:40:00+05:30,126.91999816894531,126.9800033569336,126.80000305175781,126.9000015258789,139329
2026-03-02 11:45:00+05:30,126.88999938964844,126.97000122070312,126.69999694824219,126.72000122070312,331858
2026-03-02 11:50:00+05:30,126.7699966430664,126.77999877929688,126.55000305175781,126.62999725341797,154027
2026-03-02 11:55:00+05:30,126.62999725341797,126.69000244140625,126.30999755859375,126.33000183105469,208873
2026-03-02 12:00:00+05:30,126.33000183105469,126.33999633789062,126.19000244140625,126.2699966430664,520625
2026-03-02 12:05:00+05:30,126.30000305175781,126.62999725341797,126.25,126.62999725341797,131334
2026-03-02 12:10:00+05:30,126.62999725341797,126.62999725341797,126.41000366210938,126.4800033569336,155955
2026-03-02 12:15:00+05:30,126.4800033569336,126.7300033569336,126.43000030517578,126.61000061035156,130949
2026-03-02 12:20:00+05:30,126.58000183105469,126.79000091552734,126.55999755859375,126.7300033569336,90596
2026-03-02 12:25:00+05:30,126.7300033569336,126.80000305175781,126.51000213623047,126.69000244140625,284451
2026-03-02 12:30:00+05:30,126.69000244140625,126.73999786376953,126.62000274658203,126.63999938964844,104436
2026-03-02 12:35:00+05:30,126.66000366210938,126.66999816894531,126.22000122070312,126.25,273254
2026-03-02 12:40:00+05:30,126.19999694824219,126.31999969482422,126.16999816894531,126.16999816894531,116162
2026-03-02 12:45:00+05:30,126.16999816894531,126.30999755859375,126.0,126.20999908447266,218119
2026-03-02 12:50:00+05:30,126.12999725341797,126.4800033569336,126.04000091552734,126.45999908447266,138786
2026-03-02 12:55:00+05:30,126.4000015258789,126.44000244140625,126.0999984741211,126.1500015258789,331681
2026-03-02 13:00:00+05:30,126.1500015258789,126.2699966430664,125.97000122070312,126.0,162123
2026-03-02 13:05:00+05:30,125.94999694824219,126.0,125.62000274658203,125.69000244140625,225125
2026-03-02 13:10:00+05:30,125.62999725341797,125.75,125.58000183105469,125.58999633789062,163462
2026-03-02 13:15:00+05:30,125.55999755859375,125.5999984741211,125.37000274658203,125.4800033569336,110591
2026-03-02 13:20:00+05:30,125.4800033569336,125.55000305175781,125.41000366210938,125.44999694824219,103353
2026-03-02 13:25:00+05:30,125.41000366210938,125.44999694824219,125.05999755859375,125.12999725341797,251906
2026-03-02 13:30:00+05:30,125.1500015258789,125.41999816894531,125.12000274658203,125.26000213623047,458129
2026-03-02 13:35:00+05:30,125.19999694824219,125.41000366210938,125.19000244140625,125.29000091552734,76985
2026-03-02 13:40:00+05:30,125.29000091552734,125.29000091552734,125.11000061035156,125.22000122070312,69917
2026-03-02 13:45:00+05:30,125.22000122070312,125.3499984741211,124.97000122070312,124.97000122070312,108680
2026-03-02 13:50:00+05:30,124.97000122070312,124.97000122070312,124.56999969482422,124.62000274658203,303602
2026-03-02 13:55:00+05:30,124.58999633789062,124.75,124.54000091552734,124.66999816894531,250879
2026-03-02 14:00:00+05:30,124.66000366210938,125.58999633789062,124.5999984741211,125.37999725341797,361541
2026-03-02 14:05:00+05:30,125.37999725341797,125.73999786376953,125.37999725341797,125.68000030517578,269495
2026-03-02 14:10:00+05:30,125.69999694824219,126.04000091552734,125.69000244140625,125.98999786376953,359961
2026-03-02 14:15:00+05:30,126.0,126.1500015258789,125.87000274658203,125.87000274658203,229553
2026-03-02 14:20:00+05:30,125.86000061035156,126.08000183105469,125.81999969482422,126.02999877929688,78553
2026-03-02 14:25:00+05:30,126.04000091552734,126.11000061035156,125.94000244140625,126.01000213623047,134709
2026-03-02 14:30:00+05:30,126.08000183105469,126.0999984741211,125.7300033569336,126.08999633789062,257950
2026-03-02 14:35:00+05:30,126.12999725341797,126.33000183105469,126.12999725341797,126.26000213623047,160457
2026-03-02 14:40:00+05:30,126.26000213623047,126.4000015258789,126.12000274658203,126.20999908447266,94773
2026-03-02 14:45:00+05:30,126.2300033569336,126.30000305175781,126.0999984741211,126.1500015258789,331939
2026-03-02 14:50:00+05:30,126.18000030517578,126.2699966430664,126.06999969482422,126.16999816894531,144155
2026-03-02 14:55:00+05:30,126.3499984741211,126.3499984741211,125.91999816894531,125.95999908447266,386728
2026-03-02 15:00:00+05:30,125.98999786376953,126.18000030517578,125.8499984741211,126.11000061035156,195003
2026-03-02 15:05:00+05:30,126.0999984741211,126.11000061035156,125.94999694824219,126.08000183105469,111012
2026-03-02 15:10:00+05:30,126.05999755859375,126.12000274658203,125.94999694824219,126.12000274658203,339674
2026-03-02 15:15:00+05:30,126.19000244140625,126.19999694824219,126.05999755859375,126.08000183105469,297971
2026-03-02 15:20:00+05:30,126.0999984741211,126.25,125.86000061035156,126.19000244140625,1047115
2026-03-02 15:25:00+05:30,126.13999938964844,126.30000305175781,126.13999938964844,126.26000213623047,336038
2026-03-04 09:20:00+05:30,123.66999816894531,123.91000366210938,123.33000183105469,123.41999816894531,808800
2026-03-04 09:25:00+05:30,123.30999755859375,123.5999984741211,122.94000244140625,122.94999694824219,787304
2026-03-04 09:30:00+05:30,122.93000030517578,123.22000122070312,122.86000061035156,123.12999725341797,630205
2026-03-04 09:35:00+05:30,123.05000305175781,123.2699966430664,122.75,123.05000305175781,537964
2026-03-04 09:40:00+05:30,123.05000305175781,123.23999786376953,122.98999786376953,123.06999969482422,387637
2026-03-04 09:45:00+05:30,123.05000305175781,123.05000305175781,122.0999984741211,122.12000274658203,764274
2026-03-04 09:50:00+05:30,122.06999969482422,122.77999877929688,122.06999969482422,122.29000091552734,655921
2026-03-04 09:55:00+05:30,122.30000305175781,122.30000305175781,122.05000305175781,122.16000366210938,338224
2026-03-04 10:00:00+05:30,122.11000061035156,122.4000015258789,122.08000183105469,122.12999725341797,348964
2026-03-04 10:05:00+05:30,122.12999725341797,122.36000061035156,122.08999633789062,122.36000061035156,312451
2026-03-04 10:10:00+05:30,122.4000015258789,122.87999725341797,122.13999938964844,122.80999755859375,524727
2026-03-04 10:15:00+05:30,122.80999755859375,122.80999755859375,122.38999938964844,122.69000244140625,230820
2026-03-04 10:20:00+05:30,122.80000305175781,122.88999938964844,122.62999725341797,122.70999908447266,411104
2026-03-04 10:25:00+05:30,122.62999725341797,122.69999694824219,122.37999725341797,122.4800033569336,393253
2026-03-04 10:30:00+05:30,122.5,122.62000274658203,122.30000305175781,122.31999969482422,220810
2026-03-04 10:35:00+05:30,122.30000305175781,122.30000305175781,121.9000015258789,121.9000015258789,483350
2026-03-04 10:40:00+05:30,121.94000244140625,122.0199966430664,121.68000030517578,121.7699966430664,406656
2026-03-04 10:45:00+05:30,121.80999755859375,121.95999908447266,121.7300033569336,121.83999633789062,206510
2026-03-04 10:50:00+05:30,121.83999633789062,121.88999938964844,121.6500015258789,121.69000244140625,189552
2026-03-04 10:55:00+05:30,121.66000366210938,121.66000366210938,121.44000244140625,121.51000213623047,390994
2026-03-04 11:00:00+05:30,121.56999969482422,122.0199966430664,121.55000305175781,121.91999816894531,313029
2026-03-04 11:05:00+05:30,121.88999938964844,122.25,121.69999694824219,122.2300033569336,271409
2026-03-04 11:10:00+05:30,122.2300033569336,122.5,122.22000122070312,122.25,147594
2026-03-04 11:15:00+05:30,122.25,122.25,121.94999694824219,121.94999694824219,192143
2026-03-04 11:20:00+05:30,121.94000244140625,122.19000244140625,121.86000061035156,121.91000366210938,137279
2026-03-04 11:25:00+05:30,121.91000366210938,121.91000366210938,121.5,121.5,209340
2026-03-04 11:30:00+05:30,121.5,121.63999938964844,121.5,121.63999938964844,128027
2026-03-04 11:35:00+05:30,121.63999938964844,121.94999694824219,121.62999725341797,121.87000274658203,227016
2026-03-04 11:40:00+05:30,121.83999633789062,121.83999633789062,121.61000061035156,121.63999938964844,98184
2026-03-04 11:45:00+05:30,121.6500015258789,121.83999633789062,121.63999938964844,121.70999908447266,94804
2026-03-04 11:50:00+05:30,121.72000122070312,121.83999633789062,121.55999755859375,121.56999969482422,104641
2026-03-04 11:55:00+05:30,121.56999969482422,121.69000244140625,121.56999969482422,121.56999969482422,285281
2026-03-04 12:00:00+05:30,121.58999633789062,121.69000244140625,121.5199966430664,121.55999755859375,87485
2026-03-04 12:05:00+05:30,121.55999755859375,121.58999633789062,120.94000244140625,120.94000244140625,413024
2026-03-04 12:10:00+05:30,120.91000366210938,120.95999908447266,120.75,120.79000091552734,179305
2026-03-04 12:15:00+05:30,120.80000305175781,120.88999938964844,120.6500015258789,120.8499984741211,281899
2026-03-04 12:20:00+05:30,120.8499984741211,121.0,120.8499984741211,120.93000030517578,82102
2026-03-04 12:25:00+05:30,120.93000030517578,121.0,120.75,120.7699966430664,103468
2026-03-04 12:30:00+05:30,120.7699966430664,120.83999633789062,120.69999694824219,120.83999633789062,56088
2026-03-04 12:35:00+05:30,120.81999969482422,121.0999984741211,120.72000122070312,120.91000366210938,244943
2026-03-04 12:40:00+05:30,120.88999938964844,120.9000015258789,120.70999908447266,120.79000091552734,216523
2026-03-04 12:45:00+05:30,120.73999786376953,120.73999786376953,120.41000366210938,120.66000366210938,389804
2026-03-04 12:50:00+05:30,120.66000366210938,120.69999694824219,120.55999755859375,120.66000366210938,61787
2026-03-04 12:55:00+05:30,120.68000030517578,121.0,120.68000030517578,120.88999938964844,209990
2026-03-04 13:00:00+05:30,120.88999938964844,121.0,120.81999969482422,120.91999816894531,124820
2026-03-04 13:05:00+05:30,120.91999816894531,121.36000061035156,120.88999938964844,121.30000305175781,215933
2026-03-04 13:10:00+05:30,121.30999755859375,121.75,121.30999755859375,121.62000274658203,365610
2026-03-04 13:15:00+05:30,121.69000244140625,121.69999694824219,121.5,121.5,527953
2026-03-04 13:20:00+05:30,121.5,121.68000030517578,121.36000061035156,121.62999725341797,416148
2026-03-04 13:25:00+05:30,121.6500015258789,121.83999633789062,121.41000366210938,121.41000366210938,106339
2026-03-04 13:30:00+05:30,121.44000244140625,121.61000061035156,121.19999694824219,121.19999694824219,94482
2026-03-04 13:35:00+05:30,121.19999694824219,121.4000015258789,121.12999725341797,121.30000305175781,93290
2026-03-04 13:40:00+05:30,121.3499984741211,121.36000061035156,121.16999816894531,121.33000183105469,84858
2026-03-04 13:45:00+05:30,121.33000183105469,121.33000183105469,121.12000274658203,121.19999694824219,122468
2026-03-04 13:50:00+05:30,121.2300033569336,121.23999786376953,121.0199966430664,121.02999877929688,114119
2026-03-04 13:55:00+05:30,121.0,121.31999969482422,121.0,121.31999969482422,236754
2026-03-04 14:00:00+05:30,121.27999877929688,121.58000183105469,121.27999877929688,121.5,213861
2026-03-04 14:05:00+05:30,121.48999786376953,121.73999786376953,121.31999969482422,121.7300033569336,245285
2026-03-04 14:10:00+05:30,121.79000091552734,122.23999786376953,121.69999694824219,122.23999786376953,878162
2026-03-04 14:15:00+05:30,122.29000091552734,122.47000122070312,122.0999984741211,122.2699966430664,531255
2026-03-04 14:20:00+05:30,122.25,122.27999877929688,121.8499984741211,121.8499984741211,169454
2026-03-04 14:25:00+05:30,121.8499984741211,121.88999938964844,121.62000274658203,121.63999938964844,125354
2026-03-04 14:30:00+05:30,121.62999725341797,121.94999694824219,121.54000091552734,121.80000305175781,235968
2026-03-04 14:35:00+05:30,121.80999755859375,121.87999725341797,121.63999938964844,121.68000030517578,282244
2026-03-04 14:40:00+05:30,121.73999786376953,121.87999725341797,121.6500015258789,121.83999633789062,187544
2026-03-04 14:45:00+05:30,121.79000091552734,121.95999908447266,121.44999694824219,121.8499984741211,312237
2026-03-04 14:50:00+05:30,121.79000091552734,121.8499984741211,121.75,121.79000091552734,166943
2026-03-04 14:55:00+05:30,121.76000213623047,121.87999725341797,121.62999725341797,121.66999816894531,219858
2026-03-04 15:00:00+05:30,121.75,121.79000091552734,121.5199966430664,121.58999633789062,416921
2026-03-04 15:05:00+05:30,121.63999938964844,121.66999816894531,121.26000213623047,121.27999877929688,437937
2026-03-04 15:10:00+05:30,121.26000213623047,121.36000061035156,121.05000305175781,121.3499984741211,506098
2026-03-04 15:15:00+05:30,121.36000061035156,121.44999694824219,121.23999786376953,121.33000183105469,690283
2026-03-04 15:20:00+05:30,121.33000183105469,121.4000015258789,121.26000213623047,121.38999938964844,805137
2026-03-04 15:25:00+05:30,121.4000015258789,121.44999694824219,121.0999984741211,121.37000274658203,511431
2026-03-05 09:20:00+05:30,122.77999877929688,122.91999816894531,122.45999908447266,122.91999816894531,361369
2026-03-05 09:25:00+05:30,122.93000030517578,123.04000091552734,122.55000305175781,122.63999938964844,309927
2026-03-05 09:30:00+05:30,122.69000244140625,122.70999908447266,122.4000015258789,122.52999877929688,166958
2026-03-05 09:35:00+05:30,122.55000305175781,122.55000305175781,122.19999694824219,122.19999694824219,164475
2026-03-05 09:40:00+05:30,122.19999694824219,122.43000030517578,122.12000274658203,122.30000305175781,111966
2026-03-05 09:45:00+05:30,122.30000305175781,122.56999969482422,122.25,122.44999694824219,134283
2026-03-05 09:50:00+05:30,122.44000244140625,122.62999725341797,122.27999877929688,122.5999984741211,134105
2026-03-05 09:55:00+05:30,122.55000305175781,122.58999633789062,122.13999938964844,122.19999694824219,143637
2026-03-05 10:00:00+05:30,122.19999694824219,122.37999725341797,122.0999984741211,122.16000366210938,94744
2026-03-05 10:05:00+05:30,122.16000366210938,122.27999877929688,122.0999984741211,122.2300033569336,104871
2026-03-05 10:10:00+05:30,122.2699966430664,122.41999816894531,122.2300033569336,122.33999633789062,58423
2026-03-05 10:15:00+05:30,122.33999633789062,122.63999938964844,122.30999755859375,122.30999755859375,132331
2026-03-05 10:20:00+05:30,122.33999633789062,122.43000030517578,122.06999969482422,122.19999694824219,127633
2026-03-05 10:25:00+05:30,122.19999694824219,122.37999725341797,122.06999969482422,122.37999725341797,112629
2026-03-05 10:30:00+05:30,122.37999725341797,122.5199966430664,122.0999984741211,122.20999908447266,105148
2026-03-05 10:35:00+05:30,122.26000213623047,122.36000061035156,122.1500015258789,122.3499984741211,69535
2026-03-05 10:40:00+05:30,122.33000183105469,122.38999938964844,122.16000366210938,122.22000122070312,86382
2026-03-05 10:45:00+05:30,122.27999877929688,122.27999877929688,121.86000061035156,121.86000061035156,260979
2026-03-05 10:50:00+05:30,121.81999969482422,121.87999725341797,121.72000122070312,121.77999877929688,137889
2026-03-05 10:55:00+05:30,121.79000091552734,121.93000030517578,121.70999908447266,121.88999938964844,92441
2026-03-05 11:00:00+05:30,121.8499984741211,122.08000183105469,121.8499984741211,122.05000305175781,115864
2026-03-05 11:05:00+05:30,122.04000091552734,122.33999633789062,121.94999694824219,122.30000305175781,93163
2026-03-05 11:10:00+05:30,122.30000305175781,122.43000030517578,122.11000061035156,122.11000061035156,74907
2026-03-05 11:15:00+05:30,122.1500015258789,122.43000030517578,122.0999984741211,122.33000183105469,67985
2026-03-05 11:20:00+05:30,122.33000183105469,122.33000183105469,122.0999984741211,122.12000274658203,50538
2026-03-05 11:25:00+05:30,122.0999984741211,122.13999938964844,121.80000305175781,121.83999633789062,47040
2026-03-05 11:30:00+05:30,121.8499984741211,121.86000061035156,121.37000274658203,121.51000213623047,200877
2026-03-05 11:35:00+05:30,121.55000305175781,121.56999969482422,121.33999633789062,121.47000122070312,84569
2026-03-05 11:40:00+05:30,121.55000305175781,121.58000183105469,121.41999816894531,121.48999786376953,66625
2026-03-05 11:45:00+05:30,121.47000122070312,121.47000122070312,121.05999755859375,121.12000274658203,124738
2026-03-05 11:50:00+05:30,121.11000061035156,121.13999938964844,120.8499984741211,121.06999969482422,226462
2026-03-05 11:55:00+05:30,121.06999969482422,121.1500015258789,120.69000244140625,120.75,124075
2026-03-05 12:00:00+05:30,120.73999786376953,120.93000030517578,120.63999938964844,120.93000030517578,135492
2026-03-05 12:05:00+05:30,120.93000030517578,121.19000244140625,120.93000030517578,121.05999755859375,82610
2026-03-05 12:10:00+05:30,121.11000061035156,121.19999694824219,121.02999877929688,121.12999725341797,39945
2026-03-05 12:15:00+05:30,121.12000274658203,121.12999725341797,120.83000183105469,121.08999633789062,122452
2026-03-05 12:20:00+05:30,121.08999633789062,121.37999725341797,121.02999877929688,121.25,45230
2026-03-05 12:25:00+05:30,121.27999877929688,121.58000183105469,121.25,121.55000305175781,88552
2026-03-05 12:30:00+05:30,121.55000305175781,121.69999694824219,121.27999877929688,121.27999877929688,85063
2026-03-05 12:35:00+05:30,121.2300033569336,121.23999786376953,121.05000305175781,121.16999816894531,62009
2026-03-05 12:40:00+05:30,121.16999816894531,121.25,121.01000213623047,121.13999938964844,39064
2026-03-05 12:45:00+05:30,121.13999938964844,121.26000213623047,120.91000366210938,121.26000213623047,90032
2026-03-05 12:50:00+05:30,121.26000213623047,121.63999938964844,121.12999725341797,121.63999938964844,74612
2026-03-05 12:55:00+05:30,121.63999938964844,121.63999938964844,121.36000061035156,121.36000061035156,51750
2026-03-05 13:00:00+05:30,121.41000366210938,121.44999694824219,121.02999877929688,121.0999984741211,55582
2026-03-05 13:05:00+05:30,121.08000183105469,121.25,121.08000183105469,121.1500015258789,38706
2026-03-05 13:10:00+05:30,121.19000244140625,121.26000213623047,121.1500015258789,121.25,43336
2026-03-05 13:15:00+05:30,121.18000030517578,121.25,121.1500015258789,121.20999908447266,56004
2026-03-05 13:20:00+05:30,121.25,121.5999984741211,121.1500015258789,121.5,119974
2026-03-05 13:25:00+05:30,121.5,121.61000061035156,121.37000274658203,121.61000061035156,88421
2026-03-05 13:30:00+05:30,121.56999969482422,121.62999725341797,121.1500015258789,121.22000122070312,168459
2026-03-05 13:35:00+05:30,121.20999908447266,121.26000213623047,120.91999816894531,120.91999816894531,183660
2026-03-05 13:40:00+05:30,120.94999694824219,121.06999969482422,120.91999816894531,121.0,68978
2026-03-05 13:45:00+05:30,120.9800033569336,121.08000183105469,120.91000366210938,120.9800033569336,42135
2026-03-05 13:50:00+05:30,120.95999908447266,121.0,120.44999694824219,120.55999755859375,374458
2026-03-05 13:55:00+05:30,120.58000183105469,120.6500015258789,120.5,120.62000274658203,100609
2026-03-05 14:00:00+05:30,120.58999633789062,120.9800033569336,120.55000305175781,120.7699966430664,233067
2026-03-05 14:05:00+05:30,120.76000213623047,120.83000183105469,120.5,120.5,110918
2026-03-05 14:10:00+05:30,120.44999694824219,120.5199966430664,120.23999786376953,120.30999755859375,220993
2026-03-05 14:15:00+05:30,120.30000305175781,120.56999969482422,120.30000305175781,120.31999969482422,158030
2026-03-05 14:20:00+05:30,120.30000305175781,120.62000274658203,120.27999877929688,120.62000274658203,128300
2026-03-05 14:25:00+05:30,120.58000183105469,120.97000122070312,120.5,120.87000274658203,282368
2026-03-05 14:30:00+05:30,120.83000183105469,120.83000183105469,120.44000244140625,120.55000305175781,89805
2026-03-05 14:35:00+05:30,120.52999877929688,121.29000091552734,120.52999877929688,121.23999786376953,368597
2026-03-05 14:40:00+05:30,121.2699966430664,121.80000305175781,121.19000244140625,121.55000305175781,987876
2026-03-05 14:45:00+05:30,121.56999969482422,121.94000244140625,121.5,121.88999938964844,428800
2026-03-05 14:50:00+05:30,121.94999694824219,122.37999725341797,121.93000030517578,122.29000091552734,790065
2026-03-05 14:55:00+05:30,122.31999969482422,122.4800033569336,122.1500015258789,122.47000122070312,1470643
2026-03-05 15:00:00+05:30,122.47000122070312,122.62000274658203,122.19999694824219,122.33000183105469,461159
2026-03-05 15:05:00+05:30,122.31999969482422,122.5,122.2300033569336,122.25,255117
2026-03-05 15:10:00+05:30,122.22000122070312,122.22000122070312,121.87000274658203,121.91999816894531,311998
2026-03-05 15:15:00+05:30,121.91999816894531,122.23999786376953,121.91999816894531,122.16000366210938,426393
2026-03-05 15:20:00+05:30,122.1500015258789,122.29000091552734,122.06999969482422,122.12999725341797,438626
2026-03-05 15:25:00+05:30,122.12000274658203,122.22000122070312,122.05999755859375,122.19999694824219,531919
2026-03-06 09:20:00+05:30,121.22000122070312,121.58000183105469,120.98999786376953,121.4800033569336,627441
2026-03-06 09:25:00+05:30,121.41000366210938,121.72000122070312,121.37000274658203,121.69000244140625,296353
2026-03-06 09:30:00+05:30,121.75,121.94999694824219,121.69000244140625,121.73999786376953,247028
2026-03-06 09:35:00+05:30,121.66999816894531,121.98999786376953,121.55000305175781,121.91999816894531,341380
2026-03-06 09:40:00+05:30,121.88999938964844,122.25,121.70999908447266,122.19000244140625,249236
2026-03-06 09:45:00+05:30,122.19000244140625,122.33000183105469,122.0999984741211,122.16000366210938,312004
2026-03-06 09:50:00+05:30,122.12000274658203,122.25,121.86000061035156,121.86000061035156,165810
2026-03-06 09:55:00+05:30,121.83000183105469,121.9800033569336,121.69999694824219,121.86000061035156,158071
2026-03-06 10:00:00+05:30,121.9000015258789,122.06999969482422,121.5999984741211,121.62999725341797,228921
2026-03-06 10:05:00+05:30,121.69000244140625,121.95999908447266,121.61000061035156,121.83000183105469,114355
2026-03-06 10:10:00+05:30,121.91000366210938,122.0,121.8499984741211,121.88999938964844,71856
2026-03-06 10:15:00+05:30,121.86000061035156,122.0,121.81999969482422,121.97000122070312,79808
2026-03-06 10:20:00+05:30,121.91999816894531,121.91999816894531,121.5999984741211,121.8499984741211,78050
2026-03-06 10:25:00+05:30,121.8499984741211,122.08999633789062,121.77999877929688,121.79000091552734,161877
2026-03-06 10:30:00+05:30,121.81999969482422,121.81999969482422,121.55999755859375,121.55999755859375,70982
2026-03-06 10:35:00+05:30,121.5199966430664,121.75,121.30999755859375,121.5999984741211,171857
2026-03-06 10:40:00+05:30,121.68000030517578,121.69999694824219,121.4800033569336,121.54000091552734,55396
2026-03-06 10:45:00+05:30,121.54000091552734,121.62000274658203,121.37000274658203,121.37999725341797,145815
2026-03-06 10:50:00+05:30,121.37000274658203,121.68000030517578,121.33000183105469,121.4800033569336,74768
2026-03-06 10:55:00+05:30,121.5199966430664,121.58000183105469,121.44999694824219,121.58000183105469,37629
2026-03-06 11:00:00+05:30,121.58000183105469,121.69999694824219,121.44999694824219,121.5199966430664,83232
2026-03-06 11:05:00+05:30,121.5199966430664,121.6500015258789,121.30000305175781,121.44999694824219,143291
2026-03-06 11:10:00+05:30,121.48999786376953,121.48999786376953,121.18000030517578,121.20999908447266,234975
2026-03-06 11:15:00+05:30,121.20999908447266,121.30000305175781,121.0199966430664,121.30000305175781,215149
2026-03-06 11:20:00+05:30,121.30000305175781,121.44999694824219,121.2699966430664,121.30000305175781,101947
2026-03-06 11:25:00+05:30,121.30000305175781,121.33999633789062,121.19999694824219,121.2300033569336,63935
2026-03-06 11:30:00+05:30,121.27999877929688,121.30999755859375,121.11000061035156,121.23999786376953,64334
2026-03-06 11:35:00+05:30,121.23999786376953,121.54000091552734,121.23999786376953,121.5,178227
2026-03-06 11:40:00+05:30,121.48999786376953,121.72000122070312,121.43000030517578,121.44999694824219,152375
2026-03-06 11:45:00+05:30,121.41000366210938,121.55999755859375,121.41000366210938,121.55999755859375,45826
2026-03-06 11:50:00+05:30,121.55999755859375,121.55999755859375,121.22000122070312,121.33000183105469,85580
2026-03-06 11:55:00+05:30,121.31999969482422,121.31999969482422,121.11000061035156,121.16000366210938,90822
2026-03-06 12:00:00+05:30,121.16000366210938,121.2300033569336,121.06999969482422,121.13999938964844,206767
2026-03-06 12:05:00+05:30,121.12000274658203,121.3499984741211,121.12000274658203,121.3499984741211,61805
2026-03-06 12:10:00+05:30,121.30999755859375,121.3499984741211,121.12000274658203,121.16999816894531,47507
2026-03-06 12:15:00+05:30,121.16999816894531,121.25,121.12000274658203,121.16999816894531,71963
2026-03-06 12:20:00+05:30,121.16000366210938,121.16999816894531,121.05000305175781,121.08000183105469,150560
2026-03-06 12:25:00+05:30,121.0999984741211,121.13999938964844,120.9000015258789,120.9000015258789,517896
2026-03-06 12:30:00+05:30,120.93000030517578,121.08000183105469,120.9000015258789,120.94000244140625,124639
2026-03-06 12:35:00+05:30,120.87000274658203,121.08999633789062,120.87000274658203,121.04000091552734,53338
2026-03-06 12:40:00+05:30,121.05000305175781,121.1500015258789,121.0,121.11000061035156,73400
2026-03-06 12:45:00+05:30,121.13999938964844,121.29000091552734,121.05000305175781,121.2300033569336,268033
2026-03-06 12:50:00+05:30,121.25,121.27999877929688,121.1500015258789,121.1500015258789,89700
2026-03-06 12:55:00+05:30,121.13999938964844,121.1500015258789,121.05999755859375,121.1500015258789,36430
2026-03-06 13:00:00+05:30,121.16000366210938,121.25,121.05000305175781,121.12000274658203,55645
2026-03-06 13:05:00+05:30,121.13999938964844,121.19000244140625,121.0999984741211,121.12999725341797,35418
2026-03-06 13:10:00+05:30,121.12999725341797,121.12999725341797,121.06999969482422,121.08999633789062,31796
2026-03-06 13:15:00+05:30,121.05000305175781,121.12999725341797,121.05000305175781,121.06999969482422,27291
2026-03-06 13:20:00+05:30,121.06999969482422,121.2300033569336,121.05000305175781,121.19000244140625,104241
2026-03-06 13:25:00+05:30,121.19000244140625,121.19000244140625,121.02999877929688,121.12999725341797,107940
2026-03-06 13:30:00+05:30,121.11000061035156,121.19999694824219,121.05999755859375,121.0999984741211,119036
2026-03-06 13:35:00+05:30,121.12999725341797,121.31999969482422,121.02999877929688,121.25,135165
2026-03-06 13:40:00+05:30,121.25,121.27999877929688,121.05999755859375,121.12000274658203,167213
2026-03-06 13:45:00+05:30,121.1500015258789,121.16000366210938,121.05000305175781,121.1500015258789,60194
2026-03-06 13:50:00+05:30,121.11000061035156,121.37999725341797,121.11000061035156,121.26000213623047,112277
2026-03-06 13:55:00+05:30,121.2300033569336,121.25,121.1500015258789,121.1500015258789,49420
2026-03-06 14:00:00+05:30,121.18000030517578,121.25,121.06999969482422,121.16000366210938,65562
2026-03-06 14:05:00+05:30,121.11000061035156,121.16000366210938,120.9000015258789,121.06999969482422,267192
2026-03-06 14:10:00+05:30,121.06999969482422,121.12999725341797,121.02999877929688,121.06999969482422,44638
2026-03-06 14:15:00+05:30,121.05999755859375,121.16000366210938,121.04000091552734,121.1500015258789,107909
2026-03-06 14:20:00+05:30,121.16999816894531,121.19999694824219,121.08000183105469,121.18000030517578,47118
2026-03-06 14:25:00+05:30,121.19999694824219,121.2300033569336,121.05000305175781,121.0999984741211,56688
2026-03-06 14:30:00+05:30,121.11000061035156,121.19000244140625,121.06999969482422,121.0999984741211,43550
2026-03-06 14:35:00+05:30,121.0999984741211,121.19000244140625,120.9000015258789,120.91999816894531,129019
2026-03-06 14:40:00+05:30,120.9000015258789,120.93000030517578,120.16999816894531,120.16999816894531,500447
2026-03-06 14:45:00+05:30,120.16999816894531,120.48999786376953,119.91000366210938,120.05000305175781,792200
2026-03-06 14:50:00+05:30,120.05000305175781,120.25,119.98999786376953,120.02999877929688,198438
2026-03-06 14:55:00+05:30,120.05999755859375,120.06999969482422,119.51000213623047,119.58000183105469,296708
2026-03-06 15:00:00+05:30,119.54000091552734,119.8499984741211,119.52999877929688,119.7300033569336,312183
2026-03-06 15:05:00+05:30,119.76000213623047,119.76000213623047,119.55000305175781,119.62000274658203,275383
2026-03-06 15:10:00+05:30,119.58999633789062,119.61000061035156,119.30000305175781,119.36000061035156,520368
2026-03-06 15:15:00+05:30,119.33000183105469,119.43000030517578,119.08000183105469,119.43000030517578,507139
2026-03-06 15:20:00+05:30,119.41999816894531,119.58000183105469,119.0999984741211,119.20999908447266,758545
2026-03-06 15:25:00+05:30,119.20999908447266,119.29000091552734,118.80000305175781,118.80000305175781,748010
2026-03-09 09:20:00+05:30,112.79000091552734,112.87999725341797,111.80999755859375,111.9800033569336,1170348
2026-03-09 09:25:00+05:30,111.9800033569336,112.25,111.7300033569336,111.91999816894531,756055
2026-03-09 09:30:00+05:30,111.94000244140625,112.83000183105469,111.8499984741211,112.70999908447266,852078
2026-03-09 09:35:00+05:30,112.66000366210938,113.16000366210938,112.38999938964844,113.02999877929688,719087
2026-03-09 09:40:00+05:30,113.04000091552734,113.13999938964844,112.63999938964844,112.69999694824219,551691
2026-03-09 09:45:00+05:30,112.61000061035156,113.16000366210938,112.30999755859375,113.0999984741211,681486
2026-03-09 09:50:00+05:30,113.05000305175781,113.30000305175781,112.91999816894531,113.1500015258789,570638
2026-03-09 09:55:00+05:30,113.1500015258789,113.25,113.04000091552734,113.18000030517578,194946
2026-03-09 10:00:00+05:30,113.13999938964844,113.36000061035156,112.70999908447266,112.94999694824219,328152
2026-03-09 10:05:00+05:30,112.94999694824219,113.52999877929688,112.9000015258789,113.30000305175781,483646
2026-03-09 10:10:00+05:30,113.31999969482422,113.5199966430664,113.16000366210938,113.25,303054
2026-03-09 10:15:00+05:30,113.25,113.25,112.94000244140625,113.11000061035156,260482
2026-03-09 10:20:00+05:30,113.1500015258789,113.43000030517578,112.94999694824219,113.12000274658203,250184
2026-03-09 10:25:00+05:30,113.12000274658203,113.22000122070312,112.7699966430664,112.7699966430664,199759
2026-03-09 10:30:00+05:30,112.77999877929688,112.79000091552734,112.12000274658203,112.12000274658203,719215
2026-03-09 10:35:00+05:30,112.12000274658203,112.43000030517578,111.97000122070312,112.05000305175781,497380
2026-03-09 10:40:00+05:30,112.18000030517578,112.31999969482422,112.05000305175781,112.19000244140625,159274
2026-03-09 10:45:00+05:30,112.20999908447266,112.27999877929688,112.0999984741211,112.27999877929688,153765
2026-03-09 10:50:00+05:30,112.25,113.37999725341797,112.12000274658203,113.30000305175781,440941
2026-03-09 10:55:00+05:30,113.2699966430664,113.69999694824219,113.19999694824219,113.43000030517578,318857
2026-03-09 11:00:00+05:30,113.5199966430664,113.52999877929688,113.27999877929688,113.3499984741211,234101
2026-03-09 11:05:00+05:30,113.3499984741211,113.38999938964844,113.1500015258789,113.18000030517578,127372
2026-03-09 11:10:00+05:30,113.18000030517578,113.20999908447266,112.81999969482422,113.12999725341797,306166
2026-03-09 11:15:00+05:30,113.12999725341797,113.4000015258789,113.0199966430664,113.4000015258789,127972
2026-03-09 11:20:00+05:30,113.36000061035156,113.88999938964844,113.33999633789062,113.8499984741211,398701
2026-03-09 11:25:00+05:30,113.86000061035156,114.05000305175781,113.58999633789062,114.0,291680
2026-03-09 11:30:00+05:30,113.94000244140625,114.23999786376953,113.91999816894531,114.1500015258789,484571
2026-03-09 11:35:00+05:30,114.1500015258789,114.18000030517578,114.02999877929688,114.1500015258789,147136
2026-03-09 11:40:00+05:30,114.19000244140625,114.44999694824219,114.13999938964844,114.19999694824219,504988
2026-03-09 11:45:00+05:30,114.19999694824219,114.36000061035156,114.0,114.12999725341797,150837
2026-03-09 11:50:00+05:30,114.0999984741211,114.22000122070312,113.91999816894531,114.0999984741211,134624
2026-03-09 11:55:00+05:30,114.05999755859375,114.12000274658203,113.86000061035156,113.94999694824219,72912
2026-03-09 12:00:00+05:30,113.98999786376953,113.98999786376953,113.75,113.9800033569336,114279
2026-03-09 12:05:00+05:30,113.94999694824219,113.98999786376953,113.80000305175781,113.81999969482422,140874
2026-03-09 12:10:00+05:30,113.80000305175781,114.19000244140625,113.69999694824219,114.13999938964844,269744
2026-03-09 12:15:00+05:30,114.0,114.06999969482422,113.80000305175781,113.91999816894531,142307
2026-03-09 12:20:00+05:30,113.91999816894531,113.97000122070312,113.7699966430664,113.9000015258789,111327
2026-03-09 12:25:00+05:30,113.9000015258789,114.05999755859375,113.83999633789062,114.05000305175781,63768
2026-03-09 12:30:00+05:30,114.05000305175781,114.13999938964844,113.7300033569336,113.7300033569336,91053
2026-03-09 12:35:00+05:30,113.70999908447266,114.13999938964844,113.68000030517578,114.12999725341797,167777
2026-03-09 12:40:00+05:30,114.12999725341797,114.25,114.06999969482422,114.1500015258789,186569
2026-03-09 12:45:00+05:30,114.12999725341797,114.2300033569336,113.75,113.77999877929688,70294
2026-03-09 12:50:00+05:30,113.76000213623047,113.94999694824219,113.76000213623047,113.91999816894531,63840
2026-03-09 12:55:00+05:30,113.94000244140625,114.11000061035156,113.8499984741211,114.04000091552734,68315
2026-03-09 13:00:00+05:30,114.05999755859375,114.05999755859375,113.75,113.8499984741211,178730
2026-03-09 13:05:00+05:30,113.80000305175781,113.9000015258789,113.7300033569336,113.7699966430664,56266
2026-03-09 13:10:00+05:30,113.7699966430664,113.8499984741211,113.43000030517578,113.55000305175781,178817
2026-03-09 13:15:00+05:30,113.54000091552734,113.83999633789062,113.51000213623047,113.83999633789062,87757
2026-03-09 13:20:00+05:30,113.80999755859375,114.04000091552734,113.70999908447266,113.80000305175781,97188
2026-03-09 13:25:00+05:30,113.77999877929688,114.04000091552734,113.66000366210938,113.83000183105469,135671
2026-03-09 13:30:00+05:30,113.91000366210938,114.48999786376953,113.80000305175781,114.3499984741211,433981
2026-03-09 13:35:00+05:30,114.30999755859375,114.44999694824219,114.22000122070312,114.43000030517578,118845
2026-03-09 13:40:00+05:30,114.33999633789062,114.68000030517578,114.33999633789062,114.5,218190
2026-03-09 13:45:00+05:30,114.5,114.51000213623047,114.1500015258789,114.1500015258789,101916
2026-03-09 13:50:00+05:30,114.12000274658203,114.3499984741211,114.11000061035156,114.3499984741211,172063
2026-03-09 13:55:00+05:30,114.38999938964844,114.44999694824219,114.19999694824219,114.20999908447266,91934
2026-03-09 14:00:00+05:30,114.20999908447266,114.27999877929688,114.0,114.0999984741211,86328
2026-03-09 14:05:00+05:30,114.08000183105469,114.0999984741211,113.9000015258789,113.94000244140625,113667
2026-03-09 14:10:00+05:30,113.91000366210938,114.0,113.75,113.81999969482422,229661
2026-03-09 14:15:00+05:30,113.87999725341797,113.9000015258789,113.6500015258789,113.70999908447266,163910
2026-03-09 14:20:00+05:30,113.66999816894531,114.05000305175781,113.61000061035156,114.01000213623047,97882
2026-03-09 14:25:00+05:30,114.0,114.18000030517578,114.0,114.05000305175781,78328
2026-03-09 14:30:00+05:30,114.06999969482422,114.22000122070312,113.98999786376953,113.98999786376953,120480
2026-03-09 14:35:00+05:30,114.0,114.22000122070312,113.93000030517578,114.22000122070312,218678
2026-03-09 14:40:00+05:30,114.19999694824219,114.41000366210938,114.11000061035156,114.29000091552734,418467
2026-03-09 14:45:00+05:30,114.3499984741211,114.8499984741211,114.23999786376953,114.56999969482422,753549
2026-03-09 14:50:00+05:30,114.62999725341797,114.81999969482422,114.52999877929688,114.75,402849
2026-03-09 14:55:00+05:30,114.76000213623047,114.88999938964844,114.61000061035156,114.73999786376953,301526
2026-03-09 15:00:00+05:30,114.7300033569336,114.94999694824219,114.55999755859375,114.86000061035156,746931
2026-03-09 15:05:00+05:30,114.87000274658203,114.9800033569336,114.70999908447266,114.7699966430664,501311
2026-03-09 15:10:00+05:30,114.75,115.3499984741211,114.69999694824219,115.3499984741211,699180
2026-03-09 15:15:00+05:30,115.3499984741211,115.4000015258789,115.13999938964844,115.25,531741
2026-03-09 15:20:00+05:30,115.25,115.30000305175781,115.12000274658203,115.30000305175781,689715
2026-03-09 15:25:00+05:30,115.30000305175781,115.4800033569336,115.2300033569336,115.25,449536
2026-03-10 09:20:00+05:30,116.77999877929688,116.77999877929688,116.36000061035156,116.36000061035156,741510
2026-03-10 09:25:00+05:30,116.36000061035156,116.4000015258789,116.05000305175781,116.23999786376953,712502
2026-03-10 09:30:00+05:30,116.25,116.25,115.88999938964844,115.94000244140625,376861
2026-03-10 09:35:00+05:30,115.86000061035156,116.0,115.68000030517578,115.73999786376953,513886
2026-03-10 09:40:00+05:30,115.70999908447266,115.88999938964844,115.51000213623047,115.8499984741211,246347
2026-03-10 09:45:00+05:30,115.93000030517578,116.2699966430664,115.86000061035156,116.0,452557
2026-03-10 09:50:00+05:30,116.0199966430664,116.22000122070312,115.94999694824219,116.06999969482422,190935
2026-03-10 09:55:00+05:30,116.05000305175781,116.05000305175781,115.70999908447266,115.86000061035156,176209
2026-03-10 10:00:00+05:30,115.81999969482422,115.95999908447266,115.80000305175781,115.87000274658203,135433
2026-03-10 10:05:00+05:30,115.91999816894531,116.25,115.9000015258789,116.16999816894531,214987
2026-03-10 10:10:00+05:30,116.16999816894531,116.30999755859375,116.0199966430664,116.23999786376953,128645
2026-03-10 10:15:00+05:30,116.25,116.8499984741211,116.25,116.62999725341797,369306
2026-03-10 10:20:00+05:30,116.66000366210938,116.66000366210938,116.18000030517578,116.29000091552734,234738
2026-03-10 10:25:00+05:30,116.3499984741211,116.5,116.20999908447266,116.44000244140625,219839
2026-03-10 10:30:00+05:30,116.41000366210938,116.56999969482422,116.31999969482422,116.47000122070312,157188
2026-03-10 10:35:00+05:30,116.4000015258789,116.45999908447266,116.22000122070312,116.25,157312
2026-03-10 10:40:00+05:30,116.22000122070312,116.45999908447266,116.20999908447266,116.26000213623047,116079
2026-03-10 10:45:00+05:30,116.29000091552734,116.73999786376953,116.29000091552734,116.66000366210938,132012
2026-03-10 10:50:00+05:30,116.62999725341797,116.72000122070312,116.16999816894531,116.2300033569336,273344
2026-03-10 10:55:00+05:30,116.2300033569336,116.33999633789062,116.04000091552734,116.25,81192
2026-03-10 11:00:00+05:30,116.29000091552734,116.31999969482422,116.11000061035156,116.30999755859375,103668
2026-03-10 11:05:00+05:30,116.29000091552734,116.52999877929688,116.1500015258789,116.5,147045
2026-03-10 11:10:00+05:30,116.5199966430664,116.5199966430664,116.30000305175781,116.37000274658203,78921
2026-03-10 11:15:00+05:30,116.38999938964844,116.5199966430664,116.27999877929688,116.30999755859375,183020
2026-03-10 11:20:00+05:30,116.4000015258789,116.5,116.33000183105469,116.4800033569336,103568
2026-03-10 11:25:00+05:30,116.47000122070312,116.5999984741211,116.22000122070312,116.26000213623047,194416
2026-03-10 11:30:00+05:30,116.29000091552734,116.37000274658203,116.18000030517578,116.30000305175781,294176
2026-03-10 11:35:00+05:30,116.26000213623047,116.37999725341797,116.19999694824219,116.3499984741211,69911
2026-03-10 11:40:00+05:30,116.3499984741211,116.38999938964844,116.25,116.3499984741211,92170
2026-03-10 11:45:00+05:30,116.33000183105469,116.44000244140625,116.01000213623047,116.08999633789062,180523
2026-03-10 11:50:00+05:30,116.05000305175781,116.18000030517578,115.94999694824219,116.18000030517578,180311
2026-03-10 11:55:00+05:30,116.22000122070312,116.37000274658203,116.16999816894531,116.31999969482422,68111
2026-03-10 12:00:00+05:30,116.31999969482422,116.37999725341797,116.2699966430664,116.3499984741211,43397
2026-03-10 12:05:00+05:30,116.37999725341797,116.58999633789062,116.30000305175781,116.30000305175781,181507
2026-03-10 12:10:00+05:30,116.33999633789062,116.44999694824219,116.02999877929688,116.02999877929688,123541
2026-03-10 12:15:00+05:30,115.9800033569336,116.1500015258789,115.91000366210938,116.13999938964844,203740
2026-03-10 12:20:00+05:30,116.13999938964844,116.18000030517578,115.83000183105469,115.8499984741211,346714
2026-03-10 12:25:00+05:30,115.81999969482422,116.12000274658203,115.80999755859375,116.08999633789062,202077
2026-03-10 12:30:00+05:30,116.05000305175781,116.1500015258789,115.95999908447266,116.05999755859375,127051
2026-03-10 12:35:00+05:30,116.08999633789062,116.36000061035156,116.05999755859375,116.30999755859375,208507
2026-03-10 12:40:00+05:30,116.30999755859375,116.55999755859375,116.30999755859375,116.55999755859375,272932
2026-03-10 12:45:00+05:30,116.58000183105469,116.94999694824219,116.4800033569336,116.94999694824219,329513
2026-03-10 12:50:00+05:30,116.9800033569336,117.01000213623047,116.80999755859375,117.01000213623047,273652
2026-03-10 12:55:00+05:30,117.05000305175781,117.33000183105469,117.05000305175781,117.18000030517578,309972
2026-03-10 13:00:00+05:30,117.22000122070312,117.55000305175781,117.18000030517578,117.47000122070312,189108
2026-03-10 13:05:00+05:30,117.47000122070312,117.48999786376953,116.69999694824219,116.79000091552734,923037
2026-03-10 13:10:00+05:30,116.75,116.77999877929688,116.54000091552734,116.77999877929688,296754
2026-03-10 13:15:00+05:30,116.75,116.94000244140625,116.69999694824219,116.91999816894531,64747
2026-03-10 13:20:00+05:30,116.94999694824219,116.9800033569336,116.62000274658203,116.66000366210938,143214
2026-03-10 13:25:00+05:30,116.66000366210938,116.88999938964844,116.61000061035156,116.88999938964844,78493
2026-03-10 13:30:00+05:30,116.91000366210938,117.16999816894531,116.91000366210938,117.12999725341797,89881
2026-03-10 13:35:00+05:30,117.0999984741211,117.41999816894531,117.04000091552734,117.29000091552734,103569
2026-03-10 13:40:00+05:30,117.30000305175781,117.30999755859375,117.0999984741211,117.18000030517578,86791
2026-03-10 13:45:00+05:30,117.16999816894531,117.26000213623047,117.1500015258789,117.26000213623047,68965
2026-03-10 13:50:00+05:30,117.26000213623047,117.45999908447266,117.20999908447266,117.38999938964844,164958
2026-03-10 13:55:00+05:30,117.37999725341797,117.44000244140625,117.33000183105469,117.33000183105469,71304
2026-03-10 14:00:00+05:30,117.33000183105469,117.37999725341797,117.29000091552734,117.37999725341797,62527
2026-03-10 14:05:00+05:30,117.44000244140625,117.5999984741211,117.33000183105469,117.48999786376953,201866
2026-03-10 14:10:00+05:30,117.51000213623047,117.7300033569336,117.51000213623047,117.69999694824219,143886
2026-03-10 14:15:00+05:30,117.68000030517578,117.73999786376953,117.44999694824219,117.5,168677
2026-03-10 14:20:00+05:30,117.5199966430664,117.5199966430664,117.30999755859375,117.4800033569336,212376
2026-03-10 14:25:00+05:30,117.4800033569336,117.5,117.30999755859375,117.43000030517578,212585
2026-03-10 14:30:00+05:30,117.44999694824219,117.44999694824219,117.1500015258789,117.26000213623047,241404
2026-03-10 14:35:00+05:30,117.26000213623047,117.48999786376953,117.26000213623047,117.31999969482422,240835
2026-03-10 14:40:00+05:30,117.31999969482422,117.38999938964844,117.18000030517578,117.36000061035156,156976
2026-03-10 14:45:00+05:30,117.37000274658203,117.44999694824219,117.11000061035156,117.44000244140625,271885
2026-03-10 14:50:00+05:30,117.4000015258789,117.58000183105469,117.33999633789062,117.58000183105469,344885
2026-03-10 14:55:00+05:30,117.54000091552734,117.58999633789062,117.4800033569336,117.56999969482422,334377
2026-03-10 15:00:00+05:30,117.5,117.5,117.20999908447266,117.3499984741211,419578
2026-03-10 15:05:00+05:30,117.36000061035156,117.5,117.3499984741211,117.47000122070312,336610
2026-03-10 15:10:00+05:30,117.47000122070312,117.5999984741211,117.36000061035156,117.36000061035156,353213
2026-03-10 15:15:00+05:30,117.36000061035156,117.56999969482422,117.36000061035156,117.54000091552734,402937
2026-03-10 15:20:00+05:30,117.58000183105469,117.75,117.47000122070312,117.75,320616
2026-03-10 15:25:00+05:30,117.73999786376953,117.87999725341797,117.52999877929688,117.52999877929688,363823
2026-03-11 09:15:00+05:30,117.91000366210938,117.93000030517578,117.5,117.93000030517578,397866
2026-03-11 09:20:00+05:30,117.98999786376953,118.4000015258789,117.9000015258789,117.9000015258789,740420
2026-03-11 09:25:00+05:30,117.8499984741211,118.1500015258789,117.7699966430664,117.9000015258789,355863
2026-03-11 09:30:00+05:30,117.91999816894531,117.97000122070312,117.72000122070312,117.97000122070312,466770
2026-03-11 09:35:00+05:30,117.97000122070312,118.08999633789062,117.81999969482422,117.94000244140625,251495
2026-03-11 09:40:00+05:30,117.91000366210938,118.04000091552734,117.80999755859375,118.0,237263
2026-03-11 09:45:00+05:30,117.94999694824219,118.0199966430664,117.86000061035156,118.0199966430664,312333
2026-03-11 09:50:00+05:30,118.0,118.08999633789062,117.9000015258789,117.91999816894531,190985
2026-03-11 09:55:00+05:30,117.9000015258789,117.97000122070312,117.69999694824219,117.76000213623047,309156
2026-03-11 10:00:00+05:30,117.76000213623047,117.87999725341797,117.68000030517578,117.8499984741211,154972
2026-03-11 10:05:00+05:30,117.83000183105469,117.86000061035156,117.69000244140625,117.69999694824219,167444
2026-03-11 10:10:00+05:30,117.66999816894531,117.73999786376953,117.5999984741211,117.6500015258789,121602
2026-03-11 10:15:00+05:30,117.66000366210938,117.75,117.5999984741211,117.70999908447266,131198
2026-03-11 10:20:00+05:30,117.69999694824219,117.77999877929688,117.6500015258789,117.76000213623047,92648
2026-03-11 10:25:00+05:30,117.75,117.8499984741211,117.62999725341797,117.69999694824219,98742
2026-03-11 10:30:00+05:30,117.72000122070312,117.8499984741211,117.62000274658203,117.69000244140625,116757
2026-03-11 10:35:00+05:30,117.69000244140625,117.69999694824219,117.44999694824219,117.44999694824219,240620
2026-03-11 10:40:00+05:30,117.4800033569336,117.4800033569336,117.1500015258789,117.36000061035156,474707
2026-03-11 10:45:00+05:30,117.4000015258789,117.4000015258789,117.18000030517578,117.18000030517578,253376
2026-03-11 10:50:00+05:30,117.18000030517578,117.36000061035156,117.05999755859375,117.31999969482422,156372
2026-03-11 10:55:00+05:30,117.27999877929688,117.55999755859375,117.2699966430664,117.55000305175781,115385
2026-03-11 11:00:00+05:30,117.5199966430664,117.56999969482422,117.3499984741211,117.55999755859375,104199
2026-03-11 11:05:00+05:30,117.56999969482422,117.56999969482422,117.4000015258789,117.47000122070312,63031
2026-03-11 11:10:00+05:30,117.45999908447266,117.45999908447266,117.0999984741211,117.19999694824219,157264
2026-03-11 11:15:00+05:30,117.19999694824219,117.25,117.02999877929688,117.12999725341797,107121
2026-03-11 11:20:00+05:30,117.12000274658203,117.18000030517578,117.01000213623047,117.01000213623047,185779
2026-03-11 11:25:00+05:30,117.0,117.23999786376953,117.0,117.19999694824219,171985
2026-03-11 11:30:00+05:30,117.19999694824219,117.19999694824219,116.7699966430664,116.87999725341797,277252
2026-03-11 11:35:00+05:30,116.9000015258789,116.94999694824219,116.73999786376953,116.81999969482422,206904
2026-03-11 11:40:00+05:30,116.81999969482422,116.87000274658203,116.69999694824219,116.79000091552734,245400
2026-03-11 11:45:00+05:30,116.80000305175781,116.86000061035156,116.62999725341797,116.62999725341797,247454
2026-03-11 11:50:00+05:30,116.66000366210938,116.66000366210938,116.44999694824219,116.56999969482422,213265
2026-03-11 11:55:00+05:30,116.56999969482422,116.80000305175781,116.44999694824219,116.58999633789062,104763
2026-03-11 12:00:00+05:30,116.58999633789062,116.9000015258789,116.55999755859375,116.9000015258789,126837
2026-03-11 12:05:00+05:30,116.91000366210938,116.94000244140625,116.68000030517578,116.76000213623047,102164
2026-03-11 12:10:00+05:30,116.72000122070312,116.91999816894531,116.70999908447266,116.86000061035156,84089
2026-03-11 12:15:00+05:30,116.83000183105469,117.05000305175781,116.81999969482422,116.9800033569336,129824
2026-03-11 12:20:00+05:30,116.9800033569336,117.05000305175781,116.88999938964844,116.91000366210938,64599
2026-03-11 12:25:00+05:30,116.91000366210938,116.93000030517578,116.76000213623047,116.86000061035156,62770
2026-03-11 12:30:00+05:30,116.86000061035156,117.02999877929688,116.77999877929688,116.80000305175781,78264
2026-03-11 12:35:00+05:30,116.73999786376953,116.83000183105469,116.43000030517578,116.44999694824219,176073
2026-03-11 12:40:00+05:30,116.51000213623047,116.8499984741211,116.4800033569336,116.80000305175781,97559
2026-03-11 12:45:00+05:30,116.80999755859375,116.8499984741211,116.70999908447266,116.80000305175781,75641
2026-03-11 12:50:00+05:30,116.83999633789062,117.12000274658203,116.79000091552734,116.95999908447266,128641
2026-03-11 12:55:00+05:30,116.91999816894531,117.05000305175781,116.88999938964844,117.01000213623047,88150
2026-03-11 13:00:00+05:30,116.94999694824219,117.0199966430664,116.8499984741211,116.94999694824219,97882
2026-03-11 13:05:00+05:30,116.94999694824219,117.11000061035156,116.93000030517578,116.94999694824219,74548
2026-03-11 13:10:00+05:30,116.91000366210938,116.94999694824219,116.51000213623047,116.56999969482422,121918
2026-03-11 13:15:00+05:30,116.58000183105469,116.58000183105469,116.33000183105469,116.37999725341797,166056
2026-03-11 13:20:00+05:30,116.43000030517578,116.69999694824219,116.37999725341797,116.68000030517578,90286
2026-03-11 13:25:00+05:30,116.6500015258789,116.7300033569336,116.58000183105469,116.7300033569336,96354
2026-03-11 13:30:00+05:30,116.68000030517578,116.80000305175781,116.56999969482422,116.61000061035156,85220
2026-03-11 13:35:00+05:30,116.5999984741211,116.62000274658203,116.45999908447266,116.51000213623047,83723
2026-03-11 13:40:00+05:30,116.56999969482422,116.62999725341797,116.5,116.58000183105469,72104
2026-03-11 13:45:00+05:30,116.58000183105469,116.62999725341797,116.41999816894531,116.51000213623047,77003
2026-03-11 13:50:00+05:30,116.51000213623047,116.5999984741211,116.44000244140625,116.51000213623047,126910
2026-03-11 13:55:00+05:30,116.55000305175781,116.6500015258789,116.5199966430664,116.5199966430664,115646
2026-03-11 14:00:00+05:30,116.55999755859375,116.55999755859375,116.37000274658203,116.5,103566
2026-03-11 14:05:00+05:30,116.48999786376953,116.56999969482422,116.31999969482422,116.31999969482422,101785
2026-03-11 14:10:00+05:30,116.30999755859375,116.4800033569336,116.29000091552734,116.41999816894531,106596
2026-03-11 14:15:00+05:30,116.4000015258789,116.44999694824219,116.19999694824219,116.38999938964844,121378
2026-03-11 14:20:00+05:30,116.38999938964844,116.51000213623047,116.19999694824219,116.2300033569336,75777
2026-03-11 14:25:00+05:30,116.1500015258789,116.86000061035156,116.05000305175781,116.86000061035156,286756
2026-03-11 14:30:00+05:30,116.87000274658203,116.91999816894531,116.45999908447266,116.5,261264
2026-03-11 14:35:00+05:30,116.45999908447266,116.69999694824219,116.45999908447266,116.63999938964844,150714
2026-03-11 14:40:00+05:30,116.62000274658203,116.62000274658203,116.37000274658203,116.43000030517578,237778
2026-03-11 14:45:00+05:30,116.37999725341797,116.43000030517578,116.26000213623047,116.33999633789062,119581
2026-03-11 14:50:00+05:30,116.37999725341797,116.38999938964844,116.1500015258789,116.38999938964844,226872
2026-03-11 14:55:00+05:30,116.33999633789062,116.37000274658203,116.05000305175781,116.05000305175781,150034
2026-03-11 15:00:00+05:30,116.16000366210938,116.37000274658203,116.0999984741211,116.12999725341797,199399
2026-03-11 15:05:00+05:30,116.12999725341797,116.16000366210938,115.76000213623047,115.88999938964844,537975
2026-03-11 15:10:00+05:30,115.87999725341797,115.94999694824219,115.70999908447266,115.72000122070312,370237
2026-03-11 15:15:00+05:30,115.6500015258789,115.88999938964844,115.51000213623047,115.88999938964844,548982
2026-03-11 15:20:00+05:30,115.87999725341797,115.91000366210938,115.70999908447266,115.80999755859375,329337
2026-03-11 15:25:00+05:30,115.80000305175781,115.98999786376953,115.58000183105469,115.98999786376953,308858
