Datetime,Open,High,Low,Close,Volume
2025-12-11 09:20:00+05:30,287.5,288.29998779296875,287.1499938964844,287.79998779296875,187674
2025-12-11 09:25:00+05:30,287.8500061035156,288.6499938964844,287.29998779296875,288.20001220703125,159814
2025-12-11 09:30:00+05:30,288.20001220703125,288.29998779296875,286.6499938964844,286.6499938964844,129292
2025-12-11 09:35:00+05:30,286.25,286.25,284.6000061035156,284.6000061035156,339589
2025-12-11 09:40:00+05:30,284.54998779296875,284.8999938964844,283.79998779296875,284.54998779296875,232854
2025-12-11 09:45:00+05:30,284.5,285.04998779296875,284.3999938964844,285.0,106185
2025-12-11 09:50:00+05:30,284.8500061035156,284.8999938964844,284.0,284.20001220703125,105493
2025-12-11 09:55:00+05:30,284.1499938964844,284.3999938964844,283.70001220703125,283.95001220703125,94420
2025-12-11 10:00:00+05:30,283.8999938964844,284.20001220703125,283.8500061035156,284.20001220703125,50531
2025-12-11 10:05:00+05:30,284.20001220703125,284.6000061035156,284.20001220703125,284.45001220703125,65705
2025-12-11 10:10:00+05:30,284.5,284.5,284.20001220703125,284.45001220703125,43052
2025-12-11 10:15:00+05:30,284.8999938964844,285.3999938964844,284.79998779296875,285.3500061035156,127670
2025-12-11 10:20:00+05:30,285.3500061035156,285.79998779296875,285.20001220703125,285.54998779296875,88255
2025-12-11 10:25:00+05:30,285.54998779296875,285.75,285.29998779296875,285.3999938964844,77575
2025-12-11 10:30:00+05:30,285.29998779296875,285.8999938964844,285.29998779296875,285.70001220703125,74918
2025-12-11 10:35:00+05:30,285.70001220703125,285.95001220703125,285.6499938964844,285.70001220703125,53987
2025-12-11 10:40:00+05:30,285.70001220703125,285.8999938964844,285.5,285.79998779296875,43439
2025-12-11 10:45:00+05:30,285.95001220703125,285.95001220703125,285.54998779296875,285.75,43116
2025-12-11 10:50:00+05:30,285.75,286.25,285.70001220703125,285.70001220703125,70431
2025-12-11 10:55:00+05:30,285.70001220703125,285.75,284.79998779296875,284.8999938964844,254996
2025-12-11 11:00:00+05:30,284.8999938964844,285.0,284.54998779296875,284.6499938964844,40672
2025-12-11 11:05:00+05:30,284.6000061035156,285.0,284.5,284.8500061035156,53484
2025-12-11 11:10:00+05:30,284.8999938964844,285.0,284.70001220703125,284.8500061035156,85535
2025-12-11 11:15:00+05:30,284.79998779296875,285.45001220703125,284.79998779296875,285.29998779296875,111531
2025-12-11 11:20:00+05:30,285.29998779296875,285.5,284.8500061035156,284.8500061035156,355886
2025-12-11 11:25:00+05:30,284.8500061035156,285.0,284.6000061035156,284.6000061035156,128399
2025-12-11 11:30:00+05:30,284.6499938964844,284.8500061035156,284.5,284.6000061035156,51449
2025-12-11 11:35:00+05:30,284.54998779296875,284.54998779296875,284.0,284.3500061035156,81998
2025-12-11 11:40:00+05:30,284.3500061035156,284.6000061035156,284.29998779296875,284.3500061035156,37143
2025-12-11 11:45:00+05:30,284.3500061035156,284.6499938964844,284.29998779296875,284.6499938964844,35995
2025-12-11 11:50:00+05:30,284.6000061035156,284.6499938964844,284.20001220703125,284.6499938964844,32928
2025-12-11 11:55:00+05:30,284.6499938964844,284.79998779296875,283.8999938964844,283.95001220703125,108926
2025-12-11 12:00:00+05:30,284.1499938964844,285.3999938964844,284.0,285.3999938964844,286844
2025-12-11 12:05:00+05:30,285.3999938964844,285.75,284.8500061035156,285.20001220703125,301115
2025-12-11 12:10:00+05:30,285.25,285.54998779296875,284.8999938964844,285.04998779296875,81294
2025-12-11 12:15:00+05:30,285.1000061035156,285.95001220703125,285.04998779296875,285.45001220703125,118472
2025-12-11 12:20:00+05:30,285.45001220703125,285.54998779296875,285.0,285.20001220703125,43955
2025-12-11 12:25:00+05:30,285.1499938964844,285.8999938964844,285.0,285.6499938964844,82828
2025-12-11 12:30:00+05:30,285.6000061035156,285.95001220703125,285.45001220703125,285.6499938964844,50407
2025-12-11 12:35:00+05:30,285.5,285.79998779296875,285.20001220703125,285.6000061035156,43621
2025-12-11 12:40:00+05:30,285.54998779296875,285.95001220703125,285.3999938964844,285.8999938964844,75252
2025-12-11 12:45:00+05:30,285.8999938964844,286.70001220703125,285.79998779296875,286.29998779296875,179552
2025-12-11 12:50:00+05:30,286.29998779296875,286.5,286.1499938964844,286.45001220703125,53758
2025-12-11 12:55:00+05:30,286.3999938964844,286.6499938964844,286.04998779296875,286.1499938964844,87869
2025-12-11 13:00:00+05:30,286.1000061035156,286.25,285.6499938964844,285.79998779296875,54220
2025-12-11 13:05:00+05:30,285.70001220703125,285.8500061035156,285.25,285.29998779296875,65354
2025-12-11 13:10:00+05:30,285.25,285.25,284.75,285.1000061035156,294366
2025-12-11 13:15:00+05:30,285.1000061035156,285.45001220703125,284.8999938964844,285.25,39428
2025-12-11 13:20:00+05:30,285.29998779296875,285.6000061035156,285.0,285.1499938964844,154621
2025-12-11 13:25:00+05:30,285.1499938964844,285.3999938964844,285.0,285.25,118191
2025-12-11 13:30:00+05:30,285.29998779296875,285.75,285.29998779296875,285.5,61107
2025-12-11 13:35:00+05:30,285.54998779296875,285.70001220703125,285.29998779296875,285.3500061035156,56603
2025-12-11 13:40:00+05:30,285.3999938964844,285.79998779296875,285.3500061035156,285.6000061035156,55640
2025-12-11 13:45:00+05:30,285.6499938964844,286.0,285.3500061035156,285.8500061035156,77122
2025-12-11 13:50:00+05:30,285.79998779296875,285.95001220703125,285.6499938964844,285.6499938964844,67623
2025-12-11 13:55:00+05:30,285.6499938964844,285.70001220703125,285.3999938964844,285.3999938964844,54664
2025-12-11 14:00:00+05:30,285.3999938964844,285.54998779296875,284.75,284.8999938964844,125288
2025-12-11 14:05:00+05:30,284.8999938964844,285.04998779296875,284.3999938964844,285.0,80613
2025-12-11 14:10:00+05:30,284.95001220703125,285.20001220703125,284.8500061035156,285.0,51068
2025-12-11 14:15:00+05:30,285.0,285.29998779296875,285.0,285.20001220703125,112097
2025-12-11 14:20:00+05:30,285.1499938964844,285.54998779296875,285.1000061035156,285.3500061035156,62671
2025-12-11 14:25:00+05:30,285.25,285.54998779296875,285.20001220703125,285.29998779296875,45359
2025-12-11 14:30:00+05:30,285.3500061035156,285.45001220703125,285.1000061035156,285.1000061035156,49871
2025-12-11 14:35:00+05:30,285.1499938964844,285.20001220703125,284.6000061035156,284.95001220703125,194411
2025-12-11 14:40:00+05:30,284.95001220703125,285.0,284.04998779296875,284.1000061035156,83279
2025-12-11 14:45:00+05:30,284.1000061035156,284.25,283.79998779296875,283.8500061035156,79694
2025-12-11 14:50:00+05:30,283.79998779296875,284.1000061035156,283.54998779296875,283.8999938964844,311356
2025-12-11 14:55:00+05:30,283.8999938964844,284.29998779296875,283.8999938964844,284.25,81444
2025-12-11 15:00:00+05:30,284.3999938964844,285.1000061035156,284.3999938964844,284.95001220703125,170112
2025-12-11 15:05:00+05:30,285.0,285.1000061035156,284.6499938964844,284.8500061035156,111075
2025-12-11 15:10:00+05:30,284.8500061035156,285.25,284.8500061035156,285.1499938964844,135266
2025-12-11 15:15:00+05:30,285.20001220703125,285.3500061035156,285.0,285.1000061035156,168680
2025-12-11 15:20:00+05:30,285.1499938964844,285.25,285.0,285.04998779296875,147246
2025-12-11 15:25:00+05:30,285.04998779296875,285.29998779296875,285.0,285.0,147601
2025-12-12 09:20:00+05:30,285.6000061035156,285.8999938964844,285.0,285.45001220703125,135447
2025-12-12 09:25:00+05:30,285.3999938964844,285.3999938964844,284.8500061035156,285.1499938964844,98237
2025-12-12 09:30:00+05:30,285.1499938964844,286.1499938964844,285.1499938964844,285.6499938964844,102967
2025-12-12 09:35:00+05:30,285.70001220703125,285.75,285.04998779296875,285.3999938964844,67055
2025-12-12 09:40:00+05:30,285.3999938964844,285.75,285.1499938964844,285.75,43075
2025-12-12 09:45:00+05:30,285.79998779296875,285.95001220703125,285.6000061035156,285.75,53201
2025-12-12 09:50:00+05:30,285.70001220703125,285.79998779296875,285.5,285.75,51791
2025-12-12 09:55:00+05:30,285.75,285.79998779296875,285.1000061035156,285.20001220703125,55497
2025-12-12 10:00:00+05:30,285.20001220703125,285.3500061035156,284.79998779296875,285.20001220703125,79660
2025-12-12 10:05:00+05:30,285.20001220703125,285.25,284.5,284.6499938964844,88012
2025-12-12 10:10:00+05:30,284.6499938964844,284.70001220703125,284.29998779296875,284.54998779296875,101896
2025-12-12 10:15:00+05:30,284.6000061035156,284.70001220703125,284.25,284.29998779296875,75956
2025-12-12 10:20:00+05:30,284.29998779296875,284.3500061035156,283.6000061035156,283.79998779296875,134027
2025-12-12 10:25:00+05:30,283.79998779296875,284.0,283.5,283.70001220703125,76559
2025-12-12 10:30:00+05:30,283.75,283.79998779296875,283.3999938964844,283.70001220703125,94698
2025-12-12 10:35:00+05:30,283.70001220703125,283.8999938964844,283.0,283.0,50912
2025-12-12 10:40:00+05:30,283.04998779296875,283.1000061035156,282.70001220703125,282.8500061035156,102603
2025-12-12 10:45:00+05:30,282.8999938964844,283.20001220703125,282.75,282.8999938964844,57081
2025-12-12 10:50:00+05:30,282.70001220703125,283.1000061035156,282.6000061035156,283.04998779296875,48439
2025-12-12 10:55:00+05:30,283.0,283.1499938964844,282.75,282.8500061035156,40652
2025-12-12 11:00:00+05:30,282.79998779296875,283.0,282.75,283.0,34677
2025-12-12 11:05:00+05:30,283.04998779296875,283.04998779296875,282.8999938964844,283.04998779296875,27022
2025-12-12 11:10:00+05:30,283.04998779296875,283.1000061035156,282.70001220703125,282.79998779296875,60395
2025-12-12 11:15:00+05:30,282.79998779296875,283.0,282.70001220703125,282.95001220703125,16462
2025-12-12 11:20:00+05:30,283.0,283.8999938964844,282.8500061035156,283.8999938964844,212470
2025-12-12 11:25:00+05:30,283.8999938964844,284.1000061035156,283.6499938964844,283.6499938964844,118886
2025-12-12 11:30:00+05:30,283.6499938964844,283.8999938964844,283.6000061035156,283.79998779296875,31204
2025-12-12 11:35:00+05:30,283.79998779296875,283.95001220703125,283.70001220703125,283.75,26811
2025-12-12 11:40:00+05:30,283.75,284.0,283.70001220703125,283.95001220703125,85140
2025-12-12 11:45:00+05:30,284.0,284.5,283.79998779296875,283.79998779296875,96420
2025-12-12 11:50:00+05:30,283.8999938964844,284.29998779296875,283.75,284.1499938964844,42125
2025-12-12 11:55:00+05:30,284.25,284.45001220703125,284.1000061035156,284.29998779296875,27020
2025-12-12 12:00:00+05:30,284.3500061035156,284.5,284.20001220703125,284.20001220703125,62671
2025-12-12 12:05:00+05:30,284.20001220703125,284.20001220703125,283.5,283.54998779296875,106970
2025-12-12 12:10:00+05:30,283.6499938964844,283.6499938964844,283.25,283.5,52854
2025-12-12 12:15:00+05:30,283.6000061035156,284.0,283.3999938964844,283.75,218894
2025-12-12 12:20:00+05:30,283.70001220703125,283.79998779296875,283.5,283.70001220703125,86537
2025-12-12 12:25:00+05:30,283.75,284.0,283.6000061035156,283.6000061035156,310188
2025-12-12 12:30:00+05:30,283.70001220703125,283.95001220703125,283.45001220703125,283.75,138230
2025-12-12 12:35:00+05:30,283.8999938964844,283.95001220703125,283.75,283.75,48248
2025-12-12 12:40:00+05:30,283.8500061035156,283.8500061035156,283.6000061035156,283.6499938964844,77225
2025-12-12 12:45:00+05:30,283.6499938964844,283.6499938964844,283.20001220703125,283.25,43753
2025-12-12 12:50:00+05:30,283.25,283.3999938964844,283.20001220703125,283.25,42801
2025-12-12 12:55:00+05:30,283.29998779296875,283.6000061035156,283.20001220703125,283.3999938964844,28294
2025-12-12 13:00:00+05:30,283.45001220703125,283.70001220703125,283.3500061035156,283.54998779296875,23700
2025-12-12 13:05:00+05:30,283.6000061035156,283.75,283.29998779296875,283.6499938964844,194242
2025-12-12 13:10:00+05:30,283.70001220703125,284.1499938964844,283.5,284.1499938964844,396846
2025-12-12 13:15:00+05:30,284.1499938964844,284.20001220703125,283.79998779296875,283.79998779296875,81344
2025-12-12 13:20:00+05:30,283.8500061035156,283.8999938964844,283.3999938964844,283.45001220703125,62048
2025-12-12 13:25:00+05:30,283.45001220703125,283.54998779296875,283.0,283.04998779296875,54621
2025-12-12 13:30:00+05:30,283.04998779296875,283.25,282.95001220703125,283.20001220703125,77060
2025-12-12 13:35:00+05:30,283.20001220703125,283.3999938964844,283.20001220703125,283.3500061035156,21932
2025-12-12 13:40:00+05:30,283.3999938964844,283.79998779296875,283.3999938964844,283.70001220703125,65424
2025-12-12 13:45:00+05:30,283.75,284.3500061035156,283.6000061035156,284.04998779296875,127493
2025-12-12 13:50:00+05:30,284.1000061035156,284.1499938964844,283.79998779296875,283.8999938964844,49237
2025-12-12 13:55:00+05:30,283.95001220703125,284.1000061035156,283.5,283.75,267888
2025-12-12 14:00:00+05:30,283.8500061035156,284.25,283.75,284.20001220703125,50537
2025-12-12 14:05:00+05:30,284.20001220703125,284.8999938964844,284.0,284.79998779296875,374534
2025-12-12 14:10:00+05:30,284.79998779296875,285.29998779296875,284.70001220703125,285.04998779296875,176108
2025-12-12 14:15:00+05:30,285.04998779296875,285.1499938964844,284.75,284.8500061035156,165591
2025-12-12 14:20:00+05:30,284.8500061035156,284.95001220703125,284.5,284.8500061035156,139862
2025-12-12 14:25:00+05:30,284.8500061035156,284.95001220703125,284.45001220703125,284.5,96215
2025-12-12 14:30:00+05:30,284.6000061035156,284.70001220703125,284.45001220703125,284.5,60905
2025-12-12 14:35:00+05:30,284.5,284.54998779296875,284.1499938964844,284.45001220703125,63969
2025-12-12 14:40:00+05:30,284.3500061035156,284.5,283.8999938964844,284.04998779296875,52393
2025-12-12 14:45:00+05:30,284.1499938964844,284.29998779296875,284.04998779296875,284.1000061035156,42850
2025-12-12 14:50:00+05:30,284.25,284.29998779296875,284.0,284.20001220703125,47946
2025-12-12 14:55:00+05:30,284.1000061035156,284.3999938964844,284.0,284.25,216867
2025-12-12 15:00:00+05:30,284.25,284.5,284.1499938964844,284.29998779296875,212005
2025-12-12 15:05:00+05:30,284.29998779296875,284.79998779296875,284.29998779296875,284.70001220703125,124282
2025-12-12 15:10:00+05:30,284.75,284.8500061035156,284.54998779296875,284.54998779296875,104761
2025-12-12 15:15:00+05:30,284.6000061035156,284.6000061035156,284.29998779296875,284.45001220703125,319063
2025-12-12 15:20:00+05:30,284.45001220703125,284.6000061035156,284.45001220703125,284.6000061035156,130870
2025-12-12 15:25:00+05:30,284.6000061035156,284.6000061035156,284.0,284.45001220703125,233196
2025-12-15 09:20:00+05:30,283.54998779296875,284.1000061035156,283.5,283.54998779296875,104633
2025-12-15 09:25:00+05:30,283.54998779296875,284.1000061035156,283.25,283.8999938964844,69774
2025-12-15 09:30:00+05:30,283.79998779296875,284.1000061035156,283.5,283.70001220703125,62083
2025-12-15 09:35:00+05:30,283.6499938964844,283.6499938964844,282.8999938964844,283.0,70500
2025-12-15 09:40:00+05:30,283.0,283.0,282.5,282.6000061035156,60152
2025-12-15 09:45:00+05:30,282.5,282.8500061035156,282.3999938964844,282.6000061035156,47764
2025-12-15 09:50:00+05:30,282.6000061035156,282.8500061035156,282.5,282.6000061035156,41568
2025-12-15 09:55:00+05:30,282.6000061035156,283.04998779296875,282.6000061035156,282.75,38618
2025-12-15 10:00:00+05:30,282.75,282.8500061035156,282.45001220703125,282.45001220703125,49781
2025-12-15 10:05:00+05:30,282.6000061035156,283.54998779296875,282.45001220703125,283.3500061035156,65135
2025-12-15 10:10:00+05:30,283.25,283.3999938964844,283.0,283.25,33794
2025-12-15 10:15:00+05:30,283.25,283.8500061035156,283.20001220703125,283.5,76056
2025-12-15 10:20:00+05:30,283.5,283.70001220703125,283.29998779296875,283.5,34661
2025-12-15 10:25:00+05:30,283.3999938964844,283.5,283.20001220703125,283.29998779296875,22304
2025-12-15 10:30:00+05:30,283.29998779296875,283.6000061035156,283.1000061035156,283.1000061035156,31052
2025-12-15 10:35:00+05:30,283.1000061035156,283.1000061035156,282.5,282.5,45559
2025-12-15 10:40:00+05:30,282.54998779296875,282.70001220703125,282.3999938964844,282.6000061035156,25811
2025-12-15 10:45:00+05:30,282.6499938964844,282.8500061035156,282.6000061035156,282.8500061035156,20071
2025-12-15 10:50:00+05:30,282.95001220703125,283.1000061035156,282.70001220703125,283.1000061035156,38368
2025-12-15 10:55:00+05:30,283.1000061035156,283.29998779296875,282.95001220703125,283.0,26532
2025-12-15 11:00:00+05:30,283.0,283.5,282.95001220703125,283.29998779296875,39892
2025-12-15 11:05:00+05:30,283.29998779296875,283.45001220703125,283.1499938964844,283.20001220703125,28327
2025-12-15 11:10:00+05:30,283.29998779296875,283.70001220703125,283.1499938964844,283.45001220703125,39384
2025-12-15 11:15:00+05:30,283.5,284.0,283.3500061035156,283.8999938964844,89297
2025-12-15 11:20:00+05:30,283.8999938964844,283.8999938964844,283.6000061035156,283.70001220703125,33014
2025-12-15 11:25:00+05:30,283.8500061035156,283.8999938964844,283.6000061035156,283.8500061035156,28694
2025-12-15 11:30:00+05:30,283.8500061035156,284.0,283.3999938964844,283.45001220703125,86977
2025-12-15 11:35:00+05:30,283.45001220703125,283.6000061035156,283.25,283.25,31773
2025-12-15 11:40:00+05:30,283.3999938964844,283.54998779296875,283.1000061035156,283.45001220703125,18882
2025-12-15 11:45:00+05:30,283.5,285.70001220703125,283.5,285.5,384097
2025-12-15 11:50:00+05:30,285.5,286.6499938964844,285.29998779296875,286.04998779296875,284040
2025-12-15 11:55:00+05:30,286.1000061035156,286.5,285.45001220703125,286.20001220703125,174237
2025-12-15 12:00:00+05:30,286.20001220703125,286.6000061035156,285.6499938964844,285.6499938964844,427447
2025-12-15 12:05:00+05:30,285.75,285.8500061035156,285.0,285.0,177555
2025-12-15 12:10:00+05:30,285.0,285.20001220703125,284.20001220703125,284.29998779296875,143949
2025-12-15 12:15:00+05:30,284.3500061035156,284.54998779296875,284.29998779296875,284.3999938964844,39070
2025-12-15 12:20:00+05:30,284.3999938964844,284.8500061035156,284.3999938964844,284.45001220703125,54440
2025-12-15 12:25:00+05:30,284.5,284.75,284.45001220703125,284.5,21442
2025-12-15 12:30:00+05:30,284.5,284.79998779296875,284.5,284.6000061035156,23526
2025-12-15 12:35:00+05:30,284.6499938964844,284.8500061035156,284.6499938964844,284.70001220703125,20873
2025-12-15 12:40:00+05:30,284.70001220703125,284.8999938964844,284.54998779296875,284.54998779296875,18492
2025-12-15 12:45:00+05:30,284.6000061035156,284.70001220703125,284.3500061035156,284.5,40382
2025-12-15 12:50:00+05:30,284.54998779296875,284.8500061035156,284.5,284.5,25449
2025-12-15 12:55:00+05:30,284.5,285.04998779296875,284.5,285.04998779296875,60895
2025-12-15 13:00:00+05:30,285.04998779296875,285.20001220703125,285.0,285.0,25462
2025-12-15 13:05:00+05:30,285.0,285.3999938964844,285.0,285.25,49707
2025-12-15 13:10:00+05:30,285.29998779296875,285.3999938964844,285.25,285.29998779296875,49112
2025-12-15 13:15:00+05:30,285.29998779296875,285.8500061035156,285.25,285.3999938964844,99597
2025-12-15 13:20:00+05:30,285.45001220703125,286.25,285.3500061035156,286.1499938964844,234606
2025-12-15 13:25:00+05:30,286.20001220703125,286.20001220703125,286.0,286.04998779296875,49542
2025-12-15 13:30:00+05:30,286.1000061035156,286.1000061035156,285.54998779296875,285.6499938964844,116334
2025-12-15 13:35:00+05:30,285.6000061035156,285.8999938964844,285.6000061035156,285.75,49782
2025-12-15 13:40:00+05:30,285.75,285.8999938964844,285.3500061035156,285.3500061035156,130265
2025-12-15 13:45:00+05:30,285.3500061035156,285.70001220703125,285.29998779296875,285.54998779296875,42727
2025-12-15 13:50:00+05:30,285.70001220703125,285.70001220703125,285.29998779296875,285.6000061035156,39629
2025-12-15 13:55:00+05:30,285.6000061035156,285.70001220703125,285.29998779296875,285.45001220703125,47458
2025-12-15 14:00:00+05:30,285.3500061035156,285.79998779296875,285.3500061035156,285.70001220703125,48609
2025-12-15 14:05:00+05:30,285.70001220703125,285.79998779296875,285.5,285.6000061035156,50226
2025-12-15 14:10:00+05:30,285.5,285.54998779296875,285.1000061035156,285.25,99548
2025-12-15 14:15:00+05:30,285.1000061035156,285.3500061035156,285.1000061035156,285.20001220703125,46684
2025-12-15 14:20:00+05:30,285.20001220703125,285.3500061035156,285.04998779296875,285.29998779296875,93539
2025-12-15 14:25:00+05:30,285.1499938964844,285.20001220703125,284.8999938964844,284.8999938964844,41721
2025-12-15 14:30:00+05:30,284.95001220703125,285.1499938964844,284.8999938964844,285.1000061035156,49890
2025-12-15 14:35:00+05:30,284.95001220703125,285.20001220703125,284.8999938964844,284.95001220703125,53321
2025-12-15 14:40:00+05:30,284.95001220703125,285.20001220703125,284.95001220703125,285.20001220703125,38872
2025-12-15 14:45:00+05:30,285.1499938964844,285.20001220703125,284.8500061035156,284.8500061035156,85639
2025-12-15 14:50:00+05:30,284.95001220703125,285.20001220703125,284.8999938964844,284.8999938964844,78944
2025-12-15 14:55:00+05:30,284.8999938964844,285.04998779296875,284.8500061035156,285.0,120914
2025-12-15 15:00:00+05:30,285.0,285.1000061035156,284.8999938964844,285.0,70390
2025-12-15 15:05:00+05:30,285.1000061035156,285.1000061035156,284.75,284.95001220703125,280585
2025-12-15 15:10:00+05:30,285.1499938964844,285.29998779296875,285.0,285.25,128770
2025-12-15 15:15:00+05:30,285.20001220703125,285.3500061035156,285.0,285.0,188996
2025-12-15 15:20:00+05:30,285.0,285.20001220703125,284.95001220703125,285.1000061035156,129571
2025-12-15 15:25:00+05:30,285.1499938964844,285.20001220703125,284.54998779296875,284.54998779296875,71914
2025-12-16 09:20:00+05:30,283.6000061035156,283.6000061035156,282.8999938964844,283.0,95727
2025-12-16 09:25:00+05:30,282.8999938964844,283.04998779296875,282.6499938964844,282.8500061035156,98728
2025-12-16 09:30:00+05:30,282.6000061035156,282.79998779296875,282.3500061035156,282.70001220703125,83543
2025-12-16 09:35:00+05:30,282.70001220703125,282.79998779296875,282.5,282.70001220703125,44493
2025-12-16 09:40:00+05:30,282.75,282.8999938964844,282.6000061035156,282.70001220703125,72947
2025-12-16 09:45:00+05:30,282.70001220703125,283.1499938964844,282.6000061035156,283.04998779296875,55222
2025-12-16 09:50:00+05:30,283.04998779296875,283.20001220703125,282.8999938964844,282.8999938964844,41318
2025-12-16 09:55:00+05:30,282.95001220703125,282.95001220703125,282.20001220703125,282.20001220703125,97308
2025-12-16 10:00:00+05:30,282.1000061035156,282.3500061035156,281.6000061035156,281.79998779296875,146717
2025-12-16 10:05:00+05:30,281.79998779296875,282.54998779296875,281.79998779296875,282.3500061035156,53773
2025-12-16 10:10:00+05:30,282.3500061035156,282.8999938964844,282.20001220703125,282.70001220703125,69055
2025-12-16 10:15:00+05:30,282.70001220703125,282.95001220703125,282.5,282.75,60783
2025-12-16 10:20:00+05:30,282.75,283.0,282.6000061035156,282.79998779296875,36805
2025-12-16 10:25:00+05:30,282.79998779296875,282.8999938964844,282.75,282.75,30089
2025-12-16 10:30:00+05:30,282.75,283.0,282.75,282.79998779296875,40290
2025-12-16 10:35:00+05:30,282.79998779296875,283.1000061035156,282.75,283.0,68608
2025-12-16 10:40:00+05:30,283.0,283.3500061035156,282.95001220703125,283.3500061035156,47010
2025-12-16 10:45:00+05:30,283.29998779296875,283.29998779296875,283.04998779296875,283.20001220703125,43019
2025-12-16 10:50:00+05:30,283.20001220703125,283.29998779296875,283.1000061035156,283.1499938964844,23984
2025-12-16 10:55:00+05:30,283.1499938964844,283.25,283.0,283.04998779296875,43156
2025-12-16 11:00:00+05:30,283.20001220703125,283.20001220703125,282.0,282.1000061035156,332749
2025-12-16 11:05:00+05:30,282.1000061035156,282.25,282.0,282.1000061035156,42512
2025-12-16 11:10:00+05:30,282.04998779296875,282.1499938964844,281.79998779296875,281.79998779296875,53255
2025-12-16 11:15:00+05:30,281.79998779296875,282.0,281.1000061035156,281.25,89560
2025-12-16 11:20:00+05:30,281.25,281.45001220703125,281.1000061035156,281.25,49816
2025-12-16 11:25:00+05:30,281.20001220703125,281.3999938964844,281.20001220703125,281.25,24604
2025-12-16 11:30:00+05:30,281.25,281.3999938964844,281.1499938964844,281.1499938964844,28369
2025-12-16 11:35:00+05:30,281.1499938964844,281.3999938964844,281.0,281.29998779296875,95239
2025-12-16 11:40:00+05:30,281.29998779296875,281.3999938964844,281.1000061035156,281.1499938964844,55660
2025-12-16 11:45:00+05:30,281.1499938964844,281.29998779296875,281.0,281.0,76181
2025-12-16 11:50:00+05:30,281.0,281.20001220703125,280.8999938964844,280.8999938964844,50534
2025-12-16 11:55:00+05:30,280.8500061035156,281.0,280.6499938964844,281.0,111365
2025-12-16 12:00:00+05:30,280.95001220703125,280.95001220703125,280.5,280.79998779296875,45340
2025-12-16 12:05:00+05:30,280.79998779296875,281.0,280.70001220703125,280.75,46604
2025-12-16 12:10:00+05:30,280.75,281.0,280.6000061035156,280.70001220703125,34862
2025-12-16 12:15:00+05:30,280.70001220703125,281.1000061035156,280.6499938964844,281.1000061035156,68373
2025-12-16 12:20:00+05:30,281.20001220703125,281.54998779296875,281.04998779296875,281.1499938964844,64830
2025-12-16 12:25:00+05:30,281.1499938964844,281.70001220703125,281.1000061035156,281.54998779296875,42232
2025-12-16 12:30:00+05:30,281.54998779296875,281.6000061035156,281.3500061035156,281.3500061035156,21924
2025-12-16 12:35:00+05:30,281.3500061035156,281.45001220703125,281.25,281.3500061035156,37799
2025-12-16 12:40:00+05:30,281.3500061035156,281.6000061035156,281.29998779296875,281.6000061035156,33211
2025-12-16 12:45:00+05:30,281.5,281.5,281.1000061035156,281.1000061035156,29474
2025-12-16 12:50:00+05:30,281.1000061035156,281.3500061035156,280.70001220703125,280.70001220703125,31676
2025-12-16 12:55:00+05:30,280.70001220703125,281.04998779296875,280.6499938964844,281.04998779296875,41528
2025-12-16 13:00:00+05:30,281.04998779296875,281.3999938964844,281.04998779296875,281.3999938964844,169383
2025-12-16 13:05:00+05:30,281.25,281.29998779296875,281.04998779296875,281.04998779296875,28998
2025-12-16 13:10:00+05:30,281.04998779296875,281.20001220703125,280.95001220703125,281.04998779296875,47069
2025-12-16 13:15:00+05:30,281.0,281.25,280.8500061035156,281.25,49034
2025-12-16 13:20:00+05:30,281.25,281.3999938964844,281.04998779296875,281.1499938964844,19516
2025-12-16 13:25:00+05:30,281.04998779296875,281.29998779296875,281.04998779296875,281.29998779296875,29381
2025-12-16 13:30:00+05:30,281.29998779296875,281.6000061035156,281.29998779296875,281.5,55410
2025-12-16 13:35:00+05:30,281.5,281.8999938964844,281.5,281.75,35928
2025-12-16 13:40:00+05:30,281.75,281.8999938964844,281.75,281.75,26435
2025-12-16 13:45:00+05:30,281.79998779296875,282.20001220703125,281.79998779296875,282.0,62293
2025-12-16 13:50:00+05:30,282.04998779296875,282.3500061035156,281.95001220703125,282.0,43673
2025-12-16 13:55:00+05:30,282.0,282.3500061035156,282.0,282.20001220703125,45973
2025-12-16 14:00:00+05:30,282.1000061035156,282.25,282.0,282.1000061035156,39326
2025-12-16 14:05:00+05:30,282.1000061035156,282.25,281.79998779296875,282.1000061035156,82300
2025-12-16 14:10:00+05:30,282.04998779296875,282.25,282.0,282.1499938964844,38501
2025-12-16 14:15:00+05:30,282.1499938964844,282.45001220703125,282.1499938964844,282.20001220703125,39595
2025-12-16 14:20:00+05:30,282.20001220703125,282.54998779296875,282.20001220703125,282.45001220703125,43184
2025-12-16 14:25:00+05:30,282.45001220703125,282.6000061035156,282.29998779296875,282.45001220703125,63425
2025-12-16 14:30:00+05:30,282.54998779296875,282.54998779296875,282.0,282.1000061035156,118956
2025-12-16 14:35:00+05:30,282.1000061035156,282.25,282.1000061035156,282.1000061035156,82977
2025-12-16 14:40:00+05:30,282.1000061035156,282.3999938964844,282.1000061035156,282.1499938964844,82874
2025-12-16 14:45:00+05:30,282.20001220703125,282.45001220703125,282.1499938964844,282.25,61424
2025-12-16 14:50:00+05:30,282.25,282.5,282.25,282.3999938964844,118066
2025-12-16 14:55:00+05:30,282.3999938964844,282.5,282.29998779296875,282.3500061035156,80114
2025-12-16 15:00:00+05:30,282.45001220703125,283.0,282.45001220703125,282.75,153836
2025-12-16 15:05:00+05:30,282.75,283.25,282.75,283.1000061035156,249137
2025-12-16 15:10:00+05:30,283.04998779296875,283.29998779296875,283.04998779296875,283.1000061035156,109048
2025-12-16 15:15:00+05:30,283.1000061035156,283.20001220703125,282.70001220703125,282.75,282562
2025-12-16 15:20:00+05:30,282.70001220703125,283.04998779296875,282.54998779296875,282.6499938964844,378873
2025-12-16 15:25:00+05:30,282.6499938964844,282.8500061035156,281.5,282.0,288904
2025-12-17 09:20:00+05:30,284.20001220703125,285.3999938964844,284.20001220703125,284.6499938964844,121106
2025-12-17 09:25:00+05:30,284.8500061035156,285.3500061035156,284.45001220703125,285.20001220703125,102910
2025-12-17 09:30:00+05:30,285.20001220703125,285.3500061035156,284.1000061035156,284.3999938964844,72854
2025-12-17 09:35:00+05:30,284.45001220703125,285.8500061035156,284.3999938964844,285.5,176102
2025-12-17 09:40:00+05:30,285.5,285.75,285.1000061035156,285.20001220703125,51202
2025-12-17 09:45:00+05:30,285.1000061035156,285.20001220703125,284.29998779296875,284.29998779296875,99947
2025-12-17 09:50:00+05:30,284.29998779296875,284.5,284.1000061035156,284.3999938964844,25514
2025-12-17 09:55:00+05:30,284.3999938964844,285.25,284.29998779296875,285.0,52748
2025-12-17 10:00:00+05:30,285.04998779296875,285.29998779296875,284.54998779296875,284.75,39303
2025-12-17 10:05:00+05:30,284.79998779296875,285.25,284.79998779296875,285.1000061035156,50979
2025-12-17 10:10:00+05:30,285.20001220703125,285.3999938964844,285.0,285.3999938964844,28717
2025-12-17 10:15:00+05:30,285.25,285.8999938964844,285.04998779296875,285.79998779296875,1680012
2025-12-17 10:20:00+05:30,285.79998779296875,286.29998779296875,285.79998779296875,285.79998779296875,191502
2025-12-17 10:25:00+05:30,285.79998779296875,286.20001220703125,285.3999938964844,285.3999938964844,127731
2025-12-17 10:30:00+05:30,285.5,285.8999938964844,285.3999938964844,285.79998779296875,957372
2025-12-17 10:35:00+05:30,285.75,285.8999938964844,284.95001220703125,285.1000061035156,154132
2025-12-17 10:40:00+05:30,285.1499938964844,285.3500061035156,284.79998779296875,284.95001220703125,61011
2025-12-17 10:45:00+05:30,284.8500061035156,285.0,284.6000061035156,284.75,32453
2025-12-17 10:50:00+05:30,284.8999938964844,285.3999938964844,284.75,285.0,89588
2025-12-17 10:55:00+05:30,285.0,285.6499938964844,284.8999938964844,285.5,73907
2025-12-17 11:00:00+05:30,285.45001220703125,285.79998779296875,285.20001220703125,285.3999938964844,149324
2025-12-17 11:05:00+05:30,285.29998779296875,285.79998779296875,285.20001220703125,285.79998779296875,1234034
2025-12-17 11:10:00+05:30,285.79998779296875,286.25,285.5,286.04998779296875,371604
2025-12-17 11:15:00+05:30,286.0,286.20001220703125,285.79998779296875,286.0,87557
2025-12-17 11:20:00+05:30,286.0,286.20001220703125,285.6499938964844,285.95001220703125,122398
2025-12-17 11:25:00+05:30,286.04998779296875,286.04998779296875,285.54998779296875,285.8500061035156,145603
2025-12-17 11:30:00+05:30,285.8999938964844,286.6000061035156,285.8500061035156,286.25,320854
2025-12-17 11:35:00+05:30,286.3500061035156,286.3999938964844,285.95001220703125,286.1000061035156,110618
2025-12-17 11:40:00+05:30,286.25,286.75,286.1000061035156,286.5,107864
2025-12-17 11:45:00+05:30,286.54998779296875,287.20001220703125,286.29998779296875,286.8999938964844,156169
2025-12-17 11:50:00+05:30,286.95001220703125,287.20001220703125,286.6000061035156,287.04998779296875,86276
2025-12-17 11:55:00+05:30,287.04998779296875,287.1499938964844,286.6499938964844,287.0,63915
2025-12-17 12:00:00+05:30,287.0,287.3500061035156,286.54998779296875,286.6000061035156,150039
2025-12-17 12:05:00+05:30,286.6000061035156,286.8500061035156,286.5,286.70001220703125,67733
2025-12-17 12:10:00+05:30,286.70001220703125,286.70001220703125,285.8500061035156,286.0,136310
2025-12-17 12:15:00+05:30,285.8500061035156,287.1499938964844,285.8500061035156,287.04998779296875,111578
2025-12-17 12:20:00+05:30,287.0,287.6499938964844,286.95001220703125,287.0,160667
2025-12-17 12:25:00+05:30,287.0,287.3500061035156,286.8500061035156,286.8999938964844,69600
2025-12-17 12:30:00+05:30,286.79998779296875,287.1000061035156,286.6000061035156,286.6499938964844,128230
2025-12-17 12:35:00+05:30,286.79998779296875,287.1000061035156,286.3999938964844,287.1000061035156,119525
2025-12-17 12:40:00+05:30,287.1000061035156,287.1000061035156,286.5,287.04998779296875,235041
2025-12-17 12:45:00+05:30,287.0,287.54998779296875,287.0,287.45001220703125,103173
2025-12-17 12:50:00+05:30,287.3999938964844,287.5,287.04998779296875,287.20001220703125,111208
2025-12-17 12:55:00+05:30,287.1499938964844,287.3999938964844,287.04998779296875,287.25,148947
2025-12-17 13:00:00+05:30,287.29998779296875,287.3999938964844,287.0,287.3500061035156,233652
2025-12-17 13:05:00+05:30,287.3999938964844,287.70001220703125,287.3500061035156,287.5,94126
2025-12-17 13:10:00+05:30,287.5,287.54998779296875,287.25,287.45001220703125,235396
2025-12-17 13:15:00+05:30,287.45001220703125,287.70001220703125,287.29998779296875,287.6000061035156,60810
2025-12-17 13:20:00+05:30,287.5,288.0,287.3999938964844,287.8999938964844,93970
2025-12-17 13:25:00+05:30,288.0,288.3999938964844,287.8500061035156,288.1499938964844,147507
2025-12-17 13:30:00+05:30,288.0,288.20001220703125,287.6000061035156,287.70001220703125,251915
2025-12-17 13:35:00+05:30,287.70001220703125,287.75,287.3500061035156,287.5,61883
2025-12-17 13:40:00+05:30,287.5,287.8500061035156,287.29998779296875,287.45001220703125,104003
2025-12-17 13:45:00+05:30,287.29998779296875,287.6000061035156,287.0,287.1000061035156,81381
2025-12-17 13:50:00+05:30,287.04998779296875,287.3999938964844,287.0,287.29998779296875,68504
2025-12-17 13:55:00+05:30,287.25,287.54998779296875,287.0,287.5,101452
2025-12-17 14:00:00+05:30,287.5,287.95001220703125,287.3500061035156,287.8500061035156,94619
2025-12-17 14:05:00+05:30,287.8999938964844,288.1499938964844,287.75,287.8500061035156,162078
2025-12-17 14:10:00+05:30,287.8500061035156,287.95001220703125,287.29998779296875,287.70001220703125,135281
2025-12-17 14:15:00+05:30,287.6000061035156,288.29998779296875,287.45001220703125,288.1000061035156,189904
2025-12-17 14:20:00+05:30,288.1000061035156,288.3500061035156,287.70001220703125,287.8999938964844,227200
2025-12-17 14:25:00+05:30,287.8999938964844,287.95001220703125,287.45001220703125,287.6499938964844,73360
2025-12-17 14:30:00+05:30,287.6499938964844,287.8500061035156,287.5,287.8500061035156,89464
2025-12-17 14:35:00+05:30,287.70001220703125,287.8999938964844,287.0,287.1000061035156,173870
2025-12-17 14:40:00+05:30,287.1000061035156,287.6000061035156,287.04998779296875,287.5,114534
2025-12-17 14:45:00+05:30,287.3500061035156,287.6499938964844,287.20001220703125,287.6000061035156,141159
2025-12-17 14:50:00+05:30,287.45001220703125,287.8999938964844,287.3500061035156,287.75,86431
2025-12-17 14:55:00+05:30,287.8999938964844,287.8999938964844,287.45001220703125,287.8500061035156,85205
2025-12-17 15:00:00+05:30,287.8999938964844,288.1000061035156,287.70001220703125,287.95001220703125,171290
2025-12-17 15:05:00+05:30,287.95001220703125,288.1000061035156,287.79998779296875,288.0,121589
2025-12-17 15:10:00+05:30,287.8999938964844,288.1499938964844,287.79998779296875,287.8999938964844,174539
2025-12-17 15:15:00+05:30,287.8999938964844,288.0,287.75,287.79998779296875,301307
2025-12-17 15:20:00+05:30,287.75,288.0,287.6000061035156,287.6000061035156,394959
2025-12-17 15:25:00+05:30,287.6499938964844,287.6499938964844,287.0,287.0,633125
2025-12-18 09:15:00+05:30,289.04998779296875,289.20001220703125,288.79998779296875,289.1000061035156,516951
2025-12-18 09:20:00+05:30,289.04998779296875,289.25,287.8500061035156,288.1000061035156,177194
2025-12-18 09:25:00+05:30,288.0,288.1000061035156,287.1499938964844,287.20001220703125,128891
2025-12-18 09:30:00+05:30,287.20001220703125,287.8500061035156,287.20001220703125,287.70001220703125,120894
2025-12-18 09:35:00+05:30,287.6000061035156,287.8500061035156,287.3500061035156,287.6499938964844,66876
2025-12-18 09:40:00+05:30,287.5,287.54998779296875,286.5,286.6000061035156,158619
2025-12-18 09:45:00+05:30,286.6000061035156,286.70001220703125,286.20001220703125,286.5,127737
2025-12-18 09:50:00+05:30,286.3999938964844,287.1499938964844,286.04998779296875,286.29998779296875,170496
2025-12-18 09:55:00+05:30,286.3500061035156,286.54998779296875,286.1499938964844,286.1499938964844,45104
2025-12-18 10:00:00+05:30,286.1499938964844,286.25,285.79998779296875,285.8500061035156,108699
2025-12-18 10:05:00+05:30,285.8999938964844,286.70001220703125,285.8500061035156,286.54998779296875,70366
2025-12-18 10:10:00+05:30,286.5,286.8500061035156,286.29998779296875,286.75,48550
2025-12-18 10:15:00+05:30,286.6499938964844,287.20001220703125,286.6499938964844,287.20001220703125,49114
2025-12-18 10:20:00+05:30,287.29998779296875,287.5,286.8999938964844,287.04998779296875,59420
2025-12-18 10:25:00+05:30,287.04998779296875,287.8500061035156,287.0,287.5,85796
2025-12-18 10:30:00+05:30,287.5,288.04998779296875,287.5,287.79998779296875,81862
2025-12-18 10:35:00+05:30,287.8500061035156,288.0,287.45001220703125,287.75,52638
2025-12-18 10:40:00+05:30,287.70001220703125,287.8500061035156,287.5,287.70001220703125,34701
2025-12-18 10:45:00+05:30,287.6499938964844,288.1499938964844,287.5,287.54998779296875,59130
2025-12-18 10:50:00+05:30,287.5,287.6000061035156,287.45001220703125,287.5,61713
2025-12-18 10:55:00+05:30,287.5,287.75,287.5,287.6000061035156,62061
2025-12-18 11:00:00+05:30,287.6000061035156,287.8999938964844,287.5,287.5,40534
2025-12-18 11:05:00+05:30,287.6499938964844,287.75,287.5,287.6000061035156,38674
2025-12-18 11:10:00+05:30,287.6000061035156,287.79998779296875,287.5,287.70001220703125,37694
2025-12-18 11:15:00+05:30,287.70001220703125,287.70001220703125,287.5,287.5,38001
2025-12-18 11:20:00+05:30,287.5,287.79998779296875,287.5,287.54998779296875,32265
2025-12-18 11:25:00+05:30,287.8999938964844,288.0,287.6000061035156,287.79998779296875,61713
2025-12-18 11:30:00+05:30,287.95001220703125,289.20001220703125,287.95001220703125,289.1499938964844,211258
2025-12-18 11:35:00+05:30,289.1499938964844,289.1499938964844,288.8500061035156,288.8500061035156,27906
2025-12-18 11:40:00+05:30,288.8500061035156,288.95001220703125,288.75,288.8999938964844,27293
2025-12-18 11:45:00+05:30,288.8500061035156,289.20001220703125,288.75,289.20001220703125,25209
2025-12-18 11:50:00+05:30,289.20001220703125,289.5,289.20001220703125,289.3500061035156,66479
2025-12-18 11:55:00+05:30,289.3999938964844,289.6000061035156,289.25,289.6000061035156,48616
2025-12-18 12:00:00+05:30,289.6000061035156,289.6499938964844,289.5,289.5,45859
2025-12-18 12:05:00+05:30,289.6000061035156,289.75,289.5,289.6000061035156,38196
2025-12-18 12:10:00+05:30,289.70001220703125,290.25,289.54998779296875,290.04998779296875,162748
2025-12-18 12:15:00+05:30,290.0,290.25,289.75,289.75,26396
2025-12-18 12:20:00+05:30,289.6499938964844,289.8999938964844,289.6499938964844,289.70001220703125,24609
2025-12-18 12:25:00+05:30,289.70001220703125,289.8999938964844,289.6000061035156,289.8999938964844,29373
2025-12-18 12:30:00+05:30,289.8500061035156,289.8999938964844,289.6000061035156,289.70001220703125,29397
2025-12-18 12:35:00+05:30,289.79998779296875,289.8500061035156,289.5,289.70001220703125,80301
2025-12-18 12:40:00+05:30,289.70001220703125,289.8500061035156,289.6000061035156,289.8500061035156,12189
2025-12-18 12:45:00+05:30,289.70001220703125,290.3500061035156,289.70001220703125,290.20001220703125,74117
2025-12-18 12:50:00+05:30,290.20001220703125,290.5,290.20001220703125,290.3500061035156,52002
2025-12-18 12:55:00+05:30,290.3500061035156,290.45001220703125,290.1000061035156,290.1000061035156,47651
2025-12-18 13:00:00+05:30,290.25,290.3999938964844,290.1000061035156,290.3500061035156,45884
2025-12-18 13:05:00+05:30,290.25,290.3999938964844,290.25,290.3500061035156,36038
2025-12-18 13:10:00+05:30,290.3500061035156,290.3999938964844,290.1000061035156,290.1000061035156,46501
2025-12-18 13:15:00+05:30,290.20001220703125,290.29998779296875,290.1000061035156,290.20001220703125,40978
2025-12-18 13:20:00+05:30,290.20001220703125,290.3500061035156,290.1000061035156,290.1000061035156,97967
2025-12-18 13:25:00+05:30,290.25,290.29998779296875,290.1000061035156,290.1499938964844,56749
2025-12-18 13:30:00+05:30,290.20001220703125,290.5,289.54998779296875,289.6499938964844,306198
2025-12-18 13:35:00+05:30,289.6499938964844,289.70001220703125,289.20001220703125,289.3999938964844,66721
2025-12-18 13:40:00+05:30,289.3999938964844,289.6499938964844,289.20001220703125,289.25,87355
2025-12-18 13:45:00+05:30,289.20001220703125,289.3999938964844,289.0,289.1499938964844,67380
2025-12-18 13:50:00+05:30,289.1499938964844,289.29998779296875,289.0,289.20001220703125,37396
2025-12-18 13:55:00+05:30,289.20001220703125,289.3500061035156,288.6000061035156,288.70001220703125,51772
2025-12-18 14:00:00+05:30,288.79998779296875,288.8999938964844,288.1499938964844,288.3999938964844,74746
2025-12-18 14:05:00+05:30,288.3999938964844,288.54998779296875,288.1499938964844,288.3999938964844,51489
2025-12-18 14:10:00+05:30,288.3500061035156,288.5,288.04998779296875,288.25,74043
2025-12-18 14:15:00+05:30,288.25,288.45001220703125,288.04998779296875,288.20001220703125,98447
2025-12-18 14:20:00+05:30,288.3500061035156,288.45001220703125,287.8500061035156,287.8999938964844,55106
2025-12-18 14:25:00+05:30,287.75,288.04998779296875,287.6000061035156,287.8999938964844,89921
2025-12-18 14:30:00+05:30,287.95001220703125,288.6499938964844,287.8999938964844,288.1499938964844,89810
2025-12-18 14:35:00+05:30,288.04998779296875,288.29998779296875,287.75,287.75,60893
2025-12-18 14:40:00+05:30,287.70001220703125,287.79998779296875,287.5,287.70001220703125,43120
2025-12-18 14:45:00+05:30,287.70001220703125,288.0,287.6499938964844,287.75,28028
2025-12-18 14:50:00+05:30,287.75,287.75,287.20001220703125,287.20001220703125,50963
2025-12-18 14:55:00+05:30,287.1499938964844,287.75,287.1499938964844,287.3999938964844,35186
2025-12-18 15:00:00+05:30,287.70001220703125,288.45001220703125,287.70001220703125,288.3500061035156,77686
2025-12-18 15:05:00+05:30,288.45001220703125,288.45001220703125,287.8999938964844,288.1000061035156,67480
2025-12-18 15:10:00+05:30,288.04998779296875,288.3500061035156,287.8500061035156,288.20001220703125,65831
2025-12-18 15:15:00+05:30,288.20001220703125,288.29998779296875,288.04998779296875,288.04998779296875,124316
2025-12-18 15:20:00+05:30,288.04998779296875,288.20001220703125,287.8999938964844,288.1499938964844,123871
2025-12-18 15:25:00+05:30,288.1499938964844,288.20001220703125,287.6499938964844,288.1000061035156,135478
2025-12-19 09:20:00+05:30,290.5,290.79998779296875,290.3999938964844,290.75,96808
2025-12-19 09:25:00+05:30,290.70001220703125,291.3999938964844,290.6499938964844,291.3999938964844,121125
2025-12-19 09:30:00+05:30,291.6499938964844,291.70001220703125,290.75,290.75,134078
2025-12-19 09:35:00+05:30,290.75,290.75,290.1499938964844,290.29998779296875,97550
2025-12-19 09:40:00+05:30,290.29998779296875,290.3500061035156,289.8500061035156,290.0,63172
2025-12-19 09:45:00+05:30,290.0,290.0,289.3500061035156,289.3500061035156,93527
2025-12-19 09:50:00+05:30,289.45001220703125,289.6499938964844,289.1499938964844,289.29998779296875,50614
2025-12-19 09:55:00+05:30,289.29998779296875,289.29998779296875,288.8500061035156,289.1499938964844,71804
2025-12-19 10:00:00+05:30,289.1499938964844,289.6000061035156,289.1000061035156,289.25,55869
2025-12-19 10:05:00+05:30,289.29998779296875,289.29998779296875,288.5,289.0,70459
2025-12-19 10:10:00+05:30,288.95001220703125,288.95001220703125,288.5,288.75,64060
2025-12-19 10:15:00+05:30,288.6000061035156,289.0,288.6000061035156,288.75,54425
2025-12-19 10:20:00+05:30,288.79998779296875,289.0,288.6000061035156,288.79998779296875,40759
2025-12-19 10:25:00+05:30,288.8999938964844,289.25,288.70001220703125,289.04998779296875,33867
2025-12-19 10:30:00+05:30,289.04998779296875,289.25,289.0,289.1000061035156,27399
2025-12-19 10:35:00+05:30,289.1000061035156,289.1499938964844,288.6499938964844,289.0,43585
2025-12-19 10:40:00+05:30,289.0,289.3500061035156,288.8500061035156,289.29998779296875,50307
2025-12-19 10:45:00+05:30,289.20001220703125,289.3999938964844,288.45001220703125,288.5,278540
2025-12-19 10:50:00+05:30,288.5,288.75,288.45001220703125,288.54998779296875,54399
2025-12-19 10:55:00+05:30,288.5,289.1499938964844,288.45001220703125,289.1499938964844,399007
2025-12-19 11:00:00+05:30,289.0,289.3999938964844,288.75,289.3500061035156,374647
2025-12-19 11:05:00+05:30,289.3500061035156,289.3500061035156,288.8500061035156,289.0,123297
2025-12-19 11:10:00+05:30,289.04998779296875,289.5,288.8500061035156,289.3500061035156,190826
2025-12-19 11:15:00+05:30,289.45001220703125,289.75,289.25,289.29998779296875,49157
2025-12-19 11:20:00+05:30,289.3500061035156,289.45001220703125,288.8999938964844,289.20001220703125,28565
2025-12-19 11:25:00+05:30,289.1000061035156,289.1499938964844,288.79998779296875,288.79998779296875,117466
2025-12-19 11:30:00+05:30,289.0,289.8500061035156,288.70001220703125,289.70001220703125,225064
2025-12-19 11:35:00+05:30,289.8500061035156,290.20001220703125,289.5,289.6000061035156,103113
2025-12-19 11:40:00+05:30,289.6499938964844,289.6499938964844,289.04998779296875,289.29998779296875,45855
2025-12-19 11:45:00+05:30,289.29998779296875,289.5,289.0,289.29998779296875,28846
2025-12-19 11:50:00+05:30,289.3500061035156,289.75,289.20001220703125,289.6499938964844,34348
2025-12-19 11:55:00+05:30,289.6499938964844,289.70001220703125,289.1499938964844,289.3500061035156,72841
2025-12-19 12:00:00+05:30,289.3500061035156,289.6000061035156,289.29998779296875,289.54998779296875,29092
2025-12-19 12:05:00+05:30,289.5,290.3500061035156,289.45001220703125,290.1000061035156,106817
2025-12-19 12:10:00+05:30,290.0,290.20001220703125,289.6499938964844,289.6499938964844,43114
2025-12-19 12:15:00+05:30,289.6499938964844,289.8500061035156,289.5,289.5,35970
2025-12-19 12:20:00+05:30,289.5,289.95001220703125,289.29998779296875,289.6000061035156,41302
2025-12-19 12:25:00+05:30,289.6499938964844,290.0,289.6000061035156,289.8999938964844,19396
2025-12-19 12:30:00+05:30,289.8999938964844,290.5,289.8999938964844,290.45001220703125,153550
2025-12-19 12:35:00+05:30,290.3999938964844,290.45001220703125,289.8500061035156,289.95001220703125,48383
2025-12-19 12:40:00+05:30,289.95001220703125,290.20001220703125,289.95001220703125,290.1499938964844,33965
2025-12-19 12:45:00+05:30,290.1499938964844,290.29998779296875,290.1499938964844,290.1499938964844,18553
2025-12-19 12:50:00+05:30,290.1499938964844,290.25,289.8999938964844,290.0,41348
2025-12-19 12:55:00+05:30,290.1000061035156,290.20001220703125,290.0,290.0,36655
2025-12-19 13:00:00+05:30,290.04998779296875,290.1000061035156,289.6499938964844,289.95001220703125,47175
2025-12-19 13:05:00+05:30,290.0,290.0,289.6499938964844,289.70001220703125,20516
2025-12-19 13:10:00+05:30,289.70001220703125,289.8500061035156,289.54998779296875,289.54998779296875,16388
2025-12-19 13:15:00+05:30,289.6000061035156,289.95001220703125,289.54998779296875,289.95001220703125,18109
2025-12-19 13:20:00+05:30,289.95001220703125,290.25,289.8999938964844,290.25,22511
2025-12-19 13:25:00+05:30,290.25,290.29998779296875,290.20001220703125,290.20001220703125,12366
2025-12-19 13:30:00+05:30,290.20001220703125,290.8500061035156,290.1000061035156,290.75,57680
2025-12-19 13:35:00+05:30,290.75,291.1499938964844,290.70001220703125,290.79998779296875,92493
2025-12-19 13:40:00+05:30,290.70001220703125,291.1000061035156,290.70001220703125,291.1000061035156,35626
2025-12-19 13:45:00+05:30,291.1000061035156,291.6499938964844,291.1000061035156,291.3500061035156,96074
2025-12-19 13:50:00+05:30,291.3999938964844,291.3999938964844,291.1000061035156,291.1000061035156,39744
2025-12-19 13:55:00+05:30,291.1000061035156,291.3999938964844,290.95001220703125,291.25,67206
2025-12-19 14:00:00+05:30,291.29998779296875,291.3999938964844,291.0,291.20001220703125,41289
2025-12-19 14:05:00+05:30,291.1000061035156,291.29998779296875,291.04998779296875,291.29998779296875,36136
2025-12-19 14:10:00+05:30,291.25,291.3500061035156,290.8999938964844,291.1000061035156,41330
2025-12-19 14:15:00+05:30,291.04998779296875,291.3999938964844,291.0,291.3500061035156,46296
2025-12-19 14:20:00+05:30,291.45001220703125,291.45001220703125,291.1499938964844,291.45001220703125,53130
2025-12-19 14:25:00+05:30,291.45001220703125,291.5,291.04998779296875,291.1000061035156,54263
2025-12-19 14:30:00+05:30,291.0,291.25,290.75,290.8500061035156,55618
2025-12-19 14:35:00+05:30,290.95001220703125,291.20001220703125,290.79998779296875,291.1499938964844,46558
2025-12-19 14:40:00+05:30,291.1499938964844,291.29998779296875,290.95001220703125,291.20001220703125,39374
2025-12-19 14:45:00+05:30,291.29998779296875,292.0,291.29998779296875,292.0,181066
2025-12-19 14:50:00+05:30,291.95001220703125,292.0,291.6000061035156,291.8500061035156,69851
2025-12-19 14:55:00+05:30,291.70001220703125,291.8500061035156,291.6000061035156,291.79998779296875,74298
2025-12-19 15:00:00+05:30,292.1000061035156,292.6000061035156,292.04998779296875,292.04998779296875,436545
2025-12-19 15:05:00+05:30,292.04998779296875,292.1499938964844,291.8999938964844,292.1499938964844,164693
2025-12-19 15:10:00+05:30,292.04998779296875,292.1499938964844,291.8999938964844,292.0,204779
2025-12-19 15:15:00+05:30,292.0,292.1499938964844,291.8999938964844,292.0,310193
2025-12-19 15:20:00+05:30,292.0,292.0,291.79998779296875,291.8500061035156,189038
2025-12-19 15:25:00+05:30,291.79998779296875,291.8999938964844,291.29998779296875,291.6499938964844,199091
2025-12-22 09:20:00+05:30,293.29998779296875,293.6000061035156,293.1000061035156,293.1000061035156,80657
2025-12-22 09:25:00+05:30,292.8999938964844,293.8500061035156,292.79998779296875,293.8500061035156,75231
2025-12-22 09:30:00+05:30,293.75,293.8500061035156,293.25,293.45001220703125,46941
2025-12-22 09:35:00+05:30,293.20001220703125,293.54998779296875,293.1000061035156,293.20001220703125,32417
2025-12-22 09:40:00+05:30,293.25,293.29998779296875,293.1000061035156,293.20001220703125,20203
2025-12-22 09:45:00+05:30,293.20001220703125,294.1000061035156,293.1499938964844,293.8500061035156,91892
2025-12-22 09:50:00+05:30,293.8999938964844,294.1499938964844,293.75,293.75,39620
2025-12-22 09:55:00+05:30,293.8999938964844,294.54998779296875,293.79998779296875,294.3500061035156,75840
2025-12-22 10:00:00+05:30,294.3500061035156,294.3500061035156,293.8999938964844,294.04998779296875,34324
2025-12-22 10:05:00+05:30,294.0,294.29998779296875,293.8500061035156,293.95001220703125,15330
2025-12-22 10:10:00+05:30,293.8500061035156,294.3999938964844,293.8500061035156,293.95001220703125,141142
2025-12-22 10:15:00+05:30,293.95001220703125,295.75,293.95001220703125,295.29998779296875,347303
2025-12-22 10:20:00+05:30,295.1499938964844,295.29998779296875,294.5,294.79998779296875,90175
2025-12-22 10:25:00+05:30,294.95001220703125,295.0,294.70001220703125,294.95001220703125,44068
2025-12-22 10:30:00+05:30,294.79998779296875,294.8999938964844,294.1499938964844,294.25,55470
2025-12-22 10:35:00+05:30,294.3999938964844,294.5,294.20001220703125,294.3500061035156,55194
2025-12-22 10:40:00+05:30,294.3500061035156,294.3500061035156,294.1000061035156,294.1000061035156,41362
2025-12-22 10:45:00+05:30,294.1000061035156,294.6000061035156,294.0,294.3999938964844,37594
2025-12-22 10:50:00+05:30,294.3999938964844,294.5,294.20001220703125,294.3500061035156,34716
2025-12-22 10:55:00+05:30,294.29998779296875,294.6499938964844,294.20001220703125,294.45001220703125,28449
2025-12-22 11:00:00+05:30,294.3999938964844,294.54998779296875,293.8500061035156,293.8500061035156,70923
2025-12-22 11:05:00+05:30,293.95001220703125,293.95001220703125,293.45001220703125,293.6000061035156,75060
2025-12-22 11:10:00+05:30,293.45001220703125,293.79998779296875,293.3999938964844,293.6000061035156,59989
2025-12-22 11:15:00+05:30,293.54998779296875,293.95001220703125,293.3999938964844,293.5,45826
2025-12-22 11:20:00+05:30,293.5,293.79998779296875,293.3999938964844,293.6499938964844,25452
2025-12-22 11:25:00+05:30,293.79998779296875,294.0,293.54998779296875,293.6000061035156,43129
2025-12-22 11:30:00+05:30,293.54998779296875,293.70001220703125,292.8500061035156,293.0,124833
2025-12-22 11:35:00+05:30,292.95001220703125,293.0,292.75,292.75,67438
2025-12-22 11:40:00+05:30,292.75,293.3500061035156,292.75,293.1499938964844,267232
2025-12-22 11:45:00+05:30,293.0,293.3500061035156,292.8500061035156,293.1499938964844,121382
2025-12-22 11:50:00+05:30,293.1499938964844,293.95001220703125,293.1499938964844,293.8500061035156,104470
2025-12-22 11:55:00+05:30,293.79998779296875,293.8999938964844,293.29998779296875,293.6000061035156,44125
2025-12-22 12:00:00+05:30,293.6000061035156,294.25,293.6000061035156,293.95001220703125,270556
2025-12-22 12:05:00+05:30,293.95001220703125,294.3999938964844,293.75,294.3999938964844,74019
2025-12-22 12:10:00+05:30,294.29998779296875,294.45001220703125,294.20001220703125,294.25,45435
2025-12-22 12:15:00+05:30,294.25,294.3500061035156,294.1499938964844,294.3500061035156,34483
2025-12-22 12:20:00+05:30,294.29998779296875,294.29998779296875,293.8999938964844,293.8999938964844,30291
2025-12-22 12:25:00+05:30,294.0,294.0,293.5,293.75,244138
2025-12-22 12:30:00+05:30,293.8500061035156,294.29998779296875,293.75,294.25,23757
2025-12-22 12:35:00+05:30,294.20001220703125,294.25,293.8999938964844,293.8999938964844,20941
2025-12-22 12:40:00+05:30,293.8999938964844,294.95001220703125,293.8999938964844,294.29998779296875,87776
2025-12-22 12:45:00+05:30,294.3500061035156,294.3500061035156,293.70001220703125,293.79998779296875,190257
2025-12-22 12:50:00+05:30,293.8999938964844,294.20001220703125,293.8500061035156,293.95001220703125,69838
2025-12-22 12:55:00+05:30,294.0,294.0,293.8999938964844,293.95001220703125,9612
2025-12-22 13:00:00+05:30,294.0,294.0,293.95001220703125,294.0,48948
2025-12-22 13:05:00+05:30,293.95001220703125,294.45001220703125,293.95001220703125,294.3500061035156,85424
2025-12-22 13:10:00+05:30,294.3500061035156,294.5,294.25,294.45001220703125,11541
2025-12-22 13:15:00+05:30,294.5,294.5,294.29998779296875,294.45001220703125,15427
2025-12-22 13:20:00+05:30,294.45001220703125,295.0,294.45001220703125,294.5,76715
2025-12-22 13:25:00+05:30,294.5,294.8500061035156,294.5,294.70001220703125,23109
2025-12-22 13:30:00+05:30,294.6000061035156,294.79998779296875,294.6000061035156,294.70001220703125,17952
2025-12-22 13:35:00+05:30,294.54998779296875,294.75,293.79998779296875,293.8999938964844,153145
2025-12-22 13:40:00+05:30,293.95001220703125,294.20001220703125,293.8500061035156,294.04998779296875,33294
2025-12-22 13:45:00+05:30,294.1000061035156,294.3500061035156,294.04998779296875,294.25,26834
2025-12-22 13:50:00+05:30,294.25,294.3500061035156,294.04998779296875,294.04998779296875,18151
2025-12-22 13:55:00+05:30,294.04998779296875,294.20001220703125,293.95001220703125,294.1499938964844,13374
2025-12-22 14:00:00+05:30,294.20001220703125,294.29998779296875,294.04998779296875,294.1000061035156,20584
2025-12-22 14:05:00+05:30,294.1499938964844,294.29998779296875,294.04998779296875,294.25,11622
2025-12-22 14:10:00+05:30,294.1499938964844,294.29998779296875,294.1000061035156,294.25,14137
2025-12-22 14:15:00+05:30,294.3500061035156,294.3500061035156,294.04998779296875,294.1000061035156,19613
2025-12-22 14:20:00+05:30,294.1000061035156,294.1000061035156,293.70001220703125,293.95001220703125,34667
2025-12-22 14:25:00+05:30,293.95001220703125,294.1000061035156,293.95001220703125,294.04998779296875,20102
2025-12-22 14:30:00+05:30,294.1000061035156,294.1499938964844,293.79998779296875,294.1499938964844,15992
2025-12-22 14:35:00+05:30,294.1499938964844,294.20001220703125,293.6499938964844,293.8500061035156,35361
2025-12-22 14:40:00+05:30,293.95001220703125,293.95001220703125,293.75,293.79998779296875,36565
2025-12-22 14:45:00+05:30,293.75,294.25,293.6499938964844,294.20001220703125,38503
2025-12-22 14:50:00+05:30,293.95001220703125,294.1499938964844,293.79998779296875,293.79998779296875,34215
2025-12-22 14:55:00+05:30,293.79998779296875,294.1000061035156,293.79998779296875,293.95001220703125,46202
2025-12-22 15:00:00+05:30,294.25,294.5,294.1499938964844,294.20001220703125,116990
2025-12-22 15:05:00+05:30,294.04998779296875,294.25,294.04998779296875,294.1499938964844,90087
2025-12-22 15:10:00+05:30,294.1000061035156,294.25,294.0,294.20001220703125,119975
2025-12-22 15:15:00+05:30,294.25,294.3500061035156,294.04998779296875,294.04998779296875,147624
2025-12-22 15:20:00+05:30,294.04998779296875,294.04998779296875,293.6499938964844,293.70001220703125,114873
2025-12-22 15:25:00+05:30,293.6499938964844,293.70001220703125,293.29998779296875,293.3999938964844,221457
2025-12-23 09:20:00+05:30,294.54998779296875,295.0,294.20001220703125,294.6499938964844,48438
2025-12-23 09:25:00+05:30,294.70001220703125,294.8999938964844,294.45001220703125,294.75,37053
2025-12-23 09:30:00+05:30,294.6499938964844,294.75,294.1499938964844,294.29998779296875,36163
2025-12-23 09:35:00+05:30,294.20001220703125,294.20001220703125,293.79998779296875,293.95001220703125,82183
2025-12-23 09:40:00+05:30,293.8500061035156,294.0,293.5,293.5,35576
2025-12-23 09:45:00+05:30,293.70001220703125,293.8999938964844,293.25,293.8999938964844,63600
2025-12-23 09:50:00+05:30,293.8999938964844,294.1000061035156,293.79998779296875,294.0,11122
2025-12-23 09:55:00+05:30,294.0,294.3999938964844,293.8999938964844,294.29998779296875,26833
2025-12-23 10:00:00+05:30,294.25,294.45001220703125,294.20001220703125,294.20001220703125,23998
2025-12-23 10:05:00+05:30,294.20001220703125,294.29998779296875,294.1000061035156,294.1499938964844,5209
2025-12-23 10:10:00+05:30,294.1499938964844,294.6000061035156,294.04998779296875,294.29998779296875,68078
2025-12-23 10:15:00+05:30,294.3500061035156,294.6000061035156,294.1000061035156,294.1000061035156,33208
2025-12-23 10:20:00+05:30,294.1000061035156,294.1000061035156,293.5,293.6000061035156,41088
2025-12-23 10:25:00+05:30,293.6000061035156,293.70001220703125,293.5,293.70001220703125,22633
2025-12-23 10:30:00+05:30,293.70001220703125,293.79998779296875,293.5,293.6000061035156,62366
2025-12-23 10:35:00+05:30,293.5,293.6000061035156,293.29998779296875,293.3999938964844,31192
2025-12-23 10:40:00+05:30,293.3999938964844,293.70001220703125,293.29998779296875,293.45001220703125,45502
2025-12-23 10:45:00+05:30,293.3999938964844,293.6499938964844,293.3999938964844,293.5,12145
2025-12-23 10:50:00+05:30,293.5,293.75,293.29998779296875,293.3500061035156,80399
2025-12-23 10:55:00+05:30,293.3500061035156,293.54998779296875,293.3500061035156,293.45001220703125,23176
2025-12-23 11:00:00+05:30,293.5,293.5,293.0,293.3999938964844,69652
2025-12-23 11:05:00+05:30,293.29998779296875,293.6000061035156,293.29998779296875,293.54998779296875,64082
2025-12-23 11:10:00+05:30,293.54998779296875,294.0,293.5,293.5,157262
2025-12-23 11:15:00+05:30,293.45001220703125,293.95001220703125,293.25,293.70001220703125,54838
2025-12-23 11:20:00+05:30,293.79998779296875,294.0,293.6499938964844,293.8500061035156,11694
2025-12-23 11:25:00+05:30,293.8500061035156,293.8999938964844,293.29998779296875,293.3500061035156,21147
2025-12-23 11:30:00+05:30,293.25,293.25,293.0,293.1000061035156,32478
2025-12-23 11:35:00+05:30,293.0,293.0,292.54998779296875,292.70001220703125,31822
2025-12-23 11:40:00+05:30,292.75,292.75,292.45001220703125,292.54998779296875,46604
2025-12-23 11:45:00+05:30,292.5,292.70001220703125,292.45001220703125,292.5,32678
2025-12-23 11:50:00+05:30,292.6000061035156,292.79998779296875,292.45001220703125,292.5,41506
2025-12-23 11:55:00+05:30,292.45001220703125,292.6499938964844,292.3999938964844,292.45001220703125,79981
2025-12-23 12:00:00+05:30,292.45001220703125,292.6499938964844,292.45001220703125,292.6499938964844,150303
2025-12-23 12:05:00+05:30,292.6499938964844,292.95001220703125,292.6000061035156,292.8500061035156,44999
2025-12-23 12:10:00+05:30,292.8500061035156,293.0,292.70001220703125,292.79998779296875,19724
2025-12-23 12:15:00+05:30,292.79998779296875,293.0,292.79998779296875,292.95001220703125,14869
2025-12-23 12:20:00+05:30,292.8500061035156,293.45001220703125,292.70001220703125,293.3500061035156,82676
2025-12-23 12:25:00+05:30,293.45001220703125,293.54998779296875,293.1000061035156,293.1499938964844,61108
2025-12-23 12:30:00+05:30,293.1499938964844,293.25,293.04998779296875,293.1499938964844,11811
2025-12-23 12:35:00+05:30,293.1499938964844,293.3999938964844,292.75,292.8500061035156,110425
2025-12-23 12:40:00+05:30,292.79998779296875,293.0,292.79998779296875,292.95001220703125,7467
2025-12-23 12:45:00+05:30,292.95001220703125,293.3999938964844,292.8999938964844,293.0,48340
2025-12-23 12:50:00+05:30,292.95001220703125,293.1000061035156,292.79998779296875,292.95001220703125,22154
2025-12-23 12:55:00+05:30,292.95001220703125,293.0,292.79998779296875,292.8999938964844,10742
2025-12-23 13:00:00+05:30,292.8999938964844,293.3500061035156,292.8500061035156,293.1499938964844,113041
2025-12-23 13:05:00+05:30,293.1000061035156,293.3500061035156,292.8500061035156,293.0,19557
2025-12-23 13:10:00+05:30,292.95001220703125,293.04998779296875,292.8999938964844,293.0,6537
2025-12-23 13:15:00+05:30,292.95001220703125,293.1000061035156,292.8999938964844,293.0,9498
2025-12-23 13:20:00+05:30,292.95001220703125,293.0,292.8999938964844,292.8999938964844,5014
2025-12-23 13:25:00+05:30,292.95001220703125,292.95001220703125,292.75,292.8999938964844,33356
2025-12-23 13:30:00+05:30,292.79998779296875,292.95001220703125,292.79998779296875,292.95001220703125,16926
2025-12-23 13:35:00+05:30,292.8500061035156,293.04998779296875,292.79998779296875,293.04998779296875,80223
2025-12-23 13:40:00+05:30,293.0,293.1000061035156,292.79998779296875,292.79998779296875,34720
2025-12-23 13:45:00+05:30,292.8999938964844,293.0,292.79998779296875,292.8999938964844,12101
2025-12-23 13:50:00+05:30,292.8500061035156,292.8999938964844,292.54998779296875,292.75,26362
2025-12-23 13:55:00+05:30,292.70001220703125,292.8500061035156,292.6000061035156,292.6499938964844,28913
2025-12-23 14:00:00+05:30,292.6499938964844,292.70001220703125,292.6000061035156,292.6000061035156,15264
2025-12-23 14:05:00+05:30,292.6499938964844,292.6499938964844,292.29998779296875,292.3500061035156,44863
2025-12-23 14:10:00+05:30,292.29998779296875,292.6499938964844,292.1000061035156,292.5,125168
2025-12-23 14:15:00+05:30,292.45001220703125,292.5,292.29998779296875,292.3999938964844,11372
2025-12-23 14:20:00+05:30,292.3999938964844,292.3999938964844,291.95001220703125,291.95001220703125,150692
2025-12-23 14:25:00+05:30,292.1499938964844,292.1499938964844,291.79998779296875,291.95001220703125,17002
2025-12-23 14:30:00+05:30,291.95001220703125,292.0,291.6000061035156,291.6000061035156,74522
2025-12-23 14:35:00+05:30,291.70001220703125,291.75,291.29998779296875,291.5,42672
2025-12-23 14:40:00+05:30,291.5,291.54998779296875,291.1499938964844,291.25,28896
2025-12-23 14:45:00+05:30,291.25,291.45001220703125,291.1499938964844,291.3500061035156,28170
2025-12-23 14:50:00+05:30,291.45001220703125,291.45001220703125,291.1000061035156,291.1499938964844,19301
2025-12-23 14:55:00+05:30,291.20001220703125,291.95001220703125,291.20001220703125,291.95001220703125,49881
2025-12-23 15:00:00+05:30,292.1499938964844,292.6499938964844,292.1499938964844,292.29998779296875,119557
2025-12-23 15:05:00+05:30,292.29998779296875,292.6000061035156,292.20001220703125,292.3500061035156,59051
2025-12-23 15:10:00+05:30,292.3500061035156,292.6000061035156,292.3500061035156,292.54998779296875,71250
2025-12-23 15:15:00+05:30,292.45001220703125,292.75,292.45001220703125,292.45001220703125,88183
2025-12-23 15:20:00+05:30,292.6000061035156,292.75,292.45001220703125,292.6499938964844,73954
2025-12-23 15:25:00+05:30,292.5,292.95001220703125,292.45001220703125,292.95001220703125,107035
2025-12-24 09:20:00+05:30,292.8500061035156,293.04998779296875,292.54998779296875,292.8999938964844,38051
2025-12-24 09:25:00+05:30,292.8999938964844,293.29998779296875,292.79998779296875,293.04998779296875,33909
2025-12-24 09:30:00+05:30,293.04998779296875,293.1000061035156,292.75,292.75,32261
2025-12-24 09:35:00+05:30,292.75,292.8999938964844,292.5,292.5,15068
2025-12-24 09:40:00+05:30,292.54998779296875,292.79998779296875,292.5,292.54998779296875,56232
2025-12-24 09:45:00+05:30,292.54998779296875,292.6000061035156,292.1000061035156,292.25,43811
2025-12-24 09:50:00+05:30,292.1499938964844,292.3500061035156,291.8999938964844,291.8999938964844,65186
2025-12-24 09:55:00+05:30,291.95001220703125,291.95001220703125,291.5,291.70001220703125,37640
2025-12-24 10:00:00+05:30,291.79998779296875,291.8999938964844,291.54998779296875,291.70001220703125,56156
2025-12-24 10:05:00+05:30,291.6000061035156,291.8500061035156,291.29998779296875,291.6000061035156,46538
2025-12-24 10:10:00+05:30,291.70001220703125,292.25,291.6000061035156,292.1000061035156,40139
2025-12-24 10:15:00+05:30,292.29998779296875,292.75,292.0,292.0,41466
2025-12-24 10:20:00+05:30,291.8999938964844,292.25,291.8999938964844,292.1000061035156,12671
2025-12-24 10:25:00+05:30,292.04998779296875,292.3999938964844,292.04998779296875,292.1000061035156,9060
2025-12-24 10:30:00+05:30,292.25,292.6499938964844,292.1000061035156,292.6499938964844,25471
2025-12-24 10:35:00+05:30,292.6000061035156,292.8999938964844,292.45001220703125,292.6499938964844,27345
2025-12-24 10:40:00+05:30,292.5,292.75,292.3999938964844,292.3999938964844,12443
2025-12-24 10:45:00+05:30,292.45001220703125,292.70001220703125,292.04998779296875,292.1000061035156,26832
2025-12-24 10:50:00+05:30,292.0,292.0,291.79998779296875,291.95001220703125,12489
2025-12-24 10:55:00+05:30,291.8500061035156,291.95001220703125,291.70001220703125,291.8500061035156,19260
2025-12-24 11:00:00+05:30,291.79998779296875,292.0,291.6499938964844,291.70001220703125,29667
2025-12-24 11:05:00+05:30,291.70001220703125,291.8999938964844,291.6000061035156,291.79998779296875,23819
2025-12-24 11:10:00+05:30,291.79998779296875,292.1000061035156,291.70001220703125,292.1000061035156,19780
2025-12-24 11:15:00+05:30,292.04998779296875,292.3999938964844,291.95001220703125,291.95001220703125,45057
2025-12-24 11:20:00+05:30,292.04998779296875,292.20001220703125,291.79998779296875,292.1000061035156,36892
2025-12-24 11:25:00+05:30,292.04998779296875,292.04998779296875,291.8500061035156,292.0,15128
2025-12-24 11:30:00+05:30,291.95001220703125,292.0,291.79998779296875,291.8999938964844,63339
2025-12-24 11:35:00+05:30,291.8999938964844,292.0,291.8500061035156,291.8999938964844,13611
2025-12-24 11:40:00+05:30,291.8500061035156,291.8999938964844,291.1000061035156,291.29998779296875,164585
2025-12-24 11:45:00+05:30,291.29998779296875,291.79998779296875,291.29998779296875,291.79998779296875,36145
2025-12-24 11:50:00+05:30,291.6499938964844,291.79998779296875,291.25,291.29998779296875,41449
2025-12-24 11:55:00+05:30,291.25,291.79998779296875,291.1499938964844,291.70001220703125,188684
2025-12-24 12:00:00+05:30,291.70001220703125,291.8500061035156,291.3500061035156,291.79998779296875,22441
2025-12-24 12:05:00+05:30,291.75,291.95001220703125,291.70001220703125,291.8500061035156,21912
2025-12-24 12:10:00+05:30,291.8500061035156,291.95001220703125,291.6499938964844,291.8500061035156,8924
2025-12-24 12:15:00+05:30,291.8999938964844,292.1000061035156,291.8500061035156,292.1000061035156,172819
2025-12-24 12:20:00+05:30,292.04998779296875,292.25,291.8500061035156,291.95001220703125,26477
2025-12-24 12:25:00+05:30,291.95001220703125,292.25,291.1000061035156,291.3500061035156,165851
2025-12-24 12:30:00+05:30,291.3500061035156,291.6000061035156,291.29998779296875,291.6000061035156,20686
2025-12-24 12:35:00+05:30,291.6000061035156,291.79998779296875,291.5,291.5,18745
2025-12-24 12:40:00+05:30,291.5,291.6499938964844,291.25,291.3500061035156,9497
2025-12-24 12:45:00+05:30,291.29998779296875,291.5,291.20001220703125,291.25,10938
2025-12-24 12:50:00+05:30,291.20001220703125,291.3999938964844,291.1000061035156,291.20001220703125,13959
2025-12-24 12:55:00+05:30,291.25,291.29998779296875,290.79998779296875,291.0,36818
2025-12-24 13:00:00+05:30,290.8999938964844,291.0,290.79998779296875,291.0,11892
2025-12-24 13:05:00+05:30,291.0,291.0,290.6499938964844,290.75,25859
2025-12-24 13:10:00+05:30,290.8500061035156,290.95001220703125,290.45001220703125,290.79998779296875,33181
2025-12-24 13:15:00+05:30,290.79998779296875,290.79998779296875,290.54998779296875,290.54998779296875,10575
2025-12-24 13:20:00+05:30,290.6000061035156,290.8500061035156,290.5,290.70001220703125,27708
2025-12-24 13:25:00+05:30,290.70001220703125,290.8999938964844,290.6499938964844,290.8999938964844,9191
2025-12-24 13:30:00+05:30,290.8999938964844,290.95001220703125,290.5,290.70001220703125,22610
2025-12-24 13:35:00+05:30,290.70001220703125,290.8999938964844,290.54998779296875,290.79998779296875,8617
2025-12-24 13:40:00+05:30,290.6499938964844,290.8999938964844,290.6499938964844,290.8999938964844,13063
2025-12-24 13:45:00+05:30,290.8999938964844,291.0,290.79998779296875,290.95001220703125,8932
2025-12-24 13:50:00+05:30,290.8999938964844,291.0,290.8500061035156,290.95001220703125,29998
2025-12-24 13:55:00+05:30,290.95001220703125,291.0,290.79998779296875,290.79998779296875,20942
2025-12-24 14:00:00+05:30,290.79998779296875,290.8999938964844,290.6499938964844,290.75,15895
2025-12-24 14:05:00+05:30,290.75,290.8500061035156,290.54998779296875,290.8500061035156,22713
2025-12-24 14:10:00+05:30,290.8500061035156,290.95001220703125,290.70001220703125,290.75,8028
2025-12-24 14:15:00+05:30,290.75,291.0,290.75,290.8999938964844,5284
2025-12-24 14:20:00+05:30,291.0,291.0,290.6000061035156,290.6000061035156,20933
2025-12-24 14:25:00+05:30,290.6499938964844,290.75,290.3999938964844,290.3999938964844,152843
2025-12-24 14:30:00+05:30,290.3999938964844,290.6000061035156,290.25,290.5,139129
2025-12-24 14:35:00+05:30,290.5,290.5,289.8999938964844,290.0,133831
2025-12-24 14:40:00+05:30,290.1000061035156,290.3500061035156,289.95001220703125,290.25,83906
2025-12-24 14:45:00+05:30,290.3500061035156,290.5,290.04998779296875,290.3500061035156,98331
2025-12-24 14:50:00+05:30,290.20001220703125,290.3999938964844,290.04998779296875,290.25,74344
2025-12-24 14:55:00+05:30,290.29998779296875,290.95001220703125,290.20001220703125,290.95001220703125,52664
2025-12-24 15:00:00+05:30,291.45001220703125,291.45001220703125,290.79998779296875,290.79998779296875,90147
2025-12-24 15:05:00+05:30,290.79998779296875,290.8500061035156,290.6499938964844,290.6499938964844,48183
2025-12-24 15:10:00+05:30,290.6499938964844,290.79998779296875,290.3999938964844,290.45001220703125,60871
2025-12-24 15:15:00+05:30,290.3999938964844,290.54998779296875,290.29998779296875,290.54998779296875,137424
2025-12-24 15:20:00+05:30,290.5,290.54998779296875,290.20001220703125,290.25,133211
2025-12-24 15:25:00+05:30,290.29998779296875,290.79998779296875,290.1499938964844,290.3500061035156,88770
2025-12-26 09:20:00+05:30,290.54998779296875,291.29998779296875,290.3500061035156,290.3500061035156,110119
2025-12-26 09:25:00+05:30,290.5,291.75,290.5,291.5,73387
2025-12-26 09:30:00+05:30,291.45001220703125,291.45001220703125,290.8500061035156,291.0,49425
2025-12-26 09:35:00+05:30,290.8999938964844,291.0,290.5,290.95001220703125,23097
2025-12-26 09:40:00+05:30,290.8999938964844,290.8999938964844,290.29998779296875,290.29998779296875,29124
2025-12-26 09:45:00+05:30,290.29998779296875,290.70001220703125,290.25,290.5,19373
2025-12-26 09:50:00+05:30,290.54998779296875,290.6499938964844,290.1000061035156,290.1499938964844,21409
2025-12-26 09:55:00+05:30,290.1000061035156,290.3999938964844,290.0,290.1499938964844,59324
2025-12-26 10:00:00+05:30,290.1499938964844,290.25,289.54998779296875,289.75,29738
2025-12-26 10:05:00+05:30,289.75,289.79998779296875,289.6000061035156,289.6000061035156,31118
2025-12-26 10:10:00+05:30,289.6499938964844,289.6499938964844,289.20001220703125,289.29998779296875,44025
2025-12-26 10:15:00+05:30,289.29998779296875,289.3500061035156,289.04998779296875,289.1499938964844,64774
2025-12-26 10:20:00+05:30,289.29998779296875,289.29998779296875,289.04998779296875,289.1000061035156,13660
2025-12-26 10:25:00+05:30,289.1000061035156,289.3999938964844,289.0,289.3500061035156,24894
2025-12-26 10:30:00+05:30,289.29998779296875,289.29998779296875,289.0,289.1000061035156,11800
2025-12-26 10:35:00+05:30,289.04998779296875,289.20001220703125,289.0,289.1499938964844,14540
2025-12-26 10:40:00+05:30,289.25,289.3500061035156,289.1000061035156,289.29998779296875,13897
2025-12-26 10:45:00+05:30,289.29998779296875,289.29998779296875,289.0,289.1499938964844,12449
2025-12-26 10:50:00+05:30,289.1499938964844,289.25,288.70001220703125,288.70001220703125,45258
2025-12-26 10:55:00+05:30,288.54998779296875,288.79998779296875,288.54998779296875,288.79998779296875,23173
2025-12-26 11:00:00+05:30,288.79998779296875,288.79998779296875,288.6000061035156,288.6499938964844,17345
2025-12-26 11:05:00+05:30,288.5,288.79998779296875,288.5,288.6000061035156,16672
2025-12-26 11:10:00+05:30,288.6000061035156,288.75,288.5,288.6499938964844,30181
2025-12-26 11:15:00+05:30,288.5,288.6000061035156,288.3500061035156,288.5,19541
2025-12-26 11:20:00+05:30,288.5,288.5,288.1499938964844,288.29998779296875,11764
2025-12-26 11:25:00+05:30,288.29998779296875,288.3500061035156,288.20001220703125,288.3500061035156,13129
2025-12-26 11:30:00+05:30,288.3500061035156,288.3999938964844,288.20001220703125,288.29998779296875,17579
2025-12-26 11:35:00+05:30,288.29998779296875,288.3999938964844,288.20001220703125,288.3500061035156,6092
2025-12-26 11:40:00+05:30,288.29998779296875,288.8999938964844,288.29998779296875,288.8999938964844,68318
2025-12-26 11:45:00+05:30,288.8500061035156,288.8500061035156,288.45001220703125,288.6499938964844,14142
2025-12-26 11:50:00+05:30,288.6499938964844,288.75,288.3500061035156,288.75,27618
2025-12-26 11:55:00+05:30,288.75,288.95001220703125,288.70001220703125,288.8500061035156,17453
2025-12-26 12:00:00+05:30,288.8500061035156,288.8500061035156,288.6499938964844,288.75,18128
2025-12-26 12:05:00+05:30,288.75,289.0,288.6000061035156,288.95001220703125,60439
2025-12-26 12:10:00+05:30,288.95001220703125,289.25,288.8999938964844,289.1499938964844,153741
2025-12-26 12:15:00+05:30,289.1000061035156,289.1499938964844,288.70001220703125,289.0,36859
2025-12-26 12:20:00+05:30,289.0,289.6000061035156,289.0,289.1000061035156,451614
2025-12-26 12:25:00+05:30,289.0,289.0,288.70001220703125,288.8500061035156,24457
2025-12-26 12:30:00+05:30,288.75,288.8500061035156,288.29998779296875,288.54998779296875,26406
2025-12-26 12:35:00+05:30,288.5,288.70001220703125,288.3999938964844,288.6000061035156,10514
2025-12-26 12:40:00+05:30,288.6000061035156,288.75,288.3999938964844,288.70001220703125,14950
2025-12-26 12:45:00+05:30,288.70001220703125,288.79998779296875,288.54998779296875,288.79998779296875,9029
2025-12-26 12:50:00+05:30,288.75,288.79998779296875,288.6499938964844,288.79998779296875,7445
2025-12-26 12:55:00+05:30,288.79998779296875,288.8500061035156,288.6000061035156,288.8500061035156,8781
2025-12-26 13:00:00+05:30,288.8500061035156,288.8999938964844,288.75,288.8999938964844,9108
2025-12-26 13:05:00+05:30,288.8500061035156,289.0,288.70001220703125,288.8500061035156,17930
2025-12-26 13:10:00+05:30,288.8500061035156,288.8999938964844,288.6499938964844,288.79998779296875,3199
2025-12-26 13:15:00+05:30,288.79998779296875,288.8999938964844,288.70001220703125,288.8500061035156,4701
2025-12-26 13:20:00+05:30,288.8500061035156,288.95001220703125,288.70001220703125,288.8999938964844,21409
2025-12-26 13:25:00+05:30,288.8999938964844,289.20001220703125,288.75,289.1499938964844,25966
2025-12-26 13:30:00+05:30,289.20001220703125,289.20001220703125,288.95001220703125,289.1000061035156,74384
2025-12-26 13:35:00+05:30,289.1000061035156,289.20001220703125,288.95001220703125,289.20001220703125,39762
2025-12-26 13:40:00+05:30,289.20001220703125,289.29998779296875,289.04998779296875,289.1000061035156,15255
2025-12-26 13:45:00+05:30,289.29998779296875,289.29998779296875,289.1000061035156,289.1499938964844,4479
2025-12-26 13:50:00+05:30,289.1499938964844,289.1499938964844,288.8500061035156,289.0,11589
2025-12-26 13:55:00+05:30,289.0,289.0,288.75,288.79998779296875,23492
2025-12-26 14:00:00+05:30,288.8500061035156,289.0,288.75,289.0,9181
2025-12-26 14:05:00+05:30,289.0,289.0,288.6499938964844,288.75,26947
2025-12-26 14:10:00+05:30,288.75,288.75,288.5,288.6499938964844,10427
2025-12-26 14:15:00+05:30,288.70001220703125,288.95001220703125,288.6000061035156,288.79998779296875,8806
2025-12-26 14:20:00+05:30,288.79998779296875,288.79998779296875,288.6000061035156,288.79998779296875,18910
2025-12-26 14:25:00+05:30,288.6499938964844,288.8500061035156,288.5,288.6499938964844,15625
2025-12-26 14:30:00+05:30,288.6499938964844,288.75,288.5,288.70001220703125,10705
2025-12-26 14:35:00+05:30,288.70001220703125,288.70001220703125,288.25,288.3500061035156,107450
2025-12-26 14:40:00+05:30,288.3500061035156,288.3999938964844,287.95001220703125,288.0,101521
2025-12-26 14:45:00+05:30,288.0,288.0,287.70001220703125,287.70001220703125,59914
2025-12-26 14:50:00+05:30,287.70001220703125,288.0,287.70001220703125,287.8500061035156,23966
2025-12-26 14:55:00+05:30,288.0,288.45001220703125,287.75,288.45001220703125,39658
2025-12-26 15:00:00+05:30,288.45001220703125,288.75,288.3500061035156,288.5,184152
2025-12-26 15:05:00+05:30,288.6000061035156,288.6499938964844,288.20001220703125,288.3500061035156,206696
2025-12-26 15:10:00+05:30,288.3500061035156,288.3999938964844,288.1000061035156,288.1000061035156,122621
2025-12-26 15:15:00+05:30,288.1000061035156,288.3500061035156,288.0,288.20001220703125,120961
2025-12-26 15:20:00+05:30,288.20001220703125,288.25,287.95001220703125,288.04998779296875,76475
2025-12-26 15:25:00+05:30,288.04998779296875,288.1499938964844,287.79998779296875,288.1499938964844,162865
2025-12-29 09:20:00+05:30,287.75,288.6499938964844,287.54998779296875,288.6499938964844,61960
2025-12-29 09:25:00+05:30,288.6499938964844,288.75,288.20001220703125,288.20001220703125,66029
2025-12-29 09:30:00+05:30,288.25,288.3999938964844,288.1499938964844,288.3999938964844,28067
2025-12-29 09:35:00+05:30,288.3999938964844,288.79998779296875,288.3999938964844,288.6000061035156,24565
2025-12-29 09:40:00+05:30,288.6000061035156,288.6000061035156,288.3500061035156,288.3999938964844,22476
2025-12-29 09:45:00+05:30,288.3999938964844,288.6000061035156,288.3500061035156,288.45001220703125,19405
2025-12-29 09:50:00+05:30,288.5,288.5,287.6499938964844,287.8999938964844,40699
2025-12-29 09:55:00+05:30,287.95001220703125,288.0,287.5,287.70001220703125,23056
2025-12-29 10:00:00+05:30,287.6000061035156,288.0,287.6000061035156,287.8999938964844,32630
2025-12-29 10:05:00+05:30,287.95001220703125,288.29998779296875,287.8500061035156,288.29998779296875,18651
2025-12-29 10:10:00+05:30,288.29998779296875,288.3999938964844,287.95001220703125,288.0,22583
2025-12-29 10:15:00+05:30,288.0,288.04998779296875,287.8999938964844,287.8999938964844,16015
2025-12-29 10:20:00+05:30,288.0,288.29998779296875,287.79998779296875,288.29998779296875,99802
2025-12-29 10:25:00+05:30,288.3999938964844,288.79998779296875,288.25,288.25,87659
2025-12-29 10:30:00+05:30,288.29998779296875,288.8999938964844,288.29998779296875,288.5,124765
2025-12-29 10:35:00+05:30,288.6000061035156,288.6000061035156,288.20001220703125,288.54998779296875,21891
2025-12-29 10:40:00+05:30,288.3999938964844,288.6499938964844,288.25,288.3500061035156,19532
2025-12-29 10:45:00+05:30,288.1499938964844,288.45001220703125,288.04998779296875,288.29998779296875,42641
2025-12-29 10:50:00+05:30,288.29998779296875,288.5,288.29998779296875,288.45001220703125,12417
2025-12-29 10:55:00+05:30,288.3999938964844,288.5,288.29998779296875,288.3999938964844,11311
2025-12-29 11:00:00+05:30,288.3999938964844,288.45001220703125,288.20001220703125,288.20001220703125,23051
2025-12-29 11:05:00+05:30,288.29998779296875,288.29998779296875,287.79998779296875,288.0,37512
2025-12-29 11:10:00+05:30,288.0,288.25,288.0,288.1000061035156,24380
2025-12-29 11:15:00+05:30,288.1000061035156,288.20001220703125,288.0,288.1000061035156,8542
2025-12-29 11:20:00+05:30,288.0,288.20001220703125,287.75,288.1000061035156,22094
2025-12-29 11:25:00+05:30,288.20001220703125,288.6000061035156,288.0,288.3999938964844,64942
2025-12-29 11:30:00+05:30,288.5,288.5,288.0,288.25,36902
2025-12-29 11:35:00+05:30,288.25,288.54998779296875,288.25,288.5,23522
2025-12-29 11:40:00+05:30,288.5,288.70001220703125,288.45001220703125,288.70001220703125,14377
2025-12-29 11:45:00+05:30,288.6000061035156,288.8999938964844,288.6000061035156,288.8999938964844,14541
2025-12-29 11:50:00+05:30,288.8999938964844,289.0,288.75,288.95001220703125,10969
2025-12-29 11:55:00+05:30,288.95001220703125,289.6499938964844,288.95001220703125,289.54998779296875,30305
2025-12-29 12:00:00+05:30,289.54998779296875,289.95001220703125,289.3500061035156,289.8999938964844,51287
2025-12-29 12:05:00+05:30,289.95001220703125,290.1499938964844,289.8500061035156,290.0,57218
2025-12-29 12:10:00+05:30,289.95001220703125,290.0,289.54998779296875,289.6499938964844,82237
2025-12-29 12:15:00+05:30,289.6499938964844,289.75,289.6000061035156,289.6499938964844,19730
2025-12-29 12:20:00+05:30,289.6499938964844,289.6499938964844,289.3500061035156,289.45001220703125,27319
2025-12-29 12:25:00+05:30,289.45001220703125,289.45001220703125,289.1499938964844,289.3500061035156,27677
2025-12-29 12:30:00+05:30,289.3500061035156,289.6000061035156,289.25,289.25,38294
2025-12-29 12:35:00+05:30,289.25,289.3999938964844,289.20001220703125,289.29998779296875,42797
2025-12-29 12:40:00+05:30,289.25,289.3999938964844,289.20001220703125,289.25,17119
2025-12-29 12:45:00+05:30,289.25,289.45001220703125,289.25,289.29998779296875,14559
2025-12-29 12:50:00+05:30,289.29998779296875,289.3999938964844,289.25,289.3500061035156,19786
2025-12-29 12:55:00+05:30,289.3999938964844,289.3999938964844,289.25,289.29998779296875,7756
2025-12-29 13:00:00+05:30,289.3500061035156,289.45001220703125,289.20001220703125,289.45001220703125,14480
2025-12-29 13:05:00+05:30,289.29998779296875,289.45001220703125,289.20001220703125,289.20001220703125,7469
2025-12-29 13:10:00+05:30,289.20001220703125,289.29998779296875,288.5,288.5,82427
2025-12-29 13:15:00+05:30,288.70001220703125,288.8999938964844,288.04998779296875,288.1000061035156,109288
2025-12-29 13:20:00+05:30,288.1000061035156,288.3999938964844,288.1000061035156,288.1499938964844,59777
2025-12-29 13:25:00+05:30,288.1499938964844,288.29998779296875,288.1499938964844,288.1499938964844,20139
2025-12-29 13:30:00+05:30,288.1499938964844,288.1499938964844,287.6499938964844,287.75,158590
2025-12-29 13:35:00+05:30,287.8500061035156,288.0,287.45001220703125,287.5,391682
2025-12-29 13:40:00+05:30,287.5,288.1499938964844,287.5,288.0,105776
2025-12-29 13:45:00+05:30,288.0,288.25,287.6499938964844,288.1000061035156,246512
2025-12-29 13:50:00+05:30,288.1000061035156,288.20001220703125,287.6499938964844,287.8500061035156,178954
2025-12-29 13:55:00+05:30,287.8500061035156,288.95001220703125,287.8500061035156,288.1000061035156,318316
2025-12-29 14:00:00+05:30,288.04998779296875,288.1499938964844,287.79998779296875,287.8999938964844,165707
2025-12-29 14:05:00+05:30,287.8999938964844,289.29998779296875,287.8999938964844,288.3500061035156,440476
2025-12-29 14:10:00+05:30,288.45001220703125,288.45001220703125,288.04998779296875,288.04998779296875,91841
2025-12-29 14:15:00+05:30,288.04998779296875,288.1000061035156,287.6000061035156,287.6000061035156,37879
2025-12-29 14:20:00+05:30,287.6499938964844,288.0,287.6000061035156,287.8999938964844,90934
2025-12-29 14:25:00+05:30,288.0,288.3500061035156,287.8999938964844,287.95001220703125,222247
2025-12-29 14:30:00+05:30,287.95001220703125,288.20001220703125,287.75,287.8999938964844,76376
2025-12-29 14:35:00+05:30,288.0,288.04998779296875,287.79998779296875,287.95001220703125,18593
2025-12-29 14:40:00+05:30,288.0,288.0,287.75,287.8500061035156,41767
2025-12-29 14:45:00+05:30,287.8500061035156,287.95001220703125,287.70001220703125,287.70001220703125,28971
2025-12-29 14:50:00+05:30,287.70001220703125,287.75,287.1499938964844,287.1499938964844,136832
2025-12-29 14:55:00+05:30,287.25,287.79998779296875,287.1499938964844,287.70001220703125,461407
2025-12-29 15:00:00+05:30,287.70001220703125,287.70001220703125,287.29998779296875,287.6499938964844,393143
2025-12-29 15:05:00+05:30,287.6000061035156,287.70001220703125,287.5,287.6000061035156,134436
2025-12-29 15:10:00+05:30,287.54998779296875,287.70001220703125,287.54998779296875,287.54998779296875,242138
2025-12-29 15:15:00+05:30,287.6000061035156,287.6499938964844,287.45001220703125,287.54998779296875,146382
2025-12-29 15:20:00+05:30,287.6000061035156,287.6499938964844,287.54998779296875,287.54998779296875,230075
2025-12-29 15:25:00+05:30,287.6499938964844,288.3999938964844,287.3999938964844,287.6000061035156,931607
2025-12-30 09:20:00+05:30,286.29998779296875,286.3999938964844,285.6000061035156,286.0,99037
2025-12-30 09:25:00+05:30,286.0,286.0,285.8500061035156,285.8999938964844,33882
2025-12-30 09:30:00+05:30,285.8999938964844,286.5,285.54998779296875,286.5,58352
2025-12-30 09:35:00+05:30,286.3999938964844,286.5,286.20001220703125,286.29998779296875,34525
2025-12-30 09:40:00+05:30,286.3999938964844,286.6000061035156,286.25,286.6000061035156,22564
2025-12-30 09:45:00+05:30,286.6000061035156,286.70001220703125,286.1000061035156,286.1000061035156,56482
2025-12-30 09:50:00+05:30,286.1000061035156,286.70001220703125,286.1000061035156,286.25,33085
2025-12-30 09:55:00+05:30,286.29998779296875,286.6000061035156,286.25,286.5,26745
2025-12-30 10:00:00+05:30,286.6000061035156,287.8999938964844,286.6000061035156,287.8999938964844,99035
2025-12-30 10:05:00+05:30,287.79998779296875,288.0,287.5,287.6499938964844,58028
2025-12-30 10:10:00+05:30,287.6499938964844,288.25,287.6000061035156,288.25,58448
2025-12-30 10:15:00+05:30,288.1499938964844,288.29998779296875,288.04998779296875,288.25,22073
2025-12-30 10:20:00+05:30,288.25,290.20001220703125,288.25,289.45001220703125,194940
2025-12-30 10:25:00+05:30,289.45001220703125,289.8500061035156,289.25,289.6499938964844,117071
2025-12-30 10:30:00+05:30,289.75,290.0,289.45001220703125,289.70001220703125,92990
2025-12-30 10:35:00+05:30,289.6499938964844,289.6499938964844,288.8500061035156,289.04998779296875,74738
2025-12-30 10:40:00+05:30,289.1000061035156,289.1499938964844,288.8999938964844,288.8999938964844,30360
2025-12-30 10:45:00+05:30,288.95001220703125,289.29998779296875,288.8999938964844,289.25,26978
2025-12-30 10:50:00+05:30,289.25,289.45001220703125,288.3999938964844,288.5,254210
2025-12-30 10:55:00+05:30,288.45001220703125,288.5,287.54998779296875,287.6499938964844,174561
2025-12-30 11:00:00+05:30,287.54998779296875,287.70001220703125,287.45001220703125,287.70001220703125,301420
2025-12-30 11:05:00+05:30,287.6499938964844,287.70001220703125,287.0,287.0,187421
2025-12-30 11:10:00+05:30,287.1000061035156,287.75,287.0,287.6499938964844,315323
2025-12-30 11:15:00+05:30,287.70001220703125,288.8999938964844,287.5,288.5,106875
2025-12-30 11:20:00+05:30,288.6499938964844,289.70001220703125,288.45001220703125,289.25,112175
2025-12-30 11:25:00+05:30,289.29998779296875,289.79998779296875,289.1000061035156,289.25,202891
2025-12-30 11:30:00+05:30,289.1499938964844,289.1499938964844,288.1000061035156,288.25,119749
2025-12-30 11:35:00+05:30,288.1000061035156,288.25,288.0,288.0,33727
2025-12-30 11:40:00+05:30,288.04998779296875,288.3500061035156,288.0,288.20001220703125,158871
2025-12-30 11:45:00+05:30,288.25,288.3500061035156,287.8999938964844,287.95001220703125,41820
2025-12-30 11:50:00+05:30,288.04998779296875,288.04998779296875,287.5,287.5,53198
2025-12-30 11:55:00+05:30,287.5,287.54998779296875,287.25,287.25,33136
2025-12-30 12:00:00+05:30,287.29998779296875,287.6000061035156,287.1499938964844,287.1499938964844,78719
2025-12-30 12:05:00+05:30,287.04998779296875,287.54998779296875,287.04998779296875,287.5,67596
2025-12-30 12:10:00+05:30,287.5,287.8500061035156,287.3999938964844,287.54998779296875,122717
2025-12-30 12:15:00+05:30,287.6000061035156,287.79998779296875,287.5,287.79998779296875,34639
2025-12-30 12:20:00+05:30,287.75,288.04998779296875,287.6499938964844,287.95001220703125,21757
2025-12-30 12:25:00+05:30,287.8999938964844,288.45001220703125,287.8999938964844,288.25,48347
2025-12-30 12:30:00+05:30,288.29998779296875,288.5,288.20001220703125,288.29998779296875,31159
2025-12-30 12:35:00+05:30,288.3500061035156,288.5,288.25,288.5,32399
2025-12-30 12:40:00+05:30,288.45001220703125,288.6000061035156,288.3999938964844,288.3999938964844,55868
2025-12-30 12:45:00+05:30,288.3500061035156,288.70001220703125,288.3500061035156,288.6000061035156,30963
2025-12-30 12:50:00+05:30,288.6499938964844,288.79998779296875,288.54998779296875,288.75,38049
2025-12-30 12:55:00+05:30,288.70001220703125,288.8500061035156,288.3500061035156,288.5,35621
2025-12-30 13:00:00+05:30,288.54998779296875,288.6000061035156,288.25,288.25,38859
2025-12-30 13:05:00+05:30,288.25,288.95001220703125,288.25,288.70001220703125,159837
2025-12-30 13:10:00+05:30,288.6000061035156,289.25,288.3999938964844,289.25,180740
2025-12-30 13:15:00+05:30,289.20001220703125,289.3999938964844,289.1000061035156,289.3500061035156,39274
2025-12-30 13:20:00+05:30,289.3999938964844,289.54998779296875,289.1000061035156,289.5,39900
2025-12-30 13:25:00+05:30,289.54998779296875,289.6000061035156,289.3500061035156,289.54998779296875,45890
2025-12-30 13:30:00+05:30,289.6499938964844,289.75,289.45001220703125,289.6499938964844,30484
2025-12-30 13:35:00+05:30,289.6499938964844,289.95001220703125,289.6499938964844,289.8500061035156,43464
2025-12-30 13:40:00+05:30,289.95001220703125,290.6499938964844,289.8500061035156,290.5,126923
2025-12-30 13:45:00+05:30,290.70001220703125,291.0,290.6000061035156,291.0,116318
2025-12-30 13:50:00+05:30,290.8500061035156,291.20001220703125,290.6000061035156,291.04998779296875,124650
2025-12-30 13:55:00+05:30,291.1499938964844,291.1499938964844,290.8999938964844,291.04998779296875,64373
2025-12-30 14:00:00+05:30,290.95001220703125,291.75,290.8999938964844,291.6499938964844,145228
2025-12-30 14:05:00+05:30,291.70001220703125,292.20001220703125,291.5,291.70001220703125,261087
2025-12-30 14:10:00+05:30,291.79998779296875,292.0,291.70001220703125,291.75,84406
2025-12-30 14:15:00+05:30,291.8999938964844,292.25,291.75,292.04998779296875,123078
2025-12-30 14:20:00+05:30,292.1499938964844,292.29998779296875,291.8999938964844,292.1499938964844,220366
2025-12-30 14:25:00+05:30,292.1499938964844,292.5,292.1000061035156,292.3999938964844,182402
2025-12-30 14:30:00+05:30,292.29998779296875,292.45001220703125,291.79998779296875,291.8500061035156,139244
2025-12-30 14:35:00+05:30,291.75,291.75,291.3500061035156,291.5,111363
2025-12-30 14:40:00+05:30,291.5,292.1000061035156,291.5,292.04998779296875,104707
2025-12-30 14:45:00+05:30,292.0,292.1499938964844,291.70001220703125,292.0,406931
2025-12-30 14:50:00+05:30,292.0,293.04998779296875,292.0,293.0,198288
2025-12-30 14:55:00+05:30,293.0,293.20001220703125,292.8999938964844,293.0,97067
2025-12-30 15:00:00+05:30,293.1499938964844,293.20001220703125,292.25,292.45001220703125,854746
2025-12-30 15:05:00+05:30,292.3500061035156,293.1499938964844,292.04998779296875,292.95001220703125,745096
2025-12-30 15:10:00+05:30,293.1499938964844,293.75,293.0,293.5,763127
2025-12-30 15:15:00+05:30,293.5,293.5,293.0,293.0,719686
2025-12-30 15:20:00+05:30,293.0,293.45001220703125,292.70001220703125,293.3999938964844,739558
2025-12-30 15:25:00+05:30,293.3999938964844,293.45001220703125,292.0,293.0,589127
2025-12-31 09:20:00+05:30,294.04998779296875,294.95001220703125,293.8999938964844,294.75,198691
2025-12-31 09:25:00+05:30,294.5,296.3500061035156,294.3500061035156,296.0,199121
2025-12-31 09:30:00+05:30,295.6000061035156,296.0,295.04998779296875,295.6499938964844,125549
2025-12-31 09:35:00+05:30,295.6000061035156,295.70001220703125,294.8999938964844,295.1000061035156,45238
2025-12-31 09:40:00+05:30,295.0,295.1499938964844,294.1499938964844,294.25,59229
2025-12-31 09:45:00+05:30,294.79998779296875,295.0,294.5,294.8999938964844,150839
2025-12-31 09:50:00+05:30,295.0,295.3999938964844,294.79998779296875,294.8999938964844,59996
2025-12-31 09:55:00+05:30,294.79998779296875,294.95001220703125,294.3500061035156,294.75,42033
2025-12-31 10:00:00+05:30,294.70001220703125,295.79998779296875,294.45001220703125,295.6499938964844,86821
2025-12-31 10:05:00+05:30,295.75,295.75,295.1000061035156,295.6000061035156,41247
2025-12-31 10:10:00+05:30,295.6000061035156,296.29998779296875,295.5,296.04998779296875,145551
2025-12-31 10:15:00+05:30,296.1000061035156,296.29998779296875,295.70001220703125,296.0,105853
2025-12-31 10:20:00+05:30,295.95001220703125,296.25,295.6499938964844,295.8500061035156,61178
2025-12-31 10:25:00+05:30,295.8500061035156,296.95001220703125,295.75,296.79998779296875,216335
2025-12-31 10:30:00+05:30,296.6499938964844,297.3999938964844,296.3500061035156,297.3999938964844,142899
2025-12-31 10:35:00+05:30,297.3999938964844,297.3999938964844,297.04998779296875,297.25,93094
2025-12-31 10:40:00+05:30,297.1499938964844,297.70001220703125,296.79998779296875,297.3500061035156,305153
2025-12-31 10:45:00+05:30,297.5,297.6499938964844,296.5,296.95001220703125,306362
2025-12-31 10:50:00+05:30,296.95001220703125,296.95001220703125,296.25,296.54998779296875,127331
2025-12-31 10:55:00+05:30,296.54998779296875,297.1000061035156,296.3999938964844,296.75,286713
2025-12-31 11:00:00+05:30,296.75,297.20001220703125,296.6499938964844,297.04998779296875,54058
2025-12-31 11:05:00+05:30,297.20001220703125,298.25,297.0,298.1000061035156,251385
2025-12-31 11:10:00+05:30,298.1000061035156,298.1000061035156,296.79998779296875,297.04998779296875,73636
2025-12-31 11:15:00+05:30,297.04998779296875,297.1000061035156,296.75,297.04998779296875,45281
2025-12-31 11:20:00+05:30,297.1000061035156,297.29998779296875,296.8999938964844,297.0,52778
2025-12-31 11:25:00+05:30,297.20001220703125,297.20001220703125,296.5,296.75,234695
2025-12-31 11:30:00+05:30,296.70001220703125,297.20001220703125,296.54998779296875,296.8999938964844,81420
2025-12-31 11:35:00+05:30,296.8999938964844,297.20001220703125,296.75,297.1000061035156,43514
2025-12-31 11:40:00+05:30,297.0,297.1000061035156,296.3999938964844,296.5,241946
2025-12-31 11:45:00+05:30,296.6000061035156,296.8500061035156,296.45001220703125,296.79998779296875,31360
2025-12-31 11:50:00+05:30,296.8500061035156,296.95001220703125,296.45001220703125,296.54998779296875,23336
2025-12-31 11:55:00+05:30,296.3999938964844,296.54998779296875,295.75,296.04998779296875,147020
2025-12-31 12:00:00+05:30,296.1499938964844,296.75,295.8999938964844,296.3500061035156,129449
2025-12-31 12:05:00+05:30,296.45001220703125,297.29998779296875,296.29998779296875,297.1000061035156,183680
2025-12-31 12:10:00+05:30,297.1000061035156,297.29998779296875,297.0,297.04998779296875,88523
2025-12-31 12:15:00+05:30,297.0,297.3500061035156,297.0,297.1499938964844,208147
2025-12-31 12:20:00+05:30,297.29998779296875,298.1000061035156,297.20001220703125,298.1000061035156,119308
2025-12-31 12:25:00+05:30,298.1000061035156,298.70001220703125,298.0,298.0,140346
2025-12-31 12:30:00+05:30,298.0,298.25,297.8999938964844,298.25,45187
2025-12-31 12:35:00+05:30,298.1000061035156,298.20001220703125,297.54998779296875,297.6000061035156,29071
2025-12-31 12:40:00+05:30,297.70001220703125,297.70001220703125,297.20001220703125,297.45001220703125,38663
2025-12-31 12:45:00+05:30,297.3500061035156,297.6000061035156,297.25,297.45001220703125,27509
2025-12-31 12:50:00+05:30,297.5,297.79998779296875,297.3500061035156,297.6000061035156,28373
2025-12-31 12:55:00+05:30,297.70001220703125,297.75,297.54998779296875,297.70001220703125,28098
2025-12-31 13:00:00+05:30,297.54998779296875,297.70001220703125,297.20001220703125,297.25,28969
2025-12-31 13:05:00+05:30,297.25,297.3999938964844,297.1000061035156,297.1499938964844,29460
2025-12-31 13:10:00+05:30,297.1499938964844,297.3500061035156,297.1000061035156,297.29998779296875,16993
2025-12-31 13:15:00+05:30,297.20001220703125,297.29998779296875,296.6000061035156,296.79998779296875,39818
2025-12-31 13:20:00+05:30,296.79998779296875,297.1000061035156,296.75,296.95001220703125,17094
2025-12-31 13:25:00+05:30,296.8500061035156,297.1000061035156,296.75,296.8999938964844,16167
2025-12-31 13:30:00+05:30,297.0,297.1499938964844,296.79998779296875,297.04998779296875,26135
2025-12-31 13:35:00+05:30,297.25,297.6000061035156,297.0,297.0,164236
2025-12-31 13:40:00+05:30,297.0,297.1499938964844,296.6499938964844,296.75,30433
2025-12-31 13:45:00+05:30,296.8500061035156,296.95001220703125,296.70001220703125,296.75,33607
2025-12-31 13:50:00+05:30,296.8500061035156,297.0,296.70001220703125,296.8500061035156,21657
2025-12-31 13:55:00+05:30,296.79998779296875,296.95001220703125,296.3500061035156,296.3500061035156,50167
2025-12-31 14:00:00+05:30,296.3999938964844,296.70001220703125,296.3999938964844,296.5,51889
2025-12-31 14:05:00+05:30,296.45001220703125,296.70001220703125,296.45001220703125,296.6499938964844,14901
2025-12-31 14:10:00+05:30,296.70001220703125,297.1000061035156,296.6000061035156,296.95001220703125,114706
2025-12-31 14:15:00+05:30,296.8999938964844,296.95001220703125,296.6499938964844,296.75,16525
2025-12-31 14:20:00+05:30,296.8500061035156,296.8999938964844,296.1499938964844,296.1499938964844,117245
2025-12-31 14:25:00+05:30,296.1000061035156,296.3500061035156,296.04998779296875,296.04998779296875,24879
2025-12-31 14:30:00+05:30,296.04998779296875,296.25,296.0,296.1000061035156,30193
2025-12-31 14:35:00+05:30,296.1000061035156,296.3500061035156,296.0,296.3500061035156,27004
2025-12-31 14:40:00+05:30,296.3999938964844,296.3999938964844,296.29998779296875,296.3999938964844,80810
2025-12-31 14:45:00+05:30,296.3999938964844,296.3999938964844,296.1499938964844,296.3500061035156,33812
2025-12-31 14:50:00+05:30,296.3500061035156,296.3999938964844,296.1499938964844,296.29998779296875,32816
2025-12-31 14:55:00+05:30,296.3500061035156,296.6499938964844,296.1499938964844,296.6499938964844,358989
2025-12-31 15:00:00+05:30,296.6499938964844,296.6499938964844,296.0,296.1499938964844,159079
2025-12-31 15:05:00+05:30,296.04998779296875,296.1499938964844,295.8999938964844,295.8999938964844,71092
2025-12-31 15:10:00+05:30,295.8999938964844,296.04998779296875,295.70001220703125,295.79998779296875,98324
2025-12-31 15:15:00+05:30,295.75,295.8999938964844,295.6499938964844,295.8500061035156,107944
2025-12-31 15:20:00+05:30,295.75,296.1000061035156,295.6000061035156,295.95001220703125,248953
2025-12-31 15:25:00+05:30,295.79998779296875,296.54998779296875,295.70001220703125,296.3999938964844,223963
2026-01-01 09:20:00+05:30,297.5,297.5,296.3500061035156,296.3500061035156,57216
2026-01-01 09:25:00+05:30,296.1499938964844,296.54998779296875,295.75,296.54998779296875,75924
2026-01-01 09:30:00+05:30,296.54998779296875,296.54998779296875,296.0,296.1000061035156,16128
2026-01-01 09:35:00+05:30,296.1000061035156,296.95001220703125,295.8999938964844,296.3999938964844,63587
2026-01-01 09:40:00+05:30,296.6499938964844,298.0,296.3999938964844,297.95001220703125,91922
2026-01-01 09:45:00+05:30,297.95001220703125,297.95001220703125,297.3999938964844,297.8999938964844,40038
2026-01-01 09:50:00+05:30,297.8999938964844,299.0,297.6499938964844,298.79998779296875,185086
2026-01-01 09:55:00+05:30,298.79998779296875,299.79998779296875,298.70001220703125,299.6499938964844,281823
2026-01-01 10:00:00+05:30,299.70001220703125,301.79998779296875,299.54998779296875,301.1499938964844,549334
2026-01-01 10:05:00+05:30,301.1000061035156,302.8500061035156,300.79998779296875,302.29998779296875,549085
2026-01-01 10:10:00+05:30,302.20001220703125,302.3999938964844,301.0,301.1000061035156,583243
2026-01-01 10:15:00+05:30,301.1000061035156,301.79998779296875,300.3500061035156,300.3500061035156,236359
2026-01-01 10:20:00+05:30,300.45001220703125,300.70001220703125,299.75,300.70001220703125,184859
2026-01-01 10:25:00+05:30,300.70001220703125,301.5,300.6499938964844,301.3500061035156,131051
2026-01-01 10:30:00+05:30,301.3999938964844,301.6000061035156,301.04998779296875,301.20001220703125,136271
2026-01-01 10:35:00+05:30,301.20001220703125,302.20001220703125,301.1000061035156,301.5,177553
2026-01-01 10:40:00+05:30,301.54998779296875,301.54998779296875,300.29998779296875,300.75,352471
2026-01-01 10:45:00+05:30,300.79998779296875,300.95001220703125,300.1000061035156,300.3999938964844,291940
2026-01-01 10:50:00+05:30,300.3999938964844,300.5,299.8999938964844,300.1499938964844,257017
2026-01-01 10:55:00+05:30,300.04998779296875,300.54998779296875,299.6000061035156,299.79998779296875,120468
2026-01-01 11:00:00+05:30,299.70001220703125,300.1000061035156,299.29998779296875,299.3999938964844,585116
2026-01-01 11:05:00+05:30,299.3999938964844,299.54998779296875,299.29998779296875,299.29998779296875,59502
2026-01-01 11:10:00+05:30,299.45001220703125,299.95001220703125,299.20001220703125,299.8500061035156,38932
2026-01-01 11:15:00+05:30,299.8500061035156,300.3999938964844,299.70001220703125,300.3999938964844,47154
2026-01-01 11:20:00+05:30,300.3999938964844,301.3500061035156,300.20001220703125,301.1000061035156,102012
2026-01-01 11:25:00+05:30,301.1000061035156,301.1000061035156,300.29998779296875,300.45001220703125,25786
2026-01-01 11:30:00+05:30,300.45001220703125,300.45001220703125,299.75,299.8500061035156,45822
2026-01-01 11:35:00+05:30,300.0,300.6000061035156,299.8999938964844,300.29998779296875,26536
2026-01-01 11:40:00+05:30,300.29998779296875,300.3500061035156,299.75,299.75,26654
2026-01-01 11:45:00+05:30,299.8500061035156,300.1499938964844,299.75,299.75,38639
2026-01-01 11:50:00+05:30,299.79998779296875,300.20001220703125,299.75,300.1499938964844,49245
2026-01-01 11:55:00+05:30,300.1499938964844,300.25,299.95001220703125,300.1499938964844,68762
2026-01-01 12:00:00+05:30,300.1499938964844,300.79998779296875,300.04998779296875,300.29998779296875,155558
2026-01-01 12:05:00+05:30,300.3999938964844,300.3999938964844,299.70001220703125,299.8500061035156,31154
2026-01-01 12:10:00+05:30,299.79998779296875,299.8999938964844,299.5,299.54998779296875,26798
2026-01-01 12:15:00+05:30,299.54998779296875,299.54998779296875,299.25,299.45001220703125,26889
2026-01-01 12:20:00+05:30,299.45001220703125,299.6000061035156,299.29998779296875,299.29998779296875,17539
2026-01-01 12:25:00+05:30,299.3500061035156,299.54998779296875,299.29998779296875,299.3999938964844,16653
2026-01-01 12:30:00+05:30,299.3999938964844,299.45001220703125,299.1499938964844,299.29998779296875,23267
2026-01-01 12:35:00+05:30,299.1499938964844,299.5,299.1499938964844,299.29998779296875,34826
2026-01-01 12:40:00+05:30,299.29998779296875,299.5,299.04998779296875,299.25,62346
2026-01-01 12:45:00+05:30,299.25,299.3999938964844,299.04998779296875,299.3999938964844,30396
2026-01-01 12:50:00+05:30,299.3999938964844,299.6499938964844,299.1499938964844,299.54998779296875,25419
2026-01-01 12:55:00+05:30,299.54998779296875,299.75,299.3999938964844,299.75,11039
2026-01-01 13:00:00+05:30,299.79998779296875,299.8500061035156,299.5,299.6000061035156,31432
2026-01-01 13:05:00+05:30,299.6000061035156,299.6499938964844,299.5,299.5,16543
2026-01-01 13:10:00+05:30,299.3999938964844,299.54998779296875,299.1499938964844,299.25,17052
2026-01-01 13:15:00+05:30,299.25,299.3999938964844,299.1000061035156,299.29998779296875,8987
2026-01-01 13:20:00+05:30,299.29998779296875,300.29998779296875,299.20001220703125,299.95001220703125,101653
2026-01-01 13:25:00+05:30,300.04998779296875,300.45001220703125,299.75,300.29998779296875,36351
2026-01-01 13:30:00+05:30,300.29998779296875,300.3999938964844,299.8500061035156,299.8500061035156,25564
2026-01-01 13:35:00+05:30,299.79998779296875,300.0,299.6499938964844,299.75,12843
2026-01-01 13:40:00+05:30,299.6000061035156,299.79998779296875,299.3500061035156,299.5,11304
2026-01-01 13:45:00+05:30,299.5,299.6499938964844,299.29998779296875,299.5,13498
2026-01-01 13:50:00+05:30,299.54998779296875,299.75,299.3999938964844,299.6000061035156,10547
2026-01-01 13:55:00+05:30,299.6000061035156,299.70001220703125,299.3999938964844,299.5,11922
2026-01-01 14:00:00+05:30,299.54998779296875,299.6499938964844,299.3500061035156,299.6000061035156,26854
2026-01-01 14:05:00+05:30,299.6000061035156,299.8500061035156,299.3500061035156,299.8500061035156,29362
2026-01-01 14:10:00+05:30,299.8500061035156,300.25,299.6499938964844,300.20001220703125,55785
2026-01-01 14:15:00+05:30,300.1499938964844,300.5,299.95001220703125,300.45001220703125,60123
2026-01-01 14:20:00+05:30,300.45001220703125,300.45001220703125,300.0,300.29998779296875,61093
2026-01-01 14:25:00+05:30,300.29998779296875,300.29998779296875,299.79998779296875,299.79998779296875,31280
2026-01-01 14:30:00+05:30,299.8999938964844,299.95001220703125,299.6000061035156,299.8999938964844,14535
2026-01-01 14:35:00+05:30,299.8999938964844,300.20001220703125,299.8999938964844,300.1499938964844,36495
2026-01-01 14:40:00+05:30,300.1499938964844,300.1499938964844,299.75,299.75,35886
2026-01-01 14:45:00+05:30,299.79998779296875,300.1499938964844,299.70001220703125,300.04998779296875,49057
2026-01-01 14:50:00+05:30,299.8999938964844,300.25,299.8999938964844,300.04998779296875,47275
2026-01-01 14:55:00+05:30,300.04998779296875,300.3500061035156,300.04998779296875,300.3500061035156,138154
2026-01-01 15:00:00+05:30,300.3999938964844,300.5,300.20001220703125,300.25,195825
2026-01-01 15:05:00+05:30,300.25,300.54998779296875,300.1499938964844,300.45001220703125,187362
2026-01-01 15:10:00+05:30,300.45001220703125,300.6499938964844,300.29998779296875,300.5,190792
2026-01-01 15:15:00+05:30,300.5,301.0,300.3500061035156,300.95001220703125,288233
2026-01-01 15:20:00+05:30,300.8500061035156,301.45001220703125,300.6000061035156,301.3999938964844,284886
2026-01-01 15:25:00+05:30,301.3500061035156,301.5,300.75,300.75,320051
2026-01-02 09:20:00+05:30,303.04998779296875,303.8999938964844,302.6499938964844,303.75,225246
2026-01-02 09:25:00+05:30,303.75,303.95001220703125,303.20001220703125,303.3500061035156,227464
2026-01-02 09:30:00+05:30,303.45001220703125,303.45001220703125,302.6499938964844,302.8999938964844,107837
2026-01-02 09:35:00+05:30,302.8999938964844,302.8999938964844,301.5,301.75,206994
2026-01-02 09:40:00+05:30,301.75,302.70001220703125,301.6499938964844,302.3500061035156,92511
2026-01-02 09:45:00+05:30,302.25,302.29998779296875,301.6000061035156,302.0,131493
2026-01-02 09:50:00+05:30,302.1499938964844,302.1499938964844,301.54998779296875,301.6499938964844,62748
2026-01-02 09:55:00+05:30,301.6499938964844,301.95001220703125,301.25,301.75,108846
2026-01-02 10:00:00+05:30,301.95001220703125,302.20001220703125,301.8500061035156,302.04998779296875,75515
2026-01-02 10:05:00+05:30,302.04998779296875,302.70001220703125,301.95001220703125,302.5,109785
2026-01-02 10:10:00+05:30,302.6499938964844,303.25,302.5,302.8999938964844,137904
2026-01-02 10:15:00+05:30,302.8500061035156,303.25,302.3500061035156,303.20001220703125,236512
2026-01-02 10:20:00+05:30,303.29998779296875,303.3999938964844,303.0,303.29998779296875,44672
2026-01-02 10:25:00+05:30,303.29998779296875,303.29998779296875,302.45001220703125,302.54998779296875,195737
2026-01-02 10:30:00+05:30,302.6000061035156,303.0,302.6000061035156,303.0,25710
2026-01-02 10:35:00+05:30,303.0,303.20001220703125,302.70001220703125,302.70001220703125,102128
2026-01-02 10:40:00+05:30,302.70001220703125,303.1000061035156,302.5,302.8500061035156,36214
2026-01-02 10:45:00+05:30,302.8999938964844,303.04998779296875,302.79998779296875,302.8500061035156,47207
2026-01-02 10:50:00+05:30,302.95001220703125,302.95001220703125,302.3999938964844,302.54998779296875,104717
2026-01-02 10:55:00+05:30,302.3999938964844,302.70001220703125,302.1000061035156,302.5,398075
2026-01-02 11:00:00+05:30,302.6499938964844,302.75,302.3999938964844,302.75,101753
2026-01-02 11:05:00+05:30,302.6499938964844,303.0,302.0,302.70001220703125,401738
2026-01-02 11:10:00+05:30,302.70001220703125,303.25,302.6499938964844,302.8500061035156,164431
2026-01-02 11:15:00+05:30,302.8500061035156,303.0,302.79998779296875,302.8999938964844,49803
2026-01-02 11:20:00+05:30,302.79998779296875,303.1499938964844,302.70001220703125,302.95001220703125,118383
2026-01-02 11:25:00+05:30,302.95001220703125,303.0,302.70001220703125,302.75,69221
2026-01-02 11:30:00+05:30,302.70001220703125,303.1499938964844,302.70001220703125,302.8500061035156,233159
2026-01-02 11:35:00+05:30,302.8999938964844,303.0,302.8500061035156,303.0,86980
2026-01-02 11:40:00+05:30,302.8999938964844,303.0,302.75,302.95001220703125,74146
2026-01-02 11:45:00+05:30,302.8999938964844,303.1499938964844,302.70001220703125,303.1499938964844,78353
2026-01-02 11:50:00+05:30,303.04998779296875,303.20001220703125,302.79998779296875,302.79998779296875,86667
2026-01-02 11:55:00+05:30,302.79998779296875,304.0,302.79998779296875,303.6499938964844,312846
2026-01-02 12:00:00+05:30,303.75,304.3500061035156,303.3999938964844,303.6499938964844,662518
2026-01-02 12:05:00+05:30,303.45001220703125,303.6499938964844,303.20001220703125,303.3999938964844,48670
2026-01-02 12:10:00+05:30,303.3999938964844,303.6499938964844,303.25,303.5,89745
2026-01-02 12:15:00+05:30,303.6000061035156,303.6499938964844,303.1499938964844,303.25,57349
2026-01-02 12:20:00+05:30,303.25,303.3500061035156,302.95001220703125,303.25,86025
2026-01-02 12:25:00+05:30,303.29998779296875,303.6000061035156,303.1000061035156,303.5,41869
2026-01-02 12:30:00+05:30,303.5,303.8999938964844,303.3999938964844,303.8500061035156,61858
2026-01-02 12:35:00+05:30,303.8500061035156,303.8500061035156,303.20001220703125,303.3999938964844,37494
2026-01-02 12:40:00+05:30,303.3500061035156,303.5,303.20001220703125,303.3500061035156,25807
2026-01-02 12:45:00+05:30,303.1499938964844,303.3500061035156,303.1000061035156,303.20001220703125,39109
2026-01-02 12:50:00+05:30,303.1499938964844,303.54998779296875,303.1499938964844,303.5,31972
2026-01-02 12:55:00+05:30,303.45001220703125,303.54998779296875,303.25,303.45001220703125,26991
2026-01-02 13:00:00+05:30,303.29998779296875,303.54998779296875,303.29998779296875,303.54998779296875,28830
2026-01-02 13:05:00+05:30,303.54998779296875,303.54998779296875,303.29998779296875,303.29998779296875,37640
2026-01-02 13:10:00+05:30,303.45001220703125,303.70001220703125,303.25,303.6000061035156,38768
2026-01-02 13:15:00+05:30,303.6000061035156,304.0,303.45001220703125,303.79998779296875,51221
2026-01-02 13:20:00+05:30,303.70001220703125,304.0,303.70001220703125,303.8999938964844,55002
2026-01-02 13:25:00+05:30,303.8999938964844,304.3999938964844,303.8999938964844,304.25,110388
2026-01-02 13:30:00+05:30,304.29998779296875,304.79998779296875,304.1499938964844,304.6499938964844,228319
2026-01-02 13:35:00+05:30,304.54998779296875,304.75,304.1000061035156,304.20001220703125,93438
2026-01-02 13:40:00+05:30,304.1499938964844,304.79998779296875,304.1499938964844,304.75,66235
2026-01-02 13:45:00+05:30,304.75,305.0,304.6499938964844,304.70001220703125,140986
2026-01-02 13:50:00+05:30,304.70001220703125,304.79998779296875,304.3500061035156,304.3999938964844,162374
2026-01-02 13:55:00+05:30,304.5,304.5,304.29998779296875,304.3500061035156,51269
2026-01-02 14:00:00+05:30,304.3999938964844,304.8999938964844,304.25,304.3500061035156,84324
2026-01-02 14:05:00+05:30,304.3500061035156,304.54998779296875,304.25,304.3999938964844,34216
2026-01-02 14:10:00+05:30,304.29998779296875,304.3999938964844,304.1499938964844,304.20001220703125,35047
2026-01-02 14:15:00+05:30,304.25,304.29998779296875,304.04998779296875,304.25,52343
2026-01-02 14:20:00+05:30,304.04998779296875,304.20001220703125,303.8999938964844,303.8999938964844,52779
2026-01-02 14:25:00+05:30,303.8500061035156,304.29998779296875,303.8500061035156,304.1000061035156,76093
2026-01-02 14:30:00+05:30,304.1499938964844,304.1499938964844,303.45001220703125,303.45001220703125,96925
2026-01-02 14:35:00+05:30,303.5,304.0,303.45001220703125,303.70001220703125,81950
2026-01-02 14:40:00+05:30,303.70001220703125,303.8500061035156,303.5,303.79998779296875,41404
2026-01-02 14:45:00+05:30,303.79998779296875,303.8999938964844,303.54998779296875,303.6000061035156,62293
2026-01-02 14:50:00+05:30,303.75,304.45001220703125,303.6000061035156,304.1000061035156,289004
2026-01-02 14:55:00+05:30,304.1499938964844,304.5,304.0,304.5,61432
2026-01-02 15:00:00+05:30,304.8500061035156,304.8999938964844,304.5,304.79998779296875,237925
2026-01-02 15:05:00+05:30,304.79998779296875,304.8999938964844,304.75,304.8999938964844,90020
2026-01-02 15:10:00+05:30,304.95001220703125,304.95001220703125,304.3999938964844,304.75,323363
2026-01-02 15:15:00+05:30,304.70001220703125,304.8999938964844,304.70001220703125,304.79998779296875,376054
2026-01-02 15:20:00+05:30,304.75,305.3999938964844,304.75,305.29998779296875,487628
2026-01-02 15:25:00+05:30,305.29998779296875,305.95001220703125,305.29998779296875,305.79998779296875,468466
2026-01-05 09:20:00+05:30,309.45001220703125,309.8500061035156,306.6000061035156,307.20001220703125,1051694
2026-01-05 09:25:00+05:30,307.20001220703125,307.79998779296875,305.75,305.8500061035156,583277
2026-01-05 09:30:00+05:30,305.79998779296875,306.45001220703125,305.25,306.04998779296875,323662
2026-01-05 09:35:00+05:30,306.04998779296875,306.20001220703125,305.54998779296875,305.79998779296875,157760
2026-01-05 09:40:00+05:30,305.79998779296875,307.3500061035156,305.79998779296875,307.1000061035156,316919
2026-01-05 09:45:00+05:30,307.1000061035156,307.29998779296875,306.29998779296875,307.20001220703125,144586
2026-01-05 09:50:00+05:30,307.1499938964844,307.3999938964844,306.0,306.70001220703125,261474
2026-01-05 09:55:00+05:30,306.6000061035156,307.25,306.45001220703125,306.8999938964844,141706
2026-01-05 10:00:00+05:30,307.0,307.75,306.95001220703125,307.70001220703125,287607
2026-01-05 10:05:00+05:30,307.79998779296875,309.25,307.54998779296875,308.75,410640
2026-01-05 10:10:00+05:30,308.6000061035156,308.75,307.75,308.45001220703125,180880
2026-01-05 10:15:00+05:30,308.5,308.54998779296875,307.5,307.70001220703125,139384
2026-01-05 10:20:00+05:30,307.70001220703125,308.6000061035156,307.6000061035156,308.6000061035156,175181
2026-01-05 10:25:00+05:30,308.6499938964844,308.6499938964844,308.0,308.29998779296875,85653
2026-01-05 10:30:00+05:30,308.3999938964844,308.5,308.1499938964844,308.5,54216
2026-01-05 10:35:00+05:30,308.3999938964844,308.6000061035156,307.6000061035156,307.70001220703125,118354
2026-01-05 10:40:00+05:30,307.6499938964844,307.79998779296875,306.5,306.8500061035156,134761
2026-01-05 10:45:00+05:30,306.8999938964844,307.0,306.04998779296875,306.6499938964844,325164
2026-01-05 10:50:00+05:30,306.54998779296875,307.5,306.54998779296875,306.79998779296875,196574
2026-01-05 10:55:00+05:30,306.8500061035156,307.6499938964844,306.8500061035156,307.45001220703125,250343
2026-01-05 11:00:00+05:30,307.45001220703125,308.8999938964844,307.3500061035156,308.8999938964844,150422
2026-01-05 11:05:00+05:30,308.79998779296875,309.6000061035156,308.6000061035156,308.6000061035156,197258
2026-01-05 11:10:00+05:30,308.45001220703125,308.8999938964844,308.1499938964844,308.6499938964844,302800
2026-01-05 11:15:00+05:30,308.6000061035156,308.70001220703125,307.5,307.70001220703125,219099
2026-01-05 11:20:00+05:30,307.70001220703125,307.79998779296875,307.3999938964844,307.3999938964844,132274
2026-01-05 11:25:00+05:30,307.3500061035156,308.0,307.25,307.75,72471
2026-01-05 11:30:00+05:30,307.75,308.0,307.6000061035156,307.6000061035156,51211
2026-01-05 11:35:00+05:30,307.6000061035156,307.70001220703125,307.0,307.29998779296875,65084
2026-01-05 11:40:00+05:30,307.29998779296875,308.0,307.20001220703125,308.0,126969
2026-01-05 11:45:00+05:30,308.1499938964844,308.6000061035156,308.1499938964844,308.3999938964844,151543
2026-01-05 11:50:00+05:30,308.3999938964844,308.5,306.8500061035156,307.20001220703125,133008
2026-01-05 11:55:00+05:30,307.25,307.6499938964844,307.1000061035156,307.6000061035156,44347
2026-01-05 12:00:00+05:30,307.6000061035156,308.0,307.54998779296875,307.8999938964844,40081
2026-01-05 12:05:00+05:30,307.8999938964844,308.1499938964844,307.75,308.04998779296875,53200
2026-01-05 12:10:00+05:30,308.1000061035156,308.1499938964844,307.79998779296875,308.0,36880
2026-01-05 12:15:00+05:30,307.8999938964844,308.04998779296875,307.8500061035156,307.95001220703125,32414
2026-01-05 12:20:00+05:30,308.0,308.1499938964844,308.0,308.04998779296875,42438
2026-01-05 12:25:00+05:30,308.04998779296875,308.25,307.79998779296875,308.04998779296875,77919
2026-01-05 12:30:00+05:30,308.04998779296875,308.1000061035156,307.79998779296875,307.8500061035156,42325
2026-01-05 12:35:00+05:30,307.95001220703125,307.95001220703125,307.1499938964844,307.1499938964844,128778
2026-01-05 12:40:00+05:30,307.1000061035156,307.20001220703125,306.6000061035156,306.95001220703125,73751
2026-01-05 12:45:00+05:30,306.8500061035156,307.04998779296875,306.75,307.0,59653
2026-01-05 12:50:00+05:30,306.8999938964844,307.3500061035156,306.8999938964844,306.8999938964844,95450
2026-01-05 12:55:00+05:30,306.8999938964844,307.0,306.25,306.3999938964844,60466
2026-01-05 13:00:00+05:30,306.3999938964844,306.6000061035156,306.20001220703125,306.25,50554
2026-01-05 13:05:00+05:30,306.20001220703125,306.6000061035156,306.20001220703125,306.54998779296875,41421
2026-01-05 13:10:00+05:30,306.45001220703125,306.8999938964844,306.3500061035156,306.5,76130
2026-01-05 13:15:00+05:30,306.6000061035156,306.6000061035156,306.1000061035156,306.3500061035156,82214
2026-01-05 13:20:00+05:30,306.3500061035156,306.70001220703125,306.20001220703125,306.6000061035156,51146
2026-01-05 13:25:00+05:30,306.6499938964844,306.8500061035156,306.3500061035156,306.3500061035156,295166
2026-01-05 13:30:00+05:30,306.5,306.5,306.0,306.5,90827
2026-01-05 13:35:00+05:30,306.29998779296875,306.29998779296875,305.6000061035156,306.1000061035156,144463
2026-01-05 13:40:00+05:30,306.1000061035156,306.45001220703125,305.79998779296875,306.3999938964844,97406
2026-01-05 13:45:00+05:30,306.45001220703125,306.45001220703125,305.70001220703125,305.8500061035156,61899
2026-01-05 13:50:00+05:30,305.79998779296875,305.79998779296875,304.75,305.0,219464
2026-01-05 13:55:00+05:30,305.1000061035156,305.20001220703125,304.79998779296875,304.95001220703125,43033
2026-01-05 14:00:00+05:30,305.0,305.0,304.79998779296875,304.79998779296875,56363
2026-01-05 14:05:00+05:30,304.8500061035156,305.45001220703125,304.6499938964844,305.45001220703125,81745
2026-01-05 14:10:00+05:30,305.3999938964844,306.3999938964844,305.3999938964844,306.1000061035156,293943
2026-01-05 14:15:00+05:30,305.8500061035156,306.1499938964844,305.6499938964844,305.79998779296875,84677
2026-01-05 14:20:00+05:30,305.79998779296875,306.8999938964844,305.79998779296875,306.8500061035156,173131
2026-01-05 14:25:00+05:30,306.8500061035156,306.8500061035156,306.20001220703125,306.20001220703125,51601
2026-01-05 14:30:00+05:30,306.20001220703125,307.20001220703125,306.20001220703125,307.04998779296875,140038
2026-01-05 14:35:00+05:30,307.1000061035156,307.1499938964844,306.75,306.8999938964844,148863
2026-01-05 14:40:00+05:30,306.79998779296875,307.54998779296875,306.75,307.54998779296875,75380
2026-01-05 14:45:00+05:30,307.5,307.54998779296875,307.0,307.20001220703125,72495
2026-01-05 14:50:00+05:30,307.29998779296875,307.6000061035156,307.1000061035156,307.20001220703125,109647
2026-01-05 14:55:00+05:30,307.20001220703125,307.6499938964844,307.20001220703125,307.6499938964844,173341
2026-01-05 15:00:00+05:30,307.6000061035156,307.6000061035156,307.0,307.20001220703125,124371
2026-01-05 15:05:00+05:30,307.20001220703125,307.20001220703125,306.6499938964844,306.8999938964844,146852
2026-01-05 15:10:00+05:30,306.8500061035156,307.20001220703125,306.70001220703125,307.20001220703125,173714
2026-01-05 15:15:00+05:30,307.1499938964844,307.1499938964844,306.6000061035156,306.70001220703125,483951
2026-01-05 15:20:00+05:30,306.79998779296875,306.8999938964844,306.6000061035156,306.79998779296875,429254
2026-01-05 15:25:00+05:30,306.70001220703125,307.0,306.70001220703125,307.0,377476
2026-01-06 09:20:00+05:30,307.04998779296875,307.5,306.70001220703125,306.70001220703125,144172
2026-01-06 09:25:00+05:30,306.8500061035156,307.70001220703125,306.6000061035156,306.6499938964844,101685
2026-01-06 09:30:00+05:30,306.8999938964844,307.20001220703125,306.45001220703125,306.6000061035156,85739
2026-01-06 09:35:00+05:30,306.6000061035156,306.79998779296875,305.79998779296875,306.0,100531
2026-01-06 09:40:00+05:30,305.95001220703125,306.25,305.0,305.1000061035156,128694
2026-01-06 09:45:00+05:30,304.8999938964844,305.70001220703125,304.6000061035156,305.3999938964844,397425
2026-01-06 09:50:00+05:30,305.3999938964844,305.95001220703125,305.3999938964844,305.8500061035156,80997
2026-01-06 09:55:00+05:30,305.95001220703125,306.29998779296875,305.5,305.6499938964844,100019
2026-01-06 10:00:00+05:30,305.6499938964844,306.70001220703125,305.6499938964844,306.54998779296875,99972
2026-01-06 10:05:00+05:30,306.6000061035156,306.6000061035156,306.20001220703125,306.5,49671
2026-01-06 10:10:00+05:30,306.5,306.79998779296875,306.25,306.3999938964844,95397
2026-01-06 10:15:00+05:30,306.3500061035156,306.95001220703125,306.1499938964844,306.8500061035156,75652
2026-01-06 10:20:00+05:30,306.75,306.79998779296875,306.1000061035156,306.1000061035156,68759
2026-01-06 10:25:00+05:30,306.1499938964844,306.45001220703125,306.1000061035156,306.29998779296875,26499
2026-01-06 10:30:00+05:30,306.25,306.45001220703125,305.8999938964844,305.8999938964844,90888
2026-01-06 10:35:00+05:30,305.95001220703125,305.95001220703125,305.45001220703125,305.5,33153
2026-01-06 10:40:00+05:30,305.54998779296875,306.75,305.5,306.70001220703125,110351
2026-01-06 10:45:00+05:30,306.6000061035156,306.75,306.5,306.75,47188
2026-01-06 10:50:00+05:30,306.79998779296875,307.1000061035156,306.6499938964844,306.8500061035156,67360
2026-01-06 10:55:00+05:30,306.79998779296875,306.95001220703125,306.5,306.54998779296875,51196
2026-01-06 11:00:00+05:30,306.54998779296875,306.70001220703125,306.5,306.70001220703125,27044
2026-01-06 11:05:00+05:30,306.70001220703125,307.04998779296875,306.6000061035156,307.0,77956
2026-01-06 11:10:00+05:30,306.8999938964844,306.95001220703125,306.45001220703125,306.75,145468
2026-01-06 11:15:00+05:30,306.8999938964844,306.8999938964844,305.6000061035156,305.6499938964844,310661
2026-01-06 11:20:00+05:30,305.6499938964844,305.79998779296875,304.5,305.1499938964844,435516
2026-01-06 11:25:00+05:30,305.25,305.70001220703125,305.1000061035156,305.70001220703125,451806
2026-01-06 11:30:00+05:30,305.79998779296875,307.6499938964844,305.79998779296875,307.6499938964844,425742
2026-01-06 11:35:00+05:30,307.5,308.3999938964844,307.0,307.20001220703125,130868
2026-01-06 11:40:00+05:30,307.29998779296875,307.6000061035156,306.79998779296875,306.8999938964844,123525
2026-01-06 11:45:00+05:30,306.8999938964844,307.25,306.45001220703125,306.79998779296875,49538
2026-01-06 11:50:00+05:30,306.8999938964844,307.0,306.6000061035156,306.8999938964844,51358
2026-01-06 11:55:00+05:30,306.8999938964844,307.0,306.3999938964844,306.5,38507
2026-01-06 12:00:00+05:30,306.3999938964844,307.1499938964844,306.20001220703125,307.1499938964844,152185
2026-01-06 12:05:00+05:30,307.1499938964844,307.1499938964844,306.6499938964844,307.0,70206
2026-01-06 12:10:00+05:30,306.8999938964844,307.25,306.6499938964844,307.04998779296875,63483
2026-01-06 12:15:00+05:30,307.1499938964844,307.29998779296875,306.70001220703125,306.75,55743
2026-01-06 12:20:00+05:30,306.70001220703125,306.79998779296875,306.45001220703125,306.45001220703125,64584
2026-01-06 12:25:00+05:30,306.6000061035156,307.0,306.29998779296875,306.3500061035156,171004
2026-01-06 12:30:00+05:30,306.3999938964844,306.75,306.04998779296875,306.6499938964844,54540
2026-01-06 12:35:00+05:30,306.70001220703125,306.8500061035156,306.5,306.6000061035156,42466
2026-01-06 12:40:00+05:30,306.75,307.0,306.1000061035156,306.25,74298
2026-01-06 12:45:00+05:30,306.25,306.6499938964844,306.04998779296875,306.3500061035156,45482
2026-01-06 12:50:00+05:30,306.54998779296875,306.8500061035156,306.3500061035156,306.54998779296875,60898
2026-01-06 12:55:00+05:30,306.6000061035156,307.04998779296875,306.5,306.95001220703125,74195
2026-01-06 13:00:00+05:30,306.95001220703125,307.04998779296875,306.54998779296875,306.79998779296875,47993
2026-01-06 13:05:00+05:30,306.75,306.95001220703125,306.3999938964844,306.8500061035156,67900
2026-01-06 13:10:00+05:30,306.8500061035156,306.8999938964844,306.45001220703125,306.6000061035156,68598
2026-01-06 13:15:00+05:30,306.6499938964844,306.70001220703125,305.75,305.79998779296875,125480
2026-01-06 13:20:00+05:30,305.8500061035156,306.0,305.75,306.0,53512
2026-01-06 13:25:00+05:30,306.0,306.0,305.3500061035156,305.6499938964844,70919
2026-01-06 13:30:00+05:30,305.6000061035156,305.70001220703125,304.45001220703125,304.6499938964844,351822
2026-01-06 13:35:00+05:30,304.6499938964844,304.75,304.0,304.20001220703125,95670
2026-01-06 13:40:00+05:30,304.1499938964844,304.70001220703125,304.1000061035156,304.70001220703125,50338
2026-01-06 13:45:00+05:30,304.75,305.0,304.3500061035156,305.0,69678
2026-01-06 13:50:00+05:30,304.95001220703125,305.1499938964844,304.45001220703125,304.6000061035156,61968
2026-01-06 13:55:00+05:30,304.6000061035156,304.95001220703125,304.45001220703125,304.75,60817
2026-01-06 14:00:00+05:30,304.75,304.8999938964844,304.1499938964844,304.1499938964844,154422
2026-01-06 14:05:00+05:30,304.04998779296875,304.54998779296875,304.04998779296875,304.1000061035156,228915
2026-01-06 14:10:00+05:30,304.0,304.0,303.25,303.5,155613
2026-01-06 14:15:00+05:30,303.45001220703125,303.79998779296875,303.1499938964844,303.29998779296875,40515
2026-01-06 14:20:00+05:30,303.29998779296875,303.29998779296875,302.3999938964844,302.70001220703125,107660
2026-01-06 14:25:00+05:30,302.70001220703125,303.6000061035156,302.54998779296875,303.3500061035156,119848
2026-01-06 14:30:00+05:30,303.5,303.5,303.0,303.1000061035156,165019
2026-01-06 14:35:00+05:30,303.25,303.79998779296875,303.1000061035156,303.5,121372
2026-01-06 14:40:00+05:30,303.6000061035156,304.29998779296875,303.54998779296875,304.1499938964844,219394
2026-01-06 14:45:00+05:30,304.1499938964844,304.70001220703125,303.8999938964844,304.6000061035156,81815
2026-01-06 14:50:00+05:30,304.6000061035156,304.6499938964844,304.0,304.54998779296875,165714
2026-01-06 14:55:00+05:30,304.6000061035156,305.29998779296875,304.45001220703125,305.29998779296875,67609
2026-01-06 15:00:00+05:30,305.3500061035156,305.54998779296875,305.1499938964844,305.3500061035156,70046
2026-01-06 15:05:00+05:30,305.3500061035156,305.3500061035156,305.1000061035156,305.20001220703125,43503
2026-01-06 15:10:00+05:30,305.20001220703125,305.6000061035156,305.20001220703125,305.54998779296875,125387
2026-01-06 15:15:00+05:30,305.6000061035156,305.6000061035156,305.0,305.20001220703125,106670
2026-01-06 15:20:00+05:30,305.25,305.6499938964844,304.54998779296875,304.79998779296875,261965
2026-01-06 15:25:00+05:30,304.6499938964844,305.3999938964844,304.29998779296875,305.0,303404
2026-01-07 09:20:00+05:30,306.3999938964844,307.1000061035156,306.1000061035156,306.3999938964844,111342
2026-01-07 09:25:00+05:30,306.3999938964844,306.3999938964844,305.75,305.8999938964844,59495
2026-01-07 09:30:00+05:30,305.95001220703125,306.54998779296875,305.6499938964844,306.45001220703125,61571
2026-01-07 09:35:00+05:30,306.29998779296875,306.6000061035156,306.04998779296875,306.25,38356
2026-01-07 09:40:00+05:30,306.25,307.0,306.04998779296875,306.54998779296875,144224
2026-01-07 09:45:00+05:30,306.6499938964844,307.0,306.6499938964844,306.8500061035156,73037
2026-01-07 09:50:00+05:30,306.8500061035156,306.8999938964844,306.54998779296875,306.8999938964844,104960
2026-01-07 09:55:00+05:30,306.79998779296875,307.5,306.79998779296875,307.25,99118
2026-01-07 10:00:00+05:30,307.20001220703125,307.3500061035156,307.1000061035156,307.3500061035156,31425
2026-01-07 10:05:00+05:30,307.29998779296875,307.5,307.1499938964844,307.29998779296875,38541
2026-01-07 10:10:00+05:30,307.3999938964844,307.6499938964844,307.25,307.5,54245
2026-01-07 10:15:00+05:30,307.3999938964844,307.70001220703125,307.29998779296875,307.29998779296875,25980
2026-01-07 10:20:00+05:30,307.29998779296875,307.5,307.1499938964844,307.20001220703125,25371
2026-01-07 10:25:00+05:30,307.1000061035156,307.1000061035156,306.70001220703125,306.8500061035156,39234
2026-01-07 10:30:00+05:30,306.8500061035156,306.8999938964844,306.79998779296875,306.8999938964844,17490
2026-01-07 10:35:00+05:30,306.8500061035156,307.0,306.6000061035156,307.0,33355
2026-01-07 10:40:00+05:30,307.0,307.20001220703125,306.8999938964844,307.04998779296875,36928
2026-01-07 10:45:00+05:30,307.04998779296875,307.29998779296875,306.8500061035156,306.95001220703125,47869
2026-01-07 10:50:00+05:30,306.95001220703125,307.5,306.8500061035156,307.3999938964844,38046
2026-01-07 10:55:00+05:30,307.25,307.45001220703125,306.95001220703125,307.04998779296875,13169
2026-01-07 11:00:00+05:30,307.1000061035156,307.1000061035156,306.95001220703125,307.0,15116
2026-01-07 11:05:00+05:30,307.0,307.3999938964844,307.0,307.3999938964844,22457
2026-01-07 11:10:00+05:30,307.3999938964844,307.75,307.1000061035156,307.75,63894
2026-01-07 11:15:00+05:30,307.70001220703125,308.6499938964844,307.6499938964844,308.54998779296875,183684
2026-01-07 11:20:00+05:30,308.6000061035156,308.8500061035156,308.3999938964844,308.5,136617
2026-01-07 11:25:00+05:30,308.5,308.8999938964844,308.3500061035156,308.8500061035156,83905
2026-01-07 11:30:00+05:30,308.8999938964844,309.3999938964844,308.8500061035156,309.29998779296875,150681
2026-01-07 11:35:00+05:30,309.3500061035156,309.5,309.0,309.25,73694
2026-01-07 11:40:00+05:30,309.20001220703125,309.20001220703125,308.79998779296875,309.0,127521
2026-01-07 11:45:00+05:30,309.0,309.29998779296875,308.75,308.95001220703125,137292
2026-01-07 11:50:00+05:30,308.95001220703125,308.95001220703125,308.45001220703125,308.75,257467
2026-01-07 11:55:00+05:30,308.79998779296875,308.95001220703125,308.3999938964844,308.54998779296875,136928
2026-01-07 12:00:00+05:30,308.54998779296875,308.6499938964844,308.20001220703125,308.3500061035156,48894
2026-01-07 12:05:00+05:30,308.29998779296875,308.70001220703125,308.20001220703125,308.25,98366
2026-01-07 12:10:00+05:30,308.25,308.25,307.8500061035156,308.0,110953
2026-01-07 12:15:00+05:30,308.0,308.25,307.8500061035156,308.1000061035156,75095
2026-01-07 12:20:00+05:30,308.1000061035156,308.6000061035156,308.1000061035156,308.5,137790
2026-01-07 12:25:00+05:30,308.45001220703125,308.54998779296875,308.1499938964844,308.1499938964844,42332
2026-01-07 12:30:00+05:30,308.25,308.29998779296875,308.04998779296875,308.25,33411
2026-01-07 12:35:00+05:30,308.1499938964844,308.3999938964844,307.95001220703125,308.1000061035156,116883
2026-01-07 12:40:00+05:30,308.1000061035156,308.1000061035156,307.6499938964844,307.79998779296875,79596
2026-01-07 12:45:00+05:30,307.79998779296875,307.8500061035156,307.6000061035156,307.70001220703125,37978
2026-01-07 12:50:00+05:30,307.8500061035156,308.0,307.75,308.0,35372
2026-01-07 12:55:00+05:30,308.0,308.0,307.79998779296875,307.79998779296875,23866
2026-01-07 13:00:00+05:30,307.95001220703125,307.95001220703125,307.20001220703125,307.3999938964844,111674
2026-01-07 13:05:00+05:30,307.54998779296875,307.6000061035156,307.3999938964844,307.45001220703125,20352
2026-01-07 13:10:00+05:30,307.54998779296875,307.6499938964844,307.20001220703125,307.5,38449
2026-01-07 13:15:00+05:30,307.6000061035156,307.6000061035156,307.29998779296875,307.3500061035156,65076
2026-01-07 13:20:00+05:30,307.3500061035156,307.6499938964844,307.20001220703125,307.29998779296875,24601
2026-01-07 13:25:00+05:30,307.25,307.29998779296875,306.54998779296875,306.6499938964844,161016
2026-01-07 13:30:00+05:30,306.70001220703125,307.1499938964844,306.5,307.04998779296875,45460
2026-01-07 13:35:00+05:30,307.04998779296875,307.29998779296875,307.0,307.1000061035156,29896
2026-01-07 13:40:00+05:30,307.1499938964844,307.25,306.8999938964844,307.25,25765
2026-01-07 13:45:00+05:30,307.25,307.5,307.04998779296875,307.45001220703125,38201
2026-01-07 13:50:00+05:30,307.45001220703125,307.45001220703125,306.70001220703125,306.70001220703125,103906
2026-01-07 13:55:00+05:30,306.79998779296875,307.0,306.6000061035156,306.8999938964844,89990
2026-01-07 14:00:00+05:30,307.0,307.20001220703125,306.8500061035156,307.1000061035156,28888
2026-01-07 14:05:00+05:30,307.20001220703125,307.20001220703125,306.6499938964844,306.95001220703125,113631
2026-01-07 14:10:00+05:30,307.0,307.04998779296875,306.5,306.54998779296875,183768
2026-01-07 14:15:00+05:30,306.54998779296875,307.20001220703125,306.5,306.8500061035156,55016
2026-01-07 14:20:00+05:30,306.8500061035156,306.8500061035156,306.5,306.6000061035156,121192
2026-01-07 14:25:00+05:30,306.6000061035156,306.75,306.5,306.70001220703125,185261
2026-01-07 14:30:00+05:30,306.75,306.95001220703125,306.5,306.6499938964844,37659
2026-01-07 14:35:00+05:30,306.6000061035156,306.8500061035156,306.6000061035156,306.8500061035156,22210
2026-01-07 14:40:00+05:30,306.8500061035156,307.6499938964844,306.79998779296875,307.5,85168
2026-01-07 14:45:00+05:30,307.5,307.5,307.20001220703125,307.29998779296875,32990
2026-01-07 14:50:00+05:30,307.25,307.8999938964844,307.25,307.8999938964844,42846
2026-01-07 14:55:00+05:30,307.8999938964844,308.1000061035156,307.79998779296875,308.1000061035156,50575
2026-01-07 15:00:00+05:30,308.29998779296875,308.45001220703125,307.95001220703125,308.1000061035156,146365
2026-01-07 15:05:00+05:30,308.0,308.5,307.8999938964844,308.5,263495
2026-01-07 15:10:00+05:30,308.5,308.54998779296875,308.20001220703125,308.5,153796
2026-01-07 15:15:00+05:30,308.54998779296875,308.54998779296875,308.0,308.04998779296875,235980
2026-01-07 15:20:00+05:30,308.04998779296875,308.45001220703125,307.8999938964844,308.3500061035156,332983
2026-01-07 15:25:00+05:30,308.3999938964844,308.5,307.6000061035156,308.3500061035156,204547
2026-01-08 09:20:00+05:30,308.1499938964844,308.3999938964844,306.45001220703125,306.45001220703125,165786
2026-01-08 09:25:00+05:30,306.3999938964844,306.8999938964844,306.25,306.25,109508
2026-01-08 09:30:00+05:30,306.20001220703125,306.3500061035156,305.3999938964844,305.70001220703125,94378
2026-01-08 09:35:00+05:30,305.95001220703125,307.54998779296875,305.70001220703125,307.54998779296875,115339
2026-01-08 09:40:00+05:30,307.6000061035156,308.5,307.6000061035156,308.20001220703125,172864
2026-01-08 09:45:00+05:30,308.20001220703125,308.70001220703125,307.75,308.70001220703125,252742
2026-01-08 09:50:00+05:30,308.6499938964844,308.75,307.8500061035156,308.20001220703125,209227
2026-01-08 09:55:00+05:30,308.1499938964844,308.3500061035156,307.95001220703125,308.1000061035156,105885
2026-01-08 10:00:00+05:30,308.1000061035156,308.79998779296875,308.04998779296875,308.70001220703125,103203
2026-01-08 10:05:00+05:30,308.70001220703125,308.75,308.25,308.3500061035156,75622
2026-01-08 10:10:00+05:30,308.29998779296875,308.5,308.1499938964844,308.3500061035156,31971
2026-01-08 10:15:00+05:30,308.45001220703125,308.75,308.1499938964844,308.1499938964844,42412
2026-01-08 10:20:00+05:30,308.04998779296875,308.04998779296875,306.79998779296875,306.8999938964844,162966
2026-01-08 10:25:00+05:30,307.0,307.75,306.70001220703125,307.75,48631
2026-01-08 10:30:00+05:30,307.6000061035156,307.6499938964844,307.1000061035156,307.29998779296875,75250
2026-01-08 10:35:00+05:30,307.1499938964844,307.29998779296875,306.8500061035156,306.8999938964844,52038
2026-01-08 10:40:00+05:30,306.8999938964844,306.8999938964844,306.6000061035156,306.75,71553
2026-01-08 10:45:00+05:30,306.70001220703125,306.75,306.3999938964844,306.5,40902
2026-01-08 10:50:00+05:30,306.5,306.5,306.25,306.25,55450
2026-01-08 10:55:00+05:30,306.25,306.29998779296875,305.6499938964844,306.04998779296875,146991
2026-01-08 11:00:00+05:30,306.1000061035156,306.1000061035156,305.1000061035156,305.29998779296875,128639
2026-01-08 11:05:00+05:30,305.20001220703125,305.25,304.79998779296875,304.79998779296875,101619
2026-01-08 11:10:00+05:30,304.79998779296875,304.8999938964844,304.20001220703125,304.45001220703125,126525
2026-01-08 11:15:00+05:30,304.5,304.75,303.25,303.6000061035156,304255
2026-01-08 11:20:00+05:30,303.6000061035156,303.6499938964844,302.8999938964844,303.1499938964844,150722
2026-01-08 11:25:00+05:30,303.0,303.3999938964844,302.45001220703125,303.29998779296875,208089
2026-01-08 11:30:00+05:30,303.3500061035156,304.25,303.20001220703125,304.20001220703125,124776
2026-01-08 11:35:00+05:30,304.1000061035156,305.1499938964844,304.04998779296875,305.0,210131
2026-01-08 11:40:00+05:30,305.0,305.1000061035156,304.25,304.45001220703125,148466
2026-01-08 11:45:00+05:30,304.45001220703125,304.5,303.79998779296875,304.04998779296875,50581
2026-01-08 11:50:00+05:30,304.04998779296875,304.04998779296875,303.6000061035156,303.75,89835
2026-01-08 11:55:00+05:30,303.70001220703125,303.75,302.6499938964844,302.8999938964844,142511
2026-01-08 12:00:00+05:30,302.95001220703125,302.95001220703125,301.75,301.95001220703125,270051
2026-01-08 12:05:00+05:30,302.1000061035156,303.3999938964844,301.79998779296875,303.3500061035156,105216
2026-01-08 12:10:00+05:30,303.45001220703125,304.1499938964844,303.45001220703125,303.75,96457
2026-01-08 12:15:00+05:30,303.75,304.1499938964844,303.6000061035156,303.6499938964844,53796
2026-01-08 12:20:00+05:30,303.6000061035156,303.6499938964844,302.20001220703125,302.29998779296875,116880
2026-01-08 12:25:00+05:30,302.29998779296875,303.0,302.1499938964844,303.0,45948
2026-01-08 12:30:00+05:30,303.0,303.0,302.04998779296875,302.29998779296875,53695
2026-01-08 12:35:00+05:30,302.29998779296875,302.3999938964844,301.75,301.8999938964844,55648
2026-01-08 12:40:00+05:30,301.8999938964844,302.0,301.70001220703125,301.8999938964844,30987
2026-01-08 12:45:00+05:30,301.95001220703125,301.95001220703125,301.20001220703125,301.6000061035156,44599
2026-01-08 12:50:00+05:30,301.54998779296875,301.6499938964844,300.79998779296875,301.6000061035156,87293
2026-01-08 12:55:00+05:30,301.6000061035156,301.6499938964844,301.1499938964844,301.3999938964844,74281
2026-01-08 13:00:00+05:30,301.29998779296875,302.25,301.1000061035156,302.1499938964844,43215
2026-01-08 13:05:00+05:30,302.1499938964844,302.25,301.75,302.1499938964844,40256
2026-01-08 13:10:00+05:30,302.1499938964844,302.3500061035156,301.8999938964844,302.25,26375
2026-01-08 13:15:00+05:30,302.1000061035156,302.25,301.5,301.75,188405
2026-01-08 13:20:00+05:30,301.79998779296875,301.79998779296875,301.3500061035156,301.3999938964844,39275
2026-01-08 13:25:00+05:30,301.45001220703125,301.45001220703125,300.6499938964844,300.6499938964844,55442
2026-01-08 13:30:00+05:30,300.6000061035156,301.1000061035156,300.20001220703125,300.8500061035156,146982
2026-01-08 13:35:00+05:30,300.8500061035156,301.0,300.5,300.6499938964844,57510
2026-01-08 13:40:00+05:30,300.75,301.0,300.5,300.8500061035156,29440
2026-01-08 13:45:00+05:30,301.0,301.79998779296875,300.8500061035156,301.6000061035156,66704
2026-01-08 13:50:00+05:30,301.5,301.54998779296875,301.04998779296875,301.3500061035156,33636
2026-01-08 13:55:00+05:30,301.29998779296875,301.54998779296875,300.75,300.79998779296875,30805
2026-01-08 14:00:00+05:30,300.79998779296875,300.8999938964844,300.0,300.29998779296875,72516
2026-01-08 14:05:00+05:30,300.29998779296875,300.5,299.8500061035156,300.04998779296875,79336
2026-01-08 14:10:00+05:30,300.1499938964844,300.29998779296875,299.79998779296875,300.29998779296875,56629
2026-01-08 14:15:00+05:30,300.3500061035156,300.6000061035156,300.1000061035156,300.20001220703125,46300
2026-01-08 14:20:00+05:30,300.1499938964844,300.29998779296875,299.5,299.6000061035156,46712
2026-01-08 14:25:00+05:30,299.6499938964844,299.79998779296875,298.8500061035156,298.95001220703125,78326
2026-01-08 14:30:00+05:30,298.95001220703125,300.20001220703125,298.8999938964844,300.04998779296875,52613
2026-01-08 14:35:00+05:30,300.1499938964844,300.20001220703125,299.6499938964844,299.79998779296875,29723
2026-01-08 14:40:00+05:30,299.8999938964844,300.8500061035156,299.70001220703125,300.8500061035156,39172
2026-01-08 14:45:00+05:30,300.79998779296875,301.5,300.5,301.3500061035156,115817
2026-01-08 14:50:00+05:30,301.3500061035156,301.8500061035156,300.8999938964844,301.8500061035156,58192
2026-01-08 14:55:00+05:30,301.8999938964844,302.0,301.3500061035156,301.8999938964844,111830
2026-01-08 15:00:00+05:30,301.8500061035156,301.8500061035156,299.95001220703125,300.04998779296875,169793
2026-01-08 15:05:00+05:30,300.25,300.3500061035156,299.8500061035156,299.95001220703125,62242
2026-01-08 15:10:00+05:30,299.95001220703125,300.1000061035156,298.95001220703125,299.3500061035156,333289
2026-01-08 15:15:00+05:30,299.29998779296875,299.79998779296875,299.0,299.54998779296875,227988
2026-01-08 15:20:00+05:30,299.5,299.79998779296875,299.25,299.3500061035156,224286
2026-01-08 15:25:00+05:30,299.29998779296875,299.45001220703125,298.75,298.75,161179
2026-01-09 09:20:00+05:30,300.54998779296875,300.6499938964844,299.5,299.5,137899
2026-01-09 09:25:00+05:30,299.45001220703125,300.3999938964844,299.29998779296875,300.20001220703125,232990
2026-01-09 09:30:00+05:30,300.20001220703125,300.6000061035156,299.5,299.8500061035156,111420
2026-01-09 09:35:00+05:30,299.75,299.75,297.8999938964844,298.70001220703125,187918
2026-01-09 09:40:00+05:30,298.6000061035156,301.0,298.45001220703125,300.8999938964844,163458
2026-01-09 09:45:00+05:30,301.0,302.5,301.0,302.3999938964844,257484
2026-01-09 09:50:00+05:30,302.45001220703125,302.45001220703125,301.3999938964844,301.8999938964844,72275
2026-01-09 09:55:00+05:30,301.8999938964844,303.3999938964844,301.8999938964844,303.1499938964844,188072
2026-01-09 10:00:00+05:30,303.04998779296875,303.25,302.70001220703125,302.70001220703125,195940
2026-01-09 10:05:00+05:30,302.70001220703125,303.8999938964844,302.6000061035156,303.6000061035156,75338
2026-01-09 10:10:00+05:30,303.6499938964844,304.45001220703125,303.45001220703125,303.79998779296875,183675
2026-01-09 10:15:00+05:30,303.79998779296875,304.20001220703125,303.3999938964844,304.04998779296875,122256
2026-01-09 10:20:00+05:30,304.0,304.70001220703125,303.8500061035156,304.20001220703125,88499
2026-01-09 10:25:00+05:30,304.20001220703125,304.54998779296875,303.8999938964844,304.45001220703125,50876
2026-01-09 10:30:00+05:30,304.45001220703125,304.70001220703125,304.25,304.45001220703125,61609
2026-01-09 10:35:00+05:30,304.45001220703125,304.8500061035156,304.1000061035156,304.8500061035156,182859
2026-01-09 10:40:00+05:30,304.8500061035156,305.45001220703125,304.5,304.5,357842
2026-01-09 10:45:00+05:30,304.5,305.0,304.5,304.54998779296875,202460
2026-01-09 10:50:00+05:30,304.25,304.3500061035156,303.6499938964844,303.6499938964844,250524
2026-01-09 10:55:00+05:30,303.6499938964844,303.95001220703125,303.25,303.54998779296875,207171
2026-01-09 11:00:00+05:30,303.54998779296875,303.8999938964844,303.20001220703125,303.5,379749
2026-01-09 11:05:00+05:30,303.5,303.79998779296875,303.5,303.79998779296875,30241
2026-01-09 11:10:00+05:30,303.3500061035156,303.6499938964844,303.04998779296875,303.1499938964844,225217
2026-01-09 11:15:00+05:30,303.0,303.0,302.1000061035156,302.1499938964844,62551
2026-01-09 11:20:00+05:30,302.1000061035156,302.3999938964844,302.1000061035156,302.25,25093
2026-01-09 11:25:00+05:30,302.20001220703125,303.3999938964844,302.20001220703125,303.25,189943
2026-01-09 11:30:00+05:30,303.25,303.75,302.95001220703125,303.0,156267
2026-01-09 11:35:00+05:30,302.79998779296875,303.0,302.6499938964844,302.8500061035156,29016
2026-01-09 11:40:00+05:30,302.8999938964844,303.5,302.75,303.45001220703125,98279
2026-01-09 11:45:00+05:30,303.3500061035156,303.6000061035156,303.3500061035156,303.6000061035156,58615
2026-01-09 11:50:00+05:30,303.5,303.6000061035156,303.20001220703125,303.3999938964844,138286
2026-01-09 11:55:00+05:30,303.3999938964844,303.5,302.8500061035156,302.8999938964844,222433
2026-01-09 12:00:00+05:30,302.75,303.3999938964844,302.75,303.3999938964844,83188
2026-01-09 12:05:00+05:30,303.5,303.5,303.25,303.45001220703125,90670
2026-01-09 12:10:00+05:30,303.3999938964844,303.5,303.0,303.5,94046
2026-01-09 12:15:00+05:30,303.5,303.75,303.25,303.3999938964844,67155
2026-01-09 12:20:00+05:30,303.3999938964844,303.8999938964844,303.25,303.75,50721
2026-01-09 12:25:00+05:30,303.6499938964844,303.95001220703125,303.3500061035156,303.3999938964844,48249
2026-01-09 12:30:00+05:30,303.54998779296875,303.6000061035156,302.8500061035156,303.0,86749
2026-01-09 12:35:00+05:30,303.1000061035156,303.1000061035156,302.79998779296875,303.1000061035156,46700
2026-01-09 12:40:00+05:30,303.1000061035156,303.29998779296875,302.8500061035156,303.0,50803
2026-01-09 12:45:00+05:30,303.04998779296875,303.1499938964844,302.8999938964844,303.1000061035156,53909
2026-01-09 12:50:00+05:30,303.1499938964844,304.29998779296875,303.04998779296875,303.5,111084
2026-01-09 12:55:00+05:30,303.5,303.8500061035156,303.20001220703125,303.8500061035156,83037
2026-01-09 13:00:00+05:30,303.8500061035156,303.95001220703125,303.20001220703125,303.25,96028
2026-01-09 13:05:00+05:30,303.25,303.29998779296875,303.0,303.20001220703125,64635
2026-01-09 13:10:00+05:30,303.20001220703125,303.25,302.54998779296875,302.70001220703125,125728
2026-01-09 13:15:00+05:30,302.70001220703125,303.0,302.5,303.0,73127
2026-01-09 13:20:00+05:30,303.04998779296875,303.25,302.8999938964844,303.1000061035156,65430
2026-01-09 13:25:00+05:30,303.1000061035156,303.25,302.95001220703125,303.1499938964844,46916
2026-01-09 13:30:00+05:30,303.0,303.20001220703125,302.5,302.6499938964844,73700
2026-01-09 13:35:00+05:30,302.70001220703125,303.1499938964844,302.5,302.75,69168
2026-01-09 13:40:00+05:30,302.75,302.79998779296875,301.8500061035156,302.04998779296875,101747
2026-01-09 13:45:00+05:30,302.0,302.0,301.29998779296875,301.79998779296875,61587
2026-01-09 13:50:00+05:30,301.79998779296875,301.8999938964844,301.20001220703125,301.3999938964844,72499
2026-01-09 13:55:00+05:30,301.3999938964844,301.70001220703125,301.1000061035156,301.70001220703125,56822
2026-01-09 14:00:00+05:30,301.6000061035156,301.70001220703125,301.0,301.1000061035156,79620
2026-01-09 14:05:00+05:30,301.25,301.6000061035156,301.04998779296875,301.25,69279
2026-01-09 14:10:00+05:30,301.25,301.25,300.75,300.79998779296875,66037
2026-01-09 14:15:00+05:30,300.79998779296875,300.95001220703125,300.1499938964844,300.29998779296875,70161
2026-01-09 14:20:00+05:30,300.3500061035156,300.70001220703125,300.04998779296875,300.3500061035156,72753
2026-01-09 14:25:00+05:30,300.20001220703125,300.5,299.8999938964844,300.1499938964844,69548
2026-01-09 14:30:00+05:30,300.20001220703125,300.20001220703125,299.45001220703125,300.0,64596
2026-01-09 14:35:00+05:30,299.8999938964844,300.3999938964844,299.8999938964844,300.1000061035156,91925
2026-01-09 14:40:00+05:30,300.04998779296875,300.8500061035156,299.45001220703125,300.70001220703125,180843
2026-01-09 14:45:00+05:30,300.6499938964844,300.8999938964844,300.29998779296875,300.8999938964844,193863
2026-01-09 14:50:00+05:30,300.8999938964844,301.1499938964844,300.3999938964844,301.04998779296875,166116
2026-01-09 14:55:00+05:30,300.8999938964844,301.79998779296875,300.8999938964844,301.75,194413
2026-01-09 15:00:00+05:30,301.95001220703125,301.95001220703125,300.5,300.8500061035156,216473
2026-01-09 15:05:00+05:30,300.79998779296875,301.3999938964844,300.6000061035156,300.95001220703125,171920
2026-01-09 15:10:00+05:30,300.6499938964844,301.0,300.5,300.95001220703125,255555
2026-01-09 15:15:00+05:30,300.95001220703125,300.95001220703125,300.04998779296875,300.1000061035156,311583
2026-01-09 15:20:00+05:30,300.25,300.70001220703125,300.0,300.3999938964844,380217
2026-01-09 15:25:00+05:30,300.6499938964844,301.29998779296875,300.29998779296875,300.5,277862
2026-01-12 09:20:00+05:30,300.0,300.0,298.6499938964844,298.70001220703125,81106
2026-01-12 09:25:00+05:30,298.79998779296875,298.79998779296875,297.3999938964844,297.3999938964844,123128
2026-01-12 09:30:00+05:30,297.3500061035156,299.0,297.29998779296875,298.8500061035156,225901
2026-01-12 09:35:00+05:30,299.0,300.1000061035156,298.8500061035156,299.8999938964844,171872
2026-01-12 09:40:00+05:30,299.20001220703125,299.25,298.25,298.45001220703125,132161
2026-01-12 09:45:00+05:30,297.6499938964844,299.1499938964844,297.6000061035156,299.1499938964844,122231
2026-01-12 09:50:00+05:30,299.5,299.8999938964844,299.1000061035156,299.70001220703125,47939
2026-01-12 09:55:00+05:30,299.70001220703125,299.8999938964844,298.20001220703125,298.45001220703125,36097
2026-01-12 10:00:00+05:30,298.29998779296875,299.0,298.0,299.0,44755
2026-01-12 10:05:00+05:30,299.04998779296875,299.54998779296875,299.04998779296875,299.25,33044
2026-01-12 10:10:00+05:30,299.29998779296875,299.29998779296875,297.6499938964844,297.6499938964844,63220
2026-01-12 10:15:00+05:30,297.75,298.95001220703125,297.70001220703125,298.95001220703125,32536
2026-01-12 10:20:00+05:30,298.75,299.6000061035156,298.75,299.6000061035156,41423
2026-01-12 10:25:00+05:30,299.6000061035156,299.75,299.04998779296875,299.5,39132
2026-01-12 10:30:00+05:30,299.5,299.70001220703125,298.54998779296875,298.54998779296875,22145
2026-01-12 10:35:00+05:30,298.54998779296875,298.6499938964844,298.0,298.1000061035156,54108
2026-01-12 10:40:00+05:30,298.1499938964844,298.75,298.1499938964844,298.3500061035156,37211
2026-01-12 10:45:00+05:30,298.1499938964844,298.75,297.6499938964844,298.75,26278
2026-01-12 10:50:00+05:30,298.8500061035156,298.8999938964844,298.0,298.04998779296875,19764
2026-01-12 10:55:00+05:30,298.04998779296875,298.20001220703125,297.79998779296875,297.8999938964844,12154
2026-01-12 11:00:00+05:30,297.79998779296875,297.95001220703125,297.45001220703125,297.45001220703125,42234
2026-01-12 11:05:00+05:30,297.3999938964844,297.45001220703125,297.0,297.29998779296875,43585
2026-01-12 11:10:00+05:30,297.25,297.3500061035156,296.6499938964844,296.70001220703125,60179
2026-01-12 11:15:00+05:30,296.79998779296875,296.8999938964844,296.6499938964844,296.8500061035156,27930
2026-01-12 11:20:00+05:30,296.79998779296875,296.8500061035156,296.1000061035156,296.20001220703125,49419
2026-01-12 11:25:00+05:30,296.25,297.1000061035156,296.20001220703125,296.8500061035156,108656
2026-01-12 11:30:00+05:30,297.0,297.54998779296875,296.6000061035156,296.95001220703125,93958
2026-01-12 11:35:00+05:30,296.8500061035156,297.3500061035156,296.8500061035156,296.8500061035156,45090
2026-01-12 11:40:00+05:30,297.0,297.1499938964844,295.79998779296875,296.1499938964844,100087
2026-01-12 11:45:00+05:30,296.25,296.95001220703125,295.8500061035156,296.95001220703125,65014
2026-01-12 11:50:00+05:30,296.8999938964844,297.20001220703125,296.3999938964844,296.6499938964844,123024
2026-01-12 11:55:00+05:30,296.45001220703125,297.3500061035156,296.45001220703125,297.29998779296875,15839
2026-01-12 12:00:00+05:30,297.25,297.6000061035156,297.04998779296875,297.25,31876
2026-01-12 12:05:00+05:30,297.0,297.75,296.95001220703125,297.5,23344
2026-01-12 12:10:00+05:30,297.45001220703125,298.6000061035156,297.20001220703125,298.6000061035156,90954
2026-01-12 12:15:00+05:30,298.70001220703125,299.45001220703125,298.29998779296875,299.3500061035156,128397
2026-01-12 12:20:00+05:30,299.3500061035156,300.3500061035156,299.3500061035156,299.45001220703125,121873
2026-01-12 12:25:00+05:30,299.5,300.1499938964844,299.25,299.70001220703125,421165
2026-01-12 12:30:00+05:30,299.70001220703125,300.1000061035156,299.3500061035156,299.79998779296875,240347
2026-01-12 12:35:00+05:30,299.8500061035156,300.1000061035156,299.75,300.0,77441
2026-01-12 12:40:00+05:30,300.0,300.54998779296875,299.5,300.3999938964844,84036
2026-01-12 12:45:00+05:30,300.3999938964844,300.8500061035156,300.20001220703125,300.20001220703125,63632
2026-01-12 12:50:00+05:30,300.29998779296875,300.6499938964844,300.20001220703125,300.6000061035156,84494
2026-01-12 12:55:00+05:30,300.6000061035156,300.8500061035156,300.25,300.54998779296875,28246
2026-01-12 13:00:00+05:30,300.45001220703125,300.54998779296875,299.5,299.95001220703125,59845
2026-01-12 13:05:00+05:30,300.1499938964844,300.8999938964844,300.1000061035156,300.79998779296875,54103
2026-01-12 13:10:00+05:30,300.79998779296875,301.0,300.45001220703125,300.6499938964844,58544
2026-01-12 13:15:00+05:30,300.8500061035156,301.1000061035156,300.54998779296875,300.54998779296875,50029
2026-01-12 13:20:00+05:30,300.54998779296875,300.54998779296875,300.25,300.5,15412
2026-01-12 13:25:00+05:30,300.5,300.5,300.04998779296875,300.04998779296875,25063
2026-01-12 13:30:00+05:30,300.0,300.6499938964844,300.0,300.3999938964844,24868
2026-01-12 13:35:00+05:30,300.5,300.75,300.1000061035156,300.3500061035156,22200
2026-01-12 13:40:00+05:30,300.3500061035156,300.6000061035156,300.1000061035156,300.1000061035156,21199
2026-01-12 13:45:00+05:30,300.1000061035156,300.25,299.95001220703125,300.04998779296875,22365
2026-01-12 13:50:00+05:30,299.95001220703125,300.20001220703125,299.8999938964844,300.1000061035156,25089
2026-01-12 13:55:00+05:30,300.0,300.1499938964844,299.70001220703125,300.1000061035156,29371
2026-01-12 14:00:00+05:30,300.1000061035156,300.3500061035156,299.75,300.3500061035156,60057
2026-01-12 14:05:00+05:30,300.29998779296875,300.70001220703125,300.1000061035156,300.6499938964844,31629
2026-01-12 14:10:00+05:30,300.75,300.79998779296875,300.3999938964844,300.45001220703125,22784
2026-01-12 14:15:00+05:30,300.54998779296875,300.8500061035156,300.1499938964844,300.29998779296875,28780
2026-01-12 14:20:00+05:30,300.20001220703125,301.0,300.0,301.0,43455
2026-01-12 14:25:00+05:30,300.95001220703125,301.25,300.0,300.1000061035156,50245
2026-01-12 14:30:00+05:30,300.20001220703125,300.25,299.6499938964844,300.25,61173
2026-01-12 14:35:00+05:30,300.25,300.70001220703125,299.70001220703125,300.6499938964844,46897
2026-01-12 14:40:00+05:30,300.6000061035156,300.8999938964844,300.3500061035156,300.8999938964844,39778
2026-01-12 14:45:00+05:30,300.95001220703125,301.20001220703125,300.70001220703125,301.20001220703125,68042
2026-01-12 14:50:00+05:30,301.1499938964844,302.04998779296875,301.1499938964844,301.6000061035156,119418
2026-01-12 14:55:00+05:30,301.6499938964844,302.1499938964844,301.6000061035156,301.75,115711
2026-01-12 15:00:00+05:30,301.75,301.8500061035156,301.45001220703125,301.70001220703125,102656
2026-01-12 15:05:00+05:30,301.79998779296875,302.04998779296875,301.54998779296875,302.04998779296875,92981
2026-01-12 15:10:00+05:30,302.0,302.3999938964844,301.8500061035156,301.8500061035156,95726
2026-01-12 15:15:00+05:30,301.95001220703125,302.20001220703125,301.95001220703125,302.1000061035156,104285
2026-01-12 15:20:00+05:30,302.1000061035156,302.6000061035156,302.04998779296875,302.25,226391
2026-01-12 15:25:00+05:30,302.45001220703125,303.04998779296875,302.25,302.95001220703125,195306
2026-01-13 09:20:00+05:30,302.70001220703125,303.70001220703125,302.45001220703125,303.54998779296875,160771
2026-01-13 09:25:00+05:30,303.29998779296875,303.3500061035156,301.6499938964844,301.6499938964844,114288
2026-01-13 09:30:00+05:30,301.70001220703125,302.6499938964844,301.25,301.3999938964844,159355
2026-01-13 09:35:00+05:30,301.45001220703125,302.25,301.29998779296875,301.29998779296875,75406
2026-01-13 09:40:00+05:30,301.29998779296875,301.54998779296875,300.6000061035156,301.54998779296875,80603
2026-01-13 09:45:00+05:30,301.75,302.70001220703125,301.75,302.25,68555
2026-01-13 09:50:00+05:30,302.25,302.6000061035156,301.8500061035156,301.8500061035156,42450
2026-01-13 09:55:00+05:30,301.8999938964844,301.8999938964844,301.04998779296875,301.04998779296875,47155
2026-01-13 10:00:00+05:30,301.1000061035156,301.8500061035156,300.75,301.54998779296875,151308
2026-01-13 10:05:00+05:30,301.54998779296875,301.8500061035156,301.45001220703125,301.6000061035156,17414
2026-01-13 10:10:00+05:30,301.54998779296875,301.75,301.0,301.0,20393
2026-01-13 10:15:00+05:30,300.95001220703125,301.29998779296875,300.8500061035156,300.8999938964844,26905
2026-01-13 10:20:00+05:30,301.1499938964844,302.29998779296875,301.04998779296875,302.04998779296875,32453
2026-01-13 10:25:00+05:30,302.0,302.6499938964844,302.0,302.3999938964844,30739
2026-01-13 10:30:00+05:30,302.5,302.6499938964844,302.1499938964844,302.1499938964844,29428
2026-01-13 10:35:00+05:30,302.25,302.29998779296875,301.75,301.75,22279
2026-01-13 10:40:00+05:30,301.75,301.75,301.3500061035156,301.70001220703125,17258
2026-01-13 10:45:00+05:30,301.79998779296875,301.79998779296875,300.8999938964844,301.20001220703125,496615
2026-01-13 10:50:00+05:30,301.3500061035156,301.6499938964844,300.6000061035156,300.6000061035156,123882
2026-01-13 10:55:00+05:30,300.6000061035156,300.8500061035156,300.45001220703125,300.75,35515
2026-01-13 11:00:00+05:30,300.79998779296875,300.95001220703125,300.5,300.70001220703125,38371
2026-01-13 11:05:00+05:30,300.70001220703125,300.8500061035156,300.3500061035156,300.54998779296875,28708
2026-01-13 11:10:00+05:30,300.54998779296875,301.25,300.54998779296875,301.25,214933
2026-01-13 11:15:00+05:30,301.25,301.29998779296875,300.54998779296875,300.70001220703125,84995
2026-01-13 11:20:00+05:30,300.70001220703125,301.0,300.6000061035156,300.8999938964844,16038
2026-01-13 11:25:00+05:30,300.8999938964844,301.0,300.79998779296875,300.79998779296875,13596
2026-01-13 11:30:00+05:30,300.79998779296875,301.0,300.70001220703125,300.79998779296875,20036
2026-01-13 11:35:00+05:30,300.70001220703125,300.79998779296875,300.3500061035156,300.6499938964844,20580
2026-01-13 11:40:00+05:30,300.6499938964844,300.8999938964844,300.5,300.5,18295
2026-01-13 11:45:00+05:30,300.6499938964844,300.6499938964844,300.3999938964844,300.5,63554
2026-01-13 12:00:00+05:30,300.29998779296875,300.29998779296875,299.8999938964844,300.0,307726
2026-01-13 12:05:00+05:30,300.1000061035156,300.3999938964844,300.04998779296875,300.3999938964844,143766
2026-01-13 12:10:00+05:30,300.3999938964844,300.3999938964844,299.54998779296875,299.54998779296875,73552
2026-01-13 12:15:00+05:30,299.3999938964844,300.25,299.3999938964844,300.1499938964844,175306
2026-01-13 12:20:00+05:30,300.25,300.25,299.8999938964844,300.1000061035156,31764
2026-01-13 12:25:00+05:30,300.1499938964844,301.04998779296875,300.1000061035156,301.04998779296875,53822
2026-01-13 12:30:00+05:30,301.25,301.79998779296875,300.79998779296875,301.6000061035156,72508
2026-01-13 12:35:00+05:30,301.54998779296875,301.70001220703125,301.3999938964844,301.5,30558
2026-01-13 12:40:00+05:30,301.5,301.5,301.04998779296875,301.45001220703125,40930
2026-01-13 12:45:00+05:30,301.3500061035156,301.3500061035156,300.6000061035156,300.79998779296875,36929
2026-01-13 12:50:00+05:30,300.79998779296875,300.8500061035156,300.20001220703125,300.5,36724
2026-01-13 12:55:00+05:30,300.6499938964844,300.6499938964844,299.8999938964844,299.8999938964844,33706
2026-01-13 13:00:00+05:30,299.79998779296875,300.0,299.70001220703125,299.8999938964844,60562
2026-01-13 13:05:00+05:30,299.79998779296875,300.29998779296875,299.70001220703125,300.29998779296875,38174
2026-01-13 13:10:00+05:30,300.29998779296875,300.45001220703125,299.8500061035156,299.8500061035156,74951
2026-01-13 13:15:00+05:30,299.8500061035156,300.04998779296875,299.6499938964844,299.8500061035156,42890
2026-01-13 13:20:00+05:30,299.8500061035156,300.6499938964844,299.6499938964844,300.45001220703125,57677
2026-01-13 13:25:00+05:30,300.45001220703125,300.70001220703125,300.04998779296875,300.5,27381
2026-01-13 13:30:00+05:30,300.5,300.5,299.8999938964844,300.29998779296875,41354
2026-01-13 13:35:00+05:30,300.45001220703125,300.6000061035156,300.1000061035156,300.29998779296875,44836
2026-01-13 13:40:00+05:30,300.3999938964844,300.75,300.0,300.75,38341
2026-01-13 13:45:00+05:30,300.70001220703125,300.8999938964844,300.54998779296875,300.79998779296875,37007
2026-01-13 13:50:00+05:30,300.79998779296875,301.3500061035156,300.6499938964844,301.1499938964844,55329
2026-01-13 13:55:00+05:30,301.1499938964844,301.1499938964844,300.79998779296875,300.8999938964844,31350
2026-01-13 14:00:00+05:30,300.75,300.75,299.8500061035156,299.8999938964844,30108
2026-01-13 14:05:00+05:30,299.8999938964844,299.8999938964844,299.29998779296875,299.45001220703125,93639
2026-01-13 14:10:00+05:30,299.29998779296875,299.3999938964844,298.75,299.20001220703125,79617
2026-01-13 14:15:00+05:30,299.20001220703125,299.5,298.95001220703125,299.3500061035156,26775
2026-01-13 14:20:00+05:30,299.3500061035156,299.3500061035156,298.75,298.75,35340
2026-01-13 14:25:00+05:30,298.8999938964844,299.29998779296875,298.70001220703125,298.8500061035156,47346
2026-01-13 14:30:00+05:30,298.8999938964844,300.25,298.79998779296875,300.04998779296875,84170
2026-01-13 14:35:00+05:30,299.8500061035156,300.3500061035156,299.8500061035156,300.25,39846
2026-01-13 14:40:00+05:30,300.1499938964844,300.8999938964844,300.1000061035156,300.6499938964844,72595
2026-01-13 14:45:00+05:30,300.6499938964844,301.1499938964844,300.54998779296875,300.95001220703125,85330
2026-01-13 14:50:00+05:30,300.8500061035156,301.3500061035156,300.79998779296875,301.0,100817
2026-01-13 14:55:00+05:30,301.1000061035156,301.6000061035156,300.8999938964844,301.3500061035156,99747
2026-01-13 15:00:00+05:30,301.45001220703125,301.70001220703125,301.25,301.29998779296875,89247
2026-01-13 15:05:00+05:30,301.5,301.6499938964844,301.3500061035156,301.6499938964844,41458
2026-01-13 15:10:00+05:30,301.79998779296875,301.8999938964844,301.6000061035156,301.6499938964844,130867
2026-01-13 15:15:00+05:30,301.70001220703125,302.20001220703125,301.45001220703125,301.8500061035156,171533
2026-01-13 15:20:00+05:30,302.0,302.3500061035156,301.95001220703125,302.20001220703125,143875
2026-01-13 15:25:00+05:30,302.29998779296875,302.29998779296875,302.0,302.20001220703125,159381
2026-01-14 09:20:00+05:30,301.8999938964844,302.6000061035156,301.79998779296875,301.8999938964844,106598
2026-01-14 09:25:00+05:30,301.8500061035156,301.8999938964844,301.5,301.6000061035156,55492
2026-01-14 09:30:00+05:30,301.6499938964844,302.29998779296875,301.6499938964844,301.8999938964844,71844
2026-01-14 09:35:00+05:30,301.8500061035156,302.0,301.04998779296875,301.1000061035156,134643
2026-01-14 09:40:00+05:30,301.1000061035156,301.5,300.70001220703125,300.79998779296875,65140
2026-01-14 09:45:00+05:30,300.8500061035156,301.6000061035156,300.8500061035156,301.3500061035156,117053
2026-01-14 09:50:00+05:30,301.3500061035156,301.6499938964844,301.3500061035156,301.54998779296875,47524
2026-01-14 09:55:00+05:30,301.54998779296875,301.95001220703125,301.3999938964844,301.3999938964844,45220
2026-01-14 10:00:00+05:30,301.5,302.3500061035156,301.3500061035156,302.3500061035156,151888
2026-01-14 10:05:00+05:30,302.3500061035156,302.3500061035156,302.0,302.20001220703125,169580
2026-01-14 10:10:00+05:30,302.1499938964844,302.1499938964844,300.79998779296875,300.8999938964844,217087
2026-01-14 10:15:00+05:30,300.75,300.75,299.3500061035156,299.8500061035156,144099
2026-01-14 10:20:00+05:30,299.8500061035156,300.20001220703125,299.5,300.1000061035156,68656
2026-01-14 10:25:00+05:30,300.1499938964844,301.1000061035156,300.1000061035156,301.1000061035156,56885
2026-01-14 10:30:00+05:30,301.20001220703125,301.5,300.8500061035156,301.25,48253
2026-01-14 10:35:00+05:30,301.20001220703125,301.45001220703125,300.79998779296875,300.95001220703125,46504
2026-01-14 10:40:00+05:30,300.95001220703125,301.5,300.79998779296875,300.79998779296875,50418
2026-01-14 10:45:00+05:30,300.8999938964844,301.45001220703125,300.79998779296875,301.3999938964844,30214
2026-01-14 10:50:00+05:30,301.3999938964844,301.75,301.1000061035156,301.70001220703125,63906
2026-01-14 10:55:00+05:30,301.6499938964844,302.29998779296875,301.6000061035156,302.29998779296875,70375
2026-01-14 11:00:00+05:30,302.45001220703125,303.0,302.29998779296875,302.8500061035156,113754
2026-01-14 11:05:00+05:30,302.75,302.95001220703125,302.3999938964844,302.6499938964844,74978
2026-01-14 11:10:00+05:30,302.6499938964844,303.0,302.5,302.75,58960
2026-01-14 11:15:00+05:30,302.75,302.95001220703125,302.6499938964844,302.75,56774
2026-01-14 11:20:00+05:30,302.8500061035156,303.0,302.45001220703125,302.45001220703125,67017
2026-01-14 11:25:00+05:30,302.54998779296875,302.6000061035156,302.29998779296875,302.3500061035156,76428
2026-01-14 11:30:00+05:30,302.3500061035156,302.3999938964844,302.1499938964844,302.29998779296875,54410
2026-01-14 11:35:00+05:30,302.29998779296875,302.3999938964844,301.95001220703125,302.04998779296875,71951
2026-01-14 11:40:00+05:30,302.04998779296875,302.25,301.1499938964844,301.29998779296875,70689
2026-01-14 11:45:00+05:30,301.1000061035156,301.79998779296875,301.1000061035156,301.45001220703125,102541
2026-01-14 11:50:00+05:30,301.45001220703125,301.45001220703125,300.75,300.79998779296875,165720
2026-01-14 11:55:00+05:30,300.8500061035156,301.0,300.6499938964844,300.79998779296875,51585
2026-01-14 12:00:00+05:30,300.79998779296875,301.20001220703125,300.79998779296875,301.20001220703125,67557
2026-01-14 12:05:00+05:30,301.1499938964844,301.54998779296875,301.1499938964844,301.29998779296875,106561
2026-01-14 12:10:00+05:30,301.25,301.6499938964844,301.04998779296875,301.6499938964844,199683
2026-01-14 12:15:00+05:30,301.79998779296875,301.79998779296875,300.75,301.75,73013
2026-01-14 12:20:00+05:30,301.75,302.0,301.25,301.29998779296875,227132
2026-01-14 12:25:00+05:30,301.3999938964844,301.3999938964844,301.1499938964844,301.3500061035156,34518
2026-01-14 12:30:00+05:30,301.3500061035156,301.79998779296875,301.3500061035156,301.54998779296875,73178
2026-01-14 12:35:00+05:30,301.54998779296875,301.6499938964844,301.54998779296875,301.6000061035156,26631
2026-01-14 12:40:00+05:30,301.6499938964844,301.6499938964844,301.3500061035156,301.45001220703125,32671
2026-01-14 12:45:00+05:30,301.45001220703125,302.70001220703125,301.3500061035156,302.6000061035156,243327
2026-01-14 12:50:00+05:30,302.6499938964844,303.1499938964844,302.5,303.0,55537
2026-01-14 12:55:00+05:30,302.95001220703125,303.45001220703125,302.5,303.45001220703125,145770
2026-01-14 13:00:00+05:30,303.45001220703125,304.29998779296875,303.3999938964844,303.95001220703125,255397
2026-01-14 13:05:00+05:30,303.95001220703125,304.3999938964844,303.6000061035156,304.1499938964844,210800
2026-01-14 13:10:00+05:30,304.20001220703125,306.79998779296875,304.1499938964844,306.6000061035156,576457
2026-01-14 13:15:00+05:30,306.70001220703125,307.8999938964844,306.70001220703125,306.79998779296875,436896
2026-01-14 13:20:00+05:30,307.0,307.20001220703125,306.1000061035156,306.3999938964844,193212
2026-01-14 13:25:00+05:30,306.45001220703125,307.20001220703125,306.0,307.0,108648
2026-01-14 13:30:00+05:30,307.0,307.3999938964844,306.5,306.8500061035156,272612
2026-01-14 13:35:00+05:30,306.8500061035156,307.70001220703125,306.8500061035156,307.1499938964844,161573
2026-01-14 13:40:00+05:30,307.29998779296875,307.79998779296875,307.1000061035156,307.1000061035156,141319
2026-01-14 13:45:00+05:30,307.1499938964844,307.29998779296875,306.54998779296875,306.8999938964844,99762
2026-01-14 13:50:00+05:30,306.8999938964844,307.04998779296875,306.0,306.3999938964844,176134
2026-01-14 13:55:00+05:30,306.29998779296875,306.6000061035156,305.8999938964844,306.5,108442
2026-01-14 14:00:00+05:30,306.54998779296875,307.20001220703125,306.54998779296875,306.6000061035156,103049
2026-01-14 14:05:00+05:30,306.6000061035156,306.8999938964844,306.25,306.25,109246
2026-01-14 14:10:00+05:30,306.3500061035156,306.8999938964844,305.8500061035156,306.70001220703125,264512
2026-01-14 14:15:00+05:30,306.70001220703125,306.75,306.0,306.3999938964844,119095
2026-01-14 14:20:00+05:30,306.29998779296875,306.8500061035156,305.8500061035156,306.45001220703125,441318
2026-01-14 14:25:00+05:30,306.3999938964844,306.5,305.79998779296875,305.95001220703125,287863
2026-01-14 14:30:00+05:30,305.95001220703125,306.25,305.6000061035156,306.20001220703125,126266
2026-01-14 14:35:00+05:30,306.25,306.54998779296875,306.04998779296875,306.3999938964844,116316
2026-01-14 14:40:00+05:30,306.3999938964844,306.95001220703125,306.3999938964844,306.8500061035156,116972
2026-01-14 14:45:00+05:30,307.0,307.20001220703125,306.95001220703125,306.95001220703125,115350
2026-01-14 14:50:00+05:30,307.1499938964844,308.29998779296875,307.0,307.95001220703125,339563
2026-01-14 14:55:00+05:30,307.79998779296875,308.1000061035156,307.54998779296875,307.6499938964844,183695
2026-01-14 15:00:00+05:30,307.5,307.75,307.1000061035156,307.45001220703125,216290
2026-01-14 15:05:00+05:30,307.45001220703125,307.8999938964844,307.3500061035156,307.75,211855
2026-01-14 15:10:00+05:30,307.8500061035156,308.1499938964844,307.54998779296875,307.95001220703125,290161
2026-01-14 15:15:00+05:30,307.95001220703125,308.0,307.5,307.6499938964844,384412
2026-01-14 15:20:00+05:30,307.70001220703125,307.95001220703125,307.54998779296875,307.95001220703125,329779
2026-01-14 15:25:00+05:30,307.8500061035156,307.95001220703125,307.5,307.8999938964844,449067
2026-01-16 09:20:00+05:30,310.70001220703125,310.70001220703125,309.75,309.75,403453
2026-01-16 09:25:00+05:30,309.6499938964844,310.04998779296875,309.1000061035156,309.25,210195
2026-01-16 09:30:00+05:30,309.20001220703125,309.54998779296875,308.70001220703125,309.54998779296875,227803
2026-01-16 09:35:00+05:30,309.5,310.70001220703125,309.29998779296875,310.0,455863
2026-01-16 09:40:00+05:30,309.95001220703125,311.95001220703125,309.8999938964844,311.95001220703125,467636
2026-01-16 09:45:00+05:30,311.8500061035156,313.20001220703125,311.8500061035156,312.29998779296875,666605
2026-01-16 09:50:00+05:30,312.45001220703125,313.1000061035156,312.29998779296875,312.75,336618
2026-01-16 09:55:00+05:30,312.75,312.8999938964844,312.45001220703125,312.5,141116
2026-01-16 10:00:00+05:30,312.5,313.29998779296875,312.45001220703125,312.8999938964844,322866
2026-01-16 10:05:00+05:30,312.95001220703125,312.95001220703125,312.3999938964844,312.5,425451
2026-01-16 10:10:00+05:30,312.5,312.5,311.8500061035156,312.04998779296875,232596
2026-01-16 10:15:00+05:30,312.04998779296875,312.25,311.8500061035156,312.0,180647
2026-01-16 10:20:00+05:30,312.0,313.0,311.8999938964844,312.95001220703125,157873
2026-01-16 10:25:00+05:30,313.0,313.04998779296875,312.3999938964844,312.75,118097
2026-01-16 10:30:00+05:30,312.70001220703125,312.75,312.45001220703125,312.6000061035156,97574
2026-01-16 10:35:00+05:30,312.6000061035156,312.79998779296875,312.1000061035156,312.25,130012
2026-01-16 10:40:00+05:30,312.25,312.45001220703125,311.1499938964844,311.20001220703125,249280
2026-01-16 10:45:00+05:30,311.20001220703125,311.70001220703125,311.0,311.6000061035156,221803
2026-01-16 10:50:00+05:30,311.6000061035156,312.0,311.54998779296875,311.75,133130
2026-01-16 10:55:00+05:30,311.70001220703125,312.0,311.54998779296875,311.6499938964844,98145
2026-01-16 11:00:00+05:30,311.70001220703125,311.79998779296875,311.25,311.3999938964844,141815
2026-01-16 11:05:00+05:30,311.70001220703125,312.25,311.70001220703125,312.20001220703125,445582
2026-01-16 11:10:00+05:30,312.1499938964844,312.5,312.04998779296875,312.5,79236
2026-01-16 11:15:00+05:30,312.3999938964844,312.5,312.1000061035156,312.45001220703125,309397
2026-01-16 11:20:00+05:30,312.3999938964844,312.45001220703125,311.95001220703125,312.3999938964844,358663
2026-01-16 11:25:00+05:30,312.3999938964844,312.79998779296875,312.20001220703125,312.70001220703125,369751
2026-01-16 11:30:00+05:30,312.79998779296875,313.20001220703125,311.8500061035156,311.8999938964844,429439
2026-01-16 11:35:00+05:30,311.75,312.0,311.3500061035156,311.6000061035156,137747
2026-01-16 11:40:00+05:30,311.6000061035156,312.0,311.6000061035156,311.6000061035156,105147
2026-01-16 11:45:00+05:30,311.75,311.95001220703125,311.25,311.3500061035156,131777
2026-01-16 11:50:00+05:30,311.3500061035156,311.54998779296875,311.25,311.25,126959
2026-01-16 11:55:00+05:30,311.25,311.25,311.0,311.0,177735
2026-01-16 12:00:00+05:30,311.0,311.3500061035156,311.0,311.04998779296875,301046
2026-01-16 12:05:00+05:30,311.04998779296875,311.25,309.8500061035156,310.04998779296875,901797
2026-01-16 12:10:00+05:30,310.04998779296875,310.54998779296875,310.0,310.1000061035156,522854
2026-01-16 12:15:00+05:30,309.3999938964844,309.70001220703125,308.6499938964844,308.6499938964844,325242
2026-01-16 12:20:00+05:30,308.75,308.8999938964844,308.1000061035156,308.1499938964844,312267
2026-01-16 12:25:00+05:30,308.20001220703125,308.3999938964844,307.79998779296875,308.1000061035156,263831
2026-01-16 12:30:00+05:30,308.1000061035156,309.04998779296875,307.8999938964844,308.8999938964844,131291
2026-01-16 12:35:00+05:30,308.8999938964844,308.8999938964844,307.95001220703125,308.5,284534
2026-01-16 12:40:00+05:30,308.5,308.75,308.1000061035156,308.6499938964844,83914
2026-01-16 12:45:00+05:30,308.70001220703125,308.70001220703125,308.20001220703125,308.29998779296875,84900
2026-01-16 12:50:00+05:30,308.3500061035156,308.54998779296875,308.25,308.45001220703125,44352
2026-01-16 12:55:00+05:30,308.5,308.5,307.3999938964844,307.3999938964844,197091
2026-01-16 13:00:00+05:30,307.54998779296875,307.54998779296875,307.1499938964844,307.25,144509
2026-01-16 13:05:00+05:30,307.20001220703125,307.6000061035156,307.04998779296875,307.3999938964844,65140
2026-01-16 13:10:00+05:30,307.29998779296875,307.70001220703125,307.20001220703125,307.3999938964844,131525
2026-01-16 13:15:00+05:30,307.45001220703125,307.75,307.3999938964844,307.6499938964844,67308
2026-01-16 13:20:00+05:30,307.6499938964844,307.75,306.95001220703125,307.0,215479
2026-01-16 13:25:00+05:30,307.0,307.0,306.54998779296875,307.0,140817
2026-01-16 13:30:00+05:30,307.1499938964844,308.1499938964844,307.1499938964844,307.8999938964844,110624
2026-01-16 13:35:00+05:30,308.0,308.1000061035156,307.70001220703125,307.95001220703125,66737
2026-01-16 13:40:00+05:30,307.8999938964844,308.0,307.3999938964844,307.79998779296875,65046
2026-01-16 13:45:00+05:30,307.79998779296875,308.29998779296875,307.5,307.79998779296875,121632
2026-01-16 13:50:00+05:30,307.79998779296875,308.0,307.3999938964844,307.45001220703125,80510
2026-01-16 13:55:00+05:30,307.5,307.6499938964844,307.1000061035156,307.29998779296875,85838
2026-01-16 14:00:00+05:30,307.3999938964844,307.3999938964844,306.29998779296875,306.29998779296875,134381
2026-01-16 14:05:00+05:30,306.29998779296875,306.79998779296875,306.29998779296875,306.5,67996
2026-01-16 14:10:00+05:30,306.29998779296875,306.79998779296875,306.29998779296875,306.70001220703125,81122
2026-01-16 14:15:00+05:30,306.6499938964844,306.8999938964844,306.5,306.8999938964844,89095
2026-01-16 14:20:00+05:30,306.8500061035156,307.04998779296875,306.54998779296875,306.95001220703125,128980
2026-01-16 14:25:00+05:30,306.8500061035156,307.1000061035156,306.29998779296875,306.29998779296875,87982
2026-01-16 14:30:00+05:30,306.3500061035156,306.6499938964844,306.1499938964844,306.1499938964844,111146
2026-01-16 14:35:00+05:30,306.1499938964844,307.5,306.1499938964844,307.3999938964844,125494
2026-01-16 14:40:00+05:30,307.3999938964844,307.6000061035156,307.29998779296875,307.45001220703125,88514
2026-01-16 14:45:00+05:30,307.3999938964844,308.0,307.3500061035156,307.79998779296875,120526
2026-01-16 14:50:00+05:30,307.79998779296875,308.29998779296875,307.6000061035156,308.25,139762
2026-01-16 14:55:00+05:30,308.25,308.45001220703125,308.04998779296875,308.20001220703125,152324
2026-01-16 15:00:00+05:30,307.8500061035156,308.3999938964844,307.8500061035156,308.3999938964844,216168
2026-01-16 15:05:00+05:30,308.29998779296875,308.70001220703125,308.20001220703125,308.70001220703125,198445
2026-01-16 15:10:00+05:30,308.45001220703125,308.70001220703125,308.20001220703125,308.29998779296875,356634
2026-01-16 15:15:00+05:30,308.25,308.5,308.1000061035156,308.20001220703125,298878
2026-01-16 15:20:00+05:30,308.20001220703125,308.3999938964844,307.95001220703125,308.1499938964844,343586
2026-01-16 15:25:00+05:30,308.1000061035156,308.1499938964844,307.45001220703125,307.75,366951
2026-01-19 09:20:00+05:30,307.5,307.8500061035156,307.0,307.6499938964844,205190
2026-01-19 09:25:00+05:30,307.45001220703125,307.6000061035156,305.79998779296875,305.79998779296875,195604
2026-01-19 09:30:00+05:30,306.0,306.5,305.45001220703125,305.75,219427
2026-01-19 09:35:00+05:30,305.95001220703125,307.04998779296875,305.8999938964844,306.6499938964844,119293
2026-01-19 09:40:00+05:30,306.8500061035156,306.8999938964844,305.6000061035156,306.1000061035156,124446
2026-01-19 09:45:00+05:30,305.75,306.1000061035156,305.0,305.1499938964844,211739
2026-01-19 09:50:00+05:30,305.20001220703125,305.95001220703125,304.6000061035156,304.70001220703125,168204
2026-01-19 09:55:00+05:30,304.75,305.79998779296875,304.75,305.75,113179
2026-01-19 10:00:00+05:30,305.79998779296875,306.29998779296875,305.29998779296875,306.25,71502
2026-01-19 10:05:00+05:30,306.29998779296875,307.6000061035156,306.1499938964844,307.6000061035156,122159
2026-01-19 10:10:00+05:30,307.6499938964844,307.8999938964844,307.04998779296875,307.6000061035156,146976
2026-01-19 10:15:00+05:30,307.6000061035156,309.1499938964844,307.54998779296875,309.1000061035156,309633
2026-01-19 10:20:00+05:30,309.04998779296875,309.1499938964844,308.04998779296875,308.20001220703125,131360
2026-01-19 10:25:00+05:30,308.20001220703125,308.20001220703125,307.45001220703125,308.04998779296875,106627
2026-01-19 10:30:00+05:30,308.0,308.1000061035156,307.6000061035156,308.0,84376
2026-01-19 10:35:00+05:30,307.95001220703125,307.95001220703125,306.1499938964844,306.1499938964844,135614
2026-01-19 10:40:00+05:30,306.1000061035156,306.8999938964844,306.0,306.0,90961
2026-01-19 10:45:00+05:30,306.0,306.20001220703125,305.70001220703125,306.1000061035156,69937
2026-01-19 10:50:00+05:30,306.0,306.6000061035156,306.0,306.3999938964844,37102
2026-01-19 10:55:00+05:30,306.45001220703125,306.45001220703125,305.6499938964844,305.79998779296875,69347
2026-01-19 11:00:00+05:30,305.79998779296875,306.3500061035156,305.70001220703125,306.1499938964844,46211
2026-01-19 11:05:00+05:30,306.1000061035156,306.1499938964844,305.6000061035156,305.6000061035156,63332
2026-01-19 11:10:00+05:30,305.6000061035156,305.79998779296875,305.3999938964844,305.75,35245
2026-01-19 11:15:00+05:30,308.25,308.25,305.54998779296875,305.8500061035156,33200
2026-01-19 11:20:00+05:30,305.70001220703125,306.8999938964844,305.70001220703125,306.5,85444
2026-01-19 11:25:00+05:30,306.3500061035156,306.6000061035156,306.25,306.3500061035156,36567
2026-01-19 11:30:00+05:30,306.3500061035156,306.6499938964844,305.8500061035156,306.45001220703125,84497
2026-01-19 11:35:00+05:30,306.3999938964844,306.79998779296875,306.25,306.6000061035156,37316
2026-01-19 11:40:00+05:30,306.75,306.75,305.25,305.5,271477
2026-01-19 11:45:00+05:30,305.45001220703125,305.54998779296875,304.8500061035156,305.29998779296875,250712
2026-01-19 11:50:00+05:30,305.20001220703125,305.6000061035156,304.6499938964844,305.3500061035156,265307
2026-01-19 11:55:00+05:30,305.29998779296875,305.45001220703125,304.5,304.6499938964844,90124
2026-01-19 12:00:00+05:30,304.6499938964844,304.79998779296875,304.29998779296875,304.79998779296875,77853
2026-01-19 12:05:00+05:30,304.79998779296875,305.5,304.79998779296875,305.3999938964844,126589
2026-01-19 12:10:00+05:30,305.3500061035156,305.8999938964844,305.20001220703125,305.8500061035156,232875
2026-01-19 12:15:00+05:30,305.79998779296875,306.70001220703125,305.79998779296875,305.8999938964844,110845
2026-01-19 12:20:00+05:30,305.95001220703125,306.1000061035156,305.79998779296875,306.0,49656
2026-01-19 12:25:00+05:30,306.0,306.3999938964844,306.0,306.29998779296875,34486
2026-01-19 12:30:00+05:30,306.29998779296875,306.3999938964844,305.95001220703125,306.1000061035156,149232
2026-01-19 12:35:00+05:30,306.1499938964844,306.6000061035156,305.8500061035156,306.0,323914
2026-01-19 12:40:00+05:30,306.0,306.45001220703125,305.95001220703125,306.25,66754
2026-01-19 12:45:00+05:30,306.25,306.25,305.6000061035156,305.8999938964844,67198
2026-01-19 12:50:00+05:30,305.79998779296875,306.0,305.79998779296875,305.8999938964844,67603
2026-01-19 12:55:00+05:30,305.8999938964844,305.95001220703125,305.5,305.70001220703125,57042
2026-01-19 13:00:00+05:30,305.70001220703125,305.8999938964844,305.3999938964844,305.3999938964844,46842
2026-01-19 13:05:00+05:30,305.54998779296875,306.0,305.45001220703125,305.79998779296875,34760
2026-01-19 13:10:00+05:30,305.79998779296875,306.0,305.3999938964844,305.95001220703125,51425
2026-01-19 13:15:00+05:30,305.95001220703125,306.0,305.8999938964844,306.0,29637
2026-01-19 13:20:00+05:30,306.0,306.3500061035156,306.0,306.0,127540
2026-01-19 13:25:00+05:30,306.0,306.20001220703125,306.0,306.20001220703125,30732
2026-01-19 13:30:00+05:30,306.1499938964844,306.3999938964844,306.0,306.0,61146
2026-01-19 13:35:00+05:30,306.1000061035156,306.1499938964844,305.79998779296875,305.95001220703125,110480
2026-01-19 13:40:00+05:30,306.0,306.79998779296875,305.8999938964844,306.79998779296875,55800
2026-01-19 13:45:00+05:30,306.6499938964844,306.8500061035156,306.45001220703125,306.8500061035156,49427
2026-01-19 13:50:00+05:30,306.79998779296875,307.75,305.1000061035156,305.29998779296875,235627
2026-01-19 13:55:00+05:30,305.3500061035156,306.6000061035156,304.8500061035156,306.3500061035156,343070
2026-01-19 14:00:00+05:30,306.45001220703125,306.8500061035156,305.3500061035156,305.70001220703125,96789
2026-01-19 14:05:00+05:30,305.70001220703125,306.45001220703125,305.45001220703125,306.25,206786
2026-01-19 14:10:00+05:30,306.3500061035156,306.70001220703125,305.75,306.29998779296875,115464
2026-01-19 14:15:00+05:30,306.3500061035156,307.29998779296875,306.04998779296875,307.1499938964844,251307
2026-01-19 14:20:00+05:30,307.04998779296875,307.1499938964844,306.20001220703125,306.54998779296875,73306
2026-01-19 14:25:00+05:30,306.54998779296875,306.54998779296875,305.8999938964844,306.20001220703125,60365
2026-01-19 14:30:00+05:30,306.20001220703125,306.3999938964844,306.0,306.20001220703125,59460
2026-01-19 14:35:00+05:30,306.20001220703125,306.79998779296875,306.0,306.75,39056
2026-01-19 14:40:00+05:30,306.70001220703125,307.1499938964844,306.70001220703125,307.1000061035156,68879
2026-01-19 14:45:00+05:30,307.1499938964844,307.45001220703125,306.8999938964844,307.20001220703125,101887
2026-01-19 14:50:00+05:30,307.20001220703125,307.6499938964844,307.1000061035156,307.6000061035156,101221
2026-01-19 14:55:00+05:30,307.6000061035156,307.8999938964844,307.3999938964844,307.8999938964844,152475
2026-01-19 15:00:00+05:30,307.95001220703125,308.1000061035156,307.3999938964844,307.6000061035156,106533
2026-01-19 15:05:00+05:30,307.6000061035156,307.75,307.29998779296875,307.54998779296875,179954
2026-01-19 15:10:00+05:30,307.54998779296875,307.6000061035156,307.29998779296875,307.3999938964844,85695
2026-01-19 15:15:00+05:30,307.3999938964844,307.3999938964844,306.70001220703125,306.75,235235
2026-01-19 15:20:00+05:30,306.75,307.25,306.6499938964844,307.1000061035156,221054
2026-01-19 15:25:00+05:30,307.25,307.5,306.20001220703125,307.5,177858
2026-01-20 09:20:00+05:30,309.75,310.04998779296875,308.1499938964844,308.29998779296875,294894
2026-01-20 09:25:00+05:30,308.25,308.3999938964844,307.45001220703125,307.6000061035156,209248
2026-01-20 09:30:00+05:30,307.6000061035156,307.70001220703125,306.6499938964844,306.6499938964844,135915
2026-01-20 09:35:00+05:30,306.5,306.6499938964844,305.0,305.5,179290
2026-01-20 09:40:00+05:30,305.3500061035156,305.70001220703125,304.45001220703125,304.45001220703125,170001
2026-01-20 09:45:00+05:30,304.5,304.95001220703125,304.0,304.29998779296875,93654
2026-01-20 09:50:00+05:30,304.29998779296875,305.1499938964844,303.70001220703125,303.95001220703125,132991
2026-01-20 09:55:00+05:30,303.95001220703125,304.3500061035156,302.8500061035156,302.8500061035156,192693
2026-01-20 10:00:00+05:30,303.20001220703125,304.20001220703125,303.04998779296875,304.1000061035156,348421
2026-01-20 10:05:00+05:30,304.04998779296875,304.6499938964844,303.3999938964844,303.45001220703125,117320
2026-01-20 10:10:00+05:30,303.70001220703125,304.75,303.6000061035156,304.20001220703125,116812
2026-01-20 10:15:00+05:30,304.0,304.54998779296875,303.70001220703125,303.75,66865
2026-01-20 10:20:00+05:30,303.70001220703125,304.3500061035156,303.20001220703125,303.3500061035156,101396
2026-01-20 10:25:00+05:30,303.3500061035156,303.6000061035156,302.5,302.79998779296875,114956
2026-01-20 10:30:00+05:30,302.8500061035156,303.04998779296875,302.6000061035156,302.79998779296875,40699
2026-01-20 10:35:00+05:30,302.79998779296875,304.0,302.75,303.79998779296875,57202
2026-01-20 10:40:00+05:30,303.79998779296875,304.54998779296875,303.79998779296875,304.1499938964844,129380
2026-01-20 10:45:00+05:30,304.25,304.29998779296875,303.8500061035156,304.1499938964844,35978
2026-01-20 10:50:00+05:30,304.20001220703125,304.79998779296875,304.0,304.3999938964844,44376
2026-01-20 10:55:00+05:30,304.45001220703125,304.54998779296875,303.95001220703125,304.20001220703125,32448
2026-01-20 11:00:00+05:30,304.3500061035156,304.70001220703125,304.0,304.45001220703125,59630
2026-01-20 11:05:00+05:30,304.25,304.25,303.04998779296875,303.04998779296875,112110
2026-01-20 11:10:00+05:30,303.04998779296875,303.25,302.5,303.20001220703125,96709
2026-01-20 11:15:00+05:30,303.20001220703125,304.04998779296875,303.20001220703125,303.54998779296875,100713
2026-01-20 11:20:00+05:30,303.54998779296875,304.1000061035156,303.54998779296875,304.1000061035156,48457
2026-01-20 11:25:00+05:30,304.1000061035156,304.5,303.20001220703125,303.25,49975
2026-01-20 11:30:00+05:30,303.25,303.6000061035156,303.0,303.45001220703125,69335
2026-01-20 11:35:00+05:30,303.45001220703125,303.75,303.29998779296875,303.3500061035156,24493
2026-01-20 11:40:00+05:30,303.3500061035156,303.45001220703125,303.04998779296875,303.25,34090
2026-01-20 11:45:00+05:30,303.3999938964844,304.1000061035156,303.25,304.04998779296875,72783
2026-01-20 11:50:00+05:30,304.1499938964844,304.95001220703125,304.04998779296875,304.8999938964844,96606
2026-01-20 11:55:00+05:30,304.8999938964844,304.8999938964844,304.5,304.54998779296875,43851
2026-01-20 12:00:00+05:30,304.54998779296875,304.6499938964844,304.25,304.45001220703125,38465
2026-01-20 12:05:00+05:30,304.45001220703125,304.45001220703125,303.1000061035156,303.1000061035156,347436
2026-01-20 12:10:00+05:30,303.04998779296875,304.0,303.04998779296875,303.8500061035156,266827
2026-01-20 12:15:00+05:30,303.8500061035156,304.1499938964844,302.8500061035156,302.8999938964844,72253
2026-01-20 12:20:00+05:30,302.8999938964844,303.25,302.75,303.1499938964844,59248
2026-01-20 12:25:00+05:30,303.1499938964844,303.45001220703125,302.95001220703125,303.20001220703125,52080
2026-01-20 12:30:00+05:30,303.0,303.1499938964844,302.04998779296875,302.29998779296875,120205
2026-01-20 12:35:00+05:30,302.29998779296875,302.54998779296875,302.04998779296875,302.3999938964844,78751
2026-01-20 12:40:00+05:30,302.3999938964844,302.6000061035156,302.1000061035156,302.25,33810
2026-01-20 12:45:00+05:30,302.1000061035156,302.5,302.1000061035156,302.29998779296875,41848
2026-01-20 12:50:00+05:30,302.29998779296875,303.20001220703125,302.29998779296875,303.04998779296875,43810
2026-01-20 12:55:00+05:30,302.8500061035156,303.20001220703125,302.70001220703125,303.1000061035156,35782
2026-01-20 13:00:00+05:30,303.20001220703125,303.20001220703125,302.95001220703125,303.1499938964844,14953
2026-01-20 13:05:00+05:30,303.20001220703125,303.25,302.54998779296875,302.70001220703125,36967
2026-01-20 13:10:00+05:30,302.54998779296875,302.79998779296875,302.54998779296875,302.6499938964844,16203
2026-01-20 13:15:00+05:30,302.6000061035156,302.70001220703125,302.20001220703125,302.25,41260
2026-01-20 13:20:00+05:30,302.25,303.0,302.25,303.0,27965
2026-01-20 13:25:00+05:30,302.95001220703125,303.1000061035156,302.25,302.25,38079
2026-01-20 13:30:00+05:30,302.29998779296875,302.3999938964844,301.5,301.70001220703125,99082
2026-01-20 13:35:00+05:30,301.70001220703125,301.95001220703125,301.6499938964844,301.6499938964844,33100
2026-01-20 13:40:00+05:30,301.70001220703125,301.8500061035156,301.20001220703125,301.75,92801
2026-01-20 13:45:00+05:30,301.75,301.8500061035156,301.3500061035156,301.3500061035156,23312
2026-01-20 13:50:00+05:30,301.3500061035156,301.45001220703125,301.1499938964844,301.29998779296875,45792
2026-01-20 13:55:00+05:30,301.29998779296875,301.29998779296875,300.6499938964844,301.1000061035156,105627
2026-01-20 14:00:00+05:30,301.1000061035156,301.45001220703125,300.6000061035156,301.45001220703125,121817
2026-01-20 14:05:00+05:30,301.3500061035156,301.3500061035156,300.3500061035156,300.5,72997
2026-01-20 14:10:00+05:30,300.6000061035156,300.70001220703125,300.3500061035156,300.3999938964844,43463
2026-01-20 14:15:00+05:30,300.3999938964844,300.79998779296875,300.3999938964844,300.3999938964844,59186
2026-01-20 14:20:00+05:30,300.54998779296875,300.54998779296875,300.20001220703125,300.3500061035156,41788
2026-01-20 14:25:00+05:30,300.3999938964844,301.45001220703125,300.29998779296875,301.3999938964844,87738
2026-01-20 14:30:00+05:30,301.45001220703125,301.79998779296875,301.25,301.75,84309
2026-01-20 14:35:00+05:30,301.6499938964844,302.3999938964844,301.6499938964844,302.3999938964844,149291
2026-01-20 14:40:00+05:30,302.3500061035156,302.79998779296875,302.25,302.70001220703125,137518
2026-01-20 14:45:00+05:30,302.75,303.29998779296875,302.6499938964844,302.95001220703125,105106
2026-01-20 14:50:00+05:30,302.95001220703125,303.25,302.95001220703125,303.20001220703125,64638
2026-01-20 14:55:00+05:30,303.20001220703125,303.3500061035156,302.8999938964844,302.8999938964844,125547
2026-01-20 15:00:00+05:30,302.95001220703125,303.04998779296875,302.1000061035156,302.45001220703125,444310
2026-01-20 15:05:00+05:30,302.5,302.5,302.0,302.04998779296875,144873
2026-01-20 15:10:00+05:30,302.0,302.25,301.95001220703125,301.95001220703125,174829
2026-01-20 15:15:00+05:30,302.0,302.04998779296875,301.3500061035156,301.6000061035156,220833
2026-01-20 15:20:00+05:30,301.54998779296875,301.6499938964844,301.3999938964844,301.5,238485
2026-01-20 15:25:00+05:30,301.54998779296875,302.0,301.25,301.75,263566
2026-01-21 09:20:00+05:30,303.54998779296875,303.79998779296875,302.25,303.79998779296875,247714
2026-01-21 09:25:00+05:30,304.1000061035156,305.20001220703125,304.1000061035156,304.45001220703125,281599
2026-01-21 09:30:00+05:30,303.79998779296875,304.6000061035156,303.70001220703125,304.3999938964844,197904
2026-01-21 09:35:00+05:30,304.54998779296875,304.6499938964844,303.79998779296875,303.8999938964844,99317
2026-01-21 09:40:00+05:30,304.1000061035156,304.6000061035156,303.3500061035156,304.1499938964844,170235
2026-01-21 09:45:00+05:30,304.25,305.3999938964844,303.95001220703125,304.6499938964844,443171
2026-01-21 09:50:00+05:30,305.0,305.1499938964844,304.0,304.20001220703125,95013
2026-01-21 09:55:00+05:30,304.20001220703125,305.5,304.04998779296875,304.29998779296875,200991
2026-01-21 10:00:00+05:30,304.3999938964844,304.70001220703125,303.3999938964844,304.6499938964844,222827
2026-01-21 10:05:00+05:30,304.54998779296875,304.6499938964844,303.8500061035156,304.0,77409
2026-01-21 10:10:00+05:30,304.0,304.45001220703125,303.3500061035156,303.3500061035156,121049
2026-01-21 10:15:00+05:30,303.3999938964844,304.20001220703125,303.25,303.6499938964844,78566
2026-01-21 10:20:00+05:30,303.79998779296875,304.1499938964844,303.1499938964844,303.3999938964844,98012
2026-01-21 10:25:00+05:30,303.3500061035156,303.75,303.0,303.1000061035156,84138
2026-01-21 10:30:00+05:30,303.20001220703125,303.54998779296875,302.8999938964844,302.95001220703125,45150
2026-01-21 10:35:00+05:30,302.95001220703125,303.1000061035156,302.20001220703125,302.20001220703125,85918
2026-01-21 10:40:00+05:30,302.1499938964844,302.25,300.79998779296875,300.95001220703125,147510
2026-01-21 10:45:00+05:30,300.95001220703125,301.0,300.1499938964844,300.1499938964844,71516
2026-01-21 10:50:00+05:30,300.1000061035156,300.1000061035156,298.75,298.75,131738
2026-01-21 10:55:00+05:30,298.6000061035156,300.1499938964844,297.45001220703125,300.0,257037
2026-01-21 11:00:00+05:30,300.0,300.8500061035156,300.0,300.54998779296875,145438
2026-01-21 11:05:00+05:30,300.70001220703125,300.70001220703125,300.1499938964844,300.29998779296875,90824
2026-01-21 11:10:00+05:30,300.1499938964844,300.95001220703125,299.6499938964844,299.8500061035156,131379
2026-01-21 11:15:00+05:30,299.79998779296875,300.1499938964844,299.6000061035156,300.1499938964844,168489
2026-01-21 11:20:00+05:30,300.04998779296875,300.04998779296875,299.1000061035156,299.3500061035156,56040
2026-01-21 11:25:00+05:30,299.04998779296875,299.1000061035156,298.1499938964844,298.3500061035156,102134
2026-01-21 11:30:00+05:30,298.3999938964844,299.1000061035156,298.3999938964844,298.45001220703125,39521
2026-01-21 11:35:00+05:30,298.45001220703125,298.79998779296875,298.0,298.04998779296875,41710
2026-01-21 11:40:00+05:30,298.1499938964844,298.5,298.0,298.0,40353
2026-01-21 11:45:00+05:30,298.1000061035156,298.75,297.75,297.8500061035156,45315
2026-01-21 11:50:00+05:30,297.70001220703125,298.0,297.5,297.75,49109
2026-01-21 11:55:00+05:30,297.79998779296875,298.79998779296875,297.75,298.45001220703125,34747
2026-01-21 12:00:00+05:30,298.5,299.6499938964844,298.20001220703125,299.6000061035156,63030
2026-01-21 12:05:00+05:30,299.6000061035156,299.79998779296875,299.1499938964844,299.75,44405
2026-01-21 12:10:00+05:30,299.75,299.75,299.1499938964844,299.6499938964844,106849
2026-01-21 12:15:00+05:30,299.6000061035156,299.95001220703125,299.45001220703125,299.6000061035156,58812
2026-01-21 12:20:00+05:30,299.6000061035156,299.8999938964844,299.3999938964844,299.6499938964844,45302
2026-01-21 12:25:00+05:30,299.70001220703125,299.70001220703125,298.5,298.75,57184
2026-01-21 12:30:00+05:30,298.70001220703125,299.6000061035156,298.6000061035156,299.5,105735
2026-01-21 12:35:00+05:30,299.5,299.8500061035156,299.3999938964844,299.75,26967
2026-01-21 12:40:00+05:30,299.75,300.0,299.3999938964844,299.6000061035156,48962
2026-01-21 12:45:00+05:30,299.6000061035156,301.5,299.6000061035156,301.45001220703125,251535
2026-01-21 12:50:00+05:30,301.3999938964844,301.5,300.8999938964844,301.1499938964844,83291
2026-01-21 12:55:00+05:30,301.04998779296875,301.29998779296875,300.6000061035156,301.29998779296875,47444
2026-01-21 13:00:00+05:30,301.3500061035156,302.29998779296875,301.25,302.0,95327
2026-01-21 13:05:00+05:30,302.04998779296875,302.04998779296875,301.29998779296875,301.45001220703125,41190
2026-01-21 13:10:00+05:30,301.1499938964844,301.20001220703125,300.70001220703125,301.04998779296875,50501
2026-01-21 13:15:00+05:30,301.1499938964844,301.45001220703125,300.6499938964844,301.3500061035156,51995
2026-01-21 13:20:00+05:30,301.3500061035156,301.3999938964844,300.95001220703125,300.95001220703125,28638
2026-01-21 13:25:00+05:30,301.0,301.0,300.75,300.79998779296875,22169
2026-01-21 13:30:00+05:30,300.75,301.5,300.29998779296875,300.29998779296875,177966
2026-01-21 13:35:00+05:30,300.29998779296875,300.70001220703125,299.70001220703125,300.1499938964844,62519
2026-01-21 13:40:00+05:30,300.1499938964844,300.1499938964844,299.20001220703125,299.3999938964844,55324
2026-01-21 13:45:00+05:30,299.45001220703125,299.54998779296875,299.1499938964844,299.20001220703125,44794
2026-01-21 13:50:00+05:30,299.25,299.45001220703125,298.79998779296875,298.79998779296875,40718
2026-01-21 13:55:00+05:30,298.8999938964844,298.95001220703125,298.45001220703125,298.45001220703125,32022
2026-01-21 14:00:00+05:30,298.45001220703125,298.70001220703125,297.79998779296875,298.0,91366
2026-01-21 14:05:00+05:30,298.0,298.04998779296875,297.6000061035156,297.6499938964844,54324
2026-01-21 14:10:00+05:30,297.6000061035156,298.0,297.5,297.75,48656
2026-01-21 14:15:00+05:30,297.6000061035156,298.6000061035156,297.3999938964844,298.25,104721
2026-01-21 14:20:00+05:30,298.25,298.3999938964844,297.5,297.70001220703125,45421
2026-01-21 14:25:00+05:30,297.79998779296875,297.79998779296875,297.3999938964844,297.3999938964844,30594
2026-01-21 14:30:00+05:30,297.5,298.0,297.3999938964844,297.79998779296875,150769
2026-01-21 14:35:00+05:30,297.70001220703125,298.3999938964844,297.70001220703125,298.3999938964844,68155
2026-01-21 14:40:00+05:30,298.3999938964844,298.79998779296875,298.20001220703125,298.79998779296875,78317
2026-01-21 14:45:00+05:30,298.6499938964844,299.04998779296875,298.6499938964844,299.04998779296875,63120
2026-01-21 14:50:00+05:30,299.04998779296875,299.5,298.95001220703125,299.45001220703125,63598
2026-01-21 14:55:00+05:30,299.45001220703125,299.5,298.8500061035156,299.04998779296875,102800
2026-01-21 15:00:00+05:30,298.6499938964844,299.6499938964844,298.6499938964844,299.6499938964844,112584
2026-01-21 15:05:00+05:30,299.5,299.5,299.0,299.0,63116
2026-01-21 15:10:00+05:30,299.0,299.3500061035156,298.6000061035156,298.6000061035156,97156
2026-01-21 15:15:00+05:30,298.5,299.25,298.5,299.1499938964844,170794
2026-01-21 15:20:00+05:30,299.1000061035156,299.20001220703125,298.95001220703125,299.04998779296875,142636
2026-01-21 15:25:00+05:30,299.1000061035156,299.5,298.8999938964844,298.8999938964844,187174
2026-01-22 09:20:00+05:30,304.1000061035156,306.25,304.1000061035156,305.79998779296875,343814
2026-01-22 09:25:00+05:30,305.6499938964844,306.20001220703125,305.45001220703125,306.0,160180
2026-01-22 09:30:00+05:30,306.0,306.75,305.8500061035156,306.45001220703125,245455
2026-01-22 09:35:00+05:30,306.45001220703125,306.95001220703125,306.3999938964844,306.95001220703125,113918
2026-01-22 09:40:00+05:30,307.1000061035156,307.29998779296875,306.45001220703125,307.25,379679
2026-01-22 09:45:00+05:30,307.25,307.95001220703125,306.8500061035156,307.5,268689
2026-01-22 09:50:00+05:30,307.5,307.75,306.95001220703125,307.1499938964844,82854
2026-01-22 09:55:00+05:30,307.04998779296875,307.04998779296875,306.6000061035156,306.70001220703125,119517
2026-01-22 10:00:00+05:30,306.70001220703125,306.8999938964844,306.1499938964844,306.45001220703125,78335
2026-01-22 10:05:00+05:30,306.45001220703125,306.8999938964844,306.45001220703125,306.54998779296875,35821
2026-01-22 10:10:00+05:30,306.5,306.8999938964844,306.3999938964844,306.8500061035156,42343
2026-01-22 10:15:00+05:30,306.79998779296875,306.95001220703125,305.70001220703125,305.75,125869
2026-01-22 10:20:00+05:30,305.75,306.20001220703125,305.6499938964844,305.8500061035156,58321
2026-01-22 10:25:00+05:30,306.0,306.45001220703125,305.8500061035156,306.04998779296875,46543
2026-01-22 10:30:00+05:30,306.0,306.45001220703125,304.75,306.45001220703125,161631
2026-01-22 10:35:00+05:30,306.54998779296875,306.75,305.6499938964844,305.8999938964844,49810
2026-01-22 10:40:00+05:30,305.8500061035156,306.29998779296875,305.70001220703125,306.0,48761
2026-01-22 10:45:00+05:30,306.0,306.0,305.79998779296875,305.8999938964844,44921
2026-01-22 10:50:00+05:30,305.8999938964844,306.04998779296875,305.6000061035156,305.8999938964844,118908
2026-01-22 10:55:00+05:30,305.8999938964844,306.0,305.20001220703125,305.3500061035156,45353
2026-01-22 11:00:00+05:30,305.20001220703125,305.5,305.0,305.3500061035156,62458
2026-01-22 11:05:00+05:30,305.3500061035156,305.5,304.1000061035156,304.79998779296875,245580
2026-01-22 11:10:00+05:30,304.79998779296875,305.29998779296875,304.54998779296875,304.95001220703125,56272
2026-01-22 11:15:00+05:30,304.79998779296875,305.20001220703125,304.79998779296875,305.0,39253
2026-01-22 11:20:00+05:30,305.0,305.29998779296875,304.3500061035156,304.3500061035156,212111
2026-01-22 11:25:00+05:30,304.3999938964844,304.6499938964844,303.8999938964844,303.8999938964844,66286
2026-01-22 11:30:00+05:30,303.79998779296875,304.1499938964844,303.6499938964844,304.1499938964844,71387
2026-01-22 11:35:00+05:30,304.1000061035156,304.1499938964844,303.8999938964844,303.8999938964844,68622
2026-01-22 11:40:00+05:30,303.8999938964844,304.0,303.3500061035156,303.54998779296875,43514
2026-01-22 11:45:00+05:30,303.54998779296875,303.75,303.20001220703125,303.75,66520
2026-01-22 11:50:00+05:30,303.6499938964844,304.1000061035156,303.6499938964844,304.1000061035156,34378
2026-01-22 11:55:00+05:30,304.1000061035156,304.1000061035156,303.70001220703125,303.75,42088
2026-01-22 12:00:00+05:30,303.79998779296875,304.8999938964844,303.54998779296875,304.1499938964844,266504
2026-01-22 12:05:00+05:30,304.1000061035156,304.25,303.95001220703125,304.25,318570
2026-01-22 12:10:00+05:30,303.8999938964844,304.6000061035156,303.8999938964844,304.45001220703125,55193
2026-01-22 12:15:00+05:30,304.45001220703125,304.79998779296875,304.20001220703125,304.79998779296875,34511
2026-01-22 12:20:00+05:30,304.75,305.04998779296875,304.5,304.75,56466
2026-01-22 12:25:00+05:30,304.75,305.3999938964844,304.54998779296875,305.29998779296875,48066
2026-01-22 12:30:00+05:30,305.45001220703125,305.45001220703125,305.20001220703125,305.45001220703125,29769
2026-01-22 12:35:00+05:30,305.45001220703125,305.5,304.1499938964844,304.1499938964844,130881
2026-01-22 12:40:00+05:30,304.25,304.79998779296875,303.95001220703125,304.70001220703125,209202
2026-01-22 12:45:00+05:30,304.70001220703125,305.04998779296875,304.6000061035156,304.8500061035156,51547
2026-01-22 12:50:00+05:30,304.8500061035156,305.0,304.6000061035156,304.8999938964844,21983
2026-01-22 12:55:00+05:30,304.8500061035156,304.8500061035156,304.45001220703125,304.54998779296875,31747
2026-01-22 13:00:00+05:30,304.54998779296875,304.70001220703125,304.25,304.54998779296875,32117
2026-01-22 13:05:00+05:30,304.54998779296875,304.70001220703125,304.3500061035156,304.3500061035156,25284
2026-01-22 13:10:00+05:30,304.45001220703125,304.45001220703125,303.6499938964844,304.0,73822
2026-01-22 13:15:00+05:30,303.8999938964844,304.29998779296875,303.79998779296875,304.25,189714
2026-01-22 13:20:00+05:30,304.5,304.79998779296875,304.1499938964844,304.79998779296875,194360
2026-01-22 13:25:00+05:30,304.70001220703125,305.20001220703125,304.6499938964844,305.1000061035156,53845
2026-01-22 13:30:00+05:30,305.04998779296875,305.5,304.79998779296875,305.45001220703125,40943
2026-01-22 13:35:00+05:30,305.45001220703125,305.6000061035156,305.1499938964844,305.29998779296875,53167
2026-01-22 13:40:00+05:30,305.29998779296875,305.3999938964844,305.1000061035156,305.3999938964844,22834
2026-01-22 13:45:00+05:30,305.3999938964844,305.95001220703125,305.29998779296875,305.95001220703125,40598
2026-01-22 13:50:00+05:30,305.8999938964844,306.45001220703125,305.8999938964844,306.04998779296875,79080
2026-01-22 13:55:00+05:30,306.1000061035156,306.5,306.04998779296875,306.1499938964844,48547
2026-01-22 14:00:00+05:30,306.1499938964844,306.5,306.0,306.04998779296875,52455
2026-01-22 14:05:00+05:30,306.1499938964844,306.29998779296875,305.8999938964844,306.1000061035156,40298
2026-01-22 14:10:00+05:30,306.1000061035156,306.29998779296875,306.0,306.20001220703125,36389
2026-01-22 14:15:00+05:30,306.1000061035156,306.25,305.6000061035156,305.6499938964844,50219
2026-01-22 14:20:00+05:30,305.70001220703125,306.1499938964844,305.70001220703125,306.0,31609
2026-01-22 14:25:00+05:30,305.95001220703125,306.1499938964844,305.79998779296875,306.1000061035156,28719
2026-01-22 14:30:00+05:30,306.1000061035156,306.45001220703125,306.1000061035156,306.45001220703125,38196
2026-01-22 14:35:00+05:30,306.3999938964844,306.5,305.3999938964844,306.04998779296875,56678
2026-01-22 14:40:00+05:30,306.1499938964844,306.20001220703125,305.1000061035156,305.25,58963
2026-01-22 14:45:00+05:30,305.20001220703125,305.6000061035156,304.75,304.79998779296875,64163
2026-01-22 14:50:00+05:30,304.79998779296875,305.20001220703125,304.6000061035156,304.75,85633
2026-01-22 14:55:00+05:30,304.79998779296875,305.5,304.79998779296875,305.5,63851
2026-01-22 15:00:00+05:30,305.54998779296875,305.54998779296875,304.75,305.04998779296875,118549
2026-01-22 15:05:00+05:30,305.04998779296875,305.3500061035156,304.95001220703125,305.25,95441
2026-01-22 15:10:00+05:30,305.29998779296875,305.54998779296875,305.04998779296875,305.1499938964844,110251
2026-01-22 15:15:00+05:30,305.1499938964844,305.45001220703125,305.1000061035156,305.25,140285
2026-01-22 15:20:00+05:30,305.25,305.70001220703125,305.1499938964844,305.54998779296875,197862
2026-01-22 15:25:00+05:30,305.45001220703125,305.54998779296875,305.0,305.0,148257
2026-01-23 09:20:00+05:30,302.29998779296875,302.3999938964844,301.45001220703125,301.8999938964844,198558
2026-01-23 09:25:00+05:30,302.0,302.95001220703125,302.0,302.75,65685
2026-01-23 09:30:00+05:30,302.79998779296875,303.1000061035156,302.20001220703125,302.70001220703125,56103
2026-01-23 09:35:00+05:30,302.8500061035156,303.54998779296875,302.3999938964844,303.1499938964844,63494
2026-01-23 09:40:00+05:30,303.1000061035156,303.29998779296875,302.04998779296875,302.1499938964844,55982
2026-01-23 09:45:00+05:30,302.04998779296875,303.1499938964844,302.0,302.0,87450
2026-01-23 09:50:00+05:30,302.04998779296875,302.95001220703125,302.04998779296875,302.5,50146
2026-01-23 09:55:00+05:30,302.5,302.5,301.79998779296875,302.20001220703125,82930
2026-01-23 10:00:00+05:30,302.29998779296875,302.3500061035156,301.6000061035156,301.75,104056
2026-01-23 10:05:00+05:30,301.95001220703125,302.75,301.95001220703125,302.3999938964844,45771
2026-01-23 10:10:00+05:30,302.29998779296875,302.8999938964844,302.20001220703125,302.25,207818
2026-01-23 10:15:00+05:30,302.1000061035156,302.70001220703125,302.1000061035156,302.3999938964844,52332
2026-01-23 10:20:00+05:30,302.29998779296875,302.3500061035156,301.8500061035156,302.1499938964844,44029
2026-01-23 10:25:00+05:30,302.1000061035156,303.0,301.95001220703125,303.0,68848
2026-01-23 10:30:00+05:30,303.0,303.8500061035156,302.8500061035156,303.1000061035156,151287
2026-01-23 10:35:00+05:30,303.1499938964844,303.6000061035156,303.04998779296875,303.5,66708
2026-01-23 10:40:00+05:30,303.6000061035156,303.6000061035156,302.8999938964844,303.1499938964844,72642
2026-01-23 10:45:00+05:30,303.20001220703125,303.5,302.3500061035156,302.79998779296875,146073
2026-01-23 10:50:00+05:30,302.79998779296875,303.29998779296875,302.6000061035156,303.20001220703125,207647
2026-01-23 10:55:00+05:30,303.20001220703125,303.20001220703125,302.8999938964844,303.04998779296875,37951
2026-01-23 11:00:00+05:30,303.04998779296875,303.04998779296875,302.54998779296875,302.6499938964844,34347
2026-01-23 11:05:00+05:30,302.6499938964844,303.1499938964844,302.6000061035156,303.0,32158
2026-01-23 11:10:00+05:30,303.1000061035156,303.3999938964844,303.1000061035156,303.20001220703125,38301
2026-01-23 11:15:00+05:30,303.04998779296875,303.1499938964844,302.70001220703125,302.75,47097
2026-01-23 11:20:00+05:30,302.75,303.0,302.20001220703125,302.8999938964844,42136
2026-01-23 11:25:00+05:30,302.8999938964844,302.95001220703125,302.75,302.75,34770
2026-01-23 11:30:00+05:30,302.70001220703125,302.70001220703125,302.20001220703125,302.3500061035156,47060
2026-01-23 11:35:00+05:30,302.1499938964844,302.3500061035156,301.6499938964844,301.8999938964844,159829
2026-01-23 11:40:00+05:30,301.8999938964844,302.20001220703125,301.6499938964844,302.0,40850
2026-01-23 11:45:00+05:30,301.95001220703125,302.04998779296875,301.6499938964844,301.70001220703125,35998
2026-01-23 11:50:00+05:30,301.6000061035156,302.20001220703125,301.6000061035156,301.8999938964844,44748
2026-01-23 11:55:00+05:30,301.8999938964844,302.0,301.04998779296875,301.1000061035156,90856
2026-01-23 12:00:00+05:30,301.04998779296875,301.1499938964844,300.70001220703125,301.1499938964844,79479
2026-01-23 12:05:00+05:30,301.1000061035156,301.1499938964844,300.95001220703125,301.1499938964844,33664
2026-01-23 12:10:00+05:30,301.1499938964844,301.1499938964844,300.04998779296875,300.70001220703125,154524
2026-01-23 12:15:00+05:30,300.70001220703125,301.45001220703125,300.54998779296875,301.45001220703125,85754
2026-01-23 12:20:00+05:30,301.5,301.8500061035156,301.3500061035156,301.6000061035156,163740
2026-01-23 12:25:00+05:30,301.70001220703125,301.70001220703125,301.20001220703125,301.29998779296875,80920
2026-01-23 12:30:00+05:30,301.29998779296875,301.3500061035156,300.20001220703125,300.54998779296875,106980
2026-01-23 12:35:00+05:30,300.6499938964844,300.8999938964844,300.54998779296875,300.75,30097
2026-01-23 12:40:00+05:30,300.75,300.75,299.70001220703125,300.1000061035156,429975
2026-01-23 12:45:00+05:30,300.1499938964844,300.5,299.6499938964844,299.8500061035156,94818
2026-01-23 12:50:00+05:30,299.95001220703125,299.95001220703125,299.6000061035156,299.8500061035156,32945
2026-01-23 12:55:00+05:30,299.8500061035156,299.8999938964844,298.79998779296875,298.8999938964844,87491
2026-01-23 13:00:00+05:30,298.8999938964844,299.1000061035156,298.6000061035156,298.79998779296875,103798
2026-01-23 13:05:00+05:30,299.0,299.0,298.20001220703125,298.20001220703125,94919
2026-01-23 13:10:00+05:30,298.29998779296875,298.3999938964844,297.70001220703125,298.1000061035156,118297
2026-01-23 13:15:00+05:30,298.04998779296875,298.45001220703125,297.8999938964844,298.3999938964844,56502
2026-01-23 13:20:00+05:30,298.25,298.5,298.0,298.1499938964844,60768
2026-01-23 13:25:00+05:30,298.54998779296875,298.6499938964844,298.25,298.25,50311
2026-01-23 13:30:00+05:30,298.3999938964844,298.3999938964844,297.5,298.20001220703125,61798
2026-01-23 13:35:00+05:30,298.25,298.6000061035156,297.6499938964844,297.70001220703125,116854
2026-01-23 13:40:00+05:30,297.70001220703125,298.04998779296875,297.6000061035156,298.0,55795
2026-01-23 13:45:00+05:30,297.8999938964844,298.0,297.75,297.8999938964844,39091
2026-01-23 13:50:00+05:30,297.95001220703125,298.3999938964844,297.79998779296875,298.3999938964844,47863
2026-01-23 13:55:00+05:30,298.3500061035156,298.45001220703125,297.8500061035156,298.0,34342
2026-01-23 14:00:00+05:30,298.0,298.04998779296875,297.70001220703125,297.8999938964844,46769
2026-01-23 14:05:00+05:30,297.95001220703125,297.95001220703125,297.0,297.3500061035156,82281
2026-01-23 14:10:00+05:30,297.3999938964844,297.3999938964844,296.6499938964844,297.04998779296875,79903
2026-01-23 14:15:00+05:30,297.1499938964844,297.6000061035156,297.04998779296875,297.1499938964844,64364
2026-01-23 14:20:00+05:30,297.1499938964844,297.20001220703125,296.29998779296875,296.54998779296875,70809
2026-01-23 14:25:00+05:30,296.3999938964844,296.8999938964844,296.1499938964844,296.45001220703125,83709
2026-01-23 14:30:00+05:30,296.5,297.75,296.5,297.70001220703125,76807
2026-01-23 14:35:00+05:30,297.6499938964844,298.0,297.20001220703125,297.45001220703125,59905
2026-01-23 14:40:00+05:30,297.29998779296875,297.8500061035156,297.29998779296875,297.3999938964844,49566
2026-01-23 14:45:00+05:30,297.6000061035156,297.6499938964844,296.75,296.75,82527
2026-01-23 14:50:00+05:30,296.70001220703125,296.79998779296875,295.8500061035156,296.6000061035156,115487
2026-01-23 14:55:00+05:30,296.79998779296875,297.25,296.79998779296875,296.79998779296875,75618
2026-01-23 15:00:00+05:30,296.8999938964844,297.6000061035156,296.5,297.20001220703125,174945
2026-01-23 15:05:00+05:30,297.20001220703125,297.6000061035156,297.04998779296875,297.20001220703125,184417
2026-01-23 15:10:00+05:30,296.95001220703125,297.20001220703125,296.54998779296875,296.95001220703125,242067
2026-01-23 15:15:00+05:30,297.0,297.1000061035156,294.6499938964844,295.3999938964844,420621
2026-01-23 15:20:00+05:30,295.25,295.79998779296875,295.1000061035156,295.3500061035156,398103
2026-01-23 15:25:00+05:30,295.45001220703125,296.3999938964844,295.20001220703125,296.1000061035156,327861
2026-01-27 09:20:00+05:30,297.8999938964844,298.1499938964844,297.0,298.1499938964844,207059
2026-01-27 09:25:00+05:30,298.0,298.8999938964844,298.0,298.75,222295
2026-01-27 09:30:00+05:30,298.75,298.95001220703125,298.29998779296875,298.6499938964844,199363
2026-01-27 09:35:00+05:30,298.3999938964844,299.75,298.3999938964844,299.75,125666
2026-01-27 09:40:00+05:30,299.6000061035156,299.79998779296875,298.8999938964844,299.3500061035156,126030
2026-01-27 09:45:00+05:30,299.3999938964844,300.20001220703125,299.3999938964844,299.5,130534
2026-01-27 09:50:00+05:30,299.5,299.8500061035156,299.20001220703125,299.45001220703125,158286
2026-01-27 09:55:00+05:30,299.3999938964844,299.70001220703125,298.79998779296875,299.3999938964844,93646
2026-01-27 10:00:00+05:30,299.3500061035156,299.79998779296875,299.3500061035156,299.70001220703125,60025
2026-01-27 10:05:00+05:30,299.6499938964844,299.75,299.1499938964844,299.54998779296875,68810
2026-01-27 10:10:00+05:30,299.6000061035156,299.79998779296875,299.1000061035156,299.79998779296875,59154
2026-01-27 10:15:00+05:30,299.75,300.0,299.29998779296875,299.29998779296875,92340
2026-01-27 10:20:00+05:30,299.29998779296875,299.5,299.1499938964844,299.20001220703125,123480
2026-01-27 10:25:00+05:30,299.20001220703125,299.3500061035156,299.04998779296875,299.1000061035156,51775
2026-01-27 10:30:00+05:30,299.25,299.45001220703125,298.79998779296875,299.04998779296875,161268
2026-01-27 10:35:00+05:30,299.20001220703125,299.6000061035156,299.20001220703125,299.5,34946
2026-01-27 10:40:00+05:30,299.45001220703125,299.45001220703125,297.70001220703125,297.79998779296875,135862
2026-01-27 10:45:00+05:30,297.70001220703125,298.3500061035156,297.6499938964844,298.3500061035156,57273
2026-01-27 10:50:00+05:30,298.3500061035156,298.3999938964844,297.8500061035156,298.04998779296875,72733
2026-01-27 10:55:00+05:30,298.1000061035156,298.25,297.79998779296875,298.04998779296875,174312
2026-01-27 11:00:00+05:30,298.04998779296875,298.6000061035156,298.0,298.6000061035156,70578
2026-01-27 11:05:00+05:30,298.45001220703125,298.70001220703125,298.04998779296875,298.3999938964844,70924
2026-01-27 11:10:00+05:30,298.3999938964844,298.54998779296875,298.20001220703125,298.3999938964844,49139
2026-01-27 11:15:00+05:30,298.3500061035156,299.25,298.20001220703125,299.0,95856
2026-01-27 11:20:00+05:30,299.0,299.1499938964844,298.79998779296875,298.79998779296875,55495
2026-01-27 11:25:00+05:30,298.8500061035156,299.04998779296875,298.8500061035156,299.0,36711
2026-01-27 11:30:00+05:30,299.0,299.3999938964844,299.0,299.20001220703125,60885
2026-01-27 11:35:00+05:30,299.20001220703125,299.5,298.8500061035156,299.45001220703125,74418
2026-01-27 11:40:00+05:30,299.45001220703125,299.8500061035156,299.3999938964844,299.75,141403
2026-01-27 11:45:00+05:30,299.6499938964844,299.79998779296875,299.3500061035156,299.54998779296875,49015
2026-01-27 11:50:00+05:30,299.54998779296875,299.54998779296875,299.1000061035156,299.20001220703125,63500
2026-01-27 11:55:00+05:30,299.1499938964844,299.5,299.0,299.45001220703125,47256
2026-01-27 12:00:00+05:30,299.45001220703125,299.5,299.20001220703125,299.20001220703125,54214
2026-01-27 12:05:00+05:30,299.20001220703125,299.3500061035156,299.1499938964844,299.25,25310
2026-01-27 12:10:00+05:30,299.3500061035156,299.3500061035156,298.8999938964844,299.29998779296875,60106
2026-01-27 12:15:00+05:30,299.20001220703125,299.29998779296875,298.29998779296875,298.5,111725
2026-01-27 12:20:00+05:30,298.6000061035156,299.0,298.5,298.8999938964844,95983
2026-01-27 12:25:00+05:30,298.8500061035156,298.8500061035156,298.3500061035156,298.3500061035156,74792
2026-01-27 12:30:00+05:30,298.3500061035156,298.95001220703125,298.1000061035156,298.6000061035156,59044
2026-01-27 12:35:00+05:30,298.8500061035156,298.8999938964844,298.29998779296875,298.6499938964844,48440
2026-01-27 12:40:00+05:30,298.6499938964844,298.8500061035156,298.6499938964844,298.79998779296875,32726
2026-01-27 12:45:00+05:30,298.8500061035156,298.8500061035156,297.3500061035156,297.3999938964844,337838
2026-01-27 12:50:00+05:30,297.3500061035156,298.45001220703125,297.25,298.0,127885
2026-01-27 12:55:00+05:30,297.95001220703125,298.0,297.6000061035156,297.6000061035156,102913
2026-01-27 13:00:00+05:30,297.6499938964844,297.6499938964844,297.1000061035156,297.20001220703125,236493
2026-01-27 13:05:00+05:30,297.1000061035156,297.25,296.6499938964844,296.70001220703125,134842
2026-01-27 13:10:00+05:30,296.6499938964844,296.95001220703125,296.3999938964844,296.79998779296875,86973
2026-01-27 13:15:00+05:30,296.8999938964844,297.1499938964844,296.8500061035156,297.1499938964844,150879
2026-01-27 13:20:00+05:30,297.1000061035156,297.70001220703125,297.0,297.3500061035156,67510
2026-01-27 13:25:00+05:30,297.29998779296875,298.0,297.29998779296875,298.0,239352
2026-01-27 13:30:00+05:30,298.0,298.0,297.6000061035156,297.70001220703125,111400
2026-01-27 13:35:00+05:30,297.70001220703125,297.8999938964844,297.54998779296875,297.6000061035156,179860
2026-01-27 13:40:00+05:30,297.6499938964844,298.6000061035156,297.29998779296875,297.3500061035156,245478
2026-01-27 13:45:00+05:30,297.3500061035156,298.3500061035156,297.29998779296875,298.29998779296875,234071
2026-01-27 13:50:00+05:30,298.25,298.54998779296875,297.70001220703125,298.3999938964844,349443
2026-01-27 13:55:00+05:30,298.29998779296875,298.70001220703125,298.04998779296875,298.5,339168
2026-01-27 14:00:00+05:30,298.6000061035156,298.70001220703125,298.1499938964844,298.3500061035156,76014
2026-01-27 14:05:00+05:30,298.29998779296875,298.3999938964844,297.70001220703125,297.70001220703125,103094
2026-01-27 14:10:00+05:30,297.6499938964844,298.0,297.5,297.6499938964844,72970
2026-01-27 14:15:00+05:30,297.6499938964844,297.6499938964844,297.25,297.45001220703125,79648
2026-01-27 14:20:00+05:30,297.45001220703125,297.45001220703125,297.20001220703125,297.29998779296875,84464
2026-01-27 14:25:00+05:30,297.20001220703125,297.70001220703125,297.04998779296875,297.6000061035156,426012
2026-01-27 14:30:00+05:30,297.54998779296875,298.3999938964844,297.54998779296875,298.3500061035156,103331
2026-01-27 14:35:00+05:30,298.3500061035156,299.1000061035156,298.3500061035156,299.0,106665
2026-01-27 14:40:00+05:30,299.0,300.0,299.0,299.8500061035156,244693
2026-01-27 14:45:00+05:30,299.6499938964844,300.04998779296875,299.3500061035156,300.04998779296875,162290
2026-01-27 14:50:00+05:30,300.20001220703125,300.79998779296875,300.04998779296875,300.70001220703125,222668
2026-01-27 14:55:00+05:30,300.70001220703125,301.0,300.45001220703125,300.8500061035156,244596
2026-01-27 15:00:00+05:30,301.0,301.8500061035156,300.3999938964844,301.54998779296875,751020
2026-01-27 15:05:00+05:30,301.75,301.79998779296875,301.3999938964844,301.6000061035156,169236
2026-01-27 15:10:00+05:30,301.54998779296875,302.1000061035156,301.54998779296875,301.95001220703125,208980
2026-01-27 15:15:00+05:30,301.95001220703125,302.6000061035156,301.95001220703125,302.54998779296875,203297
2026-01-27 15:20:00+05:30,302.6000061035156,303.1499938964844,302.45001220703125,303.1000061035156,300978
2026-01-27 15:25:00+05:30,303.1499938964844,303.6000061035156,302.6000061035156,303.0,246242
2026-01-28 09:20:00+05:30,301.6000061035156,302.29998779296875,301.25,301.70001220703125,145809
2026-01-28 09:25:00+05:30,301.6499938964844,302.5,301.54998779296875,302.3999938964844,75132
2026-01-28 09:30:00+05:30,302.3999938964844,303.1000061035156,302.3500061035156,302.54998779296875,81558
2026-01-28 09:35:00+05:30,302.6499938964844,303.0,302.3500061035156,302.70001220703125,52523
2026-01-28 09:40:00+05:30,302.79998779296875,303.1000061035156,302.6499938964844,302.75,38327
2026-01-28 09:45:00+05:30,302.79998779296875,302.79998779296875,302.25,302.54998779296875,71057
2026-01-28 09:50:00+05:30,302.70001220703125,303.0,302.54998779296875,302.75,44419
2026-01-28 09:55:00+05:30,302.5,302.6499938964844,301.25,301.95001220703125,96437
2026-01-28 10:00:00+05:30,301.79998779296875,302.3999938964844,301.79998779296875,302.20001220703125,32976
2026-01-28 10:05:00+05:30,302.20001220703125,302.25,301.3999938964844,301.3999938964844,49396
2026-01-28 10:10:00+05:30,301.45001220703125,301.54998779296875,300.79998779296875,301.3999938964844,158705
2026-01-28 10:15:00+05:30,301.25,301.25,300.5,301.0,118850
2026-01-28 10:20:00+05:30,301.1499938964844,301.6499938964844,300.8500061035156,301.6499938964844,102006
2026-01-28 10:25:00+05:30,301.6499938964844,302.04998779296875,301.6499938964844,301.8500061035156,40271
2026-01-28 10:30:00+05:30,301.8500061035156,301.8500061035156,301.3999938964844,301.3999938964844,32103
2026-01-28 10:35:00+05:30,301.54998779296875,302.3500061035156,301.45001220703125,302.3500061035156,38572
2026-01-28 10:40:00+05:30,302.3500061035156,302.3999938964844,301.70001220703125,301.79998779296875,182645
2026-01-28 10:45:00+05:30,301.79998779296875,302.29998779296875,301.79998779296875,302.1499938964844,127577
2026-01-28 10:50:00+05:30,302.20001220703125,302.75,301.95001220703125,302.70001220703125,408510
2026-01-28 10:55:00+05:30,302.3500061035156,302.6000061035156,302.1499938964844,302.5,604845
2026-01-28 11:00:00+05:30,302.3500061035156,302.95001220703125,301.70001220703125,302.8999938964844,192271
2026-01-28 11:05:00+05:30,302.8500061035156,303.20001220703125,302.3999938964844,302.45001220703125,140444
2026-01-28 11:10:00+05:30,302.45001220703125,302.54998779296875,302.1000061035156,302.29998779296875,145959
2026-01-28 11:15:00+05:30,302.45001220703125,304.45001220703125,302.45001220703125,304.20001220703125,424841
2026-01-28 11:20:00+05:30,304.1000061035156,304.1000061035156,303.25,303.8500061035156,95740
2026-01-28 11:25:00+05:30,303.70001220703125,304.1499938964844,303.1499938964844,303.20001220703125,189437
2026-01-28 11:30:00+05:30,303.25,303.25,302.6499938964844,302.95001220703125,101849
2026-01-28 11:35:00+05:30,303.0,303.0,302.6499938964844,302.8500061035156,72129
2026-01-28 11:40:00+05:30,302.8500061035156,303.04998779296875,302.75,302.8500061035156,34363
2026-01-28 11:45:00+05:30,302.75,303.3500061035156,302.75,303.25,73125
2026-01-28 11:50:00+05:30,303.3500061035156,303.5,303.1000061035156,303.3500061035156,39173
2026-01-28 11:55:00+05:30,303.3500061035156,303.3500061035156,303.1000061035156,303.1499938964844,18685
2026-01-28 12:00:00+05:30,303.25,303.29998779296875,303.0,303.29998779296875,27912
2026-01-28 12:05:00+05:30,303.29998779296875,303.6000061035156,303.20001220703125,303.3999938964844,37940
2026-01-28 12:10:00+05:30,303.29998779296875,303.45001220703125,303.20001220703125,303.3500061035156,29704
2026-01-28 12:15:00+05:30,303.3999938964844,303.8500061035156,303.1000061035156,303.3500061035156,83239
2026-01-28 12:20:00+05:30,303.3500061035156,303.3999938964844,303.1000061035156,303.1000061035156,15305
2026-01-28 12:25:00+05:30,303.1499938964844,303.6499938964844,303.1000061035156,303.29998779296875,40152
2026-01-28 12:30:00+05:30,303.3999938964844,303.75,303.29998779296875,303.70001220703125,27654
2026-01-28 12:35:00+05:30,303.70001220703125,303.95001220703125,303.6000061035156,303.79998779296875,72365
2026-01-28 12:40:00+05:30,303.79998779296875,303.95001220703125,303.5,303.79998779296875,27792
2026-01-28 12:45:00+05:30,303.79998779296875,304.0,303.6499938964844,303.6499938964844,38708
2026-01-28 12:50:00+05:30,303.6499938964844,303.8500061035156,303.1499938964844,303.1499938964844,41547
2026-01-28 12:55:00+05:30,303.1499938964844,303.3999938964844,303.1499938964844,303.1499938964844,27932
2026-01-28 13:00:00+05:30,303.1499938964844,303.8500061035156,303.1499938964844,303.54998779296875,35884
2026-01-28 13:05:00+05:30,303.6000061035156,304.79998779296875,303.54998779296875,304.75,121190
2026-01-28 13:10:00+05:30,304.70001220703125,305.25,304.6499938964844,305.1499938964844,181866
2026-01-28 13:15:00+05:30,305.1499938964844,305.6499938964844,305.1499938964844,305.3999938964844,70904
2026-01-28 13:20:00+05:30,305.45001220703125,305.45001220703125,304.54998779296875,304.8500061035156,73337
2026-01-28 13:25:00+05:30,304.8500061035156,305.25,304.45001220703125,304.54998779296875,125600
2026-01-28 13:30:00+05:30,304.45001220703125,304.54998779296875,304.04998779296875,304.04998779296875,47855
2026-01-28 13:35:00+05:30,304.1499938964844,304.20001220703125,303.54998779296875,304.0,308334
2026-01-28 13:40:00+05:30,303.95001220703125,304.0,303.3500061035156,303.3999938964844,53395
2026-01-28 13:45:00+05:30,303.29998779296875,303.75,303.20001220703125,303.6000061035156,46906
2026-01-28 13:50:00+05:30,303.70001220703125,304.6000061035156,303.6000061035156,304.6000061035156,52194
2026-01-28 13:55:00+05:30,304.6499938964844,304.75,304.45001220703125,304.6499938964844,42716
2026-01-28 14:00:00+05:30,304.6499938964844,304.8500061035156,304.6000061035156,304.70001220703125,47684
2026-01-28 14:05:00+05:30,304.70001220703125,304.70001220703125,304.0,304.0,68796
2026-01-28 14:10:00+05:30,304.0,304.3500061035156,304.0,304.20001220703125,18942
2026-01-28 14:15:00+05:30,304.1000061035156,304.1499938964844,304.0,304.04998779296875,26668
2026-01-28 14:20:00+05:30,304.04998779296875,304.25,303.79998779296875,304.04998779296875,125330
2026-01-28 14:25:00+05:30,304.04998779296875,304.6499938964844,304.0,304.6000061035156,22202
2026-01-28 14:30:00+05:30,304.6000061035156,304.75,304.20001220703125,304.3500061035156,39936
2026-01-28 14:35:00+05:30,304.29998779296875,304.8500061035156,304.1000061035156,304.79998779296875,32162
2026-01-28 14:40:00+05:30,304.79998779296875,304.95001220703125,304.5,304.5,34472
2026-01-28 14:45:00+05:30,304.5,304.75,304.20001220703125,304.45001220703125,172863
2026-01-28 14:50:00+05:30,304.6000061035156,305.3500061035156,304.29998779296875,305.3500061035156,197698
2026-01-28 14:55:00+05:30,305.3500061035156,306.20001220703125,305.3500061035156,305.8999938964844,262164
2026-01-28 15:00:00+05:30,306.0,306.29998779296875,305.75,305.8999938964844,438605
2026-01-28 15:05:00+05:30,305.8999938964844,306.25,305.75,306.25,449244
2026-01-28 15:10:00+05:30,305.95001220703125,306.3500061035156,305.95001220703125,306.1000061035156,1433092
2026-01-28 15:15:00+05:30,306.1499938964844,306.3999938964844,306.1499938964844,306.29998779296875,170858
2026-01-28 15:20:00+05:30,306.3500061035156,306.45001220703125,306.25,306.25,209838
2026-01-28 15:25:00+05:30,306.29998779296875,306.3999938964844,306.1000061035156,306.1499938964844,293913
2026-01-29 09:15:00+05:30,307.0,307.3999938964844,305.75,305.75,487778
2026-01-29 09:20:00+05:30,305.75,307.25,305.6000061035156,307.0,253668
2026-01-29 09:25:00+05:30,307.0,307.6000061035156,306.8500061035156,307.3500061035156,259296
2026-01-29 09:30:00+05:30,307.25,307.25,306.54998779296875,306.75,138173
2026-01-29 09:35:00+05:30,306.79998779296875,306.79998779296875,306.29998779296875,306.79998779296875,85363
2026-01-29 09:40:00+05:30,306.79998779296875,307.5,306.6499938964844,307.04998779296875,183368
2026-01-29 09:45:00+05:30,307.1000061035156,308.8999938964844,306.8500061035156,308.8999938964844,283486
2026-01-29 09:50:00+05:30,308.79998779296875,309.25,307.5,307.6000061035156,544961
2026-01-29 09:55:00+05:30,307.6000061035156,307.79998779296875,306.8999938964844,307.5,307670
2026-01-29 10:00:00+05:30,307.79998779296875,308.0,306.6499938964844,306.8500061035156,145475
2026-01-29 10:05:00+05:30,306.8500061035156,307.04998779296875,306.0,306.1000061035156,221792
2026-01-29 10:10:00+05:30,306.04998779296875,306.20001220703125,305.3500061035156,305.6000061035156,201615
2026-01-29 10:15:00+05:30,305.6000061035156,306.3500061035156,305.5,306.1000061035156,116987
2026-01-29 10:20:00+05:30,306.1000061035156,306.25,305.20001220703125,305.79998779296875,100342
2026-01-29 10:25:00+05:30,305.8500061035156,305.8500061035156,304.95001220703125,305.3999938964844,89289
2026-01-29 10:30:00+05:30,305.45001220703125,306.0,305.29998779296875,305.75,64251
2026-01-29 10:35:00+05:30,305.75,306.1499938964844,305.29998779296875,305.3500061035156,89413
2026-01-29 10:40:00+05:30,305.3500061035156,305.5,305.1000061035156,305.25,46750
2026-01-29 10:45:00+05:30,305.1000061035156,305.75,305.1000061035156,305.3999938964844,43247
2026-01-29 10:50:00+05:30,305.3999938964844,305.8999938964844,305.3500061035156,305.8999938964844,71793
2026-01-29 10:55:00+05:30,306.04998779296875,306.1499938964844,305.5,305.54998779296875,132402
2026-01-29 11:00:00+05:30,305.70001220703125,305.95001220703125,305.5,305.95001220703125,87771
2026-01-29 11:05:00+05:30,305.95001220703125,306.5,305.75,306.3500061035156,123999
2026-01-29 11:10:00+05:30,306.29998779296875,306.70001220703125,306.20001220703125,306.6499938964844,63939
2026-01-29 11:15:00+05:30,306.75,306.8999938964844,306.6000061035156,306.70001220703125,70380
2026-01-29 11:20:00+05:30,306.6499938964844,306.79998779296875,306.3500061035156,306.70001220703125,31957
2026-01-29 11:25:00+05:30,306.5,306.5,305.8999938964844,306.1000061035156,59360
2026-01-29 11:30:00+05:30,306.1499938964844,306.3999938964844,305.95001220703125,306.1000061035156,53570
2026-01-29 11:35:00+05:30,306.1000061035156,306.20001220703125,305.3999938964844,305.3999938964844,55864
2026-01-29 11:40:00+05:30,305.45001220703125,305.45001220703125,305.04998779296875,305.04998779296875,65739
2026-01-29 11:45:00+05:30,305.1000061035156,305.20001220703125,304.79998779296875,304.8500061035156,108708
2026-01-29 11:50:00+05:30,304.8999938964844,305.0,304.70001220703125,304.70001220703125,38447
2026-01-29 11:55:00+05:30,304.6499938964844,304.8500061035156,304.6000061035156,304.75,56563
2026-01-29 12:00:00+05:30,304.75,304.79998779296875,304.29998779296875,304.29998779296875,66595
2026-01-29 12:05:00+05:30,304.29998779296875,304.3999938964844,302.95001220703125,303.5,272925
2026-01-29 12:10:00+05:30,303.5,303.54998779296875,303.20001220703125,303.20001220703125,90676
2026-01-29 12:15:00+05:30,302.75,303.0,302.20001220703125,302.75,173007
2026-01-29 12:20:00+05:30,302.79998779296875,303.3500061035156,302.6499938964844,303.29998779296875,86861
2026-01-29 12:25:00+05:30,303.29998779296875,303.79998779296875,303.20001220703125,303.70001220703125,80680
2026-01-29 12:30:00+05:30,303.6499938964844,303.8999938964844,303.6000061035156,303.75,65236
2026-01-29 12:35:00+05:30,303.75,303.8999938964844,303.5,303.6499938964844,42142
2026-01-29 12:40:00+05:30,303.70001220703125,303.70001220703125,303.04998779296875,303.1499938964844,54131
2026-01-29 12:45:00+05:30,303.04998779296875,303.45001220703125,302.95001220703125,303.20001220703125,39419
2026-01-29 12:50:00+05:30,303.20001220703125,303.6499938964844,303.1000061035156,303.54998779296875,45726
2026-01-29 12:55:00+05:30,303.6000061035156,304.0,303.6000061035156,303.75,70210
2026-01-29 13:00:00+05:30,303.70001220703125,304.0,302.6000061035156,302.8500061035156,262143
2026-01-29 13:05:00+05:30,302.79998779296875,303.3500061035156,302.25,302.8999938964844,182053
2026-01-29 13:10:00+05:30,303.1000061035156,303.45001220703125,302.75,303.0,78405
2026-01-29 13:15:00+05:30,303.1000061035156,303.1499938964844,301.8500061035156,302.1499938964844,218629
2026-01-29 13:20:00+05:30,301.95001220703125,303.1000061035156,301.95001220703125,303.1000061035156,103953
2026-01-29 13:25:00+05:30,303.20001220703125,303.8999938964844,303.1000061035156,303.5,64153
2026-01-29 13:30:00+05:30,303.5,305.54998779296875,303.5,305.54998779296875,172987
2026-01-29 13:35:00+05:30,305.3999938964844,305.5,303.70001220703125,304.1499938964844,564656
2026-01-29 13:40:00+05:30,304.0,304.6499938964844,303.8500061035156,304.29998779296875,91407
2026-01-29 13:45:00+05:30,304.3500061035156,305.1000061035156,304.3500061035156,304.79998779296875,170792
2026-01-29 13:50:00+05:30,304.8500061035156,305.0,304.25,305.0,48356
2026-01-29 13:55:00+05:30,305.1000061035156,305.29998779296875,304.54998779296875,304.95001220703125,94129
2026-01-29 14:00:00+05:30,305.0,305.0,303.8500061035156,303.8500061035156,326885
2026-01-29 14:05:00+05:30,303.8500061035156,304.3999938964844,303.3999938964844,304.3999938964844,203623
2026-01-29 14:10:00+05:30,304.3999938964844,304.8500061035156,304.0,304.1000061035156,390106
2026-01-29 14:15:00+05:30,304.0,304.29998779296875,303.8500061035156,303.8500061035156,63226
2026-01-29 14:20:00+05:30,303.75,303.8999938964844,303.1000061035156,303.29998779296875,61399
2026-01-29 14:25:00+05:30,303.29998779296875,303.5,303.25,303.3500061035156,47425
2026-01-29 14:30:00+05:30,303.3999938964844,303.3999938964844,303.04998779296875,303.1000061035156,80081
2026-01-29 14:35:00+05:30,303.04998779296875,303.29998779296875,302.45001220703125,303.1000061035156,142661
2026-01-29 14:40:00+05:30,303.1000061035156,303.3999938964844,302.54998779296875,302.6000061035156,173263
2026-01-29 14:45:00+05:30,302.79998779296875,303.6499938964844,302.6499938964844,303.54998779296875,139129
2026-01-29 14:50:00+05:30,303.54998779296875,303.6499938964844,302.75,303.0,141839
2026-01-29 14:55:00+05:30,303.0,303.0,302.3500061035156,302.8999938964844,206407
2026-01-29 15:00:00+05:30,303.3500061035156,303.5,302.6000061035156,303.0,1095161
2026-01-29 15:05:00+05:30,302.95001220703125,303.20001220703125,301.1000061035156,301.95001220703125,1135955
2026-01-29 15:10:00+05:30,301.8500061035156,302.5,301.3999938964844,302.3999938964844,1152493
2026-01-29 15:15:00+05:30,302.29998779296875,302.70001220703125,301.95001220703125,302.54998779296875,1285651
2026-01-29 15:20:00+05:30,302.5,303.20001220703125,302.04998779296875,303.1499938964844,1052806
2026-01-29 15:25:00+05:30,303.20001220703125,303.20001220703125,301.54998779296875,301.95001220703125,793660
2026-01-30 09:20:00+05:30,300.8999938964844,301.8500061035156,300.3500061035156,301.8500061035156,268465
2026-01-30 09:25:00+05:30,302.0,303.1499938964844,301.0,301.04998779296875,301176
2026-01-30 09:30:00+05:30,301.1000061035156,302.20001220703125,301.1000061035156,302.0,161829
2026-01-30 09:35:00+05:30,302.20001220703125,302.3500061035156,301.75,302.20001220703125,90869
2026-01-30 09:40:00+05:30,302.1499938964844,302.8500061035156,301.8999938964844,301.95001220703125,61147
2026-01-30 09:45:00+05:30,302.0,302.3999938964844,301.6000061035156,302.3999938964844,58910
2026-01-30 09:50:00+05:30,302.20001220703125,303.8999938964844,301.95001220703125,303.70001220703125,109523
2026-01-30 09:55:00+05:30,303.54998779296875,303.70001220703125,302.45001220703125,302.45001220703125,104041
2026-01-30 10:00:00+05:30,302.45001220703125,302.95001220703125,301.8999938964844,301.8999938964844,42456
2026-01-30 10:05:00+05:30,302.0,302.6000061035156,301.79998779296875,302.20001220703125,29885
2026-01-30 10:10:00+05:30,302.1499938964844,302.8999938964844,301.95001220703125,302.70001220703125,31107
2026-01-30 10:15:00+05:30,302.54998779296875,302.95001220703125,302.1000061035156,302.1499938964844,27562
2026-01-30 10:20:00+05:30,302.0,302.04998779296875,300.8500061035156,300.8500061035156,139614
2026-01-30 10:25:00+05:30,300.8500061035156,301.45001220703125,300.1499938964844,300.5,193842
2026-01-30 10:30:00+05:30,300.54998779296875,301.04998779296875,300.1499938964844,300.29998779296875,87243
2026-01-30 10:35:00+05:30,300.45001220703125,300.70001220703125,299.8500061035156,299.8500061035156,64885
2026-01-30 10:40:00+05:30,299.8999938964844,300.3500061035156,299.6499938964844,300.3500061035156,41069
2026-01-30 10:45:00+05:30,300.3999938964844,300.54998779296875,300.20001220703125,300.3999938964844,24290
2026-01-30 10:50:00+05:30,300.3999938964844,300.8500061035156,300.3500061035156,300.8500061035156,23386
2026-01-30 10:55:00+05:30,300.8999938964844,301.6000061035156,300.6000061035156,301.5,76870
2026-01-30 11:00:00+05:30,301.5,301.5,300.3999938964844,300.8500061035156,82928
2026-01-30 11:05:00+05:30,300.8500061035156,300.8500061035156,299.45001220703125,299.6499938964844,240619
2026-01-30 11:10:00+05:30,299.6499938964844,299.8999938964844,299.6499938964844,299.8999938964844,25717
2026-01-30 11:15:00+05:30,299.8500061035156,299.8999938964844,299.5,299.8999938964844,25273
2026-01-30 11:20:00+05:30,299.95001220703125,301.95001220703125,299.8999938964844,301.70001220703125,133114
2026-01-30 11:25:00+05:30,301.5,303.1000061035156,301.5,302.25,229070
2026-01-30 11:30:00+05:30,302.20001220703125,302.54998779296875,301.45001220703125,301.45001220703125,51948
2026-01-30 11:35:00+05:30,301.54998779296875,301.6000061035156,300.5,300.79998779296875,103214
2026-01-30 11:40:00+05:30,300.95001220703125,301.20001220703125,300.6499938964844,300.8999938964844,37340
2026-01-30 11:45:00+05:30,300.8999938964844,300.8999938964844,300.1000061035156,300.1499938964844,76781
2026-01-30 11:50:00+05:30,300.20001220703125,300.6000061035156,299.95001220703125,299.95001220703125,165762
2026-01-30 11:55:00+05:30,299.95001220703125,300.6499938964844,299.8999938964844,300.54998779296875,204538
2026-01-30 12:00:00+05:30,300.6499938964844,300.8500061035156,299.70001220703125,300.6000061035156,386324
2026-01-30 12:05:00+05:30,300.6499938964844,300.75,300.0,300.04998779296875,68251
2026-01-30 12:10:00+05:30,300.04998779296875,300.6000061035156,300.04998779296875,300.20001220703125,58115
2026-01-30 12:15:00+05:30,300.20001220703125,300.5,299.54998779296875,299.6000061035156,101665
2026-01-30 12:20:00+05:30,299.54998779296875,300.04998779296875,299.54998779296875,300.0,37337
2026-01-30 12:25:00+05:30,300.04998779296875,300.1499938964844,299.75,300.0,28126
2026-01-30 12:30:00+05:30,299.95001220703125,300.5,299.8500061035156,300.3999938964844,83707
2026-01-30 12:35:00+05:30,300.3500061035156,300.45001220703125,299.95001220703125,300.29998779296875,84902
2026-01-30 12:40:00+05:30,300.20001220703125,301.5,300.1000061035156,300.95001220703125,136598
2026-01-30 12:45:00+05:30,300.70001220703125,301.0,300.45001220703125,300.6000061035156,61708
2026-01-30 12:50:00+05:30,300.29998779296875,300.6000061035156,300.0,300.54998779296875,102846
2026-01-30 12:55:00+05:30,300.3999938964844,300.54998779296875,300.0,300.45001220703125,22896
2026-01-30 13:00:00+05:30,300.45001220703125,300.45001220703125,300.1499938964844,300.1499938964844,16845
2026-01-30 13:05:00+05:30,300.1499938964844,300.20001220703125,298.0,298.6499938964844,1384374
2026-01-30 13:10:00+05:30,298.6000061035156,299.29998779296875,298.54998779296875,298.95001220703125,171809
2026-01-30 13:15:00+05:30,298.79998779296875,299.0,298.29998779296875,298.8500061035156,68401
2026-01-30 13:20:00+05:30,298.70001220703125,299.1499938964844,298.6499938964844,298.8999938964844,292613
2026-01-30 13:25:00+05:30,298.8999938964844,299.54998779296875,298.79998779296875,298.8999938964844,56562
2026-01-30 13:30:00+05:30,298.75,299.20001220703125,298.6499938964844,299.20001220703125,51363
2026-01-30 13:35:00+05:30,299.20001220703125,300.04998779296875,299.0,299.70001220703125,100983
2026-01-30 13:40:00+05:30,299.70001220703125,300.6499938964844,299.70001220703125,300.25,70126
2026-01-30 13:45:00+05:30,300.45001220703125,300.54998779296875,299.95001220703125,300.25,59057
2026-01-30 13:50:00+05:30,300.20001220703125,300.75,300.0,300.75,57657
2026-01-30 13:55:00+05:30,300.75,301.1000061035156,300.6000061035156,300.79998779296875,83023
2026-01-30 14:00:00+05:30,300.75,302.45001220703125,300.29998779296875,300.45001220703125,62630
2026-01-30 14:05:00+05:30,300.54998779296875,300.8500061035156,300.45001220703125,300.79998779296875,62853
2026-01-30 14:10:00+05:30,300.70001220703125,300.79998779296875,300.1499938964844,300.25,83579
2026-01-30 14:15:00+05:30,300.3500061035156,300.5,299.75,300.3500061035156,40280
2026-01-30 14:20:00+05:30,300.3500061035156,300.3500061035156,299.8999938964844,300.1000061035156,42341
2026-01-30 14:25:00+05:30,300.20001220703125,300.5,299.70001220703125,299.70001220703125,47758
2026-01-30 14:30:00+05:30,299.75,299.95001220703125,299.6000061035156,299.6499938964844,25175
2026-01-30 14:35:00+05:30,299.6499938964844,300.20001220703125,299.6000061035156,299.6499938964844,45445
2026-01-30 14:40:00+05:30,299.6499938964844,299.75,298.75,298.8500061035156,141490
2026-01-30 14:45:00+05:30,298.70001220703125,298.75,297.8999938964844,298.6000061035156,159767
2026-01-30 14:50:00+05:30,298.5,298.5,298.0,298.29998779296875,82459
2026-01-30 14:55:00+05:30,298.3500061035156,299.1000061035156,298.29998779296875,298.3999938964844,132689
2026-01-30 15:00:00+05:30,298.6000061035156,299.29998779296875,298.29998779296875,298.6499938964844,458628
2026-01-30 15:05:00+05:30,298.70001220703125,299.1000061035156,298.70001220703125,299.04998779296875,292329
2026-01-30 15:10:00+05:30,299.0,299.1499938964844,298.79998779296875,299.1499938964844,641984
2026-01-30 15:15:00+05:30,299.29998779296875,299.8500061035156,298.95001220703125,299.75,764279
2026-01-30 15:20:00+05:30,299.75,300.20001220703125,299.5,300.04998779296875,774785
2026-01-30 15:25:00+05:30,300.1499938964844,300.8999938964844,299.25,300.0,584205
2026-02-03 09:15:00+05:30,292.8999938964844,293.0,285.45001220703125,286.1499938964844,1640717
2026-02-03 09:20:00+05:30,286.25,286.25,283.1499938964844,283.8999938964844,638014
2026-02-03 09:25:00+05:30,283.8500061035156,284.3999938964844,282.95001220703125,283.1000061035156,420256
2026-02-03 09:30:00+05:30,283.54998779296875,284.95001220703125,283.54998779296875,284.0,304420
2026-02-03 09:35:00+05:30,284.0,284.29998779296875,283.0,284.29998779296875,419121
2026-02-03 09:40:00+05:30,284.1499938964844,284.25,282.20001220703125,282.25,312450
2026-02-03 09:45:00+05:30,282.1499938964844,284.1000061035156,282.0,284.1000061035156,386806
2026-02-03 09:50:00+05:30,284.20001220703125,285.6499938964844,284.1499938964844,285.0,306662
2026-02-03 09:55:00+05:30,285.1000061035156,285.6000061035156,284.8500061035156,285.6000061035156,137795
2026-02-03 10:00:00+05:30,285.6000061035156,285.8999938964844,284.6000061035156,284.6000061035156,149608
2026-02-03 10:05:00+05:30,284.6499938964844,284.79998779296875,284.29998779296875,284.45001220703125,199957
2026-02-03 10:10:00+05:30,284.25,284.6499938964844,284.1499938964844,284.29998779296875,119232
2026-02-03 10:15:00+05:30,284.29998779296875,284.75,283.29998779296875,283.79998779296875,119852
2026-02-03 10:20:00+05:30,283.8500061035156,283.8500061035156,283.29998779296875,283.45001220703125,96232
2026-02-03 10:25:00+05:30,283.45001220703125,283.8999938964844,283.1499938964844,283.1499938964844,123718
2026-02-03 10:30:00+05:30,283.20001220703125,283.45001220703125,283.1000061035156,283.20001220703125,110395
2026-02-03 10:35:00+05:30,283.45001220703125,284.6499938964844,282.6499938964844,284.6499938964844,255296
2026-02-03 10:40:00+05:30,284.6000061035156,284.6499938964844,283.6000061035156,283.8500061035156,93322
2026-02-03 10:45:00+05:30,283.79998779296875,284.1499938964844,283.75,284.0,83367
2026-02-03 10:50:00+05:30,284.0,284.79998779296875,283.95001220703125,284.20001220703125,172912
2026-02-03 10:55:00+05:30,284.1499938964844,284.20001220703125,283.54998779296875,283.8999938964844,98409
2026-02-03 11:00:00+05:30,283.75,284.5,283.75,284.45001220703125,60452
2026-02-03 11:05:00+05:30,284.5,284.6499938964844,284.25,284.5,116373
2026-02-03 11:10:00+05:30,284.45001220703125,285.20001220703125,284.3999938964844,285.20001220703125,152066
2026-02-03 11:15:00+05:30,285.20001220703125,285.5,285.1499938964844,285.25,87590
2026-02-03 11:20:00+05:30,285.20001220703125,286.20001220703125,285.20001220703125,285.79998779296875,101851
2026-02-03 11:25:00+05:30,285.79998779296875,285.8999938964844,285.3500061035156,285.6499938964844,71371
2026-02-03 11:30:00+05:30,285.70001220703125,285.75,285.1000061035156,285.29998779296875,69483
2026-02-03 11:35:00+05:30,285.29998779296875,285.45001220703125,284.95001220703125,285.29998779296875,55366
2026-02-03 11:40:00+05:30,285.29998779296875,285.5,285.0,285.04998779296875,74271
2026-02-03 11:45:00+05:30,285.0,285.45001220703125,284.8500061035156,285.25,63088
2026-02-03 11:50:00+05:30,285.1499938964844,285.45001220703125,284.8999938964844,285.3500061035156,52782
2026-02-03 11:55:00+05:30,285.3500061035156,285.45001220703125,284.95001220703125,285.1000061035156,91121
2026-02-03 12:00:00+05:30,285.1499938964844,285.1499938964844,284.20001220703125,284.95001220703125,84781
2026-02-03 12:05:00+05:30,284.8999938964844,285.0,284.6000061035156,284.79998779296875,65071
2026-02-03 12:10:00+05:30,284.8999938964844,284.8999938964844,283.8500061035156,283.8999938964844,134574
2026-02-03 12:15:00+05:30,284.0,284.45001220703125,283.75,284.04998779296875,103827
2026-02-03 12:20:00+05:30,284.04998779296875,284.25,283.6499938964844,284.25,61588
2026-02-03 12:25:00+05:30,284.20001220703125,284.6499938964844,283.70001220703125,283.70001220703125,163492
2026-02-03 12:30:00+05:30,283.6000061035156,284.04998779296875,283.5,283.8500061035156,85327
2026-02-03 12:35:00+05:30,283.8500061035156,284.0,283.3500061035156,283.54998779296875,111438
2026-02-03 12:40:00+05:30,283.3999938964844,283.70001220703125,283.25,283.6499938964844,66291
2026-02-03 12:45:00+05:30,283.6499938964844,284.0,283.6499938964844,283.8500061035156,80268
2026-02-03 12:50:00+05:30,283.79998779296875,284.0,283.6499938964844,283.79998779296875,47378
2026-02-03 12:55:00+05:30,283.8999938964844,284.1000061035156,283.8500061035156,284.04998779296875,37869
2026-02-03 13:00:00+05:30,284.1000061035156,284.1499938964844,282.8500061035156,282.8999938964844,137495
2026-02-03 13:05:00+05:30,282.95001220703125,283.8500061035156,282.8999938964844,283.70001220703125,71849
2026-02-03 13:10:00+05:30,283.70001220703125,283.8500061035156,283.25,283.70001220703125,92963
2026-02-03 13:15:00+05:30,283.70001220703125,284.04998779296875,283.0,283.95001220703125,164415
2026-02-03 13:20:00+05:30,284.0,284.1499938964844,283.8999938964844,284.04998779296875,69160
2026-02-03 13:25:00+05:30,284.04998779296875,284.1000061035156,283.0,283.04998779296875,379170
2026-02-03 13:30:00+05:30,283.04998779296875,283.3500061035156,282.8500061035156,283.0,107716
2026-02-03 13:35:00+05:30,283.0,284.29998779296875,283.0,284.0,89080
2026-02-03 13:40:00+05:30,284.04998779296875,284.1000061035156,283.29998779296875,283.6499938964844,73029
2026-02-03 13:45:00+05:30,283.6499938964844,283.95001220703125,283.54998779296875,283.95001220703125,97512
2026-02-03 13:50:00+05:30,283.95001220703125,284.3500061035156,283.75,284.20001220703125,94911
2026-02-03 13:55:00+05:30,284.29998779296875,284.45001220703125,284.0,284.45001220703125,293345
2026-02-03 14:00:00+05:30,284.29998779296875,284.95001220703125,284.25,284.70001220703125,105057
2026-02-03 14:05:00+05:30,284.70001220703125,285.3500061035156,284.54998779296875,285.29998779296875,155809
2026-02-03 14:10:00+05:30,285.3999938964844,286.0,285.3999938964844,285.79998779296875,213375
2026-02-03 14:15:00+05:30,285.8500061035156,286.0,285.25,285.25,120431
2026-02-03 14:20:00+05:30,285.25,285.95001220703125,285.25,285.8999938964844,111354
2026-02-03 14:25:00+05:30,285.95001220703125,285.95001220703125,285.79998779296875,285.8500061035156,139206
2026-02-03 14:30:00+05:30,285.8500061035156,285.95001220703125,285.3500061035156,285.6499938964844,125245
2026-02-03 14:35:00+05:30,285.5,285.79998779296875,285.3999938964844,285.5,96156
2026-02-03 14:40:00+05:30,285.5,285.54998779296875,285.0,285.0,149990
2026-02-03 14:45:00+05:30,285.0,285.1499938964844,284.6499938964844,284.8500061035156,445928
2026-02-03 14:50:00+05:30,285.0,285.25,284.8999938964844,285.1499938964844,280838
2026-02-03 14:55:00+05:30,285.1000061035156,285.3500061035156,285.04998779296875,285.20001220703125,488002
2026-02-03 15:00:00+05:30,285.3500061035156,285.8500061035156,285.04998779296875,285.25,632905
2026-02-03 15:05:00+05:30,285.25,285.3999938964844,285.04998779296875,285.1499938964844,383833
2026-02-03 15:10:00+05:30,285.04998779296875,285.70001220703125,285.04998779296875,285.3500061035156,549257
2026-02-03 15:15:00+05:30,285.29998779296875,285.6000061035156,285.29998779296875,285.54998779296875,429077
2026-02-03 15:20:00+05:30,285.6000061035156,285.6000061035156,285.25,285.3500061035156,623799
2026-02-03 15:25:00+05:30,285.3500061035156,285.75,285.0,285.75,547858
2026-02-04 09:20:00+05:30,284.8500061035156,285.79998779296875,284.5,284.5,228309
2026-02-04 09:25:00+05:30,284.3999938964844,284.8500061035156,284.29998779296875,284.54998779296875,205037
2026-02-04 09:30:00+05:30,284.70001220703125,285.1499938964844,283.5,283.5,220609
2026-02-04 09:35:00+05:30,283.5,284.54998779296875,283.5,284.3500061035156,177480
2026-02-04 09:40:00+05:30,284.20001220703125,284.8999938964844,284.20001220703125,284.6000061035156,179251
2026-02-04 09:45:00+05:30,284.6000061035156,285.79998779296875,284.5,285.79998779296875,166105
2026-02-04 09:50:00+05:30,285.70001220703125,286.20001220703125,285.6000061035156,285.75,112301
2026-02-04 09:55:00+05:30,285.6499938964844,286.3500061035156,285.6499938964844,286.1000061035156,144815
2026-02-04 10:00:00+05:30,286.1499938964844,286.20001220703125,285.75,285.8999938964844,61089
2026-02-04 10:05:00+05:30,285.8500061035156,285.95001220703125,285.3500061035156,285.70001220703125,85141
2026-02-04 10:10:00+05:30,285.75,285.8999938964844,285.6000061035156,285.8500061035156,39812
2026-02-04 10:15:00+05:30,285.79998779296875,286.79998779296875,285.79998779296875,286.20001220703125,94738
2026-02-04 10:20:00+05:30,286.20001220703125,286.6499938964844,286.1499938964844,286.29998779296875,55041
2026-02-04 10:25:00+05:30,286.29998779296875,286.54998779296875,285.8999938964844,285.8999938964844,49062
2026-02-04 10:30:00+05:30,285.8500061035156,285.8999938964844,285.45001220703125,285.6000061035156,108063
2026-02-04 10:35:00+05:30,285.6499938964844,285.6499938964844,285.0,285.5,75444
2026-02-04 10:40:00+05:30,285.6000061035156,285.8999938964844,285.6000061035156,285.8999938964844,35458
2026-02-04 10:45:00+05:30,285.79998779296875,285.8999938964844,285.45001220703125,285.8500061035156,39666
2026-02-04 10:50:00+05:30,285.70001220703125,285.79998779296875,285.1000061035156,285.5,39140
2026-02-04 10:55:00+05:30,285.5,285.6499938964844,285.3500061035156,285.54998779296875,21637
2026-02-04 11:00:00+05:30,285.6000061035156,286.20001220703125,285.5,286.1000061035156,57378
2026-02-04 11:05:00+05:30,286.1000061035156,286.1000061035156,285.70001220703125,285.75,28411
2026-02-04 11:10:00+05:30,285.75,285.75,285.1000061035156,285.20001220703125,59641
2026-02-04 11:15:00+05:30,285.1499938964844,285.45001220703125,285.0,285.1000061035156,36796
2026-02-04 11:20:00+05:30,285.1499938964844,285.79998779296875,285.04998779296875,285.29998779296875,68561
2026-02-04 11:25:00+05:30,285.1000061035156,285.3999938964844,285.0,285.3999938964844,26433
2026-02-04 11:30:00+05:30,285.29998779296875,285.5,285.1000061035156,285.20001220703125,37451
2026-02-04 11:35:00+05:30,285.1000061035156,285.6499938964844,284.79998779296875,285.6499938964844,85961
2026-02-04 11:40:00+05:30,285.6000061035156,286.5,285.6000061035156,286.3999938964844,107629
2026-02-04 11:45:00+05:30,286.3999938964844,286.6000061035156,286.20001220703125,286.3500061035156,87466
2026-02-04 11:50:00+05:30,286.3999938964844,287.20001220703125,286.3999938964844,287.20001220703125,177713
2026-02-04 11:55:00+05:30,287.1000061035156,287.3500061035156,286.8500061035156,287.25,128998
2026-02-04 12:00:00+05:30,287.20001220703125,287.70001220703125,286.95001220703125,287.54998779296875,108276
2026-02-04 12:05:00+05:30,287.54998779296875,288.1499938964844,287.54998779296875,288.0,140073
2026-02-04 12:10:00+05:30,288.0,288.1499938964844,287.75,287.75,103311
2026-02-04 12:15:00+05:30,288.0,288.25,287.54998779296875,287.6000061035156,98770
2026-02-04 12:20:00+05:30,287.6499938964844,287.75,287.20001220703125,287.29998779296875,50982
2026-02-04 12:25:00+05:30,287.3999938964844,287.6000061035156,287.29998779296875,287.5,30944
2026-02-04 12:30:00+05:30,287.5,287.6000061035156,287.1000061035156,287.25,48479
2026-02-04 12:35:00+05:30,287.3500061035156,287.3500061035156,286.79998779296875,287.0,51757
2026-02-04 12:40:00+05:30,286.95001220703125,287.1000061035156,286.79998779296875,286.79998779296875,28985
2026-02-04 12:45:00+05:30,286.79998779296875,287.0,286.6000061035156,286.70001220703125,106390
2026-02-04 12:50:00+05:30,286.6000061035156,286.70001220703125,286.5,286.70001220703125,36139
2026-02-04 12:55:00+05:30,286.70001220703125,286.79998779296875,286.3999938964844,286.6000061035156,39563
2026-02-04 13:00:00+05:30,286.6499938964844,286.8999938964844,286.5,286.8500061035156,19630
2026-02-04 13:05:00+05:30,286.8999938964844,287.45001220703125,286.8999938964844,287.25,35537
2026-02-04 13:10:00+05:30,287.29998779296875,288.0,287.29998779296875,287.75,233142
2026-02-04 13:15:00+05:30,287.79998779296875,287.8999938964844,287.6499938964844,287.75,25186
2026-02-04 13:20:00+05:30,287.75,288.79998779296875,287.75,288.54998779296875,217820
2026-02-04 13:25:00+05:30,288.70001220703125,289.25,288.6000061035156,289.1000061035156,87281
2026-02-04 13:30:00+05:30,289.1000061035156,289.45001220703125,289.1000061035156,289.1499938964844,55926
2026-02-04 13:35:00+05:30,289.1499938964844,290.20001220703125,289.04998779296875,290.20001220703125,139648
2026-02-04 13:40:00+05:30,290.3500061035156,290.45001220703125,289.95001220703125,290.0,80468
2026-02-04 13:45:00+05:30,290.0,291.1499938964844,290.0,291.04998779296875,236417
2026-02-04 13:50:00+05:30,291.1000061035156,291.54998779296875,290.8999938964844,291.29998779296875,137718
2026-02-04 13:55:00+05:30,291.25,291.29998779296875,290.6499938964844,290.79998779296875,100470
2026-02-04 14:00:00+05:30,290.8999938964844,291.1499938964844,290.6499938964844,291.1000061035156,95710
2026-02-04 14:05:00+05:30,291.1000061035156,291.1000061035156,290.75,290.8500061035156,30687
2026-02-04 14:10:00+05:30,290.95001220703125,291.95001220703125,290.79998779296875,291.95001220703125,148374
2026-02-04 14:15:00+05:30,291.95001220703125,292.5,291.8999938964844,292.3500061035156,192555
2026-02-04 14:20:00+05:30,292.3500061035156,292.3999938964844,291.8500061035156,291.95001220703125,271723
2026-02-04 14:25:00+05:30,291.8999938964844,292.0,291.79998779296875,291.95001220703125,64070
2026-02-04 14:30:00+05:30,291.95001220703125,292.29998779296875,291.8999938964844,292.0,200681
2026-02-04 14:35:00+05:30,292.0,292.1000061035156,291.8999938964844,291.8999938964844,107302
2026-02-04 14:40:00+05:30,291.8999938964844,292.1000061035156,291.20001220703125,291.20001220703125,225990
2026-02-04 14:45:00+05:30,291.20001220703125,291.45001220703125,291.1499938964844,291.29998779296875,71023
2026-02-04 14:50:00+05:30,291.3500061035156,291.8999938964844,291.3500061035156,291.79998779296875,82401
2026-02-04 14:55:00+05:30,291.75,291.8500061035156,291.25,291.45001220703125,79362
2026-02-04 15:00:00+05:30,291.54998779296875,291.79998779296875,291.25,291.3500061035156,195710
2026-02-04 15:05:00+05:30,291.45001220703125,291.75,291.1499938964844,291.20001220703125,159383
2026-02-04 15:10:00+05:30,291.20001220703125,291.45001220703125,291.20001220703125,291.3999938964844,264466
2026-02-04 15:15:00+05:30,291.5,291.70001220703125,291.20001220703125,291.20001220703125,302234
2026-02-04 15:20:00+05:30,291.20001220703125,291.3500061035156,290.1000061035156,290.45001220703125,445623
2026-02-04 15:25:00+05:30,290.29998779296875,290.3500061035156,289.3500061035156,289.54998779296875,514385
2026-02-05 09:20:00+05:30,292.0,292.0,291.29998779296875,291.29998779296875,131263
2026-02-05 09:25:00+05:30,291.25,291.95001220703125,291.1000061035156,291.6499938964844,96953
2026-02-05 09:30:00+05:30,291.70001220703125,291.8999938964844,291.45001220703125,291.6499938964844,69325
2026-02-05 09:35:00+05:30,291.75,291.79998779296875,290.8999938964844,290.8999938964844,79740
2026-02-05 09:40:00+05:30,291.0,291.20001220703125,290.79998779296875,290.79998779296875,66244
2026-02-05 09:45:00+05:30,290.8999938964844,291.70001220703125,290.54998779296875,291.70001220703125,58337
2026-02-05 09:50:00+05:30,291.54998779296875,292.3999938964844,291.54998779296875,291.8999938964844,96902
2026-02-05 09:55:00+05:30,291.95001220703125,292.20001220703125,291.6499938964844,291.8999938964844,70435
2026-02-05 10:00:00+05:30,292.04998779296875,292.1499938964844,291.79998779296875,291.95001220703125,50720
2026-02-05 10:05:00+05:30,291.95001220703125,292.20001220703125,291.79998779296875,292.04998779296875,35828
2026-02-05 10:10:00+05:30,292.1499938964844,292.3999938964844,291.20001220703125,291.54998779296875,96636
2026-02-05 10:15:00+05:30,291.6000061035156,291.79998779296875,291.3500061035156,291.6000061035156,36888
2026-02-05 10:20:00+05:30,291.6000061035156,292.6499938964844,291.6000061035156,292.54998779296875,83404
2026-02-05 10:25:00+05:30,292.6499938964844,292.70001220703125,291.79998779296875,291.79998779296875,54125
2026-02-05 10:30:00+05:30,291.79998779296875,292.20001220703125,291.75,291.8500061035156,18154
2026-02-05 10:35:00+05:30,291.8500061035156,291.95001220703125,291.54998779296875,291.75,33015
2026-02-05 10:40:00+05:30,291.3500061035156,291.45001220703125,290.6000061035156,290.6000061035156,101288
2026-02-05 10:45:00+05:30,290.5,290.8500061035156,290.20001220703125,290.29998779296875,66543
2026-02-05 10:50:00+05:30,290.20001220703125,290.3500061035156,289.79998779296875,289.8999938964844,68257
2026-02-05 10:55:00+05:30,289.8999938964844,290.3500061035156,289.8999938964844,290.0,36574
2026-02-05 11:00:00+05:30,290.20001220703125,290.20001220703125,289.75,290.0,54638
2026-02-05 11:05:00+05:30,289.8999938964844,290.0,289.75,289.8999938964844,29254
2026-02-05 11:10:00+05:30,289.8999938964844,290.20001220703125,289.75,290.0,27244
2026-02-05 11:15:00+05:30,290.0,290.1499938964844,289.79998779296875,289.8999938964844,26084
2026-02-05 11:20:00+05:30,289.79998779296875,289.8999938964844,289.45001220703125,289.70001220703125,70451
2026-02-05 11:25:00+05:30,289.75,290.0,289.6499938964844,289.70001220703125,20246
2026-02-05 11:30:00+05:30,289.75,289.8999938964844,289.25,289.3999938964844,33165
2026-02-05 11:35:00+05:30,289.3999938964844,290.0,289.3999938964844,290.0,22750
2026-02-05 11:40:00+05:30,289.8999938964844,290.5,289.8500061035156,290.45001220703125,38552
2026-02-05 11:45:00+05:30,290.5,290.5,289.79998779296875,289.95001220703125,52656
2026-02-05 11:50:00+05:30,289.8999938964844,290.1000061035156,289.70001220703125,290.04998779296875,26165
2026-02-05 11:55:00+05:30,290.1000061035156,290.3500061035156,289.95001220703125,290.25,74992
2026-02-05 12:00:00+05:30,290.29998779296875,290.45001220703125,290.04998779296875,290.25,24332
2026-02-05 12:05:00+05:30,290.25,290.29998779296875,289.8500061035156,290.04998779296875,33159
2026-02-05 12:10:00+05:30,290.04998779296875,290.1000061035156,289.3500061035156,289.45001220703125,32055
2026-02-05 12:15:00+05:30,289.54998779296875,289.54998779296875,289.25,289.3500061035156,26303
2026-02-05 12:20:00+05:30,289.3500061035156,289.5,289.1499938964844,289.20001220703125,30663
2026-02-05 12:25:00+05:30,289.20001220703125,289.3999938964844,289.04998779296875,289.29998779296875,37456
2026-02-05 12:30:00+05:30,289.29998779296875,289.45001220703125,289.04998779296875,289.1000061035156,32502
2026-02-05 12:35:00+05:30,289.1000061035156,289.54998779296875,289.1000061035156,289.3500061035156,8693
2026-02-05 12:40:00+05:30,289.29998779296875,289.54998779296875,289.1000061035156,289.3999938964844,27675
2026-02-05 12:45:00+05:30,289.3999938964844,289.8999938964844,289.3500061035156,289.70001220703125,28498
2026-02-05 12:50:00+05:30,289.70001220703125,290.3500061035156,289.5,290.0,335715
2026-02-05 12:55:00+05:30,290.04998779296875,290.1000061035156,289.75,289.8999938964844,127970
2026-02-05 13:00:00+05:30,289.95001220703125,289.95001220703125,289.3999938964844,289.45001220703125,17323
2026-02-05 13:05:00+05:30,289.45001220703125,289.6000061035156,289.45001220703125,289.5,16580
2026-02-05 13:10:00+05:30,289.5,289.70001220703125,289.5,289.6000061035156,16663
2026-02-05 13:15:00+05:30,289.6000061035156,290.1499938964844,289.6000061035156,289.8999938964844,26985
2026-02-05 13:20:00+05:30,289.8999938964844,290.1000061035156,289.8999938964844,289.95001220703125,17414
2026-02-05 13:25:00+05:30,289.95001220703125,290.0,289.70001220703125,289.75,26764
2026-02-05 13:30:00+05:30,289.75,289.95001220703125,289.70001220703125,289.8999938964844,22517
2026-02-05 13:35:00+05:30,289.8999938964844,290.1499938964844,289.8999938964844,290.0,26988
2026-02-05 13:40:00+05:30,290.0,290.0,289.79998779296875,289.8500061035156,37402
2026-02-05 13:45:00+05:30,289.8500061035156,289.95001220703125,289.75,289.79998779296875,22720
2026-02-05 13:50:00+05:30,289.79998779296875,290.04998779296875,289.79998779296875,289.79998779296875,41735
2026-02-05 13:55:00+05:30,289.79998779296875,290.04998779296875,289.75,290.04998779296875,59022
2026-02-05 14:00:00+05:30,290.04998779296875,290.29998779296875,290.0,290.04998779296875,30618
2026-02-05 14:05:00+05:30,290.0,290.1000061035156,289.3999938964844,289.54998779296875,60290
2026-02-05 14:10:00+05:30,289.54998779296875,289.6499938964844,289.20001220703125,289.54998779296875,33595
2026-02-05 14:15:00+05:30,289.54998779296875,289.6499938964844,289.1499938964844,289.1499938964844,26808
2026-02-05 14:20:00+05:30,289.1499938964844,289.29998779296875,289.1000061035156,289.1499938964844,21273
2026-02-05 14:25:00+05:30,289.1499938964844,289.8500061035156,289.1000061035156,289.54998779296875,24197
2026-02-05 14:30:00+05:30,289.54998779296875,289.8999938964844,289.5,289.8500061035156,29645
2026-02-05 14:35:00+05:30,290.0,290.1499938964844,289.54998779296875,289.8999938964844,100965
2026-02-05 14:40:00+05:30,289.8999938964844,290.04998779296875,289.79998779296875,290.0,100409
2026-02-05 14:45:00+05:30,290.04998779296875,290.04998779296875,289.8500061035156,289.8999938964844,57958
2026-02-05 14:50:00+05:30,289.8999938964844,290.1499938964844,289.75,290.1000061035156,52485
2026-02-05 14:55:00+05:30,290.1000061035156,291.0,290.1000061035156,290.95001220703125,139878
2026-02-05 15:00:00+05:30,291.20001220703125,291.25,290.75,290.75,156337
2026-02-05 15:05:00+05:30,290.75,290.75,290.1499938964844,290.20001220703125,108637
2026-02-05 15:10:00+05:30,290.25,290.6499938964844,289.79998779296875,290.45001220703125,211010
2026-02-05 15:15:00+05:30,290.5,290.5,290.1499938964844,290.3500061035156,92583
2026-02-05 15:20:00+05:30,290.29998779296875,290.70001220703125,290.25,290.45001220703125,157128
2026-02-05 15:25:00+05:30,290.3999938964844,290.70001220703125,290.04998779296875,290.70001220703125,137883
2026-02-06 09:20:00+05:30,290.29998779296875,291.20001220703125,290.1000061035156,290.1000061035156,102742
2026-02-06 09:25:00+05:30,290.25,290.25,289.54998779296875,289.70001220703125,74477
2026-02-06 09:30:00+05:30,289.3999938964844,289.75,288.79998779296875,288.8500061035156,82078
2026-02-06 09:35:00+05:30,288.79998779296875,289.25,288.5,288.95001220703125,85659
2026-02-06 09:40:00+05:30,289.04998779296875,289.04998779296875,288.25,288.3999938964844,136974
2026-02-06 09:45:00+05:30,288.45001220703125,288.8999938964844,288.29998779296875,288.54998779296875,72060
2026-02-06 09:50:00+05:30,288.6499938964844,288.70001220703125,288.3500061035156,288.3999938964844,36650
2026-02-06 09:55:00+05:30,288.3999938964844,288.5,288.20001220703125,288.5,51960
2026-02-06 10:00:00+05:30,288.3999938964844,288.79998779296875,288.3999938964844,288.54998779296875,60755
2026-02-06 10:05:00+05:30,288.6000061035156,289.1000061035156,288.29998779296875,288.54998779296875,160342
2026-02-06 10:10:00+05:30,288.6499938964844,288.8999938964844,288.5,288.8500061035156,195535
2026-02-06 10:15:00+05:30,288.8999938964844,289.54998779296875,288.3500061035156,289.45001220703125,104143
2026-02-06 10:20:00+05:30,289.5,289.75,289.25,289.45001220703125,66606
2026-02-06 10:25:00+05:30,289.45001220703125,289.45001220703125,287.6000061035156,287.6499938964844,472333
2026-02-06 10:30:00+05:30,287.6499938964844,287.6499938964844,286.45001220703125,286.70001220703125,160494
2026-02-06 10:35:00+05:30,286.6000061035156,286.70001220703125,285.95001220703125,286.29998779296875,103021
2026-02-06 10:40:00+05:30,286.1499938964844,286.1499938964844,285.3500061035156,285.70001220703125,80970
2026-02-06 10:45:00+05:30,285.6499938964844,285.6499938964844,284.95001220703125,285.3999938964844,109384
2026-02-06 10:50:00+05:30,285.3999938964844,285.5,284.95001220703125,285.1499938964844,75652
2026-02-06 10:55:00+05:30,285.1499938964844,285.75,285.1000061035156,285.6000061035156,31961
2026-02-06 11:00:00+05:30,285.6000061035156,286.45001220703125,285.5,286.45001220703125,57609
2026-02-06 11:05:00+05:30,286.5,286.8999938964844,286.45001220703125,286.54998779296875,64155
2026-02-06 11:10:00+05:30,286.70001220703125,286.75,286.3500061035156,286.3999938964844,28415
2026-02-06 11:15:00+05:30,286.3999938964844,286.5,285.75,286.0,39794
2026-02-06 11:20:00+05:30,286.04998779296875,286.8500061035156,286.04998779296875,286.79998779296875,26631
2026-02-06 11:25:00+05:30,286.79998779296875,287.1000061035156,286.45001220703125,286.6000061035156,51132
2026-02-06 11:30:00+05:30,286.6000061035156,286.79998779296875,286.3999938964844,286.79998779296875,21743
2026-02-06 11:35:00+05:30,286.79998779296875,287.3999938964844,286.45001220703125,287.29998779296875,25608
2026-02-06 11:40:00+05:30,287.29998779296875,288.5,287.25,287.6499938964844,90267
2026-02-06 11:45:00+05:30,287.6499938964844,288.04998779296875,287.5,287.8999938964844,26954
2026-02-06 11:50:00+05:30,287.95001220703125,288.0,287.5,287.54998779296875,25084
2026-02-06 11:55:00+05:30,287.54998779296875,287.6499938964844,287.1000061035156,287.3999938964844,12773
2026-02-06 12:00:00+05:30,287.45001220703125,287.95001220703125,287.45001220703125,287.45001220703125,27709
2026-02-06 12:05:00+05:30,287.29998779296875,287.3500061035156,286.8999938964844,287.0,38111
2026-02-06 12:10:00+05:30,287.0,287.5,286.8500061035156,287.20001220703125,20681
2026-02-06 12:15:00+05:30,287.25,287.6000061035156,286.95001220703125,287.3999938964844,20409
2026-02-06 12:20:00+05:30,287.3999938964844,287.45001220703125,286.70001220703125,286.70001220703125,25341
2026-02-06 12:25:00+05:30,286.70001220703125,286.75,286.5,286.6000061035156,27052
2026-02-06 12:30:00+05:30,286.54998779296875,286.54998779296875,285.45001220703125,285.6499938964844,67472
2026-02-06 12:35:00+05:30,285.5,286.5,285.5,286.04998779296875,73561
2026-02-06 12:40:00+05:30,286.0,286.1499938964844,285.79998779296875,286.1499938964844,33418
2026-02-06 12:45:00+05:30,286.1499938964844,286.3999938964844,285.79998779296875,285.8999938964844,23823
2026-02-06 12:50:00+05:30,285.95001220703125,286.29998779296875,285.8999938964844,285.95001220703125,18445
2026-02-06 12:55:00+05:30,285.79998779296875,286.04998779296875,285.54998779296875,285.8999938964844,25232
2026-02-06 13:00:00+05:30,285.8999938964844,286.04998779296875,285.5,285.70001220703125,38056
2026-02-06 13:05:00+05:30,285.70001220703125,286.0,285.70001220703125,285.79998779296875,17892
2026-02-06 13:10:00+05:30,285.8500061035156,286.0,285.6499938964844,285.70001220703125,16750
2026-02-06 13:15:00+05:30,285.75,286.1000061035156,285.5,285.79998779296875,27543
2026-02-06 13:20:00+05:30,285.79998779296875,286.04998779296875,285.70001220703125,286.0,17041
2026-02-06 13:25:00+05:30,285.8999938964844,285.95001220703125,285.79998779296875,285.95001220703125,2040
2026-02-06 13:30:00+05:30,285.1499938964844,285.29998779296875,284.75,285.20001220703125,198489
2026-02-06 13:35:00+05:30,285.20001220703125,285.54998779296875,285.20001220703125,285.3500061035156,24768
2026-02-06 13:40:00+05:30,285.25,285.5,285.20001220703125,285.3999938964844,22807
2026-02-06 13:45:00+05:30,285.3999938964844,285.3999938964844,284.95001220703125,285.04998779296875,40199
2026-02-06 13:50:00+05:30,285.0,286.45001220703125,284.8999938964844,286.29998779296875,116156
2026-02-06 13:55:00+05:30,286.25,286.6000061035156,286.1000061035156,286.3500061035156,49453
2026-02-06 14:00:00+05:30,286.75,287.20001220703125,286.54998779296875,286.75,68019
2026-02-06 14:05:00+05:30,286.75,286.8999938964844,286.6000061035156,286.70001220703125,11592
2026-02-06 14:10:00+05:30,286.70001220703125,286.95001220703125,286.25,286.70001220703125,24658
2026-02-06 14:15:00+05:30,286.70001220703125,287.25,286.6000061035156,287.0,32788
2026-02-06 14:20:00+05:30,287.0,287.25,286.5,286.6499938964844,35592
2026-02-06 14:25:00+05:30,286.5,286.8999938964844,286.5,286.79998779296875,18199
2026-02-06 14:30:00+05:30,286.79998779296875,287.3999938964844,286.70001220703125,287.3999938964844,60150
2026-02-06 14:35:00+05:30,287.29998779296875,287.54998779296875,287.1000061035156,287.5,57198
2026-02-06 14:40:00+05:30,287.45001220703125,287.8500061035156,287.45001220703125,287.75,41010
2026-02-06 14:45:00+05:30,287.6000061035156,288.0,287.6000061035156,287.79998779296875,32342
2026-02-06 14:50:00+05:30,287.79998779296875,288.5,287.75,288.5,59375
2026-02-06 14:55:00+05:30,288.45001220703125,289.1000061035156,288.45001220703125,288.8999938964844,82687
2026-02-06 15:00:00+05:30,288.95001220703125,289.5,288.95001220703125,289.3500061035156,70756
2026-02-06 15:05:00+05:30,289.3999938964844,289.5,289.20001220703125,289.29998779296875,71426
2026-02-06 15:10:00+05:30,289.29998779296875,289.5,289.1499938964844,289.5,75700
2026-02-06 15:15:00+05:30,289.45001220703125,289.5,289.3500061035156,289.45001220703125,88653
2026-02-06 15:20:00+05:30,289.3500061035156,289.45001220703125,289.0,289.1000061035156,135348
2026-02-06 15:25:00+05:30,289.1000061035156,289.1499938964844,288.0,288.3500061035156,104460
2026-02-09 09:20:00+05:30,292.95001220703125,293.20001220703125,292.3999938964844,293.1000061035156,195157
2026-02-09 09:25:00+05:30,293.1000061035156,293.8500061035156,293.1000061035156,293.3999938964844,208332
2026-02-09 09:30:00+05:30,293.3500061035156,294.04998779296875,292.6499938964844,292.79998779296875,159455
2026-02-09 09:35:00+05:30,292.79998779296875,292.95001220703125,292.6000061035156,292.8500061035156,95612
2026-02-09 09:40:00+05:30,292.75,294.8999938964844,292.75,294.20001220703125,241719
2026-02-09 09:45:00+05:30,294.20001220703125,294.20001220703125,293.25,293.45001220703125,121125
2026-02-09 09:50:00+05:30,293.45001220703125,293.45001220703125,292.6499938964844,292.75,91897
2026-02-09 09:55:00+05:30,292.6000061035156,293.0,292.54998779296875,292.75,121974
2026-02-09 10:00:00+05:30,292.75,293.25,292.6000061035156,293.1000061035156,94829
2026-02-09 10:05:00+05:30,293.0,293.54998779296875,292.8500061035156,293.29998779296875,100603
2026-02-09 10:10:00+05:30,293.3999938964844,293.3999938964844,292.79998779296875,293.25,67222
2026-02-09 10:15:00+05:30,293.1499938964844,294.04998779296875,293.1499938964844,293.8500061035156,100324
2026-02-09 10:20:00+05:30,293.8500061035156,293.95001220703125,293.3500061035156,293.3500061035156,76759
2026-02-09 10:25:00+05:30,293.3500061035156,293.3500061035156,293.0,293.20001220703125,124664
2026-02-09 10:30:00+05:30,293.1000061035156,293.79998779296875,292.8999938964844,293.6000061035156,49097
2026-02-09 10:35:00+05:30,293.6499938964844,293.8500061035156,293.54998779296875,293.6000061035156,68129
2026-02-09 10:40:00+05:30,293.6499938964844,293.8500061035156,293.6499938964844,293.70001220703125,53327
2026-02-09 10:45:00+05:30,293.6499938964844,294.0,293.6000061035156,293.79998779296875,83250
2026-02-09 10:50:00+05:30,293.75,294.04998779296875,293.54998779296875,293.95001220703125,86086
2026-02-09 10:55:00+05:30,293.95001220703125,294.20001220703125,293.8500061035156,294.0,158120
2026-02-09 11:00:00+05:30,293.8999938964844,293.95001220703125,293.0,293.20001220703125,112808
2026-02-09 11:05:00+05:30,293.1499938964844,293.25,292.8999938964844,292.95001220703125,193533
2026-02-09 11:10:00+05:30,292.95001220703125,293.04998779296875,292.54998779296875,292.6499938964844,137480
2026-02-09 11:15:00+05:30,292.79998779296875,292.8999938964844,292.6000061035156,292.75,158407
2026-02-09 11:20:00+05:30,292.6499938964844,292.75,292.5,292.54998779296875,65669
2026-02-09 11:25:00+05:30,292.70001220703125,292.70001220703125,292.54998779296875,292.54998779296875,121698
2026-02-09 11:30:00+05:30,292.6000061035156,292.6000061035156,292.1000061035156,292.29998779296875,187196
2026-02-09 11:35:00+05:30,292.20001220703125,292.75,292.20001220703125,292.3500061035156,129740
2026-02-09 11:40:00+05:30,292.3500061035156,292.45001220703125,292.25,292.3500061035156,250834
2026-02-09 11:45:00+05:30,292.3999938964844,292.3999938964844,291.79998779296875,292.1000061035156,149871
2026-02-09 11:50:00+05:30,292.0,292.1000061035156,291.75,291.95001220703125,59864
2026-02-09 11:55:00+05:30,291.95001220703125,292.1499938964844,291.8500061035156,292.0,48167
2026-02-09 12:00:00+05:30,292.0,292.25,291.95001220703125,292.1000061035156,106100
2026-02-09 12:05:00+05:30,291.95001220703125,292.1499938964844,291.70001220703125,292.0,246796
2026-02-09 12:10:00+05:30,291.8999938964844,292.1000061035156,291.8500061035156,291.8999938964844,57651
2026-02-09 12:15:00+05:30,291.8500061035156,292.70001220703125,291.8500061035156,292.3500061035156,416670
2026-02-09 12:20:00+05:30,292.20001220703125,292.45001220703125,292.04998779296875,292.1499938964844,30502
2026-02-09 12:25:00+05:30,292.1499938964844,292.1499938964844,292.04998779296875,292.1000061035156,40067
2026-02-09 12:30:00+05:30,292.1000061035156,292.1000061035156,291.5,291.6499938964844,72391
2026-02-09 12:35:00+05:30,291.6499938964844,291.6499938964844,291.3500061035156,291.3999938964844,65812
2026-02-09 12:40:00+05:30,291.3999938964844,291.54998779296875,291.3500061035156,291.45001220703125,34592
2026-02-09 12:45:00+05:30,291.45001220703125,291.5,291.3500061035156,291.3999938964844,44949
2026-02-09 12:50:00+05:30,291.3999938964844,291.45001220703125,291.25,291.25,34117
2026-02-09 12:55:00+05:30,291.20001220703125,291.3500061035156,291.1000061035156,291.20001220703125,61854
2026-02-09 13:00:00+05:30,291.20001220703125,292.0,291.20001220703125,291.95001220703125,91566
2026-02-09 13:05:00+05:30,291.95001220703125,292.5,291.95001220703125,291.95001220703125,63592
2026-02-09 13:10:00+05:30,291.95001220703125,292.0,291.6000061035156,291.75,33552
2026-02-09 13:15:00+05:30,291.79998779296875,291.79998779296875,291.6000061035156,291.6499938964844,32748
2026-02-09 13:20:00+05:30,291.6499938964844,291.6499938964844,291.3500061035156,291.45001220703125,29923
2026-02-09 13:25:00+05:30,291.45001220703125,291.45001220703125,291.20001220703125,291.25,68300
2026-02-09 13:30:00+05:30,291.1000061035156,291.3999938964844,291.1000061035156,291.1499938964844,65880
2026-02-09 13:35:00+05:30,291.20001220703125,291.20001220703125,291.0,291.1000061035156,61432
2026-02-09 13:40:00+05:30,291.1000061035156,291.1499938964844,290.79998779296875,291.1499938964844,70917
2026-02-09 13:45:00+05:30,291.1499938964844,291.3500061035156,291.04998779296875,291.1499938964844,51129
2026-02-09 13:50:00+05:30,291.1000061035156,291.1499938964844,290.79998779296875,290.95001220703125,95172
2026-02-09 13:55:00+05:30,290.95001220703125,291.29998779296875,290.6000061035156,290.70001220703125,75108
2026-02-09 14:00:00+05:30,290.8500061035156,291.04998779296875,290.75,290.8999938964844,27167
2026-02-09 14:05:00+05:30,290.8999938964844,291.1000061035156,290.8500061035156,291.0,64171
2026-02-09 14:10:00+05:30,291.1499938964844,291.25,290.70001220703125,290.75,38740
2026-02-09 14:15:00+05:30,290.8500061035156,290.95001220703125,290.75,290.8500061035156,40250
2026-02-09 14:20:00+05:30,290.8500061035156,291.1499938964844,290.8500061035156,290.95001220703125,32104
2026-02-09 14:25:00+05:30,291.04998779296875,291.04998779296875,290.79998779296875,290.8500061035156,49628
2026-02-09 14:30:00+05:30,291.0,291.20001220703125,290.8500061035156,290.95001220703125,25611
2026-02-09 14:35:00+05:30,290.8500061035156,290.95001220703125,290.1499938964844,290.45001220703125,113275
2026-02-09 14:40:00+05:30,290.45001220703125,290.45001220703125,290.20001220703125,290.3500061035156,52873
2026-02-09 14:45:00+05:30,290.25,290.79998779296875,290.25,290.3999938964844,56865
2026-02-09 14:50:00+05:30,290.45001220703125,290.6000061035156,290.29998779296875,290.6000061035156,67485
2026-02-09 14:55:00+05:30,290.54998779296875,290.8999938964844,290.54998779296875,290.8500061035156,88271
2026-02-09 15:00:00+05:30,291.04998779296875,291.04998779296875,290.3500061035156,290.45001220703125,163401
2026-02-09 15:05:00+05:30,290.45001220703125,290.45001220703125,289.8999938964844,290.3500061035156,242524
2026-02-09 15:10:00+05:30,290.29998779296875,290.6499938964844,290.04998779296875,290.45001220703125,184269
2026-02-09 15:15:00+05:30,290.5,291.20001220703125,290.45001220703125,290.8500061035156,327930
2026-02-09 15:20:00+05:30,290.8500061035156,290.8999938964844,290.70001220703125,290.70001220703125,131263
2026-02-09 15:25:00+05:30,290.75,290.95001220703125,290.54998779296875,290.8500061035156,369129
2026-02-10 09:20:00+05:30,288.5,289.3500061035156,288.1499938964844,289.29998779296875,135906
2026-02-10 09:25:00+05:30,289.45001220703125,289.8999938964844,289.0,289.8500061035156,167721
2026-02-10 09:30:00+05:30,289.8500061035156,290.1499938964844,289.5,290.1499938964844,124764
2026-02-10 09:35:00+05:30,290.1499938964844,290.75,290.1499938964844,290.6000061035156,120367
2026-02-10 09:40:00+05:30,290.6000061035156,290.79998779296875,290.6000061035156,290.75,91256
2026-02-10 09:45:00+05:30,290.70001220703125,291.20001220703125,290.5,290.8500061035156,174956
2026-02-10 09:50:00+05:30,290.6499938964844,291.1000061035156,290.5,290.70001220703125,83718
2026-02-10 09:55:00+05:30,290.70001220703125,290.8999938964844,290.5,290.79998779296875,56790
2026-02-10 10:00:00+05:30,290.79998779296875,291.75,290.79998779296875,291.75,101560
2026-02-10 10:05:00+05:30,291.6499938964844,292.3500061035156,291.54998779296875,291.79998779296875,200830
2026-02-10 10:10:00+05:30,291.8500061035156,291.8999938964844,291.3500061035156,291.3500061035156,72792
2026-02-10 10:15:00+05:30,291.29998779296875,291.8500061035156,291.29998779296875,291.3999938964844,115373
2026-02-10 10:20:00+05:30,291.3999938964844,291.70001220703125,291.25,291.70001220703125,54283
2026-02-10 10:25:00+05:30,291.70001220703125,291.75,291.5,291.75,52275
2026-02-10 10:30:00+05:30,291.6499938964844,291.70001220703125,291.3500061035156,291.70001220703125,51188
2026-02-10 10:35:00+05:30,291.70001220703125,292.1499938964844,291.5,292.1499938964844,175409
2026-02-10 10:40:00+05:30,292.1499938964844,292.5,291.95001220703125,291.95001220703125,99962
2026-02-10 10:45:00+05:30,292.0,292.1000061035156,291.79998779296875,291.8500061035156,52967
2026-02-10 10:50:00+05:30,291.8500061035156,292.25,291.79998779296875,291.79998779296875,67515
2026-02-10 10:55:00+05:30,291.8999938964844,291.8999938964844,291.6000061035156,291.6000061035156,38213
2026-02-10 11:00:00+05:30,291.6000061035156,291.6000061035156,291.1499938964844,291.54998779296875,63104
2026-02-10 11:05:00+05:30,291.54998779296875,291.54998779296875,291.25,291.3500061035156,32905
2026-02-10 11:10:00+05:30,291.3999938964844,291.6499938964844,291.20001220703125,291.5,47279
2026-02-10 11:15:00+05:30,291.5,291.8999938964844,291.1000061035156,291.1000061035156,57041
2026-02-10 11:20:00+05:30,291.20001220703125,291.20001220703125,290.8500061035156,290.95001220703125,137440
2026-02-10 11:25:00+05:30,290.95001220703125,291.04998779296875,290.8999938964844,290.95001220703125,102443
2026-02-10 11:30:00+05:30,291.0,291.0,290.95001220703125,290.95001220703125,33109
2026-02-10 11:35:00+05:30,291.0,291.0,290.04998779296875,290.29998779296875,104297
2026-02-10 11:40:00+05:30,290.25,290.6000061035156,290.1499938964844,290.45001220703125,76556
2026-02-10 11:45:00+05:30,290.45001220703125,290.6000061035156,290.04998779296875,290.3999938964844,70652
2026-02-10 11:50:00+05:30,290.5,290.6499938964844,290.29998779296875,290.45001220703125,57169
2026-02-10 11:55:00+05:30,290.45001220703125,290.8999938964844,290.45001220703125,290.8999938964844,59346
2026-02-10 12:00:00+05:30,290.75,290.79998779296875,290.3999938964844,290.3999938964844,62558
2026-02-10 12:05:00+05:30,290.45001220703125,290.5,290.25,290.29998779296875,81915
2026-02-10 12:10:00+05:30,290.29998779296875,290.45001220703125,290.25,290.3500061035156,47786
2026-02-10 12:15:00+05:30,290.3500061035156,290.6499938964844,290.25,290.6499938964844,60320
2026-02-10 12:20:00+05:30,290.6499938964844,290.75,290.5,290.70001220703125,43209
2026-02-10 12:25:00+05:30,290.70001220703125,290.8999938964844,290.54998779296875,290.6000061035156,60469
2026-02-10 12:30:00+05:30,290.6499938964844,290.8999938964844,290.5,290.6000061035156,56584
2026-02-10 12:35:00+05:30,290.6499938964844,290.79998779296875,290.29998779296875,290.45001220703125,44671
2026-02-10 12:40:00+05:30,290.54998779296875,290.79998779296875,290.45001220703125,290.5,45940
2026-02-10 12:45:00+05:30,290.45001220703125,290.70001220703125,290.3999938964844,290.54998779296875,44978
2026-02-10 12:50:00+05:30,290.54998779296875,291.3999938964844,290.54998779296875,291.29998779296875,168918
2026-02-10 12:55:00+05:30,291.25,291.8500061035156,291.0,291.75,103840
2026-02-10 13:00:00+05:30,291.8500061035156,291.8500061035156,291.1499938964844,291.1499938964844,148056
2026-02-10 13:05:00+05:30,291.1499938964844,291.1499938964844,290.75,290.79998779296875,88238
2026-02-10 13:10:00+05:30,291.0,291.20001220703125,290.8500061035156,290.95001220703125,62788
2026-02-10 13:15:00+05:30,290.8999938964844,291.0,290.6000061035156,290.70001220703125,112876
2026-02-10 13:20:00+05:30,290.6000061035156,290.75,290.20001220703125,290.20001220703125,68977
2026-02-10 13:25:00+05:30,290.1499938964844,290.54998779296875,290.1499938964844,290.20001220703125,62902
2026-02-10 13:30:00+05:30,290.20001220703125,290.5,290.0,290.3500061035156,108232
2026-02-10 13:35:00+05:30,290.25,290.3500061035156,290.04998779296875,290.20001220703125,85885
2026-02-10 13:40:00+05:30,290.20001220703125,290.6000061035156,290.20001220703125,290.45001220703125,61196
2026-02-10 13:45:00+05:30,290.6000061035156,290.6499938964844,290.20001220703125,290.3999938964844,65931
2026-02-10 13:50:00+05:30,290.54998779296875,290.8999938964844,290.3500061035156,290.70001220703125,71069
2026-02-10 13:55:00+05:30,290.54998779296875,290.70001220703125,290.29998779296875,290.3500061035156,65798
2026-02-10 14:00:00+05:30,290.3999938964844,290.54998779296875,290.20001220703125,290.3500061035156,72375
2026-02-10 14:05:00+05:30,290.3500061035156,291.1499938964844,290.25,291.0,75912
2026-02-10 14:10:00+05:30,291.04998779296875,291.20001220703125,290.8500061035156,291.0,83908
2026-02-10 14:15:00+05:30,291.04998779296875,291.3500061035156,290.8500061035156,291.20001220703125,84399
2026-02-10 14:20:00+05:30,291.1499938964844,291.25,290.8500061035156,290.8999938964844,71335
2026-02-10 14:25:00+05:30,290.79998779296875,291.20001220703125,290.75,290.8500061035156,68894
2026-02-10 14:30:00+05:30,290.79998779296875,290.8999938964844,290.6499938964844,290.79998779296875,37943
2026-02-10 14:35:00+05:30,290.8500061035156,290.8999938964844,290.6499938964844,290.6499938964844,51448
2026-02-10 14:40:00+05:30,290.6499938964844,290.70001220703125,290.29998779296875,290.6000061035156,218960
2026-02-10 14:45:00+05:30,290.70001220703125,290.8999938964844,290.29998779296875,290.3500061035156,110556
2026-02-10 14:50:00+05:30,290.54998779296875,290.6499938964844,290.29998779296875,290.6499938964844,97537
2026-02-10 14:55:00+05:30,290.6499938964844,290.8999938964844,290.5,290.8999938964844,96536
2026-02-10 15:00:00+05:30,291.29998779296875,291.29998779296875,290.79998779296875,290.8999938964844,225411
2026-02-10 15:05:00+05:30,290.8999938964844,290.8999938964844,290.3999938964844,290.45001220703125,115075
2026-02-10 15:10:00+05:30,290.5,290.5,290.04998779296875,290.25,312763
2026-02-10 15:15:00+05:30,290.29998779296875,290.5,290.25,290.3500061035156,199118
2026-02-10 15:20:00+05:30,290.3500061035156,290.3500061035156,289.95001220703125,290.04998779296875,268723
2026-02-10 15:25:00+05:30,290.0,290.25,289.54998779296875,289.54998779296875,222011
2026-02-11 09:20:00+05:30,288.79998779296875,288.79998779296875,287.8500061035156,287.8500061035156,215683
2026-02-11 09:25:00+05:30,287.8500061035156,288.20001220703125,287.70001220703125,287.79998779296875,121949
2026-02-11 09:30:00+05:30,287.6499938964844,287.6499938964844,286.3999938964844,286.5,142006
2026-02-11 09:35:00+05:30,286.6000061035156,286.79998779296875,286.04998779296875,286.3999938964844,147894
2026-02-11 09:40:00+05:30,286.45001220703125,286.5,286.04998779296875,286.29998779296875,69081
2026-02-11 09:45:00+05:30,286.25,287.3500061035156,286.25,286.8500061035156,144467
2026-02-11 09:50:00+05:30,286.79998779296875,286.8500061035156,286.20001220703125,286.75,130427
2026-02-11 09:55:00+05:30,286.8999938964844,287.0,286.6000061035156,286.6499938964844,68243
2026-02-11 10:00:00+05:30,286.6499938964844,286.6499938964844,286.29998779296875,286.29998779296875,48172
2026-02-11 10:05:00+05:30,286.29998779296875,286.3500061035156,285.79998779296875,286.04998779296875,119337
2026-02-11 10:10:00+05:30,286.04998779296875,286.6000061035156,286.04998779296875,286.54998779296875,31883
2026-02-11 10:15:00+05:30,286.54998779296875,286.6499938964844,286.29998779296875,286.6000061035156,38376
2026-02-11 10:20:00+05:30,286.5,287.45001220703125,286.5,287.3500061035156,59253
2026-02-11 10:25:00+05:30,287.3500061035156,288.29998779296875,287.04998779296875,288.25,99187
2026-02-11 10:30:00+05:30,288.5,289.1000061035156,288.29998779296875,289.1000061035156,204978
2026-02-11 10:35:00+05:30,289.1000061035156,289.70001220703125,288.70001220703125,289.29998779296875,240480
2026-02-11 10:40:00+05:30,289.29998779296875,289.5,288.95001220703125,289.1499938964844,100414
2026-02-11 10:45:00+05:30,289.3999938964844,289.75,289.25,289.6499938964844,108226
2026-02-11 10:50:00+05:30,289.6499938964844,289.75,289.3500061035156,289.5,63113
2026-02-11 10:55:00+05:30,289.54998779296875,290.20001220703125,289.5,289.54998779296875,143693
2026-02-11 11:00:00+05:30,289.6000061035156,289.6000061035156,289.1499938964844,289.3999938964844,42984
2026-02-11 11:05:00+05:30,289.3999938964844,289.8500061035156,289.29998779296875,289.29998779296875,58944
2026-02-11 11:10:00+05:30,289.3500061035156,290.8999938964844,289.29998779296875,290.6000061035156,468555
2026-02-11 11:15:00+05:30,290.6000061035156,290.8999938964844,290.20001220703125,290.3500061035156,61621
2026-02-11 11:20:00+05:30,290.25,290.6000061035156,290.25,290.5,39093
2026-02-11 11:25:00+05:30,290.54998779296875,291.25,290.5,290.8999938964844,66633
2026-02-11 11:30:00+05:30,290.8500061035156,291.29998779296875,290.8500061035156,291.0,65003
2026-02-11 11:35:00+05:30,291.0,291.1499938964844,290.5,290.5,30883
2026-02-11 11:40:00+05:30,290.5,290.54998779296875,290.20001220703125,290.29998779296875,55732
2026-02-11 11:45:00+05:30,290.29998779296875,290.6000061035156,290.29998779296875,290.3999938964844,36278
2026-02-11 11:50:00+05:30,290.29998779296875,290.3999938964844,290.0,290.0,32099
2026-02-11 11:55:00+05:30,290.04998779296875,290.3500061035156,290.0,290.29998779296875,38709
2026-02-11 12:00:00+05:30,290.3500061035156,290.3500061035156,290.1000061035156,290.1499938964844,32381
2026-02-11 12:05:00+05:30,290.1499938964844,291.25,290.0,291.20001220703125,148042
2026-02-11 12:10:00+05:30,291.25,291.3999938964844,290.3999938964844,290.45001220703125,92510
2026-02-11 12:15:00+05:30,290.45001220703125,290.5,290.04998779296875,290.1000061035156,43531
2026-02-11 12:20:00+05:30,290.04998779296875,290.25,289.75,290.0,111204
2026-02-11 12:25:00+05:30,290.25,290.5,290.0,290.29998779296875,284431
2026-02-11 12:30:00+05:30,290.3500061035156,290.70001220703125,290.20001220703125,290.29998779296875,47166
2026-02-11 12:35:00+05:30,290.29998779296875,290.75,290.29998779296875,290.45001220703125,33779
2026-02-11 12:40:00+05:30,290.45001220703125,290.6000061035156,290.1499938964844,290.1499938964844,38079
2026-02-11 12:45:00+05:30,290.1499938964844,290.29998779296875,290.0,290.29998779296875,27326
2026-02-11 12:50:00+05:30,290.29998779296875,290.5,290.20001220703125,290.29998779296875,31403
2026-02-11 12:55:00+05:30,290.25,290.8999938964844,290.20001220703125,290.8500061035156,71234
2026-02-11 13:00:00+05:30,290.8999938964844,290.95001220703125,290.5,290.6499938964844,57807
2026-02-11 13:05:00+05:30,290.6499938964844,290.95001220703125,290.5,290.6000061035156,44685
2026-02-11 13:10:00+05:30,290.6000061035156,290.75,290.3999938964844,290.6499938964844,33131
2026-02-11 13:15:00+05:30,290.6499938964844,290.8500061035156,290.6000061035156,290.79998779296875,32167
2026-02-11 13:20:00+05:30,290.79998779296875,291.20001220703125,290.45001220703125,290.6000061035156,60732
2026-02-11 13:25:00+05:30,290.6499938964844,290.70001220703125,290.45001220703125,290.6000061035156,28182
2026-02-11 13:30:00+05:30,290.6499938964844,291.1499938964844,290.6499938964844,291.1499938964844,38043
2026-02-11 13:35:00+05:30,291.20001220703125,291.6499938964844,291.20001220703125,291.5,64536
2026-02-11 13:40:00+05:30,291.5,291.5,291.1000061035156,291.1000061035156,45118
2026-02-11 13:45:00+05:30,291.1499938964844,291.1499938964844,290.8500061035156,290.95001220703125,42752
2026-02-11 13:50:00+05:30,290.95001220703125,291.25,290.79998779296875,290.95001220703125,64632
2026-02-11 13:55:00+05:30,290.95001220703125,291.3500061035156,290.95001220703125,291.25,44918
2026-02-11 14:00:00+05:30,291.29998779296875,292.29998779296875,291.20001220703125,292.25,150333
2026-02-11 14:05:00+05:30,292.04998779296875,292.20001220703125,291.45001220703125,291.6000061035156,99639
2026-02-11 14:10:00+05:30,291.6000061035156,292.0,291.6000061035156,292.0,39402
2026-02-11 14:15:00+05:30,292.04998779296875,292.70001220703125,291.8999938964844,292.3500061035156,92938
2026-02-11 14:20:00+05:30,292.3500061035156,292.45001220703125,291.70001220703125,291.8500061035156,100504
2026-02-11 14:25:00+05:30,291.8999938964844,292.1499938964844,291.8500061035156,292.0,139151
2026-02-11 14:30:00+05:30,291.8999938964844,291.8999938964844,291.3999938964844,291.70001220703125,58888
2026-02-11 14:35:00+05:30,291.70001220703125,291.70001220703125,291.3999938964844,291.3999938964844,50749
2026-02-11 14:40:00+05:30,291.29998779296875,291.3999938964844,291.04998779296875,291.29998779296875,60110
2026-02-11 14:45:00+05:30,291.29998779296875,291.3500061035156,291.0,291.04998779296875,52668
2026-02-11 14:50:00+05:30,291.1000061035156,291.29998779296875,291.04998779296875,291.04998779296875,41059
2026-02-11 14:55:00+05:30,291.04998779296875,291.3999938964844,290.8999938964844,291.20001220703125,73432
2026-02-11 15:00:00+05:30,291.45001220703125,291.45001220703125,290.95001220703125,291.0,99082
2026-02-11 15:05:00+05:30,291.0,291.04998779296875,290.95001220703125,291.0,79983
2026-02-11 15:10:00+05:30,290.95001220703125,291.1499938964844,290.95001220703125,291.0,174108
2026-02-11 15:15:00+05:30,291.1000061035156,291.3500061035156,291.04998779296875,291.25,172872
2026-02-11 15:20:00+05:30,291.3500061035156,291.5,291.1499938964844,291.3999938964844,242987
2026-02-11 15:25:00+05:30,291.3999938964844,291.54998779296875,290.6499938964844,290.6499938964844,207237
2026-02-12 09:20:00+05:30,290.0,290.95001220703125,289.6499938964844,289.6499938964844,172223
2026-02-12 09:25:00+05:30,289.6499938964844,289.95001220703125,289.3500061035156,289.8500061035156,74649
2026-02-12 09:30:00+05:30,289.54998779296875,290.0,289.29998779296875,290.0,102175
2026-02-12 09:35:00+05:30,289.95001220703125,290.70001220703125,289.8500061035156,290.20001220703125,71580
2026-02-12 09:40:00+05:30,290.3500061035156,290.3500061035156,289.8999938964844,290.0,23361
2026-02-12 09:45:00+05:30,290.20001220703125,290.6499938964844,289.8999938964844,290.54998779296875,98957
2026-02-12 09:50:00+05:30,290.5,290.8999938964844,290.3500061035156,290.75,62340
2026-02-12 09:55:00+05:30,290.79998779296875,291.3999938964844,290.79998779296875,291.1000061035156,141522
2026-02-12 10:00:00+05:30,291.1000061035156,291.1499938964844,290.75,290.95001220703125,56047
2026-02-12 10:05:00+05:30,291.0,291.54998779296875,290.5,291.54998779296875,339108
2026-02-12 10:10:00+05:30,291.3999938964844,291.95001220703125,290.8999938964844,291.25,204635
2026-02-12 10:15:00+05:30,291.3500061035156,291.3500061035156,290.6000061035156,290.70001220703125,82444
2026-02-12 10:20:00+05:30,290.70001220703125,291.1499938964844,290.70001220703125,290.8999938964844,32614
2026-02-12 10:25:00+05:30,291.0,291.0,290.54998779296875,290.75,93335
2026-02-12 10:30:00+05:30,291.0,291.1000061035156,290.6499938964844,290.70001220703125,13559
2026-02-12 10:35:00+05:30,290.70001220703125,290.79998779296875,290.5,290.5,43557
2026-02-12 10:40:00+05:30,290.5,290.70001220703125,290.5,290.6000061035156,126438
2026-02-12 10:45:00+05:30,290.6000061035156,290.70001220703125,290.1000061035156,290.6000061035156,110904
2026-02-12 10:50:00+05:30,290.6000061035156,290.6499938964844,290.3999938964844,290.54998779296875,67857
2026-02-12 10:55:00+05:30,290.6000061035156,290.70001220703125,290.45001220703125,290.45001220703125,62132
2026-02-12 11:00:00+05:30,290.54998779296875,290.79998779296875,290.5,290.70001220703125,134686
2026-02-12 11:05:00+05:30,290.75,290.8999938964844,290.5,290.79998779296875,59010
2026-02-12 11:10:00+05:30,291.0,291.04998779296875,290.70001220703125,290.79998779296875,26146
2026-02-12 11:15:00+05:30,290.79998779296875,291.0,290.6000061035156,290.8500061035156,30366
2026-02-12 11:20:00+05:30,290.8500061035156,290.8999938964844,290.5,290.54998779296875,35020
2026-02-12 11:25:00+05:30,290.6000061035156,290.70001220703125,290.1000061035156,290.1499938964844,100085
2026-02-12 11:30:00+05:30,290.1499938964844,290.20001220703125,289.3999938964844,289.45001220703125,130828
2026-02-12 11:35:00+05:30,289.45001220703125,289.6000061035156,289.20001220703125,289.45001220703125,108935
2026-02-12 11:40:00+05:30,289.45001220703125,290.04998779296875,289.3999938964844,290.04998779296875,102530
2026-02-12 11:45:00+05:30,290.04998779296875,290.25,289.8999938964844,290.04998779296875,90201
2026-02-12 11:50:00+05:30,290.04998779296875,290.04998779296875,289.0,289.20001220703125,102340
2026-02-12 11:55:00+05:30,289.20001220703125,289.3500061035156,288.79998779296875,288.79998779296875,85378
2026-02-12 12:00:00+05:30,288.75,288.75,288.04998779296875,288.04998779296875,89914
2026-02-12 12:05:00+05:30,288.1499938964844,288.20001220703125,287.8999938964844,287.95001220703125,58632
2026-02-12 12:10:00+05:30,288.0,288.1000061035156,287.79998779296875,287.8999938964844,51287
2026-02-12 12:15:00+05:30,287.8999938964844,288.1000061035156,287.8500061035156,288.1000061035156,47174
2026-02-12 12:20:00+05:30,288.1000061035156,288.45001220703125,287.8999938964844,288.1499938964844,50137
2026-02-12 12:25:00+05:30,288.1499938964844,288.3500061035156,288.04998779296875,288.25,46833
2026-02-12 12:30:00+05:30,288.29998779296875,288.8999938964844,288.20001220703125,288.70001220703125,92323
2026-02-12 12:35:00+05:30,288.70001220703125,288.75,288.1000061035156,288.20001220703125,46135
2026-02-12 12:40:00+05:30,288.1000061035156,288.29998779296875,288.0,288.20001220703125,54803
2026-02-12 12:45:00+05:30,288.25,288.6499938964844,288.25,288.3500061035156,51029
2026-02-12 12:50:00+05:30,288.3999938964844,288.70001220703125,288.29998779296875,288.29998779296875,40896
2026-02-12 12:55:00+05:30,288.3999938964844,288.54998779296875,288.25,288.3500061035156,45883
2026-02-12 13:00:00+05:30,288.3500061035156,289.3500061035156,288.3500061035156,289.04998779296875,55679
2026-02-12 13:05:00+05:30,289.04998779296875,289.20001220703125,288.75,288.8999938964844,24211
2026-02-12 13:10:00+05:30,288.8999938964844,288.95001220703125,288.45001220703125,288.75,47887
2026-02-12 13:15:00+05:30,288.75,289.75,288.70001220703125,289.6000061035156,58965
2026-02-12 13:20:00+05:30,289.70001220703125,289.70001220703125,289.20001220703125,289.5,68316
2026-02-12 13:25:00+05:30,289.54998779296875,289.6499938964844,289.1499938964844,289.1499938964844,81126
2026-02-12 13:30:00+05:30,289.3500061035156,289.6499938964844,289.20001220703125,289.3500061035156,64937
2026-02-12 13:35:00+05:30,289.3999938964844,289.6000061035156,289.20001220703125,289.5,53239
2026-02-12 13:40:00+05:30,289.5,289.54998779296875,289.25,289.25,44382
2026-02-12 13:45:00+05:30,289.29998779296875,289.70001220703125,289.25,289.25,56143
2026-02-12 13:50:00+05:30,289.3500061035156,289.54998779296875,289.20001220703125,289.54998779296875,28185
2026-02-12 13:55:00+05:30,289.6499938964844,289.8999938964844,289.45001220703125,289.8500061035156,31157
2026-02-12 14:00:00+05:30,289.95001220703125,290.0,289.75,289.8500061035156,44191
2026-02-12 14:05:00+05:30,289.8999938964844,290.0,289.79998779296875,289.8999938964844,27285
2026-02-12 14:10:00+05:30,289.8999938964844,290.0,289.79998779296875,289.95001220703125,36431
2026-02-12 14:15:00+05:30,289.75,290.0,289.04998779296875,289.5,108675
2026-02-12 14:20:00+05:30,289.45001220703125,289.79998779296875,289.3999938964844,289.54998779296875,61230
2026-02-12 14:25:00+05:30,289.70001220703125,289.79998779296875,289.45001220703125,289.5,30084
2026-02-12 14:30:00+05:30,289.54998779296875,289.6499938964844,289.3999938964844,289.3999938964844,19735
2026-02-12 14:35:00+05:30,289.3999938964844,289.6499938964844,289.0,289.3999938964844,52658
2026-02-12 14:40:00+05:30,289.45001220703125,289.5,289.1499938964844,289.25,54121
2026-02-12 14:45:00+05:30,289.3999938964844,289.3999938964844,288.25,288.25,158686
2026-02-12 14:50:00+05:30,288.45001220703125,289.25,288.29998779296875,289.25,169004
2026-02-12 14:55:00+05:30,289.29998779296875,289.70001220703125,289.1499938964844,289.6499938964844,127343
2026-02-12 15:00:00+05:30,289.70001220703125,290.54998779296875,289.70001220703125,289.95001220703125,270126
2026-02-12 15:05:00+05:30,289.95001220703125,290.20001220703125,289.79998779296875,289.95001220703125,111556
2026-02-12 15:10:00+05:30,289.95001220703125,290.1000061035156,289.70001220703125,289.95001220703125,75284
2026-02-12 15:15:00+05:30,289.95001220703125,290.20001220703125,289.70001220703125,289.79998779296875,197996
2026-02-12 15:20:00+05:30,290.0,290.0,289.29998779296875,289.45001220703125,172569
2026-02-12 15:25:00+05:30,289.5,289.8500061035156,289.1000061035156,289.8500061035156,205371
2026-02-13 09:20:00+05:30,286.3999938964844,286.8999938964844,285.29998779296875,286.54998779296875,136866
2026-02-13 09:25:00+05:30,286.70001220703125,286.8999938964844,286.29998779296875,286.54998779296875,48758
2026-02-13 09:30:00+05:30,286.45001220703125,286.45001220703125,285.29998779296875,285.45001220703125,94588
2026-02-13 09:35:00+05:30,285.3999938964844,285.6000061035156,284.95001220703125,285.0,102575
2026-02-13 09:40:00+05:30,285.04998779296875,286.6499938964844,284.8500061035156,286.54998779296875,122266
2026-02-13 09:45:00+05:30,286.6000061035156,286.6000061035156,286.0,286.20001220703125,77252
2026-02-13 09:50:00+05:30,286.25,286.70001220703125,286.0,286.6000061035156,65818
2026-02-13 09:55:00+05:30,286.6499938964844,286.6499938964844,286.20001220703125,286.20001220703125,29071
2026-02-13 10:00:00+05:30,286.25,287.0,286.1000061035156,286.70001220703125,501877
2026-02-13 10:05:00+05:30,286.79998779296875,286.95001220703125,286.25,286.54998779296875,88242
2026-02-13 10:10:00+05:30,286.45001220703125,286.79998779296875,286.25,286.25,72676
2026-02-13 10:15:00+05:30,286.29998779296875,286.29998779296875,285.5,285.6000061035156,142329
2026-02-13 10:20:00+05:30,285.6000061035156,286.3999938964844,285.54998779296875,286.29998779296875,56817
2026-02-13 10:25:00+05:30,286.3999938964844,286.79998779296875,286.3500061035156,286.5,35134
2026-02-13 10:30:00+05:30,286.6000061035156,287.0,286.5,287.0,39910
2026-02-13 10:35:00+05:30,287.0,287.45001220703125,287.0,287.3999938964844,38115
2026-02-13 10:40:00+05:30,287.25,287.6000061035156,287.1000061035156,287.20001220703125,46032
2026-02-13 10:45:00+05:30,287.1499938964844,287.25,286.8500061035156,286.8999938964844,42813
2026-02-13 10:50:00+05:30,286.79998779296875,286.79998779296875,286.3500061035156,286.3500061035156,45811
2026-02-13 10:55:00+05:30,286.29998779296875,286.8500061035156,286.29998779296875,286.54998779296875,42444
2026-02-13 11:00:00+05:30,286.6499938964844,286.6499938964844,285.8500061035156,285.8500061035156,53277
2026-02-13 11:05:00+05:30,285.8500061035156,286.04998779296875,285.6499938964844,285.75,42904
2026-02-13 11:10:00+05:30,285.6499938964844,286.20001220703125,285.6499938964844,286.20001220703125,38788
2026-02-13 11:15:00+05:30,286.1000061035156,286.3500061035156,285.6000061035156,285.6499938964844,44612
2026-02-13 11:20:00+05:30,285.6000061035156,286.1000061035156,285.5,285.75,36101
2026-02-13 11:25:00+05:30,285.75,286.3999938964844,285.75,286.3999938964844,31554
2026-02-13 11:30:00+05:30,286.3999938964844,286.3999938964844,285.8500061035156,285.8999938964844,36463
2026-02-13 11:35:00+05:30,285.8500061035156,286.25,285.75,286.20001220703125,24418
2026-02-13 11:40:00+05:30,286.1499938964844,286.1499938964844,285.70001220703125,286.0,33874
2026-02-13 11:45:00+05:30,285.8999938964844,286.3999938964844,285.8999938964844,286.20001220703125,22288
2026-02-13 11:50:00+05:30,286.04998779296875,286.20001220703125,285.8999938964844,285.95001220703125,38422
2026-02-13 11:55:00+05:30,285.95001220703125,286.3999938964844,285.8999938964844,286.3500061035156,50914
2026-02-13 12:00:00+05:30,286.3999938964844,286.8999938964844,286.20001220703125,286.3500061035156,58873
2026-02-13 12:05:00+05:30,286.29998779296875,286.70001220703125,286.1000061035156,286.6000061035156,22044
2026-02-13 12:10:00+05:30,286.6499938964844,286.8500061035156,286.45001220703125,286.79998779296875,20332
2026-02-13 12:15:00+05:30,286.75,286.8500061035156,286.3999938964844,286.3999938964844,77248
2026-02-13 12:20:00+05:30,286.3999938964844,286.70001220703125,286.29998779296875,286.3999938964844,38126
2026-02-13 12:25:00+05:30,286.29998779296875,287.20001220703125,286.29998779296875,286.6000061035156,73225
2026-02-13 12:30:00+05:30,286.70001220703125,286.95001220703125,286.54998779296875,286.8500061035156,43887
2026-02-13 12:35:00+05:30,286.95001220703125,286.95001220703125,286.6000061035156,286.70001220703125,35433
2026-02-13 12:40:00+05:30,286.6499938964844,286.8999938964844,286.54998779296875,286.79998779296875,33323
2026-02-13 12:45:00+05:30,286.70001220703125,287.04998779296875,286.5,286.5,45060
2026-02-13 12:50:00+05:30,286.5,286.6499938964844,286.25,286.3500061035156,58903
2026-02-13 12:55:00+05:30,286.3500061035156,286.54998779296875,285.75,285.8999938964844,55147
2026-02-13 13:00:00+05:30,285.75,285.8500061035156,285.6000061035156,285.70001220703125,67231
2026-02-13 13:05:00+05:30,285.6499938964844,285.8999938964844,285.5,285.75,65176
2026-02-13 13:10:00+05:30,285.75,286.25,285.75,285.95001220703125,41747
2026-02-13 13:15:00+05:30,285.8500061035156,286.04998779296875,285.70001220703125,285.95001220703125,44831
2026-02-13 13:20:00+05:30,285.95001220703125,285.95001220703125,285.3500061035156,285.45001220703125,85509
2026-02-13 13:25:00+05:30,285.3500061035156,285.6000061035156,285.3500061035156,285.5,66001
2026-02-13 13:30:00+05:30,285.29998779296875,285.45001220703125,284.70001220703125,285.20001220703125,183200
2026-02-13 13:35:00+05:30,285.20001220703125,285.70001220703125,285.1499938964844,285.5,45348
2026-02-13 13:40:00+05:30,285.45001220703125,285.6499938964844,285.25,285.3999938964844,46177
2026-02-13 13:45:00+05:30,285.5,285.54998779296875,284.8500061035156,285.04998779296875,85090
2026-02-13 13:50:00+05:30,285.04998779296875,285.3999938964844,284.8999938964844,285.3999938964844,65270
2026-02-13 13:55:00+05:30,285.45001220703125,285.70001220703125,285.3500061035156,285.70001220703125,78871
2026-02-13 14:00:00+05:30,285.6499938964844,285.95001220703125,285.54998779296875,285.8999938964844,77310
2026-02-13 14:05:00+05:30,285.75,286.45001220703125,285.75,285.8999938964844,115003
2026-02-13 14:10:00+05:30,285.8999938964844,286.45001220703125,285.8999938964844,286.45001220703125,92125
2026-02-13 14:15:00+05:30,286.3500061035156,286.79998779296875,286.29998779296875,286.6000061035156,61890
2026-02-13 14:20:00+05:30,286.6000061035156,286.8500061035156,286.20001220703125,286.3999938964844,94280
2026-02-13 14:25:00+05:30,286.70001220703125,286.70001220703125,286.20001220703125,286.25,69055
2026-02-13 14:30:00+05:30,286.20001220703125,286.3999938964844,285.8500061035156,286.20001220703125,74499
2026-02-13 14:35:00+05:30,286.20001220703125,286.8500061035156,286.20001220703125,286.79998779296875,81051
2026-02-13 14:40:00+05:30,286.75,286.8500061035156,286.5,286.79998779296875,60240
2026-02-13 14:45:00+05:30,286.79998779296875,287.0,286.25,286.70001220703125,357468
2026-02-13 14:50:00+05:30,286.70001220703125,287.20001220703125,286.6499938964844,287.0,74861
2026-02-13 14:55:00+05:30,287.1000061035156,287.5,286.8500061035156,287.3999938964844,122161
2026-02-13 15:00:00+05:30,287.6499938964844,287.6499938964844,286.95001220703125,287.54998779296875,148460
2026-02-13 15:05:00+05:30,287.6000061035156,287.6000061035156,287.25,287.3500061035156,98392
2026-02-13 15:10:00+05:30,287.3500061035156,287.70001220703125,287.29998779296875,287.70001220703125,184133
2026-02-13 15:15:00+05:30,287.70001220703125,287.79998779296875,287.3999938964844,287.5,179500
2026-02-13 15:20:00+05:30,287.5,287.8500061035156,287.1499938964844,287.29998779296875,270429
2026-02-13 15:25:00+05:30,287.25,287.5,287.20001220703125,287.3500061035156,211046
2026-02-16 09:20:00+05:30,285.29998779296875,286.6000061035156,285.1000061035156,286.1000061035156,191324
2026-02-16 09:25:00+05:30,286.1000061035156,286.20001220703125,285.54998779296875,285.8500061035156,44414
2026-02-16 09:30:00+05:30,285.95001220703125,287.1000061035156,285.95001220703125,286.8999938964844,57252
2026-02-16 09:35:00+05:30,286.8999938964844,287.0,286.20001220703125,286.5,41879
2026-02-16 09:40:00+05:30,286.3500061035156,286.79998779296875,286.29998779296875,286.29998779296875,24104
2026-02-16 09:45:00+05:30,286.29998779296875,286.6000061035156,286.20001220703125,286.25,25632
2026-02-16 09:50:00+05:30,286.29998779296875,286.70001220703125,285.8999938964844,286.54998779296875,76804
2026-02-16 09:55:00+05:30,286.3999938964844,286.79998779296875,286.3999938964844,286.79998779296875,38343
2026-02-16 10:00:00+05:30,286.79998779296875,287.3500061035156,286.6499938964844,286.79998779296875,44601
2026-02-16 10:05:00+05:30,287.0,288.0,287.0,287.8500061035156,101044
2026-02-16 10:10:00+05:30,287.8500061035156,287.8500061035156,287.3999938964844,287.75,33591
2026-02-16 10:15:00+05:30,287.70001220703125,288.0,287.45001220703125,287.45001220703125,23921
2026-02-16 10:20:00+05:30,287.45001220703125,287.5,287.20001220703125,287.25,11682
2026-02-16 10:25:00+05:30,287.25,287.45001220703125,287.1499938964844,287.25,24957
2026-02-16 10:30:00+05:30,287.25,287.5,287.1499938964844,287.20001220703125,20423
2026-02-16 10:35:00+05:30,287.1000061035156,287.6000061035156,287.04998779296875,287.25,27718
2026-02-16 10:40:00+05:30,287.25,287.6000061035156,287.20001220703125,287.6000061035156,9741
2026-02-16 10:45:00+05:30,287.54998779296875,287.95001220703125,287.3999938964844,287.45001220703125,15037
2026-02-16 10:50:00+05:30,287.5,287.79998779296875,287.3500061035156,287.70001220703125,8580
2026-02-16 10:55:00+05:30,287.70001220703125,287.70001220703125,287.54998779296875,287.6000061035156,11253
2026-02-16 11:00:00+05:30,287.70001220703125,288.20001220703125,287.6499938964844,288.20001220703125,174847
2026-02-16 11:05:00+05:30,288.29998779296875,288.29998779296875,287.6000061035156,287.8500061035156,35892
2026-02-16 11:10:00+05:30,287.79998779296875,287.8999938964844,287.6499938964844,287.79998779296875,6461
2026-02-16 11:15:00+05:30,287.8999938964844,288.1000061035156,287.70001220703125,288.1000061035156,29069
2026-02-16 11:20:00+05:30,288.0,288.8999938964844,288.0,288.8999938964844,65937
2026-02-16 11:25:00+05:30,288.8999938964844,289.0,288.54998779296875,288.6000061035156,27716
2026-02-16 11:30:00+05:30,288.6499938964844,288.70001220703125,288.20001220703125,288.29998779296875,31890
2026-02-16 11:35:00+05:30,288.1499938964844,288.5,288.1000061035156,288.1499938964844,16818
2026-02-16 11:40:00+05:30,288.20001220703125,289.3500061035156,288.04998779296875,289.1000061035156,245290
2026-02-16 11:45:00+05:30,289.0,289.3999938964844,289.0,289.29998779296875,115078
2026-02-16 11:50:00+05:30,289.20001220703125,290.0,289.20001220703125,289.45001220703125,362568
2026-02-16 11:55:00+05:30,289.45001220703125,290.6499938964844,289.45001220703125,290.6499938964844,531139
2026-02-16 12:00:00+05:30,290.54998779296875,290.6499938964844,290.1000061035156,290.1000061035156,58225
2026-02-16 12:05:00+05:30,290.1000061035156,290.25,289.79998779296875,289.8500061035156,31389
2026-02-16 12:10:00+05:30,289.79998779296875,290.1499938964844,289.79998779296875,289.79998779296875,41378
2026-02-16 12:15:00+05:30,289.70001220703125,290.45001220703125,289.54998779296875,290.1000061035156,60865
2026-02-16 12:20:00+05:30,289.95001220703125,290.3500061035156,289.95001220703125,290.20001220703125,35448
2026-02-16 12:25:00+05:30,290.20001220703125,290.6000061035156,289.8999938964844,290.5,64185
2026-02-16 12:30:00+05:30,290.5,291.3500061035156,290.45001220703125,290.95001220703125,87276
2026-02-16 12:35:00+05:30,291.0,291.25,290.79998779296875,291.04998779296875,56680
2026-02-16 12:40:00+05:30,291.0,291.04998779296875,290.70001220703125,290.70001220703125,14975
2026-02-16 12:45:00+05:30,290.70001220703125,290.95001220703125,290.45001220703125,290.45001220703125,27960
2026-02-16 12:50:00+05:30,290.6499938964844,290.6499938964844,290.29998779296875,290.5,23884
2026-02-16 12:55:00+05:30,290.6499938964844,290.8500061035156,290.25,290.5,56619
2026-02-16 13:00:00+05:30,290.6499938964844,290.8999938964844,290.6499938964844,290.75,18669
2026-02-16 13:05:00+05:30,290.70001220703125,290.75,290.5,290.70001220703125,16419
2026-02-16 13:10:00+05:30,290.6000061035156,291.0,290.6000061035156,290.95001220703125,28334
2026-02-16 13:15:00+05:30,290.95001220703125,291.0,290.79998779296875,290.79998779296875,17464
2026-02-16 13:20:00+05:30,290.8999938964844,291.0,290.75,290.8500061035156,23918
2026-02-16 13:25:00+05:30,290.8500061035156,291.3999938964844,290.8500061035156,291.3500061035156,70746
2026-02-16 13:30:00+05:30,291.3999938964844,291.6000061035156,291.0,291.5,67000
2026-02-16 13:35:00+05:30,291.6000061035156,291.79998779296875,291.3999938964844,291.70001220703125,32944
2026-02-16 13:40:00+05:30,291.75,291.95001220703125,291.5,291.95001220703125,86548
2026-02-16 13:45:00+05:30,291.8999938964844,292.1499938964844,291.45001220703125,291.54998779296875,95521
2026-02-16 13:50:00+05:30,291.45001220703125,291.79998779296875,291.3999938964844,291.70001220703125,46623
2026-02-16 13:55:00+05:30,291.70001220703125,291.75,291.5,291.75,33248
2026-02-16 14:00:00+05:30,291.6499938964844,292.25,291.6499938964844,292.0,99371
2026-02-16 14:05:00+05:30,292.0,292.1499938964844,291.75,291.79998779296875,54095
2026-02-16 14:10:00+05:30,291.79998779296875,292.70001220703125,291.79998779296875,292.45001220703125,128847
2026-02-16 14:15:00+05:30,292.3500061035156,292.8999938964844,292.25,292.25,67239
2026-02-16 14:20:00+05:30,292.29998779296875,292.3500061035156,292.1000061035156,292.25,28813
2026-02-16 14:25:00+05:30,292.25,292.3999938964844,292.1000061035156,292.25,40375
2026-02-16 14:30:00+05:30,292.25,292.29998779296875,292.04998779296875,292.20001220703125,63588
2026-02-16 14:35:00+05:30,292.20001220703125,292.45001220703125,292.04998779296875,292.45001220703125,102097
2026-02-16 14:40:00+05:30,292.45001220703125,292.6499938964844,292.04998779296875,292.6000061035156,67245
2026-02-16 14:45:00+05:30,292.6499938964844,292.70001220703125,292.20001220703125,292.54998779296875,82739
2026-02-16 14:50:00+05:30,292.54998779296875,292.75,292.3999938964844,292.6000061035156,135696
2026-02-16 14:55:00+05:30,292.54998779296875,293.0,292.29998779296875,292.54998779296875,158109
2026-02-16 15:00:00+05:30,292.70001220703125,292.79998779296875,292.1000061035156,292.3500061035156,235711
2026-02-16 15:05:00+05:30,292.1499938964844,292.70001220703125,292.1499938964844,292.5,147190
2026-02-16 15:10:00+05:30,292.45001220703125,292.6000061035156,292.1000061035156,292.1499938964844,242561
2026-02-16 15:15:00+05:30,292.20001220703125,292.5,292.1000061035156,292.5,156692
2026-02-16 15:20:00+05:30,292.3500061035156,292.5,292.0,292.5,208821
2026-02-16 15:25:00+05:30,292.5,293.3500061035156,292.3500061035156,293.29998779296875,349713
2026-02-17 09:20:00+05:30,292.3999938964844,292.3999938964844,291.54998779296875,291.54998779296875,91097
2026-02-17 09:25:00+05:30,291.6499938964844,294.5,291.29998779296875,294.3500061035156,938152
2026-02-17 09:30:00+05:30,294.3500061035156,295.20001220703125,294.0,294.6499938964844,521646
2026-02-17 09:35:00+05:30,294.79998779296875,294.79998779296875,293.95001220703125,294.20001220703125,386089
2026-02-17 09:40:00+05:30,294.25,294.29998779296875,293.8999938964844,294.29998779296875,156135
2026-02-17 09:45:00+05:30,294.25,294.25,293.5,293.95001220703125,331379
2026-02-17 09:50:00+05:30,294.0,294.20001220703125,293.54998779296875,294.0,81944
2026-02-17 09:55:00+05:30,294.0,294.1000061035156,293.1499938964844,293.3999938964844,106354
2026-02-17 10:00:00+05:30,293.3999938964844,293.54998779296875,293.1000061035156,293.54998779296875,41798
2026-02-17 10:05:00+05:30,293.54998779296875,293.75,293.25,293.75,46611
2026-02-17 10:10:00+05:30,293.70001220703125,294.6000061035156,293.70001220703125,294.5,102212
2026-02-17 10:15:00+05:30,294.6000061035156,294.6000061035156,294.29998779296875,294.54998779296875,56724
2026-02-17 10:20:00+05:30,294.5,296.1000061035156,294.5,295.3999938964844,431685
2026-02-17 10:25:00+05:30,295.3500061035156,296.6499938964844,295.3500061035156,296.54998779296875,142869
2026-02-17 10:30:00+05:30,296.6000061035156,298.25,296.45001220703125,297.20001220703125,310642
2026-02-17 10:35:00+05:30,297.1000061035156,297.45001220703125,296.8999938964844,297.0,100222
2026-02-17 10:40:00+05:30,297.0,297.54998779296875,296.20001220703125,297.0,187708
2026-02-17 10:45:00+05:30,296.95001220703125,296.95001220703125,295.8500061035156,296.3999938964844,151156
2026-02-17 10:50:00+05:30,296.45001220703125,297.1499938964844,296.25,297.1499938964844,408260
2026-02-17 10:55:00+05:30,297.04998779296875,297.95001220703125,297.04998779296875,297.70001220703125,204728
2026-02-17 11:00:00+05:30,297.6000061035156,297.6000061035156,297.0,297.1499938964844,96845
2026-02-17 11:05:00+05:30,297.0,298.6000061035156,297.0,298.5,284527
2026-02-17 11:10:00+05:30,298.54998779296875,298.75,297.95001220703125,298.04998779296875,199110
2026-02-17 11:15:00+05:30,298.1499938964844,299.0,297.79998779296875,298.95001220703125,194407
2026-02-17 11:20:00+05:30,298.8500061035156,300.20001220703125,298.79998779296875,299.6000061035156,690783
2026-02-17 11:25:00+05:30,299.54998779296875,300.0,299.29998779296875,299.5,549026
2026-02-17 11:30:00+05:30,299.5,299.8500061035156,299.3999938964844,299.5,104557
2026-02-17 11:35:00+05:30,299.75,300.6000061035156,299.6499938964844,299.70001220703125,381202
2026-02-17 11:40:00+05:30,299.75,300.3999938964844,299.6000061035156,300.1000061035156,169226
2026-02-17 11:45:00+05:30,300.20001220703125,302.3500061035156,300.1000061035156,301.75,553573
2026-02-17 11:50:00+05:30,301.75,303.0,301.75,302.5,616974
2026-02-17 11:55:00+05:30,302.5,303.75,302.29998779296875,303.3500061035156,557498
2026-02-17 12:00:00+05:30,303.3500061035156,303.75,303.0,303.20001220703125,195941
2026-02-17 12:05:00+05:30,303.20001220703125,303.5,302.8999938964844,303.29998779296875,216036
2026-02-17 12:10:00+05:30,303.20001220703125,304.0,303.20001220703125,303.75,206694
2026-02-17 12:15:00+05:30,303.79998779296875,305.0,303.79998779296875,303.8500061035156,485399
2026-02-17 12:20:00+05:30,303.8999938964844,304.70001220703125,303.8999938964844,304.1000061035156,258055
2026-02-17 12:25:00+05:30,304.1000061035156,304.3500061035156,303.6000061035156,304.04998779296875,204256
2026-02-17 12:30:00+05:30,304.29998779296875,304.45001220703125,303.5,303.5,140816
2026-02-17 12:35:00+05:30,303.3500061035156,303.6499938964844,303.1000061035156,303.25,235934
2026-02-17 12:40:00+05:30,303.25,303.8500061035156,302.79998779296875,303.20001220703125,414778
2026-02-17 12:45:00+05:30,303.25,303.3999938964844,302.75,303.1000061035156,346363
2026-02-17 12:50:00+05:30,303.1000061035156,303.6499938964844,303.1000061035156,303.29998779296875,84677
2026-02-17 12:55:00+05:30,303.3500061035156,304.0,303.1000061035156,303.79998779296875,520663
2026-02-17 13:00:00+05:30,303.75,304.6000061035156,303.54998779296875,303.6499938964844,173550
2026-02-17 13:05:00+05:30,303.70001220703125,304.1499938964844,303.70001220703125,303.8999938964844,90204
2026-02-17 13:10:00+05:30,303.79998779296875,304.1499938964844,303.79998779296875,303.8999938964844,83510
2026-02-17 13:15:00+05:30,303.8999938964844,304.0,303.1000061035156,303.45001220703125,144073
2026-02-17 13:20:00+05:30,303.5,304.0,303.3500061035156,304.0,88545
2026-02-17 13:25:00+05:30,304.0,304.0,303.6499938964844,303.75,91666
2026-02-17 13:30:00+05:30,303.79998779296875,304.0,303.54998779296875,303.70001220703125,112359
2026-02-17 13:35:00+05:30,303.75,304.0,303.6000061035156,303.75,85842
2026-02-17 13:40:00+05:30,303.75,303.95001220703125,303.6499938964844,303.79998779296875,68034
2026-02-17 13:45:00+05:30,303.79998779296875,303.8500061035156,303.1499938964844,303.20001220703125,93525
2026-02-17 13:50:00+05:30,303.20001220703125,303.29998779296875,303.04998779296875,303.1499938964844,81505
2026-02-17 13:55:00+05:30,303.20001220703125,303.29998779296875,303.0,303.04998779296875,145611
2026-02-17 14:00:00+05:30,303.1000061035156,303.5,303.04998779296875,303.5,121112
2026-02-17 14:05:00+05:30,303.5,303.5,303.04998779296875,303.04998779296875,57369
2026-02-17 14:10:00+05:30,303.0,303.29998779296875,303.0,303.04998779296875,596967
2026-02-17 14:15:00+05:30,303.04998779296875,303.45001220703125,303.04998779296875,303.29998779296875,91217
2026-02-17 14:20:00+05:30,303.3999938964844,303.6000061035156,303.25,303.45001220703125,76906
2026-02-17 14:25:00+05:30,303.3999938964844,303.5,303.1499938964844,303.20001220703125,46510
2026-02-17 14:30:00+05:30,303.20001220703125,303.70001220703125,303.04998779296875,303.70001220703125,112047
2026-02-17 14:35:00+05:30,303.8500061035156,304.29998779296875,303.70001220703125,304.04998779296875,305827
2026-02-17 14:40:00+05:30,304.0,304.1000061035156,303.3999938964844,303.45001220703125,233100
2026-02-17 14:45:00+05:30,303.3999938964844,303.75,303.1499938964844,303.6000061035156,79926
2026-02-17 14:50:00+05:30,303.54998779296875,303.70001220703125,303.29998779296875,303.5,117710
2026-02-17 14:55:00+05:30,303.5,303.6000061035156,303.20001220703125,303.25,141532
2026-02-17 15:00:00+05:30,303.5,303.5,303.1000061035156,303.29998779296875,177781
2026-02-17 15:05:00+05:30,303.25,303.45001220703125,303.20001220703125,303.3999938964844,162301
2026-02-17 15:10:00+05:30,303.3999938964844,303.6499938964844,303.25,303.25,264040
2026-02-17 15:15:00+05:30,303.25,303.3500061035156,303.04998779296875,303.25,399360
2026-02-17 15:20:00+05:30,303.1000061035156,303.5,303.04998779296875,303.29998779296875,307068
2026-02-17 15:25:00+05:30,303.3999938964844,303.5,303.04998779296875,303.5,268554
2026-02-18 09:20:00+05:30,304.95001220703125,305.3999938964844,304.5,304.5,244860
2026-02-18 09:25:00+05:30,304.70001220703125,305.70001220703125,304.5,305.0,140303
2026-02-18 09:30:00+05:30,305.1000061035156,305.3500061035156,304.3999938964844,304.8999938964844,344479
2026-02-18 09:35:00+05:30,305.0,305.54998779296875,304.54998779296875,305.25,186547
2026-02-18 09:40:00+05:30,305.20001220703125,306.20001220703125,305.04998779296875,306.0,240598
2026-02-18 09:45:00+05:30,306.1000061035156,306.1000061035156,305.1000061035156,305.25,115402
2026-02-18 09:50:00+05:30,305.29998779296875,306.54998779296875,305.1000061035156,305.75,213268
2026-02-18 09:55:00+05:30,305.8500061035156,305.95001220703125,305.25,305.45001220703125,118778
2026-02-18 10:00:00+05:30,305.29998779296875,306.1000061035156,305.1499938964844,306.1000061035156,131607
2026-02-18 10:05:00+05:30,306.04998779296875,307.0,306.04998779296875,306.70001220703125,271931
2026-02-18 10:10:00+05:30,306.75,306.8999938964844,305.79998779296875,305.79998779296875,254279
2026-02-18 10:15:00+05:30,305.79998779296875,306.0,304.75,304.8500061035156,326150
2026-02-18 10:20:00+05:30,304.79998779296875,305.04998779296875,304.75,304.95001220703125,123655
2026-02-18 10:25:00+05:30,304.95001220703125,305.20001220703125,304.75,305.20001220703125,68709
2026-02-18 10:30:00+05:30,305.1499938964844,305.3500061035156,304.8999938964844,305.0,99791
2026-02-18 10:35:00+05:30,304.95001220703125,305.25,304.8500061035156,305.0,102752
2026-02-18 10:40:00+05:30,304.95001220703125,304.95001220703125,304.1499938964844,304.1499938964844,90704
2026-02-18 10:45:00+05:30,304.04998779296875,304.45001220703125,304.0,304.45001220703125,64934
2026-02-18 10:50:00+05:30,304.3999938964844,304.8999938964844,304.3500061035156,304.6499938964844,59070
2026-02-18 10:55:00+05:30,304.54998779296875,304.54998779296875,304.20001220703125,304.29998779296875,64071
2026-02-18 11:00:00+05:30,304.29998779296875,304.54998779296875,304.20001220703125,304.5,126553
2026-02-18 11:05:00+05:30,304.5,304.6000061035156,304.29998779296875,304.5,72243
2026-02-18 11:10:00+05:30,304.5,304.79998779296875,304.29998779296875,304.5,60110
2026-02-18 11:15:00+05:30,304.45001220703125,304.95001220703125,304.45001220703125,304.70001220703125,71285
2026-02-18 11:20:00+05:30,304.6499938964844,305.3999938964844,304.6000061035156,305.1499938964844,72382
2026-02-18 11:25:00+05:30,305.1499938964844,305.6000061035156,304.95001220703125,305.54998779296875,86835
2026-02-18 11:30:00+05:30,305.5,305.54998779296875,305.29998779296875,305.3999938964844,38523
2026-02-18 11:35:00+05:30,305.3999938964844,305.3999938964844,304.8999938964844,305.20001220703125,48218
2026-02-18 11:40:00+05:30,305.1499938964844,305.75,305.0,305.54998779296875,111584
2026-02-18 11:45:00+05:30,305.5,305.79998779296875,305.5,305.6499938964844,60592
2026-02-18 11:50:00+05:30,305.5,305.6499938964844,305.5,305.6000061035156,44371
2026-02-18 11:55:00+05:30,305.5,305.6499938964844,305.1499938964844,305.29998779296875,82916
2026-02-18 12:00:00+05:30,305.29998779296875,305.45001220703125,304.8999938964844,305.1000061035156,66000
2026-02-18 12:05:00+05:30,304.8999938964844,305.54998779296875,304.8999938964844,305.45001220703125,48783
2026-02-18 12:10:00+05:30,305.3500061035156,305.5,305.1499938964844,305.45001220703125,57125
2026-02-18 12:15:00+05:30,305.3500061035156,305.54998779296875,305.1000061035156,305.1000061035156,46987
2026-02-18 12:20:00+05:30,305.04998779296875,305.3999938964844,304.6499938964844,304.79998779296875,96300
2026-02-18 12:25:00+05:30,304.95001220703125,305.04998779296875,304.70001220703125,304.95001220703125,32278
2026-02-18 12:30:00+05:30,305.0,305.29998779296875,304.8500061035156,305.1000061035156,35133
2026-02-18 12:35:00+05:30,304.95001220703125,305.70001220703125,304.95001220703125,305.54998779296875,79913
2026-02-18 12:40:00+05:30,305.3999938964844,305.6000061035156,305.1499938964844,305.5,44414
2026-02-18 12:45:00+05:30,305.3500061035156,305.54998779296875,305.20001220703125,305.25,30927
2026-02-18 12:50:00+05:30,305.3999938964844,305.75,305.3999938964844,305.6000061035156,68760
2026-02-18 12:55:00+05:30,305.5,305.6000061035156,305.20001220703125,305.29998779296875,45929
2026-02-18 13:00:00+05:30,305.25,305.54998779296875,305.25,305.45001220703125,27099
2026-02-18 13:05:00+05:30,305.45001220703125,305.5,305.25,305.5,34707
2026-02-18 13:10:00+05:30,305.3999938964844,305.79998779296875,305.29998779296875,305.75,71350
2026-02-18 13:15:00+05:30,305.6499938964844,305.75,305.3999938964844,305.6499938964844,43550
2026-02-18 13:20:00+05:30,305.5,305.6000061035156,305.3500061035156,305.5,38792
2026-02-18 13:25:00+05:30,305.3500061035156,305.70001220703125,305.3500061035156,305.3999938964844,50809
2026-02-18 13:30:00+05:30,305.3500061035156,305.6000061035156,305.29998779296875,305.3500061035156,46034
2026-02-18 13:35:00+05:30,305.3500061035156,305.54998779296875,305.3500061035156,305.5,46513
2026-02-18 13:40:00+05:30,305.45001220703125,306.1499938964844,305.45001220703125,306.04998779296875,221602
2026-02-18 13:45:00+05:30,306.1000061035156,306.1499938964844,305.95001220703125,305.95001220703125,50735
2026-02-18 13:50:00+05:30,305.8999938964844,306.04998779296875,305.45001220703125,305.45001220703125,47398
2026-02-18 13:55:00+05:30,305.3500061035156,305.8500061035156,305.29998779296875,305.79998779296875,65598
2026-02-18 14:00:00+05:30,305.54998779296875,305.95001220703125,305.29998779296875,305.79998779296875,76949
2026-02-18 14:05:00+05:30,305.79998779296875,306.0,305.5,305.8999938964844,60945
2026-02-18 14:10:00+05:30,305.8999938964844,306.0,305.45001220703125,305.45001220703125,61874
2026-02-18 14:15:00+05:30,305.54998779296875,305.8999938964844,305.45001220703125,305.8999938964844,46587
2026-02-18 14:20:00+05:30,305.95001220703125,306.45001220703125,305.8500061035156,306.1499938964844,166113
2026-02-18 14:25:00+05:30,306.1499938964844,306.29998779296875,305.79998779296875,305.95001220703125,41508
2026-02-18 14:30:00+05:30,305.8999938964844,306.1000061035156,305.6499938964844,305.79998779296875,40059
2026-02-18 14:35:00+05:30,305.75,305.79998779296875,305.25,305.29998779296875,64027
2026-02-18 14:40:00+05:30,305.25,305.5,305.25,305.45001220703125,62278
2026-02-18 14:45:00+05:30,305.3999938964844,305.3999938964844,305.1499938964844,305.29998779296875,52350
2026-02-18 14:50:00+05:30,305.29998779296875,305.3999938964844,305.20001220703125,305.29998779296875,33061
2026-02-18 14:55:00+05:30,305.3500061035156,305.6499938964844,305.29998779296875,305.5,64535
2026-02-18 15:00:00+05:30,305.5,305.8500061035156,305.0,305.04998779296875,235815
2026-02-18 15:05:00+05:30,304.95001220703125,305.3500061035156,304.8999938964844,305.1499938964844,226207
2026-02-18 15:10:00+05:30,305.1000061035156,305.29998779296875,304.8500061035156,304.8999938964844,166847
2026-02-18 15:15:00+05:30,304.95001220703125,305.29998779296875,304.8999938964844,305.25,168855
2026-02-18 15:20:00+05:30,305.25,305.25,305.0,305.1499938964844,161659
2026-02-18 15:25:00+05:30,305.04998779296875,305.1499938964844,304.6000061035156,304.70001220703125,191092
2026-02-19 09:20:00+05:30,304.79998779296875,305.20001220703125,304.54998779296875,304.6499938964844,88283
2026-02-19 09:25:00+05:30,304.54998779296875,305.0,304.3500061035156,304.3500061035156,50452
2026-02-19 09:30:00+05:30,304.25,304.6499938964844,303.54998779296875,303.6000061035156,122104
2026-02-19 09:35:00+05:30,303.54998779296875,304.8999938964844,303.54998779296875,304.6499938964844,171329
2026-02-19 09:40:00+05:30,304.6499938964844,304.95001220703125,304.3999938964844,304.3999938964844,37961
2026-02-19 09:45:00+05:30,304.25,304.8500061035156,304.20001220703125,304.5,48502
2026-02-19 09:50:00+05:30,304.6000061035156,304.6000061035156,304.1000061035156,304.25,22687
2026-02-19 09:55:00+05:30,304.1499938964844,304.5,303.79998779296875,304.1499938964844,56773
2026-02-19 10:00:00+05:30,304.04998779296875,304.04998779296875,303.45001220703125,303.70001220703125,45199
2026-02-19 10:05:00+05:30,303.6000061035156,304.1000061035156,303.54998779296875,303.54998779296875,39738
2026-02-19 10:10:00+05:30,303.54998779296875,303.75,303.29998779296875,303.29998779296875,29073
2026-02-19 10:15:00+05:30,303.29998779296875,303.70001220703125,303.0,303.54998779296875,58363
2026-02-19 10:20:00+05:30,303.3500061035156,303.79998779296875,303.20001220703125,303.6000061035156,30415
2026-02-19 10:25:00+05:30,303.79998779296875,304.45001220703125,303.79998779296875,304.0,52058
2026-02-19 10:30:00+05:30,303.8999938964844,304.25,303.75,303.8999938964844,44876
2026-02-19 10:35:00+05:30,303.95001220703125,304.1000061035156,303.5,303.54998779296875,20894
2026-02-19 10:40:00+05:30,303.45001220703125,304.20001220703125,303.25,304.0,71327
2026-02-19 10:45:00+05:30,303.95001220703125,304.0,303.6499938964844,303.79998779296875,29037
2026-02-19 10:50:00+05:30,303.6499938964844,304.25,303.6499938964844,304.1000061035156,22958
2026-02-19 10:55:00+05:30,304.1000061035156,305.45001220703125,303.70001220703125,305.3999938964844,226836
2026-02-19 11:00:00+05:30,305.3999938964844,305.3999938964844,304.70001220703125,305.0,57301
2026-02-19 11:05:00+05:30,305.0,305.20001220703125,304.54998779296875,304.54998779296875,45525
2026-02-19 11:10:00+05:30,304.70001220703125,304.8999938964844,304.5,304.75,38152
2026-02-19 11:15:00+05:30,304.70001220703125,305.0,304.5,304.6000061035156,35079
2026-02-19 11:20:00+05:30,304.70001220703125,304.70001220703125,304.20001220703125,304.20001220703125,37085
2026-02-19 11:25:00+05:30,304.25,304.5,304.20001220703125,304.29998779296875,31033
2026-02-19 11:30:00+05:30,304.25,304.6499938964844,304.20001220703125,304.6000061035156,45588
2026-02-19 11:35:00+05:30,304.6000061035156,304.79998779296875,304.29998779296875,304.54998779296875,42071
2026-02-19 11:40:00+05:30,304.54998779296875,304.70001220703125,304.0,304.0,49251
2026-02-19 11:45:00+05:30,304.0,304.1000061035156,303.6000061035156,303.95001220703125,51263
2026-02-19 11:50:00+05:30,303.79998779296875,304.0,303.6000061035156,303.75,47369
2026-02-19 11:55:00+05:30,303.79998779296875,304.3999938964844,303.79998779296875,304.25,62628
2026-02-19 12:00:00+05:30,304.20001220703125,304.25,303.75,303.79998779296875,36346
2026-02-19 12:05:00+05:30,303.8500061035156,304.29998779296875,303.8500061035156,304.0,33882
2026-02-19 12:10:00+05:30,303.95001220703125,304.0,303.5,303.5,82063
2026-02-19 12:15:00+05:30,303.3999938964844,304.0,303.29998779296875,303.8500061035156,85360
2026-02-19 12:20:00+05:30,304.0,304.6000061035156,303.8999938964844,304.3500061035156,90674
2026-02-19 12:25:00+05:30,304.29998779296875,304.29998779296875,304.0,304.1499938964844,43647
2026-02-19 12:30:00+05:30,304.1499938964844,304.1499938964844,303.45001220703125,303.5,40655
2026-02-19 12:35:00+05:30,303.5,303.70001220703125,303.20001220703125,303.3999938964844,47978
2026-02-19 12:40:00+05:30,303.25,303.45001220703125,303.20001220703125,303.3500061035156,47688
2026-02-19 12:45:00+05:30,303.29998779296875,303.70001220703125,303.20001220703125,303.6499938964844,47488
2026-02-19 12:50:00+05:30,303.6499938964844,304.5,303.6499938964844,304.04998779296875,92456
2026-02-19 12:55:00+05:30,304.04998779296875,304.20001220703125,303.6000061035156,304.04998779296875,62231
2026-02-19 13:00:00+05:30,304.0,304.45001220703125,304.0,304.1499938964844,112166
2026-02-19 13:05:00+05:30,304.1499938964844,304.6499938964844,304.1000061035156,304.6000061035156,71310
2026-02-19 13:10:00+05:30,304.6000061035156,304.70001220703125,304.3500061035156,304.3999938964844,33011
2026-02-19 13:15:00+05:30,304.54998779296875,304.54998779296875,304.1000061035156,304.1000061035156,103261
2026-02-19 13:20:00+05:30,304.1000061035156,304.3999938964844,303.8500061035156,303.8999938964844,31718
2026-02-19 13:25:00+05:30,304.04998779296875,304.04998779296875,303.3500061035156,303.79998779296875,66880
2026-02-19 13:30:00+05:30,303.8500061035156,303.8999938964844,303.75,303.8500061035156,57618
2026-02-19 13:35:00+05:30,303.8500061035156,304.0,303.75,303.75,64912
2026-02-19 13:40:00+05:30,303.75,303.95001220703125,303.75,303.75,33143
2026-02-19 13:45:00+05:30,303.79998779296875,303.8500061035156,303.75,303.79998779296875,143342
2026-02-19 13:50:00+05:30,303.75,304.0,303.75,303.8999938964844,42169
2026-02-19 13:55:00+05:30,303.8999938964844,304.04998779296875,303.75,303.8500061035156,61262
2026-02-19 14:00:00+05:30,303.75,303.8999938964844,303.75,303.75,45828
2026-02-19 14:05:00+05:30,303.75,303.8500061035156,303.54998779296875,303.79998779296875,98444
2026-02-19 14:10:00+05:30,303.75,303.95001220703125,303.75,303.95001220703125,62696
2026-02-19 14:15:00+05:30,304.0,304.29998779296875,303.70001220703125,303.79998779296875,213584
2026-02-19 14:20:00+05:30,303.8500061035156,304.1499938964844,303.70001220703125,304.0,34714
2026-02-19 14:25:00+05:30,303.8999938964844,304.1499938964844,303.8999938964844,304.0,144834
2026-02-19 14:30:00+05:30,303.8999938964844,305.0,303.8500061035156,304.8500061035156,458024
2026-02-19 14:35:00+05:30,304.75,305.29998779296875,304.6499938964844,305.1000061035156,160945
2026-02-19 14:40:00+05:30,305.0,305.70001220703125,305.0,305.0,355340
2026-02-19 14:45:00+05:30,305.0,305.1499938964844,304.6499938964844,305.1499938964844,188899
2026-02-19 14:50:00+05:30,305.1499938964844,305.29998779296875,304.95001220703125,305.29998779296875,117814
2026-02-19 14:55:00+05:30,305.29998779296875,305.95001220703125,305.20001220703125,305.95001220703125,203883
2026-02-19 15:00:00+05:30,305.75,305.75,305.0,305.1000061035156,307724
2026-02-19 15:05:00+05:30,305.04998779296875,305.45001220703125,304.5,305.0,286920
2026-02-19 15:10:00+05:30,305.0,305.20001220703125,304.25,304.3500061035156,244453
2026-02-19 15:15:00+05:30,304.29998779296875,304.3500061035156,303.79998779296875,304.20001220703125,279796
2026-02-19 15:20:00+05:30,304.20001220703125,304.20001220703125,303.54998779296875,303.75,273820
2026-02-19 15:25:00+05:30,303.8500061035156,303.8500061035156,303.54998779296875,303.79998779296875,262539
2026-02-20 09:20:00+05:30,304.75,306.5,304.25,305.8999938964844,245997
2026-02-20 09:25:00+05:30,305.8500061035156,305.95001220703125,304.95001220703125,305.04998779296875,130894
2026-02-20 09:30:00+05:30,305.04998779296875,307.0,304.8500061035156,306.95001220703125,219062
2026-02-20 09:35:00+05:30,306.8500061035156,307.79998779296875,306.79998779296875,307.5,260943
2026-02-20 09:40:00+05:30,307.54998779296875,307.54998779296875,306.8500061035156,307.25,361373
2026-02-20 09:45:00+05:30,307.3500061035156,307.70001220703125,307.20001220703125,307.45001220703125,146734
2026-02-20 09:50:00+05:30,307.6000061035156,307.79998779296875,306.5,306.75,96571
2026-02-20 09:55:00+05:30,306.8500061035156,306.8999938964844,306.45001220703125,306.70001220703125,79479
2026-02-20 10:00:00+05:30,306.6499938964844,306.70001220703125,306.04998779296875,306.1499938964844,88609
2026-02-20 10:05:00+05:30,306.1499938964844,306.1499938964844,305.5,305.95001220703125,113935
2026-02-20 10:10:00+05:30,305.95001220703125,306.04998779296875,305.5,305.6000061035156,69416
2026-02-20 10:15:00+05:30,305.75,306.29998779296875,305.70001220703125,306.0,79383
2026-02-20 10:20:00+05:30,306.0,306.25,305.70001220703125,306.25,48001
2026-02-20 10:25:00+05:30,306.20001220703125,306.3999938964844,305.79998779296875,306.1499938964844,63655
2026-02-20 10:30:00+05:30,306.1000061035156,306.1000061035156,305.6000061035156,305.8500061035156,72623
2026-02-20 10:35:00+05:30,305.8500061035156,305.8500061035156,305.20001220703125,305.29998779296875,74095
2026-02-20 10:40:00+05:30,305.29998779296875,306.8999938964844,305.25,306.6499938964844,402517
2026-02-20 10:45:00+05:30,306.6000061035156,307.1000061035156,306.1000061035156,306.25,778469
2026-02-20 10:50:00+05:30,306.20001220703125,307.20001220703125,305.95001220703125,306.79998779296875,265938
2026-02-20 10:55:00+05:30,306.79998779296875,307.29998779296875,306.75,307.1000061035156,166264
2026-02-20 11:00:00+05:30,307.20001220703125,307.3500061035156,306.95001220703125,307.20001220703125,76942
2026-02-20 11:05:00+05:30,307.1499938964844,307.20001220703125,306.6499938964844,307.04998779296875,138149
2026-02-20 11:10:00+05:30,307.04998779296875,307.5,307.0,307.20001220703125,166120
2026-02-20 11:15:00+05:30,307.29998779296875,307.75,307.20001220703125,307.6499938964844,107233
2026-02-20 11:20:00+05:30,307.54998779296875,307.8999938964844,307.5,307.8500061035156,129654
2026-02-20 11:25:00+05:30,307.79998779296875,308.70001220703125,307.75,308.5,365261
2026-02-20 11:30:00+05:30,308.45001220703125,309.1499938964844,308.3999938964844,308.54998779296875,538971
2026-02-20 11:35:00+05:30,308.6499938964844,308.70001220703125,307.8999938964844,308.20001220703125,106506
2026-02-20 11:40:00+05:30,308.20001220703125,308.25,307.75,308.1000061035156,128196
2026-02-20 11:45:00+05:30,308.1499938964844,308.29998779296875,307.75,308.0,42150
2026-02-20 11:50:00+05:30,307.8999938964844,308.25,307.70001220703125,307.95001220703125,49870
2026-02-20 11:55:00+05:30,307.8999938964844,308.20001220703125,307.79998779296875,308.20001220703125,39711
2026-02-20 12:00:00+05:30,308.1499938964844,308.5,307.8999938964844,308.04998779296875,80833
2026-02-20 12:05:00+05:30,308.0,308.29998779296875,307.8999938964844,308.20001220703125,65737
2026-02-20 12:10:00+05:30,308.20001220703125,308.25,307.8999938964844,307.8999938964844,34319
2026-02-20 12:15:00+05:30,307.95001220703125,309.20001220703125,307.95001220703125,309.1499938964844,230720
2026-02-20 12:20:00+05:30,309.1499938964844,310.6499938964844,309.0,310.20001220703125,638674
2026-02-20 12:25:00+05:30,310.20001220703125,310.45001220703125,309.8500061035156,310.0,152997
2026-02-20 12:30:00+05:30,310.04998779296875,310.04998779296875,309.29998779296875,309.3999938964844,101154
2026-02-20 12:35:00+05:30,309.25,310.45001220703125,309.25,310.3500061035156,146361
2026-02-20 12:40:00+05:30,310.3999938964844,310.6000061035156,309.95001220703125,310.1499938964844,155865
2026-02-20 12:45:00+05:30,310.0,310.1000061035156,309.70001220703125,309.70001220703125,85670
2026-02-20 12:50:00+05:30,309.6499938964844,310.0,309.54998779296875,309.95001220703125,56308
2026-02-20 12:55:00+05:30,309.79998779296875,309.8500061035156,308.8500061035156,308.95001220703125,114115
2026-02-20 13:00:00+05:30,308.95001220703125,309.20001220703125,308.8500061035156,308.8999938964844,64022
2026-02-20 13:05:00+05:30,308.95001220703125,309.0,308.0,308.04998779296875,135201
2026-02-20 13:10:00+05:30,308.1000061035156,308.1499938964844,307.6000061035156,308.0,82398
2026-02-20 13:15:00+05:30,307.8999938964844,308.04998779296875,307.5,307.8500061035156,86032
2026-02-20 13:20:00+05:30,307.8500061035156,308.20001220703125,307.70001220703125,308.04998779296875,83745
2026-02-20 13:25:00+05:30,307.95001220703125,308.6000061035156,307.8500061035156,308.3999938964844,54729
2026-02-20 13:30:00+05:30,308.25,308.3500061035156,307.8999938964844,308.04998779296875,41153
2026-02-20 13:35:00+05:30,308.1499938964844,308.6499938964844,308.1000061035156,308.29998779296875,48423
2026-02-20 13:40:00+05:30,308.25,308.5,308.0,308.3500061035156,96894
2026-02-20 13:45:00+05:30,308.45001220703125,308.6000061035156,308.3999938964844,308.54998779296875,48853
2026-02-20 13:50:00+05:30,308.6499938964844,308.95001220703125,308.29998779296875,308.29998779296875,97929
2026-02-20 13:55:00+05:30,308.29998779296875,308.6000061035156,308.0,308.54998779296875,54296
2026-02-20 14:00:00+05:30,308.6000061035156,308.75,308.5,308.5,61498
2026-02-20 14:05:00+05:30,308.45001220703125,308.6000061035156,308.1499938964844,308.6000061035156,138828
2026-02-20 14:10:00+05:30,308.54998779296875,308.6000061035156,307.29998779296875,307.54998779296875,137924
2026-02-20 14:15:00+05:30,307.6000061035156,307.95001220703125,307.20001220703125,307.75,81358
2026-02-20 14:20:00+05:30,307.70001220703125,307.70001220703125,307.25,307.5,164830
2026-02-20 14:25:00+05:30,307.5,307.5,307.20001220703125,307.29998779296875,53856
2026-02-20 14:30:00+05:30,307.20001220703125,307.5,307.0,307.25,106964
2026-02-20 14:35:00+05:30,307.29998779296875,307.70001220703125,307.1499938964844,307.5,106559
2026-02-20 14:40:00+05:30,307.6499938964844,307.6499938964844,307.0,307.6000061035156,168419
2026-02-20 14:45:00+05:30,307.45001220703125,308.1499938964844,307.45001220703125,307.95001220703125,109439
2026-02-20 14:50:00+05:30,307.8999938964844,308.1000061035156,307.3999938964844,308.1000061035156,131827
2026-02-20 14:55:00+05:30,308.1000061035156,308.45001220703125,307.8999938964844,308.25,163890
2026-02-20 15:00:00+05:30,308.45001220703125,309.25,308.45001220703125,308.8999938964844,817685
2026-02-20 15:05:00+05:30,308.8500061035156,309.04998779296875,308.3500061035156,308.6000061035156,502073
2026-02-20 15:10:00+05:30,308.54998779296875,309.8500061035156,308.25,309.8500061035156,1029600
2026-02-20 15:15:00+05:30,309.79998779296875,309.79998779296875,309.0,309.20001220703125,983296
2026-02-20 15:20:00+05:30,309.04998779296875,309.20001220703125,308.79998779296875,309.1499938964844,585641
2026-02-20 15:25:00+05:30,308.95001220703125,309.5,308.75,309.0,721267
2026-02-23 09:20:00+05:30,311.3500061035156,312.5,311.3500061035156,312.04998779296875,360207
2026-02-23 09:25:00+05:30,312.3500061035156,314.5,312.1499938964844,314.3500061035156,864120
2026-02-23 09:30:00+05:30,314.45001220703125,315.20001220703125,312.6499938964844,312.6499938964844,771705
2026-02-23 09:35:00+05:30,312.6000061035156,313.8999938964844,312.3500061035156,313.70001220703125,223420
2026-02-23 09:40:00+05:30,314.1000061035156,314.1000061035156,312.29998779296875,312.45001220703125,254722
2026-02-23 09:45:00+05:30,312.5,314.1000061035156,312.45001220703125,313.5,187032
2026-02-23 09:50:00+05:30,313.5,313.79998779296875,312.75,313.1499938964844,186469
2026-02-23 09:55:00+05:30,313.29998779296875,313.5,312.70001220703125,313.5,140071
2026-02-23 10:00:00+05:30,313.29998779296875,314.1000061035156,313.20001220703125,314.0,140535
2026-02-23 10:05:00+05:30,314.0,314.1000061035156,313.3500061035156,313.3500061035156,91263
2026-02-23 10:10:00+05:30,313.25,313.70001220703125,313.20001220703125,313.70001220703125,58744
2026-02-23 10:15:00+05:30,313.70001220703125,314.1000061035156,313.6499938964844,314.0,79476
2026-02-23 10:20:00+05:30,314.0,314.0,313.5,313.6499938964844,45352
2026-02-23 10:25:00+05:30,313.6499938964844,313.79998779296875,313.25,313.25,50475
2026-02-23 10:30:00+05:30,313.45001220703125,313.45001220703125,313.0,313.1499938964844,68873
2026-02-23 10:35:00+05:30,313.1499938964844,313.20001220703125,312.6000061035156,312.75,82072
2026-02-23 10:40:00+05:30,312.79998779296875,313.0,312.70001220703125,312.75,40866
2026-02-23 10:45:00+05:30,312.6499938964844,313.0,312.1499938964844,312.8500061035156,136474
2026-02-23 10:50:00+05:30,312.75,313.75,312.75,313.3999938964844,91933
2026-02-23 10:55:00+05:30,313.45001220703125,313.75,313.25,313.70001220703125,54882
2026-02-23 11:00:00+05:30,313.6499938964844,313.6499938964844,313.1499938964844,313.25,40000
2026-02-23 11:05:00+05:30,313.1499938964844,313.45001220703125,312.8500061035156,313.45001220703125,30934
2026-02-23 11:10:00+05:30,313.6000061035156,313.8500061035156,313.1000061035156,313.70001220703125,68689
2026-02-23 11:15:00+05:30,313.70001220703125,313.70001220703125,313.1499938964844,313.3999938964844,87166
2026-02-23 11:20:00+05:30,313.3999938964844,313.3999938964844,313.1000061035156,313.1000061035156,27563
2026-02-23 11:25:00+05:30,313.04998779296875,313.45001220703125,312.8999938964844,313.29998779296875,43207
2026-02-23 11:30:00+05:30,313.29998779296875,313.3999938964844,313.1000061035156,313.1000061035156,42779
2026-02-23 11:35:00+05:30,313.20001220703125,313.45001220703125,313.04998779296875,313.20001220703125,27736
2026-02-23 11:40:00+05:30,313.1499938964844,313.75,313.1499938964844,313.6499938964844,48109
2026-02-23 11:45:00+05:30,313.54998779296875,313.70001220703125,313.1000061035156,313.25,33746
2026-02-23 11:50:00+05:30,313.25,313.70001220703125,313.04998779296875,313.3999938964844,60511
2026-02-23 11:55:00+05:30,313.3999938964844,313.5,313.25,313.45001220703125,25899
2026-02-23 12:00:00+05:30,313.3999938964844,313.3999938964844,313.1499938964844,313.1499938964844,31954
2026-02-23 12:05:00+05:30,313.1499938964844,313.70001220703125,313.1499938964844,313.3500061035156,131111
2026-02-23 12:10:00+05:30,313.3500061035156,313.5,312.8500061035156,312.95001220703125,124906
2026-02-23 12:15:00+05:30,312.95001220703125,313.1000061035156,312.8500061035156,313.0,50376
2026-02-23 12:20:00+05:30,313.1000061035156,313.3500061035156,313.0,313.20001220703125,96947
2026-02-23 12:25:00+05:30,313.1499938964844,313.25,312.3500061035156,312.3500061035156,48544
2026-02-23 12:30:00+05:30,312.3500061035156,312.3500061035156,312.0,312.04998779296875,105481
2026-02-23 12:35:00+05:30,312.04998779296875,312.3500061035156,311.8500061035156,311.8500061035156,64463
2026-02-23 12:40:00+05:30,312.0,312.8500061035156,312.0,312.70001220703125,28576
2026-02-23 12:45:00+05:30,312.79998779296875,313.1000061035156,312.54998779296875,312.54998779296875,38894
2026-02-23 12:50:00+05:30,312.54998779296875,313.6000061035156,312.54998779296875,313.5,107059
2026-02-23 12:55:00+05:30,313.3500061035156,313.3999938964844,312.79998779296875,312.95001220703125,38427
2026-02-23 13:00:00+05:30,312.8999938964844,313.0,312.70001220703125,312.70001220703125,16271
2026-02-23 13:05:00+05:30,312.79998779296875,313.20001220703125,312.70001220703125,313.04998779296875,39869
2026-02-23 13:10:00+05:30,313.1000061035156,313.1000061035156,312.54998779296875,312.70001220703125,24217
2026-02-23 13:15:00+05:30,312.54998779296875,312.6499938964844,312.04998779296875,312.3999938964844,151265
2026-02-23 13:20:00+05:30,312.3999938964844,312.45001220703125,312.1499938964844,312.1499938964844,21845
2026-02-23 13:25:00+05:30,312.25,312.75,312.1499938964844,312.20001220703125,70754
2026-02-23 13:30:00+05:30,312.1499938964844,312.29998779296875,311.6499938964844,311.70001220703125,69224
2026-02-23 13:35:00+05:30,311.6000061035156,311.8500061035156,311.6000061035156,311.75,31714
2026-02-23 13:40:00+05:30,311.75,312.0,311.54998779296875,311.95001220703125,67838
2026-02-23 13:45:00+05:30,311.95001220703125,311.95001220703125,311.54998779296875,311.6000061035156,31262
2026-02-23 13:50:00+05:30,311.54998779296875,311.8500061035156,311.5,311.6499938964844,27641
2026-02-23 13:55:00+05:30,311.79998779296875,312.8999938964844,311.5,312.8500061035156,569097
2026-02-23 14:00:00+05:30,312.8500061035156,313.20001220703125,312.5,313.04998779296875,318593
2026-02-23 14:05:00+05:30,313.04998779296875,313.1000061035156,312.45001220703125,312.45001220703125,113791
2026-02-23 14:10:00+05:30,312.3500061035156,312.3999938964844,312.1000061035156,312.20001220703125,70175
2026-02-23 14:15:00+05:30,312.3999938964844,312.54998779296875,312.04998779296875,312.25,35998
2026-02-23 14:20:00+05:30,312.25,312.3500061035156,312.0,312.1000061035156,31578
2026-02-23 14:25:00+05:30,312.1000061035156,312.70001220703125,312.1000061035156,312.54998779296875,44588
2026-02-23 14:30:00+05:30,312.54998779296875,313.0,312.5,312.6000061035156,55892
2026-02-23 14:35:00+05:30,312.6000061035156,312.6000061035156,312.0,312.3500061035156,56850
2026-02-23 14:40:00+05:30,312.29998779296875,312.3500061035156,311.79998779296875,311.95001220703125,52183
2026-02-23 14:45:00+05:30,311.8500061035156,312.1000061035156,311.70001220703125,312.1000061035156,41383
2026-02-23 14:50:00+05:30,312.1000061035156,312.3999938964844,312.0,312.3999938964844,43359
2026-02-23 14:55:00+05:30,312.3999938964844,312.6000061035156,312.3500061035156,312.3999938964844,57285
2026-02-23 15:00:00+05:30,312.79998779296875,313.5,312.79998779296875,313.3500061035156,165224
2026-02-23 15:05:00+05:30,313.1499938964844,313.3500061035156,313.0,313.1000061035156,97485
2026-02-23 15:10:00+05:30,313.1000061035156,313.3500061035156,312.95001220703125,313.20001220703125,242572
2026-02-23 15:15:00+05:30,313.1499938964844,313.29998779296875,312.70001220703125,312.8999938964844,257221
2026-02-23 15:20:00+05:30,312.8999938964844,313.70001220703125,312.79998779296875,313.1000061035156,860936
2026-02-23 15:25:00+05:30,313.25,313.70001220703125,313.0,313.1000061035156,397347
2026-02-24 09:20:00+05:30,309.25,309.25,307.25,308.25,653186
2026-02-24 09:25:00+05:30,308.25,308.29998779296875,307.3999938964844,308.1000061035156,316324
2026-02-24 09:30:00+05:30,308.1000061035156,308.3500061035156,307.79998779296875,308.1499938964844,158316
2026-02-24 09:35:00+05:30,308.1499938964844,308.95001220703125,307.8999938964844,308.6499938964844,233476
2026-02-24 09:40:00+05:30,308.6000061035156,309.1000061035156,308.5,308.95001220703125,139658
2026-02-24 09:45:00+05:30,309.0,310.6000061035156,309.0,310.29998779296875,261296
2026-02-24 09:50:00+05:30,310.3500061035156,310.6499938964844,309.75,310.5,142574
2026-02-24 09:55:00+05:30,310.5,310.6000061035156,309.95001220703125,310.1000061035156,111682
2026-02-24 10:00:00+05:30,310.1000061035156,310.3999938964844,310.0,310.1000061035156,83965
2026-02-24 10:05:00+05:30,310.04998779296875,311.0,309.8999938964844,309.8999938964844,221135
2026-02-24 10:10:00+05:30,309.8500061035156,310.75,309.6499938964844,310.45001220703125,214891
2026-02-24 10:15:00+05:30,310.3500061035156,311.3500061035156,310.29998779296875,311.3500061035156,177761
2026-02-24 10:20:00+05:30,311.29998779296875,311.45001220703125,310.0,310.25,197624
2026-02-24 10:25:00+05:30,310.25,311.1000061035156,310.1000061035156,311.1000061035156,90748
2026-02-24 10:30:00+05:30,311.0,311.6000061035156,310.8999938964844,311.6000061035156,145996
2026-02-24 10:35:00+05:30,311.45001220703125,311.95001220703125,311.29998779296875,311.8500061035156,97051
2026-02-24 10:40:00+05:30,311.95001220703125,311.95001220703125,311.5,311.5,99116
2026-02-24 10:45:00+05:30,311.54998779296875,311.54998779296875,310.8999938964844,311.04998779296875,96214
2026-02-24 10:50:00+05:30,311.1499938964844,311.29998779296875,310.70001220703125,310.79998779296875,121682
2026-02-24 10:55:00+05:30,310.70001220703125,311.5,310.70001220703125,311.1499938964844,97298
2026-02-24 11:00:00+05:30,311.1000061035156,311.25,310.95001220703125,311.1000061035156,69454
2026-02-24 11:05:00+05:30,311.0,311.95001220703125,311.0,311.8999938964844,109657
2026-02-24 11:10:00+05:30,311.95001220703125,312.79998779296875,311.8999938964844,312.3999938964844,198096
2026-02-24 11:15:00+05:30,312.3999938964844,312.75,312.04998779296875,312.70001220703125,113430
2026-02-24 11:20:00+05:30,312.75,313.8500061035156,312.70001220703125,313.75,248284
2026-02-24 11:25:00+05:30,313.75,313.8999938964844,313.5,313.6499938964844,130123
2026-02-24 11:30:00+05:30,313.6499938964844,313.8500061035156,313.45001220703125,313.5,100532
2026-02-24 11:35:00+05:30,313.6499938964844,313.79998779296875,313.3999938964844,313.70001220703125,99210
2026-02-24 11:40:00+05:30,313.70001220703125,313.8500061035156,312.8999938964844,312.95001220703125,132042
2026-02-24 11:45:00+05:30,312.8999938964844,312.95001220703125,312.1000061035156,312.25,126561
2026-02-24 11:50:00+05:30,312.25,312.25,311.1000061035156,311.29998779296875,168728
2026-02-24 11:55:00+05:30,311.45001220703125,311.6000061035156,311.1499938964844,311.1499938964844,94216
2026-02-24 12:00:00+05:30,311.25,311.54998779296875,311.1499938964844,311.25,97078
2026-02-24 12:05:00+05:30,311.29998779296875,311.54998779296875,311.20001220703125,311.3999938964844,54389
2026-02-24 12:10:00+05:30,311.3500061035156,311.3500061035156,311.1000061035156,311.20001220703125,59121
2026-02-24 12:15:00+05:30,311.1499938964844,311.29998779296875,311.0,311.1000061035156,60545
2026-02-24 12:20:00+05:30,311.1000061035156,311.1000061035156,310.70001220703125,310.70001220703125,89640
2026-02-24 12:25:00+05:30,310.70001220703125,310.79998779296875,310.45001220703125,310.54998779296875,69683
2026-02-24 12:30:00+05:30,310.54998779296875,310.70001220703125,310.3999938964844,310.54998779296875,90204
2026-02-24 12:35:00+05:30,310.54998779296875,310.75,310.3999938964844,310.54998779296875,71035
2026-02-24 12:40:00+05:30,310.54998779296875,310.8999938964844,309.75,309.75,213100
2026-02-24 12:45:00+05:30,309.75,309.79998779296875,309.45001220703125,309.54998779296875,88072
2026-02-24 12:50:00+05:30,309.45001220703125,309.75,309.29998779296875,309.6499938964844,83550
2026-02-24 12:55:00+05:30,309.70001220703125,310.25,309.6000061035156,310.20001220703125,91444
2026-02-24 13:00:00+05:30,310.20001220703125,310.8500061035156,310.1000061035156,310.79998779296875,79753
2026-02-24 13:05:00+05:30,310.75,310.75,310.29998779296875,310.5,70846
2026-02-24 13:10:00+05:30,310.79998779296875,311.45001220703125,310.79998779296875,311.1499938964844,178808
2026-02-24 13:15:00+05:30,311.20001220703125,311.20001220703125,310.70001220703125,310.79998779296875,52981
2026-02-24 13:20:00+05:30,310.79998779296875,310.8999938964844,310.3999938964844,310.3999938964844,50311
2026-02-24 13:25:00+05:30,310.45001220703125,310.70001220703125,310.29998779296875,310.29998779296875,57031
2026-02-24 13:30:00+05:30,310.29998779296875,310.29998779296875,309.75,309.75,63207
2026-02-24 13:35:00+05:30,309.75,310.3999938964844,309.6499938964844,310.3999938964844,69381
2026-02-24 13:40:00+05:30,310.3500061035156,310.45001220703125,310.04998779296875,310.20001220703125,60810
2026-02-24 13:45:00+05:30,310.1499938964844,310.29998779296875,310.04998779296875,310.1000061035156,56039
2026-02-24 13:50:00+05:30,310.04998779296875,310.6000061035156,310.04998779296875,310.54998779296875,64157
2026-02-24 13:55:00+05:30,310.54998779296875,311.3500061035156,310.54998779296875,311.29998779296875,95644
2026-02-24 14:00:00+05:30,311.20001220703125,311.25,310.70001220703125,310.79998779296875,62439
2026-02-24 14:05:00+05:30,310.79998779296875,311.0,310.70001220703125,310.75,46048
2026-02-24 14:10:00+05:30,310.75,311.20001220703125,310.70001220703125,311.1000061035156,90029
2026-02-24 14:15:00+05:30,311.1000061035156,311.75,311.1000061035156,311.6000061035156,117356
2026-02-24 14:20:00+05:30,311.75,312.1499938964844,311.29998779296875,311.3999938964844,139554
2026-02-24 14:25:00+05:30,311.5,311.75,311.29998779296875,311.3500061035156,79380
2026-02-24 14:30:00+05:30,311.3999938964844,311.6499938964844,311.1499938964844,311.3999938964844,105673
2026-02-24 14:35:00+05:30,311.29998779296875,311.45001220703125,311.20001220703125,311.29998779296875,94253
2026-02-24 14:40:00+05:30,311.3500061035156,311.6499938964844,311.1499938964844,311.1499938964844,115868
2026-02-24 14:45:00+05:30,311.1499938964844,311.3999938964844,311.0,311.1499938964844,96717
2026-02-24 14:50:00+05:30,311.25,312.04998779296875,311.25,311.70001220703125,156897
2026-02-24 14:55:00+05:30,311.70001220703125,312.29998779296875,311.6499938964844,312.1000061035156,153047
2026-02-24 15:00:00+05:30,312.29998779296875,313.25,311.6499938964844,313.0,747415
2026-02-24 15:05:00+05:30,313.3999938964844,314.20001220703125,313.0,313.25,1614847
2026-02-24 15:10:00+05:30,313.29998779296875,313.45001220703125,312.3999938964844,312.3999938964844,404524
2026-02-24 15:15:00+05:30,312.29998779296875,312.70001220703125,312.25,312.70001220703125,313164
2026-02-24 15:20:00+05:30,312.70001220703125,312.8500061035156,312.5,312.79998779296875,416407
2026-02-24 15:25:00+05:30,312.79998779296875,313.29998779296875,312.3999938964844,313.1000061035156,246127
2026-02-25 09:20:00+05:30,314.5,314.8999938964844,314.0,314.0,130395
2026-02-25 09:25:00+05:30,314.04998779296875,314.29998779296875,313.6000061035156,313.6000061035156,57699
2026-02-25 09:30:00+05:30,313.79998779296875,313.8500061035156,313.29998779296875,313.8500061035156,115436
2026-02-25 09:35:00+05:30,313.95001220703125,313.95001220703125,312.70001220703125,312.70001220703125,82317
2026-02-25 09:40:00+05:30,312.70001220703125,313.3999938964844,312.54998779296875,313.20001220703125,59454
2026-02-25 09:45:00+05:30,313.20001220703125,313.8999938964844,313.04998779296875,313.6499938964844,118474
2026-02-25 09:50:00+05:30,313.79998779296875,314.29998779296875,313.70001220703125,313.95001220703125,81003
2026-02-25 09:55:00+05:30,314.04998779296875,314.3999938964844,314.0,314.29998779296875,88509
2026-02-25 10:00:00+05:30,314.25,314.8500061035156,314.25,314.70001220703125,113355
2026-02-25 10:05:00+05:30,314.6000061035156,315.1499938964844,314.6000061035156,314.70001220703125,215375
2026-02-25 10:10:00+05:30,314.70001220703125,314.75,314.25,314.29998779296875,73448
2026-02-25 10:15:00+05:30,314.25,314.6499938964844,314.25,314.3500061035156,73766
2026-02-25 10:20:00+05:30,314.3999938964844,314.6000061035156,314.29998779296875,314.6000061035156,65216
2026-02-25 10:25:00+05:30,314.5,314.6000061035156,314.29998779296875,314.29998779296875,59186
2026-02-25 10:30:00+05:30,314.29998779296875,315.20001220703125,314.25,314.95001220703125,107149
2026-02-25 10:35:00+05:30,314.95001220703125,315.20001220703125,314.5,314.8500061035156,87226
2026-02-25 10:40:00+05:30,315.0,315.1000061035156,314.5,314.6499938964844,118333
2026-02-25 10:45:00+05:30,314.6499938964844,314.79998779296875,312.79998779296875,313.0,269864
2026-02-25 10:50:00+05:30,313.04998779296875,313.75,313.0,313.04998779296875,180968
2026-02-25 10:55:00+05:30,313.0,314.1499938964844,313.0,313.54998779296875,624032
2026-02-25 11:00:00+05:30,313.70001220703125,314.20001220703125,313.5,314.1000061035156,181933
2026-02-25 11:05:00+05:30,314.1000061035156,314.20001220703125,313.3999938964844,313.6499938964844,520079
2026-02-25 11:10:00+05:30,313.79998779296875,313.8500061035156,313.3999938964844,313.8500061035156,42411
2026-02-25 11:15:00+05:30,313.8500061035156,313.8500061035156,313.20001220703125,313.5,58175
2026-02-25 11:20:00+05:30,313.45001220703125,313.8500061035156,313.0,313.5,119533
2026-02-25 11:25:00+05:30,313.6000061035156,314.0,313.5,314.0,26310
2026-02-25 11:30:00+05:30,314.1000061035156,314.20001220703125,313.79998779296875,314.20001220703125,64382
2026-02-25 11:35:00+05:30,314.1000061035156,314.20001220703125,314.0,314.04998779296875,35071
2026-02-25 11:40:00+05:30,314.0,314.20001220703125,314.0,314.1000061035156,61232
2026-02-25 11:45:00+05:30,314.0,314.29998779296875,314.0,314.1000061035156,51547
2026-02-25 11:50:00+05:30,314.0,314.20001220703125,314.0,314.1000061035156,25053
2026-02-25 11:55:00+05:30,314.1000061035156,314.1499938964844,313.3500061035156,313.6000061035156,241440
2026-02-25 12:00:00+05:30,313.6000061035156,313.6000061035156,313.3500061035156,313.54998779296875,121939
2026-02-25 12:05:00+05:30,313.54998779296875,313.70001220703125,313.3999938964844,313.54998779296875,37293
2026-02-25 12:10:00+05:30,313.54998779296875,313.70001220703125,313.3999938964844,313.54998779296875,41866
2026-02-25 12:15:00+05:30,313.5,314.25,313.5,314.04998779296875,77268
2026-02-25 12:20:00+05:30,314.1000061035156,314.29998779296875,314.0,314.20001220703125,25751
2026-02-25 12:25:00+05:30,314.1499938964844,314.20001220703125,313.8999938964844,314.0,39274
2026-02-25 12:30:00+05:30,314.0,314.20001220703125,313.25,313.5,57772
2026-02-25 12:35:00+05:30,313.20001220703125,313.5,313.0,313.5,66807
2026-02-25 12:40:00+05:30,313.5,313.54998779296875,313.29998779296875,313.29998779296875,37708
2026-02-25 12:45:00+05:30,313.29998779296875,313.29998779296875,312.6499938964844,312.6499938964844,178704
2026-02-25 12:50:00+05:30,312.5,312.8999938964844,312.25,312.6499938964844,119094
2026-02-25 12:55:00+05:30,312.3500061035156,313.0,312.3500061035156,312.5,177008
2026-02-25 13:00:00+05:30,312.54998779296875,312.54998779296875,311.54998779296875,311.79998779296875,190178
2026-02-25 13:05:00+05:30,311.79998779296875,312.3999938964844,311.79998779296875,312.1499938964844,44620
2026-02-25 13:10:00+05:30,312.20001220703125,313.0,312.1499938964844,312.45001220703125,85260
2026-02-25 13:15:00+05:30,312.3999938964844,313.1000061035156,312.20001220703125,312.75,49196
2026-02-25 13:20:00+05:30,312.75,312.8999938964844,312.5,312.8500061035156,27079
2026-02-25 13:25:00+05:30,312.6499938964844,312.75,312.20001220703125,312.5,31838
2026-02-25 13:30:00+05:30,312.3999938964844,313.1499938964844,312.3999938964844,313.1000061035156,96448
2026-02-25 13:35:00+05:30,312.95001220703125,313.04998779296875,312.45001220703125,312.54998779296875,28182
2026-02-25 13:40:00+05:30,312.6499938964844,312.79998779296875,312.25,312.6000061035156,28933
2026-02-25 13:45:00+05:30,312.5,312.6499938964844,312.29998779296875,312.3999938964844,23127
2026-02-25 13:50:00+05:30,312.5,312.6499938964844,312.3500061035156,312.5,28280
2026-02-25 13:55:00+05:30,312.6499938964844,313.54998779296875,312.3999938964844,313.3500061035156,80922
2026-02-25 14:00:00+05:30,313.6000061035156,313.6000061035156,312.6000061035156,312.75,61090
2026-02-25 14:05:00+05:30,312.8999938964844,313.1499938964844,312.45001220703125,312.5,68550
2026-02-25 14:10:00+05:30,312.54998779296875,313.20001220703125,312.54998779296875,312.95001220703125,60645
2026-02-25 14:15:00+05:30,312.95001220703125,313.3999938964844,312.75,313.3999938964844,45816
2026-02-25 14:20:00+05:30,313.3999938964844,313.6000061035156,313.04998779296875,313.25,63331
2026-02-25 14:25:00+05:30,313.1000061035156,313.5,312.75,312.8500061035156,50730
2026-02-25 14:30:00+05:30,312.8999938964844,313.3999938964844,312.8999938964844,313.3999938964844,72225
2026-02-25 14:35:00+05:30,313.5,313.70001220703125,313.3999938964844,313.3999938964844,35415
2026-02-25 14:40:00+05:30,313.3999938964844,313.75,313.25,313.70001220703125,79335
2026-02-25 14:45:00+05:30,313.70001220703125,313.79998779296875,313.45001220703125,313.6000061035156,69009
2026-02-25 14:50:00+05:30,313.6000061035156,313.70001220703125,313.3500061035156,313.6000061035156,121221
2026-02-25 14:55:00+05:30,313.79998779296875,314.25,313.5,314.20001220703125,114575
2026-02-25 15:00:00+05:30,314.3999938964844,315.75,314.3999938964844,315.6499938964844,433327
2026-02-25 15:05:00+05:30,315.6499938964844,315.75,315.1000061035156,315.6000061035156,306181
2026-02-25 15:10:00+05:30,315.70001220703125,316.45001220703125,315.70001220703125,316.20001220703125,449280
2026-02-25 15:15:00+05:30,316.20001220703125,316.29998779296875,315.95001220703125,316.25,398817
2026-02-25 15:20:00+05:30,316.1000061035156,316.45001220703125,316.1000061035156,316.3999938964844,362845
2026-02-25 15:25:00+05:30,316.3500061035156,316.3999938964844,316.0,316.25,312290
2026-02-26 09:20:00+05:30,321.95001220703125,323.0,321.1000061035156,322.54998779296875,794370
2026-02-26 09:25:00+05:30,322.45001220703125,322.70001220703125,321.79998779296875,322.6499938964844,514976
2026-02-26 09:30:00+05:30,322.6000061035156,322.6000061035156,321.8500061035156,322.0,317710
2026-02-26 09:35:00+05:30,322.1499938964844,322.20001220703125,321.6000061035156,321.6499938964844,355704
2026-02-26 09:40:00+05:30,321.70001220703125,322.5,321.5,321.6499938964844,227982
2026-02-26 09:45:00+05:30,321.8500061035156,322.0,320.3500061035156,320.70001220703125,572482
2026-02-26 09:50:00+05:30,320.6499938964844,320.8500061035156,319.54998779296875,319.75,323257
2026-02-26 09:55:00+05:30,319.5,320.6499938964844,319.5,319.8999938964844,270881
2026-02-26 10:00:00+05:30,319.8999938964844,320.29998779296875,319.6000061035156,319.70001220703125,145177
2026-02-26 10:05:00+05:30,319.6000061035156,319.95001220703125,319.5,319.6499938964844,151636
2026-02-26 10:10:00+05:30,319.79998779296875,320.95001220703125,318.29998779296875,318.45001220703125,673984
2026-02-26 10:15:00+05:30,318.3999938964844,318.95001220703125,317.79998779296875,318.8999938964844,315216
2026-02-26 10:20:00+05:30,318.79998779296875,318.8999938964844,318.1499938964844,318.54998779296875,125079
2026-02-26 10:25:00+05:30,318.5,319.04998779296875,318.5,319.0,74987
2026-02-26 10:30:00+05:30,319.04998779296875,319.3999938964844,318.20001220703125,318.3500061035156,128706
2026-02-26 10:35:00+05:30,318.45001220703125,318.8999938964844,318.04998779296875,318.04998779296875,132834
2026-02-26 10:40:00+05:30,318.04998779296875,319.0,318.0,319.0,76253
2026-02-26 10:45:00+05:30,319.0,320.1000061035156,319.0,320.0,164860
2026-02-26 10:50:00+05:30,320.0,320.0,319.5,319.6499938964844,50659
2026-02-26 10:55:00+05:30,319.6499938964844,319.79998779296875,318.70001220703125,318.79998779296875,85394
2026-02-26 11:00:00+05:30,318.45001220703125,318.6000061035156,317.95001220703125,318.6000061035156,162764
2026-02-26 11:05:00+05:30,318.6000061035156,318.6000061035156,317.6000061035156,317.6000061035156,115708
2026-02-26 11:10:00+05:30,317.6000061035156,318.5,317.5,318.20001220703125,57668
2026-02-26 11:15:00+05:30,318.20001220703125,318.5,318.0,318.3999938964844,39440
2026-02-26 11:20:00+05:30,318.3999938964844,319.04998779296875,318.20001220703125,318.8999938964844,75882
2026-02-26 11:25:00+05:30,318.8500061035156,319.20001220703125,318.6000061035156,318.70001220703125,128079
2026-02-26 11:30:00+05:30,318.70001220703125,319.04998779296875,318.29998779296875,318.8999938964844,95737
2026-02-26 11:35:00+05:30,318.8999938964844,319.8500061035156,318.75,319.45001220703125,186273
2026-02-26 11:40:00+05:30,319.3999938964844,319.5,319.25,319.25,151500
2026-02-26 11:45:00+05:30,319.25,320.70001220703125,319.04998779296875,320.70001220703125,351045
2026-02-26 11:50:00+05:30,320.75,320.8500061035156,320.0,320.45001220703125,314358
2026-02-26 11:55:00+05:30,320.5,320.6000061035156,320.04998779296875,320.25,224123
2026-02-26 12:00:00+05:30,320.25,320.54998779296875,320.20001220703125,320.45001220703125,81467
2026-02-26 12:05:00+05:30,320.29998779296875,320.5,319.6000061035156,319.6000061035156,297852
2026-02-26 12:10:00+05:30,319.6000061035156,319.75,319.3500061035156,319.45001220703125,71201
2026-02-26 12:15:00+05:30,319.5,319.79998779296875,319.45001220703125,319.6499938964844,116950
2026-02-26 12:20:00+05:30,319.6499938964844,319.79998779296875,318.95001220703125,319.3999938964844,140056
2026-02-26 12:25:00+05:30,319.29998779296875,319.3999938964844,319.0,319.20001220703125,73525
2026-02-26 12:30:00+05:30,319.20001220703125,319.25,318.8500061035156,319.1000061035156,50984
2026-02-26 12:35:00+05:30,319.1000061035156,319.70001220703125,319.04998779296875,319.5,54249
2026-02-26 12:40:00+05:30,319.5,319.95001220703125,318.79998779296875,318.79998779296875,96853
2026-02-26 12:45:00+05:30,318.8999938964844,319.29998779296875,318.79998779296875,319.0,59366
2026-02-26 12:50:00+05:30,319.0,319.0,318.6499938964844,318.75,57647
2026-02-26 12:55:00+05:30,318.8500061035156,318.8500061035156,318.6000061035156,318.8500061035156,43671
2026-02-26 13:00:00+05:30,318.8500061035156,318.95001220703125,318.29998779296875,318.79998779296875,125053
2026-02-26 13:05:00+05:30,318.75,318.8999938964844,318.75,318.79998779296875,46973
2026-02-26 13:10:00+05:30,318.79998779296875,319.0,318.6499938964844,318.75,36849
2026-02-26 13:15:00+05:30,318.79998779296875,318.8500061035156,318.54998779296875,318.70001220703125,36085
2026-02-26 13:20:00+05:30,318.70001220703125,319.0,318.70001220703125,318.8500061035156,50507
2026-02-26 13:25:00+05:30,318.8500061035156,320.5,318.8500061035156,320.20001220703125,406682
2026-02-26 13:30:00+05:30,320.20001220703125,320.3999938964844,319.75,320.3999938964844,482136
2026-02-26 13:35:00+05:30,320.45001220703125,320.8500061035156,320.20001220703125,320.3999938964844,510661
2026-02-26 13:40:00+05:30,320.25,320.75,320.1000061035156,320.75,279364
2026-02-26 13:45:00+05:30,320.79998779296875,321.1000061035156,320.5,320.95001220703125,178087
2026-02-26 13:50:00+05:30,320.95001220703125,320.95001220703125,320.6000061035156,320.70001220703125,78449
2026-02-26 13:55:00+05:30,320.70001220703125,320.95001220703125,320.5,320.75,164273
2026-02-26 14:00:00+05:30,320.79998779296875,320.95001220703125,320.6000061035156,320.6499938964844,86148
2026-02-26 14:05:00+05:30,320.6499938964844,321.5,320.6499938964844,321.5,190626
2026-02-26 14:10:00+05:30,321.8500061035156,321.8999938964844,321.45001220703125,321.5,150851
2026-02-26 14:15:00+05:30,321.5,321.54998779296875,320.95001220703125,321.1000061035156,124880
2026-02-26 14:20:00+05:30,321.04998779296875,321.29998779296875,320.95001220703125,321.20001220703125,103848
2026-02-26 14:25:00+05:30,321.1499938964844,321.3999938964844,321.0,321.29998779296875,65281
2026-02-26 14:30:00+05:30,321.29998779296875,321.8999938964844,321.1000061035156,321.8999938964844,84043
2026-02-26 14:35:00+05:30,321.8999938964844,322.0,321.6000061035156,321.95001220703125,235120
2026-02-26 14:40:00+05:30,321.79998779296875,322.95001220703125,321.79998779296875,322.70001220703125,363093
2026-02-26 14:45:00+05:30,322.75,323.5,322.3999938964844,322.75,373249
2026-02-26 14:50:00+05:30,322.75,323.45001220703125,322.6000061035156,323.3999938964844,245200
2026-02-26 14:55:00+05:30,323.3500061035156,323.5,323.0,323.25,148505
2026-02-26 15:00:00+05:30,323.70001220703125,324.6000061035156,323.70001220703125,324.1000061035156,1116606
2026-02-26 15:05:00+05:30,324.1000061035156,324.8999938964844,324.1000061035156,324.8999938964844,754801
2026-02-26 15:10:00+05:30,324.8500061035156,325.5,324.29998779296875,324.5,1304739
2026-02-26 15:15:00+05:30,324.54998779296875,324.8999938964844,323.79998779296875,324.45001220703125,1137899
2026-02-26 15:20:00+05:30,324.29998779296875,324.3500061035156,323.95001220703125,324.1000061035156,1022795
2026-02-26 15:25:00+05:30,324.04998779296875,324.5,323.79998779296875,324.1000061035156,793291
2026-02-27 09:20:00+05:30,323.04998779296875,324.1000061035156,322.8999938964844,323.75,232681
2026-02-27 09:25:00+05:30,323.75,324.3999938964844,323.04998779296875,323.04998779296875,171557
2026-02-27 09:30:00+05:30,323.1000061035156,323.1000061035156,322.3500061035156,322.54998779296875,172185
2026-02-27 09:35:00+05:30,322.54998779296875,322.6000061035156,321.45001220703125,322.5,269765
2026-02-27 09:40:00+05:30,322.45001220703125,322.45001220703125,321.5,321.8500061035156,116065
2026-02-27 09:45:00+05:30,321.8999938964844,321.8999938964844,321.3999938964844,321.6000061035156,82371
2026-02-27 09:50:00+05:30,321.6000061035156,322.6000061035156,321.04998779296875,321.95001220703125,730388
2026-02-27 09:55:00+05:30,322.04998779296875,322.3999938964844,321.04998779296875,321.45001220703125,160998
2026-02-27 10:00:00+05:30,321.5,321.75,321.04998779296875,321.3999938964844,183666
2026-02-27 10:05:00+05:30,321.3500061035156,322.25,321.3500061035156,322.1000061035156,122970
2026-02-27 10:10:00+05:30,322.04998779296875,322.25,321.54998779296875,321.70001220703125,73054
2026-02-27 10:15:00+05:30,321.75,321.75,320.79998779296875,321.1499938964844,145038
2026-02-27 10:20:00+05:30,321.1499938964844,322.25,321.1000061035156,322.1499938964844,69171
2026-02-27 10:25:00+05:30,322.20001220703125,322.6499938964844,322.04998779296875,322.6499938964844,98342
2026-02-27 10:30:00+05:30,322.54998779296875,322.70001220703125,322.3999938964844,322.6499938964844,64622
2026-02-27 10:35:00+05:30,322.70001220703125,323.5,322.6000061035156,322.79998779296875,139797
2026-02-27 10:40:00+05:30,322.70001220703125,322.8500061035156,322.29998779296875,322.54998779296875,84380
2026-02-27 10:45:00+05:30,322.54998779296875,322.6499938964844,321.8999938964844,322.45001220703125,98533
2026-02-27 10:50:00+05:30,322.45001220703125,322.45001220703125,322.0,322.1000061035156,60487
2026-02-27 10:55:00+05:30,322.25,322.6000061035156,322.0,322.3999938964844,152613
2026-02-27 11:00:00+05:30,322.5,322.5,322.0,322.3999938964844,39013
2026-02-27 11:05:00+05:30,322.3999938964844,322.5,322.04998779296875,322.25,23519
2026-02-27 11:10:00+05:30,322.25,322.29998779296875,322.0,322.29998779296875,30529
2026-02-27 11:15:00+05:30,322.25,322.3500061035156,321.5,321.6499938964844,75921
2026-02-27 11:20:00+05:30,321.6499938964844,321.75,321.1000061035156,321.3999938964844,118612
2026-02-27 11:25:00+05:30,321.45001220703125,321.45001220703125,320.75,320.75,104595
2026-02-27 11:30:00+05:30,320.70001220703125,320.70001220703125,320.1000061035156,320.25,134072
2026-02-27 11:35:00+05:30,320.29998779296875,320.29998779296875,319.6499938964844,319.95001220703125,166587
2026-02-27 11:40:00+05:30,319.95001220703125,320.6000061035156,319.70001220703125,320.5,105201
2026-02-27 11:45:00+05:30,320.3999938964844,321.29998779296875,320.3999938964844,321.04998779296875,41814
2026-02-27 11:50:00+05:30,321.1000061035156,321.95001220703125,321.0,321.79998779296875,67100
2026-02-27 11:55:00+05:30,321.79998779296875,322.1000061035156,321.5,321.95001220703125,75575
2026-02-27 12:00:00+05:30,321.95001220703125,323.1000061035156,321.95001220703125,322.20001220703125,121007
2026-02-27 12:05:00+05:30,322.20001220703125,323.04998779296875,322.1499938964844,322.45001220703125,182177
2026-02-27 12:10:00+05:30,322.3500061035156,323.0,322.3500061035156,322.75,136970
2026-02-27 12:15:00+05:30,322.6499938964844,322.8500061035156,322.6000061035156,322.6499938964844,32904
2026-02-27 12:20:00+05:30,322.75,323.25,322.6499938964844,322.8500061035156,90040
2026-02-27 12:25:00+05:30,322.79998779296875,322.95001220703125,322.45001220703125,322.79998779296875,75933
2026-02-27 12:30:00+05:30,322.70001220703125,323.1499938964844,322.6499938964844,322.79998779296875,66394
2026-02-27 12:35:00+05:30,322.8500061035156,323.1499938964844,322.70001220703125,322.70001220703125,24085
2026-02-27 12:40:00+05:30,322.70001220703125,322.79998779296875,322.54998779296875,322.54998779296875,22518
2026-02-27 12:45:00+05:30,322.79998779296875,323.29998779296875,322.70001220703125,322.79998779296875,95869
2026-02-27 12:50:00+05:30,322.79998779296875,323.3500061035156,322.79998779296875,323.20001220703125,37219
2026-02-27 12:55:00+05:30,323.20001220703125,323.3500061035156,322.8999938964844,323.3500061035156,69234
2026-02-27 13:00:00+05:30,323.3500061035156,323.54998779296875,323.3500061035156,323.3500061035156,48788
2026-02-27 13:05:00+05:30,323.25,323.95001220703125,323.25,323.70001220703125,71413
2026-02-27 13:10:00+05:30,323.70001220703125,323.70001220703125,323.25,323.25,33243
2026-02-27 13:15:00+05:30,323.25,323.6499938964844,323.0,323.0,45107
2026-02-27 13:20:00+05:30,323.0,323.29998779296875,323.0,323.1499938964844,28648
2026-02-27 13:25:00+05:30,323.1000061035156,323.3999938964844,323.0,323.0,41481
2026-02-27 13:30:00+05:30,323.1000061035156,323.1000061035156,322.45001220703125,322.45001220703125,85947
2026-02-27 13:35:00+05:30,322.45001220703125,322.8500061035156,322.20001220703125,322.5,91388
2026-02-27 13:40:00+05:30,322.5,322.8500061035156,322.45001220703125,322.6499938964844,33005
2026-02-27 13:45:00+05:30,322.79998779296875,323.3999938964844,322.70001220703125,323.3500061035156,51347
2026-02-27 13:50:00+05:30,323.3500061035156,323.45001220703125,323.0,323.20001220703125,14757
2026-02-27 13:55:00+05:30,323.1000061035156,323.79998779296875,323.1000061035156,323.5,103717
2026-02-27 14:00:00+05:30,323.6000061035156,324.20001220703125,323.5,323.5,143413
2026-02-27 14:05:00+05:30,323.5,323.75,323.3999938964844,323.6499938964844,64724
2026-02-27 14:10:00+05:30,323.70001220703125,323.79998779296875,323.20001220703125,323.25,83376
2026-02-27 14:15:00+05:30,323.29998779296875,323.5,323.29998779296875,323.3500061035156,36734
2026-02-27 14:20:00+05:30,323.29998779296875,323.6000061035156,323.29998779296875,323.29998779296875,79563
2026-02-27 14:25:00+05:30,323.29998779296875,323.3500061035156,323.0,323.20001220703125,60273
2026-02-27 14:30:00+05:30,323.20001220703125,323.5,323.1499938964844,323.3500061035156,65341
2026-02-27 14:35:00+05:30,323.3500061035156,323.6000061035156,323.3500061035156,323.54998779296875,58685
2026-02-27 14:40:00+05:30,323.6000061035156,323.6499938964844,323.5,323.54998779296875,81473
2026-02-27 14:45:00+05:30,323.54998779296875,323.54998779296875,322.95001220703125,323.1000061035156,161321
2026-02-27 14:50:00+05:30,323.1499938964844,323.5,323.04998779296875,323.20001220703125,129198
2026-02-27 14:55:00+05:30,323.1499938964844,323.5,323.04998779296875,323.1000061035156,154459
2026-02-27 15:00:00+05:30,322.8500061035156,322.8999938964844,322.0,322.25,938331
2026-02-27 15:05:00+05:30,322.25,322.3999938964844,321.6000061035156,322.3999938964844,993042
2026-02-27 15:10:00+05:30,322.5,323.0,321.20001220703125,322.0,1786411
2026-02-27 15:15:00+05:30,322.0,322.29998779296875,321.95001220703125,322.04998779296875,1352791
2026-02-27 15:20:00+05:30,322.04998779296875,322.29998779296875,321.1000061035156,321.1000061035156,1432721
2026-02-27 15:25:00+05:30,321.1499938964844,321.3500061035156,320.0,321.1499938964844,608288
2026-03-02 09:20:00+05:30,319.3500061035156,319.79998779296875,317.70001220703125,318.3500061035156,343016
2026-03-02 09:25:00+05:30,318.6000061035156,319.5,318.3999938964844,318.6499938964844,181494
2026-03-02 09:30:00+05:30,318.6000061035156,319.04998779296875,318.0,318.6000061035156,206472
2026-03-02 09:35:00+05:30,318.3999938964844,319.20001220703125,317.8999938964844,318.0,150088
2026-03-02 09:40:00+05:30,318.1000061035156,318.8500061035156,317.8999938964844,318.75,127605
2026-03-02 09:45:00+05:30,318.79998779296875,318.79998779296875,318.1499938964844,318.25,78394
2026-03-02 09:50:00+05:30,318.29998779296875,318.54998779296875,318.0,318.5,91000
2026-03-02 09:55:00+05:30,318.5,318.8500061035156,318.0,318.0,139740
2026-03-02 10:00:00+05:30,318.1000061035156,318.29998779296875,317.1499938964844,317.3999938964844,96176
2026-03-02 10:05:00+05:30,317.45001220703125,317.45001220703125,315.54998779296875,315.54998779296875,144779
2026-03-02 10:10:00+05:30,315.54998779296875,315.8999938964844,315.20001220703125,315.8500061035156,100893
2026-03-02 10:15:00+05:30,315.79998779296875,316.0,314.29998779296875,314.6499938964844,147932
2026-03-02 10:20:00+05:30,314.75,315.25,314.3500061035156,314.3500061035156,226899
2026-03-02 10:25:00+05:30,314.45001220703125,315.79998779296875,314.45001220703125,315.3500061035156,141342
2026-03-02 10:30:00+05:30,315.29998779296875,316.29998779296875,315.1499938964844,316.1000061035156,101260
2026-03-02 10:35:00+05:30,316.04998779296875,316.3999938964844,315.3999938964844,315.5,180399
2026-03-02 10:40:00+05:30,315.5,315.8500061035156,315.45001220703125,315.54998779296875,72915
2026-03-02 10:45:00+05:30,315.6000061035156,316.0,315.3500061035156,315.6499938964844,61728
2026-03-02 10:50:00+05:30,315.6499938964844,316.45001220703125,315.20001220703125,315.3500061035156,209652
2026-03-02 10:55:00+05:30,315.3500061035156,316.20001220703125,315.3500061035156,316.0,90196
2026-03-02 11:00:00+05:30,316.0,316.70001220703125,315.8500061035156,316.45001220703125,64329
2026-03-02 11:05:00+05:30,316.3500061035156,316.79998779296875,316.0,316.5,72128
2026-03-02 11:10:00+05:30,316.45001220703125,316.45001220703125,315.8999938964844,316.1499938964844,53259
2026-03-02 11:15:00+05:30,316.20001220703125,316.5,316.20001220703125,316.25,48834
2026-03-02 11:20:00+05:30,316.29998779296875,316.79998779296875,315.8999938964844,316.79998779296875,132705
2026-03-02 11:25:00+05:30,316.5,317.0,316.5,316.79998779296875,68055
2026-03-02 11:30:00+05:30,316.8500061035156,317.1000061035156,316.6000061035156,316.75,98427
2026-03-02 11:35:00+05:30,316.75,317.1499938964844,316.70001220703125,317.1000061035156,59537
2026-03-02 11:40:00+05:30,317.04998779296875,317.1000061035156,316.5,316.75,71071
2026-03-02 11:45:00+05:30,316.79998779296875,317.25,316.25,316.45001220703125,74336
2026-03-02 11:50:00+05:30,316.45001220703125,317.04998779296875,316.3999938964844,316.79998779296875,229024
2026-03-02 11:55:00+05:30,316.6499938964844,316.70001220703125,316.1499938964844,316.25,78575
2026-03-02 12:00:00+05:30,316.1000061035156,316.1000061035156,315.70001220703125,316.0,96296
2026-03-02 12:05:00+05:30,316.04998779296875,316.75,315.8999938964844,316.70001220703125,51405
2026-03-02 12:10:00+05:30,316.75,317.0,316.3999938964844,316.3999938964844,84637
2026-03-02 12:15:00+05:30,316.5,316.75,316.1499938964844,316.6499938964844,57219
2026-03-02 12:20:00+05:30,316.6499938964844,316.95001220703125,316.5,316.79998779296875,66757
2026-03-02 12:25:00+05:30,316.8500061035156,317.1499938964844,316.70001220703125,317.0,84294
2026-03-02 12:30:00+05:30,317.0,317.1499938964844,316.70001220703125,316.8999938964844,44981
2026-03-02 12:35:00+05:30,316.79998779296875,316.8999938964844,316.1000061035156,316.20001220703125,75356
2026-03-02 12:40:00+05:30,316.1000061035156,316.5,315.8999938964844,316.29998779296875,52457
2026-03-02 12:45:00+05:30,316.0,316.45001220703125,315.70001220703125,316.1000061035156,71412
2026-03-02 12:50:00+05:30,315.95001220703125,316.54998779296875,315.8500061035156,316.5,71089
2026-03-02 12:55:00+05:30,316.54998779296875,316.70001220703125,315.29998779296875,315.3999938964844,107392
2026-03-02 13:00:00+05:30,315.3999938964844,315.6499938964844,315.0,315.0,88414
2026-03-02 13:05:00+05:30,314.95001220703125,315.45001220703125,314.95001220703125,315.1000061035156,64746
2026-03-02 13:10:00+05:30,315.1499938964844,315.29998779296875,314.95001220703125,315.1499938964844,48611
2026-03-02 13:15:00+05:30,315.1499938964844,315.3999938964844,314.8999938964844,314.95001220703125,59731
2026-03-02 13:20:00+05:30,315.0,315.20001220703125,314.79998779296875,315.1000061035156,45483
2026-03-02 13:25:00+05:30,315.1000061035156,315.1000061035156,314.6499938964844,314.75,39307
2026-03-02 13:30:00+05:30,314.75,314.75,313.6499938964844,313.79998779296875,108261
2026-03-02 13:35:00+05:30,313.6499938964844,314.1000061035156,313.6000061035156,313.8500061035156,44734
2026-03-02 13:40:00+05:30,313.8500061035156,314.0,313.5,313.75,67056
2026-03-02 13:45:00+05:30,313.75,314.1000061035156,313.1499938964844,313.1499938964844,104805
2026-03-02 13:50:00+05:30,313.29998779296875,313.29998779296875,311.95001220703125,312.0,513432
2026-03-02 13:55:00+05:30,312.0,312.0,311.6000061035156,311.8500061035156,230490
2026-03-02 14:00:00+05:30,311.6499938964844,313.8999938964844,311.3500061035156,313.54998779296875,169804
2026-03-02 14:05:00+05:30,313.3999938964844,314.3999938964844,313.3999938964844,313.8500061035156,133291
2026-03-02 14:10:00+05:30,313.79998779296875,314.29998779296875,313.6000061035156,314.25,89748
2026-03-02 14:15:00+05:30,314.20001220703125,314.6000061035156,313.5,313.5,55672
2026-03-02 14:20:00+05:30,313.5,313.95001220703125,313.3999938964844,313.5,77503
2026-03-02 14:25:00+05:30,313.6000061035156,313.6499938964844,313.20001220703125,313.29998779296875,61364
2026-03-02 14:30:00+05:30,313.45001220703125,313.8999938964844,313.0,313.8999938964844,80502
2026-03-02 14:35:00+05:30,314.0,314.70001220703125,313.95001220703125,314.3999938964844,117127
2026-03-02 14:40:00+05:30,314.54998779296875,315.1000061035156,314.3999938964844,314.79998779296875,133979
2026-03-02 14:45:00+05:30,314.79998779296875,315.04998779296875,314.29998779296875,314.8500061035156,119764
2026-03-02 14:50:00+05:30,314.8500061035156,315.20001220703125,314.75,314.8999938964844,130793
2026-03-02 14:55:00+05:30,314.95001220703125,315.04998779296875,314.3500061035156,314.5,84311
2026-03-02 15:00:00+05:30,314.45001220703125,315.0,314.29998779296875,314.79998779296875,155189
2026-03-02 15:05:00+05:30,314.79998779296875,315.0,314.5,314.6499938964844,152155
2026-03-02 15:10:00+05:30,314.6499938964844,315.20001220703125,314.54998779296875,315.20001220703125,233122
2026-03-02 15:15:00+05:30,315.20001220703125,315.6000061035156,315.04998779296875,315.3999938964844,311323
2026-03-02 15:20:00+05:30,315.3999938964844,315.70001220703125,315.0,315.45001220703125,392236
2026-03-02 15:25:00+05:30,315.3500061035156,315.8500061035156,315.3500061035156,315.79998779296875,232719
2026-03-04 09:20:00+05:30,306.75,307.75,305.1000061035156,305.5,512964
2026-03-04 09:25:00+05:30,305.5,306.6000061035156,305.29998779296875,305.6499938964844,552634
2026-03-04 09:30:00+05:30,305.6000061035156,306.20001220703125,305.1499938964844,305.29998779296875,308849
2026-03-04 09:35:00+05:30,305.25,305.5,304.5,305.5,281326
2026-03-04 09:40:00+05:30,305.45001220703125,305.45001220703125,304.25,304.54998779296875,330305
2026-03-04 09:45:00+05:30,304.54998779296875,304.6499938964844,301.04998779296875,301.25,457106
2026-03-04 09:50:00+05:30,301.1000061035156,302.25,300.95001220703125,300.95001220703125,370951
2026-03-04 09:55:00+05:30,300.75,301.1499938964844,300.6000061035156,301.0,254218
2026-03-04 10:00:00+05:30,300.95001220703125,301.6000061035156,300.75,301.1000061035156,186274
2026-03-04 10:05:00+05:30,301.0,301.70001220703125,300.8999938964844,301.70001220703125,231499
2026-03-04 10:10:00+05:30,301.75,302.29998779296875,301.1499938964844,302.25,185808
2026-03-04 10:15:00+05:30,302.25,302.29998779296875,300.5,301.29998779296875,233360
2026-03-04 10:20:00+05:30,301.54998779296875,301.79998779296875,301.1499938964844,301.20001220703125,239782
2026-03-04 10:25:00+05:30,300.8999938964844,301.1499938964844,300.3500061035156,300.3999938964844,147231
2026-03-04 10:30:00+05:30,300.54998779296875,300.6499938964844,300.1000061035156,300.1000061035156,122230
2026-03-04 10:35:00+05:30,300.0,300.3500061035156,299.1000061035156,299.75,253025
2026-03-04 10:40:00+05:30,299.6499938964844,299.95001220703125,299.04998779296875,299.3999938964844,113635
2026-03-04 10:45:00+05:30,299.3999938964844,299.95001220703125,299.1000061035156,299.1499938964844,150595
2026-03-04 10:50:00+05:30,299.1499938964844,299.45001220703125,298.95001220703125,298.95001220703125,178028
2026-03-04 10:55:00+05:30,298.8999938964844,299.1000061035156,298.3999938964844,298.75,299763
2026-03-04 11:00:00+05:30,298.8999938964844,300.5,298.8999938964844,300.25,191535
2026-03-04 11:05:00+05:30,300.25,300.79998779296875,299.6000061035156,300.79998779296875,203682
2026-03-04 11:10:00+05:30,300.75,300.95001220703125,300.04998779296875,300.04998779296875,91479
2026-03-04 11:15:00+05:30,300.1000061035156,300.1499938964844,299.6000061035156,299.75,120689
2026-03-04 11:20:00+05:30,299.70001220703125,300.25,299.54998779296875,299.6499938964844,69110
2026-03-04 11:25:00+05:30,299.6000061035156,299.6499938964844,298.20001220703125,298.25,189553
2026-03-04 11:30:00+05:30,298.1499938964844,298.5,298.0,298.5,174278
2026-03-04 11:35:00+05:30,298.45001220703125,299.25,298.45001220703125,298.95001220703125,106638
2026-03-04 11:40:00+05:30,298.95001220703125,298.95001220703125,298.3999938964844,298.3999938964844,110909
2026-03-04 11:45:00+05:30,298.54998779296875,299.3500061035156,298.45001220703125,299.29998779296875,79884
2026-03-04 11:50:00+05:30,299.29998779296875,299.79998779296875,298.6499938964844,298.95001220703125,147877
2026-03-04 11:55:00+05:30,298.95001220703125,299.1499938964844,298.70001220703125,298.8500061035156,63950
2026-03-04 12:00:00+05:30,298.79998779296875,298.95001220703125,298.3500061035156,298.6000061035156,69954
2026-03-04 12:05:00+05:30,298.5,298.6499938964844,297.5,297.5,213139
2026-03-04 12:10:00+05:30,297.5,297.8500061035156,297.29998779296875,297.45001220703125,102799
2026-03-04 12:15:00+05:30,297.3999938964844,297.5,297.04998779296875,297.45001220703125,496482
2026-03-04 12:20:00+05:30,297.45001220703125,297.95001220703125,297.3999938964844,297.8999938964844,277025
2026-03-04 12:25:00+05:30,297.8500061035156,298.04998779296875,297.79998779296875,297.8999938964844,86304
2026-03-04 12:30:00+05:30,297.8999938964844,297.8999938964844,297.45001220703125,297.54998779296875,78748
2026-03-04 12:35:00+05:30,297.54998779296875,297.8999938964844,297.0,297.6000061035156,157008
2026-03-04 12:40:00+05:30,297.6000061035156,297.6000061035156,297.20001220703125,297.20001220703125,81258
2026-03-04 12:45:00+05:30,297.20001220703125,297.3999938964844,296.79998779296875,297.04998779296875,134149
2026-03-04 12:50:00+05:30,296.95001220703125,297.04998779296875,296.75,296.75,97127
2026-03-04 12:55:00+05:30,296.75,297.45001220703125,296.75,297.25,195925
2026-03-04 13:00:00+05:30,297.1499938964844,297.5,297.0,297.1000061035156,64414
2026-03-04 13:05:00+05:30,297.1000061035156,298.04998779296875,297.0,297.8999938964844,164158
2026-03-04 13:10:00+05:30,297.8999938964844,299.79998779296875,297.8999938964844,299.25,358771
2026-03-04 13:15:00+05:30,299.25,299.79998779296875,298.29998779296875,298.45001220703125,132969
2026-03-04 13:20:00+05:30,298.3999938964844,299.04998779296875,298.1000061035156,298.8999938964844,98884
2026-03-04 13:25:00+05:30,298.79998779296875,299.6000061035156,298.75,298.75,164401
2026-03-04 13:30:00+05:30,298.70001220703125,299.3999938964844,298.6499938964844,298.75,105466
2026-03-04 13:35:00+05:30,298.6499938964844,299.29998779296875,298.29998779296875,298.95001220703125,122855
2026-03-04 13:40:00+05:30,298.8500061035156,299.1499938964844,298.54998779296875,299.1499938964844,92459
2026-03-04 13:45:00+05:30,298.95001220703125,299.1000061035156,298.54998779296875,298.6000061035156,83959
2026-03-04 13:50:00+05:30,298.6000061035156,298.70001220703125,298.1000061035156,298.3999938964844,169244
2026-03-04 13:55:00+05:30,298.3500061035156,299.5,298.29998779296875,299.3999938964844,233286
2026-03-04 14:00:00+05:30,299.3500061035156,299.95001220703125,299.29998779296875,299.6499938964844,262475
2026-03-04 14:05:00+05:30,299.75,300.04998779296875,299.1000061035156,300.04998779296875,149596
2026-03-04 14:10:00+05:30,300.0,300.70001220703125,299.75,300.70001220703125,280418
2026-03-04 14:15:00+05:30,300.95001220703125,301.70001220703125,300.6000061035156,301.0,377402
2026-03-04 14:20:00+05:30,301.0,301.1499938964844,300.1499938964844,300.25,87986
2026-03-04 14:25:00+05:30,300.1499938964844,300.3999938964844,299.8500061035156,300.0,213456
2026-03-04 14:30:00+05:30,299.95001220703125,300.5,299.8500061035156,300.3500061035156,108325
2026-03-04 14:35:00+05:30,300.3500061035156,300.3999938964844,300.0,300.29998779296875,219527
2026-03-04 14:40:00+05:30,300.3500061035156,300.79998779296875,300.29998779296875,300.6000061035156,106062
2026-03-04 14:45:00+05:30,300.6000061035156,300.8999938964844,299.8500061035156,300.75,274448
2026-03-04 14:50:00+05:30,300.6000061035156,300.8500061035156,300.25,300.3500061035156,189605
2026-03-04 14:55:00+05:30,300.20001220703125,300.79998779296875,299.70001220703125,299.95001220703125,327547
2026-03-04 15:00:00+05:30,300.0,300.1499938964844,299.3500061035156,299.6499938964844,695509
2026-03-04 15:05:00+05:30,299.70001220703125,300.04998779296875,298.79998779296875,298.79998779296875,468881
2026-03-04 15:10:00+05:30,298.6499938964844,299.20001220703125,298.3500061035156,299.1499938964844,448355
2026-03-04 15:15:00+05:30,299.1000061035156,299.5,298.95001220703125,299.04998779296875,428347
2026-03-04 15:20:00+05:30,299.04998779296875,299.5,298.95001220703125,299.3999938964844,470801
2026-03-04 15:25:00+05:30,299.3500061035156,300.0,299.1499938964844,300.0,405562
2026-03-05 09:20:00+05:30,301.6499938964844,302.20001220703125,301.6000061035156,302.20001220703125,162948
2026-03-05 09:25:00+05:30,302.29998779296875,302.70001220703125,301.79998779296875,302.04998779296875,313737
2026-03-05 09:30:00+05:30,302.25,302.45001220703125,302.0,302.20001220703125,140903
2026-03-05 09:35:00+05:30,302.20001220703125,302.5,301.45001220703125,301.45001220703125,277384
2026-03-05 09:40:00+05:30,301.3999938964844,302.0,301.1000061035156,301.6499938964844,143084
2026-03-05 09:45:00+05:30,301.6000061035156,302.0,301.6000061035156,301.8500061035156,100915
2026-03-05 09:50:00+05:30,301.8500061035156,301.8999938964844,301.25,301.6499938964844,89369
2026-03-05 09:55:00+05:30,301.6499938964844,301.70001220703125,300.5,301.0,114906
2026-03-05 10:00:00+05:30,300.95001220703125,301.3500061035156,300.8999938964844,301.20001220703125,124146
2026-03-05 10:05:00+05:30,300.75,301.8999938964844,300.6000061035156,301.8999938964844,243463
2026-03-05 10:10:00+05:30,302.04998779296875,302.6000061035156,302.0,302.25,148807
2026-03-05 10:15:00+05:30,302.20001220703125,303.25,302.20001220703125,302.5,202789
2026-03-05 10:20:00+05:30,302.5,302.75,301.8999938964844,302.1499938964844,130836
2026-03-05 10:25:00+05:30,302.1000061035156,303.0,302.1000061035156,302.70001220703125,109939
2026-03-05 10:30:00+05:30,302.79998779296875,303.1000061035156,301.75,302.20001220703125,107688
2026-03-05 10:35:00+05:30,302.1000061035156,303.6000061035156,301.95001220703125,303.5,300782
2026-03-05 10:40:00+05:30,303.54998779296875,303.6000061035156,303.1000061035156,303.25,240777
2026-03-05 10:45:00+05:30,303.25,303.25,302.25,302.25,64508
2026-03-05 10:50:00+05:30,302.1000061035156,302.3500061035156,301.3999938964844,301.6499938964844,127351
2026-03-05 10:55:00+05:30,301.6499938964844,302.8500061035156,301.54998779296875,302.45001220703125,302090
2026-03-05 11:00:00+05:30,302.54998779296875,302.95001220703125,302.45001220703125,302.6499938964844,53963
2026-03-05 11:05:00+05:30,302.6499938964844,302.8999938964844,302.3500061035156,302.75,80643
2026-03-05 11:10:00+05:30,302.79998779296875,302.8999938964844,302.5,302.6499938964844,80824
2026-03-05 11:15:00+05:30,302.5,302.8999938964844,302.3999938964844,302.79998779296875,93334
2026-03-05 11:20:00+05:30,302.70001220703125,303.1499938964844,302.70001220703125,302.70001220703125,107366
2026-03-05 11:25:00+05:30,302.70001220703125,302.70001220703125,301.6499938964844,302.1000061035156,112276
2026-03-05 11:30:00+05:30,302.0,302.20001220703125,301.20001220703125,301.29998779296875,67105
2026-03-05 11:35:00+05:30,301.25,301.6499938964844,300.70001220703125,301.6000061035156,165897
2026-03-05 11:40:00+05:30,301.6499938964844,301.79998779296875,301.29998779296875,301.3999938964844,55634
2026-03-05 11:45:00+05:30,301.3999938964844,301.3999938964844,300.1499938964844,300.3500061035156,93495
2026-03-05 11:50:00+05:30,300.20001220703125,300.3500061035156,299.79998779296875,300.29998779296875,114410
2026-03-05 11:55:00+05:30,300.3999938964844,300.79998779296875,299.79998779296875,300.1000061035156,81330
2026-03-05 12:00:00+05:30,300.20001220703125,300.20001220703125,299.6499938964844,299.8999938964844,64001
2026-03-05 12:05:00+05:30,299.8500061035156,300.29998779296875,299.6499938964844,300.04998779296875,63479
2026-03-05 12:10:00+05:30,300.1000061035156,300.5,300.1000061035156,300.3500061035156,40314
2026-03-05 12:15:00+05:30,300.25,300.29998779296875,299.70001220703125,300.04998779296875,33716
2026-03-05 12:20:00+05:30,300.25,301.1000061035156,300.1499938964844,300.70001220703125,67258
2026-03-05 12:25:00+05:30,300.79998779296875,301.3999938964844,300.54998779296875,301.3999938964844,74836
2026-03-05 12:30:00+05:30,301.3999938964844,301.8999938964844,300.79998779296875,300.79998779296875,102596
2026-03-05 12:35:00+05:30,300.79998779296875,301.0,300.6000061035156,300.70001220703125,68585
2026-03-05 12:40:00+05:30,300.70001220703125,300.95001220703125,300.45001220703125,300.8500061035156,56691
2026-03-05 12:45:00+05:30,300.70001220703125,301.29998779296875,300.45001220703125,301.29998779296875,52898
2026-03-05 12:50:00+05:30,301.3999938964844,302.5,301.1000061035156,302.5,131403
2026-03-05 12:55:00+05:30,302.5,302.5,301.5,301.6000061035156,102708
2026-03-05 13:00:00+05:30,301.6000061035156,301.95001220703125,301.1499938964844,301.1499938964844,68163
2026-03-05 13:05:00+05:30,301.29998779296875,301.70001220703125,301.1000061035156,301.29998779296875,68678
2026-03-05 13:10:00+05:30,301.25,301.45001220703125,301.1000061035156,301.3999938964844,51454
2026-03-05 13:15:00+05:30,301.25,301.3500061035156,300.6499938964844,300.75,45433
2026-03-05 13:20:00+05:30,300.79998779296875,301.29998779296875,300.3500061035156,301.04998779296875,82691
2026-03-05 13:25:00+05:30,300.8999938964844,301.5,300.70001220703125,301.3999938964844,64864
2026-03-05 13:30:00+05:30,301.3999938964844,301.45001220703125,300.1499938964844,300.5,52669
2026-03-05 13:35:00+05:30,300.45001220703125,300.45001220703125,300.0,300.1499938964844,53900
2026-03-05 13:40:00+05:30,300.1000061035156,300.25,299.8999938964844,300.0,65612
2026-03-05 13:45:00+05:30,299.8999938964844,300.25,299.79998779296875,300.1000061035156,56513
2026-03-05 13:50:00+05:30,300.0,300.1000061035156,298.54998779296875,298.8500061035156,111892
2026-03-05 13:55:00+05:30,298.8500061035156,299.25,298.6000061035156,299.04998779296875,74751
2026-03-05 14:00:00+05:30,299.0,299.6000061035156,298.95001220703125,299.29998779296875,81072
2026-03-05 14:05:00+05:30,299.3500061035156,299.5,298.95001220703125,298.95001220703125,81754
2026-03-05 14:10:00+05:30,298.79998779296875,299.20001220703125,298.70001220703125,298.79998779296875,97257
2026-03-05 14:15:00+05:30,298.79998779296875,299.3500061035156,298.54998779296875,298.6499938964844,116750
2026-03-05 14:20:00+05:30,298.6000061035156,299.95001220703125,298.6000061035156,299.95001220703125,83661
2026-03-05 14:25:00+05:30,299.8999938964844,300.04998779296875,299.3999938964844,299.75,181009
2026-03-05 14:30:00+05:30,299.75,299.75,298.54998779296875,298.6000061035156,74775
2026-03-05 14:35:00+05:30,298.6000061035156,300.1000061035156,298.6000061035156,299.8999938964844,237036
2026-03-05 14:40:00+05:30,299.95001220703125,301.29998779296875,299.95001220703125,300.79998779296875,293789
2026-03-05 14:45:00+05:30,300.5,302.25,300.5,302.25,217322
2026-03-05 14:50:00+05:30,302.25,303.0,302.1000061035156,302.79998779296875,298962
2026-03-05 14:55:00+05:30,303.20001220703125,303.20001220703125,302.25,303.1499938964844,337024
2026-03-05 15:00:00+05:30,303.1499938964844,303.20001220703125,302.1499938964844,302.54998779296875,281960
2026-03-05 15:05:00+05:30,302.54998779296875,302.6000061035156,301.95001220703125,301.95001220703125,196167
2026-03-05 15:10:00+05:30,301.95001220703125,301.95001220703125,300.75,301.04998779296875,270137
2026-03-05 15:15:00+05:30,300.8999938964844,301.75,300.8999938964844,301.6499938964844,294904
2026-03-05 15:20:00+05:30,301.6499938964844,302.0,301.5,301.8999938964844,293391
2026-03-05 15:25:00+05:30,302.0,302.79998779296875,301.54998779296875,301.8500061035156,196797
2026-03-06 09:20:00+05:30,296.29998779296875,297.0,295.3999938964844,296.5,210905
2026-03-06 09:25:00+05:30,296.3999938964844,296.8500061035156,295.8500061035156,296.70001220703125,260759
2026-03-06 09:30:00+05:30,296.70001220703125,297.6000061035156,296.6000061035156,296.8999938964844,314683
2026-03-06 09:35:00+05:30,296.79998779296875,297.70001220703125,296.6000061035156,297.29998779296875,104651
2026-03-06 09:40:00+05:30,297.04998779296875,298.3999938964844,296.79998779296875,298.3999938964844,182472
2026-03-06 09:45:00+05:30,298.3500061035156,299.1499938964844,297.8500061035156,298.0,420357
2026-03-06 09:50:00+05:30,298.0,298.54998779296875,297.45001220703125,297.5,141666
2026-03-06 09:55:00+05:30,297.5,297.6000061035156,296.8999938964844,297.25,109535
2026-03-06 10:00:00+05:30,297.3999938964844,297.8500061035156,296.6000061035156,296.8999938964844,120166
2026-03-06 10:05:00+05:30,297.1499938964844,297.70001220703125,296.8500061035156,297.6000061035156,72889
2026-03-06 10:10:00+05:30,297.6000061035156,298.0,297.5,297.54998779296875,57953
2026-03-06 10:15:00+05:30,297.45001220703125,297.8500061035156,297.20001220703125,297.70001220703125,59368
2026-03-06 10:20:00+05:30,297.75,298.0,297.29998779296875,298.0,70899
2026-03-06 10:25:00+05:30,298.0,298.29998779296875,297.25,297.3999938964844,114211
2026-03-06 10:30:00+05:30,297.3999938964844,297.5,297.0,297.20001220703125,44411
2026-03-06 10:35:00+05:30,297.25,297.3999938964844,296.79998779296875,297.29998779296875,69223
2026-03-06 10:40:00+05:30,297.3500061035156,297.3999938964844,296.79998779296875,296.95001220703125,39759
2026-03-06 10:45:00+05:30,297.0,298.1000061035156,297.0,297.1000061035156,489699
2026-03-06 10:50:00+05:30,297.25,298.25,297.25,297.75,76342
2026-03-06 10:55:00+05:30,297.8500061035156,297.8500061035156,297.70001220703125,297.75,35637
2026-03-06 11:00:00+05:30,297.8500061035156,298.45001220703125,297.29998779296875,298.1499938964844,242584
2026-03-06 11:05:00+05:30,298.04998779296875,298.29998779296875,297.79998779296875,298.04998779296875,51053
2026-03-06 11:10:00+05:30,298.04998779296875,298.1499938964844,297.20001220703125,297.3500061035156,41778
2026-03-06 11:15:00+05:30,297.3500061035156,297.6499938964844,297.1499938964844,297.6499938964844,44074
2026-03-06 11:20:00+05:30,297.6499938964844,298.1499938964844,297.6499938964844,297.79998779296875,46067
2026-03-06 11:25:00+05:30,297.70001220703125,297.79998779296875,297.6000061035156,297.79998779296875,36527
2026-03-06 11:30:00+05:30,297.79998779296875,297.8500061035156,297.54998779296875,297.79998779296875,44759
2026-03-06 11:35:00+05:30,297.8500061035156,298.79998779296875,297.8500061035156,298.70001220703125,85761
2026-03-06 11:40:00+05:30,298.70001220703125,299.54998779296875,298.6000061035156,299.0,94338
2026-03-06 11:45:00+05:30,299.1000061035156,299.5,298.8999938964844,299.29998779296875,60421
2026-03-06 11:50:00+05:30,299.29998779296875,299.45001220703125,298.70001220703125,298.79998779296875,44026
2026-03-06 11:55:00+05:30,298.79998779296875,298.79998779296875,298.0,298.04998779296875,74525
2026-03-06 12:00:00+05:30,298.0,298.29998779296875,297.20001220703125,297.6499938964844,163626
2026-03-06 12:05:00+05:30,297.70001220703125,298.54998779296875,297.70001220703125,298.54998779296875,110607
2026-03-06 12:10:00+05:30,298.6000061035156,298.95001220703125,298.25,298.25,32003
2026-03-06 12:15:00+05:30,298.25,298.6000061035156,298.20001220703125,298.25,28993
2026-03-06 12:20:00+05:30,298.25,298.3500061035156,297.79998779296875,298.29998779296875,64888
2026-03-06 12:25:00+05:30,298.3500061035156,298.5,297.0,297.1499938964844,151122
2026-03-06 12:30:00+05:30,297.04998779296875,297.54998779296875,296.70001220703125,297.1000061035156,105324
2026-03-06 12:35:00+05:30,297.0,297.54998779296875,297.0,297.3999938964844,34490
2026-03-06 12:40:00+05:30,297.3999938964844,297.8500061035156,297.20001220703125,297.70001220703125,38157
2026-03-06 12:45:00+05:30,297.70001220703125,298.1000061035156,297.54998779296875,297.8500061035156,34335
2026-03-06 12:50:00+05:30,297.8500061035156,298.0,297.6499938964844,297.6499938964844,22078
2026-03-06 12:55:00+05:30,297.70001220703125,297.70001220703125,297.20001220703125,297.54998779296875,31038
2026-03-06 13:00:00+05:30,297.54998779296875,298.0,297.3500061035156,297.95001220703125,201272
2026-03-06 13:05:00+05:30,298.0,298.04998779296875,297.79998779296875,297.79998779296875,33633
2026-03-06 13:10:00+05:30,297.79998779296875,298.1499938964844,297.79998779296875,298.0,31999
2026-03-06 13:15:00+05:30,298.0,298.1499938964844,297.8500061035156,297.95001220703125,68205
2026-03-06 13:20:00+05:30,297.8999938964844,298.3500061035156,297.70001220703125,298.29998779296875,33130
2026-03-06 13:25:00+05:30,298.1000061035156,298.29998779296875,297.75,297.8999938964844,30941
2026-03-06 13:30:00+05:30,297.8999938964844,298.1000061035156,297.20001220703125,297.20001220703125,45712
2026-03-06 13:35:00+05:30,297.20001220703125,297.8500061035156,296.75,297.6000061035156,97885
2026-03-06 13:40:00+05:30,297.54998779296875,297.8999938964844,297.29998779296875,297.45001220703125,43774
2026-03-06 13:45:00+05:30,297.3999938964844,297.5,297.1499938964844,297.3999938964844,31017
2026-03-06 13:50:00+05:30,297.3500061035156,298.0,297.3500061035156,297.5,38778
2026-03-06 13:55:00+05:30,297.45001220703125,297.54998779296875,297.20001220703125,297.5,45429
2026-03-06 14:00:00+05:30,297.5,297.6000061035156,297.29998779296875,297.3500061035156,39564
2026-03-06 14:05:00+05:30,297.29998779296875,297.6499938964844,297.1499938964844,297.54998779296875,48507
2026-03-06 14:10:00+05:30,297.70001220703125,297.79998779296875,297.5,297.6000061035156,31765
2026-03-06 14:15:00+05:30,297.6000061035156,297.95001220703125,297.5,297.8999938964844,56674
2026-03-06 14:20:00+05:30,297.95001220703125,297.95001220703125,297.54998779296875,297.70001220703125,19934
2026-03-06 14:25:00+05:30,297.70001220703125,297.75,297.5,297.54998779296875,20944
2026-03-06 14:30:00+05:30,297.54998779296875,297.79998779296875,297.5,297.5,30363
2026-03-06 14:35:00+05:30,297.54998779296875,297.6000061035156,297.04998779296875,297.1000061035156,89173
2026-03-06 14:40:00+05:30,297.1000061035156,297.1000061035156,296.20001220703125,296.20001220703125,71966
2026-03-06 14:45:00+05:30,296.1499938964844,296.75,295.5,296.0,160645
2026-03-06 14:50:00+05:30,295.8500061035156,296.3999938964844,295.75,296.1000061035156,83642
2026-03-06 14:55:00+05:30,296.1000061035156,296.1000061035156,295.3999938964844,295.5,61656
2026-03-06 15:00:00+05:30,295.3999938964844,296.25,295.3500061035156,295.8999938964844,364000
2026-03-06 15:05:00+05:30,295.8500061035156,295.8500061035156,295.5,295.5,126192
2026-03-06 15:10:00+05:30,295.5,295.5,294.79998779296875,295.20001220703125,331856
2026-03-06 15:15:00+05:30,295.20001220703125,295.70001220703125,294.8500061035156,295.54998779296875,364626
2026-03-06 15:20:00+05:30,295.5,296.1499938964844,295.3500061035156,295.45001220703125,417690
2026-03-06 15:25:00+05:30,295.25,295.3500061035156,294.04998779296875,295.3500061035156,346610
