Datetime,Open,High,Low,Close,Volume
2025-12-11 09:20:00+05:30,1672.5,1677.0,1670.0,1673.800048828125,37432
2025-12-11 09:25:00+05:30,1673.800048828125,1676.5,1671.5,1674.699951171875,13509
2025-12-11 09:30:00+05:30,1674.699951171875,1674.699951171875,1667.4000244140625,1669.4000244140625,36615
2025-12-11 09:35:00+05:30,1669.4000244140625,1669.699951171875,1655.300048828125,1655.9000244140625,21300
2025-12-11 09:40:00+05:30,1655.300048828125,1659.699951171875,1655.199951171875,1657.300048828125,14537
2025-12-11 09:45:00+05:30,1657.5999755859375,1657.5999755859375,1649.199951171875,1654.800048828125,19276
2025-12-11 09:50:00+05:30,1654.4000244140625,1654.5,1650.4000244140625,1653.4000244140625,9611
2025-12-11 09:55:00+05:30,1653.199951171875,1656.0,1651.4000244140625,1652.0,6809
2025-12-11 10:00:00+05:30,1652.5999755859375,1657.800048828125,1652.300048828125,1656.9000244140625,6102
2025-12-11 10:05:00+05:30,1656.5999755859375,1659.800048828125,1654.699951171875,1659.300048828125,10808
2025-12-11 10:10:00+05:30,1659.4000244140625,1660.9000244140625,1657.5,1660.5999755859375,19960
2025-12-11 10:15:00+05:30,1660.800048828125,1662.5,1659.699951171875,1661.199951171875,18883
2025-12-11 10:20:00+05:30,1661.0999755859375,1661.0999755859375,1658.300048828125,1660.4000244140625,6686
2025-12-11 10:25:00+05:30,1660.4000244140625,1662.800048828125,1659.199951171875,1662.800048828125,7145
2025-12-11 10:30:00+05:30,1662.300048828125,1662.9000244140625,1660.4000244140625,1661.199951171875,10993
2025-12-11 10:35:00+05:30,1661.699951171875,1663.5,1660.0999755859375,1662.4000244140625,15788
2025-12-11 10:40:00+05:30,1662.4000244140625,1664.9000244140625,1661.5,1662.0999755859375,20864
2025-12-11 10:45:00+05:30,1662.0999755859375,1663.300048828125,1662.0,1663.199951171875,22266
2025-12-11 10:50:00+05:30,1662.699951171875,1664.800048828125,1662.699951171875,1664.0999755859375,4878
2025-12-11 10:55:00+05:30,1664.0999755859375,1664.0999755859375,1660.9000244140625,1660.9000244140625,41706
2025-12-11 11:00:00+05:30,1660.5999755859375,1662.0,1658.5,1659.300048828125,13194
2025-12-11 11:05:00+05:30,1659.300048828125,1662.0,1656.699951171875,1656.699951171875,106498
2025-12-11 11:10:00+05:30,1656.4000244140625,1660.9000244140625,1656.0999755859375,1660.5,23675
2025-12-11 11:15:00+05:30,1660.5,1662.9000244140625,1658.9000244140625,1662.9000244140625,25405
2025-12-11 11:20:00+05:30,1663.0,1663.9000244140625,1661.800048828125,1662.5,5611
2025-12-11 11:25:00+05:30,1662.4000244140625,1664.0,1660.800048828125,1661.5999755859375,6374
2025-12-11 11:30:00+05:30,1661.5999755859375,1662.800048828125,1660.5,1661.5,9306
2025-12-11 11:35:00+05:30,1662.0999755859375,1663.0,1661.5,1663.0,9254
2025-12-11 11:40:00+05:30,1663.0,1663.0,1662.0,1662.699951171875,3557
2025-12-11 11:45:00+05:30,1662.5999755859375,1664.4000244140625,1661.5,1664.0,17076
2025-12-11 11:50:00+05:30,1664.199951171875,1665.0,1663.300048828125,1664.0999755859375,12206
2025-12-11 11:55:00+05:30,1663.699951171875,1666.0,1663.699951171875,1665.199951171875,14742
2025-12-11 12:00:00+05:30,1665.199951171875,1667.4000244140625,1664.0999755859375,1666.0,10616
2025-12-11 12:05:00+05:30,1666.0,1668.9000244140625,1666.0,1668.4000244140625,58950
2025-12-11 12:10:00+05:30,1668.300048828125,1669.199951171875,1668.0,1669.0999755859375,10214
2025-12-11 12:15:00+05:30,1669.199951171875,1669.4000244140625,1667.5,1669.300048828125,19835
2025-12-11 12:20:00+05:30,1669.300048828125,1670.5999755859375,1668.5,1668.5999755859375,9481
2025-12-11 12:25:00+05:30,1669.199951171875,1671.5999755859375,1668.0999755859375,1670.800048828125,11119
2025-12-11 12:30:00+05:30,1670.199951171875,1671.199951171875,1669.699951171875,1670.5999755859375,9146
2025-12-11 12:35:00+05:30,1670.5999755859375,1671.699951171875,1670.0,1670.5999755859375,6251
2025-12-11 12:40:00+05:30,1670.5999755859375,1672.0,1669.699951171875,1672.0,7386
2025-12-11 12:45:00+05:30,1672.0,1672.5,1671.4000244140625,1671.4000244140625,6737
2025-12-11 12:50:00+05:30,1670.5,1671.199951171875,1669.199951171875,1670.199951171875,9064
2025-12-11 12:55:00+05:30,1670.199951171875,1670.4000244140625,1668.0999755859375,1669.0,8750
2025-12-11 13:00:00+05:30,1668.699951171875,1669.5999755859375,1668.0,1668.199951171875,9979
2025-12-11 13:05:00+05:30,1668.0,1668.800048828125,1666.0,1666.800048828125,23787
2025-12-11 13:10:00+05:30,1666.4000244140625,1667.4000244140625,1666.199951171875,1667.0999755859375,7626
2025-12-11 13:15:00+05:30,1666.699951171875,1669.5999755859375,1666.699951171875,1669.0,8950
2025-12-11 13:20:00+05:30,1669.0,1669.0999755859375,1666.4000244140625,1668.0999755859375,6554
2025-12-11 13:25:00+05:30,1667.4000244140625,1668.199951171875,1666.0999755859375,1667.0,6586
2025-12-11 13:30:00+05:30,1666.699951171875,1667.0,1666.4000244140625,1666.9000244140625,17558
2025-12-11 13:35:00+05:30,1666.9000244140625,1666.9000244140625,1665.9000244140625,1666.699951171875,3570
2025-12-11 13:40:00+05:30,1666.699951171875,1667.0,1663.0999755859375,1663.300048828125,4975
2025-12-11 13:45:00+05:30,1662.800048828125,1664.800048828125,1662.199951171875,1664.5,5715
2025-12-11 13:50:00+05:30,1664.5,1665.5,1663.0,1665.5,4123
2025-12-11 13:55:00+05:30,1665.5,1665.9000244140625,1664.199951171875,1664.5,5415
2025-12-11 14:00:00+05:30,1664.5,1665.5999755859375,1663.5,1663.9000244140625,3681
2025-12-11 14:05:00+05:30,1663.9000244140625,1664.0,1663.0,1663.9000244140625,5307
2025-12-11 14:10:00+05:30,1663.9000244140625,1666.4000244140625,1663.699951171875,1665.0999755859375,22064
2025-12-11 14:15:00+05:30,1665.0999755859375,1667.699951171875,1664.800048828125,1667.699951171875,20117
2025-12-11 14:20:00+05:30,1667.699951171875,1669.4000244140625,1666.9000244140625,1667.199951171875,8352
2025-12-11 14:25:00+05:30,1667.800048828125,1670.0,1667.699951171875,1670.0,29310
2025-12-11 14:30:00+05:30,1670.0,1670.9000244140625,1668.300048828125,1668.9000244140625,17032
2025-12-11 14:35:00+05:30,1668.9000244140625,1670.0,1668.5,1668.800048828125,17829
2025-12-11 14:40:00+05:30,1668.800048828125,1670.0,1666.4000244140625,1667.0,16923
2025-12-11 14:45:00+05:30,1666.9000244140625,1668.0999755859375,1666.199951171875,1667.4000244140625,25648
2025-12-11 14:50:00+05:30,1667.300048828125,1668.9000244140625,1666.300048828125,1668.0,17842
2025-12-11 14:55:00+05:30,1667.9000244140625,1669.0,1667.699951171875,1668.300048828125,11356
2025-12-11 15:00:00+05:30,1669.300048828125,1673.4000244140625,1669.300048828125,1673.300048828125,46897
2025-12-11 15:05:00+05:30,1673.199951171875,1673.300048828125,1671.5,1672.0,48509
2025-12-11 15:10:00+05:30,1671.9000244140625,1673.4000244140625,1671.9000244140625,1672.300048828125,57541
2025-12-11 15:15:00+05:30,1672.199951171875,1673.0,1671.0999755859375,1672.800048828125,57529
2025-12-11 15:20:00+05:30,1672.5999755859375,1673.5,1671.4000244140625,1673.0999755859375,34496
2025-12-11 15:25:00+05:30,1673.0999755859375,1673.300048828125,1669.0999755859375,1672.4000244140625,52447
2025-12-12 09:20:00+05:30,1674.0,1675.0999755859375,1671.800048828125,1673.0999755859375,23641
2025-12-12 09:25:00+05:30,1673.0999755859375,1673.0999755859375,1670.300048828125,1671.0,25894
2025-12-12 09:30:00+05:30,1671.199951171875,1673.9000244140625,1671.199951171875,1672.0,7569
2025-12-12 09:35:00+05:30,1671.699951171875,1672.199951171875,1668.0999755859375,1668.0999755859375,19974
2025-12-12 09:40:00+05:30,1668.5,1669.699951171875,1668.0,1669.699951171875,5850
2025-12-12 09:45:00+05:30,1669.4000244140625,1669.5,1667.0,1667.5,5022
2025-12-12 09:50:00+05:30,1667.5,1668.699951171875,1666.5,1666.9000244140625,3340
2025-12-12 09:55:00+05:30,1666.9000244140625,1668.5999755859375,1665.699951171875,1666.0,5394
2025-12-12 10:00:00+05:30,1666.0,1666.4000244140625,1663.5,1663.9000244140625,9609
2025-12-12 10:05:00+05:30,1663.9000244140625,1663.9000244140625,1660.0,1661.9000244140625,10472
2025-12-12 10:10:00+05:30,1661.9000244140625,1663.0,1660.0,1662.5,7313
2025-12-12 10:15:00+05:30,1662.4000244140625,1665.800048828125,1662.4000244140625,1665.199951171875,12449
2025-12-12 10:20:00+05:30,1665.199951171875,1666.0,1662.199951171875,1662.199951171875,8223
2025-12-12 10:25:00+05:30,1662.199951171875,1663.9000244140625,1661.5999755859375,1663.9000244140625,5135
2025-12-12 10:30:00+05:30,1663.5,1665.0,1662.800048828125,1664.199951171875,6368
2025-12-12 10:35:00+05:30,1664.199951171875,1664.9000244140625,1661.9000244140625,1662.9000244140625,6817
2025-12-12 10:40:00+05:30,1662.300048828125,1664.4000244140625,1662.300048828125,1664.0999755859375,34657
2025-12-12 10:45:00+05:30,1664.0999755859375,1665.0,1663.0999755859375,1663.300048828125,15437
2025-12-12 10:50:00+05:30,1663.0999755859375,1664.199951171875,1662.5999755859375,1663.9000244140625,3690
2025-12-12 10:55:00+05:30,1663.9000244140625,1664.300048828125,1661.699951171875,1662.5999755859375,5719
2025-12-12 11:00:00+05:30,1662.9000244140625,1665.0,1662.800048828125,1665.0,6116
2025-12-12 11:05:00+05:30,1664.9000244140625,1665.0,1664.0,1665.0,4998
2025-12-12 11:10:00+05:30,1664.699951171875,1666.0999755859375,1664.699951171875,1666.0,7326
2025-12-12 11:15:00+05:30,1666.0,1666.4000244140625,1665.5999755859375,1665.9000244140625,3552
2025-12-12 11:20:00+05:30,1665.9000244140625,1668.5,1665.0,1668.0,7056
2025-12-12 11:25:00+05:30,1668.0,1668.300048828125,1667.0999755859375,1668.300048828125,5789
2025-12-12 11:30:00+05:30,1668.300048828125,1668.9000244140625,1667.5,1668.9000244140625,3420
2025-12-12 11:35:00+05:30,1668.9000244140625,1670.5,1668.0999755859375,1670.0999755859375,30682
2025-12-12 11:40:00+05:30,1670.0,1670.199951171875,1668.699951171875,1670.0999755859375,23654
2025-12-12 11:45:00+05:30,1670.0999755859375,1670.300048828125,1668.0999755859375,1668.800048828125,8250
2025-12-12 11:50:00+05:30,1668.800048828125,1670.0,1668.199951171875,1669.5999755859375,7169
2025-12-12 11:55:00+05:30,1669.4000244140625,1670.5999755859375,1669.0999755859375,1669.0999755859375,3948
2025-12-12 12:00:00+05:30,1669.300048828125,1670.4000244140625,1667.0,1667.0,8335
2025-12-12 12:05:00+05:30,1667.0,1667.699951171875,1667.0,1667.0,19754
2025-12-12 12:10:00+05:30,1667.0,1668.0,1665.4000244140625,1667.199951171875,34735
2025-12-12 12:15:00+05:30,1667.5,1667.5999755859375,1666.0,1667.0999755859375,5638
2025-12-12 12:20:00+05:30,1667.0999755859375,1667.5999755859375,1666.300048828125,1666.9000244140625,5146
2025-12-12 12:25:00+05:30,1666.9000244140625,1668.4000244140625,1666.199951171875,1668.0999755859375,9252
2025-12-12 12:30:00+05:30,1668.0999755859375,1668.0999755859375,1665.199951171875,1666.199951171875,12490
2025-12-12 12:35:00+05:30,1666.9000244140625,1669.0,1666.800048828125,1667.4000244140625,55135
2025-12-12 12:40:00+05:30,1667.300048828125,1667.800048828125,1667.0999755859375,1667.4000244140625,6280
2025-12-12 12:45:00+05:30,1667.300048828125,1667.300048828125,1666.800048828125,1667.199951171875,27309
2025-12-12 12:50:00+05:30,1667.0999755859375,1668.5999755859375,1667.0,1668.5999755859375,4541
2025-12-12 12:55:00+05:30,1668.5,1668.9000244140625,1667.5999755859375,1668.9000244140625,4521
2025-12-12 13:00:00+05:30,1668.9000244140625,1671.300048828125,1668.9000244140625,1669.9000244140625,6327
2025-12-12 13:05:00+05:30,1669.800048828125,1669.800048828125,1667.5999755859375,1668.699951171875,2892
2025-12-12 13:10:00+05:30,1669.300048828125,1671.199951171875,1669.0,1671.0999755859375,4209
2025-12-12 13:15:00+05:30,1671.199951171875,1671.4000244140625,1669.4000244140625,1670.300048828125,15665
2025-12-12 13:20:00+05:30,1669.4000244140625,1670.5,1669.4000244140625,1670.4000244140625,3433
2025-12-12 13:25:00+05:30,1670.4000244140625,1670.9000244140625,1669.4000244140625,1669.4000244140625,4674
2025-12-12 13:30:00+05:30,1669.4000244140625,1669.9000244140625,1668.5999755859375,1669.4000244140625,8668
2025-12-12 13:35:00+05:30,1668.699951171875,1670.4000244140625,1668.699951171875,1670.300048828125,4645
2025-12-12 13:40:00+05:30,1670.300048828125,1670.4000244140625,1669.699951171875,1670.0,3041
2025-12-12 13:45:00+05:30,1670.0,1670.9000244140625,1668.699951171875,1670.5999755859375,3079
2025-12-12 13:50:00+05:30,1670.5999755859375,1670.5999755859375,1668.0,1668.0999755859375,30844
2025-12-12 13:55:00+05:30,1668.0,1669.0,1668.0,1668.0,14460
2025-12-12 14:00:00+05:30,1667.800048828125,1669.4000244140625,1667.5,1669.4000244140625,53057
2025-12-12 14:05:00+05:30,1669.5,1672.4000244140625,1669.5,1671.199951171875,38694
2025-12-12 14:10:00+05:30,1671.199951171875,1671.4000244140625,1671.0,1671.199951171875,10642
2025-12-12 14:15:00+05:30,1671.199951171875,1671.199951171875,1670.300048828125,1671.0,39754
2025-12-12 14:20:00+05:30,1671.0,1673.0,1670.0,1670.199951171875,36923
2025-12-12 14:25:00+05:30,1669.9000244140625,1670.300048828125,1667.800048828125,1669.9000244140625,16706
2025-12-12 14:30:00+05:30,1669.9000244140625,1670.4000244140625,1668.0999755859375,1669.0,40620
2025-12-12 14:35:00+05:30,1669.0,1669.800048828125,1667.5999755859375,1668.0,8250
2025-12-12 14:40:00+05:30,1668.0,1669.0,1667.0,1668.0999755859375,9342
2025-12-12 14:45:00+05:30,1668.5,1668.5,1667.199951171875,1668.0,9500
2025-12-12 14:50:00+05:30,1668.0,1670.800048828125,1667.5,1670.4000244140625,33946
2025-12-12 14:55:00+05:30,1670.800048828125,1671.5999755859375,1670.199951171875,1671.5999755859375,7358
2025-12-12 15:00:00+05:30,1671.9000244140625,1673.4000244140625,1671.199951171875,1673.4000244140625,59014
2025-12-12 15:05:00+05:30,1674.0999755859375,1675.5,1673.199951171875,1674.9000244140625,73144
2025-12-12 15:10:00+05:30,1674.800048828125,1675.300048828125,1673.0,1673.0,57720
2025-12-12 15:15:00+05:30,1673.0999755859375,1673.0999755859375,1671.5999755859375,1673.0999755859375,43645
2025-12-12 15:20:00+05:30,1672.5999755859375,1673.5,1671.699951171875,1671.699951171875,44876
2025-12-12 15:25:00+05:30,1671.9000244140625,1672.300048828125,1670.300048828125,1671.0999755859375,30734
2025-12-15 09:20:00+05:30,1664.699951171875,1666.0,1663.0999755859375,1663.0999755859375,14585
2025-12-15 09:25:00+05:30,1663.800048828125,1665.9000244140625,1663.4000244140625,1665.699951171875,11295
2025-12-15 09:30:00+05:30,1666.699951171875,1667.300048828125,1665.800048828125,1666.199951171875,4861
2025-12-15 09:35:00+05:30,1666.9000244140625,1668.800048828125,1666.0999755859375,1666.5999755859375,8074
2025-12-15 09:40:00+05:30,1666.5999755859375,1667.4000244140625,1665.300048828125,1665.800048828125,3909
2025-12-15 09:45:00+05:30,1665.9000244140625,1670.0,1665.0999755859375,1669.9000244140625,13708
2025-12-15 09:50:00+05:30,1669.9000244140625,1670.800048828125,1669.0,1669.4000244140625,6965
2025-12-15 09:55:00+05:30,1669.4000244140625,1671.300048828125,1668.800048828125,1671.199951171875,4130
2025-12-15 10:00:00+05:30,1671.300048828125,1671.4000244140625,1669.5999755859375,1670.9000244140625,3508
2025-12-15 10:05:00+05:30,1670.4000244140625,1670.800048828125,1668.800048828125,1669.300048828125,2696
2025-12-15 10:10:00+05:30,1668.800048828125,1670.9000244140625,1668.199951171875,1670.0999755859375,4989
2025-12-15 10:15:00+05:30,1670.0999755859375,1670.9000244140625,1668.699951171875,1669.4000244140625,6286
2025-12-15 10:20:00+05:30,1669.4000244140625,1675.0,1669.4000244140625,1675.0,22898
2025-12-15 10:25:00+05:30,1675.0,1677.9000244140625,1674.0,1677.9000244140625,18729
2025-12-15 10:30:00+05:30,1677.800048828125,1678.5999755859375,1677.0,1678.5,8839
2025-12-15 10:35:00+05:30,1678.199951171875,1678.699951171875,1676.5999755859375,1677.0,7731
2025-12-15 10:40:00+05:30,1677.0,1679.0999755859375,1676.0,1677.800048828125,11583
2025-12-15 10:45:00+05:30,1677.800048828125,1678.9000244140625,1677.699951171875,1678.800048828125,5830
2025-12-15 10:50:00+05:30,1678.699951171875,1681.4000244140625,1678.5,1681.4000244140625,15657
2025-12-15 10:55:00+05:30,1681.4000244140625,1683.199951171875,1680.9000244140625,1683.199951171875,14643
2025-12-15 11:00:00+05:30,1683.199951171875,1684.0999755859375,1680.4000244140625,1680.800048828125,21681
2025-12-15 11:05:00+05:30,1680.699951171875,1681.300048828125,1678.800048828125,1679.5999755859375,70547
2025-12-15 11:10:00+05:30,1680.0,1681.0,1679.699951171875,1680.5,16274
2025-12-15 11:15:00+05:30,1680.800048828125,1680.9000244140625,1680.0,1680.199951171875,4298
2025-12-15 11:20:00+05:30,1680.0,1681.199951171875,1679.5,1681.199951171875,16512
2025-12-15 11:25:00+05:30,1681.0,1681.9000244140625,1680.4000244140625,1681.800048828125,6318
2025-12-15 11:30:00+05:30,1681.5999755859375,1681.9000244140625,1679.199951171875,1679.9000244140625,22018
2025-12-15 11:35:00+05:30,1679.800048828125,1679.9000244140625,1678.0,1678.9000244140625,37461
2025-12-15 11:40:00+05:30,1679.300048828125,1679.9000244140625,1678.0,1679.0,10420
2025-12-15 11:45:00+05:30,1678.9000244140625,1680.9000244140625,1678.800048828125,1680.800048828125,11811
2025-12-15 11:50:00+05:30,1680.5999755859375,1682.0,1680.5,1681.9000244140625,3967
2025-12-15 11:55:00+05:30,1681.800048828125,1682.9000244140625,1681.4000244140625,1681.4000244140625,3937
2025-12-15 12:00:00+05:30,1681.199951171875,1682.199951171875,1681.0999755859375,1681.699951171875,3070
2025-12-15 12:05:00+05:30,1682.0999755859375,1682.0999755859375,1680.699951171875,1681.5999755859375,3358
2025-12-15 12:10:00+05:30,1681.5,1682.4000244140625,1681.0,1682.4000244140625,4477
2025-12-15 12:15:00+05:30,1682.5999755859375,1683.0,1682.5,1682.9000244140625,4968
2025-12-15 12:20:00+05:30,1682.9000244140625,1683.0999755859375,1682.0,1683.0999755859375,4896
2025-12-15 12:25:00+05:30,1683.0999755859375,1684.5999755859375,1682.699951171875,1684.5,23702
2025-12-15 12:30:00+05:30,1684.5,1684.5999755859375,1684.0,1684.199951171875,6495
2025-12-15 12:35:00+05:30,1684.300048828125,1684.5999755859375,1683.9000244140625,1684.0,5964
2025-12-15 12:40:00+05:30,1684.0,1684.4000244140625,1684.0,1684.0999755859375,31797
2025-12-15 12:45:00+05:30,1684.0,1684.699951171875,1684.0,1684.4000244140625,13556
2025-12-15 12:50:00+05:30,1684.699951171875,1684.9000244140625,1684.0999755859375,1684.199951171875,4413
2025-12-15 12:55:00+05:30,1684.0999755859375,1684.4000244140625,1682.0,1683.5,46453
2025-12-15 13:00:00+05:30,1683.199951171875,1685.699951171875,1683.0,1685.5999755859375,21604
2025-12-15 13:05:00+05:30,1685.5,1686.9000244140625,1685.199951171875,1685.5999755859375,12787
2025-12-15 13:10:00+05:30,1685.5,1686.800048828125,1685.4000244140625,1686.5,13942
2025-12-15 13:15:00+05:30,1686.5,1686.5,1685.0999755859375,1685.0999755859375,11719
2025-12-15 13:20:00+05:30,1685.0999755859375,1686.0,1683.0999755859375,1685.9000244140625,50626
2025-12-15 13:25:00+05:30,1685.800048828125,1685.9000244140625,1683.0,1684.800048828125,69674
2025-12-15 13:30:00+05:30,1684.800048828125,1686.0,1684.300048828125,1685.5999755859375,13452
2025-12-15 13:35:00+05:30,1685.5999755859375,1685.800048828125,1685.5,1685.5999755859375,11762
2025-12-15 13:40:00+05:30,1685.5,1685.5999755859375,1683.699951171875,1684.300048828125,56032
2025-12-15 13:45:00+05:30,1684.4000244140625,1685.800048828125,1684.0,1685.5999755859375,18349
2025-12-15 13:50:00+05:30,1685.699951171875,1685.699951171875,1684.0,1685.199951171875,34342
2025-12-15 13:55:00+05:30,1685.199951171875,1685.300048828125,1682.5999755859375,1684.199951171875,40109
2025-12-15 14:00:00+05:30,1684.0,1685.5,1683.4000244140625,1684.800048828125,31612
2025-12-15 14:05:00+05:30,1684.800048828125,1685.5999755859375,1682.4000244140625,1682.4000244140625,39282
2025-12-15 14:10:00+05:30,1682.5999755859375,1683.9000244140625,1680.800048828125,1682.699951171875,53367
2025-12-15 14:15:00+05:30,1682.800048828125,1682.9000244140625,1680.5,1681.300048828125,32080
2025-12-15 14:20:00+05:30,1681.300048828125,1683.800048828125,1680.9000244140625,1682.5999755859375,34633
2025-12-15 14:25:00+05:30,1682.5999755859375,1685.5,1682.0999755859375,1684.5,32829
2025-12-15 14:30:00+05:30,1684.5999755859375,1685.5,1683.300048828125,1684.800048828125,48486
2025-12-15 14:35:00+05:30,1684.800048828125,1684.9000244140625,1683.300048828125,1684.699951171875,32173
2025-12-15 14:40:00+05:30,1684.699951171875,1685.5,1683.9000244140625,1685.5,35291
2025-12-15 14:45:00+05:30,1685.5,1686.9000244140625,1684.5,1685.5999755859375,61978
2025-12-15 14:50:00+05:30,1685.5,1686.0999755859375,1685.5,1685.699951171875,12042
2025-12-15 14:55:00+05:30,1686.0,1686.5,1685.5999755859375,1686.0999755859375,14451
2025-12-15 15:00:00+05:30,1686.0999755859375,1686.0999755859375,1685.5,1685.9000244140625,39314
2025-12-15 15:05:00+05:30,1686.0999755859375,1686.800048828125,1685.5,1685.5999755859375,48192
2025-12-15 15:10:00+05:30,1685.5999755859375,1686.800048828125,1685.199951171875,1685.699951171875,69859
2025-12-15 15:15:00+05:30,1685.0999755859375,1685.0999755859375,1681.0999755859375,1681.0999755859375,35978
2025-12-15 15:20:00+05:30,1681.300048828125,1681.5999755859375,1680.0999755859375,1680.300048828125,42507
2025-12-15 15:25:00+05:30,1680.199951171875,1686.4000244140625,1680.0999755859375,1686.4000244140625,42428
2025-12-16 09:20:00+05:30,1664.5999755859375,1667.300048828125,1663.0999755859375,1665.4000244140625,23142
2025-12-16 09:25:00+05:30,1665.199951171875,1666.5,1663.800048828125,1664.699951171875,16755
2025-12-16 09:30:00+05:30,1664.699951171875,1665.5999755859375,1662.9000244140625,1665.199951171875,13501
2025-12-16 09:35:00+05:30,1665.199951171875,1671.5999755859375,1664.0999755859375,1671.5999755859375,14081
2025-12-16 09:40:00+05:30,1671.699951171875,1672.199951171875,1669.199951171875,1669.699951171875,12179
2025-12-16 09:45:00+05:30,1669.300048828125,1670.800048828125,1668.5,1670.300048828125,3376
2025-12-16 09:50:00+05:30,1670.9000244140625,1672.5,1670.9000244140625,1671.699951171875,5289
2025-12-16 09:55:00+05:30,1671.5,1671.800048828125,1668.0,1668.0,10589
2025-12-16 10:00:00+05:30,1668.0,1668.199951171875,1666.0999755859375,1666.9000244140625,9036
2025-12-16 10:05:00+05:30,1666.9000244140625,1668.0,1666.0,1667.0,5898
2025-12-16 10:10:00+05:30,1667.0,1667.300048828125,1665.5999755859375,1667.0,8372
2025-12-16 10:15:00+05:30,1667.0,1667.0,1665.300048828125,1665.5,35962
2025-12-16 10:20:00+05:30,1665.5999755859375,1667.0,1665.4000244140625,1666.0,34104
2025-12-16 10:25:00+05:30,1666.0,1666.0,1665.199951171875,1665.699951171875,13584
2025-12-16 10:30:00+05:30,1665.699951171875,1665.699951171875,1661.9000244140625,1663.0,22733
2025-12-16 10:35:00+05:30,1662.9000244140625,1663.0,1661.4000244140625,1662.0,7383
2025-12-16 10:40:00+05:30,1662.0,1662.199951171875,1660.0999755859375,1660.0999755859375,8713
2025-12-16 10:45:00+05:30,1660.199951171875,1660.300048828125,1657.300048828125,1658.5999755859375,18801
2025-12-16 10:50:00+05:30,1658.5999755859375,1658.699951171875,1657.0,1658.5,11290
2025-12-16 10:55:00+05:30,1658.300048828125,1659.199951171875,1653.300048828125,1655.199951171875,31859
2025-12-16 11:00:00+05:30,1655.0999755859375,1656.699951171875,1653.300048828125,1655.0,17023
2025-12-16 11:05:00+05:30,1654.9000244140625,1657.5999755859375,1654.5,1656.0,13936
2025-12-16 11:10:00+05:30,1656.199951171875,1657.9000244140625,1655.0,1656.0,5850
2025-12-16 11:15:00+05:30,1656.0,1656.699951171875,1655.5,1655.9000244140625,3326
2025-12-16 11:20:00+05:30,1655.800048828125,1657.4000244140625,1655.699951171875,1656.0999755859375,4490
2025-12-16 11:25:00+05:30,1656.199951171875,1656.5,1655.0,1655.9000244140625,3614
2025-12-16 11:30:00+05:30,1655.9000244140625,1655.9000244140625,1652.5999755859375,1653.0999755859375,65658
2025-12-16 11:35:00+05:30,1653.0999755859375,1653.0999755859375,1651.0,1652.9000244140625,19175
2025-12-16 11:40:00+05:30,1652.9000244140625,1653.0,1652.0,1652.4000244140625,13558
2025-12-16 11:45:00+05:30,1652.5,1654.5999755859375,1651.699951171875,1652.5,68891
2025-12-16 11:50:00+05:30,1652.5999755859375,1653.0,1651.5,1652.199951171875,14477
2025-12-16 11:55:00+05:30,1652.0,1652.300048828125,1650.5,1651.0999755859375,89451
2025-12-16 12:00:00+05:30,1651.5,1652.0999755859375,1650.0,1650.5,45375
2025-12-16 12:05:00+05:30,1650.699951171875,1650.699951171875,1647.0,1647.300048828125,61481
2025-12-16 12:10:00+05:30,1647.4000244140625,1648.699951171875,1646.5999755859375,1648.4000244140625,15971
2025-12-16 12:15:00+05:30,1648.4000244140625,1649.800048828125,1646.5999755859375,1647.5999755859375,13386
2025-12-16 12:20:00+05:30,1647.5999755859375,1648.0999755859375,1647.199951171875,1648.0,13050
2025-12-16 12:25:00+05:30,1647.9000244140625,1651.0,1646.800048828125,1650.699951171875,17470
2025-12-16 12:30:00+05:30,1650.800048828125,1651.0,1648.300048828125,1649.300048828125,18987
2025-12-16 12:35:00+05:30,1649.0999755859375,1649.300048828125,1646.0,1646.0999755859375,17703
2025-12-16 12:40:00+05:30,1646.4000244140625,1648.699951171875,1645.5,1648.0,29004
2025-12-16 12:45:00+05:30,1648.0999755859375,1648.5999755859375,1647.0,1648.199951171875,32049
2025-12-16 12:50:00+05:30,1647.9000244140625,1649.5,1647.0,1648.9000244140625,8804
2025-12-16 12:55:00+05:30,1648.800048828125,1650.5,1648.4000244140625,1649.699951171875,16253
2025-12-16 13:00:00+05:30,1649.699951171875,1649.699951171875,1647.0999755859375,1647.800048828125,16609
2025-12-16 13:05:00+05:30,1647.800048828125,1648.5999755859375,1646.800048828125,1648.199951171875,10176
2025-12-16 13:10:00+05:30,1648.0,1650.0,1647.4000244140625,1649.0,38296
2025-12-16 13:15:00+05:30,1648.5,1648.5,1647.699951171875,1648.199951171875,9589
2025-12-16 13:20:00+05:30,1648.199951171875,1649.0999755859375,1647.800048828125,1648.0999755859375,13036
2025-12-16 13:25:00+05:30,1648.0999755859375,1648.800048828125,1648.0,1648.199951171875,13937
2025-12-16 13:30:00+05:30,1648.199951171875,1649.699951171875,1647.9000244140625,1649.300048828125,12015
2025-12-16 13:35:00+05:30,1649.300048828125,1649.699951171875,1648.5,1649.699951171875,10523
2025-12-16 13:40:00+05:30,1649.699951171875,1651.0,1649.199951171875,1650.5999755859375,19035
2025-12-16 13:45:00+05:30,1650.5999755859375,1651.0,1649.5,1650.699951171875,19992
2025-12-16 13:50:00+05:30,1650.699951171875,1650.9000244140625,1650.0,1650.0999755859375,13278
2025-12-16 13:55:00+05:30,1650.0999755859375,1650.300048828125,1649.9000244140625,1650.0999755859375,19717
2025-12-16 14:00:00+05:30,1650.0999755859375,1651.0,1650.0,1650.4000244140625,15465
2025-12-16 14:05:00+05:30,1650.4000244140625,1652.699951171875,1650.4000244140625,1651.0,23132
2025-12-16 14:10:00+05:30,1651.300048828125,1651.300048828125,1650.4000244140625,1650.9000244140625,13488
2025-12-16 14:15:00+05:30,1650.9000244140625,1651.0,1649.5,1649.5,24172
2025-12-16 14:20:00+05:30,1649.5,1649.699951171875,1647.0999755859375,1648.199951171875,56853
2025-12-16 14:25:00+05:30,1648.199951171875,1648.5,1646.199951171875,1648.199951171875,22265
2025-12-16 14:30:00+05:30,1648.199951171875,1648.4000244140625,1646.5,1647.800048828125,26396
2025-12-16 14:35:00+05:30,1647.800048828125,1648.5,1646.4000244140625,1648.4000244140625,22012
2025-12-16 14:40:00+05:30,1648.4000244140625,1648.9000244140625,1647.9000244140625,1648.5,32416
2025-12-16 14:45:00+05:30,1648.4000244140625,1648.5,1648.0,1648.300048828125,12333
2025-12-16 14:50:00+05:30,1648.5,1651.199951171875,1648.0999755859375,1650.800048828125,44825
2025-12-16 14:55:00+05:30,1650.699951171875,1650.9000244140625,1650.0,1650.5,21080
2025-12-16 15:00:00+05:30,1651.199951171875,1651.9000244140625,1650.0,1651.199951171875,46746
2025-12-16 15:05:00+05:30,1651.0,1651.5999755859375,1650.0,1651.199951171875,95633
2025-12-16 15:10:00+05:30,1651.4000244140625,1652.300048828125,1651.199951171875,1652.0,55576
2025-12-16 15:15:00+05:30,1652.0999755859375,1652.199951171875,1652.0,1652.0,80798
2025-12-16 15:20:00+05:30,1652.0999755859375,1652.300048828125,1651.9000244140625,1652.300048828125,71922
2025-12-16 15:25:00+05:30,1652.300048828125,1654.800048828125,1648.300048828125,1651.699951171875,86633
2025-12-17 09:20:00+05:30,1655.5,1659.800048828125,1654.699951171875,1658.0999755859375,38379
2025-12-17 09:25:00+05:30,1658.0,1660.4000244140625,1657.300048828125,1660.0,22880
2025-12-17 09:30:00+05:30,1660.0,1664.5,1657.699951171875,1658.5,67201
2025-12-17 09:35:00+05:30,1658.5,1661.5,1657.5999755859375,1659.199951171875,23782
2025-12-17 09:40:00+05:30,1659.0,1660.0,1656.5999755859375,1656.9000244140625,20462
2025-12-17 09:45:00+05:30,1656.9000244140625,1659.199951171875,1656.199951171875,1657.5,24571
2025-12-17 09:50:00+05:30,1657.5,1657.9000244140625,1656.300048828125,1657.9000244140625,14648
2025-12-17 09:55:00+05:30,1657.9000244140625,1658.199951171875,1657.0,1657.9000244140625,11214
2025-12-17 10:00:00+05:30,1657.800048828125,1658.699951171875,1657.199951171875,1657.5999755859375,8283
2025-12-17 10:05:00+05:30,1657.5999755859375,1658.0,1656.5999755859375,1656.800048828125,4475
2025-12-17 10:10:00+05:30,1656.800048828125,1658.699951171875,1655.5,1657.5999755859375,6952
2025-12-17 10:15:00+05:30,1657.5999755859375,1658.0999755859375,1655.800048828125,1657.9000244140625,8509
2025-12-17 10:20:00+05:30,1657.9000244140625,1657.9000244140625,1655.199951171875,1655.800048828125,8731
2025-12-17 10:25:00+05:30,1655.300048828125,1656.0,1654.199951171875,1655.0,10275
2025-12-17 10:30:00+05:30,1655.0,1659.0,1655.0,1658.5999755859375,15059
2025-12-17 10:35:00+05:30,1658.0999755859375,1659.0999755859375,1657.4000244140625,1657.800048828125,7949
2025-12-17 10:40:00+05:30,1657.699951171875,1658.0,1656.9000244140625,1657.300048828125,9364
2025-12-17 10:45:00+05:30,1657.300048828125,1658.4000244140625,1657.0,1657.9000244140625,10514
2025-12-17 10:50:00+05:30,1657.9000244140625,1657.9000244140625,1657.0999755859375,1657.0999755859375,3807
2025-12-17 10:55:00+05:30,1657.0999755859375,1657.0999755859375,1654.300048828125,1654.800048828125,11866
2025-12-17 11:00:00+05:30,1655.0,1658.199951171875,1654.800048828125,1657.800048828125,12830
2025-12-17 11:05:00+05:30,1657.800048828125,1657.9000244140625,1656.800048828125,1657.300048828125,7476
2025-12-17 11:10:00+05:30,1657.300048828125,1658.4000244140625,1657.300048828125,1657.9000244140625,11022
2025-12-17 11:15:00+05:30,1657.9000244140625,1658.0,1657.199951171875,1657.199951171875,9724
2025-12-17 11:20:00+05:30,1657.199951171875,1658.0,1656.699951171875,1656.9000244140625,11616
2025-12-17 11:25:00+05:30,1656.9000244140625,1656.9000244140625,1654.0,1654.4000244140625,12929
2025-12-17 11:30:00+05:30,1654.4000244140625,1655.199951171875,1652.5999755859375,1652.9000244140625,13815
2025-12-17 11:35:00+05:30,1652.9000244140625,1654.0,1651.5,1654.0,15325
2025-12-17 11:40:00+05:30,1654.0,1655.0,1654.0,1654.800048828125,6883
2025-12-17 11:45:00+05:30,1654.800048828125,1655.5999755859375,1654.199951171875,1654.800048828125,14971
2025-12-17 11:50:00+05:30,1655.0999755859375,1655.0999755859375,1652.5,1653.0,14465
2025-12-17 11:55:00+05:30,1652.699951171875,1653.0,1652.300048828125,1652.5999755859375,6087
2025-12-17 12:00:00+05:30,1652.5999755859375,1652.5999755859375,1649.0,1649.5,24962
2025-12-17 12:05:00+05:30,1649.5,1650.0,1646.5999755859375,1648.800048828125,11008
2025-12-17 12:10:00+05:30,1649.0,1650.0,1648.800048828125,1649.5,9179
2025-12-17 12:15:00+05:30,1649.5999755859375,1650.9000244140625,1649.0999755859375,1650.800048828125,7403
2025-12-17 12:20:00+05:30,1650.800048828125,1650.800048828125,1649.0,1649.0,9470
2025-12-17 12:25:00+05:30,1649.300048828125,1651.9000244140625,1648.9000244140625,1650.9000244140625,54778
2025-12-17 12:30:00+05:30,1650.300048828125,1652.800048828125,1650.199951171875,1652.0,9799
2025-12-17 12:35:00+05:30,1652.0,1652.0,1650.0999755859375,1651.300048828125,36859
2025-12-17 12:40:00+05:30,1651.300048828125,1651.5,1650.800048828125,1651.5,10011
2025-12-17 12:45:00+05:30,1651.5,1651.5,1650.5999755859375,1651.0999755859375,7391
2025-12-17 12:50:00+05:30,1651.300048828125,1653.800048828125,1651.0999755859375,1653.0,5704
2025-12-17 12:55:00+05:30,1653.0,1653.5999755859375,1652.300048828125,1653.300048828125,14478
2025-12-17 13:00:00+05:30,1653.300048828125,1653.300048828125,1650.9000244140625,1652.9000244140625,12864
2025-12-17 13:05:00+05:30,1652.9000244140625,1655.0,1652.5,1654.4000244140625,10274
2025-12-17 13:10:00+05:30,1654.4000244140625,1654.9000244140625,1654.0,1654.9000244140625,6405
2025-12-17 13:15:00+05:30,1654.9000244140625,1655.0,1654.0,1654.699951171875,5792
2025-12-17 13:20:00+05:30,1655.0,1655.4000244140625,1654.5,1655.4000244140625,11528
2025-12-17 13:25:00+05:30,1654.699951171875,1657.0,1654.699951171875,1656.199951171875,13823
2025-12-17 13:30:00+05:30,1656.199951171875,1657.0,1655.5,1656.5999755859375,11843
2025-12-17 13:35:00+05:30,1656.5999755859375,1656.699951171875,1655.300048828125,1656.0999755859375,10223
2025-12-17 13:40:00+05:30,1656.0,1656.5999755859375,1654.9000244140625,1655.0999755859375,12969
2025-12-17 13:45:00+05:30,1655.0999755859375,1655.800048828125,1654.699951171875,1655.800048828125,9744
2025-12-17 13:50:00+05:30,1655.800048828125,1656.5,1654.5999755859375,1656.0999755859375,18085
2025-12-17 13:55:00+05:30,1656.0999755859375,1656.0999755859375,1654.5,1655.0,17817
2025-12-17 14:00:00+05:30,1655.0,1655.0,1654.9000244140625,1655.0,29563
2025-12-17 14:05:00+05:30,1655.0,1655.0,1653.699951171875,1653.699951171875,10880
2025-12-17 14:10:00+05:30,1653.5999755859375,1654.199951171875,1652.300048828125,1654.199951171875,15203
2025-12-17 14:15:00+05:30,1653.9000244140625,1655.300048828125,1653.4000244140625,1655.0,33024
2025-12-17 14:20:00+05:30,1654.9000244140625,1655.199951171875,1652.9000244140625,1653.699951171875,14583
2025-12-17 14:25:00+05:30,1653.5,1653.5,1651.800048828125,1652.0,14172
2025-12-17 14:30:00+05:30,1652.0,1653.4000244140625,1651.5999755859375,1652.199951171875,11047
2025-12-17 14:35:00+05:30,1652.199951171875,1652.199951171875,1649.300048828125,1649.4000244140625,35678
2025-12-17 14:40:00+05:30,1649.300048828125,1651.800048828125,1649.199951171875,1651.300048828125,17752
2025-12-17 14:45:00+05:30,1651.199951171875,1652.5,1650.300048828125,1652.5,16995
2025-12-17 14:50:00+05:30,1652.5,1652.5,1652.199951171875,1652.5,15103
2025-12-17 14:55:00+05:30,1652.300048828125,1653.0,1651.199951171875,1652.0,16856
2025-12-17 15:00:00+05:30,1654.5,1655.9000244140625,1654.0999755859375,1654.699951171875,48736
2025-12-17 15:05:00+05:30,1654.5,1655.699951171875,1654.300048828125,1654.699951171875,49131
2025-12-17 15:10:00+05:30,1654.5999755859375,1655.4000244140625,1654.5,1655.300048828125,36394
2025-12-17 15:15:00+05:30,1655.199951171875,1655.300048828125,1654.9000244140625,1655.0999755859375,52426
2025-12-17 15:20:00+05:30,1655.0,1655.199951171875,1654.800048828125,1655.0999755859375,58680
2025-12-17 15:25:00+05:30,1655.0999755859375,1657.199951171875,1654.9000244140625,1655.0999755859375,56156
2025-12-18 09:20:00+05:30,1663.9000244140625,1671.199951171875,1661.699951171875,1670.800048828125,90364
2025-12-18 09:25:00+05:30,1671.0,1673.9000244140625,1668.0,1669.0,52512
2025-12-18 09:30:00+05:30,1668.199951171875,1669.0,1666.5,1667.300048828125,28965
2025-12-18 09:35:00+05:30,1667.0,1667.5999755859375,1664.5,1665.9000244140625,23174
2025-12-18 09:40:00+05:30,1665.9000244140625,1665.9000244140625,1659.0999755859375,1659.800048828125,30768
2025-12-18 09:45:00+05:30,1659.199951171875,1660.0,1658.0,1659.5,31767
2025-12-18 09:50:00+05:30,1658.9000244140625,1660.199951171875,1657.0,1658.4000244140625,17517
2025-12-18 09:55:00+05:30,1658.4000244140625,1659.300048828125,1658.0,1659.0999755859375,9662
2025-12-18 10:00:00+05:30,1658.9000244140625,1660.800048828125,1658.800048828125,1660.4000244140625,11536
2025-12-18 10:05:00+05:30,1659.800048828125,1660.4000244140625,1658.0,1660.0,9995
2025-12-18 10:10:00+05:30,1659.800048828125,1662.0,1659.699951171875,1661.4000244140625,8911
2025-12-18 10:15:00+05:30,1661.4000244140625,1663.4000244140625,1660.300048828125,1662.199951171875,18165
2025-12-18 10:20:00+05:30,1662.5,1663.300048828125,1660.5,1662.9000244140625,17744
2025-12-18 10:25:00+05:30,1662.9000244140625,1662.9000244140625,1659.699951171875,1660.0,6860
2025-12-18 10:30:00+05:30,1660.0,1660.0,1658.199951171875,1659.300048828125,8675
2025-12-18 10:35:00+05:30,1659.199951171875,1659.199951171875,1656.699951171875,1657.800048828125,17012
2025-12-18 10:40:00+05:30,1657.800048828125,1661.5,1657.4000244140625,1660.5999755859375,13757
2025-12-18 10:45:00+05:30,1660.4000244140625,1661.4000244140625,1660.0,1660.0999755859375,42176
2025-12-18 10:50:00+05:30,1660.0999755859375,1660.199951171875,1658.4000244140625,1660.0999755859375,14622
2025-12-18 10:55:00+05:30,1660.199951171875,1660.199951171875,1659.300048828125,1659.5999755859375,5237
2025-12-18 11:00:00+05:30,1659.699951171875,1659.800048828125,1656.199951171875,1656.300048828125,17418
2025-12-18 11:05:00+05:30,1656.300048828125,1657.199951171875,1653.5999755859375,1654.5999755859375,18205
2025-12-18 11:10:00+05:30,1654.0,1657.0,1654.0,1656.800048828125,28940
2025-12-18 11:15:00+05:30,1656.5,1657.0999755859375,1655.199951171875,1656.0999755859375,27492
2025-12-18 11:20:00+05:30,1656.0,1658.9000244140625,1656.0,1658.5,16092
2025-12-18 11:25:00+05:30,1658.800048828125,1660.0,1658.4000244140625,1659.5,49199
2025-12-18 11:30:00+05:30,1659.4000244140625,1661.5999755859375,1659.300048828125,1660.0,27406
2025-12-18 11:35:00+05:30,1660.0,1660.0,1659.300048828125,1659.300048828125,7002
2025-12-18 11:40:00+05:30,1659.300048828125,1660.0,1659.300048828125,1659.300048828125,8076
2025-12-18 11:45:00+05:30,1659.4000244140625,1659.9000244140625,1658.0,1659.199951171875,13583
2025-12-18 11:50:00+05:30,1659.199951171875,1660.9000244140625,1659.0999755859375,1659.5999755859375,12439
2025-12-18 11:55:00+05:30,1659.5,1660.4000244140625,1659.0999755859375,1660.0,10405
2025-12-18 12:00:00+05:30,1659.9000244140625,1663.0999755859375,1659.4000244140625,1662.4000244140625,16522
2025-12-18 12:05:00+05:30,1662.4000244140625,1663.0999755859375,1661.0999755859375,1661.800048828125,10236
2025-12-18 12:10:00+05:30,1661.699951171875,1662.800048828125,1661.4000244140625,1662.300048828125,18801
2025-12-18 12:15:00+05:30,1661.800048828125,1662.199951171875,1660.300048828125,1660.699951171875,8247
2025-12-18 12:20:00+05:30,1660.699951171875,1661.0,1660.0,1660.0,12207
2025-12-18 12:25:00+05:30,1660.0999755859375,1661.0,1659.0,1660.199951171875,9306
2025-12-18 12:30:00+05:30,1659.800048828125,1661.0,1659.5,1659.699951171875,10709
2025-12-18 12:35:00+05:30,1659.9000244140625,1660.5,1658.0,1658.4000244140625,20990
2025-12-18 12:40:00+05:30,1658.5,1659.0999755859375,1657.0999755859375,1658.9000244140625,12130
2025-12-18 12:45:00+05:30,1658.4000244140625,1660.699951171875,1658.4000244140625,1660.300048828125,22651
2025-12-18 12:50:00+05:30,1660.199951171875,1662.699951171875,1659.9000244140625,1661.4000244140625,14941
2025-12-18 12:55:00+05:30,1661.0,1661.699951171875,1660.0999755859375,1660.699951171875,10621
2025-12-18 13:00:00+05:30,1660.5999755859375,1661.800048828125,1660.0999755859375,1661.0999755859375,13347
2025-12-18 13:05:00+05:30,1661.199951171875,1661.5999755859375,1660.0999755859375,1661.0999755859375,8603
2025-12-18 13:10:00+05:30,1660.4000244140625,1662.5,1659.9000244140625,1661.9000244140625,10267
2025-12-18 13:15:00+05:30,1661.800048828125,1661.800048828125,1660.300048828125,1660.5999755859375,6986
2025-12-18 13:20:00+05:30,1660.4000244140625,1661.5,1660.0,1660.4000244140625,8929
2025-12-18 13:25:00+05:30,1660.4000244140625,1661.5,1659.9000244140625,1659.9000244140625,11564
2025-12-18 13:30:00+05:30,1659.9000244140625,1660.0999755859375,1658.0,1658.0,21177
2025-12-18 13:35:00+05:30,1658.0,1659.300048828125,1657.199951171875,1658.5999755859375,10462
2025-12-18 13:40:00+05:30,1658.0999755859375,1659.5,1657.5,1658.0,10186
2025-12-18 13:45:00+05:30,1658.0999755859375,1658.5,1657.0,1657.699951171875,9634
2025-12-18 13:50:00+05:30,1657.800048828125,1659.4000244140625,1657.0999755859375,1659.199951171875,9649
2025-12-18 13:55:00+05:30,1659.0999755859375,1659.0999755859375,1657.800048828125,1658.0,12376
2025-12-18 14:00:00+05:30,1658.0999755859375,1658.0999755859375,1656.0,1656.5,12491
2025-12-18 14:05:00+05:30,1656.199951171875,1657.4000244140625,1655.300048828125,1655.9000244140625,12200
2025-12-18 14:10:00+05:30,1655.9000244140625,1656.300048828125,1654.699951171875,1656.0,12226
2025-12-18 14:15:00+05:30,1656.0,1656.5,1654.5,1654.5,10200
2025-12-18 14:20:00+05:30,1654.5,1654.800048828125,1651.5999755859375,1652.0,12910
2025-12-18 14:25:00+05:30,1652.0,1656.5999755859375,1652.0,1655.300048828125,25944
2025-12-18 14:30:00+05:30,1655.4000244140625,1661.800048828125,1655.4000244140625,1660.9000244140625,41179
2025-12-18 14:35:00+05:30,1660.5999755859375,1661.4000244140625,1659.300048828125,1659.300048828125,11807
2025-12-18 14:40:00+05:30,1659.4000244140625,1660.0999755859375,1659.300048828125,1660.0,18014
2025-12-18 14:45:00+05:30,1659.4000244140625,1659.800048828125,1657.800048828125,1658.5999755859375,15279
2025-12-18 14:50:00+05:30,1658.4000244140625,1659.199951171875,1656.300048828125,1657.5999755859375,49167
2025-12-18 14:55:00+05:30,1657.300048828125,1659.800048828125,1657.199951171875,1659.5,22301
2025-12-18 15:00:00+05:30,1660.5,1662.4000244140625,1659.5999755859375,1661.699951171875,51632
2025-12-18 15:05:00+05:30,1661.5999755859375,1662.699951171875,1660.5999755859375,1661.5,100205
2025-12-18 15:10:00+05:30,1660.800048828125,1661.699951171875,1660.300048828125,1661.5999755859375,61684
2025-12-18 15:15:00+05:30,1661.5999755859375,1662.0999755859375,1660.199951171875,1661.199951171875,63720
2025-12-18 15:20:00+05:30,1661.0999755859375,1662.0999755859375,1660.800048828125,1661.300048828125,59373
2025-12-18 15:25:00+05:30,1661.0999755859375,1665.0,1659.4000244140625,1665.0,58462
2025-12-19 09:20:00+05:30,1667.699951171875,1670.5,1667.300048828125,1669.300048828125,42829
2025-12-19 09:25:00+05:30,1668.699951171875,1669.300048828125,1662.0,1663.199951171875,34608
2025-12-19 09:30:00+05:30,1663.0,1666.800048828125,1661.0999755859375,1661.0999755859375,58755
2025-12-19 09:35:00+05:30,1661.5,1662.0,1659.0999755859375,1660.4000244140625,42491
2025-12-19 09:40:00+05:30,1660.4000244140625,1661.0999755859375,1659.0999755859375,1659.5,17960
2025-12-19 09:45:00+05:30,1658.9000244140625,1659.4000244140625,1656.0,1656.9000244140625,38199
2025-12-19 09:50:00+05:30,1656.5999755859375,1656.9000244140625,1653.9000244140625,1655.0,35426
2025-12-19 09:55:00+05:30,1655.0,1655.699951171875,1651.199951171875,1651.800048828125,78721
2025-12-19 10:00:00+05:30,1650.699951171875,1652.4000244140625,1648.4000244140625,1648.4000244140625,49644
2025-12-19 10:05:00+05:30,1649.0,1649.0,1646.0999755859375,1647.300048828125,30857
2025-12-19 10:10:00+05:30,1647.4000244140625,1647.800048828125,1641.0,1641.0999755859375,35405
2025-12-19 10:15:00+05:30,1641.0999755859375,1646.0,1641.0999755859375,1645.5999755859375,25350
2025-12-19 10:20:00+05:30,1645.5,1648.5,1644.4000244140625,1647.5,17316
2025-12-19 10:25:00+05:30,1647.4000244140625,1652.0999755859375,1646.0,1650.0999755859375,96556
2025-12-19 10:30:00+05:30,1650.199951171875,1653.0,1649.199951171875,1652.300048828125,17877
2025-12-19 10:35:00+05:30,1652.9000244140625,1653.0,1650.699951171875,1651.800048828125,14892
2025-12-19 10:40:00+05:30,1651.800048828125,1652.0,1650.0,1650.0,9733
2025-12-19 10:45:00+05:30,1651.0,1651.0,1649.199951171875,1650.0,37573
2025-12-19 10:50:00+05:30,1649.4000244140625,1650.5,1647.0,1647.5,51731
2025-12-19 10:55:00+05:30,1647.699951171875,1649.0,1646.9000244140625,1648.0999755859375,58015
2025-12-19 11:00:00+05:30,1648.0999755859375,1649.699951171875,1648.0,1648.4000244140625,28359
2025-12-19 11:05:00+05:30,1648.0999755859375,1648.4000244140625,1645.5,1647.0,29136
2025-12-19 11:10:00+05:30,1646.5,1647.300048828125,1646.199951171875,1646.5999755859375,20032
2025-12-19 11:15:00+05:30,1646.5999755859375,1647.300048828125,1643.699951171875,1643.699951171875,27758
2025-12-19 11:20:00+05:30,1643.699951171875,1645.0,1641.300048828125,1643.5,48738
2025-12-19 11:25:00+05:30,1643.5,1645.0,1643.0999755859375,1643.699951171875,30687
2025-12-19 11:30:00+05:30,1643.699951171875,1644.0,1640.5,1641.199951171875,27060
2025-12-19 11:35:00+05:30,1641.5,1641.5,1638.300048828125,1639.5,70480
2025-12-19 11:40:00+05:30,1639.699951171875,1639.800048828125,1634.199951171875,1634.199951171875,39299
2025-12-19 11:45:00+05:30,1634.0999755859375,1636.0,1632.5,1634.5999755859375,58331
2025-12-19 11:50:00+05:30,1634.5999755859375,1639.199951171875,1634.0999755859375,1638.800048828125,16868
2025-12-19 11:55:00+05:30,1638.800048828125,1638.800048828125,1635.5,1635.5999755859375,21184
2025-12-19 12:00:00+05:30,1635.5999755859375,1636.0,1634.0999755859375,1634.800048828125,25647
2025-12-19 12:05:00+05:30,1635.0,1635.4000244140625,1634.199951171875,1634.699951171875,18698
2025-12-19 12:10:00+05:30,1634.5999755859375,1638.199951171875,1634.0,1638.199951171875,91004
2025-12-19 12:15:00+05:30,1639.0999755859375,1640.4000244140625,1635.0,1636.5,36985
2025-12-19 12:20:00+05:30,1636.0,1638.5,1636.0,1637.4000244140625,16334
2025-12-19 12:25:00+05:30,1637.4000244140625,1639.9000244140625,1637.300048828125,1639.300048828125,17426
2025-12-19 12:30:00+05:30,1639.5999755859375,1640.0,1639.0,1639.300048828125,11802
2025-12-19 12:35:00+05:30,1639.199951171875,1640.199951171875,1639.0,1640.0,35324
2025-12-19 12:40:00+05:30,1639.800048828125,1640.0999755859375,1639.5999755859375,1640.0,30789
2025-12-19 12:45:00+05:30,1639.9000244140625,1640.0,1639.5,1639.9000244140625,14150
2025-12-19 12:50:00+05:30,1639.5999755859375,1640.0,1639.4000244140625,1639.699951171875,16229
2025-12-19 12:55:00+05:30,1639.699951171875,1640.0,1639.5999755859375,1639.699951171875,7621
2025-12-19 13:00:00+05:30,1639.5999755859375,1640.0,1639.4000244140625,1639.5,10890
2025-12-19 13:05:00+05:30,1639.5,1640.0,1639.5,1639.5999755859375,22507
2025-12-19 13:10:00+05:30,1639.5999755859375,1640.0,1638.5,1638.5,16440
2025-12-19 13:15:00+05:30,1638.800048828125,1639.0999755859375,1637.4000244140625,1638.5,10919
2025-12-19 13:20:00+05:30,1639.0,1639.5,1637.9000244140625,1639.0999755859375,30069
2025-12-19 13:25:00+05:30,1639.0,1640.0,1638.0,1639.9000244140625,37970
2025-12-19 13:30:00+05:30,1640.0,1640.800048828125,1639.699951171875,1640.199951171875,20995
2025-12-19 13:35:00+05:30,1640.5,1640.9000244140625,1637.5999755859375,1637.9000244140625,37784
2025-12-19 13:40:00+05:30,1637.800048828125,1638.800048828125,1637.5999755859375,1638.5999755859375,12205
2025-12-19 13:45:00+05:30,1638.5999755859375,1639.5999755859375,1637.4000244140625,1638.300048828125,16144
2025-12-19 13:50:00+05:30,1637.699951171875,1638.9000244140625,1637.5,1638.300048828125,13517
2025-12-19 13:55:00+05:30,1638.199951171875,1638.5999755859375,1637.5,1638.0,14925
2025-12-19 14:00:00+05:30,1638.0999755859375,1638.0999755859375,1637.5,1637.5,30785
2025-12-19 14:05:00+05:30,1637.5,1640.0999755859375,1637.5,1639.4000244140625,21628
2025-12-19 14:10:00+05:30,1639.300048828125,1640.9000244140625,1639.300048828125,1640.800048828125,17447
2025-12-19 14:15:00+05:30,1640.800048828125,1642.0,1640.800048828125,1641.5999755859375,27548
2025-12-19 14:20:00+05:30,1641.5999755859375,1643.5,1641.5999755859375,1643.5,21391
2025-12-19 14:25:00+05:30,1643.5,1643.5,1641.800048828125,1642.9000244140625,51072
2025-12-19 14:30:00+05:30,1642.5999755859375,1642.9000244140625,1642.5,1642.800048828125,22760
2025-12-19 14:35:00+05:30,1642.800048828125,1644.300048828125,1642.5,1644.300048828125,24827
2025-12-19 14:40:00+05:30,1644.0999755859375,1644.199951171875,1642.5,1642.5,40104
2025-12-19 14:45:00+05:30,1642.5999755859375,1643.5999755859375,1642.5,1643.5999755859375,17862
2025-12-19 14:50:00+05:30,1643.5,1643.5,1643.0,1643.0999755859375,31324
2025-12-19 14:55:00+05:30,1643.0999755859375,1643.199951171875,1642.199951171875,1642.5,33181
2025-12-19 15:00:00+05:30,1641.300048828125,1643.5,1641.300048828125,1643.199951171875,238365
2025-12-19 15:05:00+05:30,1643.4000244140625,1644.0,1643.4000244140625,1643.5,242902
2025-12-19 15:10:00+05:30,1643.0,1643.0999755859375,1640.5,1641.9000244140625,228830
2025-12-19 15:15:00+05:30,1641.800048828125,1642.9000244140625,1641.800048828125,1642.0999755859375,182478
2025-12-19 15:20:00+05:30,1642.0,1642.4000244140625,1642.0,1642.199951171875,207849
2025-12-19 15:25:00+05:30,1642.300048828125,1642.5,1639.0999755859375,1640.5999755859375,176201
2025-12-22 09:20:00+05:30,1655.5999755859375,1656.800048828125,1654.0,1656.199951171875,27970
2025-12-22 09:25:00+05:30,1656.0999755859375,1657.699951171875,1654.5,1656.0999755859375,22146
2025-12-22 09:30:00+05:30,1656.9000244140625,1659.199951171875,1656.199951171875,1657.5999755859375,19266
2025-12-22 09:35:00+05:30,1657.5,1659.800048828125,1656.800048828125,1657.699951171875,16629
2025-12-22 09:40:00+05:30,1658.300048828125,1658.9000244140625,1657.699951171875,1658.9000244140625,7989
2025-12-22 09:45:00+05:30,1658.5999755859375,1658.699951171875,1654.199951171875,1654.300048828125,14715
2025-12-22 09:50:00+05:30,1655.0,1656.199951171875,1652.300048828125,1654.4000244140625,13109
2025-12-22 09:55:00+05:30,1655.0,1657.5,1653.0,1656.0999755859375,10756
2025-12-22 10:00:00+05:30,1656.5,1657.9000244140625,1656.0,1657.9000244140625,4986
2025-12-22 10:05:00+05:30,1657.9000244140625,1662.5999755859375,1657.9000244140625,1661.4000244140625,36218
2025-12-22 10:10:00+05:30,1661.5,1663.9000244140625,1660.0999755859375,1662.5,22256
2025-12-22 10:15:00+05:30,1662.800048828125,1664.5,1662.699951171875,1663.5,20773
2025-12-22 10:20:00+05:30,1663.5,1663.800048828125,1661.9000244140625,1662.800048828125,11374
2025-12-22 10:25:00+05:30,1663.4000244140625,1663.5,1660.0,1660.699951171875,9402
2025-12-22 10:30:00+05:30,1660.800048828125,1661.9000244140625,1658.9000244140625,1659.800048828125,14071
2025-12-22 10:35:00+05:30,1660.4000244140625,1661.699951171875,1659.4000244140625,1661.199951171875,8360
2025-12-22 10:40:00+05:30,1661.0999755859375,1664.5,1661.0999755859375,1663.9000244140625,13120
2025-12-22 10:45:00+05:30,1663.9000244140625,1664.9000244140625,1662.4000244140625,1664.699951171875,19556
2025-12-22 10:50:00+05:30,1664.5999755859375,1664.699951171875,1663.0999755859375,1663.199951171875,7352
2025-12-22 10:55:00+05:30,1663.199951171875,1666.5,1662.699951171875,1665.5999755859375,27318
2025-12-22 11:00:00+05:30,1665.5999755859375,1665.699951171875,1665.0,1665.5,6846
2025-12-22 11:05:00+05:30,1665.5,1666.0,1665.0,1665.199951171875,8674
2025-12-22 11:10:00+05:30,1665.5,1666.9000244140625,1665.0,1665.5,14102
2025-12-22 11:15:00+05:30,1665.9000244140625,1666.0,1665.0,1665.199951171875,6316
2025-12-22 11:20:00+05:30,1665.5999755859375,1666.0,1665.0,1665.5999755859375,12947
2025-12-22 11:25:00+05:30,1665.300048828125,1666.0,1665.0,1666.0,6097
2025-12-22 11:30:00+05:30,1666.0,1666.0,1665.0999755859375,1665.9000244140625,7893
2025-12-22 11:35:00+05:30,1665.699951171875,1666.0,1665.0,1665.199951171875,4298
2025-12-22 11:40:00+05:30,1665.199951171875,1666.5,1665.0,1665.9000244140625,7120
2025-12-22 11:45:00+05:30,1665.9000244140625,1666.9000244140625,1665.300048828125,1666.699951171875,7714
2025-12-22 11:50:00+05:30,1666.699951171875,1666.9000244140625,1665.4000244140625,1666.0,6441
2025-12-22 11:55:00+05:30,1666.199951171875,1666.5,1663.0999755859375,1664.4000244140625,29836
2025-12-22 12:00:00+05:30,1664.4000244140625,1665.5,1664.0,1664.800048828125,7848
2025-12-22 12:05:00+05:30,1664.800048828125,1665.0,1664.300048828125,1664.5999755859375,5646
2025-12-22 12:10:00+05:30,1664.800048828125,1666.800048828125,1664.5999755859375,1665.0,11146
2025-12-22 12:15:00+05:30,1665.0,1666.699951171875,1664.9000244140625,1665.5,8698
2025-12-22 12:20:00+05:30,1666.0,1666.4000244140625,1665.300048828125,1665.800048828125,5434
2025-12-22 12:25:00+05:30,1665.300048828125,1666.199951171875,1665.300048828125,1665.4000244140625,8251
2025-12-22 12:30:00+05:30,1666.0999755859375,1666.699951171875,1665.300048828125,1666.699951171875,4092
2025-12-22 12:35:00+05:30,1666.699951171875,1667.0,1666.0,1666.699951171875,11030
2025-12-22 12:40:00+05:30,1667.0,1667.699951171875,1666.800048828125,1667.300048828125,6233
2025-12-22 12:45:00+05:30,1667.300048828125,1667.699951171875,1666.5999755859375,1667.699951171875,3837
2025-12-22 12:50:00+05:30,1667.5999755859375,1667.699951171875,1666.800048828125,1667.5,6402
2025-12-22 12:55:00+05:30,1667.5,1668.800048828125,1667.4000244140625,1668.199951171875,20740
2025-12-22 13:00:00+05:30,1668.199951171875,1670.9000244140625,1668.0999755859375,1670.5,24066
2025-12-22 13:05:00+05:30,1670.5,1671.0,1670.0,1670.5,7444
2025-12-22 13:10:00+05:30,1670.5,1671.5,1670.199951171875,1670.4000244140625,6776
2025-12-22 13:15:00+05:30,1670.699951171875,1673.300048828125,1670.4000244140625,1671.800048828125,42680
2025-12-22 13:20:00+05:30,1671.800048828125,1673.5,1671.0,1671.699951171875,11988
2025-12-22 13:25:00+05:30,1671.800048828125,1671.800048828125,1670.0,1670.199951171875,14003
2025-12-22 13:30:00+05:30,1670.199951171875,1671.4000244140625,1670.0,1670.0999755859375,5990
2025-12-22 13:35:00+05:30,1670.0999755859375,1670.4000244140625,1665.5,1665.5,22138
2025-12-22 13:40:00+05:30,1665.0,1666.4000244140625,1665.0,1665.300048828125,6400
2025-12-22 13:45:00+05:30,1665.300048828125,1666.800048828125,1665.0,1666.300048828125,6055
2025-12-22 13:50:00+05:30,1666.300048828125,1666.300048828125,1665.0,1665.5999755859375,3591
2025-12-22 13:55:00+05:30,1665.5999755859375,1665.5999755859375,1665.0,1665.0999755859375,9505
2025-12-22 14:00:00+05:30,1665.0999755859375,1666.0,1664.199951171875,1664.5,27183
2025-12-22 14:05:00+05:30,1664.9000244140625,1667.699951171875,1664.199951171875,1666.800048828125,19443
2025-12-22 14:10:00+05:30,1666.9000244140625,1668.0,1666.0,1666.4000244140625,25184
2025-12-22 14:15:00+05:30,1666.9000244140625,1666.9000244140625,1666.0999755859375,1666.0999755859375,3901
2025-12-22 14:20:00+05:30,1666.0999755859375,1666.4000244140625,1665.4000244140625,1666.0,11138
2025-12-22 14:25:00+05:30,1666.199951171875,1666.4000244140625,1665.9000244140625,1666.0,7212
2025-12-22 14:30:00+05:30,1666.0,1666.300048828125,1665.0,1666.0999755859375,21766
2025-12-22 14:35:00+05:30,1666.5,1668.300048828125,1665.699951171875,1667.5999755859375,84733
2025-12-22 14:40:00+05:30,1667.699951171875,1667.699951171875,1665.699951171875,1666.300048828125,9649
2025-12-22 14:45:00+05:30,1666.199951171875,1667.0,1666.0,1666.5999755859375,7312
2025-12-22 14:50:00+05:30,1666.5999755859375,1668.5,1666.300048828125,1668.5,7695
2025-12-22 14:55:00+05:30,1668.0999755859375,1668.5,1667.5999755859375,1668.0999755859375,6880
2025-12-22 15:00:00+05:30,1669.0999755859375,1672.0,1669.0999755859375,1671.300048828125,81479
2025-12-22 15:05:00+05:30,1671.0999755859375,1671.5,1670.199951171875,1670.300048828125,49234
2025-12-22 15:10:00+05:30,1670.4000244140625,1671.0,1670.199951171875,1670.800048828125,34482
2025-12-22 15:15:00+05:30,1670.699951171875,1671.0,1669.300048828125,1669.4000244140625,67502
2025-12-22 15:20:00+05:30,1669.5,1670.0999755859375,1669.300048828125,1669.5,53524
2025-12-22 15:25:00+05:30,1669.4000244140625,1670.300048828125,1665.0,1670.300048828125,51495
2025-12-23 09:20:00+05:30,1664.0,1664.0,1659.5,1660.199951171875,26738
2025-12-23 09:25:00+05:30,1659.5,1659.9000244140625,1656.5,1657.5999755859375,37899
2025-12-23 09:30:00+05:30,1658.199951171875,1658.699951171875,1656.5,1658.0,19004
2025-12-23 09:35:00+05:30,1658.699951171875,1660.4000244140625,1658.0,1659.5999755859375,26647
2025-12-23 09:40:00+05:30,1659.5,1659.5,1658.0,1659.0,9124
2025-12-23 09:45:00+05:30,1659.0,1664.5,1658.5,1662.800048828125,39397
2025-12-23 09:50:00+05:30,1662.800048828125,1664.0,1662.199951171875,1663.9000244140625,16938
2025-12-23 09:55:00+05:30,1663.9000244140625,1666.5,1663.0,1665.5999755859375,37283
2025-12-23 10:00:00+05:30,1666.199951171875,1670.199951171875,1665.800048828125,1668.800048828125,37283
2025-12-23 10:05:00+05:30,1669.199951171875,1669.300048828125,1666.800048828125,1667.300048828125,52389
2025-12-23 10:10:00+05:30,1667.5,1667.5999755859375,1664.800048828125,1667.4000244140625,18277
2025-12-23 10:15:00+05:30,1667.5,1670.199951171875,1667.0999755859375,1668.199951171875,96952
2025-12-23 10:20:00+05:30,1667.9000244140625,1669.0999755859375,1666.4000244140625,1669.0999755859375,9888
2025-12-23 10:25:00+05:30,1669.199951171875,1669.9000244140625,1667.699951171875,1669.9000244140625,6621
2025-12-23 10:30:00+05:30,1669.9000244140625,1669.9000244140625,1668.0999755859375,1668.4000244140625,13337
2025-12-23 10:35:00+05:30,1668.0,1668.5999755859375,1668.0,1668.0999755859375,10007
2025-12-23 10:40:00+05:30,1668.5999755859375,1671.4000244140625,1668.5,1671.0,13867
2025-12-23 10:45:00+05:30,1671.4000244140625,1672.300048828125,1670.0,1671.5,31526
2025-12-23 10:50:00+05:30,1671.5,1674.0,1670.9000244140625,1672.5999755859375,26082
2025-12-23 10:55:00+05:30,1673.0999755859375,1673.699951171875,1672.0,1673.0999755859375,11550
2025-12-23 11:00:00+05:30,1673.5999755859375,1673.5999755859375,1672.0,1673.5,9942
2025-12-23 11:05:00+05:30,1673.5,1674.699951171875,1673.0,1673.699951171875,6963
2025-12-23 11:10:00+05:30,1673.4000244140625,1673.9000244140625,1672.5999755859375,1672.9000244140625,4457
2025-12-23 11:15:00+05:30,1672.9000244140625,1674.5,1672.4000244140625,1673.199951171875,10186
2025-12-23 11:20:00+05:30,1673.5999755859375,1675.300048828125,1673.0,1675.0999755859375,37147
2025-12-23 11:25:00+05:30,1675.0999755859375,1675.300048828125,1674.0,1674.699951171875,7637
2025-12-23 11:30:00+05:30,1674.800048828125,1678.699951171875,1674.0,1678.0,61773
2025-12-23 11:35:00+05:30,1678.0999755859375,1678.0999755859375,1675.800048828125,1675.800048828125,7667
2025-12-23 11:40:00+05:30,1675.800048828125,1676.199951171875,1675.0999755859375,1676.0999755859375,4562
2025-12-23 11:45:00+05:30,1675.9000244140625,1678.5,1675.5999755859375,1676.699951171875,18443
2025-12-23 11:50:00+05:30,1676.9000244140625,1679.5999755859375,1676.9000244140625,1679.0,14583
2025-12-23 11:55:00+05:30,1679.4000244140625,1680.0,1678.4000244140625,1680.0,27442
2025-12-23 12:00:00+05:30,1680.5999755859375,1680.9000244140625,1679.4000244140625,1680.5,12377
2025-12-23 12:05:00+05:30,1680.5,1681.9000244140625,1680.0,1680.9000244140625,14695
2025-12-23 12:10:00+05:30,1680.9000244140625,1680.9000244140625,1679.699951171875,1679.699951171875,4579
2025-12-23 12:15:00+05:30,1679.9000244140625,1680.199951171875,1679.5,1680.199951171875,9213
2025-12-23 12:20:00+05:30,1680.199951171875,1681.0,1680.0,1680.5999755859375,5538
2025-12-23 12:25:00+05:30,1680.5999755859375,1681.199951171875,1680.5,1680.9000244140625,8405
2025-12-23 12:30:00+05:30,1680.9000244140625,1681.800048828125,1680.5,1681.0,9816
2025-12-23 12:35:00+05:30,1681.5999755859375,1683.699951171875,1681.300048828125,1682.5999755859375,31405
2025-12-23 12:40:00+05:30,1682.5999755859375,1684.800048828125,1681.9000244140625,1683.199951171875,67682
2025-12-23 12:45:00+05:30,1683.199951171875,1684.0999755859375,1682.5999755859375,1682.9000244140625,21945
2025-12-23 12:50:00+05:30,1682.9000244140625,1683.199951171875,1681.9000244140625,1683.0999755859375,44266
2025-12-23 12:55:00+05:30,1683.0999755859375,1683.5,1681.4000244140625,1682.800048828125,24111
2025-12-23 13:00:00+05:30,1682.800048828125,1683.5999755859375,1680.5999755859375,1681.5,20780
2025-12-23 13:05:00+05:30,1681.4000244140625,1681.5,1679.4000244140625,1681.300048828125,19873
2025-12-23 13:10:00+05:30,1681.300048828125,1681.9000244140625,1681.0,1681.5,5865
2025-12-23 13:15:00+05:30,1681.0,1681.300048828125,1680.300048828125,1681.0,5795
2025-12-23 13:20:00+05:30,1681.0999755859375,1681.0999755859375,1680.0,1680.0999755859375,6007
2025-12-23 13:25:00+05:30,1680.0999755859375,1680.4000244140625,1679.5999755859375,1680.300048828125,11211
2025-12-23 13:30:00+05:30,1680.300048828125,1680.9000244140625,1680.0,1680.199951171875,5727
2025-12-23 13:35:00+05:30,1680.5,1680.800048828125,1679.4000244140625,1679.800048828125,13983
2025-12-23 13:40:00+05:30,1680.199951171875,1680.300048828125,1678.9000244140625,1680.300048828125,21675
2025-12-23 13:45:00+05:30,1680.300048828125,1682.0,1680.0,1681.0,7647
2025-12-23 13:50:00+05:30,1681.300048828125,1681.9000244140625,1680.800048828125,1681.5,5200
2025-12-23 13:55:00+05:30,1681.0999755859375,1681.9000244140625,1680.9000244140625,1681.0,5223
2025-12-23 14:00:00+05:30,1681.0,1681.199951171875,1679.5,1680.199951171875,6043
2025-12-23 14:05:00+05:30,1680.0,1680.199951171875,1679.5,1680.199951171875,6490
2025-12-23 14:10:00+05:30,1680.199951171875,1680.199951171875,1679.199951171875,1680.0999755859375,12963
2025-12-23 14:15:00+05:30,1680.0999755859375,1681.800048828125,1680.0,1680.5,38335
2025-12-23 14:20:00+05:30,1680.5,1680.5999755859375,1679.0,1679.800048828125,10687
2025-12-23 14:25:00+05:30,1679.800048828125,1680.4000244140625,1679.300048828125,1679.5999755859375,6364
2025-12-23 14:30:00+05:30,1679.9000244140625,1680.5999755859375,1678.0,1678.4000244140625,15876
2025-12-23 14:35:00+05:30,1678.4000244140625,1680.199951171875,1677.699951171875,1679.0,10569
2025-12-23 14:40:00+05:30,1679.4000244140625,1680.0,1677.699951171875,1677.699951171875,30402
2025-12-23 14:45:00+05:30,1677.699951171875,1679.199951171875,1677.0,1678.5999755859375,19392
2025-12-23 14:50:00+05:30,1679.0,1680.0999755859375,1678.0,1680.0,9393
2025-12-23 14:55:00+05:30,1680.0,1680.5999755859375,1679.199951171875,1680.5999755859375,5951
2025-12-23 15:00:00+05:30,1681.199951171875,1682.9000244140625,1680.0,1680.0999755859375,36090
2025-12-23 15:05:00+05:30,1680.199951171875,1681.0,1679.4000244140625,1680.0,33294
2025-12-23 15:10:00+05:30,1680.0,1680.699951171875,1679.5,1680.0,35388
2025-12-23 15:15:00+05:30,1679.5999755859375,1680.0,1678.5999755859375,1679.800048828125,40293
2025-12-23 15:20:00+05:30,1679.800048828125,1680.5,1678.9000244140625,1680.0999755859375,50436
2025-12-23 15:25:00+05:30,1680.0999755859375,1680.4000244140625,1675.199951171875,1675.199951171875,35703
2025-12-24 09:20:00+05:30,1673.0999755859375,1674.699951171875,1671.300048828125,1672.699951171875,13364
2025-12-24 09:25:00+05:30,1673.5,1674.0,1671.0999755859375,1671.800048828125,4794
2025-12-24 09:30:00+05:30,1673.0999755859375,1674.300048828125,1671.4000244140625,1671.699951171875,13964
2025-12-24 09:35:00+05:30,1671.699951171875,1673.5,1671.0,1671.699951171875,8691
2025-12-24 09:40:00+05:30,1671.5,1674.0,1669.4000244140625,1674.0,14442
2025-12-24 09:45:00+05:30,1674.0,1676.0,1672.0999755859375,1675.199951171875,21635
2025-12-24 09:50:00+05:30,1674.800048828125,1676.0,1674.0,1675.5999755859375,4860
2025-12-24 09:55:00+05:30,1675.5,1676.4000244140625,1674.5,1676.0,21395
2025-12-24 10:00:00+05:30,1676.0999755859375,1678.0,1675.199951171875,1677.5,5559
2025-12-24 10:05:00+05:30,1676.9000244140625,1679.9000244140625,1676.300048828125,1679.300048828125,9925
2025-12-24 10:10:00+05:30,1679.300048828125,1679.9000244140625,1676.0999755859375,1677.0999755859375,12775
2025-12-24 10:15:00+05:30,1677.0999755859375,1679.4000244140625,1676.4000244140625,1678.199951171875,5050
2025-12-24 10:20:00+05:30,1678.199951171875,1679.5999755859375,1677.0999755859375,1678.300048828125,4743
2025-12-24 10:25:00+05:30,1677.9000244140625,1677.9000244140625,1675.9000244140625,1675.9000244140625,6427
2025-12-24 10:30:00+05:30,1676.0999755859375,1676.300048828125,1675.0999755859375,1675.5,2562
2025-12-24 10:35:00+05:30,1675.300048828125,1676.300048828125,1675.0,1675.9000244140625,2408
2025-12-24 10:40:00+05:30,1675.0999755859375,1677.0,1675.0999755859375,1676.300048828125,2658
2025-12-24 10:45:00+05:30,1676.300048828125,1676.300048828125,1675.0,1675.9000244140625,1851
2025-12-24 10:50:00+05:30,1675.9000244140625,1676.5,1675.0,1675.800048828125,1651
2025-12-24 10:55:00+05:30,1675.699951171875,1676.199951171875,1675.0999755859375,1675.300048828125,2196
2025-12-24 11:00:00+05:30,1675.300048828125,1675.800048828125,1673.5,1674.199951171875,6771
2025-12-24 11:05:00+05:30,1674.199951171875,1674.800048828125,1673.4000244140625,1674.699951171875,1917
2025-12-24 11:10:00+05:30,1674.699951171875,1674.9000244140625,1673.5999755859375,1674.300048828125,1038
2025-12-24 11:15:00+05:30,1674.5,1675.9000244140625,1673.4000244140625,1675.0,4591
2025-12-24 11:20:00+05:30,1675.4000244140625,1675.4000244140625,1675.0,1675.0,5751
2025-12-24 11:25:00+05:30,1675.0,1675.0999755859375,1674.699951171875,1675.0,7682
2025-12-24 11:30:00+05:30,1675.0999755859375,1675.4000244140625,1674.699951171875,1675.300048828125,10711
2025-12-24 11:35:00+05:30,1675.300048828125,1676.5,1674.699951171875,1676.199951171875,3319
2025-12-24 11:40:00+05:30,1676.199951171875,1676.199951171875,1675.0,1675.199951171875,6042
2025-12-24 11:45:00+05:30,1675.199951171875,1675.4000244140625,1673.699951171875,1675.4000244140625,26366
2025-12-24 11:50:00+05:30,1675.4000244140625,1676.300048828125,1675.0,1676.0,7880
2025-12-24 11:55:00+05:30,1676.0,1677.0,1676.0,1676.9000244140625,6112
2025-12-24 12:00:00+05:30,1676.800048828125,1677.0,1676.5,1676.800048828125,3650
2025-12-24 12:05:00+05:30,1676.800048828125,1677.0,1675.0,1675.800048828125,4289
2025-12-24 12:10:00+05:30,1675.800048828125,1676.699951171875,1675.0,1676.5999755859375,2338
2025-12-24 12:15:00+05:30,1676.5999755859375,1676.9000244140625,1675.800048828125,1676.0,2543
2025-12-24 12:20:00+05:30,1676.0,1676.800048828125,1675.5999755859375,1676.300048828125,2892
2025-12-24 12:25:00+05:30,1676.5,1676.9000244140625,1675.699951171875,1675.800048828125,2870
2025-12-24 12:30:00+05:30,1676.5,1676.800048828125,1675.199951171875,1675.699951171875,2814
2025-12-24 12:35:00+05:30,1675.0999755859375,1677.0,1675.0,1675.800048828125,16922
2025-12-24 12:40:00+05:30,1675.800048828125,1676.199951171875,1674.0,1676.199951171875,15449
2025-12-24 12:45:00+05:30,1676.300048828125,1676.800048828125,1675.0,1676.0,6665
2025-12-24 12:50:00+05:30,1676.0,1676.5,1675.0999755859375,1675.9000244140625,4505
2025-12-24 12:55:00+05:30,1676.0,1676.699951171875,1675.199951171875,1676.4000244140625,5680
2025-12-24 13:00:00+05:30,1676.4000244140625,1676.5999755859375,1674.5999755859375,1676.300048828125,9508
2025-12-24 13:05:00+05:30,1676.300048828125,1676.300048828125,1674.5,1675.9000244140625,22349
2025-12-24 13:10:00+05:30,1675.9000244140625,1676.300048828125,1675.0999755859375,1676.300048828125,2641
2025-12-24 13:15:00+05:30,1676.300048828125,1676.300048828125,1675.0,1675.4000244140625,3350
2025-12-24 13:20:00+05:30,1675.4000244140625,1675.9000244140625,1675.0,1675.199951171875,9078
2025-12-24 13:25:00+05:30,1675.199951171875,1675.5999755859375,1675.0,1675.0,4527
2025-12-24 13:30:00+05:30,1675.4000244140625,1675.4000244140625,1674.0,1675.0999755859375,29615
2025-12-24 13:35:00+05:30,1675.0,1675.199951171875,1674.199951171875,1674.800048828125,4242
2025-12-24 13:40:00+05:30,1674.800048828125,1675.300048828125,1674.0999755859375,1674.9000244140625,4549
2025-12-24 13:45:00+05:30,1675.0,1675.0999755859375,1674.0,1675.0999755859375,19740
2025-12-24 13:50:00+05:30,1675.0,1675.199951171875,1674.0,1675.199951171875,6978
2025-12-24 13:55:00+05:30,1675.199951171875,1675.199951171875,1674.0,1674.4000244140625,5585
2025-12-24 14:00:00+05:30,1674.0,1674.9000244140625,1671.4000244140625,1674.0,68909
2025-12-24 14:05:00+05:30,1673.699951171875,1675.800048828125,1672.5999755859375,1675.800048828125,62991
2025-12-24 14:10:00+05:30,1675.9000244140625,1676.0999755859375,1675.0,1675.5,24751
2025-12-24 14:15:00+05:30,1675.5,1676.5,1675.0,1675.199951171875,2382
2025-12-24 14:20:00+05:30,1675.699951171875,1675.699951171875,1675.0,1675.0,8741
2025-12-24 14:25:00+05:30,1675.0,1675.0999755859375,1673.5999755859375,1674.300048828125,52275
2025-12-24 14:30:00+05:30,1674.300048828125,1675.699951171875,1673.199951171875,1675.199951171875,21332
2025-12-24 14:35:00+05:30,1675.4000244140625,1675.699951171875,1675.0,1675.5,10227
2025-12-24 14:40:00+05:30,1675.9000244140625,1676.0,1675.0,1675.5,5523
2025-12-24 14:45:00+05:30,1676.0,1676.0999755859375,1675.5999755859375,1676.0,3735
2025-12-24 14:50:00+05:30,1676.0,1676.0999755859375,1675.0,1675.5999755859375,9082
2025-12-24 14:55:00+05:30,1675.0999755859375,1676.699951171875,1675.0999755859375,1676.300048828125,43102
2025-12-24 15:00:00+05:30,1676.300048828125,1676.5999755859375,1673.9000244140625,1674.800048828125,23904
2025-12-24 15:05:00+05:30,1675.5999755859375,1676.4000244140625,1674.300048828125,1674.5,46214
2025-12-24 15:10:00+05:30,1674.5,1674.5,1672.300048828125,1673.4000244140625,24762
2025-12-24 15:15:00+05:30,1673.800048828125,1674.300048828125,1672.800048828125,1673.0999755859375,22116
2025-12-24 15:20:00+05:30,1674.199951171875,1674.699951171875,1673.5999755859375,1674.4000244140625,35806
2025-12-24 15:25:00+05:30,1674.4000244140625,1675.199951171875,1671.800048828125,1671.800048828125,34034
2025-12-26 09:20:00+05:30,1671.199951171875,1675.5999755859375,1671.199951171875,1673.0999755859375,7781
2025-12-26 09:25:00+05:30,1673.0,1674.199951171875,1671.199951171875,1672.0,6698
2025-12-26 09:30:00+05:30,1671.9000244140625,1672.9000244140625,1669.199951171875,1669.9000244140625,4789
2025-12-26 09:35:00+05:30,1669.4000244140625,1669.800048828125,1666.0,1666.4000244140625,5000
2025-12-26 09:40:00+05:30,1665.9000244140625,1667.5,1665.199951171875,1667.0999755859375,20621
2025-12-26 09:45:00+05:30,1667.4000244140625,1672.9000244140625,1667.4000244140625,1671.699951171875,27655
2025-12-26 09:50:00+05:30,1671.5,1672.0,1669.0999755859375,1670.4000244140625,2811
2025-12-26 09:55:00+05:30,1670.4000244140625,1670.4000244140625,1667.800048828125,1667.800048828125,4569
2025-12-26 10:00:00+05:30,1668.0,1668.0,1666.699951171875,1667.0,10404
2025-12-26 10:05:00+05:30,1667.0,1667.0,1666.0999755859375,1666.0999755859375,8950
2025-12-26 10:10:00+05:30,1666.300048828125,1667.0,1665.699951171875,1667.0,3758
2025-12-26 10:15:00+05:30,1666.0,1666.699951171875,1665.300048828125,1665.5,3633
2025-12-26 10:20:00+05:30,1665.0999755859375,1665.9000244140625,1662.5,1663.0,5219
2025-12-26 10:25:00+05:30,1663.0,1664.0,1662.699951171875,1663.5999755859375,24562
2025-12-26 10:30:00+05:30,1663.5999755859375,1663.800048828125,1662.5,1662.9000244140625,4540
2025-12-26 10:35:00+05:30,1662.800048828125,1663.0,1661.199951171875,1662.0,5478
2025-12-26 10:40:00+05:30,1661.5999755859375,1662.300048828125,1660.699951171875,1661.5,3177
2025-12-26 10:45:00+05:30,1661.4000244140625,1663.0999755859375,1661.199951171875,1662.5,7000
2025-12-26 10:50:00+05:30,1662.800048828125,1663.5,1661.699951171875,1662.699951171875,9932
2025-12-26 10:55:00+05:30,1662.5999755859375,1663.0,1662.0999755859375,1662.0999755859375,7006
2025-12-26 11:00:00+05:30,1661.9000244140625,1662.5,1661.800048828125,1662.0,16040
2025-12-26 11:05:00+05:30,1662.0,1663.0,1661.0,1661.5,40556
2025-12-26 11:10:00+05:30,1661.5999755859375,1661.9000244140625,1660.0999755859375,1660.699951171875,8947
2025-12-26 11:15:00+05:30,1660.699951171875,1661.5999755859375,1659.5,1659.9000244140625,5809
2025-12-26 11:20:00+05:30,1659.5,1659.9000244140625,1658.5,1659.199951171875,4590
2025-12-26 11:25:00+05:30,1659.199951171875,1659.9000244140625,1657.0,1657.5,8533
2025-12-26 11:30:00+05:30,1657.5,1658.4000244140625,1657.0,1657.800048828125,3375
2025-12-26 11:35:00+05:30,1658.0,1658.0999755859375,1656.800048828125,1657.300048828125,3881
2025-12-26 11:40:00+05:30,1657.199951171875,1658.4000244140625,1656.9000244140625,1657.4000244140625,4011
2025-12-26 11:45:00+05:30,1656.5,1657.5999755859375,1656.199951171875,1657.4000244140625,5041
2025-12-26 11:50:00+05:30,1657.300048828125,1657.5,1656.300048828125,1657.5,2994
2025-12-26 11:55:00+05:30,1657.5,1659.0,1656.699951171875,1658.4000244140625,8686
2025-12-26 12:00:00+05:30,1658.4000244140625,1659.5,1657.4000244140625,1658.0,4621
2025-12-26 12:05:00+05:30,1658.0,1658.5999755859375,1657.4000244140625,1658.0,4542
2025-12-26 12:10:00+05:30,1658.0,1658.0,1657.0999755859375,1657.300048828125,7889
2025-12-26 12:15:00+05:30,1657.699951171875,1658.0,1656.5,1657.800048828125,2365
2025-12-26 12:20:00+05:30,1658.0,1658.5,1656.800048828125,1657.800048828125,8736
2025-12-26 12:25:00+05:30,1657.5,1658.0,1657.0,1657.199951171875,4053
2025-12-26 12:30:00+05:30,1657.0999755859375,1657.5999755859375,1654.0,1654.699951171875,9257
2025-12-26 12:35:00+05:30,1654.699951171875,1655.0,1653.699951171875,1655.0,5649
2025-12-26 12:40:00+05:30,1654.300048828125,1655.0,1653.699951171875,1654.5999755859375,2794
2025-12-26 12:45:00+05:30,1654.699951171875,1654.699951171875,1652.5999755859375,1652.5999755859375,4350
2025-12-26 12:50:00+05:30,1652.5999755859375,1654.0999755859375,1652.199951171875,1653.300048828125,3989
2025-12-26 12:55:00+05:30,1653.199951171875,1653.4000244140625,1650.5,1651.5999755859375,10830
2025-12-26 13:00:00+05:30,1650.9000244140625,1654.199951171875,1650.699951171875,1653.800048828125,20442
2025-12-26 13:05:00+05:30,1653.5,1654.199951171875,1652.800048828125,1653.699951171875,2304
2025-12-26 13:10:00+05:30,1653.9000244140625,1657.699951171875,1653.0999755859375,1657.0,18964
2025-12-26 13:15:00+05:30,1657.199951171875,1659.0,1655.699951171875,1658.199951171875,6279
2025-12-26 13:20:00+05:30,1658.4000244140625,1658.699951171875,1656.300048828125,1657.0,7926
2025-12-26 13:25:00+05:30,1657.0,1660.9000244140625,1656.5,1660.0,37171
2025-12-26 13:30:00+05:30,1659.800048828125,1660.9000244140625,1659.0,1660.5999755859375,18594
2025-12-26 13:35:00+05:30,1660.5999755859375,1661.0,1659.699951171875,1661.0,5684
2025-12-26 13:40:00+05:30,1661.0,1661.0,1660.0,1661.0,4071
2025-12-26 13:45:00+05:30,1661.0,1662.0999755859375,1660.300048828125,1662.0999755859375,3782
2025-12-26 13:50:00+05:30,1662.0999755859375,1662.0999755859375,1660.0999755859375,1660.5,10463
2025-12-26 13:55:00+05:30,1660.199951171875,1660.5,1659.0999755859375,1659.5,3093
2025-12-26 14:00:00+05:30,1660.199951171875,1660.5,1659.300048828125,1660.199951171875,2431
2025-12-26 14:05:00+05:30,1660.4000244140625,1660.5,1659.199951171875,1659.5,3857
2025-12-26 14:10:00+05:30,1659.9000244140625,1661.5,1658.9000244140625,1661.0,6444
2025-12-26 14:15:00+05:30,1661.0,1661.0,1657.5,1657.9000244140625,17113
2025-12-26 14:20:00+05:30,1658.699951171875,1658.699951171875,1656.0,1656.699951171875,32541
2025-12-26 14:25:00+05:30,1656.0999755859375,1657.4000244140625,1655.9000244140625,1656.5999755859375,17235
2025-12-26 14:30:00+05:30,1656.0999755859375,1657.199951171875,1656.0,1656.0,17484
2025-12-26 14:35:00+05:30,1656.699951171875,1657.5,1656.0,1656.0999755859375,16628
2025-12-26 14:40:00+05:30,1657.0,1657.0999755859375,1656.0,1656.4000244140625,17112
2025-12-26 14:45:00+05:30,1656.300048828125,1660.4000244140625,1655.9000244140625,1658.0,44864
2025-12-26 14:50:00+05:30,1658.800048828125,1660.699951171875,1657.9000244140625,1660.0999755859375,19289
2025-12-26 14:55:00+05:30,1660.0,1660.9000244140625,1659.0,1660.9000244140625,19059
2025-12-26 15:00:00+05:30,1661.5,1662.4000244140625,1660.0999755859375,1661.800048828125,20665
2025-12-26 15:05:00+05:30,1662.4000244140625,1663.800048828125,1662.300048828125,1663.199951171875,18707
2025-12-26 15:10:00+05:30,1663.4000244140625,1663.5,1661.4000244140625,1662.5999755859375,14150
2025-12-26 15:15:00+05:30,1661.9000244140625,1662.5999755859375,1660.800048828125,1662.5,19440
2025-12-26 15:20:00+05:30,1662.0,1664.800048828125,1661.5,1662.300048828125,36216
2025-12-26 15:25:00+05:30,1662.699951171875,1664.4000244140625,1654.5999755859375,1660.9000244140625,71903
2025-12-29 09:20:00+05:30,1655.0999755859375,1658.199951171875,1654.5,1656.9000244140625,5797
2025-12-29 09:25:00+05:30,1657.0999755859375,1657.4000244140625,1651.199951171875,1651.199951171875,13724
2025-12-29 09:30:00+05:30,1651.5,1658.4000244140625,1651.4000244140625,1656.4000244140625,12781
2025-12-29 09:35:00+05:30,1657.199951171875,1657.199951171875,1654.300048828125,1654.5999755859375,9996
2025-12-29 09:40:00+05:30,1654.4000244140625,1660.5,1654.4000244140625,1659.199951171875,12989
2025-12-29 09:45:00+05:30,1659.0999755859375,1660.300048828125,1658.0,1658.800048828125,8995
2025-12-29 09:50:00+05:30,1658.800048828125,1659.5,1657.300048828125,1657.699951171875,8425
2025-12-29 09:55:00+05:30,1657.300048828125,1657.5999755859375,1654.5999755859375,1655.4000244140625,5642
2025-12-29 10:00:00+05:30,1655.0,1655.300048828125,1653.5,1653.5,8683
2025-12-29 10:05:00+05:30,1653.4000244140625,1653.4000244140625,1652.0,1653.199951171875,4630
2025-12-29 10:10:00+05:30,1653.5,1654.800048828125,1652.9000244140625,1653.199951171875,3945
2025-12-29 10:15:00+05:30,1653.0999755859375,1655.0,1652.699951171875,1652.699951171875,5595
2025-12-29 10:20:00+05:30,1652.5,1652.699951171875,1651.300048828125,1651.800048828125,5680
2025-12-29 10:25:00+05:30,1651.800048828125,1652.0999755859375,1650.5,1651.0999755859375,7159
2025-12-29 10:30:00+05:30,1651.5,1651.5,1647.800048828125,1648.699951171875,10038
2025-12-29 10:35:00+05:30,1648.5,1649.0999755859375,1646.9000244140625,1647.5,6344
2025-12-29 10:40:00+05:30,1647.4000244140625,1648.699951171875,1647.0,1648.0,4891
2025-12-29 10:45:00+05:30,1647.4000244140625,1648.0,1646.699951171875,1646.699951171875,12973
2025-12-29 10:50:00+05:30,1647.0,1647.0,1646.199951171875,1647.0,7537
2025-12-29 10:55:00+05:30,1647.0,1647.0999755859375,1645.5,1646.300048828125,72597
2025-12-29 11:00:00+05:30,1646.800048828125,1647.0,1644.0,1647.0,22795
2025-12-29 11:05:00+05:30,1647.0,1648.9000244140625,1645.199951171875,1648.9000244140625,37045
2025-12-29 11:10:00+05:30,1648.699951171875,1651.300048828125,1648.0,1651.0,49493
2025-12-29 11:15:00+05:30,1651.0,1651.199951171875,1649.5,1649.5,46284
2025-12-29 11:20:00+05:30,1649.0,1649.699951171875,1648.0999755859375,1649.0,8862
2025-12-29 11:25:00+05:30,1649.300048828125,1649.4000244140625,1648.800048828125,1649.300048828125,28874
2025-12-29 11:30:00+05:30,1649.300048828125,1649.300048828125,1647.5999755859375,1647.5999755859375,12616
2025-12-29 11:35:00+05:30,1647.699951171875,1648.0,1646.300048828125,1646.699951171875,6980
2025-12-29 11:40:00+05:30,1646.699951171875,1647.0,1645.5999755859375,1646.0,6197
2025-12-29 11:45:00+05:30,1645.5999755859375,1651.9000244140625,1645.5999755859375,1647.5,54976
2025-12-29 11:50:00+05:30,1647.5,1650.0999755859375,1647.5,1649.5999755859375,7492
2025-12-29 11:55:00+05:30,1649.300048828125,1650.5999755859375,1649.0,1649.0,48936
2025-12-29 12:00:00+05:30,1649.0,1652.0,1648.9000244140625,1650.0,42393
2025-12-29 12:05:00+05:30,1649.9000244140625,1650.0999755859375,1649.5999755859375,1650.0,12243
2025-12-29 12:10:00+05:30,1649.9000244140625,1653.0,1649.5999755859375,1650.9000244140625,55868
2025-12-29 12:15:00+05:30,1650.699951171875,1651.199951171875,1648.9000244140625,1649.9000244140625,15355
2025-12-29 12:20:00+05:30,1650.0,1650.0,1646.4000244140625,1647.699951171875,48653
2025-12-29 12:25:00+05:30,1647.300048828125,1649.300048828125,1647.0999755859375,1648.0999755859375,4421
2025-12-29 12:30:00+05:30,1648.0999755859375,1648.199951171875,1645.199951171875,1645.199951171875,39857
2025-12-29 12:35:00+05:30,1645.199951171875,1646.4000244140625,1644.699951171875,1644.9000244140625,5440
2025-12-29 12:40:00+05:30,1644.800048828125,1645.5999755859375,1644.5999755859375,1645.300048828125,5003
2025-12-29 12:45:00+05:30,1645.0,1645.199951171875,1644.0999755859375,1644.800048828125,4523
2025-12-29 12:50:00+05:30,1644.4000244140625,1644.9000244140625,1643.800048828125,1644.0999755859375,8744
2025-12-29 12:55:00+05:30,1644.0999755859375,1644.9000244140625,1642.9000244140625,1642.9000244140625,7532
2025-12-29 13:00:00+05:30,1642.5,1643.0999755859375,1642.0,1642.4000244140625,7212
2025-12-29 13:05:00+05:30,1642.4000244140625,1643.0,1641.699951171875,1642.4000244140625,4085
2025-12-29 13:10:00+05:30,1642.4000244140625,1643.5,1639.4000244140625,1639.4000244140625,13367
2025-12-29 13:15:00+05:30,1640.5,1640.5,1635.9000244140625,1639.5,144665
2025-12-29 13:20:00+05:30,1639.5,1639.5999755859375,1637.5,1638.300048828125,4860
2025-12-29 13:25:00+05:30,1638.0999755859375,1639.699951171875,1637.699951171875,1638.5999755859375,3855
2025-12-29 13:30:00+05:30,1638.4000244140625,1638.9000244140625,1637.0999755859375,1638.0,4456
2025-12-29 13:35:00+05:30,1637.800048828125,1638.5999755859375,1637.0,1637.0,4821
2025-12-29 13:40:00+05:30,1637.0999755859375,1638.0999755859375,1637.0,1637.699951171875,4417
2025-12-29 13:45:00+05:30,1637.5999755859375,1639.5,1637.4000244140625,1637.4000244140625,6866
2025-12-29 13:50:00+05:30,1637.4000244140625,1638.199951171875,1637.0999755859375,1637.300048828125,4558
2025-12-29 13:55:00+05:30,1636.800048828125,1636.9000244140625,1634.9000244140625,1636.300048828125,26134
2025-12-29 14:00:00+05:30,1636.300048828125,1637.0,1634.5,1635.0999755859375,16568
2025-12-29 14:05:00+05:30,1634.4000244140625,1635.199951171875,1632.199951171875,1632.5,35756
2025-12-29 14:10:00+05:30,1633.0,1634.0,1631.9000244140625,1632.0,28771
2025-12-29 14:15:00+05:30,1632.199951171875,1632.699951171875,1630.4000244140625,1631.0999755859375,48630
2025-12-29 14:20:00+05:30,1631.0,1633.300048828125,1630.300048828125,1633.300048828125,13655
2025-12-29 14:25:00+05:30,1633.5999755859375,1636.300048828125,1633.199951171875,1633.5999755859375,34658
2025-12-29 14:30:00+05:30,1633.5,1634.0,1632.199951171875,1632.699951171875,7866
2025-12-29 14:35:00+05:30,1632.199951171875,1632.199951171875,1630.199951171875,1630.199951171875,7957
2025-12-29 14:40:00+05:30,1630.4000244140625,1630.5,1627.300048828125,1628.0999755859375,13931
2025-12-29 14:45:00+05:30,1628.0999755859375,1628.5,1626.9000244140625,1627.699951171875,6394
2025-12-29 14:50:00+05:30,1627.699951171875,1628.0,1625.699951171875,1627.0,10375
2025-12-29 14:55:00+05:30,1626.5999755859375,1628.9000244140625,1626.0999755859375,1628.0999755859375,38264
2025-12-29 15:00:00+05:30,1628.5999755859375,1632.5999755859375,1628.199951171875,1631.5999755859375,40780
2025-12-29 15:05:00+05:30,1631.5999755859375,1633.5999755859375,1631.0999755859375,1633.0,47096
2025-12-29 15:10:00+05:30,1633.5,1633.5999755859375,1628.5,1628.9000244140625,26173
2025-12-29 15:15:00+05:30,1629.0999755859375,1630.0,1628.5999755859375,1629.4000244140625,22280
2025-12-29 15:20:00+05:30,1629.4000244140625,1630.0999755859375,1629.4000244140625,1629.699951171875,24795
2025-12-29 15:25:00+05:30,1630.0,1631.0,1628.699951171875,1631.0,26679
2025-12-30 09:20:00+05:30,1625.0,1625.0,1621.5,1621.5,19126
2025-12-30 09:25:00+05:30,1622.199951171875,1624.199951171875,1621.199951171875,1622.5,60288
2025-12-30 09:30:00+05:30,1622.699951171875,1623.9000244140625,1620.199951171875,1622.800048828125,16662
2025-12-30 09:35:00+05:30,1622.9000244140625,1625.5999755859375,1620.699951171875,1625.199951171875,17082
2025-12-30 09:40:00+05:30,1625.199951171875,1627.800048828125,1624.0,1625.699951171875,23244
2025-12-30 09:45:00+05:30,1625.9000244140625,1626.4000244140625,1621.5999755859375,1621.699951171875,7878
2025-12-30 09:50:00+05:30,1621.699951171875,1624.699951171875,1621.5999755859375,1623.4000244140625,9388
2025-12-30 09:55:00+05:30,1623.199951171875,1630.0,1623.0,1627.0,19670
2025-12-30 10:00:00+05:30,1627.0,1629.0,1626.699951171875,1628.9000244140625,8927
2025-12-30 10:05:00+05:30,1628.9000244140625,1630.0,1626.0999755859375,1627.0,35471
2025-12-30 10:10:00+05:30,1626.9000244140625,1627.300048828125,1626.199951171875,1626.5,4321
2025-12-30 10:15:00+05:30,1627.0,1628.300048828125,1626.300048828125,1627.800048828125,8580
2025-12-30 10:20:00+05:30,1627.699951171875,1629.5,1627.699951171875,1629.0,7028
2025-12-30 10:25:00+05:30,1629.199951171875,1635.5999755859375,1628.300048828125,1629.9000244140625,36776
2025-12-30 10:30:00+05:30,1629.9000244140625,1630.0,1628.0,1628.4000244140625,4220
2025-12-30 10:35:00+05:30,1627.5,1628.0,1624.699951171875,1624.9000244140625,10220
2025-12-30 10:40:00+05:30,1625.0,1625.4000244140625,1624.199951171875,1625.0,8574
2025-12-30 10:45:00+05:30,1625.199951171875,1625.699951171875,1624.0,1624.9000244140625,10261
2025-12-30 10:50:00+05:30,1624.699951171875,1625.5,1623.5999755859375,1625.0999755859375,14044
2025-12-30 10:55:00+05:30,1625.0,1625.9000244140625,1623.699951171875,1624.5999755859375,57308
2025-12-30 11:00:00+05:30,1624.5999755859375,1625.699951171875,1622.5999755859375,1625.0999755859375,68197
2025-12-30 11:05:00+05:30,1625.0999755859375,1631.5999755859375,1625.0999755859375,1629.4000244140625,37563
2025-12-30 11:10:00+05:30,1629.699951171875,1630.4000244140625,1627.5,1628.699951171875,23961
2025-12-30 11:15:00+05:30,1628.4000244140625,1631.4000244140625,1628.0,1630.0999755859375,24952
2025-12-30 11:20:00+05:30,1630.9000244140625,1634.0,1629.5,1631.5999755859375,22873
2025-12-30 11:25:00+05:30,1631.5,1633.0999755859375,1630.0999755859375,1630.300048828125,23504
2025-12-30 11:30:00+05:30,1630.300048828125,1631.5999755859375,1629.300048828125,1629.5,16098
2025-12-30 11:35:00+05:30,1629.4000244140625,1629.699951171875,1624.699951171875,1625.199951171875,20060
2025-12-30 11:40:00+05:30,1625.0999755859375,1626.199951171875,1624.800048828125,1625.4000244140625,8551
2025-12-30 11:45:00+05:30,1625.4000244140625,1627.800048828125,1625.199951171875,1627.0999755859375,9436
2025-12-30 11:50:00+05:30,1627.0,1628.4000244140625,1625.800048828125,1626.699951171875,17883
2025-12-30 11:55:00+05:30,1626.699951171875,1627.0,1625.9000244140625,1626.5999755859375,13090
2025-12-30 12:00:00+05:30,1626.5999755859375,1627.0,1623.0,1624.5,22154
2025-12-30 12:05:00+05:30,1624.5,1625.0,1624.0,1624.5999755859375,9444
2025-12-30 12:10:00+05:30,1624.699951171875,1625.0,1620.9000244140625,1621.0,24421
2025-12-30 12:15:00+05:30,1621.0,1621.199951171875,1617.199951171875,1618.5999755859375,25787
2025-12-30 12:20:00+05:30,1618.5999755859375,1619.0,1617.0,1617.5999755859375,9686
2025-12-30 12:25:00+05:30,1617.5999755859375,1619.5999755859375,1617.300048828125,1619.4000244140625,17564
2025-12-30 12:30:00+05:30,1620.0,1622.0,1619.800048828125,1621.0,40386
2025-12-30 12:35:00+05:30,1620.800048828125,1623.5999755859375,1620.5999755859375,1623.4000244140625,13727
2025-12-30 12:40:00+05:30,1623.0999755859375,1623.9000244140625,1621.9000244140625,1623.0999755859375,36857
2025-12-30 12:45:00+05:30,1623.0,1625.0,1623.0,1623.0,25252
2025-12-30 12:50:00+05:30,1623.300048828125,1625.0,1623.0,1623.5,55366
2025-12-30 12:55:00+05:30,1623.5,1624.699951171875,1623.0,1623.9000244140625,12381
2025-12-30 13:00:00+05:30,1624.5,1624.800048828125,1622.9000244140625,1624.300048828125,12657
2025-12-30 13:05:00+05:30,1624.4000244140625,1624.4000244140625,1622.0,1623.9000244140625,36297
2025-12-30 13:10:00+05:30,1623.5999755859375,1624.0,1622.9000244140625,1623.0,20136
2025-12-30 13:15:00+05:30,1623.0,1623.300048828125,1622.5,1622.699951171875,26145
2025-12-30 13:20:00+05:30,1622.699951171875,1626.4000244140625,1622.0999755859375,1625.0,28522
2025-12-30 13:25:00+05:30,1625.0,1625.800048828125,1623.5,1624.5999755859375,19517
2025-12-30 13:30:00+05:30,1624.5999755859375,1626.800048828125,1623.9000244140625,1625.0999755859375,21599
2025-12-30 13:35:00+05:30,1625.4000244140625,1625.5,1623.800048828125,1624.800048828125,13635
2025-12-30 13:40:00+05:30,1624.9000244140625,1627.5,1624.4000244140625,1625.9000244140625,18253
2025-12-30 13:45:00+05:30,1625.0999755859375,1628.699951171875,1625.0,1627.699951171875,41453
2025-12-30 13:50:00+05:30,1627.5999755859375,1627.9000244140625,1625.199951171875,1626.4000244140625,20181
2025-12-30 13:55:00+05:30,1626.5999755859375,1627.0,1625.5999755859375,1626.300048828125,8050
2025-12-30 14:00:00+05:30,1626.4000244140625,1626.4000244140625,1623.0,1625.699951171875,30847
2025-12-30 14:05:00+05:30,1625.5,1625.699951171875,1623.5,1623.5999755859375,24677
2025-12-30 14:10:00+05:30,1623.5999755859375,1624.5,1622.300048828125,1622.300048828125,20548
2025-12-30 14:15:00+05:30,1622.5,1623.5999755859375,1622.0999755859375,1622.5,27108
2025-12-30 14:20:00+05:30,1622.699951171875,1625.0999755859375,1621.5999755859375,1623.5,49832
2025-12-30 14:25:00+05:30,1623.800048828125,1624.199951171875,1622.9000244140625,1623.0999755859375,39831
2025-12-30 14:30:00+05:30,1623.199951171875,1625.0,1623.0,1624.5,19804
2025-12-30 14:35:00+05:30,1624.699951171875,1624.699951171875,1622.9000244140625,1624.0,23468
2025-12-30 14:40:00+05:30,1624.300048828125,1626.0999755859375,1623.5999755859375,1624.4000244140625,17313
2025-12-30 14:45:00+05:30,1624.5,1626.699951171875,1624.0,1626.0999755859375,23179
2025-12-30 14:50:00+05:30,1626.0999755859375,1626.9000244140625,1625.0,1625.0,19887
2025-12-30 14:55:00+05:30,1624.5999755859375,1624.5999755859375,1618.800048828125,1619.5,51737
2025-12-30 15:00:00+05:30,1619.5,1619.5,1611.300048828125,1616.5,370728
2025-12-30 15:05:00+05:30,1616.5,1618.0999755859375,1614.0999755859375,1616.5999755859375,387415
2025-12-30 15:10:00+05:30,1616.5999755859375,1617.300048828125,1613.699951171875,1614.5999755859375,301377
2025-12-30 15:15:00+05:30,1614.5,1616.0,1612.199951171875,1615.199951171875,309690
2025-12-30 15:20:00+05:30,1615.0,1616.0,1612.300048828125,1615.5,250305
2025-12-30 15:25:00+05:30,1615.5,1621.5,1615.199951171875,1615.199951171875,105691
2025-12-31 09:20:00+05:30,1623.300048828125,1624.5999755859375,1621.5999755859375,1624.0,9191
2025-12-31 09:25:00+05:30,1625.0,1625.0,1622.0,1624.199951171875,7462
2025-12-31 09:30:00+05:30,1624.300048828125,1624.300048828125,1618.5,1618.5,9136
2025-12-31 09:35:00+05:30,1619.699951171875,1621.0999755859375,1616.800048828125,1621.0999755859375,7406
2025-12-31 09:40:00+05:30,1620.5999755859375,1622.800048828125,1619.0999755859375,1621.199951171875,8264
2025-12-31 09:45:00+05:30,1621.199951171875,1622.800048828125,1620.5,1622.4000244140625,5246
2025-12-31 09:50:00+05:30,1622.0999755859375,1622.699951171875,1621.0,1621.699951171875,6247
2025-12-31 09:55:00+05:30,1621.0,1622.0,1620.5,1621.5,4494
2025-12-31 10:00:00+05:30,1622.199951171875,1624.0,1621.800048828125,1623.5,6863
2025-12-31 10:05:00+05:30,1623.5999755859375,1625.9000244140625,1622.5,1625.9000244140625,7812
2025-12-31 10:10:00+05:30,1625.5,1625.5,1620.0999755859375,1621.300048828125,11602
2025-12-31 10:15:00+05:30,1620.9000244140625,1623.9000244140625,1620.9000244140625,1623.9000244140625,3884
2025-12-31 10:20:00+05:30,1623.9000244140625,1623.9000244140625,1622.699951171875,1623.0999755859375,3018
2025-12-31 10:25:00+05:30,1623.300048828125,1624.699951171875,1622.800048828125,1623.800048828125,8188
2025-12-31 10:30:00+05:30,1623.800048828125,1625.0,1622.5,1624.4000244140625,7894
2025-12-31 10:35:00+05:30,1624.4000244140625,1624.5,1623.300048828125,1624.0,6314
2025-12-31 10:40:00+05:30,1624.0,1625.9000244140625,1623.5,1625.5,13123
2025-12-31 10:45:00+05:30,1625.5,1625.5,1623.0999755859375,1624.0,5278
2025-12-31 10:50:00+05:30,1623.699951171875,1624.0,1621.0999755859375,1621.0999755859375,3265
2025-12-31 10:55:00+05:30,1621.5999755859375,1622.300048828125,1620.5999755859375,1622.300048828125,3363
2025-12-31 11:00:00+05:30,1622.300048828125,1622.9000244140625,1621.199951171875,1622.0,3061
2025-12-31 11:05:00+05:30,1622.0,1622.0,1621.199951171875,1622.0,5148
2025-12-31 11:10:00+05:30,1622.0,1624.0,1622.0,1623.9000244140625,15497
2025-12-31 11:15:00+05:30,1623.9000244140625,1625.0,1623.9000244140625,1624.5999755859375,6738
2025-12-31 11:20:00+05:30,1624.5999755859375,1625.0,1624.5,1625.0,2153
2025-12-31 11:25:00+05:30,1624.699951171875,1625.0,1623.5999755859375,1624.0,3239
2025-12-31 11:30:00+05:30,1624.0,1624.199951171875,1623.0,1623.699951171875,2965
2025-12-31 11:35:00+05:30,1623.5,1624.9000244140625,1623.5,1624.4000244140625,4513
2025-12-31 11:40:00+05:30,1624.9000244140625,1625.0,1623.5,1623.5,2886
2025-12-31 11:45:00+05:30,1624.0999755859375,1624.0999755859375,1620.5,1620.9000244140625,21688
2025-12-31 11:50:00+05:30,1621.0999755859375,1621.0999755859375,1617.4000244140625,1618.0999755859375,29618
2025-12-31 11:55:00+05:30,1618.0,1621.0,1617.4000244140625,1621.0,64431
2025-12-31 12:00:00+05:30,1620.5,1623.0,1619.5,1622.699951171875,22879
2025-12-31 12:05:00+05:30,1623.0,1623.0,1621.199951171875,1622.699951171875,32502
2025-12-31 12:10:00+05:30,1623.0,1623.300048828125,1622.800048828125,1623.0,8956
2025-12-31 12:15:00+05:30,1623.300048828125,1623.4000244140625,1622.9000244140625,1623.0,23799
2025-12-31 12:20:00+05:30,1623.0,1623.0999755859375,1621.300048828125,1622.0,47775
2025-12-31 12:25:00+05:30,1621.199951171875,1624.4000244140625,1621.0999755859375,1624.0,27850
2025-12-31 12:30:00+05:30,1623.800048828125,1624.9000244140625,1623.4000244140625,1624.4000244140625,5947
2025-12-31 12:35:00+05:30,1623.699951171875,1624.5,1623.0,1623.4000244140625,4239
2025-12-31 12:40:00+05:30,1623.4000244140625,1624.5,1623.0,1624.5,4225
2025-12-31 12:45:00+05:30,1624.199951171875,1625.0,1623.800048828125,1625.0,3906
2025-12-31 12:50:00+05:30,1624.9000244140625,1625.5,1623.4000244140625,1625.5,16625
2025-12-31 12:55:00+05:30,1625.0999755859375,1630.0,1625.0999755859375,1628.800048828125,40276
2025-12-31 13:00:00+05:30,1628.800048828125,1630.4000244140625,1628.5999755859375,1629.199951171875,9329
2025-12-31 13:05:00+05:30,1629.0,1629.300048828125,1627.800048828125,1628.699951171875,4731
2025-12-31 13:10:00+05:30,1629.699951171875,1630.5999755859375,1629.0,1629.0,7546
2025-12-31 13:15:00+05:30,1629.4000244140625,1629.4000244140625,1626.5999755859375,1626.9000244140625,13032
2025-12-31 13:20:00+05:30,1627.300048828125,1627.5,1626.5999755859375,1626.699951171875,2785
2025-12-31 13:25:00+05:30,1626.699951171875,1628.4000244140625,1626.699951171875,1628.300048828125,3174
2025-12-31 13:30:00+05:30,1628.300048828125,1628.300048828125,1625.199951171875,1626.4000244140625,15230
2025-12-31 13:35:00+05:30,1626.199951171875,1626.300048828125,1622.5,1624.0999755859375,35016
2025-12-31 13:40:00+05:30,1624.199951171875,1624.199951171875,1622.0,1623.0999755859375,20037
2025-12-31 13:45:00+05:30,1623.0999755859375,1624.699951171875,1622.5,1624.699951171875,11325
2025-12-31 13:50:00+05:30,1624.699951171875,1625.9000244140625,1624.699951171875,1625.0,4415
2025-12-31 13:55:00+05:30,1625.300048828125,1627.800048828125,1624.699951171875,1626.800048828125,16260
2025-12-31 14:00:00+05:30,1626.800048828125,1627.5999755859375,1626.300048828125,1627.5,3129
2025-12-31 14:05:00+05:30,1627.0999755859375,1629.0,1627.0999755859375,1628.9000244140625,2534
2025-12-31 14:10:00+05:30,1628.9000244140625,1630.0,1628.0,1629.5,9351
2025-12-31 14:15:00+05:30,1629.5999755859375,1629.9000244140625,1629.0,1629.800048828125,3513
2025-12-31 14:20:00+05:30,1629.800048828125,1631.5,1629.300048828125,1630.4000244140625,27522
2025-12-31 14:25:00+05:30,1630.0999755859375,1631.0,1626.0999755859375,1626.0999755859375,11774
2025-12-31 14:30:00+05:30,1627.4000244140625,1629.5999755859375,1626.699951171875,1627.5999755859375,41148
2025-12-31 14:35:00+05:30,1627.5999755859375,1627.9000244140625,1624.300048828125,1625.0,25521
2025-12-31 14:40:00+05:30,1626.0999755859375,1629.0,1624.800048828125,1628.0,64008
2025-12-31 14:45:00+05:30,1627.9000244140625,1629.4000244140625,1626.5999755859375,1628.699951171875,23659
2025-12-31 14:50:00+05:30,1628.5,1628.800048828125,1627.0,1628.5,13523
2025-12-31 14:55:00+05:30,1628.199951171875,1630.0,1628.0999755859375,1629.0,34659
2025-12-31 15:00:00+05:30,1629.0,1629.0,1627.0,1628.0999755859375,47982
2025-12-31 15:05:00+05:30,1628.0999755859375,1629.0999755859375,1623.5999755859375,1623.9000244140625,64319
2025-12-31 15:10:00+05:30,1623.800048828125,1623.9000244140625,1620.699951171875,1621.199951171875,66106
2025-12-31 15:15:00+05:30,1621.300048828125,1622.800048828125,1621.300048828125,1622.199951171875,72778
2025-12-31 15:20:00+05:30,1622.199951171875,1622.9000244140625,1621.0,1621.800048828125,77884
2025-12-31 15:25:00+05:30,1621.800048828125,1623.300048828125,1621.0,1622.300048828125,71294
2026-01-01 09:20:00+05:30,1625.800048828125,1625.800048828125,1622.199951171875,1624.5999755859375,5481
2026-01-01 09:25:00+05:30,1624.5999755859375,1626.199951171875,1623.800048828125,1626.0,8569
2026-01-01 09:30:00+05:30,1624.300048828125,1624.300048828125,1620.0,1620.0999755859375,10662
2026-01-01 09:35:00+05:30,1620.800048828125,1620.800048828125,1618.4000244140625,1620.199951171875,4842
2026-01-01 09:40:00+05:30,1620.199951171875,1620.4000244140625,1619.0,1620.4000244140625,4781
2026-01-01 09:45:00+05:30,1620.5,1625.0,1619.300048828125,1624.9000244140625,4327
2026-01-01 09:50:00+05:30,1624.9000244140625,1626.9000244140625,1624.0,1626.800048828125,8777
2026-01-01 09:55:00+05:30,1626.9000244140625,1627.300048828125,1624.9000244140625,1625.5999755859375,5474
2026-01-01 10:00:00+05:30,1625.800048828125,1627.0999755859375,1625.199951171875,1625.5,5190
2026-01-01 10:05:00+05:30,1625.5,1626.9000244140625,1625.0999755859375,1626.0999755859375,1517
2026-01-01 10:10:00+05:30,1625.5999755859375,1627.0999755859375,1625.5,1626.699951171875,3828
2026-01-01 10:15:00+05:30,1626.699951171875,1628.4000244140625,1625.5999755859375,1626.5,9426
2026-01-01 10:20:00+05:30,1626.4000244140625,1626.5999755859375,1625.0999755859375,1626.5999755859375,3500
2026-01-01 10:25:00+05:30,1626.5999755859375,1628.5,1626.4000244140625,1628.5,2784
2026-01-01 10:30:00+05:30,1628.5,1629.5,1628.0,1629.5,3256
2026-01-01 10:35:00+05:30,1629.0,1630.4000244140625,1629.0,1629.5999755859375,2306
2026-01-01 10:40:00+05:30,1629.0999755859375,1630.0,1628.699951171875,1629.9000244140625,2615
2026-01-01 10:45:00+05:30,1629.9000244140625,1635.0,1629.0,1633.800048828125,47948
2026-01-01 10:50:00+05:30,1633.800048828125,1635.0,1633.699951171875,1634.699951171875,5913
2026-01-01 10:55:00+05:30,1634.699951171875,1635.0999755859375,1632.9000244140625,1633.699951171875,6709
2026-01-01 11:00:00+05:30,1633.800048828125,1636.5,1633.0,1635.5,8821
2026-01-01 11:05:00+05:30,1635.9000244140625,1636.4000244140625,1635.0,1635.300048828125,3807
2026-01-01 11:10:00+05:30,1635.300048828125,1637.0,1635.0,1637.0,2919
2026-01-01 11:15:00+05:30,1637.0,1637.5999755859375,1636.5,1637.0,2065
2026-01-01 11:20:00+05:30,1637.0,1638.5999755859375,1636.699951171875,1637.800048828125,6366
2026-01-01 11:25:00+05:30,1638.0,1640.4000244140625,1637.5,1637.5999755859375,55467
2026-01-01 11:30:00+05:30,1637.9000244140625,1641.9000244140625,1637.0999755859375,1641.9000244140625,13342
2026-01-01 11:35:00+05:30,1641.699951171875,1644.0,1640.5999755859375,1643.5,13838
2026-01-01 11:40:00+05:30,1643.0,1644.5999755859375,1643.0,1644.0,12866
2026-01-01 11:45:00+05:30,1644.0,1644.9000244140625,1643.4000244140625,1643.4000244140625,5663
2026-01-01 11:50:00+05:30,1643.0,1644.300048828125,1642.0,1644.0999755859375,9032
2026-01-01 11:55:00+05:30,1644.0999755859375,1644.5,1643.199951171875,1644.0,5442
2026-01-01 12:00:00+05:30,1644.699951171875,1645.699951171875,1643.0,1643.5999755859375,6456
2026-01-01 12:05:00+05:30,1643.5999755859375,1644.699951171875,1642.9000244140625,1644.199951171875,3978
2026-01-01 12:10:00+05:30,1644.0999755859375,1644.5,1643.0,1643.5,8772
2026-01-01 12:15:00+05:30,1643.4000244140625,1643.699951171875,1642.0,1642.699951171875,3883
2026-01-01 12:20:00+05:30,1643.0,1643.0,1641.199951171875,1642.199951171875,4316
2026-01-01 12:25:00+05:30,1642.199951171875,1643.4000244140625,1641.4000244140625,1641.9000244140625,9190
2026-01-01 12:30:00+05:30,1642.0,1642.5,1640.4000244140625,1641.699951171875,6271
2026-01-01 12:35:00+05:30,1641.800048828125,1642.300048828125,1640.199951171875,1641.9000244140625,6987
2026-01-01 12:40:00+05:30,1641.9000244140625,1642.5,1641.0999755859375,1642.199951171875,2970
2026-01-01 12:45:00+05:30,1642.199951171875,1642.699951171875,1641.0,1642.300048828125,3920
2026-01-01 12:50:00+05:30,1642.4000244140625,1642.699951171875,1641.199951171875,1641.800048828125,3286
2026-01-01 12:55:00+05:30,1641.9000244140625,1642.800048828125,1641.0,1642.699951171875,2107
2026-01-01 13:00:00+05:30,1642.699951171875,1643.5,1641.5999755859375,1642.9000244140625,4064
2026-01-01 13:05:00+05:30,1643.0,1643.199951171875,1642.199951171875,1642.5999755859375,3467
2026-01-01 13:10:00+05:30,1642.5,1643.0999755859375,1640.9000244140625,1642.300048828125,3351
2026-01-01 13:15:00+05:30,1642.699951171875,1643.300048828125,1642.0999755859375,1642.9000244140625,1447
2026-01-01 13:20:00+05:30,1642.800048828125,1642.9000244140625,1641.300048828125,1641.9000244140625,4635
2026-01-01 13:25:00+05:30,1641.9000244140625,1642.300048828125,1641.5999755859375,1641.9000244140625,1878
2026-01-01 13:30:00+05:30,1642.0,1642.800048828125,1641.0,1641.199951171875,5231
2026-01-01 13:35:00+05:30,1641.0999755859375,1641.300048828125,1640.4000244140625,1640.9000244140625,3937
2026-01-01 13:40:00+05:30,1640.9000244140625,1641.699951171875,1640.0,1641.699951171875,5152
2026-01-01 13:45:00+05:30,1641.5,1641.5,1640.0,1640.5,5647
2026-01-01 13:50:00+05:30,1640.4000244140625,1641.5999755859375,1639.5,1639.5999755859375,32758
2026-01-01 13:55:00+05:30,1639.800048828125,1641.5,1639.699951171875,1641.5,5395
2026-01-01 14:00:00+05:30,1641.300048828125,1642.5999755859375,1641.0,1642.5,5512
2026-01-01 14:05:00+05:30,1642.0999755859375,1642.300048828125,1641.4000244140625,1642.300048828125,3469
2026-01-01 14:10:00+05:30,1642.300048828125,1643.5999755859375,1641.4000244140625,1642.800048828125,5290
2026-01-01 14:15:00+05:30,1642.800048828125,1643.699951171875,1641.699951171875,1643.5999755859375,5673
2026-01-01 14:20:00+05:30,1643.199951171875,1643.5999755859375,1642.4000244140625,1643.4000244140625,13093
2026-01-01 14:25:00+05:30,1643.300048828125,1643.5,1642.5,1643.300048828125,3631
2026-01-01 14:30:00+05:30,1643.199951171875,1643.5,1642.199951171875,1643.5,5276
2026-01-01 14:35:00+05:30,1643.4000244140625,1643.9000244140625,1643.0999755859375,1643.9000244140625,3284
2026-01-01 14:40:00+05:30,1643.9000244140625,1645.0,1643.300048828125,1644.199951171875,10504
2026-01-01 14:45:00+05:30,1643.9000244140625,1645.4000244140625,1643.300048828125,1645.4000244140625,12707
2026-01-01 14:50:00+05:30,1645.4000244140625,1645.4000244140625,1642.800048828125,1643.800048828125,6334
2026-01-01 14:55:00+05:30,1642.9000244140625,1643.9000244140625,1641.5,1641.699951171875,7731
2026-01-01 15:00:00+05:30,1641.699951171875,1642.0999755859375,1637.0999755859375,1637.800048828125,41367
2026-01-01 15:05:00+05:30,1637.5,1638.699951171875,1636.5999755859375,1636.5999755859375,7614
2026-01-01 15:10:00+05:30,1636.5999755859375,1637.9000244140625,1632.5999755859375,1633.5999755859375,28809
2026-01-01 15:15:00+05:30,1634.0,1634.300048828125,1632.5,1633.4000244140625,45539
2026-01-01 15:20:00+05:30,1632.699951171875,1633.699951171875,1631.5999755859375,1631.9000244140625,82055
2026-01-01 15:25:00+05:30,1632.800048828125,1634.0,1631.0999755859375,1631.0999755859375,37408
2026-01-02 09:20:00+05:30,1632.800048828125,1633.0,1627.0,1630.0,35922
2026-01-02 09:25:00+05:30,1629.5999755859375,1632.0999755859375,1629.300048828125,1631.5,22326
2026-01-02 09:30:00+05:30,1632.5999755859375,1632.5999755859375,1627.5,1629.4000244140625,17446
2026-01-02 09:35:00+05:30,1629.5,1631.800048828125,1629.0,1630.0,23706
2026-01-02 09:40:00+05:30,1629.5999755859375,1632.5,1629.5,1631.5999755859375,9130
2026-01-02 09:45:00+05:30,1631.5999755859375,1635.199951171875,1631.5,1633.300048828125,19809
2026-01-02 09:50:00+05:30,1633.300048828125,1636.300048828125,1632.699951171875,1636.300048828125,18534
2026-01-02 09:55:00+05:30,1636.199951171875,1636.199951171875,1632.199951171875,1632.5,23460
2026-01-02 10:00:00+05:30,1632.699951171875,1634.199951171875,1630.300048828125,1631.199951171875,26095
2026-01-02 10:05:00+05:30,1631.199951171875,1632.199951171875,1630.300048828125,1630.300048828125,15128
2026-01-02 10:10:00+05:30,1630.5,1631.5,1629.5999755859375,1630.5999755859375,23532
2026-01-02 10:15:00+05:30,1630.5999755859375,1635.5,1630.0,1634.199951171875,27733
2026-01-02 10:20:00+05:30,1634.300048828125,1634.800048828125,1632.5,1634.199951171875,5635
2026-01-02 10:25:00+05:30,1634.5999755859375,1636.0,1634.0,1634.800048828125,10288
2026-01-02 10:30:00+05:30,1634.800048828125,1636.5999755859375,1630.5,1631.199951171875,10807
2026-01-02 10:35:00+05:30,1631.199951171875,1633.5999755859375,1631.0999755859375,1633.300048828125,9191
2026-01-02 10:40:00+05:30,1633.300048828125,1634.199951171875,1632.300048828125,1633.0999755859375,14389
2026-01-02 10:45:00+05:30,1633.300048828125,1636.4000244140625,1633.0999755859375,1636.4000244140625,53595
2026-01-02 10:50:00+05:30,1636.300048828125,1636.800048828125,1636.0,1636.0,6844
2026-01-02 10:55:00+05:30,1636.5,1637.4000244140625,1634.199951171875,1636.199951171875,15825
2026-01-02 11:00:00+05:30,1636.800048828125,1637.9000244140625,1636.0,1636.5999755859375,11282
2026-01-02 11:05:00+05:30,1636.199951171875,1638.0,1636.0,1638.0,8298
2026-01-02 11:10:00+05:30,1638.4000244140625,1640.9000244140625,1637.5,1640.5,8065
2026-01-02 11:15:00+05:30,1640.5,1641.9000244140625,1640.0,1641.5,5626
2026-01-02 11:20:00+05:30,1641.5,1641.800048828125,1639.800048828125,1640.699951171875,9074
2026-01-02 11:25:00+05:30,1640.699951171875,1642.0999755859375,1639.9000244140625,1642.0,11846
2026-01-02 11:30:00+05:30,1641.9000244140625,1642.4000244140625,1640.9000244140625,1642.0,8347
2026-01-02 11:35:00+05:30,1641.5,1642.199951171875,1640.699951171875,1641.0999755859375,6364
2026-01-02 11:40:00+05:30,1640.199951171875,1640.5999755859375,1638.800048828125,1639.4000244140625,10430
2026-01-02 11:45:00+05:30,1639.9000244140625,1639.9000244140625,1638.5999755859375,1639.5999755859375,7959
2026-01-02 11:50:00+05:30,1639.4000244140625,1639.9000244140625,1638.5999755859375,1638.5999755859375,6280
2026-01-02 11:55:00+05:30,1638.800048828125,1639.800048828125,1637.300048828125,1638.5999755859375,6259
2026-01-02 12:00:00+05:30,1638.199951171875,1639.5999755859375,1637.699951171875,1639.5999755859375,6222
2026-01-02 12:05:00+05:30,1639.199951171875,1639.199951171875,1637.4000244140625,1637.699951171875,6211
2026-01-02 12:10:00+05:30,1637.4000244140625,1638.5,1636.5999755859375,1636.800048828125,7169
2026-01-02 12:15:00+05:30,1636.699951171875,1638.0,1636.199951171875,1636.699951171875,6360
2026-01-02 12:20:00+05:30,1636.199951171875,1638.699951171875,1636.0,1637.5999755859375,9037
2026-01-02 12:25:00+05:30,1637.800048828125,1639.300048828125,1637.0999755859375,1639.0,6647
2026-01-02 12:30:00+05:30,1639.0,1641.199951171875,1638.800048828125,1640.199951171875,8405
2026-01-02 12:35:00+05:30,1640.0,1641.199951171875,1640.0,1640.9000244140625,4605
2026-01-02 12:40:00+05:30,1640.9000244140625,1641.300048828125,1640.0,1640.5,6678
2026-01-02 12:45:00+05:30,1640.5,1642.199951171875,1640.0,1641.0,11368
2026-01-02 12:50:00+05:30,1641.0,1641.300048828125,1640.5,1641.0999755859375,3359
2026-01-02 12:55:00+05:30,1641.0999755859375,1641.4000244140625,1640.300048828125,1641.0,4913
2026-01-02 13:00:00+05:30,1641.0,1642.9000244140625,1641.0,1642.9000244140625,3951
2026-01-02 13:05:00+05:30,1642.9000244140625,1643.0,1640.0,1640.300048828125,5473
2026-01-02 13:10:00+05:30,1640.300048828125,1640.9000244140625,1640.0,1640.800048828125,6500
2026-01-02 13:15:00+05:30,1640.300048828125,1641.300048828125,1640.0999755859375,1640.699951171875,5402
2026-01-02 13:20:00+05:30,1640.0999755859375,1640.699951171875,1640.0,1640.4000244140625,7676
2026-01-02 13:25:00+05:30,1640.4000244140625,1640.5,1638.5,1639.199951171875,6742
2026-01-02 13:30:00+05:30,1639.199951171875,1640.5999755859375,1638.9000244140625,1640.5999755859375,7398
2026-01-02 13:35:00+05:30,1640.699951171875,1640.699951171875,1638.199951171875,1638.9000244140625,7133
2026-01-02 13:40:00+05:30,1638.9000244140625,1640.0,1638.199951171875,1639.5999755859375,4417
2026-01-02 13:45:00+05:30,1639.800048828125,1639.800048828125,1638.199951171875,1638.4000244140625,6467
2026-01-02 13:50:00+05:30,1638.5999755859375,1640.0,1638.5999755859375,1639.9000244140625,3867
2026-01-02 13:55:00+05:30,1640.0,1640.0999755859375,1639.0999755859375,1639.5999755859375,3157
2026-01-02 14:00:00+05:30,1639.699951171875,1640.300048828125,1639.0999755859375,1639.9000244140625,3919
2026-01-02 14:05:00+05:30,1639.800048828125,1640.300048828125,1639.199951171875,1640.0,4319
2026-01-02 14:10:00+05:30,1640.0,1640.300048828125,1637.199951171875,1637.5,8860
2026-01-02 14:15:00+05:30,1637.5,1639.0999755859375,1636.9000244140625,1638.699951171875,6570
2026-01-02 14:20:00+05:30,1638.800048828125,1639.300048828125,1637.699951171875,1638.800048828125,6852
2026-01-02 14:25:00+05:30,1638.800048828125,1639.199951171875,1638.0,1638.800048828125,3907
2026-01-02 14:30:00+05:30,1638.699951171875,1638.800048828125,1636.300048828125,1636.5,9047
2026-01-02 14:35:00+05:30,1637.199951171875,1637.199951171875,1635.300048828125,1636.0,11276
2026-01-02 14:40:00+05:30,1635.9000244140625,1637.4000244140625,1635.5,1636.5999755859375,6130
2026-01-02 14:45:00+05:30,1636.5,1638.0,1635.5,1638.0,9316
2026-01-02 14:50:00+05:30,1638.199951171875,1639.0999755859375,1637.5999755859375,1638.5999755859375,6634
2026-01-02 14:55:00+05:30,1638.9000244140625,1638.9000244140625,1637.0,1638.699951171875,12074
2026-01-02 15:00:00+05:30,1638.300048828125,1640.0,1638.300048828125,1639.9000244140625,27109
2026-01-02 15:05:00+05:30,1639.9000244140625,1641.300048828125,1639.300048828125,1640.699951171875,24181
2026-01-02 15:10:00+05:30,1641.0,1641.699951171875,1641.0,1641.699951171875,23711
2026-01-02 15:15:00+05:30,1641.0999755859375,1641.199951171875,1639.0999755859375,1639.5,32437
2026-01-02 15:20:00+05:30,1639.5999755859375,1640.300048828125,1638.0999755859375,1639.4000244140625,48367
2026-01-02 15:25:00+05:30,1638.9000244140625,1643.0,1638.9000244140625,1640.0,35166
2026-01-05 09:20:00+05:30,1610.199951171875,1611.800048828125,1602.0,1604.9000244140625,108646
2026-01-05 09:25:00+05:30,1604.0999755859375,1605.699951171875,1595.199951171875,1596.300048828125,87523
2026-01-05 09:30:00+05:30,1596.199951171875,1597.300048828125,1589.300048828125,1591.199951171875,98077
2026-01-05 09:35:00+05:30,1590.699951171875,1594.0,1587.5,1588.5999755859375,59217
2026-01-05 09:40:00+05:30,1588.0,1596.9000244140625,1588.0,1596.699951171875,59435
2026-01-05 09:45:00+05:30,1596.800048828125,1596.9000244140625,1589.800048828125,1591.300048828125,42797
2026-01-05 09:50:00+05:30,1591.300048828125,1593.4000244140625,1583.5999755859375,1589.5,91952
2026-01-05 09:55:00+05:30,1589.4000244140625,1589.9000244140625,1580.699951171875,1582.699951171875,118044
2026-01-05 10:00:00+05:30,1582.699951171875,1589.300048828125,1582.5,1586.800048828125,82771
2026-01-05 10:05:00+05:30,1587.4000244140625,1596.800048828125,1585.699951171875,1596.4000244140625,49784
2026-01-05 10:10:00+05:30,1596.0,1601.5,1594.5,1599.699951171875,76561
2026-01-05 10:15:00+05:30,1599.699951171875,1599.699951171875,1595.300048828125,1598.800048828125,27250
2026-01-05 10:20:00+05:30,1598.9000244140625,1602.199951171875,1598.300048828125,1601.0999755859375,37484
2026-01-05 10:25:00+05:30,1601.5,1603.4000244140625,1600.699951171875,1601.5,22354
2026-01-05 10:30:00+05:30,1601.5,1603.0,1600.699951171875,1603.0,11527
2026-01-05 10:35:00+05:30,1603.0,1604.800048828125,1602.699951171875,1603.800048828125,28756
2026-01-05 10:40:00+05:30,1603.800048828125,1605.300048828125,1601.0999755859375,1604.199951171875,55882
2026-01-05 10:45:00+05:30,1603.699951171875,1606.0,1600.300048828125,1602.0,52321
2026-01-05 10:50:00+05:30,1602.0,1604.800048828125,1601.699951171875,1602.0,88413
2026-01-05 10:55:00+05:30,1602.0,1602.5999755859375,1600.5,1601.300048828125,75455
2026-01-05 11:00:00+05:30,1600.9000244140625,1602.0,1600.0,1600.199951171875,25884
2026-01-05 11:05:00+05:30,1600.699951171875,1603.0999755859375,1600.0,1601.4000244140625,41565
2026-01-05 11:10:00+05:30,1601.4000244140625,1604.0,1600.800048828125,1602.199951171875,67662
2026-01-05 11:15:00+05:30,1602.0,1602.699951171875,1600.5,1602.0,11752
2026-01-05 11:20:00+05:30,1602.0999755859375,1604.0,1601.4000244140625,1602.0999755859375,47163
2026-01-05 11:25:00+05:30,1602.0999755859375,1603.4000244140625,1602.0999755859375,1603.0999755859375,22800
2026-01-05 11:30:00+05:30,1602.699951171875,1604.0,1601.9000244140625,1603.5,15956
2026-01-05 11:35:00+05:30,1603.5,1604.5999755859375,1602.300048828125,1602.5,60460
2026-01-05 11:40:00+05:30,1602.300048828125,1603.9000244140625,1601.800048828125,1602.5,53470
2026-01-05 11:45:00+05:30,1602.5,1603.199951171875,1602.0,1603.199951171875,16875
2026-01-05 11:50:00+05:30,1602.5999755859375,1604.5,1602.5,1603.800048828125,14272
2026-01-05 11:55:00+05:30,1603.300048828125,1605.199951171875,1603.199951171875,1605.199951171875,16221
2026-01-05 12:00:00+05:30,1604.300048828125,1605.300048828125,1603.0,1603.0,9989
2026-01-05 12:05:00+05:30,1603.0,1604.0999755859375,1602.300048828125,1603.699951171875,16813
2026-01-05 12:10:00+05:30,1604.0,1604.4000244140625,1603.0,1603.5,9692
2026-01-05 12:15:00+05:30,1603.699951171875,1609.5,1603.5,1608.199951171875,42409
2026-01-05 12:20:00+05:30,1608.0999755859375,1609.4000244140625,1607.9000244140625,1609.4000244140625,15858
2026-01-05 12:25:00+05:30,1609.199951171875,1609.5,1608.300048828125,1608.9000244140625,26638
2026-01-05 12:30:00+05:30,1608.9000244140625,1611.9000244140625,1608.9000244140625,1609.5,33263
2026-01-05 12:35:00+05:30,1609.199951171875,1610.300048828125,1608.699951171875,1609.4000244140625,20493
2026-01-05 12:40:00+05:30,1609.5999755859375,1610.300048828125,1608.699951171875,1610.0,14387
2026-01-05 12:45:00+05:30,1610.0,1610.9000244140625,1610.0,1610.4000244140625,20082
2026-01-05 12:50:00+05:30,1610.300048828125,1611.0999755859375,1610.199951171875,1610.199951171875,14936
2026-01-05 12:55:00+05:30,1610.300048828125,1610.5,1606.0,1606.9000244140625,91481
2026-01-05 13:00:00+05:30,1607.199951171875,1608.5999755859375,1604.699951171875,1606.0,73832
2026-01-05 13:05:00+05:30,1606.0,1607.300048828125,1604.699951171875,1604.699951171875,26238
2026-01-05 13:10:00+05:30,1605.0,1606.800048828125,1604.5,1606.0,15309
2026-01-05 13:15:00+05:30,1605.699951171875,1605.699951171875,1603.5,1604.0999755859375,13674
2026-01-05 13:20:00+05:30,1603.9000244140625,1609.5999755859375,1603.5,1608.0,20650
2026-01-05 13:25:00+05:30,1608.5,1609.0,1607.5999755859375,1608.300048828125,9435
2026-01-05 13:30:00+05:30,1608.4000244140625,1608.800048828125,1606.5,1607.4000244140625,7789
2026-01-05 13:35:00+05:30,1607.4000244140625,1608.5999755859375,1606.699951171875,1607.300048828125,13592
2026-01-05 13:40:00+05:30,1607.9000244140625,1611.0,1607.0,1610.800048828125,9808
2026-01-05 13:45:00+05:30,1610.800048828125,1610.9000244140625,1609.0,1609.699951171875,6417
2026-01-05 13:50:00+05:30,1609.800048828125,1610.5,1608.800048828125,1610.0,23130
2026-01-05 13:55:00+05:30,1609.5,1610.0,1608.0,1608.0,18497
2026-01-05 14:00:00+05:30,1608.5999755859375,1608.5999755859375,1604.0,1604.0,27614
2026-01-05 14:05:00+05:30,1604.0999755859375,1605.5999755859375,1603.4000244140625,1604.9000244140625,39838
2026-01-05 14:10:00+05:30,1605.199951171875,1606.0,1604.800048828125,1605.800048828125,23340
2026-01-05 14:15:00+05:30,1605.800048828125,1606.699951171875,1605.0,1605.199951171875,23134
2026-01-05 14:20:00+05:30,1605.0999755859375,1605.0999755859375,1603.0,1604.5,40218
2026-01-05 14:25:00+05:30,1604.5,1605.0,1603.0999755859375,1604.300048828125,20691
2026-01-05 14:30:00+05:30,1604.4000244140625,1606.0999755859375,1603.9000244140625,1605.9000244140625,18681
2026-01-05 14:35:00+05:30,1606.0,1606.0,1603.699951171875,1604.199951171875,18920
2026-01-05 14:40:00+05:30,1604.0,1605.699951171875,1603.5999755859375,1605.199951171875,26389
2026-01-05 14:45:00+05:30,1605.0999755859375,1607.5,1605.0,1606.800048828125,28487
2026-01-05 14:50:00+05:30,1607.199951171875,1609.199951171875,1605.9000244140625,1608.800048828125,53286
2026-01-05 14:55:00+05:30,1608.4000244140625,1610.0999755859375,1608.300048828125,1610.0999755859375,73582
2026-01-05 15:00:00+05:30,1610.300048828125,1610.9000244140625,1609.300048828125,1610.0,83917
2026-01-05 15:05:00+05:30,1609.699951171875,1610.5999755859375,1608.4000244140625,1608.5,89672
2026-01-05 15:10:00+05:30,1607.800048828125,1607.800048828125,1605.199951171875,1605.699951171875,65833
2026-01-05 15:15:00+05:30,1606.5,1607.9000244140625,1605.199951171875,1606.0999755859375,66172
2026-01-05 15:20:00+05:30,1606.0999755859375,1607.5999755859375,1605.0,1606.5999755859375,115504
2026-01-05 15:25:00+05:30,1606.4000244140625,1608.0999755859375,1605.0,1605.0999755859375,71727
2026-01-06 09:20:00+05:30,1614.199951171875,1615.0,1610.5999755859375,1613.9000244140625,18801
2026-01-06 09:25:00+05:30,1613.199951171875,1613.199951171875,1611.300048828125,1611.4000244140625,7144
2026-01-06 09:30:00+05:30,1611.0999755859375,1616.0999755859375,1610.5,1615.0999755859375,24196
2026-01-06 09:35:00+05:30,1615.300048828125,1615.5999755859375,1608.300048828125,1608.9000244140625,16011
2026-01-06 09:40:00+05:30,1608.9000244140625,1612.800048828125,1608.4000244140625,1612.800048828125,11811
2026-01-06 09:45:00+05:30,1613.5999755859375,1617.800048828125,1613.5999755859375,1617.800048828125,16846
2026-01-06 09:50:00+05:30,1617.300048828125,1619.0,1617.0999755859375,1619.0,23219
2026-01-06 09:55:00+05:30,1619.0,1622.0,1619.0,1622.0,20695
2026-01-06 10:00:00+05:30,1621.5,1623.5,1620.699951171875,1620.699951171875,18252
2026-01-06 10:05:00+05:30,1620.699951171875,1620.699951171875,1619.5,1619.9000244140625,14673
2026-01-06 10:10:00+05:30,1619.9000244140625,1620.4000244140625,1617.4000244140625,1618.300048828125,26338
2026-01-06 10:15:00+05:30,1618.0999755859375,1618.4000244140625,1616.0,1616.300048828125,7892
2026-01-06 10:20:00+05:30,1616.9000244140625,1617.199951171875,1614.699951171875,1615.800048828125,13292
2026-01-06 10:25:00+05:30,1615.800048828125,1616.5999755859375,1614.0,1615.300048828125,13942
2026-01-06 10:30:00+05:30,1615.300048828125,1617.9000244140625,1615.0,1617.5999755859375,18660
2026-01-06 10:35:00+05:30,1617.5999755859375,1617.5999755859375,1616.0,1616.5999755859375,7618
2026-01-06 10:40:00+05:30,1616.699951171875,1618.5,1616.199951171875,1618.0999755859375,7984
2026-01-06 10:45:00+05:30,1618.0,1619.800048828125,1617.699951171875,1619.0999755859375,18076
2026-01-06 10:50:00+05:30,1619.0,1620.5,1618.5999755859375,1620.300048828125,9267
2026-01-06 10:55:00+05:30,1620.4000244140625,1620.9000244140625,1617.800048828125,1619.0999755859375,11998
2026-01-06 11:00:00+05:30,1619.0999755859375,1621.800048828125,1619.0999755859375,1621.800048828125,11811
2026-01-06 11:05:00+05:30,1621.699951171875,1626.0,1620.5999755859375,1624.699951171875,36840
2026-01-06 11:10:00+05:30,1624.5,1626.0,1618.199951171875,1619.5,38226
2026-01-06 11:15:00+05:30,1619.5,1620.4000244140625,1618.4000244140625,1618.9000244140625,23733
2026-01-06 11:20:00+05:30,1618.199951171875,1619.699951171875,1615.4000244140625,1616.0,19105
2026-01-06 11:25:00+05:30,1615.9000244140625,1618.699951171875,1615.0,1617.9000244140625,82974
2026-01-06 11:30:00+05:30,1618.0,1622.0999755859375,1617.5,1621.5999755859375,32934
2026-01-06 11:35:00+05:30,1621.5999755859375,1621.5999755859375,1618.699951171875,1618.699951171875,28425
2026-01-06 11:40:00+05:30,1619.0999755859375,1619.0999755859375,1616.5999755859375,1617.300048828125,21769
2026-01-06 11:45:00+05:30,1617.5999755859375,1617.5999755859375,1614.800048828125,1615.300048828125,17091
2026-01-06 11:50:00+05:30,1615.0999755859375,1615.300048828125,1614.300048828125,1615.0,10842
2026-01-06 11:55:00+05:30,1615.0999755859375,1615.0999755859375,1613.0999755859375,1613.800048828125,17039
2026-01-06 12:00:00+05:30,1613.800048828125,1615.0,1612.199951171875,1612.800048828125,16058
2026-01-06 12:05:00+05:30,1614.0,1615.300048828125,1613.199951171875,1615.300048828125,20355
2026-01-06 12:10:00+05:30,1615.300048828125,1615.800048828125,1614.300048828125,1614.300048828125,65644
2026-01-06 12:15:00+05:30,1614.800048828125,1615.0,1613.800048828125,1614.5999755859375,16051
2026-01-06 12:20:00+05:30,1614.5999755859375,1617.0,1614.199951171875,1617.0,22775
2026-01-06 12:25:00+05:30,1616.800048828125,1617.0999755859375,1616.4000244140625,1617.0,9416
2026-01-06 12:30:00+05:30,1617.0,1618.0999755859375,1616.5,1618.0999755859375,13295
2026-01-06 12:35:00+05:30,1618.0999755859375,1618.300048828125,1617.5999755859375,1618.199951171875,9214
2026-01-06 12:40:00+05:30,1618.199951171875,1618.199951171875,1618.0,1618.0999755859375,8917
2026-01-06 12:45:00+05:30,1618.199951171875,1618.4000244140625,1616.4000244140625,1618.4000244140625,24584
2026-01-06 12:50:00+05:30,1618.5,1619.0999755859375,1618.4000244140625,1619.0,8366
2026-01-06 12:55:00+05:30,1619.0,1619.5999755859375,1618.0999755859375,1618.0999755859375,19341
2026-01-06 13:00:00+05:30,1618.0999755859375,1619.699951171875,1618.0999755859375,1619.300048828125,10741
2026-01-06 13:05:00+05:30,1619.300048828125,1620.9000244140625,1618.800048828125,1620.800048828125,20023
2026-01-06 13:10:00+05:30,1620.800048828125,1620.800048828125,1618.5,1620.0999755859375,30255
2026-01-06 13:15:00+05:30,1620.0999755859375,1620.0999755859375,1617.800048828125,1618.0,32616
2026-01-06 13:20:00+05:30,1618.0,1619.800048828125,1617.800048828125,1619.199951171875,15493
2026-01-06 13:25:00+05:30,1619.199951171875,1619.199951171875,1619.0,1619.0999755859375,16843
2026-01-06 13:30:00+05:30,1619.0999755859375,1619.0999755859375,1616.800048828125,1618.300048828125,63320
2026-01-06 13:35:00+05:30,1618.300048828125,1618.800048828125,1617.5999755859375,1618.0999755859375,7996
2026-01-06 13:40:00+05:30,1618.0999755859375,1619.5,1618.0999755859375,1619.0999755859375,31374
2026-01-06 13:45:00+05:30,1619.5,1619.5,1618.5,1618.800048828125,23670
2026-01-06 13:50:00+05:30,1618.800048828125,1618.9000244140625,1617.699951171875,1617.800048828125,7228
2026-01-06 13:55:00+05:30,1617.800048828125,1618.199951171875,1617.0,1618.199951171875,28052
2026-01-06 14:00:00+05:30,1618.4000244140625,1619.199951171875,1617.699951171875,1618.199951171875,27830
2026-01-06 14:05:00+05:30,1618.0999755859375,1618.0999755859375,1616.0,1616.5,40822
2026-01-06 14:10:00+05:30,1616.5,1616.5,1615.0,1615.0999755859375,12984
2026-01-06 14:15:00+05:30,1615.0999755859375,1617.4000244140625,1615.0,1616.5999755859375,13106
2026-01-06 14:20:00+05:30,1616.5999755859375,1617.699951171875,1616.4000244140625,1617.5999755859375,8524
2026-01-06 14:25:00+05:30,1617.5999755859375,1617.5999755859375,1616.699951171875,1617.199951171875,18360
2026-01-06 14:30:00+05:30,1617.199951171875,1618.0,1617.0999755859375,1617.300048828125,21883
2026-01-06 14:35:00+05:30,1617.300048828125,1617.5999755859375,1617.0999755859375,1617.300048828125,32682
2026-01-06 14:40:00+05:30,1617.5,1617.5,1614.0999755859375,1615.0,40354
2026-01-06 14:45:00+05:30,1614.5,1616.0999755859375,1614.0999755859375,1615.300048828125,111767
2026-01-06 14:50:00+05:30,1614.800048828125,1616.9000244140625,1614.800048828125,1616.0,27136
2026-01-06 14:55:00+05:30,1615.5,1616.0999755859375,1614.300048828125,1615.0,22925
2026-01-06 15:00:00+05:30,1616.4000244140625,1617.0,1615.4000244140625,1615.9000244140625,72079
2026-01-06 15:05:00+05:30,1615.9000244140625,1617.5999755859375,1615.699951171875,1617.4000244140625,61914
2026-01-06 15:10:00+05:30,1617.5,1618.0999755859375,1617.199951171875,1617.800048828125,81686
2026-01-06 15:15:00+05:30,1617.800048828125,1617.800048828125,1615.699951171875,1615.699951171875,74698
2026-01-06 15:20:00+05:30,1615.800048828125,1615.9000244140625,1615.0,1615.0,78990
2026-01-06 15:25:00+05:30,1615.0,1616.5999755859375,1615.0,1616.5999755859375,65012
2026-01-07 09:20:00+05:30,1630.4000244140625,1641.4000244140625,1629.5,1638.5999755859375,106647
2026-01-07 09:25:00+05:30,1638.300048828125,1638.9000244140625,1633.800048828125,1636.5999755859375,48646
2026-01-07 09:30:00+05:30,1637.199951171875,1637.199951171875,1630.0999755859375,1631.300048828125,58526
2026-01-07 09:35:00+05:30,1632.0,1637.199951171875,1631.800048828125,1632.0,138176
2026-01-07 09:40:00+05:30,1632.199951171875,1632.5,1622.0,1622.5,201303
2026-01-07 09:45:00+05:30,1622.5,1626.300048828125,1622.4000244140625,1625.4000244140625,65579
2026-01-07 09:50:00+05:30,1625.5999755859375,1626.800048828125,1622.5,1624.300048828125,43930
2026-01-07 09:55:00+05:30,1624.5999755859375,1624.800048828125,1619.4000244140625,1621.0,142594
2026-01-07 10:00:00+05:30,1621.0,1632.9000244140625,1620.0999755859375,1630.4000244140625,246293
2026-01-07 10:05:00+05:30,1630.5999755859375,1635.300048828125,1628.5,1634.4000244140625,147369
2026-01-07 10:10:00+05:30,1634.4000244140625,1641.5999755859375,1633.199951171875,1641.4000244140625,177910
2026-01-07 10:15:00+05:30,1641.9000244140625,1641.9000244140625,1635.300048828125,1635.699951171875,67289
2026-01-07 10:20:00+05:30,1635.800048828125,1644.5,1635.800048828125,1642.699951171875,52833
2026-01-07 10:25:00+05:30,1642.699951171875,1642.699951171875,1639.0,1640.9000244140625,17180
2026-01-07 10:30:00+05:30,1640.800048828125,1643.0,1639.9000244140625,1641.300048828125,37278
2026-01-07 10:35:00+05:30,1641.300048828125,1644.800048828125,1641.0,1643.4000244140625,31526
2026-01-07 10:40:00+05:30,1643.4000244140625,1645.199951171875,1640.0999755859375,1640.199951171875,46582
2026-01-07 10:45:00+05:30,1640.199951171875,1642.800048828125,1639.699951171875,1641.300048828125,33667
2026-01-07 10:50:00+05:30,1641.4000244140625,1643.5,1641.0,1642.300048828125,25177
2026-01-07 10:55:00+05:30,1642.0,1644.0,1640.0,1642.0,28686
2026-01-07 11:00:00+05:30,1642.0999755859375,1643.5,1641.4000244140625,1642.5,25145
2026-01-07 11:05:00+05:30,1642.5,1642.699951171875,1640.0,1640.5999755859375,11585
2026-01-07 11:10:00+05:30,1640.4000244140625,1642.5,1640.0,1640.300048828125,20367
2026-01-07 11:15:00+05:30,1640.5999755859375,1646.300048828125,1638.5,1645.4000244140625,36813
2026-01-07 11:20:00+05:30,1645.9000244140625,1646.0999755859375,1641.5,1642.5999755859375,16098
2026-01-07 11:25:00+05:30,1642.4000244140625,1648.0,1642.0999755859375,1645.4000244140625,28620
2026-01-07 11:30:00+05:30,1645.9000244140625,1647.4000244140625,1644.9000244140625,1646.0999755859375,20192
2026-01-07 11:35:00+05:30,1646.0999755859375,1646.800048828125,1644.0999755859375,1645.699951171875,15801
2026-01-07 11:40:00+05:30,1645.5999755859375,1646.699951171875,1645.5,1646.5999755859375,19390
2026-01-07 11:45:00+05:30,1646.5999755859375,1647.300048828125,1642.800048828125,1642.800048828125,38189
2026-01-07 11:50:00+05:30,1642.800048828125,1643.0999755859375,1638.199951171875,1640.0,84595
2026-01-07 11:55:00+05:30,1639.9000244140625,1640.4000244140625,1638.199951171875,1638.199951171875,23081
2026-01-07 12:00:00+05:30,1638.699951171875,1640.5,1638.300048828125,1640.300048828125,20096
2026-01-07 12:05:00+05:30,1640.4000244140625,1644.9000244140625,1640.300048828125,1644.0999755859375,31633
2026-01-07 12:10:00+05:30,1644.0999755859375,1645.4000244140625,1642.5999755859375,1644.300048828125,31685
2026-01-07 12:15:00+05:30,1644.300048828125,1645.199951171875,1643.9000244140625,1643.9000244140625,14409
2026-01-07 12:20:00+05:30,1643.800048828125,1646.199951171875,1643.199951171875,1645.199951171875,21930
2026-01-07 12:25:00+05:30,1645.0999755859375,1646.5999755859375,1645.0999755859375,1646.0999755859375,12803
2026-01-07 12:30:00+05:30,1646.0999755859375,1646.4000244140625,1644.699951171875,1645.0,8081
2026-01-07 12:35:00+05:30,1644.699951171875,1645.0999755859375,1643.4000244140625,1643.9000244140625,18216
2026-01-07 12:40:00+05:30,1643.9000244140625,1644.300048828125,1641.0,1641.0,11507
2026-01-07 12:45:00+05:30,1641.0,1642.699951171875,1638.0,1638.0,72569
2026-01-07 12:50:00+05:30,1638.0,1643.0,1638.0,1641.0,24769
2026-01-07 12:55:00+05:30,1641.0,1644.800048828125,1641.0,1642.300048828125,45932
2026-01-07 13:00:00+05:30,1642.4000244140625,1644.4000244140625,1642.4000244140625,1644.0,18451
2026-01-07 13:05:00+05:30,1644.199951171875,1646.9000244140625,1644.0999755859375,1645.5,27716
2026-01-07 13:10:00+05:30,1645.0999755859375,1646.0,1645.0,1645.5,23462
2026-01-07 13:15:00+05:30,1645.0,1645.800048828125,1645.0,1645.0,47114
2026-01-07 13:20:00+05:30,1645.0999755859375,1645.0999755859375,1642.0,1642.699951171875,35121
2026-01-07 13:25:00+05:30,1642.5,1643.199951171875,1642.0,1642.5999755859375,20927
2026-01-07 13:30:00+05:30,1642.699951171875,1643.199951171875,1641.5999755859375,1642.800048828125,39304
2026-01-07 13:35:00+05:30,1642.800048828125,1643.300048828125,1641.199951171875,1642.300048828125,57441
2026-01-07 13:40:00+05:30,1642.5999755859375,1645.300048828125,1642.199951171875,1644.5,17952
2026-01-07 13:45:00+05:30,1644.5,1645.0,1643.0999755859375,1643.5999755859375,12331
2026-01-07 13:50:00+05:30,1644.0,1645.0,1642.4000244140625,1643.699951171875,23409
2026-01-07 13:55:00+05:30,1643.699951171875,1644.199951171875,1642.199951171875,1642.800048828125,13752
2026-01-07 14:00:00+05:30,1642.9000244140625,1643.4000244140625,1642.300048828125,1642.5,12765
2026-01-07 14:05:00+05:30,1642.5,1643.800048828125,1642.0999755859375,1642.300048828125,20405
2026-01-07 14:10:00+05:30,1642.5999755859375,1646.0,1642.199951171875,1644.0,37936
2026-01-07 14:15:00+05:30,1644.199951171875,1644.4000244140625,1642.699951171875,1644.300048828125,27745
2026-01-07 14:20:00+05:30,1644.5,1644.5,1641.800048828125,1641.800048828125,16038
2026-01-07 14:25:00+05:30,1641.9000244140625,1642.5999755859375,1641.0,1641.0,50300
2026-01-07 14:30:00+05:30,1641.0,1641.699951171875,1639.0999755859375,1641.300048828125,95465
2026-01-07 14:35:00+05:30,1641.5,1644.5999755859375,1641.0999755859375,1644.199951171875,26457
2026-01-07 14:40:00+05:30,1644.4000244140625,1644.9000244140625,1642.9000244140625,1644.800048828125,28067
2026-01-07 14:45:00+05:30,1644.800048828125,1644.9000244140625,1643.4000244140625,1644.699951171875,24142
2026-01-07 14:50:00+05:30,1645.0999755859375,1651.800048828125,1645.0999755859375,1650.0,64989
2026-01-07 14:55:00+05:30,1650.0,1650.300048828125,1646.5,1646.9000244140625,38232
2026-01-07 15:00:00+05:30,1647.9000244140625,1649.0,1645.0999755859375,1647.0999755859375,60062
2026-01-07 15:05:00+05:30,1647.0999755859375,1648.9000244140625,1646.5999755859375,1648.9000244140625,67818
2026-01-07 15:10:00+05:30,1648.800048828125,1648.800048828125,1646.9000244140625,1647.199951171875,66567
2026-01-07 15:15:00+05:30,1647.0,1647.699951171875,1645.300048828125,1646.4000244140625,85274
2026-01-07 15:20:00+05:30,1646.4000244140625,1648.800048828125,1645.4000244140625,1648.0,128454
2026-01-07 15:25:00+05:30,1647.9000244140625,1654.5,1646.800048828125,1647.699951171875,116784
2026-01-08 09:20:00+05:30,1658.5999755859375,1659.0,1651.699951171875,1651.699951171875,17957
2026-01-08 09:25:00+05:30,1651.699951171875,1651.699951171875,1640.800048828125,1640.800048828125,29878
2026-01-08 09:30:00+05:30,1640.800048828125,1641.800048828125,1636.9000244140625,1636.9000244140625,32251
2026-01-08 09:35:00+05:30,1636.5,1646.4000244140625,1635.5999755859375,1644.300048828125,30940
2026-01-08 09:40:00+05:30,1644.5,1646.4000244140625,1643.199951171875,1644.5999755859375,17976
2026-01-08 09:45:00+05:30,1645.0,1645.0999755859375,1643.0999755859375,1643.9000244140625,9631
2026-01-08 09:50:00+05:30,1643.9000244140625,1648.9000244140625,1642.199951171875,1648.4000244140625,18469
2026-01-08 09:55:00+05:30,1648.199951171875,1648.4000244140625,1645.9000244140625,1647.199951171875,8326
2026-01-08 10:00:00+05:30,1647.5,1649.0,1645.9000244140625,1647.0,13579
2026-01-08 10:05:00+05:30,1647.0,1647.0999755859375,1643.0,1644.199951171875,8410
2026-01-08 10:10:00+05:30,1644.699951171875,1647.300048828125,1643.5999755859375,1646.9000244140625,8003
2026-01-08 10:15:00+05:30,1646.699951171875,1647.300048828125,1642.699951171875,1642.699951171875,9621
2026-01-08 10:20:00+05:30,1642.9000244140625,1644.4000244140625,1641.5999755859375,1644.199951171875,10646
2026-01-08 10:25:00+05:30,1644.0,1644.5,1641.0999755859375,1641.699951171875,8006
2026-01-08 10:30:00+05:30,1641.800048828125,1642.0999755859375,1639.0,1641.0,13821
2026-01-08 10:35:00+05:30,1640.699951171875,1641.5,1639.5,1641.4000244140625,12811
2026-01-08 10:40:00+05:30,1641.4000244140625,1644.199951171875,1640.800048828125,1643.199951171875,9319
2026-01-08 10:45:00+05:30,1643.4000244140625,1647.4000244140625,1643.4000244140625,1645.0,20500
2026-01-08 10:50:00+05:30,1645.199951171875,1650.0,1645.0,1649.699951171875,33700
2026-01-08 10:55:00+05:30,1649.699951171875,1652.0,1648.9000244140625,1650.5,28729
2026-01-08 11:00:00+05:30,1650.9000244140625,1651.5999755859375,1648.699951171875,1651.199951171875,37507
2026-01-08 11:05:00+05:30,1651.0999755859375,1651.699951171875,1649.199951171875,1651.0,70374
2026-01-08 11:10:00+05:30,1650.800048828125,1651.699951171875,1649.0999755859375,1649.800048828125,23363
2026-01-08 11:15:00+05:30,1649.699951171875,1653.5,1649.5,1653.300048828125,63562
2026-01-08 11:20:00+05:30,1653.199951171875,1654.4000244140625,1650.800048828125,1652.9000244140625,20831
2026-01-08 11:25:00+05:30,1652.9000244140625,1652.9000244140625,1647.4000244140625,1650.0999755859375,47169
2026-01-08 11:30:00+05:30,1650.0999755859375,1651.5,1650.0,1650.199951171875,6432
2026-01-08 11:35:00+05:30,1650.5,1651.4000244140625,1650.199951171875,1650.4000244140625,4488
2026-01-08 11:40:00+05:30,1650.5,1651.699951171875,1650.0,1650.5,8365
2026-01-08 11:45:00+05:30,1650.199951171875,1650.5,1645.0,1646.699951171875,122657
2026-01-08 11:50:00+05:30,1646.699951171875,1649.5,1645.0,1648.699951171875,8249
2026-01-08 11:55:00+05:30,1649.0,1649.699951171875,1646.699951171875,1647.9000244140625,33506
2026-01-08 12:00:00+05:30,1647.699951171875,1648.4000244140625,1644.4000244140625,1645.199951171875,35403
2026-01-08 12:05:00+05:30,1645.0999755859375,1650.5,1644.699951171875,1650.5,76967
2026-01-08 12:10:00+05:30,1650.4000244140625,1650.5,1648.5999755859375,1649.300048828125,38343
2026-01-08 12:15:00+05:30,1649.199951171875,1650.0,1648.300048828125,1649.300048828125,156195
2026-01-08 12:20:00+05:30,1649.300048828125,1650.0,1647.699951171875,1648.199951171875,187165
2026-01-08 12:25:00+05:30,1648.0,1655.4000244140625,1648.0,1653.0,109561
2026-01-08 12:30:00+05:30,1653.199951171875,1653.4000244140625,1648.4000244140625,1650.4000244140625,70529
2026-01-08 12:35:00+05:30,1650.0,1655.199951171875,1649.5999755859375,1654.9000244140625,147212
2026-01-08 12:40:00+05:30,1654.800048828125,1655.800048828125,1651.5,1654.5999755859375,35751
2026-01-08 12:45:00+05:30,1654.5999755859375,1654.699951171875,1651.9000244140625,1653.800048828125,16047
2026-01-08 12:50:00+05:30,1653.800048828125,1654.5999755859375,1652.699951171875,1652.800048828125,19678
2026-01-08 12:55:00+05:30,1653.0,1654.0,1652.699951171875,1652.9000244140625,32889
2026-01-08 13:00:00+05:30,1653.199951171875,1655.5,1652.699951171875,1655.0,49000
2026-01-08 13:05:00+05:30,1655.0,1655.199951171875,1653.5,1653.9000244140625,7537
2026-01-08 13:10:00+05:30,1654.0999755859375,1656.199951171875,1653.0,1655.0,38777
2026-01-08 13:15:00+05:30,1654.9000244140625,1655.5,1652.699951171875,1653.0,47834
2026-01-08 13:20:00+05:30,1653.0999755859375,1654.699951171875,1652.800048828125,1653.9000244140625,9405
2026-01-08 13:25:00+05:30,1653.9000244140625,1654.4000244140625,1652.800048828125,1654.0,15279
2026-01-08 13:30:00+05:30,1654.0999755859375,1654.0999755859375,1647.800048828125,1650.0,75275
2026-01-08 13:35:00+05:30,1650.800048828125,1650.9000244140625,1649.0,1649.800048828125,28997
2026-01-08 13:40:00+05:30,1649.800048828125,1650.5999755859375,1649.300048828125,1649.9000244140625,12876
2026-01-08 13:45:00+05:30,1650.199951171875,1656.9000244140625,1650.199951171875,1655.0999755859375,24763
2026-01-08 13:50:00+05:30,1654.800048828125,1655.5,1652.4000244140625,1652.4000244140625,7657
2026-01-08 13:55:00+05:30,1653.0,1657.699951171875,1652.699951171875,1657.0999755859375,33127
2026-01-08 14:00:00+05:30,1657.0999755859375,1659.300048828125,1654.4000244140625,1655.0,19816
2026-01-08 14:05:00+05:30,1655.4000244140625,1656.4000244140625,1652.5999755859375,1654.5,35858
2026-01-08 14:10:00+05:30,1654.4000244140625,1655.0,1652.5,1652.9000244140625,51058
2026-01-08 14:15:00+05:30,1652.9000244140625,1652.9000244140625,1647.0,1649.5,64472
2026-01-08 14:20:00+05:30,1649.4000244140625,1649.800048828125,1646.300048828125,1646.4000244140625,54409
2026-01-08 14:25:00+05:30,1647.800048828125,1647.800048828125,1643.4000244140625,1644.9000244140625,31304
2026-01-08 14:30:00+05:30,1645.0,1648.5,1644.0,1647.699951171875,41064
2026-01-08 14:35:00+05:30,1647.699951171875,1648.4000244140625,1647.0,1647.300048828125,6660
2026-01-08 14:40:00+05:30,1647.300048828125,1650.199951171875,1646.199951171875,1650.0,13042
2026-01-08 14:45:00+05:30,1650.4000244140625,1653.5,1649.0,1651.5,20412
2026-01-08 14:50:00+05:30,1651.699951171875,1653.800048828125,1649.300048828125,1651.5,36591
2026-01-08 14:55:00+05:30,1651.300048828125,1653.199951171875,1650.4000244140625,1650.9000244140625,121852
2026-01-08 15:00:00+05:30,1650.699951171875,1650.9000244140625,1646.300048828125,1647.5,64194
2026-01-08 15:05:00+05:30,1647.5999755859375,1653.5999755859375,1647.5999755859375,1652.0999755859375,56681
2026-01-08 15:10:00+05:30,1652.0,1652.5999755859375,1648.4000244140625,1649.9000244140625,77633
2026-01-08 15:15:00+05:30,1650.0,1650.0999755859375,1644.5,1644.9000244140625,110190
2026-01-08 15:20:00+05:30,1644.9000244140625,1645.699951171875,1644.699951171875,1644.699951171875,156383
2026-01-08 15:25:00+05:30,1644.699951171875,1645.0,1641.9000244140625,1643.0,166580
2026-01-09 09:20:00+05:30,1665.5999755859375,1672.0,1663.0,1664.0,86906
2026-01-09 09:25:00+05:30,1665.0,1665.0999755859375,1658.800048828125,1659.5999755859375,42109
2026-01-09 09:30:00+05:30,1659.300048828125,1668.5,1657.699951171875,1665.199951171875,72088
2026-01-09 09:35:00+05:30,1665.199951171875,1670.0,1664.0999755859375,1668.0,42361
2026-01-09 09:40:00+05:30,1668.5,1672.800048828125,1663.699951171875,1668.300048828125,63683
2026-01-09 09:45:00+05:30,1668.4000244140625,1673.199951171875,1667.5,1673.199951171875,43231
2026-01-09 09:50:00+05:30,1673.0999755859375,1673.9000244140625,1668.5,1671.5,45762
2026-01-09 09:55:00+05:30,1671.4000244140625,1672.9000244140625,1668.800048828125,1669.0,35418
2026-01-09 10:00:00+05:30,1669.300048828125,1670.4000244140625,1666.5999755859375,1666.800048828125,32074
2026-01-09 10:05:00+05:30,1666.9000244140625,1669.199951171875,1665.4000244140625,1667.800048828125,29585
2026-01-09 10:10:00+05:30,1668.0,1668.0,1664.800048828125,1665.0,26258
2026-01-09 10:15:00+05:30,1666.300048828125,1668.800048828125,1665.0,1668.800048828125,23838
2026-01-09 10:20:00+05:30,1668.0999755859375,1670.0,1665.0,1665.699951171875,24780
2026-01-09 10:25:00+05:30,1665.5999755859375,1667.300048828125,1663.5999755859375,1665.300048828125,28040
2026-01-09 10:30:00+05:30,1666.0999755859375,1666.5999755859375,1663.300048828125,1663.699951171875,29800
2026-01-09 10:35:00+05:30,1663.699951171875,1664.800048828125,1662.199951171875,1664.800048828125,25022
2026-01-09 10:40:00+05:30,1664.800048828125,1669.0,1664.5,1668.9000244140625,26383
2026-01-09 10:45:00+05:30,1668.9000244140625,1670.699951171875,1667.0999755859375,1667.699951171875,34093
2026-01-09 10:50:00+05:30,1667.699951171875,1668.800048828125,1667.0999755859375,1668.199951171875,18356
2026-01-09 10:55:00+05:30,1668.199951171875,1668.699951171875,1665.0999755859375,1666.800048828125,24430
2026-01-09 11:00:00+05:30,1666.5,1668.0,1664.800048828125,1667.4000244140625,79598
2026-01-09 11:05:00+05:30,1667.800048828125,1669.0,1667.4000244140625,1668.5,40705
2026-01-09 11:10:00+05:30,1668.5,1670.800048828125,1668.5,1669.0999755859375,75027
2026-01-09 11:15:00+05:30,1668.699951171875,1670.5,1667.5,1667.5,37362
2026-01-09 11:20:00+05:30,1667.9000244140625,1670.9000244140625,1667.5,1669.199951171875,117082
2026-01-09 11:25:00+05:30,1669.199951171875,1669.5,1667.0,1667.300048828125,15078
2026-01-09 11:30:00+05:30,1667.4000244140625,1670.0,1667.0,1668.800048828125,52643
2026-01-09 11:35:00+05:30,1668.800048828125,1668.800048828125,1664.0,1665.0,23911
2026-01-09 11:40:00+05:30,1664.9000244140625,1666.5,1664.0,1665.0,125413
2026-01-09 11:45:00+05:30,1665.0,1665.0999755859375,1662.0999755859375,1662.5,14280
2026-01-09 11:50:00+05:30,1662.5,1664.699951171875,1662.5,1663.4000244140625,114874
2026-01-09 11:55:00+05:30,1663.0,1665.300048828125,1663.0,1664.0,19306
2026-01-09 12:00:00+05:30,1664.0,1669.699951171875,1664.0,1668.800048828125,17727
2026-01-09 12:05:00+05:30,1669.4000244140625,1669.4000244140625,1667.199951171875,1667.800048828125,6112
2026-01-09 12:10:00+05:30,1667.800048828125,1668.0,1664.300048828125,1664.300048828125,14255
2026-01-09 12:15:00+05:30,1664.5,1666.0999755859375,1659.5999755859375,1660.0999755859375,80178
2026-01-09 12:20:00+05:30,1660.5999755859375,1660.699951171875,1658.9000244140625,1660.5,83732
2026-01-09 12:25:00+05:30,1660.9000244140625,1665.0999755859375,1660.9000244140625,1664.0,73807
2026-01-09 12:30:00+05:30,1664.0,1665.5999755859375,1662.699951171875,1664.800048828125,9462
2026-01-09 12:35:00+05:30,1664.800048828125,1666.0,1660.9000244140625,1666.0,38811
2026-01-09 12:40:00+05:30,1665.699951171875,1666.199951171875,1663.0999755859375,1664.5,42383
2026-01-09 12:45:00+05:30,1664.5999755859375,1664.9000244140625,1662.5999755859375,1663.199951171875,9566
2026-01-09 12:50:00+05:30,1663.199951171875,1664.5999755859375,1661.5,1663.199951171875,12120
2026-01-09 12:55:00+05:30,1663.199951171875,1663.9000244140625,1661.4000244140625,1662.9000244140625,11626
2026-01-09 13:00:00+05:30,1663.199951171875,1665.5999755859375,1661.800048828125,1665.5999755859375,39104
2026-01-09 13:05:00+05:30,1665.0,1665.5999755859375,1664.300048828125,1665.0,10090
2026-01-09 13:10:00+05:30,1665.0,1669.0,1665.0,1666.699951171875,20401
2026-01-09 13:15:00+05:30,1666.5999755859375,1666.800048828125,1663.800048828125,1665.9000244140625,12460
2026-01-09 13:20:00+05:30,1665.9000244140625,1666.5,1663.9000244140625,1663.9000244140625,8700
2026-01-09 13:25:00+05:30,1663.9000244140625,1665.4000244140625,1663.5999755859375,1664.5,13631
2026-01-09 13:30:00+05:30,1664.0999755859375,1664.5,1663.4000244140625,1664.300048828125,3609
2026-01-09 13:35:00+05:30,1664.300048828125,1665.199951171875,1663.5999755859375,1663.9000244140625,21768
2026-01-09 13:40:00+05:30,1663.9000244140625,1664.0999755859375,1662.5,1662.9000244140625,4695
2026-01-09 13:45:00+05:30,1662.9000244140625,1663.199951171875,1661.199951171875,1661.9000244140625,7265
2026-01-09 13:50:00+05:30,1661.9000244140625,1662.5999755859375,1661.300048828125,1661.699951171875,7078
2026-01-09 13:55:00+05:30,1661.699951171875,1662.9000244140625,1660.699951171875,1662.800048828125,7834
2026-01-09 14:00:00+05:30,1662.800048828125,1663.800048828125,1662.300048828125,1662.699951171875,10379
2026-01-09 14:05:00+05:30,1663.0,1663.0,1661.0,1662.300048828125,7026
2026-01-09 14:10:00+05:30,1662.5,1663.0,1661.5999755859375,1662.0,8537
2026-01-09 14:15:00+05:30,1662.5,1663.5,1660.5999755859375,1661.5999755859375,10891
2026-01-09 14:20:00+05:30,1661.699951171875,1661.699951171875,1658.0999755859375,1658.5,19894
2026-01-09 14:25:00+05:30,1658.4000244140625,1658.9000244140625,1655.699951171875,1655.699951171875,18975
2026-01-09 14:30:00+05:30,1655.699951171875,1657.0,1655.4000244140625,1656.0,36817
2026-01-09 14:35:00+05:30,1655.9000244140625,1658.5,1655.9000244140625,1657.699951171875,31246
2026-01-09 14:40:00+05:30,1658.300048828125,1660.800048828125,1657.0,1660.4000244140625,36994
2026-01-09 14:45:00+05:30,1660.4000244140625,1662.9000244140625,1660.300048828125,1662.9000244140625,17994
2026-01-09 14:50:00+05:30,1663.0,1663.0,1661.199951171875,1662.9000244140625,19128
2026-01-09 14:55:00+05:30,1662.4000244140625,1665.0,1662.4000244140625,1663.9000244140625,21941
2026-01-09 15:00:00+05:30,1664.199951171875,1664.199951171875,1661.0,1661.9000244140625,61520
2026-01-09 15:05:00+05:30,1661.800048828125,1662.0,1659.699951171875,1660.0,88207
2026-01-09 15:10:00+05:30,1659.9000244140625,1664.699951171875,1659.800048828125,1664.0999755859375,92439
2026-01-09 15:15:00+05:30,1664.0999755859375,1665.300048828125,1663.699951171875,1664.0999755859375,75293
2026-01-09 15:20:00+05:30,1664.199951171875,1666.199951171875,1659.5999755859375,1660.0,152922
2026-01-09 15:25:00+05:30,1659.9000244140625,1665.0,1659.800048828125,1661.4000244140625,255718
2026-01-12 09:20:00+05:30,1656.199951171875,1664.5999755859375,1655.0999755859375,1662.0,34850
2026-01-12 09:25:00+05:30,1662.699951171875,1664.199951171875,1657.300048828125,1658.199951171875,25228
2026-01-12 09:30:00+05:30,1658.5999755859375,1664.9000244140625,1656.300048828125,1662.9000244140625,24465
2026-01-12 09:35:00+05:30,1662.300048828125,1670.5,1660.300048828125,1665.4000244140625,56019
2026-01-12 09:40:00+05:30,1665.800048828125,1665.800048828125,1660.9000244140625,1664.0999755859375,20486
2026-01-12 09:45:00+05:30,1664.199951171875,1666.800048828125,1663.300048828125,1666.4000244140625,20938
2026-01-12 09:50:00+05:30,1667.199951171875,1667.800048828125,1659.4000244140625,1660.0,77666
2026-01-12 09:55:00+05:30,1660.199951171875,1661.0,1655.0,1658.0,162198
2026-01-12 10:00:00+05:30,1658.300048828125,1659.4000244140625,1654.5999755859375,1659.4000244140625,135619
2026-01-12 10:05:00+05:30,1659.300048828125,1661.0,1657.4000244140625,1657.9000244140625,36600
2026-01-12 10:10:00+05:30,1656.699951171875,1656.699951171875,1649.5999755859375,1650.199951171875,69698
2026-01-12 10:15:00+05:30,1650.800048828125,1651.9000244140625,1649.0,1651.300048828125,22359
2026-01-12 10:20:00+05:30,1651.800048828125,1651.800048828125,1643.5999755859375,1646.199951171875,42836
2026-01-12 10:25:00+05:30,1646.199951171875,1650.0999755859375,1643.5999755859375,1649.199951171875,48438
2026-01-12 10:30:00+05:30,1648.5,1654.199951171875,1648.4000244140625,1650.9000244140625,66949
2026-01-12 10:35:00+05:30,1650.5999755859375,1651.199951171875,1646.5,1649.800048828125,82264
2026-01-12 10:40:00+05:30,1648.800048828125,1653.300048828125,1648.5,1650.9000244140625,49845
2026-01-12 10:45:00+05:30,1650.9000244140625,1654.199951171875,1648.9000244140625,1651.800048828125,50871
2026-01-12 10:50:00+05:30,1652.5,1653.9000244140625,1651.5999755859375,1651.699951171875,31275
2026-01-12 10:55:00+05:30,1651.9000244140625,1652.5999755859375,1650.0,1650.0,30166
2026-01-12 11:00:00+05:30,1650.0,1651.800048828125,1650.0,1650.0999755859375,28106
2026-01-12 11:05:00+05:30,1651.0,1651.9000244140625,1649.9000244140625,1650.0,26588
2026-01-12 11:10:00+05:30,1650.0,1651.5,1646.0,1648.699951171875,52541
2026-01-12 11:15:00+05:30,1648.699951171875,1650.9000244140625,1646.0999755859375,1650.9000244140625,71905
2026-01-12 11:20:00+05:30,1651.0,1651.800048828125,1649.800048828125,1650.0,48401
2026-01-12 11:25:00+05:30,1650.4000244140625,1651.0,1649.0999755859375,1649.0999755859375,25106
2026-01-12 11:30:00+05:30,1649.0,1649.199951171875,1642.0,1644.4000244140625,32463
2026-01-12 11:35:00+05:30,1644.699951171875,1646.9000244140625,1644.0999755859375,1645.699951171875,53183
2026-01-12 11:40:00+05:30,1645.0,1647.5,1645.0,1646.199951171875,39522
2026-01-12 11:45:00+05:30,1646.300048828125,1648.9000244140625,1644.0,1648.0999755859375,60792
2026-01-12 11:50:00+05:30,1648.199951171875,1649.9000244140625,1646.199951171875,1649.0999755859375,27575
2026-01-12 11:55:00+05:30,1649.0999755859375,1652.300048828125,1648.199951171875,1650.4000244140625,35902
2026-01-12 12:00:00+05:30,1651.0999755859375,1653.9000244140625,1650.4000244140625,1652.5,26556
2026-01-12 12:05:00+05:30,1653.0,1654.9000244140625,1651.4000244140625,1653.5999755859375,28143
2026-01-12 12:10:00+05:30,1652.699951171875,1655.0,1652.4000244140625,1655.0,123989
2026-01-12 12:15:00+05:30,1655.0,1660.0999755859375,1653.0,1659.4000244140625,132072
2026-01-12 12:20:00+05:30,1659.5,1661.0,1657.800048828125,1658.9000244140625,144432
2026-01-12 12:25:00+05:30,1658.699951171875,1660.0,1655.0,1655.4000244140625,216712
2026-01-12 12:30:00+05:30,1655.699951171875,1656.4000244140625,1653.9000244140625,1654.9000244140625,135589
2026-01-12 12:35:00+05:30,1655.0,1656.800048828125,1652.5999755859375,1656.800048828125,68915
2026-01-12 12:40:00+05:30,1656.300048828125,1662.0,1656.300048828125,1659.300048828125,146320
2026-01-12 12:45:00+05:30,1660.0,1660.0,1656.9000244140625,1659.800048828125,59751
2026-01-12 12:50:00+05:30,1659.800048828125,1661.5,1659.5,1661.0999755859375,66528
2026-01-12 12:55:00+05:30,1661.0999755859375,1661.0999755859375,1657.9000244140625,1658.699951171875,85962
2026-01-12 13:00:00+05:30,1658.699951171875,1660.699951171875,1657.5,1660.5,100536
2026-01-12 13:05:00+05:30,1660.5,1661.5,1656.0999755859375,1656.699951171875,28117
2026-01-12 13:10:00+05:30,1656.699951171875,1656.699951171875,1653.699951171875,1654.800048828125,11833
2026-01-12 13:15:00+05:30,1655.800048828125,1656.0999755859375,1652.0,1652.699951171875,15159
2026-01-12 13:20:00+05:30,1652.699951171875,1653.800048828125,1651.300048828125,1653.5,20403
2026-01-12 13:25:00+05:30,1653.199951171875,1654.0999755859375,1649.199951171875,1651.699951171875,43455
2026-01-12 13:30:00+05:30,1651.699951171875,1655.300048828125,1650.9000244140625,1655.0,21155
2026-01-12 13:35:00+05:30,1655.0,1656.5999755859375,1654.0,1655.5999755859375,115208
2026-01-12 13:40:00+05:30,1655.5999755859375,1657.4000244140625,1655.0,1655.699951171875,51620
2026-01-12 13:45:00+05:30,1655.5999755859375,1659.4000244140625,1655.5999755859375,1658.0999755859375,19611
2026-01-12 13:50:00+05:30,1658.0,1658.9000244140625,1656.5,1656.800048828125,8995
2026-01-12 13:55:00+05:30,1656.5,1660.199951171875,1656.5,1660.199951171875,36583
2026-01-12 14:00:00+05:30,1660.199951171875,1660.4000244140625,1658.5,1660.0,101405
2026-01-12 14:05:00+05:30,1660.0,1660.0999755859375,1657.5999755859375,1658.300048828125,8194
2026-01-12 14:10:00+05:30,1658.0,1661.199951171875,1657.0999755859375,1660.4000244140625,86799
2026-01-12 14:15:00+05:30,1661.0,1661.0,1659.300048828125,1660.699951171875,43127
2026-01-12 14:20:00+05:30,1660.800048828125,1666.699951171875,1660.0,1666.699951171875,97564
2026-01-12 14:25:00+05:30,1666.0,1667.5,1664.5,1665.0,16873
2026-01-12 14:30:00+05:30,1665.0999755859375,1665.4000244140625,1661.199951171875,1661.800048828125,11624
2026-01-12 14:35:00+05:30,1661.5,1665.5999755859375,1660.699951171875,1665.5999755859375,10283
2026-01-12 14:40:00+05:30,1665.199951171875,1667.0,1664.9000244140625,1667.0,10829
2026-01-12 14:45:00+05:30,1667.0,1669.5,1663.300048828125,1665.0999755859375,37221
2026-01-12 14:50:00+05:30,1665.0999755859375,1668.699951171875,1665.0999755859375,1667.199951171875,9455
2026-01-12 14:55:00+05:30,1667.199951171875,1669.300048828125,1667.0999755859375,1667.800048828125,11145
2026-01-12 15:00:00+05:30,1666.800048828125,1666.800048828125,1663.4000244140625,1665.0999755859375,58852
2026-01-12 15:05:00+05:30,1665.199951171875,1670.199951171875,1665.0999755859375,1667.4000244140625,148573
2026-01-12 15:10:00+05:30,1667.9000244140625,1667.9000244140625,1665.0,1665.5,34033
2026-01-12 15:15:00+05:30,1665.5,1667.5999755859375,1665.0,1667.5999755859375,29738
2026-01-12 15:20:00+05:30,1667.5,1670.0,1667.0,1669.699951171875,32910
2026-01-12 15:25:00+05:30,1669.800048828125,1671.300048828125,1665.5,1667.5999755859375,43924
2026-01-13 09:20:00+05:30,1675.0,1675.0,1659.0,1669.0999755859375,370465
2026-01-13 09:25:00+05:30,1669.4000244140625,1670.0,1638.4000244140625,1640.0999755859375,377524
2026-01-13 09:30:00+05:30,1640.0,1647.300048828125,1638.800048828125,1647.300048828125,251492
2026-01-13 09:35:00+05:30,1647.300048828125,1652.300048828125,1644.4000244140625,1650.0,411893
2026-01-13 09:40:00+05:30,1650.0,1654.0,1639.0999755859375,1640.9000244140625,292348
2026-01-13 09:45:00+05:30,1640.5999755859375,1648.0999755859375,1628.0,1629.5,328285
2026-01-13 09:50:00+05:30,1629.0,1643.300048828125,1626.0999755859375,1638.0,121254
2026-01-13 09:55:00+05:30,1638.0,1638.0,1627.0,1637.300048828125,152032
2026-01-13 10:00:00+05:30,1637.4000244140625,1641.5,1631.800048828125,1634.9000244140625,99312
2026-01-13 10:05:00+05:30,1634.800048828125,1634.9000244140625,1628.5,1632.0999755859375,207458
2026-01-13 10:10:00+05:30,1632.199951171875,1650.300048828125,1632.199951171875,1643.300048828125,212843
2026-01-13 10:15:00+05:30,1643.5999755859375,1649.5,1638.699951171875,1647.0,67595
2026-01-13 10:20:00+05:30,1647.0,1657.199951171875,1646.800048828125,1650.5999755859375,209419
2026-01-13 10:25:00+05:30,1650.5999755859375,1656.800048828125,1650.0,1652.5999755859375,76898
2026-01-13 10:30:00+05:30,1653.0,1665.199951171875,1652.5,1659.0,159821
2026-01-13 10:35:00+05:30,1659.0,1660.5,1653.5999755859375,1654.9000244140625,63600
2026-01-13 10:40:00+05:30,1654.699951171875,1657.9000244140625,1652.5,1656.800048828125,33262
2026-01-13 10:45:00+05:30,1656.5999755859375,1659.9000244140625,1656.5,1658.800048828125,62404
2026-01-13 10:50:00+05:30,1658.5,1664.9000244140625,1657.5999755859375,1660.199951171875,56423
2026-01-13 10:55:00+05:30,1660.199951171875,1664.0,1658.800048828125,1661.0999755859375,28135
2026-01-13 11:00:00+05:30,1661.5,1662.5999755859375,1658.0999755859375,1659.0999755859375,18139
2026-01-13 11:05:00+05:30,1659.199951171875,1667.699951171875,1657.800048828125,1666.699951171875,39050
2026-01-13 11:10:00+05:30,1666.9000244140625,1672.800048828125,1665.4000244140625,1669.5,88454
2026-01-13 11:15:00+05:30,1669.699951171875,1674.4000244140625,1661.5,1663.800048828125,75891
2026-01-13 11:20:00+05:30,1663.5999755859375,1668.199951171875,1663.199951171875,1665.4000244140625,19038
2026-01-13 11:25:00+05:30,1665.4000244140625,1667.300048828125,1663.0999755859375,1664.0,41451
2026-01-13 11:30:00+05:30,1663.5999755859375,1669.0,1662.800048828125,1668.4000244140625,27633
2026-01-13 11:35:00+05:30,1668.4000244140625,1671.0999755859375,1667.0,1669.699951171875,30426
2026-01-13 11:40:00+05:30,1669.699951171875,1671.4000244140625,1668.0999755859375,1670.5999755859375,15011
2026-01-13 11:45:00+05:30,1670.5999755859375,1671.0,1668.4000244140625,1669.0999755859375,16116
2026-01-13 12:00:00+05:30,1669.0999755859375,1669.300048828125,1668.699951171875,1669.0999755859375,82611
2026-01-13 12:05:00+05:30,1669.4000244140625,1671.199951171875,1667.300048828125,1670.5999755859375,13958
2026-01-13 12:10:00+05:30,1670.5999755859375,1672.699951171875,1669.800048828125,1670.5,17576
2026-01-13 12:15:00+05:30,1670.5999755859375,1670.9000244140625,1667.5999755859375,1669.699951171875,13993
2026-01-13 12:20:00+05:30,1668.9000244140625,1670.0,1667.5999755859375,1667.5999755859375,15702
2026-01-13 12:25:00+05:30,1668.0999755859375,1668.9000244140625,1663.9000244140625,1665.699951171875,30867
2026-01-13 12:30:00+05:30,1665.699951171875,1666.0,1661.300048828125,1662.300048828125,26277
2026-01-13 12:35:00+05:30,1662.5999755859375,1663.9000244140625,1660.0,1661.5,28261
2026-01-13 12:40:00+05:30,1661.800048828125,1663.0,1659.4000244140625,1662.199951171875,33197
2026-01-13 12:45:00+05:30,1662.699951171875,1663.5,1659.5999755859375,1662.0999755859375,45090
2026-01-13 12:50:00+05:30,1662.0999755859375,1662.5,1659.0,1659.5999755859375,43231
2026-01-13 12:55:00+05:30,1659.0,1660.5999755859375,1657.4000244140625,1657.699951171875,39190
2026-01-13 13:00:00+05:30,1658.0,1658.0,1654.5999755859375,1655.199951171875,28766
2026-01-13 13:05:00+05:30,1655.0999755859375,1656.5,1652.5999755859375,1653.0,28974
2026-01-13 13:10:00+05:30,1653.199951171875,1658.300048828125,1653.0,1657.5,49548
2026-01-13 13:15:00+05:30,1657.5,1661.300048828125,1656.0999755859375,1661.0999755859375,23192
2026-01-13 13:20:00+05:30,1661.0,1663.800048828125,1660.0,1661.9000244140625,71784
2026-01-13 13:25:00+05:30,1661.9000244140625,1665.4000244140625,1659.0999755859375,1659.699951171875,74537
2026-01-13 13:30:00+05:30,1659.699951171875,1660.5999755859375,1657.300048828125,1658.0,16565
2026-01-13 13:35:00+05:30,1658.0,1658.0999755859375,1655.800048828125,1656.0,61414
2026-01-13 13:40:00+05:30,1656.199951171875,1662.199951171875,1654.300048828125,1660.9000244140625,42958
2026-01-13 13:45:00+05:30,1660.9000244140625,1661.5999755859375,1658.0999755859375,1658.5999755859375,19280
2026-01-13 13:50:00+05:30,1658.5,1658.5999755859375,1655.0,1655.0999755859375,34046
2026-01-13 13:55:00+05:30,1655.0,1655.0,1652.0999755859375,1652.9000244140625,28923
2026-01-13 14:00:00+05:30,1652.800048828125,1653.199951171875,1651.0999755859375,1651.9000244140625,24459
2026-01-13 14:05:00+05:30,1651.5,1655.4000244140625,1651.0999755859375,1653.800048828125,72896
2026-01-13 14:10:00+05:30,1653.800048828125,1654.800048828125,1650.800048828125,1652.800048828125,139181
2026-01-13 14:15:00+05:30,1652.800048828125,1656.699951171875,1652.199951171875,1655.800048828125,72068
2026-01-13 14:20:00+05:30,1655.800048828125,1656.0,1655.0,1655.4000244140625,22086
2026-01-13 14:25:00+05:30,1655.300048828125,1658.5,1655.0,1658.5,79924
2026-01-13 14:30:00+05:30,1658.5,1659.0999755859375,1655.0,1659.0999755859375,71246
2026-01-13 14:35:00+05:30,1659.199951171875,1660.699951171875,1658.4000244140625,1658.4000244140625,19972
2026-01-13 14:40:00+05:30,1658.300048828125,1659.5,1657.300048828125,1658.699951171875,55654
2026-01-13 14:45:00+05:30,1658.9000244140625,1659.0,1655.300048828125,1656.0,92213
2026-01-13 14:50:00+05:30,1656.5,1663.0,1656.0,1661.5,79602
2026-01-13 14:55:00+05:30,1661.9000244140625,1662.300048828125,1657.4000244140625,1660.0999755859375,58722
2026-01-13 15:00:00+05:30,1660.4000244140625,1666.9000244140625,1660.4000244140625,1663.4000244140625,107196
2026-01-13 15:05:00+05:30,1663.199951171875,1665.5,1663.199951171875,1664.199951171875,71363
2026-01-13 15:10:00+05:30,1664.0,1668.0,1664.0,1665.5,99171
2026-01-13 15:15:00+05:30,1665.800048828125,1666.0,1663.4000244140625,1664.0999755859375,92399
2026-01-13 15:20:00+05:30,1664.0999755859375,1666.199951171875,1662.5,1665.9000244140625,98284
2026-01-13 15:25:00+05:30,1666.0999755859375,1667.0,1664.0,1666.0,78545
2026-01-14 09:20:00+05:30,1659.800048828125,1661.300048828125,1654.5,1656.199951171875,28611
2026-01-14 09:25:00+05:30,1655.9000244140625,1660.800048828125,1654.0,1658.199951171875,43832
2026-01-14 09:30:00+05:30,1657.9000244140625,1660.0,1656.4000244140625,1658.5999755859375,10166
2026-01-14 09:35:00+05:30,1658.5,1659.4000244140625,1657.199951171875,1657.199951171875,12170
2026-01-14 09:40:00+05:30,1657.5999755859375,1659.9000244140625,1657.300048828125,1657.4000244140625,6422
2026-01-14 09:45:00+05:30,1657.0,1658.800048828125,1656.4000244140625,1658.699951171875,5473
2026-01-14 09:50:00+05:30,1658.800048828125,1661.0,1658.800048828125,1660.800048828125,8626
2026-01-14 09:55:00+05:30,1661.0999755859375,1663.9000244140625,1659.0999755859375,1660.0,10838
2026-01-14 10:00:00+05:30,1659.9000244140625,1659.9000244140625,1657.300048828125,1658.0999755859375,6537
2026-01-14 10:05:00+05:30,1658.5999755859375,1658.5999755859375,1654.0999755859375,1655.5999755859375,10596
2026-01-14 10:10:00+05:30,1655.0999755859375,1655.0999755859375,1651.199951171875,1651.199951171875,15276
2026-01-14 10:15:00+05:30,1651.0,1656.800048828125,1650.800048828125,1653.800048828125,18582
2026-01-14 10:20:00+05:30,1654.300048828125,1654.9000244140625,1652.4000244140625,1653.199951171875,11267
2026-01-14 10:25:00+05:30,1653.300048828125,1655.5,1652.300048828125,1655.0999755859375,11609
2026-01-14 10:30:00+05:30,1655.0999755859375,1655.0999755859375,1650.5,1651.5999755859375,21845
2026-01-14 10:35:00+05:30,1651.699951171875,1655.0,1649.5999755859375,1655.0,30020
2026-01-14 10:40:00+05:30,1654.5,1660.699951171875,1654.4000244140625,1656.800048828125,33299
2026-01-14 10:45:00+05:30,1656.800048828125,1664.199951171875,1655.9000244140625,1664.199951171875,56693
2026-01-14 10:50:00+05:30,1664.9000244140625,1665.0,1662.0,1664.199951171875,42361
2026-01-14 10:55:00+05:30,1664.4000244140625,1666.9000244140625,1661.699951171875,1666.699951171875,66512
2026-01-14 11:00:00+05:30,1667.0,1667.4000244140625,1665.0,1667.4000244140625,23929
2026-01-14 11:05:00+05:30,1667.199951171875,1668.5999755859375,1663.300048828125,1664.5,52178
2026-01-14 11:10:00+05:30,1665.199951171875,1666.300048828125,1664.0,1664.5,19113
2026-01-14 11:15:00+05:30,1664.4000244140625,1667.0,1664.300048828125,1666.5,23951
2026-01-14 11:20:00+05:30,1666.199951171875,1667.9000244140625,1665.5,1667.300048828125,15913
2026-01-14 11:25:00+05:30,1667.5,1671.0,1667.199951171875,1669.699951171875,73107
2026-01-14 11:30:00+05:30,1670.300048828125,1672.0999755859375,1669.199951171875,1671.699951171875,111766
2026-01-14 11:35:00+05:30,1671.199951171875,1673.0,1671.199951171875,1672.9000244140625,16702
2026-01-14 11:40:00+05:30,1672.9000244140625,1672.9000244140625,1671.5,1671.9000244140625,16123
2026-01-14 11:45:00+05:30,1671.9000244140625,1673.0,1671.0,1672.300048828125,25667
2026-01-14 11:50:00+05:30,1671.9000244140625,1672.5,1670.0,1671.300048828125,21606
2026-01-14 11:55:00+05:30,1671.9000244140625,1673.0999755859375,1670.5999755859375,1671.0,18306
2026-01-14 12:00:00+05:30,1671.300048828125,1672.800048828125,1670.9000244140625,1672.4000244140625,28613
2026-01-14 12:05:00+05:30,1672.300048828125,1676.800048828125,1672.0,1674.699951171875,56126
2026-01-14 12:10:00+05:30,1674.699951171875,1675.4000244140625,1673.0999755859375,1673.0999755859375,29198
2026-01-14 12:15:00+05:30,1672.699951171875,1673.800048828125,1672.0,1673.5999755859375,23842
2026-01-14 12:20:00+05:30,1673.5999755859375,1677.4000244140625,1673.5999755859375,1676.0,41586
2026-01-14 12:25:00+05:30,1675.800048828125,1676.5,1675.0999755859375,1676.300048828125,19469
2026-01-14 12:30:00+05:30,1676.199951171875,1676.5,1675.0,1675.5999755859375,18423
2026-01-14 12:35:00+05:30,1675.5999755859375,1677.699951171875,1675.0999755859375,1677.300048828125,24724
2026-01-14 12:40:00+05:30,1677.4000244140625,1677.4000244140625,1675.0,1675.199951171875,18475
2026-01-14 12:45:00+05:30,1675.199951171875,1676.0,1673.9000244140625,1675.300048828125,46293
2026-01-14 12:50:00+05:30,1674.9000244140625,1675.0,1672.0,1672.4000244140625,58152
2026-01-14 12:55:00+05:30,1672.199951171875,1672.9000244140625,1671.5999755859375,1672.4000244140625,13987
2026-01-14 13:00:00+05:30,1672.4000244140625,1673.0,1671.300048828125,1671.699951171875,21844
2026-01-14 13:05:00+05:30,1672.199951171875,1672.5,1670.199951171875,1672.199951171875,22792
2026-01-14 13:10:00+05:30,1671.5,1672.0,1670.800048828125,1671.4000244140625,19763
2026-01-14 13:15:00+05:30,1671.4000244140625,1671.800048828125,1670.300048828125,1670.5,25885
2026-01-14 13:20:00+05:30,1670.300048828125,1672.0,1668.800048828125,1671.4000244140625,29477
2026-01-14 13:25:00+05:30,1670.4000244140625,1671.699951171875,1669.5999755859375,1670.800048828125,17647
2026-01-14 13:30:00+05:30,1670.9000244140625,1670.9000244140625,1668.5999755859375,1669.300048828125,17552
2026-01-14 13:35:00+05:30,1669.300048828125,1669.800048828125,1667.300048828125,1668.0999755859375,20134
2026-01-14 13:40:00+05:30,1668.0999755859375,1670.0,1667.300048828125,1668.5999755859375,28930
2026-01-14 13:45:00+05:30,1668.699951171875,1669.0999755859375,1668.0,1668.0,17057
2026-01-14 13:50:00+05:30,1668.0,1668.199951171875,1665.0,1666.0999755859375,21498
2026-01-14 13:55:00+05:30,1666.0999755859375,1666.4000244140625,1665.199951171875,1666.4000244140625,20670
2026-01-14 14:00:00+05:30,1666.4000244140625,1667.800048828125,1665.300048828125,1665.300048828125,25371
2026-01-14 14:05:00+05:30,1665.5,1668.800048828125,1665.5,1668.0999755859375,55319
2026-01-14 14:10:00+05:30,1667.9000244140625,1669.199951171875,1665.0999755859375,1666.0,22455
2026-01-14 14:15:00+05:30,1666.0,1667.9000244140625,1665.5999755859375,1666.300048828125,19309
2026-01-14 14:20:00+05:30,1666.199951171875,1667.199951171875,1665.0999755859375,1665.5,34618
2026-01-14 14:25:00+05:30,1665.5999755859375,1668.0,1665.5999755859375,1667.0999755859375,19374
2026-01-14 14:30:00+05:30,1667.0999755859375,1668.699951171875,1666.0999755859375,1668.199951171875,18434
2026-01-14 14:35:00+05:30,1668.0,1671.800048828125,1667.4000244140625,1671.300048828125,23229
2026-01-14 14:40:00+05:30,1671.0999755859375,1672.800048828125,1670.0,1670.0,33137
2026-01-14 14:45:00+05:30,1670.0999755859375,1671.199951171875,1669.5,1669.5,31776
2026-01-14 14:50:00+05:30,1670.0,1670.199951171875,1668.300048828125,1668.699951171875,19021
2026-01-14 14:55:00+05:30,1668.5999755859375,1669.5,1666.5999755859375,1666.800048828125,19104
2026-01-14 15:00:00+05:30,1667.699951171875,1670.5,1666.300048828125,1670.199951171875,93530
2026-01-14 15:05:00+05:30,1670.300048828125,1671.9000244140625,1668.5999755859375,1670.0,91398
2026-01-14 15:10:00+05:30,1670.0,1670.699951171875,1668.0999755859375,1668.5,94866
2026-01-14 15:15:00+05:30,1668.300048828125,1668.4000244140625,1666.300048828125,1666.699951171875,115862
2026-01-14 15:20:00+05:30,1666.800048828125,1669.9000244140625,1666.5999755859375,1669.9000244140625,95547
2026-01-14 15:25:00+05:30,1669.9000244140625,1670.4000244140625,1668.0,1668.5,83902
2026-01-16 09:20:00+05:30,1670.800048828125,1675.4000244140625,1670.0,1675.300048828125,79969
2026-01-16 09:25:00+05:30,1675.300048828125,1681.300048828125,1672.4000244140625,1680.0,85662
2026-01-16 09:30:00+05:30,1680.0,1693.5999755859375,1680.0,1693.0,151156
2026-01-16 09:35:00+05:30,1693.0,1698.300048828125,1685.0,1685.699951171875,118041
2026-01-16 09:40:00+05:30,1685.4000244140625,1692.199951171875,1685.4000244140625,1690.9000244140625,50276
2026-01-16 09:45:00+05:30,1690.800048828125,1692.699951171875,1688.800048828125,1689.0999755859375,43608
2026-01-16 09:50:00+05:30,1688.5999755859375,1690.0,1687.199951171875,1688.0999755859375,25897
2026-01-16 09:55:00+05:30,1688.0999755859375,1689.5999755859375,1686.0999755859375,1686.9000244140625,31070
2026-01-16 10:00:00+05:30,1687.0,1689.5,1686.699951171875,1687.800048828125,28256
2026-01-16 10:05:00+05:30,1687.9000244140625,1690.699951171875,1687.9000244140625,1689.0,23912
2026-01-16 10:10:00+05:30,1689.300048828125,1692.9000244140625,1689.300048828125,1691.699951171875,28641
2026-01-16 10:15:00+05:30,1691.800048828125,1696.0,1691.5999755859375,1694.5999755859375,59043
2026-01-16 10:20:00+05:30,1694.5999755859375,1697.800048828125,1694.4000244140625,1697.5999755859375,42335
2026-01-16 10:25:00+05:30,1697.5999755859375,1699.800048828125,1696.0,1698.800048828125,66499
2026-01-16 10:30:00+05:30,1698.9000244140625,1698.9000244140625,1695.699951171875,1697.4000244140625,46640
2026-01-16 10:35:00+05:30,1697.300048828125,1700.9000244140625,1696.300048828125,1698.199951171875,80752
2026-01-16 10:40:00+05:30,1697.800048828125,1698.0999755859375,1692.5,1692.5999755859375,37713
2026-01-16 10:45:00+05:30,1692.9000244140625,1694.0,1692.0999755859375,1693.0,20587
2026-01-16 10:50:00+05:30,1693.0,1693.0999755859375,1688.0,1688.0,29669
2026-01-16 10:55:00+05:30,1688.0,1688.0,1680.4000244140625,1682.199951171875,101794
2026-01-16 11:00:00+05:30,1682.0,1682.4000244140625,1681.0,1682.199951171875,15023
2026-01-16 11:05:00+05:30,1682.0999755859375,1684.5999755859375,1682.0999755859375,1684.5999755859375,20064
2026-01-16 11:10:00+05:30,1684.300048828125,1685.699951171875,1683.199951171875,1684.699951171875,18907
2026-01-16 11:15:00+05:30,1684.800048828125,1686.5,1683.4000244140625,1686.0,25116
2026-01-16 11:20:00+05:30,1686.0,1686.9000244140625,1683.5999755859375,1684.5,14997
2026-01-16 11:25:00+05:30,1684.5,1689.199951171875,1684.5,1689.199951171875,23107
2026-01-16 11:30:00+05:30,1689.4000244140625,1689.800048828125,1685.0999755859375,1686.0,27394
2026-01-16 11:35:00+05:30,1686.0,1689.4000244140625,1686.0,1688.0,14490
2026-01-16 11:40:00+05:30,1688.0,1689.5999755859375,1688.0,1688.5,11959
2026-01-16 11:45:00+05:30,1688.300048828125,1690.4000244140625,1687.800048828125,1688.0999755859375,24611
2026-01-16 11:50:00+05:30,1688.199951171875,1689.0,1687.300048828125,1688.800048828125,9822
2026-01-16 11:55:00+05:30,1688.800048828125,1690.0,1688.5999755859375,1690.0,10124
2026-01-16 12:00:00+05:30,1690.0,1693.5,1689.699951171875,1692.5,29138
2026-01-16 12:05:00+05:30,1692.5,1695.0,1692.5,1694.0,23357
2026-01-16 12:10:00+05:30,1694.0,1695.0,1693.800048828125,1694.699951171875,17236
2026-01-16 12:15:00+05:30,1693.9000244140625,1694.5,1691.0,1691.4000244140625,53068
2026-01-16 12:20:00+05:30,1691.4000244140625,1692.699951171875,1690.5999755859375,1692.5999755859375,10675
2026-01-16 12:25:00+05:30,1692.5999755859375,1693.4000244140625,1688.0999755859375,1688.9000244140625,20794
2026-01-16 12:30:00+05:30,1689.0,1689.9000244140625,1687.4000244140625,1688.4000244140625,13247
2026-01-16 12:35:00+05:30,1688.4000244140625,1692.5,1688.4000244140625,1692.5,12729
2026-01-16 12:40:00+05:30,1692.4000244140625,1692.9000244140625,1691.699951171875,1692.699951171875,8669
2026-01-16 12:45:00+05:30,1692.5999755859375,1693.9000244140625,1692.5,1693.5,11288
2026-01-16 12:50:00+05:30,1693.5,1693.5,1692.0999755859375,1692.5,14608
2026-01-16 12:55:00+05:30,1692.9000244140625,1693.0,1691.699951171875,1692.300048828125,10540
2026-01-16 13:00:00+05:30,1692.300048828125,1692.800048828125,1690.0,1690.199951171875,16868
2026-01-16 13:05:00+05:30,1690.0,1691.699951171875,1690.0,1691.4000244140625,19285
2026-01-16 13:10:00+05:30,1691.0999755859375,1695.0,1690.0,1694.699951171875,41743
2026-01-16 13:15:00+05:30,1694.699951171875,1695.0999755859375,1693.300048828125,1693.800048828125,15853
2026-01-16 13:20:00+05:30,1693.5,1693.800048828125,1690.4000244140625,1690.5,12060
2026-01-16 13:25:00+05:30,1690.4000244140625,1691.0,1688.4000244140625,1691.0,18754
2026-01-16 13:30:00+05:30,1691.0999755859375,1693.0,1690.0,1691.5,20555
2026-01-16 13:35:00+05:30,1691.5,1692.4000244140625,1689.5999755859375,1692.0999755859375,39807
2026-01-16 13:40:00+05:30,1692.0999755859375,1692.4000244140625,1690.300048828125,1692.0,12116
2026-01-16 13:45:00+05:30,1691.5999755859375,1693.5,1691.300048828125,1693.0999755859375,15748
2026-01-16 13:50:00+05:30,1693.0999755859375,1693.5999755859375,1690.5999755859375,1691.300048828125,32598
2026-01-16 13:55:00+05:30,1691.300048828125,1693.0,1691.300048828125,1692.699951171875,5936
2026-01-16 14:00:00+05:30,1692.699951171875,1693.300048828125,1692.0999755859375,1693.0,8600
2026-01-16 14:05:00+05:30,1692.800048828125,1693.0,1690.199951171875,1692.300048828125,39184
2026-01-16 14:10:00+05:30,1692.300048828125,1693.0999755859375,1692.0,1693.0999755859375,7303
2026-01-16 14:15:00+05:30,1693.0999755859375,1694.699951171875,1693.0999755859375,1694.5,16166
2026-01-16 14:20:00+05:30,1694.5,1695.0,1693.0999755859375,1694.199951171875,59987
2026-01-16 14:25:00+05:30,1693.5,1694.0,1690.699951171875,1692.199951171875,15519
2026-01-16 14:30:00+05:30,1692.199951171875,1694.0999755859375,1691.5999755859375,1693.699951171875,10656
2026-01-16 14:35:00+05:30,1694.0,1695.0,1693.0999755859375,1694.800048828125,60123
2026-01-16 14:40:00+05:30,1694.9000244140625,1698.0999755859375,1694.800048828125,1697.0999755859375,54334
2026-01-16 14:45:00+05:30,1697.300048828125,1697.300048828125,1694.0,1695.199951171875,17336
2026-01-16 14:50:00+05:30,1695.699951171875,1696.800048828125,1694.0999755859375,1696.800048828125,17902
2026-01-16 14:55:00+05:30,1697.0,1697.9000244140625,1696.0,1696.699951171875,27229
2026-01-16 15:00:00+05:30,1694.0,1697.0,1694.0,1696.699951171875,119109
2026-01-16 15:05:00+05:30,1696.9000244140625,1698.5,1696.5,1698.199951171875,118123
2026-01-16 15:10:00+05:30,1698.699951171875,1699.300048828125,1697.199951171875,1699.199951171875,122446
2026-01-16 15:15:00+05:30,1699.199951171875,1700.0,1699.0,1699.0999755859375,119748
2026-01-16 15:20:00+05:30,1699.0,1699.0,1696.9000244140625,1698.699951171875,102005
2026-01-16 15:25:00+05:30,1698.800048828125,1699.699951171875,1696.199951171875,1698.0,91576
2026-01-19 09:20:00+05:30,1695.699951171875,1698.9000244140625,1693.9000244140625,1695.300048828125,76917
2026-01-19 09:25:00+05:30,1695.300048828125,1697.5,1691.4000244140625,1694.4000244140625,47521
2026-01-19 09:30:00+05:30,1694.4000244140625,1694.9000244140625,1689.699951171875,1694.5999755859375,64098
2026-01-19 09:35:00+05:30,1693.800048828125,1695.199951171875,1685.0999755859375,1688.800048828125,40347
2026-01-19 09:40:00+05:30,1688.5999755859375,1692.9000244140625,1686.800048828125,1690.9000244140625,12043
2026-01-19 09:45:00+05:30,1690.9000244140625,1692.800048828125,1688.300048828125,1690.0,12762
2026-01-19 09:50:00+05:30,1690.0,1694.5,1689.9000244140625,1690.5999755859375,21075
2026-01-19 09:55:00+05:30,1690.5999755859375,1691.5,1689.5999755859375,1689.800048828125,12274
2026-01-19 10:00:00+05:30,1689.800048828125,1689.800048828125,1686.9000244140625,1689.0,11555
2026-01-19 10:05:00+05:30,1689.5,1694.4000244140625,1689.5,1694.4000244140625,13059
2026-01-19 10:10:00+05:30,1694.0999755859375,1694.9000244140625,1692.300048828125,1694.9000244140625,15439
2026-01-19 10:15:00+05:30,1694.699951171875,1697.5999755859375,1694.0,1695.699951171875,14684
2026-01-19 10:20:00+05:30,1695.699951171875,1696.5,1692.0,1693.5,14688
2026-01-19 10:25:00+05:30,1693.4000244140625,1694.5999755859375,1692.0,1693.0999755859375,12574
2026-01-19 10:30:00+05:30,1693.0,1694.0999755859375,1691.5,1693.9000244140625,7780
2026-01-19 10:35:00+05:30,1693.800048828125,1694.0,1692.9000244140625,1693.5999755859375,6599
2026-01-19 10:40:00+05:30,1693.4000244140625,1696.9000244140625,1693.4000244140625,1696.699951171875,14826
2026-01-19 10:45:00+05:30,1696.9000244140625,1704.5999755859375,1696.300048828125,1704.5999755859375,43014
2026-01-19 10:50:00+05:30,1704.699951171875,1706.5,1703.5999755859375,1704.699951171875,36025
2026-01-19 10:55:00+05:30,1704.699951171875,1707.199951171875,1702.699951171875,1704.300048828125,26557
2026-01-19 11:00:00+05:30,1704.4000244140625,1706.5,1703.800048828125,1706.5,12314
2026-01-19 11:05:00+05:30,1706.5,1706.800048828125,1704.0999755859375,1705.0999755859375,19804
2026-01-19 11:10:00+05:30,1705.0999755859375,1706.0,1703.300048828125,1703.5999755859375,17947
2026-01-19 11:15:00+05:30,1698.0,1706.0,1698.0,1706.0,22720
2026-01-19 11:20:00+05:30,1705.9000244140625,1707.0,1705.0,1706.0999755859375,24518
2026-01-19 11:25:00+05:30,1705.5,1709.0,1705.0,1708.800048828125,33260
2026-01-19 11:30:00+05:30,1708.9000244140625,1711.300048828125,1707.0,1711.300048828125,60509
2026-01-19 11:35:00+05:30,1711.300048828125,1711.699951171875,1708.0,1710.699951171875,27157
2026-01-19 11:40:00+05:30,1710.0999755859375,1711.300048828125,1708.5,1709.199951171875,37026
2026-01-19 11:45:00+05:30,1708.9000244140625,1708.9000244140625,1705.0,1706.9000244140625,68246
2026-01-19 11:50:00+05:30,1707.0,1709.0,1706.300048828125,1707.699951171875,36273
2026-01-19 11:55:00+05:30,1707.4000244140625,1708.0,1705.800048828125,1706.5,39713
2026-01-19 12:00:00+05:30,1707.0999755859375,1709.0,1706.5999755859375,1708.5999755859375,38690
2026-01-19 12:05:00+05:30,1708.699951171875,1709.300048828125,1706.5,1706.9000244140625,23166
2026-01-19 12:10:00+05:30,1706.9000244140625,1708.9000244140625,1706.0999755859375,1708.5999755859375,26626
2026-01-19 12:15:00+05:30,1707.699951171875,1710.5999755859375,1707.699951171875,1709.5999755859375,32221
2026-01-19 12:20:00+05:30,1709.5999755859375,1709.800048828125,1708.0999755859375,1708.9000244140625,30708
2026-01-19 12:25:00+05:30,1708.300048828125,1710.4000244140625,1708.0,1708.4000244140625,26720
2026-01-19 12:30:00+05:30,1708.0999755859375,1708.0999755859375,1704.0,1705.199951171875,32259
2026-01-19 12:35:00+05:30,1705.800048828125,1707.5,1705.0,1707.0,21883
2026-01-19 12:40:00+05:30,1707.0,1708.0,1705.800048828125,1707.5,27542
2026-01-19 12:45:00+05:30,1707.800048828125,1709.199951171875,1707.0,1708.5999755859375,16977
2026-01-19 12:50:00+05:30,1708.699951171875,1710.0,1707.5999755859375,1709.199951171875,7996
2026-01-19 12:55:00+05:30,1709.300048828125,1709.9000244140625,1708.0999755859375,1709.699951171875,15569
2026-01-19 13:00:00+05:30,1709.699951171875,1710.0,1708.199951171875,1709.300048828125,9929
2026-01-19 13:05:00+05:30,1709.5,1710.699951171875,1709.0,1710.699951171875,5439
2026-01-19 13:10:00+05:30,1710.699951171875,1710.699951171875,1708.0,1709.4000244140625,12947
2026-01-19 13:15:00+05:30,1709.5,1710.5999755859375,1709.4000244140625,1710.300048828125,9247
2026-01-19 13:20:00+05:30,1710.699951171875,1711.0,1709.199951171875,1709.800048828125,6441
2026-01-19 13:25:00+05:30,1709.4000244140625,1709.9000244140625,1708.800048828125,1709.699951171875,5590
2026-01-19 13:30:00+05:30,1709.699951171875,1712.9000244140625,1709.699951171875,1712.0999755859375,23592
2026-01-19 13:35:00+05:30,1712.5999755859375,1713.9000244140625,1712.5,1713.9000244140625,13707
2026-01-19 13:40:00+05:30,1713.5,1713.5999755859375,1711.800048828125,1712.0,10238
2026-01-19 13:45:00+05:30,1712.0,1713.5999755859375,1711.0999755859375,1713.199951171875,10016
2026-01-19 13:50:00+05:30,1713.4000244140625,1714.0,1713.0,1713.0999755859375,10750
2026-01-19 13:55:00+05:30,1713.0999755859375,1713.5999755859375,1712.199951171875,1712.9000244140625,10031
2026-01-19 14:00:00+05:30,1712.9000244140625,1714.5,1712.0999755859375,1713.4000244140625,21219
2026-01-19 14:05:00+05:30,1713.4000244140625,1716.5999755859375,1713.0999755859375,1715.300048828125,33636
2026-01-19 14:10:00+05:30,1714.699951171875,1715.800048828125,1712.0999755859375,1712.0999755859375,17726
2026-01-19 14:15:00+05:30,1711.699951171875,1714.699951171875,1711.0,1714.5,19118
2026-01-19 14:20:00+05:30,1714.5,1716.0,1713.9000244140625,1715.5,19062
2026-01-19 14:25:00+05:30,1715.5999755859375,1715.699951171875,1713.5999755859375,1714.0,13980
2026-01-19 14:30:00+05:30,1714.0,1716.5,1713.699951171875,1714.800048828125,21369
2026-01-19 14:35:00+05:30,1715.0,1715.9000244140625,1714.0999755859375,1715.5,15343
2026-01-19 14:40:00+05:30,1715.0999755859375,1718.0,1715.0999755859375,1715.9000244140625,28325
2026-01-19 14:45:00+05:30,1715.5,1718.0,1715.300048828125,1716.5,18051
2026-01-19 14:50:00+05:30,1716.199951171875,1718.0,1715.9000244140625,1717.5,12842
2026-01-19 14:55:00+05:30,1717.5,1719.0,1715.5999755859375,1718.5999755859375,40014
2026-01-19 15:00:00+05:30,1718.5999755859375,1719.0,1717.0999755859375,1717.699951171875,57030
2026-01-19 15:05:00+05:30,1717.5,1718.0,1715.4000244140625,1715.4000244140625,50035
2026-01-19 15:10:00+05:30,1715.199951171875,1718.0,1715.199951171875,1717.800048828125,72423
2026-01-19 15:15:00+05:30,1717.699951171875,1718.0,1717.0,1717.800048828125,58616
2026-01-19 15:20:00+05:30,1717.5,1717.5999755859375,1714.9000244140625,1715.9000244140625,93380
2026-01-19 15:25:00+05:30,1715.800048828125,1716.800048828125,1712.0,1716.800048828125,55831
2026-01-20 09:20:00+05:30,1710.9000244140625,1711.9000244140625,1702.0999755859375,1703.199951171875,47899
2026-01-20 09:25:00+05:30,1703.199951171875,1703.4000244140625,1701.4000244140625,1703.199951171875,27220
2026-01-20 09:30:00+05:30,1702.9000244140625,1703.5,1698.199951171875,1700.300048828125,43113
2026-01-20 09:35:00+05:30,1700.300048828125,1700.300048828125,1696.5,1699.0,31771
2026-01-20 09:40:00+05:30,1699.0,1700.0,1697.300048828125,1698.5999755859375,14294
2026-01-20 09:45:00+05:30,1698.5,1698.800048828125,1692.699951171875,1694.0,34630
2026-01-20 09:50:00+05:30,1694.0,1700.0,1693.5,1696.4000244140625,20554
2026-01-20 09:55:00+05:30,1696.4000244140625,1697.800048828125,1694.0,1695.0,15682
2026-01-20 10:00:00+05:30,1695.0,1695.0,1691.0,1692.800048828125,15798
2026-01-20 10:05:00+05:30,1692.800048828125,1694.699951171875,1692.0,1694.4000244140625,5314
2026-01-20 10:10:00+05:30,1694.5,1694.800048828125,1691.699951171875,1693.199951171875,8627
2026-01-20 10:15:00+05:30,1693.0,1694.4000244140625,1691.5,1694.4000244140625,10596
2026-01-20 10:20:00+05:30,1695.0,1699.0,1694.5999755859375,1696.9000244140625,10123
2026-01-20 10:25:00+05:30,1696.9000244140625,1698.5,1695.5999755859375,1696.0,12716
2026-01-20 10:30:00+05:30,1696.5,1696.5,1692.199951171875,1693.300048828125,15940
2026-01-20 10:35:00+05:30,1692.9000244140625,1697.4000244140625,1691.699951171875,1695.4000244140625,12682
2026-01-20 10:40:00+05:30,1695.300048828125,1696.5,1694.300048828125,1695.5,6070
2026-01-20 10:45:00+05:30,1695.5999755859375,1697.300048828125,1695.5999755859375,1696.300048828125,9929
2026-01-20 10:50:00+05:30,1696.800048828125,1697.0,1695.0,1695.800048828125,12234
2026-01-20 10:55:00+05:30,1695.800048828125,1695.9000244140625,1692.4000244140625,1692.4000244140625,16633
2026-01-20 11:00:00+05:30,1692.800048828125,1694.800048828125,1692.5,1693.5,27034
2026-01-20 11:05:00+05:30,1693.5,1694.4000244140625,1693.5,1693.800048828125,9019
2026-01-20 11:10:00+05:30,1693.9000244140625,1694.199951171875,1693.300048828125,1693.699951171875,5717
2026-01-20 11:15:00+05:30,1693.800048828125,1696.300048828125,1693.199951171875,1693.9000244140625,51536
2026-01-20 11:20:00+05:30,1693.9000244140625,1695.5999755859375,1693.800048828125,1694.0999755859375,7653
2026-01-20 11:25:00+05:30,1693.5,1693.5,1690.0,1691.9000244140625,17267
2026-01-20 11:30:00+05:30,1691.800048828125,1692.0999755859375,1689.0999755859375,1690.300048828125,13465
2026-01-20 11:35:00+05:30,1690.300048828125,1691.5,1689.9000244140625,1690.699951171875,7549
2026-01-20 11:40:00+05:30,1690.699951171875,1692.5,1690.199951171875,1692.199951171875,8364
2026-01-20 11:45:00+05:30,1692.5,1692.5,1690.300048828125,1691.199951171875,6135
2026-01-20 11:50:00+05:30,1691.199951171875,1693.699951171875,1690.0,1692.9000244140625,10548
2026-01-20 11:55:00+05:30,1692.9000244140625,1696.0,1692.0,1695.5,11568
2026-01-20 12:00:00+05:30,1695.9000244140625,1696.0,1691.699951171875,1691.699951171875,42925
2026-01-20 12:05:00+05:30,1691.699951171875,1693.0999755859375,1691.4000244140625,1692.0999755859375,8638
2026-01-20 12:10:00+05:30,1692.0999755859375,1694.199951171875,1691.699951171875,1694.199951171875,9602
2026-01-20 12:15:00+05:30,1694.199951171875,1694.800048828125,1693.0,1693.300048828125,9995
2026-01-20 12:20:00+05:30,1693.699951171875,1694.0999755859375,1689.0999755859375,1690.0,13783
2026-01-20 12:25:00+05:30,1689.699951171875,1691.300048828125,1689.699951171875,1690.4000244140625,8980
2026-01-20 12:30:00+05:30,1691.0,1691.300048828125,1690.0,1690.0999755859375,7194
2026-01-20 12:35:00+05:30,1690.0999755859375,1691.0,1689.0,1689.300048828125,30430
2026-01-20 12:40:00+05:30,1689.0,1690.0,1687.0999755859375,1689.300048828125,12529
2026-01-20 12:45:00+05:30,1689.300048828125,1691.4000244140625,1688.699951171875,1690.5999755859375,14574
2026-01-20 12:50:00+05:30,1690.5999755859375,1690.800048828125,1690.0,1690.5,7344
2026-01-20 12:55:00+05:30,1690.4000244140625,1690.699951171875,1690.0,1690.4000244140625,10482
2026-01-20 13:00:00+05:30,1690.4000244140625,1690.5,1689.199951171875,1690.4000244140625,6320
2026-01-20 13:05:00+05:30,1690.4000244140625,1691.0,1689.9000244140625,1690.800048828125,6045
2026-01-20 13:10:00+05:30,1691.0999755859375,1692.5,1690.4000244140625,1690.4000244140625,7896
2026-01-20 13:15:00+05:30,1690.4000244140625,1690.5999755859375,1689.0,1689.5999755859375,22795
2026-01-20 13:20:00+05:30,1689.699951171875,1690.0999755859375,1688.4000244140625,1690.0999755859375,15396
2026-01-20 13:25:00+05:30,1690.199951171875,1690.699951171875,1689.0999755859375,1689.5,16678
2026-01-20 13:30:00+05:30,1689.9000244140625,1689.9000244140625,1687.0,1687.0,24115
2026-01-20 13:35:00+05:30,1688.0,1690.0,1687.199951171875,1689.5,13086
2026-01-20 13:40:00+05:30,1689.5999755859375,1689.5999755859375,1687.300048828125,1688.5,7470
2026-01-20 13:45:00+05:30,1687.699951171875,1688.300048828125,1686.300048828125,1687.9000244140625,8595
2026-01-20 13:50:00+05:30,1688.199951171875,1690.0,1688.199951171875,1689.0,7577
2026-01-20 13:55:00+05:30,1689.5999755859375,1689.699951171875,1688.699951171875,1689.5999755859375,5551
2026-01-20 14:00:00+05:30,1689.5999755859375,1689.5999755859375,1685.4000244140625,1688.300048828125,19193
2026-01-20 14:05:00+05:30,1688.5,1689.5,1686.800048828125,1688.699951171875,15310
2026-01-20 14:10:00+05:30,1688.800048828125,1689.699951171875,1687.9000244140625,1688.4000244140625,32337
2026-01-20 14:15:00+05:30,1689.0,1690.0999755859375,1686.5,1689.199951171875,75856
2026-01-20 14:20:00+05:30,1689.4000244140625,1690.0,1689.0,1690.0,12914
2026-01-20 14:25:00+05:30,1690.0,1692.5,1690.0,1692.0,14720
2026-01-20 14:30:00+05:30,1692.0999755859375,1692.5,1690.4000244140625,1691.800048828125,25287
2026-01-20 14:35:00+05:30,1692.0999755859375,1692.300048828125,1690.5,1690.9000244140625,13099
2026-01-20 14:40:00+05:30,1690.800048828125,1691.199951171875,1690.0999755859375,1690.0999755859375,36514
2026-01-20 14:45:00+05:30,1690.9000244140625,1692.199951171875,1690.5,1691.5,11655
2026-01-20 14:50:00+05:30,1692.0999755859375,1692.9000244140625,1691.199951171875,1692.699951171875,17736
2026-01-20 14:55:00+05:30,1692.5999755859375,1692.9000244140625,1691.4000244140625,1691.5,22820
2026-01-20 15:00:00+05:30,1690.800048828125,1691.300048828125,1688.5999755859375,1690.0,115225
2026-01-20 15:05:00+05:30,1690.5,1691.5,1689.0,1689.9000244140625,92732
2026-01-20 15:10:00+05:30,1689.800048828125,1689.800048828125,1682.0,1683.5999755859375,94040
2026-01-20 15:15:00+05:30,1683.5999755859375,1685.0,1683.0999755859375,1684.4000244140625,55315
2026-01-20 15:20:00+05:30,1684.9000244140625,1686.0,1684.4000244140625,1686.0,62569
2026-01-20 15:25:00+05:30,1685.199951171875,1688.0,1683.9000244140625,1687.300048828125,58707
2026-01-21 09:20:00+05:30,1688.4000244140625,1688.4000244140625,1680.0999755859375,1685.5,26502
2026-01-21 09:25:00+05:30,1686.9000244140625,1687.9000244140625,1675.0,1675.5999755859375,33140
2026-01-21 09:30:00+05:30,1676.0999755859375,1678.199951171875,1670.5,1671.9000244140625,68867
2026-01-21 09:35:00+05:30,1671.9000244140625,1675.4000244140625,1669.5,1671.5,20329
2026-01-21 09:40:00+05:30,1671.5999755859375,1675.0,1670.0,1672.699951171875,17641
2026-01-21 09:45:00+05:30,1673.800048828125,1676.0,1669.0999755859375,1674.5,21596
2026-01-21 09:50:00+05:30,1674.4000244140625,1678.699951171875,1672.300048828125,1675.0,12577
2026-01-21 09:55:00+05:30,1674.0999755859375,1683.4000244140625,1674.0999755859375,1681.300048828125,28644
2026-01-21 10:00:00+05:30,1681.300048828125,1681.300048828125,1674.199951171875,1679.0,34299
2026-01-21 10:05:00+05:30,1679.0,1681.0,1678.0999755859375,1678.4000244140625,17373
2026-01-21 10:10:00+05:30,1677.5999755859375,1680.800048828125,1677.5,1678.9000244140625,15406
2026-01-21 10:15:00+05:30,1678.9000244140625,1681.0,1678.9000244140625,1679.199951171875,12762
2026-01-21 10:20:00+05:30,1680.0999755859375,1681.5,1677.300048828125,1677.699951171875,20203
2026-01-21 10:25:00+05:30,1677.699951171875,1678.5,1676.699951171875,1677.5999755859375,20421
2026-01-21 10:30:00+05:30,1677.5999755859375,1678.5999755859375,1676.300048828125,1677.5999755859375,16941
2026-01-21 10:35:00+05:30,1677.5999755859375,1679.199951171875,1675.800048828125,1676.4000244140625,19831
2026-01-21 10:40:00+05:30,1676.4000244140625,1678.9000244140625,1674.699951171875,1676.5999755859375,20907
2026-01-21 10:45:00+05:30,1675.800048828125,1676.0,1672.5,1674.699951171875,18691
2026-01-21 10:50:00+05:30,1674.699951171875,1675.0999755859375,1670.5,1671.5,85669
2026-01-21 10:55:00+05:30,1671.5,1675.699951171875,1669.5999755859375,1675.199951171875,66295
2026-01-21 11:00:00+05:30,1675.199951171875,1675.5999755859375,1672.9000244140625,1673.699951171875,45481
2026-01-21 11:05:00+05:30,1673.699951171875,1673.800048828125,1670.9000244140625,1671.9000244140625,33096
2026-01-21 11:10:00+05:30,1671.9000244140625,1675.9000244140625,1671.9000244140625,1674.699951171875,14461
2026-01-21 11:15:00+05:30,1676.0,1676.0,1673.9000244140625,1676.0,24499
2026-01-21 11:20:00+05:30,1676.800048828125,1676.800048828125,1673.9000244140625,1675.199951171875,11995
2026-01-21 11:25:00+05:30,1675.199951171875,1675.199951171875,1671.0999755859375,1671.0999755859375,20621
2026-01-21 11:30:00+05:30,1671.0999755859375,1672.699951171875,1671.0,1672.0,10287
2026-01-21 11:35:00+05:30,1671.9000244140625,1676.5999755859375,1671.9000244140625,1675.199951171875,18902
2026-01-21 11:40:00+05:30,1675.5999755859375,1676.5,1674.5,1676.4000244140625,11136
2026-01-21 11:45:00+05:30,1676.4000244140625,1677.699951171875,1676.0,1676.699951171875,14603
2026-01-21 11:50:00+05:30,1676.5999755859375,1677.9000244140625,1675.0999755859375,1677.0,22317
2026-01-21 11:55:00+05:30,1677.0999755859375,1677.699951171875,1675.0,1677.5999755859375,20438
2026-01-21 12:00:00+05:30,1677.5999755859375,1678.0999755859375,1676.0999755859375,1676.5999755859375,16123
2026-01-21 12:05:00+05:30,1676.5,1677.5999755859375,1674.300048828125,1674.300048828125,13548
2026-01-21 12:10:00+05:30,1674.300048828125,1677.5,1672.699951171875,1677.5,15293
2026-01-21 12:15:00+05:30,1677.5999755859375,1681.5999755859375,1676.800048828125,1679.800048828125,25050
2026-01-21 12:20:00+05:30,1679.9000244140625,1682.699951171875,1679.300048828125,1681.199951171875,16943
2026-01-21 12:25:00+05:30,1681.300048828125,1681.4000244140625,1676.0,1677.0,11457
2026-01-21 12:30:00+05:30,1677.199951171875,1680.0,1676.9000244140625,1679.9000244140625,10681
2026-01-21 12:35:00+05:30,1679.9000244140625,1681.800048828125,1679.300048828125,1681.0999755859375,12102
2026-01-21 12:40:00+05:30,1681.0999755859375,1682.800048828125,1680.9000244140625,1682.0,12947
2026-01-21 12:45:00+05:30,1682.0,1686.5,1682.0,1685.9000244140625,14662
2026-01-21 12:50:00+05:30,1685.800048828125,1685.800048828125,1683.300048828125,1685.5,11106
2026-01-21 12:55:00+05:30,1685.0,1686.199951171875,1684.199951171875,1685.800048828125,10681
2026-01-21 13:00:00+05:30,1685.9000244140625,1686.5,1684.699951171875,1684.699951171875,11974
2026-01-21 13:05:00+05:30,1684.800048828125,1685.9000244140625,1684.199951171875,1685.4000244140625,10399
2026-01-21 13:10:00+05:30,1685.4000244140625,1685.4000244140625,1682.800048828125,1683.699951171875,14113
2026-01-21 13:15:00+05:30,1684.300048828125,1684.300048828125,1683.0,1683.4000244140625,9236
2026-01-21 13:20:00+05:30,1683.4000244140625,1684.0999755859375,1681.5,1683.0,8851
2026-01-21 13:25:00+05:30,1683.199951171875,1684.0999755859375,1681.5999755859375,1683.300048828125,14942
2026-01-21 13:30:00+05:30,1683.300048828125,1683.800048828125,1679.0,1679.0999755859375,14653
2026-01-21 13:35:00+05:30,1679.0999755859375,1680.5999755859375,1677.4000244140625,1679.4000244140625,11552
2026-01-21 13:40:00+05:30,1679.199951171875,1679.199951171875,1677.0999755859375,1677.5999755859375,16868
2026-01-21 13:45:00+05:30,1677.9000244140625,1678.800048828125,1677.300048828125,1678.5,9936
2026-01-21 13:50:00+05:30,1678.5,1678.699951171875,1677.199951171875,1678.199951171875,9563
2026-01-21 13:55:00+05:30,1678.199951171875,1679.4000244140625,1678.0999755859375,1678.4000244140625,10717
2026-01-21 14:00:00+05:30,1678.199951171875,1679.699951171875,1678.0,1678.0,9705
2026-01-21 14:05:00+05:30,1677.800048828125,1678.5999755859375,1677.5,1677.9000244140625,11724
2026-01-21 14:10:00+05:30,1677.699951171875,1678.5999755859375,1677.300048828125,1677.699951171875,7752
2026-01-21 14:15:00+05:30,1677.800048828125,1681.699951171875,1677.0,1681.0,18931
2026-01-21 14:20:00+05:30,1680.800048828125,1681.0999755859375,1679.0999755859375,1680.199951171875,7724
2026-01-21 14:25:00+05:30,1680.199951171875,1680.199951171875,1678.4000244140625,1678.4000244140625,8468
2026-01-21 14:30:00+05:30,1678.300048828125,1681.0,1678.0,1681.0,13216
2026-01-21 14:35:00+05:30,1680.5999755859375,1681.9000244140625,1680.5999755859375,1681.300048828125,7720
2026-01-21 14:40:00+05:30,1681.199951171875,1681.5999755859375,1679.300048828125,1680.5,16889
2026-01-21 14:45:00+05:30,1680.5,1682.0,1680.0,1681.9000244140625,11177
2026-01-21 14:50:00+05:30,1681.9000244140625,1683.0,1681.5,1682.300048828125,10388
2026-01-21 14:55:00+05:30,1682.300048828125,1685.0999755859375,1682.300048828125,1684.699951171875,15334
2026-01-21 15:00:00+05:30,1683.800048828125,1683.800048828125,1680.9000244140625,1683.199951171875,73313
2026-01-21 15:05:00+05:30,1683.199951171875,1685.0,1683.0,1684.699951171875,67152
2026-01-21 15:10:00+05:30,1684.699951171875,1685.0,1682.699951171875,1683.300048828125,66285
2026-01-21 15:15:00+05:30,1683.300048828125,1683.5999755859375,1681.699951171875,1682.5999755859375,48257
2026-01-21 15:20:00+05:30,1681.699951171875,1681.699951171875,1679.800048828125,1679.9000244140625,57190
2026-01-21 15:25:00+05:30,1679.800048828125,1682.699951171875,1678.0,1678.5,56017
2026-01-22 09:20:00+05:30,1691.0,1691.199951171875,1687.0,1690.300048828125,23469
2026-01-22 09:25:00+05:30,1690.800048828125,1695.0999755859375,1690.0999755859375,1692.300048828125,30983
2026-01-22 09:30:00+05:30,1692.300048828125,1693.5999755859375,1692.0,1692.0,20446
2026-01-22 09:35:00+05:30,1692.300048828125,1696.199951171875,1691.5999755859375,1693.0999755859375,23946
2026-01-22 09:40:00+05:30,1693.4000244140625,1695.5,1693.0,1693.4000244140625,16456
2026-01-22 09:45:00+05:30,1693.9000244140625,1696.300048828125,1693.0,1696.0,25004
2026-01-22 09:50:00+05:30,1696.0999755859375,1698.5,1695.4000244140625,1696.5,17321
2026-01-22 09:55:00+05:30,1696.0999755859375,1696.4000244140625,1694.0,1695.800048828125,15476
2026-01-22 10:00:00+05:30,1695.5999755859375,1696.300048828125,1691.300048828125,1692.4000244140625,16664
2026-01-22 10:05:00+05:30,1692.199951171875,1693.699951171875,1691.300048828125,1692.5,11722
2026-01-22 10:10:00+05:30,1691.699951171875,1693.800048828125,1691.300048828125,1691.300048828125,11445
2026-01-22 10:15:00+05:30,1692.800048828125,1692.800048828125,1691.0999755859375,1691.5,11256
2026-01-22 10:20:00+05:30,1690.300048828125,1691.0999755859375,1689.0,1690.0999755859375,15768
2026-01-22 10:25:00+05:30,1690.4000244140625,1690.4000244140625,1687.0,1687.699951171875,12658
2026-01-22 10:30:00+05:30,1687.699951171875,1688.5999755859375,1686.5999755859375,1687.9000244140625,12377
2026-01-22 10:35:00+05:30,1687.9000244140625,1689.4000244140625,1685.300048828125,1685.300048828125,9547
2026-01-22 10:40:00+05:30,1685.0999755859375,1686.800048828125,1684.4000244140625,1686.4000244140625,9400
2026-01-22 10:45:00+05:30,1686.300048828125,1688.199951171875,1685.699951171875,1686.199951171875,13201
2026-01-22 10:50:00+05:30,1686.800048828125,1689.0999755859375,1685.5999755859375,1686.5,22430
2026-01-22 10:55:00+05:30,1686.0,1686.5,1682.800048828125,1683.199951171875,18625
2026-01-22 11:00:00+05:30,1682.5999755859375,1684.9000244140625,1682.5999755859375,1682.699951171875,22999
2026-01-22 11:05:00+05:30,1683.199951171875,1685.4000244140625,1681.5,1685.199951171875,25273
2026-01-22 11:10:00+05:30,1685.199951171875,1687.0,1683.9000244140625,1686.9000244140625,12146
2026-01-22 11:15:00+05:30,1686.9000244140625,1687.9000244140625,1683.9000244140625,1683.9000244140625,16929
2026-01-22 11:20:00+05:30,1683.9000244140625,1688.4000244140625,1683.4000244140625,1687.199951171875,14860
2026-01-22 11:25:00+05:30,1687.199951171875,1689.5,1686.300048828125,1687.199951171875,12731
2026-01-22 11:30:00+05:30,1686.9000244140625,1688.300048828125,1685.5999755859375,1686.800048828125,24738
2026-01-22 11:35:00+05:30,1686.699951171875,1689.9000244140625,1686.5999755859375,1689.199951171875,41640
2026-01-22 11:40:00+05:30,1689.5,1690.5999755859375,1687.199951171875,1689.199951171875,72690
2026-01-22 11:45:00+05:30,1688.9000244140625,1692.5999755859375,1688.4000244140625,1692.5999755859375,13108
2026-01-22 11:50:00+05:30,1693.300048828125,1693.5,1692.199951171875,1692.9000244140625,9651
2026-01-22 11:55:00+05:30,1692.9000244140625,1693.800048828125,1692.199951171875,1692.199951171875,11119
2026-01-22 12:00:00+05:30,1692.199951171875,1695.699951171875,1692.0,1695.5999755859375,16006
2026-01-22 12:05:00+05:30,1696.300048828125,1696.800048828125,1694.699951171875,1695.800048828125,16796
2026-01-22 12:10:00+05:30,1695.5999755859375,1698.9000244140625,1695.0,1698.5999755859375,55413
2026-01-22 12:15:00+05:30,1698.5999755859375,1701.0,1697.800048828125,1700.5,24828
2026-01-22 12:20:00+05:30,1700.300048828125,1703.4000244140625,1699.800048828125,1700.4000244140625,24543
2026-01-22 12:25:00+05:30,1700.5999755859375,1705.0,1700.5999755859375,1704.0,56070
2026-01-22 12:30:00+05:30,1704.0,1704.5,1702.9000244140625,1703.5999755859375,20057
2026-01-22 12:35:00+05:30,1703.5999755859375,1703.699951171875,1699.5999755859375,1700.300048828125,21535
2026-01-22 12:40:00+05:30,1700.0,1700.0999755859375,1696.5999755859375,1698.0999755859375,18572
2026-01-22 12:45:00+05:30,1697.4000244140625,1700.0999755859375,1697.4000244140625,1700.0,9844
2026-01-22 12:50:00+05:30,1700.0,1700.0,1698.800048828125,1699.4000244140625,10421
2026-01-22 12:55:00+05:30,1699.4000244140625,1699.5,1697.300048828125,1697.800048828125,19336
2026-01-22 13:00:00+05:30,1697.800048828125,1699.5999755859375,1697.0,1697.0,15164
2026-01-22 13:05:00+05:30,1697.300048828125,1698.5999755859375,1696.199951171875,1698.5,16413
2026-01-22 13:10:00+05:30,1698.5,1699.4000244140625,1696.800048828125,1696.800048828125,47839
2026-01-22 13:15:00+05:30,1697.300048828125,1698.5,1695.5999755859375,1695.9000244140625,9502
2026-01-22 13:20:00+05:30,1696.0,1699.300048828125,1696.0,1699.0,19229
2026-01-22 13:25:00+05:30,1698.699951171875,1698.800048828125,1698.0,1698.199951171875,7754
2026-01-22 13:30:00+05:30,1698.4000244140625,1700.9000244140625,1698.0,1700.9000244140625,16158
2026-01-22 13:35:00+05:30,1701.699951171875,1702.0,1700.0,1700.800048828125,12387
2026-01-22 13:40:00+05:30,1700.300048828125,1700.800048828125,1698.800048828125,1699.0999755859375,10667
2026-01-22 13:45:00+05:30,1699.5,1699.9000244140625,1698.199951171875,1699.5,9563
2026-01-22 13:50:00+05:30,1699.300048828125,1701.9000244140625,1699.300048828125,1701.199951171875,17077
2026-01-22 13:55:00+05:30,1701.300048828125,1701.9000244140625,1699.9000244140625,1700.5,10504
2026-01-22 14:00:00+05:30,1700.4000244140625,1701.199951171875,1698.4000244140625,1698.4000244140625,8967
2026-01-22 14:05:00+05:30,1698.9000244140625,1699.199951171875,1697.800048828125,1698.4000244140625,21546
2026-01-22 14:10:00+05:30,1698.0999755859375,1699.0,1696.0999755859375,1696.300048828125,29345
2026-01-22 14:15:00+05:30,1696.0999755859375,1696.4000244140625,1691.800048828125,1692.4000244140625,38007
2026-01-22 14:20:00+05:30,1692.5,1695.5999755859375,1692.5,1694.5,12462
2026-01-22 14:25:00+05:30,1694.5999755859375,1698.199951171875,1694.199951171875,1697.5,13484
2026-01-22 14:30:00+05:30,1698.199951171875,1702.0,1697.800048828125,1701.9000244140625,24734
2026-01-22 14:35:00+05:30,1701.800048828125,1703.4000244140625,1700.9000244140625,1702.5,27918
2026-01-22 14:40:00+05:30,1703.0,1703.5,1700.300048828125,1701.5999755859375,29930
2026-01-22 14:45:00+05:30,1701.5,1703.5,1701.199951171875,1702.0,35120
2026-01-22 14:50:00+05:30,1701.5999755859375,1702.300048828125,1700.4000244140625,1700.5999755859375,15973
2026-01-22 14:55:00+05:30,1700.4000244140625,1703.0999755859375,1700.199951171875,1702.0999755859375,17151
2026-01-22 15:00:00+05:30,1702.199951171875,1702.199951171875,1699.0,1699.199951171875,72082
2026-01-22 15:05:00+05:30,1699.0999755859375,1703.4000244140625,1698.9000244140625,1703.300048828125,74213
2026-01-22 15:10:00+05:30,1703.9000244140625,1704.300048828125,1702.4000244140625,1703.9000244140625,70459
2026-01-22 15:15:00+05:30,1703.9000244140625,1704.0,1702.5,1702.800048828125,66982
2026-01-22 15:20:00+05:30,1703.0,1706.0999755859375,1703.0,1705.9000244140625,75797
2026-01-22 15:25:00+05:30,1706.0,1709.0,1701.300048828125,1703.800048828125,54566
2026-01-23 09:20:00+05:30,1710.800048828125,1715.0999755859375,1710.4000244140625,1715.0999755859375,21903
2026-01-23 09:25:00+05:30,1715.4000244140625,1716.0,1713.800048828125,1715.699951171875,25010
2026-01-23 09:30:00+05:30,1715.9000244140625,1715.9000244140625,1712.0999755859375,1712.5,19046
2026-01-23 09:35:00+05:30,1712.699951171875,1713.800048828125,1710.4000244140625,1711.0999755859375,18977
2026-01-23 09:40:00+05:30,1711.699951171875,1712.0999755859375,1709.300048828125,1709.9000244140625,12030
2026-01-23 09:45:00+05:30,1710.5,1714.0,1709.199951171875,1712.699951171875,15257
2026-01-23 09:50:00+05:30,1712.4000244140625,1712.4000244140625,1710.800048828125,1712.4000244140625,7989
2026-01-23 09:55:00+05:30,1712.4000244140625,1712.4000244140625,1711.0,1711.0,10205
2026-01-23 10:00:00+05:30,1711.4000244140625,1712.5,1708.0,1709.699951171875,14379
2026-01-23 10:05:00+05:30,1709.9000244140625,1711.0,1706.699951171875,1707.300048828125,17961
2026-01-23 10:10:00+05:30,1708.0999755859375,1708.4000244140625,1706.5999755859375,1707.5,10486
2026-01-23 10:15:00+05:30,1707.4000244140625,1707.5999755859375,1703.5999755859375,1704.5999755859375,13700
2026-01-23 10:20:00+05:30,1704.5999755859375,1705.699951171875,1704.0,1705.5999755859375,9358
2026-01-23 10:25:00+05:30,1704.9000244140625,1707.5,1704.199951171875,1706.5999755859375,7251
2026-01-23 10:30:00+05:30,1706.5999755859375,1709.0999755859375,1705.0,1705.0,10309
2026-01-23 10:35:00+05:30,1705.0,1708.300048828125,1705.0,1707.800048828125,12560
2026-01-23 10:40:00+05:30,1708.0,1709.0,1705.9000244140625,1706.4000244140625,14218
2026-01-23 10:45:00+05:30,1706.5999755859375,1707.300048828125,1704.9000244140625,1706.300048828125,6974
2026-01-23 10:50:00+05:30,1706.300048828125,1706.699951171875,1703.9000244140625,1706.4000244140625,46425
2026-01-23 10:55:00+05:30,1706.4000244140625,1709.9000244140625,1704.800048828125,1709.300048828125,28751
2026-01-23 11:00:00+05:30,1709.300048828125,1710.0,1708.0,1708.4000244140625,13791
2026-01-23 11:05:00+05:30,1708.0,1710.0,1708.0,1710.0,6767
2026-01-23 11:10:00+05:30,1710.0,1710.0,1708.5999755859375,1710.0,6176
2026-01-23 11:15:00+05:30,1709.5999755859375,1710.800048828125,1709.0,1709.4000244140625,33870
2026-01-23 11:20:00+05:30,1709.4000244140625,1709.5999755859375,1707.800048828125,1707.800048828125,6931
2026-01-23 11:25:00+05:30,1707.5999755859375,1710.5,1707.5999755859375,1709.5999755859375,39008
2026-01-23 11:30:00+05:30,1709.5,1709.699951171875,1705.800048828125,1706.5999755859375,15781
2026-01-23 11:35:00+05:30,1706.300048828125,1708.9000244140625,1706.199951171875,1708.199951171875,40692
2026-01-23 11:40:00+05:30,1707.5999755859375,1710.0,1707.5999755859375,1710.0,24103
2026-01-23 11:45:00+05:30,1710.0,1712.0,1709.5999755859375,1710.5,24290
2026-01-23 11:50:00+05:30,1711.0999755859375,1713.5,1710.0999755859375,1712.5,14889
2026-01-23 11:55:00+05:30,1713.0,1715.0,1712.5,1713.800048828125,19329
2026-01-23 12:00:00+05:30,1713.800048828125,1716.9000244140625,1713.5999755859375,1716.0999755859375,21490
2026-01-23 12:05:00+05:30,1715.699951171875,1717.0,1715.300048828125,1717.0,19497
2026-01-23 12:10:00+05:30,1717.0,1717.199951171875,1714.4000244140625,1715.0,21361
2026-01-23 12:15:00+05:30,1715.0,1717.199951171875,1714.4000244140625,1717.199951171875,19701
2026-01-23 12:20:00+05:30,1717.699951171875,1719.699951171875,1716.300048828125,1719.4000244140625,25699
2026-01-23 12:25:00+05:30,1719.5,1720.9000244140625,1717.699951171875,1719.9000244140625,37166
2026-01-23 12:30:00+05:30,1720.0,1720.0,1714.800048828125,1715.9000244140625,13522
2026-01-23 12:35:00+05:30,1715.4000244140625,1718.4000244140625,1715.0999755859375,1717.0,19663
2026-01-23 12:40:00+05:30,1717.0,1718.199951171875,1715.9000244140625,1717.5,12126
2026-01-23 12:45:00+05:30,1717.5,1719.0,1716.9000244140625,1717.800048828125,13643
2026-01-23 12:50:00+05:30,1717.5,1717.5,1715.5999755859375,1715.699951171875,20861
2026-01-23 12:55:00+05:30,1715.5999755859375,1715.5999755859375,1713.0,1715.0999755859375,17211
2026-01-23 13:00:00+05:30,1714.5,1715.5,1713.0,1713.800048828125,29137
2026-01-23 13:05:00+05:30,1713.800048828125,1716.9000244140625,1712.699951171875,1716.699951171875,42873
2026-01-23 13:10:00+05:30,1716.5,1716.9000244140625,1714.199951171875,1714.699951171875,63595
2026-01-23 13:15:00+05:30,1714.699951171875,1715.300048828125,1712.199951171875,1713.800048828125,15719
2026-01-23 13:20:00+05:30,1713.199951171875,1713.9000244140625,1711.199951171875,1711.9000244140625,15158
2026-01-23 13:25:00+05:30,1711.9000244140625,1714.0,1710.9000244140625,1711.5999755859375,70560
2026-01-23 13:30:00+05:30,1712.0999755859375,1712.300048828125,1708.300048828125,1708.5,21945
2026-01-23 13:35:00+05:30,1708.5,1709.699951171875,1707.800048828125,1709.0,17810
2026-01-23 13:40:00+05:30,1709.0,1712.300048828125,1708.5,1709.800048828125,55720
2026-01-23 13:45:00+05:30,1709.5,1709.699951171875,1707.4000244140625,1708.699951171875,12248
2026-01-23 13:50:00+05:30,1708.5,1709.0,1707.0,1707.300048828125,28692
2026-01-23 13:55:00+05:30,1707.0999755859375,1707.5,1704.5,1704.699951171875,12808
2026-01-23 14:00:00+05:30,1704.699951171875,1705.0,1703.199951171875,1703.699951171875,9080
2026-01-23 14:05:00+05:30,1703.5999755859375,1703.800048828125,1702.4000244140625,1703.699951171875,11015
2026-01-23 14:10:00+05:30,1703.9000244140625,1703.9000244140625,1700.199951171875,1701.199951171875,23198
2026-01-23 14:15:00+05:30,1701.0,1703.300048828125,1698.9000244140625,1700.0999755859375,28018
2026-01-23 14:20:00+05:30,1699.699951171875,1702.0,1699.4000244140625,1701.300048828125,17503
2026-01-23 14:25:00+05:30,1701.5,1704.699951171875,1701.199951171875,1704.5999755859375,16237
2026-01-23 14:30:00+05:30,1704.699951171875,1707.4000244140625,1704.199951171875,1707.0,17768
2026-01-23 14:35:00+05:30,1707.0,1707.5999755859375,1705.5999755859375,1707.300048828125,24532
2026-01-23 14:40:00+05:30,1707.300048828125,1708.699951171875,1706.0999755859375,1706.0999755859375,17169
2026-01-23 14:45:00+05:30,1707.300048828125,1707.300048828125,1705.199951171875,1705.199951171875,21908
2026-01-23 14:50:00+05:30,1705.4000244140625,1706.199951171875,1703.5999755859375,1703.5999755859375,20606
2026-01-23 14:55:00+05:30,1704.300048828125,1707.699951171875,1704.300048828125,1706.0999755859375,21136
2026-01-23 15:00:00+05:30,1706.0999755859375,1709.300048828125,1706.0999755859375,1709.0999755859375,55178
2026-01-23 15:05:00+05:30,1708.9000244140625,1710.5,1705.0,1705.300048828125,89034
2026-01-23 15:10:00+05:30,1705.800048828125,1707.5,1705.4000244140625,1707.0,60227
2026-01-23 15:15:00+05:30,1706.4000244140625,1707.5999755859375,1704.800048828125,1707.199951171875,46983
2026-01-23 15:20:00+05:30,1707.4000244140625,1707.5,1705.5,1705.5,61885
2026-01-23 15:25:00+05:30,1705.800048828125,1708.300048828125,1701.800048828125,1701.800048828125,45620
2026-01-27 09:20:00+05:30,1706.0,1708.300048828125,1703.300048828125,1706.0999755859375,39291
2026-01-27 09:25:00+05:30,1706.0,1707.9000244140625,1704.300048828125,1707.0,28297
2026-01-27 09:30:00+05:30,1707.4000244140625,1708.5999755859375,1703.800048828125,1706.0999755859375,56339
2026-01-27 09:35:00+05:30,1705.800048828125,1714.5999755859375,1705.300048828125,1713.800048828125,45498
2026-01-27 09:40:00+05:30,1713.9000244140625,1716.5999755859375,1711.800048828125,1716.199951171875,43645
2026-01-27 09:45:00+05:30,1717.0,1717.0,1713.199951171875,1713.199951171875,33198
2026-01-27 09:50:00+05:30,1713.199951171875,1715.0,1711.699951171875,1714.9000244140625,22882
2026-01-27 09:55:00+05:30,1714.9000244140625,1715.0,1711.699951171875,1712.199951171875,14782
2026-01-27 10:00:00+05:30,1712.5,1715.0,1711.699951171875,1712.9000244140625,16314
2026-01-27 10:05:00+05:30,1712.5,1714.0,1712.0999755859375,1712.9000244140625,8882
2026-01-27 10:10:00+05:30,1712.9000244140625,1717.0,1712.5999755859375,1717.0,13172
2026-01-27 10:15:00+05:30,1716.9000244140625,1721.9000244140625,1716.4000244140625,1721.0999755859375,39941
2026-01-27 10:20:00+05:30,1721.300048828125,1721.300048828125,1719.199951171875,1720.5999755859375,18732
2026-01-27 10:25:00+05:30,1720.0999755859375,1722.0,1718.5999755859375,1718.5999755859375,17434
2026-01-27 10:30:00+05:30,1719.199951171875,1719.9000244140625,1717.5999755859375,1718.800048828125,14359
2026-01-27 10:35:00+05:30,1719.199951171875,1719.199951171875,1717.0999755859375,1717.0999755859375,9913
2026-01-27 10:40:00+05:30,1717.199951171875,1717.9000244140625,1710.4000244140625,1711.699951171875,21321
2026-01-27 10:45:00+05:30,1711.300048828125,1711.9000244140625,1708.5,1710.300048828125,13769
2026-01-27 10:50:00+05:30,1710.300048828125,1710.300048828125,1701.9000244140625,1702.0,42328
2026-01-27 10:55:00+05:30,1701.9000244140625,1704.9000244140625,1701.5,1701.5999755859375,21743
2026-01-27 11:00:00+05:30,1702.0999755859375,1704.300048828125,1701.5999755859375,1704.300048828125,18267
2026-01-27 11:05:00+05:30,1703.0,1705.699951171875,1701.0,1705.0999755859375,34472
2026-01-27 11:10:00+05:30,1705.0,1705.9000244140625,1701.800048828125,1702.300048828125,60904
2026-01-27 11:15:00+05:30,1702.800048828125,1706.800048828125,1701.5999755859375,1706.5,20683
2026-01-27 11:20:00+05:30,1707.9000244140625,1708.800048828125,1705.0,1705.300048828125,62996
2026-01-27 11:25:00+05:30,1705.300048828125,1707.0,1705.0,1706.199951171875,46775
2026-01-27 11:30:00+05:30,1706.5,1710.0999755859375,1706.0,1708.9000244140625,33453
2026-01-27 11:35:00+05:30,1709.9000244140625,1711.199951171875,1708.199951171875,1711.199951171875,17743
2026-01-27 11:40:00+05:30,1711.300048828125,1717.5999755859375,1711.300048828125,1716.5999755859375,20861
2026-01-27 11:45:00+05:30,1717.199951171875,1717.800048828125,1714.300048828125,1714.300048828125,17534
2026-01-27 11:50:00+05:30,1714.4000244140625,1716.0,1714.0,1715.0999755859375,15524
2026-01-27 11:55:00+05:30,1715.300048828125,1716.800048828125,1714.0,1715.5999755859375,17102
2026-01-27 12:00:00+05:30,1715.5999755859375,1717.800048828125,1715.0,1715.4000244140625,57032
2026-01-27 12:05:00+05:30,1716.9000244140625,1717.0999755859375,1715.9000244140625,1717.0,13682
2026-01-27 12:10:00+05:30,1717.0,1717.0,1715.0,1716.5,15226
2026-01-27 12:15:00+05:30,1716.199951171875,1717.4000244140625,1714.0,1714.0,21576
2026-01-27 12:20:00+05:30,1714.199951171875,1718.0,1713.5999755859375,1714.5999755859375,63795
2026-01-27 12:25:00+05:30,1713.5999755859375,1716.199951171875,1707.4000244140625,1712.699951171875,42928
2026-01-27 12:30:00+05:30,1711.800048828125,1713.0999755859375,1710.5,1712.5,66852
2026-01-27 12:35:00+05:30,1713.199951171875,1715.5,1708.800048828125,1709.5,34936
2026-01-27 12:40:00+05:30,1709.0,1710.5,1708.300048828125,1709.199951171875,17345
2026-01-27 12:45:00+05:30,1709.5,1710.800048828125,1708.300048828125,1709.0,13906
2026-01-27 12:50:00+05:30,1708.9000244140625,1712.699951171875,1708.199951171875,1712.699951171875,33482
2026-01-27 12:55:00+05:30,1712.5999755859375,1715.0,1712.5999755859375,1714.5999755859375,10861
2026-01-27 13:00:00+05:30,1714.699951171875,1714.699951171875,1711.199951171875,1712.5,40878
2026-01-27 13:05:00+05:30,1712.4000244140625,1712.699951171875,1709.9000244140625,1710.4000244140625,23079
2026-01-27 13:10:00+05:30,1710.9000244140625,1713.5999755859375,1710.0999755859375,1712.300048828125,11422
2026-01-27 13:15:00+05:30,1712.5,1713.800048828125,1712.0,1713.800048828125,14668
2026-01-27 13:20:00+05:30,1713.800048828125,1716.300048828125,1712.300048828125,1716.300048828125,17053
2026-01-27 13:25:00+05:30,1716.199951171875,1718.5999755859375,1714.5999755859375,1718.0,12777
2026-01-27 13:30:00+05:30,1717.300048828125,1719.800048828125,1717.300048828125,1718.5999755859375,15562
2026-01-27 13:35:00+05:30,1718.5999755859375,1718.5999755859375,1715.0999755859375,1715.4000244140625,29479
2026-01-27 13:40:00+05:30,1716.199951171875,1717.5999755859375,1713.5,1717.5,12795
2026-01-27 13:45:00+05:30,1717.199951171875,1717.5,1715.699951171875,1717.300048828125,12908
2026-01-27 13:50:00+05:30,1717.300048828125,1717.5,1715.0,1715.0,9475
2026-01-27 13:55:00+05:30,1715.4000244140625,1715.9000244140625,1711.800048828125,1713.4000244140625,69179
2026-01-27 14:00:00+05:30,1714.0999755859375,1715.5999755859375,1713.5999755859375,1715.199951171875,18654
2026-01-27 14:05:00+05:30,1715.199951171875,1717.0,1715.0999755859375,1716.0,15014
2026-01-27 14:10:00+05:30,1716.199951171875,1718.5999755859375,1716.0999755859375,1717.4000244140625,24767
2026-01-27 14:15:00+05:30,1717.300048828125,1718.800048828125,1716.0,1716.0,21886
2026-01-27 14:20:00+05:30,1716.5,1716.9000244140625,1715.0,1715.699951171875,15194
2026-01-27 14:25:00+05:30,1715.800048828125,1717.199951171875,1715.699951171875,1716.199951171875,12118
2026-01-27 14:30:00+05:30,1716.0,1718.300048828125,1715.4000244140625,1717.0,13037
2026-01-27 14:35:00+05:30,1717.0,1721.0999755859375,1716.0999755859375,1721.0999755859375,26901
2026-01-27 14:40:00+05:30,1720.699951171875,1721.9000244140625,1719.5999755859375,1720.4000244140625,18960
2026-01-27 14:45:00+05:30,1720.699951171875,1722.800048828125,1720.699951171875,1722.300048828125,45723
2026-01-27 14:50:00+05:30,1722.699951171875,1725.0,1722.300048828125,1723.699951171875,84341
2026-01-27 14:55:00+05:30,1723.699951171875,1725.5,1722.0999755859375,1723.800048828125,45098
2026-01-27 15:00:00+05:30,1724.0,1724.0,1717.9000244140625,1719.699951171875,126380
2026-01-27 15:05:00+05:30,1719.9000244140625,1721.4000244140625,1718.199951171875,1720.5,84794
2026-01-27 15:10:00+05:30,1720.699951171875,1722.300048828125,1719.699951171875,1720.5999755859375,97142
2026-01-27 15:15:00+05:30,1720.800048828125,1720.9000244140625,1719.800048828125,1719.9000244140625,104791
2026-01-27 15:20:00+05:30,1719.699951171875,1721.300048828125,1719.0,1721.0,84296
2026-01-27 15:25:00+05:30,1721.0,1721.0999755859375,1716.0,1720.199951171875,80201
2026-01-28 09:20:00+05:30,1713.0,1713.800048828125,1707.4000244140625,1707.5,46009
2026-01-28 09:25:00+05:30,1706.9000244140625,1707.300048828125,1701.800048828125,1705.5,78853
2026-01-28 09:30:00+05:30,1706.300048828125,1715.5,1706.300048828125,1714.199951171875,95202
2026-01-28 09:35:00+05:30,1715.5,1719.800048828125,1715.199951171875,1719.800048828125,94178
2026-01-28 09:40:00+05:30,1720.0,1723.199951171875,1718.9000244140625,1720.0,102497
2026-01-28 09:45:00+05:30,1720.0,1721.699951171875,1715.800048828125,1718.5999755859375,29531
2026-01-28 09:50:00+05:30,1718.5999755859375,1720.699951171875,1716.9000244140625,1717.699951171875,27886
2026-01-28 09:55:00+05:30,1717.699951171875,1718.699951171875,1714.699951171875,1716.699951171875,22637
2026-01-28 10:00:00+05:30,1716.699951171875,1718.0,1715.5999755859375,1717.5,14884
2026-01-28 10:05:00+05:30,1717.5,1719.4000244140625,1713.199951171875,1715.800048828125,34826
2026-01-28 10:10:00+05:30,1715.5,1715.9000244140625,1712.0,1714.300048828125,19065
2026-01-28 10:15:00+05:30,1714.0,1715.5999755859375,1711.9000244140625,1712.0,17702
2026-01-28 10:20:00+05:30,1712.199951171875,1717.199951171875,1712.0,1717.199951171875,9669
2026-01-28 10:25:00+05:30,1717.199951171875,1717.199951171875,1713.199951171875,1713.199951171875,16147
2026-01-28 10:30:00+05:30,1713.4000244140625,1713.800048828125,1711.199951171875,1712.9000244140625,17910
2026-01-28 10:35:00+05:30,1713.0,1715.4000244140625,1712.0,1715.4000244140625,14048
2026-01-28 10:40:00+05:30,1715.4000244140625,1716.9000244140625,1715.0999755859375,1715.5999755859375,10073
2026-01-28 10:45:00+05:30,1715.5999755859375,1715.5999755859375,1711.800048828125,1713.800048828125,25238
2026-01-28 10:50:00+05:30,1713.800048828125,1714.300048828125,1713.199951171875,1713.4000244140625,13502
2026-01-28 10:55:00+05:30,1713.4000244140625,1715.699951171875,1713.199951171875,1714.699951171875,16819
2026-01-28 11:00:00+05:30,1714.4000244140625,1717.199951171875,1713.0999755859375,1717.0,16346
2026-01-28 11:05:00+05:30,1716.9000244140625,1718.199951171875,1716.0999755859375,1717.199951171875,17392
2026-01-28 11:10:00+05:30,1717.0,1719.0,1716.800048828125,1718.800048828125,21703
2026-01-28 11:15:00+05:30,1719.0,1719.0,1717.199951171875,1718.4000244140625,19022
2026-01-28 11:20:00+05:30,1718.0,1718.4000244140625,1714.9000244140625,1715.4000244140625,9845
2026-01-28 11:25:00+05:30,1715.199951171875,1715.699951171875,1714.300048828125,1715.300048828125,11058
2026-01-28 11:30:00+05:30,1714.800048828125,1718.0,1714.0,1716.5,47675
2026-01-28 11:35:00+05:30,1716.5,1718.0,1713.800048828125,1714.9000244140625,36819
2026-01-28 11:40:00+05:30,1715.0,1715.0999755859375,1712.0,1712.9000244140625,25903
2026-01-28 11:45:00+05:30,1712.9000244140625,1717.5,1712.9000244140625,1716.5,12109
2026-01-28 11:50:00+05:30,1716.9000244140625,1717.5,1714.699951171875,1715.800048828125,9768
2026-01-28 11:55:00+05:30,1715.800048828125,1717.5,1715.800048828125,1717.5,9398
2026-01-28 12:00:00+05:30,1717.5,1718.0,1716.800048828125,1717.0999755859375,14872
2026-01-28 12:05:00+05:30,1717.0999755859375,1717.5,1715.9000244140625,1717.0,44218
2026-01-28 12:10:00+05:30,1717.0,1717.300048828125,1714.800048828125,1717.0999755859375,37907
2026-01-28 12:15:00+05:30,1717.0,1717.0999755859375,1715.0999755859375,1716.300048828125,70785
2026-01-28 12:20:00+05:30,1716.300048828125,1717.0999755859375,1714.800048828125,1715.5,62315
2026-01-28 12:25:00+05:30,1714.800048828125,1715.0999755859375,1712.0,1712.0999755859375,19417
2026-01-28 12:30:00+05:30,1712.0999755859375,1715.199951171875,1711.9000244140625,1715.0,21679
2026-01-28 12:35:00+05:30,1715.0,1716.0,1711.5999755859375,1712.5999755859375,41951
2026-01-28 12:40:00+05:30,1712.0,1714.0,1711.9000244140625,1712.800048828125,12069
2026-01-28 12:45:00+05:30,1712.699951171875,1715.199951171875,1711.5999755859375,1712.800048828125,66649
2026-01-28 12:50:00+05:30,1712.300048828125,1714.699951171875,1710.9000244140625,1711.699951171875,25711
2026-01-28 12:55:00+05:30,1711.9000244140625,1713.4000244140625,1711.5999755859375,1712.0,15456
2026-01-28 13:00:00+05:30,1712.0,1714.300048828125,1711.699951171875,1713.0999755859375,10111
2026-01-28 13:05:00+05:30,1713.0999755859375,1713.699951171875,1712.0,1712.0,9120
2026-01-28 13:10:00+05:30,1713.0999755859375,1714.0,1712.0,1714.0,8104
2026-01-28 13:15:00+05:30,1714.0,1714.800048828125,1712.699951171875,1714.800048828125,9759
2026-01-28 13:20:00+05:30,1714.5999755859375,1714.800048828125,1711.5,1713.0,14012
2026-01-28 13:25:00+05:30,1713.0999755859375,1716.0,1712.800048828125,1716.0,8212
2026-01-28 13:30:00+05:30,1715.9000244140625,1715.9000244140625,1714.5,1714.699951171875,7251
2026-01-28 13:35:00+05:30,1714.5999755859375,1715.5,1713.5,1714.699951171875,13101
2026-01-28 13:40:00+05:30,1714.5999755859375,1715.699951171875,1713.0999755859375,1713.5,6962
2026-01-28 13:45:00+05:30,1713.0,1714.0999755859375,1712.0,1712.300048828125,7806
2026-01-28 13:50:00+05:30,1712.5999755859375,1713.699951171875,1711.300048828125,1713.699951171875,7545
2026-01-28 13:55:00+05:30,1713.699951171875,1714.9000244140625,1713.199951171875,1714.9000244140625,6944
2026-01-28 14:00:00+05:30,1714.9000244140625,1716.9000244140625,1714.9000244140625,1715.699951171875,9251
2026-01-28 14:05:00+05:30,1715.9000244140625,1715.9000244140625,1713.800048828125,1714.699951171875,9858
2026-01-28 14:10:00+05:30,1715.300048828125,1717.699951171875,1714.9000244140625,1717.300048828125,9375
2026-01-28 14:15:00+05:30,1717.699951171875,1718.699951171875,1716.800048828125,1716.800048828125,12585
2026-01-28 14:20:00+05:30,1716.300048828125,1717.0,1715.5999755859375,1716.800048828125,9655
2026-01-28 14:25:00+05:30,1716.5999755859375,1718.0,1716.5999755859375,1717.0999755859375,9123
2026-01-28 14:30:00+05:30,1717.0999755859375,1718.300048828125,1716.5999755859375,1718.300048828125,31690
2026-01-28 14:35:00+05:30,1718.300048828125,1719.0999755859375,1717.800048828125,1718.5999755859375,17695
2026-01-28 14:40:00+05:30,1718.5,1719.300048828125,1716.4000244140625,1718.0999755859375,19707
2026-01-28 14:45:00+05:30,1718.0999755859375,1718.5,1717.4000244140625,1718.4000244140625,15100
2026-01-28 14:50:00+05:30,1718.4000244140625,1723.300048828125,1718.0,1723.300048828125,31213
2026-01-28 14:55:00+05:30,1724.0,1724.699951171875,1723.5,1723.9000244140625,29255
2026-01-28 15:00:00+05:30,1725.0999755859375,1726.5999755859375,1723.0999755859375,1725.5,87934
2026-01-28 15:05:00+05:30,1725.5999755859375,1729.5,1725.4000244140625,1729.199951171875,118494
2026-01-28 15:10:00+05:30,1729.4000244140625,1730.0,1727.4000244140625,1729.199951171875,163081
2026-01-28 15:15:00+05:30,1729.4000244140625,1733.0,1729.4000244140625,1731.699951171875,173045
2026-01-28 15:20:00+05:30,1731.5999755859375,1733.5999755859375,1731.0999755859375,1733.199951171875,146603
2026-01-28 15:25:00+05:30,1733.5,1734.0,1725.5,1726.5,140242
2026-01-29 09:20:00+05:30,1713.4000244140625,1714.4000244140625,1706.4000244140625,1710.5,38556
2026-01-29 09:25:00+05:30,1710.0,1714.0,1706.0999755859375,1706.5,20418
2026-01-29 09:30:00+05:30,1705.699951171875,1710.4000244140625,1704.699951171875,1710.4000244140625,18473
2026-01-29 09:35:00+05:30,1710.0,1710.0,1704.9000244140625,1705.0999755859375,66721
2026-01-29 09:40:00+05:30,1705.9000244140625,1707.5999755859375,1702.5,1705.199951171875,84784
2026-01-29 09:45:00+05:30,1705.4000244140625,1705.5999755859375,1702.300048828125,1703.5999755859375,21914
2026-01-29 09:50:00+05:30,1703.5999755859375,1704.4000244140625,1700.0,1701.300048828125,11044
2026-01-29 09:55:00+05:30,1702.4000244140625,1703.300048828125,1698.699951171875,1698.699951171875,18577
2026-01-29 10:00:00+05:30,1698.9000244140625,1701.0,1697.0999755859375,1699.300048828125,74335
2026-01-29 10:05:00+05:30,1699.199951171875,1699.199951171875,1696.800048828125,1697.199951171875,50777
2026-01-29 10:10:00+05:30,1696.9000244140625,1704.5999755859375,1696.5,1703.0999755859375,68532
2026-01-29 10:15:00+05:30,1702.0999755859375,1709.0,1702.0999755859375,1708.0,22376
2026-01-29 10:20:00+05:30,1708.0,1709.300048828125,1704.199951171875,1708.9000244140625,23214
2026-01-29 10:25:00+05:30,1708.300048828125,1709.0999755859375,1704.5,1707.199951171875,22912
2026-01-29 10:30:00+05:30,1707.199951171875,1708.9000244140625,1705.4000244140625,1707.9000244140625,20255
2026-01-29 10:35:00+05:30,1707.0,1707.0,1704.0999755859375,1704.0999755859375,13656
2026-01-29 10:40:00+05:30,1703.699951171875,1703.699951171875,1701.199951171875,1701.199951171875,15033
2026-01-29 10:45:00+05:30,1701.5999755859375,1704.0,1701.5999755859375,1702.9000244140625,13879
2026-01-29 10:50:00+05:30,1702.9000244140625,1706.300048828125,1702.9000244140625,1705.699951171875,20025
2026-01-29 10:55:00+05:30,1705.5999755859375,1707.0,1704.0999755859375,1706.0999755859375,15091
2026-01-29 11:00:00+05:30,1706.0999755859375,1707.5,1704.9000244140625,1705.800048828125,8367
2026-01-29 11:05:00+05:30,1706.300048828125,1708.5999755859375,1705.800048828125,1708.5999755859375,18963
2026-01-29 11:10:00+05:30,1708.4000244140625,1711.0999755859375,1707.5999755859375,1710.0,79439
2026-01-29 11:15:00+05:30,1710.0,1711.5,1708.4000244140625,1710.800048828125,12382
2026-01-29 11:20:00+05:30,1710.800048828125,1711.5,1710.0,1711.0999755859375,13956
2026-01-29 11:25:00+05:30,1711.199951171875,1711.199951171875,1708.0,1709.5999755859375,68280
2026-01-29 11:30:00+05:30,1710.5,1711.0,1709.199951171875,1710.0999755859375,28165
2026-01-29 11:35:00+05:30,1710.199951171875,1710.699951171875,1709.0,1710.300048828125,80931
2026-01-29 11:40:00+05:30,1709.5999755859375,1711.9000244140625,1709.0,1710.4000244140625,15784
2026-01-29 11:45:00+05:30,1710.4000244140625,1710.800048828125,1708.199951171875,1709.4000244140625,86972
2026-01-29 11:50:00+05:30,1709.699951171875,1710.699951171875,1708.0999755859375,1708.9000244140625,9632
2026-01-29 11:55:00+05:30,1707.5999755859375,1710.699951171875,1707.5999755859375,1709.199951171875,77331
2026-01-29 12:00:00+05:30,1709.199951171875,1711.199951171875,1708.0,1710.0999755859375,22185
2026-01-29 12:05:00+05:30,1710.0999755859375,1710.5999755859375,1709.9000244140625,1710.300048828125,29971
2026-01-29 12:10:00+05:30,1710.0,1710.800048828125,1708.5999755859375,1710.800048828125,39996
2026-01-29 12:15:00+05:30,1710.800048828125,1710.800048828125,1706.800048828125,1706.800048828125,17615
2026-01-29 12:20:00+05:30,1707.0,1709.300048828125,1706.0999755859375,1709.0,13552
2026-01-29 12:25:00+05:30,1709.0,1709.199951171875,1707.0,1708.199951171875,10927
2026-01-29 12:30:00+05:30,1708.0999755859375,1709.0,1707.5,1708.0999755859375,7202
2026-01-29 12:35:00+05:30,1708.0999755859375,1708.699951171875,1707.0999755859375,1707.5,6554
2026-01-29 12:40:00+05:30,1707.800048828125,1708.5,1707.199951171875,1707.4000244140625,5288
2026-01-29 12:45:00+05:30,1707.5,1710.699951171875,1707.0999755859375,1710.5,9024
2026-01-29 12:50:00+05:30,1710.5,1713.4000244140625,1710.0999755859375,1713.4000244140625,11422
2026-01-29 12:55:00+05:30,1714.0,1715.0,1713.4000244140625,1714.0999755859375,8669
2026-01-29 13:00:00+05:30,1714.0999755859375,1717.0,1713.5999755859375,1716.800048828125,12037
2026-01-29 13:05:00+05:30,1716.199951171875,1717.800048828125,1715.4000244140625,1717.800048828125,10228
2026-01-29 13:10:00+05:30,1717.800048828125,1719.199951171875,1717.0,1719.199951171875,27356
2026-01-29 13:15:00+05:30,1720.0999755859375,1720.199951171875,1717.5999755859375,1717.9000244140625,42166
2026-01-29 13:20:00+05:30,1718.4000244140625,1719.5999755859375,1717.9000244140625,1718.5,8978
2026-01-29 13:25:00+05:30,1718.5,1718.9000244140625,1716.0999755859375,1717.0999755859375,5649
2026-01-29 13:30:00+05:30,1717.0999755859375,1720.0,1716.5,1719.199951171875,9951
2026-01-29 13:35:00+05:30,1720.0,1720.0,1718.4000244140625,1719.4000244140625,2877
2026-01-29 13:40:00+05:30,1719.4000244140625,1721.9000244140625,1718.4000244140625,1721.9000244140625,11472
2026-01-29 13:45:00+05:30,1721.9000244140625,1723.9000244140625,1721.0999755859375,1723.5999755859375,10270
2026-01-29 13:50:00+05:30,1723.4000244140625,1724.0,1723.0,1723.699951171875,5746
2026-01-29 13:55:00+05:30,1723.699951171875,1723.800048828125,1721.800048828125,1722.699951171875,4400
2026-01-29 14:00:00+05:30,1722.300048828125,1723.0,1720.5,1720.5,13673
2026-01-29 14:05:00+05:30,1721.0,1723.699951171875,1720.0,1720.5,123644
2026-01-29 14:10:00+05:30,1720.5,1723.4000244140625,1720.199951171875,1721.9000244140625,21160
2026-01-29 14:15:00+05:30,1721.800048828125,1723.0999755859375,1720.9000244140625,1722.0,8124
2026-01-29 14:20:00+05:30,1721.4000244140625,1722.300048828125,1720.5,1721.199951171875,9178
2026-01-29 14:25:00+05:30,1720.5,1723.199951171875,1720.5,1723.199951171875,13459
2026-01-29 14:30:00+05:30,1723.0,1724.0,1722.4000244140625,1723.0999755859375,33062
2026-01-29 14:35:00+05:30,1723.0999755859375,1723.199951171875,1720.9000244140625,1722.4000244140625,15039
2026-01-29 14:40:00+05:30,1722.0,1722.699951171875,1721.0,1721.800048828125,12502
2026-01-29 14:45:00+05:30,1721.5,1722.9000244140625,1720.699951171875,1721.800048828125,12966
2026-01-29 14:50:00+05:30,1721.800048828125,1722.699951171875,1720.699951171875,1721.4000244140625,23570
2026-01-29 14:55:00+05:30,1721.4000244140625,1722.0999755859375,1720.5,1721.0,9550
2026-01-29 15:00:00+05:30,1722.0,1722.9000244140625,1721.5,1722.300048828125,52294
2026-01-29 15:05:00+05:30,1722.300048828125,1724.0999755859375,1722.0,1722.9000244140625,67859
2026-01-29 15:10:00+05:30,1723.0,1723.300048828125,1720.5999755859375,1720.800048828125,49584
2026-01-29 15:15:00+05:30,1721.199951171875,1721.699951171875,1720.0,1720.0999755859375,73188
2026-01-29 15:20:00+05:30,1720.699951171875,1722.0999755859375,1719.0999755859375,1719.0999755859375,85468
2026-01-30 09:15:00+05:30,1710.300048828125,1710.300048828125,1686.300048828125,1687.800048828125,147889
2026-01-30 09:20:00+05:30,1687.0,1691.199951171875,1684.0,1685.699951171875,56410
2026-01-30 09:25:00+05:30,1685.5,1692.0999755859375,1684.699951171875,1689.199951171875,59426
2026-01-30 09:30:00+05:30,1688.5999755859375,1689.5,1684.4000244140625,1685.4000244140625,44987
2026-01-30 09:35:00+05:30,1686.0,1690.800048828125,1686.0,1690.0,65820
2026-01-30 09:40:00+05:30,1690.199951171875,1690.800048828125,1685.4000244140625,1688.199951171875,55753
2026-01-30 09:45:00+05:30,1689.199951171875,1696.5,1689.199951171875,1694.800048828125,39390
2026-01-30 09:50:00+05:30,1694.699951171875,1698.0,1692.699951171875,1696.699951171875,92471
2026-01-30 09:55:00+05:30,1696.4000244140625,1699.5999755859375,1692.9000244140625,1697.800048828125,141524
2026-01-30 10:00:00+05:30,1697.5999755859375,1700.4000244140625,1696.0999755859375,1696.0999755859375,82995
2026-01-30 10:05:00+05:30,1695.4000244140625,1696.4000244140625,1693.4000244140625,1694.5999755859375,76320
2026-01-30 10:10:00+05:30,1694.5999755859375,1694.699951171875,1691.0,1694.300048828125,52090
2026-01-30 10:15:00+05:30,1694.300048828125,1696.4000244140625,1691.0999755859375,1691.199951171875,31354
2026-01-30 10:20:00+05:30,1690.300048828125,1691.800048828125,1688.4000244140625,1689.699951171875,56211
2026-01-30 10:25:00+05:30,1689.699951171875,1689.9000244140625,1687.699951171875,1689.4000244140625,30575
2026-01-30 10:30:00+05:30,1689.9000244140625,1690.4000244140625,1687.0999755859375,1688.699951171875,63844
2026-01-30 10:35:00+05:30,1688.699951171875,1696.4000244140625,1688.4000244140625,1695.9000244140625,45314
2026-01-30 10:40:00+05:30,1696.4000244140625,1702.300048828125,1694.699951171875,1702.0999755859375,39174
2026-01-30 10:45:00+05:30,1701.800048828125,1702.4000244140625,1700.0,1700.300048828125,23828
2026-01-30 10:50:00+05:30,1700.300048828125,1701.199951171875,1699.0,1699.9000244140625,46730
2026-01-30 10:55:00+05:30,1699.9000244140625,1700.699951171875,1698.9000244140625,1699.0,20658
2026-01-30 11:00:00+05:30,1698.9000244140625,1700.0999755859375,1698.9000244140625,1699.5,29901
2026-01-30 11:05:00+05:30,1699.4000244140625,1702.0999755859375,1698.800048828125,1699.9000244140625,41052
2026-01-30 11:10:00+05:30,1700.0,1700.5999755859375,1697.0,1697.0,18929
2026-01-30 11:15:00+05:30,1697.0,1697.0,1695.5,1696.0999755859375,24515
2026-01-30 11:20:00+05:30,1696.0999755859375,1697.800048828125,1696.0999755859375,1697.0,22179
2026-01-30 11:25:00+05:30,1697.5999755859375,1699.5,1696.9000244140625,1697.0999755859375,10313
2026-01-30 11:30:00+05:30,1696.9000244140625,1696.9000244140625,1692.800048828125,1694.800048828125,19868
2026-01-30 11:35:00+05:30,1694.800048828125,1697.4000244140625,1692.5,1697.300048828125,14480
2026-01-30 11:40:00+05:30,1697.300048828125,1697.4000244140625,1695.300048828125,1696.800048828125,12201
2026-01-30 11:45:00+05:30,1696.5,1697.300048828125,1695.0,1695.9000244140625,15352
2026-01-30 11:50:00+05:30,1695.800048828125,1698.699951171875,1695.800048828125,1698.0,16019
2026-01-30 11:55:00+05:30,1697.800048828125,1699.0999755859375,1696.4000244140625,1698.699951171875,50944
2026-01-30 12:00:00+05:30,1698.800048828125,1699.5999755859375,1697.4000244140625,1699.5,13950
2026-01-30 12:05:00+05:30,1699.300048828125,1700.199951171875,1697.300048828125,1698.5999755859375,15801
2026-01-30 12:10:00+05:30,1698.699951171875,1699.199951171875,1697.0999755859375,1699.0,11878
2026-01-30 12:15:00+05:30,1698.9000244140625,1699.199951171875,1697.0,1697.300048828125,10448
2026-01-30 12:20:00+05:30,1697.4000244140625,1697.5,1693.0,1695.300048828125,13927
2026-01-30 12:25:00+05:30,1695.300048828125,1696.199951171875,1690.800048828125,1691.199951171875,18602
2026-01-30 12:30:00+05:30,1691.300048828125,1695.5999755859375,1691.300048828125,1694.199951171875,27836
2026-01-30 12:35:00+05:30,1694.800048828125,1696.0999755859375,1694.0,1694.0,53524
2026-01-30 12:40:00+05:30,1694.300048828125,1695.4000244140625,1692.699951171875,1693.9000244140625,37670
2026-01-30 12:45:00+05:30,1693.800048828125,1695.4000244140625,1692.0999755859375,1694.4000244140625,45446
2026-01-30 12:50:00+05:30,1694.5,1695.9000244140625,1694.0,1695.699951171875,14884
2026-01-30 12:55:00+05:30,1695.4000244140625,1696.4000244140625,1695.0,1696.0999755859375,24291
2026-01-30 13:00:00+05:30,1696.199951171875,1698.9000244140625,1694.0,1698.4000244140625,67134
2026-01-30 13:05:00+05:30,1698.199951171875,1698.300048828125,1696.800048828125,1696.9000244140625,13276
2026-01-30 13:10:00+05:30,1696.5999755859375,1698.0,1695.0,1697.4000244140625,14162
2026-01-30 13:15:00+05:30,1697.0999755859375,1698.0,1695.199951171875,1696.4000244140625,16310
2026-01-30 13:20:00+05:30,1696.5,1696.9000244140625,1695.300048828125,1695.5,9626
2026-01-30 13:25:00+05:30,1695.4000244140625,1699.199951171875,1695.300048828125,1699.199951171875,15660
2026-01-30 13:30:00+05:30,1698.9000244140625,1699.199951171875,1697.0,1697.800048828125,14020
2026-01-30 13:35:00+05:30,1697.800048828125,1699.199951171875,1697.5,1698.9000244140625,11447
2026-01-30 13:40:00+05:30,1699.0,1700.0,1698.300048828125,1699.800048828125,12929
2026-01-30 13:45:00+05:30,1699.4000244140625,1700.9000244140625,1698.4000244140625,1700.0999755859375,22847
2026-01-30 13:50:00+05:30,1700.300048828125,1704.5999755859375,1699.699951171875,1703.5999755859375,44297
2026-01-30 13:55:00+05:30,1704.0999755859375,1704.5,1702.0,1702.699951171875,15420
2026-01-30 14:00:00+05:30,1702.5999755859375,1721.5999755859375,1702.5,1702.699951171875,10533
2026-01-30 14:05:00+05:30,1702.9000244140625,1705.0,1702.9000244140625,1704.0999755859375,13844
2026-01-30 14:10:00+05:30,1704.300048828125,1705.699951171875,1703.4000244140625,1704.300048828125,49159
2026-01-30 14:15:00+05:30,1704.5999755859375,1704.5999755859375,1693.0999755859375,1696.5,157601
2026-01-30 14:20:00+05:30,1696.300048828125,1700.300048828125,1695.9000244140625,1700.0999755859375,82515
2026-01-30 14:25:00+05:30,1699.5,1700.5999755859375,1697.699951171875,1699.9000244140625,49260
2026-01-30 14:30:00+05:30,1700.0999755859375,1702.199951171875,1699.199951171875,1699.300048828125,52533
2026-01-30 14:35:00+05:30,1700.4000244140625,1704.4000244140625,1700.0,1703.0999755859375,58450
2026-01-30 14:40:00+05:30,1703.0,1703.0999755859375,1699.800048828125,1701.800048828125,126822
2026-01-30 14:45:00+05:30,1701.4000244140625,1703.699951171875,1700.800048828125,1702.5,104270
2026-01-30 14:50:00+05:30,1702.300048828125,1703.4000244140625,1701.0,1701.0,127029
2026-01-30 14:55:00+05:30,1701.0999755859375,1704.0999755859375,1700.0,1702.300048828125,156002
2026-01-30 15:00:00+05:30,1702.4000244140625,1702.5,1696.0999755859375,1698.699951171875,244390
2026-01-30 15:05:00+05:30,1698.5999755859375,1700.0999755859375,1697.0999755859375,1697.9000244140625,288500
2026-01-30 15:10:00+05:30,1697.9000244140625,1698.0,1697.699951171875,1697.9000244140625,177288
2026-01-30 15:15:00+05:30,1697.9000244140625,1697.9000244140625,1694.800048828125,1694.800048828125,217360
2026-01-30 15:20:00+05:30,1694.9000244140625,1694.9000244140625,1687.699951171875,1690.5,262510
2026-01-30 15:25:00+05:30,1690.5,1696.800048828125,1687.9000244140625,1691.4000244140625,175855
2026-02-03 09:15:00+05:30,1768.300048828125,1768.300048828125,1710.5999755859375,1732.9000244140625,292877
2026-02-03 09:20:00+05:30,1732.800048828125,1737.0,1722.800048828125,1724.199951171875,84971
2026-02-03 09:25:00+05:30,1724.800048828125,1725.0,1715.0999755859375,1715.0999755859375,58741
2026-02-03 09:30:00+05:30,1715.0,1716.5999755859375,1711.199951171875,1711.699951171875,48030
2026-02-03 09:35:00+05:30,1711.5999755859375,1718.300048828125,1710.0999755859375,1712.699951171875,94543
2026-02-03 09:40:00+05:30,1713.4000244140625,1715.800048828125,1711.0999755859375,1715.0,39528
2026-02-03 09:45:00+05:30,1715.199951171875,1717.0,1710.4000244140625,1716.4000244140625,54041
2026-02-03 09:50:00+05:30,1716.300048828125,1719.0,1713.699951171875,1716.4000244140625,34038
2026-02-03 09:55:00+05:30,1715.9000244140625,1718.0,1712.5,1713.0999755859375,36482
2026-02-03 10:00:00+05:30,1713.800048828125,1715.800048828125,1711.0,1711.0,29944
2026-02-03 10:05:00+05:30,1711.4000244140625,1711.4000244140625,1705.0,1708.5999755859375,23272
2026-02-03 10:10:00+05:30,1708.199951171875,1712.0,1706.699951171875,1710.9000244140625,32983
2026-02-03 10:15:00+05:30,1710.9000244140625,1720.0,1710.800048828125,1719.9000244140625,34784
2026-02-03 10:20:00+05:30,1719.699951171875,1720.0999755859375,1717.5,1718.300048828125,32077
2026-02-03 10:25:00+05:30,1718.800048828125,1718.800048828125,1710.9000244140625,1711.4000244140625,33531
2026-02-03 10:30:00+05:30,1710.800048828125,1712.300048828125,1708.0999755859375,1709.699951171875,19598
2026-02-03 10:35:00+05:30,1710.4000244140625,1712.0,1709.0999755859375,1710.4000244140625,13997
2026-02-03 10:40:00+05:30,1710.4000244140625,1711.4000244140625,1708.0999755859375,1709.0999755859375,13876
2026-02-03 10:45:00+05:30,1709.4000244140625,1710.5,1705.4000244140625,1707.199951171875,11753
2026-02-03 10:50:00+05:30,1707.199951171875,1708.5,1705.0,1706.4000244140625,8835
2026-02-03 10:55:00+05:30,1706.0999755859375,1709.4000244140625,1704.0,1708.5999755859375,44457
2026-02-03 11:00:00+05:30,1708.9000244140625,1710.0,1706.0999755859375,1708.5,46698
2026-02-03 11:05:00+05:30,1708.4000244140625,1711.9000244140625,1708.4000244140625,1711.4000244140625,11424
2026-02-03 11:10:00+05:30,1711.699951171875,1711.699951171875,1709.4000244140625,1711.0,11381
2026-02-03 11:15:00+05:30,1710.9000244140625,1711.300048828125,1708.9000244140625,1709.4000244140625,10534
2026-02-03 11:20:00+05:30,1709.4000244140625,1713.0,1708.0,1712.0,20945
2026-02-03 11:25:00+05:30,1712.0,1716.800048828125,1712.0,1716.0,56729
2026-02-03 11:30:00+05:30,1716.0,1720.4000244140625,1715.199951171875,1719.699951171875,42168
2026-02-03 11:35:00+05:30,1719.5999755859375,1722.300048828125,1719.300048828125,1722.300048828125,115818
2026-02-03 11:40:00+05:30,1721.800048828125,1726.9000244140625,1721.800048828125,1725.199951171875,42283
2026-02-03 11:45:00+05:30,1725.0999755859375,1726.0,1721.0,1721.0,178608
2026-02-03 11:50:00+05:30,1721.0,1721.9000244140625,1718.199951171875,1720.199951171875,29855
2026-02-03 11:55:00+05:30,1720.9000244140625,1722.300048828125,1720.0,1720.9000244140625,59935
2026-02-03 12:00:00+05:30,1720.9000244140625,1721.699951171875,1720.0,1721.0999755859375,214597
2026-02-03 12:05:00+05:30,1720.0,1720.800048828125,1718.0,1718.699951171875,70651
2026-02-03 12:10:00+05:30,1718.5,1719.300048828125,1718.0,1718.4000244140625,4839
2026-02-03 12:15:00+05:30,1718.0,1718.0,1713.699951171875,1714.199951171875,25522
2026-02-03 12:20:00+05:30,1714.699951171875,1714.9000244140625,1711.5,1711.5,12601
2026-02-03 12:25:00+05:30,1711.5,1711.800048828125,1710.0999755859375,1711.0,13291
2026-02-03 12:30:00+05:30,1710.699951171875,1712.800048828125,1710.0999755859375,1710.800048828125,8291
2026-02-03 12:35:00+05:30,1711.4000244140625,1711.5,1709.0999755859375,1710.800048828125,12428
2026-02-03 12:40:00+05:30,1711.199951171875,1713.0999755859375,1710.199951171875,1711.4000244140625,25539
2026-02-03 12:45:00+05:30,1710.9000244140625,1711.4000244140625,1706.5,1709.0,71054
2026-02-03 12:50:00+05:30,1709.0999755859375,1709.9000244140625,1707.4000244140625,1709.0,12597
2026-02-03 12:55:00+05:30,1709.300048828125,1711.199951171875,1706.9000244140625,1709.0,17648
2026-02-03 13:00:00+05:30,1709.0999755859375,1710.4000244140625,1706.699951171875,1706.800048828125,12055
2026-02-03 13:05:00+05:30,1706.5999755859375,1707.0,1705.0999755859375,1705.5999755859375,27085
2026-02-03 13:10:00+05:30,1705.800048828125,1706.5,1705.199951171875,1706.0999755859375,4859
2026-02-03 13:15:00+05:30,1706.5999755859375,1706.800048828125,1703.5999755859375,1703.9000244140625,18013
2026-02-03 13:20:00+05:30,1703.5999755859375,1704.4000244140625,1702.199951171875,1703.199951171875,11358
2026-02-03 13:25:00+05:30,1703.199951171875,1703.4000244140625,1700.199951171875,1701.0,16393
2026-02-03 13:30:00+05:30,1701.0,1701.0,1698.800048828125,1699.699951171875,14238
2026-02-03 13:35:00+05:30,1700.199951171875,1700.199951171875,1696.699951171875,1699.699951171875,17526
2026-02-03 13:40:00+05:30,1700.0,1702.5999755859375,1698.5,1701.5,17451
2026-02-03 13:45:00+05:30,1701.800048828125,1703.199951171875,1700.699951171875,1700.699951171875,7356
2026-02-03 13:50:00+05:30,1700.5,1703.5,1700.5,1703.0999755859375,5275
2026-02-03 13:55:00+05:30,1703.5999755859375,1704.199951171875,1701.0999755859375,1701.300048828125,9257
2026-02-03 14:00:00+05:30,1701.4000244140625,1702.800048828125,1699.9000244140625,1702.800048828125,8410
2026-02-03 14:05:00+05:30,1702.699951171875,1704.0,1701.5,1702.5999755859375,38118
2026-02-03 14:10:00+05:30,1702.699951171875,1703.0999755859375,1700.5,1702.0,7783
2026-02-03 14:15:00+05:30,1701.5999755859375,1702.5999755859375,1699.0,1699.0,16650
2026-02-03 14:20:00+05:30,1699.5,1700.0,1697.5,1698.800048828125,18043
2026-02-03 14:25:00+05:30,1698.800048828125,1699.4000244140625,1697.699951171875,1698.199951171875,8621
2026-02-03 14:30:00+05:30,1698.5,1700.0,1697.4000244140625,1698.5,15743
2026-02-03 14:35:00+05:30,1698.5999755859375,1699.5999755859375,1697.0,1697.300048828125,14442
2026-02-03 14:40:00+05:30,1696.800048828125,1696.9000244140625,1692.699951171875,1694.9000244140625,48429
2026-02-03 14:45:00+05:30,1694.199951171875,1698.9000244140625,1694.0999755859375,1697.9000244140625,18231
2026-02-03 14:50:00+05:30,1698.4000244140625,1699.0,1697.0999755859375,1698.300048828125,11546
2026-02-03 14:55:00+05:30,1698.4000244140625,1700.0,1698.199951171875,1699.9000244140625,15290
2026-02-03 15:00:00+05:30,1699.9000244140625,1699.9000244140625,1695.800048828125,1695.9000244140625,80376
2026-02-03 15:05:00+05:30,1695.800048828125,1695.9000244140625,1694.5999755859375,1694.5999755859375,90812
2026-02-03 15:10:00+05:30,1694.4000244140625,1698.5,1693.0999755859375,1698.300048828125,97659
2026-02-03 15:15:00+05:30,1698.4000244140625,1699.300048828125,1698.300048828125,1698.4000244140625,105090
2026-02-03 15:20:00+05:30,1698.4000244140625,1698.4000244140625,1693.5999755859375,1694.0,116584
2026-02-03 15:25:00+05:30,1693.699951171875,1694.9000244140625,1689.0999755859375,1692.199951171875,170143
2026-02-04 09:20:00+05:30,1598.0,1602.0999755859375,1590.0,1595.0,172953
2026-02-04 09:25:00+05:30,1595.0,1601.800048828125,1594.0999755859375,1595.0999755859375,114515
2026-02-04 09:30:00+05:30,1595.0999755859375,1611.9000244140625,1595.0999755859375,1610.800048828125,130797
2026-02-04 09:35:00+05:30,1610.800048828125,1613.4000244140625,1607.699951171875,1611.0999755859375,119719
2026-02-04 09:40:00+05:30,1611.0999755859375,1619.0,1611.0999755859375,1618.300048828125,50081
2026-02-04 09:45:00+05:30,1618.0999755859375,1619.9000244140625,1616.0999755859375,1619.699951171875,33904
2026-02-04 09:50:00+05:30,1619.5999755859375,1622.300048828125,1616.800048828125,1621.5,45146
2026-02-04 09:55:00+05:30,1621.5,1621.5,1613.699951171875,1615.5,36057
2026-02-04 10:00:00+05:30,1615.4000244140625,1618.5999755859375,1614.0,1615.5999755859375,32968
2026-02-04 10:05:00+05:30,1615.699951171875,1617.9000244140625,1614.0,1616.5999755859375,29081
2026-02-04 10:10:00+05:30,1616.199951171875,1616.699951171875,1609.699951171875,1610.0999755859375,57754
2026-02-04 10:15:00+05:30,1610.300048828125,1611.199951171875,1606.4000244140625,1608.199951171875,76780
2026-02-04 10:20:00+05:30,1608.300048828125,1608.800048828125,1606.199951171875,1607.800048828125,41104
2026-02-04 10:25:00+05:30,1607.800048828125,1611.9000244140625,1607.300048828125,1610.5,57894
2026-02-04 10:30:00+05:30,1610.5,1611.300048828125,1602.5,1603.300048828125,88870
2026-02-04 10:35:00+05:30,1603.300048828125,1605.9000244140625,1601.0,1605.300048828125,71550
2026-02-04 10:40:00+05:30,1605.300048828125,1608.9000244140625,1605.300048828125,1607.4000244140625,39475
2026-02-04 10:45:00+05:30,1608.5,1611.9000244140625,1607.0999755859375,1611.300048828125,40732
2026-02-04 10:50:00+05:30,1611.300048828125,1612.0,1610.0,1610.9000244140625,40860
2026-02-04 10:55:00+05:30,1610.9000244140625,1613.199951171875,1610.0,1612.5999755859375,96212
2026-02-04 11:00:00+05:30,1612.699951171875,1613.5,1610.300048828125,1610.300048828125,21613
2026-02-04 11:05:00+05:30,1610.800048828125,1611.699951171875,1610.0,1610.0,61818
2026-02-04 11:10:00+05:30,1610.0999755859375,1611.5,1609.699951171875,1610.199951171875,128690
2026-02-04 11:15:00+05:30,1610.199951171875,1611.0999755859375,1610.0,1610.300048828125,235400
2026-02-04 11:20:00+05:30,1610.300048828125,1611.0,1603.699951171875,1605.300048828125,180754
2026-02-04 11:25:00+05:30,1605.300048828125,1606.0999755859375,1597.5999755859375,1598.5,178109
2026-02-04 11:30:00+05:30,1596.300048828125,1601.0,1595.0999755859375,1596.0,147500
2026-02-04 11:35:00+05:30,1595.699951171875,1598.0,1594.0999755859375,1596.300048828125,117824
2026-02-04 11:40:00+05:30,1596.5,1598.9000244140625,1595.300048828125,1595.300048828125,29854
2026-02-04 11:45:00+05:30,1595.5999755859375,1599.800048828125,1594.300048828125,1599.699951171875,62045
2026-02-04 11:50:00+05:30,1599.699951171875,1602.699951171875,1595.0,1600.699951171875,74609
2026-02-04 11:55:00+05:30,1600.699951171875,1601.5,1598.800048828125,1600.5,46094
2026-02-04 12:00:00+05:30,1600.0,1600.800048828125,1598.9000244140625,1600.0,78403
2026-02-04 12:05:00+05:30,1599.9000244140625,1604.699951171875,1599.5,1604.199951171875,73610
2026-02-04 12:10:00+05:30,1604.5,1604.5999755859375,1601.5999755859375,1602.9000244140625,26420
2026-02-04 12:15:00+05:30,1602.9000244140625,1605.5999755859375,1602.4000244140625,1604.4000244140625,47514
2026-02-04 12:20:00+05:30,1604.4000244140625,1605.0999755859375,1602.300048828125,1604.699951171875,103725
2026-02-04 12:25:00+05:30,1604.699951171875,1607.300048828125,1604.300048828125,1604.5999755859375,45750
2026-02-04 12:30:00+05:30,1604.5999755859375,1605.5,1603.699951171875,1605.0999755859375,74732
2026-02-04 12:35:00+05:30,1605.0999755859375,1605.5999755859375,1603.0,1605.199951171875,41898
2026-02-04 12:40:00+05:30,1605.0999755859375,1605.9000244140625,1604.699951171875,1605.0999755859375,37277
2026-02-04 12:45:00+05:30,1605.0,1606.0,1604.9000244140625,1605.0999755859375,62575
2026-02-04 12:50:00+05:30,1605.0,1605.300048828125,1602.699951171875,1603.9000244140625,56323
2026-02-04 12:55:00+05:30,1603.9000244140625,1604.0,1600.699951171875,1601.0,52853
2026-02-04 13:00:00+05:30,1601.0999755859375,1606.5999755859375,1601.0999755859375,1606.5999755859375,68799
2026-02-04 13:05:00+05:30,1606.5999755859375,1610.800048828125,1606.5999755859375,1609.699951171875,27634
2026-02-04 13:10:00+05:30,1609.699951171875,1610.199951171875,1608.4000244140625,1609.5,34890
2026-02-04 13:15:00+05:30,1609.800048828125,1611.0,1609.5,1610.9000244140625,36129
2026-02-04 13:20:00+05:30,1611.300048828125,1612.0,1610.0,1610.300048828125,30406
2026-02-04 13:25:00+05:30,1610.300048828125,1613.5999755859375,1610.0,1613.199951171875,63039
2026-02-04 13:30:00+05:30,1613.199951171875,1617.4000244140625,1612.5,1617.4000244140625,60470
2026-02-04 13:35:00+05:30,1617.5,1618.5999755859375,1612.0999755859375,1613.5999755859375,101701
2026-02-04 13:40:00+05:30,1613.5,1615.9000244140625,1612.0,1615.5,36697
2026-02-04 13:45:00+05:30,1615.5,1615.9000244140625,1612.199951171875,1613.0,67683
2026-02-04 13:50:00+05:30,1612.699951171875,1616.199951171875,1612.0999755859375,1612.699951171875,25088
2026-02-04 13:55:00+05:30,1613.0999755859375,1614.300048828125,1611.4000244140625,1612.0,28056
2026-02-04 14:00:00+05:30,1612.4000244140625,1613.300048828125,1610.0,1610.9000244140625,31010
2026-02-04 14:05:00+05:30,1610.9000244140625,1611.800048828125,1610.0,1611.300048828125,32898
2026-02-04 14:10:00+05:30,1611.4000244140625,1615.0,1610.800048828125,1615.0,46484
2026-02-04 14:15:00+05:30,1615.0,1617.0999755859375,1614.4000244140625,1616.4000244140625,49212
2026-02-04 14:20:00+05:30,1615.800048828125,1620.9000244140625,1615.800048828125,1620.199951171875,77387
2026-02-04 14:25:00+05:30,1620.300048828125,1622.199951171875,1618.0999755859375,1621.4000244140625,42455
2026-02-04 14:30:00+05:30,1621.4000244140625,1622.4000244140625,1619.300048828125,1622.199951171875,36492
2026-02-04 14:35:00+05:30,1622.199951171875,1622.9000244140625,1621.4000244140625,1621.9000244140625,39443
2026-02-04 14:40:00+05:30,1621.9000244140625,1622.0,1619.4000244140625,1620.300048828125,41399
2026-02-04 14:45:00+05:30,1620.199951171875,1623.699951171875,1619.699951171875,1623.300048828125,72155
2026-02-04 14:50:00+05:30,1623.9000244140625,1626.5999755859375,1621.5999755859375,1622.800048828125,66121
2026-02-04 14:55:00+05:30,1622.5999755859375,1623.5,1619.5999755859375,1621.699951171875,50201
2026-02-04 15:00:00+05:30,1621.5999755859375,1625.5,1621.300048828125,1623.0999755859375,115263
2026-02-04 15:05:00+05:30,1623.0,1624.0999755859375,1622.5,1622.5999755859375,191108
2026-02-04 15:10:00+05:30,1623.5,1623.699951171875,1622.0999755859375,1622.699951171875,97657
2026-02-04 15:15:00+05:30,1622.699951171875,1622.9000244140625,1618.5,1620.4000244140625,157475
2026-02-04 15:20:00+05:30,1620.4000244140625,1622.0999755859375,1618.4000244140625,1618.800048828125,169408
2026-02-04 15:25:00+05:30,1618.800048828125,1619.199951171875,1617.0,1617.0,96204
2026-02-05 09:20:00+05:30,1623.0999755859375,1627.5999755859375,1621.0,1625.0999755859375,66051
2026-02-05 09:25:00+05:30,1625.0999755859375,1625.5999755859375,1620.199951171875,1621.699951171875,59310
2026-02-05 09:30:00+05:30,1622.5999755859375,1626.0,1620.5,1621.0999755859375,78127
2026-02-05 09:35:00+05:30,1620.699951171875,1622.800048828125,1618.0,1620.5999755859375,57944
2026-02-05 09:40:00+05:30,1620.5,1621.300048828125,1612.699951171875,1612.800048828125,44716
2026-02-05 09:45:00+05:30,1612.699951171875,1617.4000244140625,1611.300048828125,1616.800048828125,57660
2026-02-05 09:50:00+05:30,1617.0,1619.9000244140625,1616.5999755859375,1618.0,45066
2026-02-05 09:55:00+05:30,1618.0,1625.5,1617.0,1625.5,40182
2026-02-05 10:00:00+05:30,1625.0999755859375,1626.5999755859375,1622.5,1626.0,40252
2026-02-05 10:05:00+05:30,1626.0999755859375,1628.9000244140625,1623.5999755859375,1624.199951171875,30414
2026-02-05 10:10:00+05:30,1624.199951171875,1625.5,1623.5,1624.9000244140625,14437
2026-02-05 10:15:00+05:30,1624.0,1629.4000244140625,1623.800048828125,1628.9000244140625,28793
2026-02-05 10:20:00+05:30,1628.800048828125,1631.800048828125,1628.300048828125,1629.300048828125,51703
2026-02-05 10:25:00+05:30,1629.199951171875,1629.199951171875,1625.199951171875,1626.0999755859375,24997
2026-02-05 10:30:00+05:30,1625.5999755859375,1625.9000244140625,1624.699951171875,1625.0,21299
2026-02-05 10:35:00+05:30,1625.199951171875,1627.5999755859375,1624.5,1625.5999755859375,26241
2026-02-05 10:40:00+05:30,1625.5999755859375,1627.0999755859375,1625.0999755859375,1625.0999755859375,11869
2026-02-05 10:45:00+05:30,1625.5999755859375,1625.5999755859375,1622.5,1623.0,19953
2026-02-05 10:50:00+05:30,1622.800048828125,1622.800048828125,1620.4000244140625,1621.0999755859375,14800
2026-02-05 10:55:00+05:30,1621.0999755859375,1621.0999755859375,1617.5,1618.0999755859375,37183
2026-02-05 11:00:00+05:30,1618.0999755859375,1619.5,1615.5,1616.199951171875,35309
2026-02-05 11:05:00+05:30,1616.9000244140625,1621.0,1616.4000244140625,1618.4000244140625,39896
2026-02-05 11:10:00+05:30,1618.199951171875,1621.9000244140625,1616.5999755859375,1621.5,46288
2026-02-05 11:15:00+05:30,1621.5999755859375,1622.9000244140625,1614.199951171875,1614.199951171875,29208
2026-02-05 11:20:00+05:30,1614.800048828125,1615.9000244140625,1612.800048828125,1612.800048828125,84157
2026-02-05 11:25:00+05:30,1613.0999755859375,1615.0999755859375,1611.5,1612.300048828125,35085
2026-02-05 11:30:00+05:30,1612.300048828125,1614.5999755859375,1612.0,1612.199951171875,31816
2026-02-05 11:35:00+05:30,1612.5999755859375,1614.0,1610.0999755859375,1612.4000244140625,98740
2026-02-05 11:40:00+05:30,1611.9000244140625,1612.4000244140625,1609.4000244140625,1609.4000244140625,35720
2026-02-05 11:45:00+05:30,1609.0,1611.0,1608.5999755859375,1610.300048828125,80276
2026-02-05 11:50:00+05:30,1610.300048828125,1610.300048828125,1606.699951171875,1607.4000244140625,78510
2026-02-05 11:55:00+05:30,1607.699951171875,1609.5,1605.300048828125,1605.9000244140625,89391
2026-02-05 12:00:00+05:30,1607.199951171875,1607.199951171875,1602.0999755859375,1603.9000244140625,66332
2026-02-05 12:05:00+05:30,1603.800048828125,1607.300048828125,1602.9000244140625,1603.800048828125,60742
2026-02-05 12:10:00+05:30,1603.800048828125,1604.5999755859375,1602.199951171875,1603.699951171875,36981
2026-02-05 12:15:00+05:30,1604.300048828125,1607.9000244140625,1602.9000244140625,1605.800048828125,52117
2026-02-05 12:20:00+05:30,1605.800048828125,1608.4000244140625,1605.5999755859375,1607.4000244140625,27827
2026-02-05 12:25:00+05:30,1607.4000244140625,1607.4000244140625,1605.0999755859375,1605.5999755859375,25067
2026-02-05 12:30:00+05:30,1606.199951171875,1606.4000244140625,1602.0999755859375,1604.800048828125,35661
2026-02-05 12:35:00+05:30,1604.5999755859375,1605.699951171875,1602.300048828125,1603.0999755859375,44111
2026-02-05 12:40:00+05:30,1603.0999755859375,1603.0999755859375,1601.0,1602.0999755859375,34315
2026-02-05 12:45:00+05:30,1602.0999755859375,1602.800048828125,1600.5999755859375,1601.5,28951
2026-02-05 12:50:00+05:30,1601.5,1602.4000244140625,1600.9000244140625,1601.4000244140625,22250
2026-02-05 12:55:00+05:30,1601.4000244140625,1603.0999755859375,1600.5,1602.9000244140625,33786
2026-02-05 13:00:00+05:30,1602.5999755859375,1603.9000244140625,1602.4000244140625,1603.699951171875,21508
2026-02-05 13:05:00+05:30,1602.699951171875,1604.5,1602.5,1604.0,21729
2026-02-05 13:10:00+05:30,1603.300048828125,1604.5999755859375,1602.0,1602.5999755859375,18890
2026-02-05 13:15:00+05:30,1602.5,1603.800048828125,1602.0,1603.5999755859375,20271
2026-02-05 13:20:00+05:30,1603.5999755859375,1604.800048828125,1602.5999755859375,1603.5999755859375,21783
2026-02-05 13:25:00+05:30,1603.800048828125,1604.300048828125,1601.9000244140625,1602.4000244140625,36926
2026-02-05 13:30:00+05:30,1602.4000244140625,1605.5999755859375,1602.4000244140625,1605.199951171875,27534
2026-02-05 13:35:00+05:30,1605.199951171875,1607.0,1605.0,1606.5999755859375,29360
2026-02-05 13:40:00+05:30,1606.5999755859375,1606.699951171875,1605.199951171875,1606.0999755859375,22315
2026-02-05 13:45:00+05:30,1606.0999755859375,1607.4000244140625,1605.0,1607.0999755859375,28822
2026-02-05 13:50:00+05:30,1607.0999755859375,1607.199951171875,1605.0999755859375,1607.0,37554
2026-02-05 13:55:00+05:30,1607.0999755859375,1608.4000244140625,1607.0,1607.0,37720
2026-02-05 14:00:00+05:30,1607.0,1608.0,1607.0,1607.300048828125,29835
2026-02-05 14:05:00+05:30,1607.300048828125,1607.300048828125,1603.199951171875,1603.5999755859375,36784
2026-02-05 14:10:00+05:30,1603.5999755859375,1604.4000244140625,1602.300048828125,1603.699951171875,27819
2026-02-05 14:15:00+05:30,1603.699951171875,1603.800048828125,1602.5999755859375,1603.300048828125,12778
2026-02-05 14:20:00+05:30,1603.0999755859375,1604.199951171875,1603.0,1603.699951171875,20001
2026-02-05 14:25:00+05:30,1603.699951171875,1607.0,1603.300048828125,1606.199951171875,38544
2026-02-05 14:30:00+05:30,1606.199951171875,1607.9000244140625,1604.0999755859375,1607.9000244140625,23949
2026-02-05 14:35:00+05:30,1607.5999755859375,1608.4000244140625,1606.0,1608.0,58559
2026-02-05 14:40:00+05:30,1608.0,1609.5,1606.4000244140625,1608.0999755859375,71525
2026-02-05 14:45:00+05:30,1608.0,1608.0,1604.4000244140625,1605.0999755859375,49689
2026-02-05 14:50:00+05:30,1605.0999755859375,1608.0,1604.5999755859375,1607.5,24512
2026-02-05 14:55:00+05:30,1607.5,1609.800048828125,1607.5,1608.9000244140625,26697
2026-02-05 15:00:00+05:30,1609.0999755859375,1610.9000244140625,1607.9000244140625,1610.800048828125,45380
2026-02-05 15:05:00+05:30,1610.5999755859375,1612.5,1609.0,1610.4000244140625,91306
2026-02-05 15:10:00+05:30,1610.4000244140625,1611.800048828125,1609.300048828125,1609.9000244140625,84919
2026-02-05 15:15:00+05:30,1609.9000244140625,1611.0999755859375,1609.199951171875,1610.800048828125,87421
2026-02-05 15:20:00+05:30,1611.4000244140625,1612.5,1606.5,1606.5,56773
2026-02-05 15:25:00+05:30,1606.5999755859375,1610.0,1606.199951171875,1610.0,34231
2026-02-06 09:20:00+05:30,1594.5,1594.5,1587.9000244140625,1588.0999755859375,42527
2026-02-06 09:25:00+05:30,1588.4000244140625,1590.9000244140625,1581.300048828125,1582.0,72896
2026-02-06 09:30:00+05:30,1582.0,1588.199951171875,1574.199951171875,1587.699951171875,83126
2026-02-06 09:35:00+05:30,1587.699951171875,1591.699951171875,1582.699951171875,1591.699951171875,118945
2026-02-06 09:40:00+05:30,1591.199951171875,1596.800048828125,1591.0,1591.0999755859375,216421
2026-02-06 09:45:00+05:30,1591.0999755859375,1593.9000244140625,1589.5,1591.0999755859375,42343
2026-02-06 09:50:00+05:30,1592.0,1592.0,1588.699951171875,1590.4000244140625,21504
2026-02-06 09:55:00+05:30,1589.9000244140625,1594.300048828125,1587.4000244140625,1591.199951171875,64822
2026-02-06 10:00:00+05:30,1590.9000244140625,1595.199951171875,1590.0,1594.9000244140625,29560
2026-02-06 10:05:00+05:30,1594.9000244140625,1597.800048828125,1594.300048828125,1596.0,32284
2026-02-06 10:10:00+05:30,1595.800048828125,1595.800048828125,1593.0,1594.5999755859375,21243
2026-02-06 10:15:00+05:30,1594.5999755859375,1599.699951171875,1593.9000244140625,1598.699951171875,25361
2026-02-06 10:20:00+05:30,1598.300048828125,1602.300048828125,1598.300048828125,1601.0999755859375,132914
2026-02-06 10:25:00+05:30,1601.0,1601.0999755859375,1593.800048828125,1594.5,93775
2026-02-06 10:30:00+05:30,1594.5,1596.0,1593.0999755859375,1593.4000244140625,24336
2026-02-06 10:35:00+05:30,1594.0999755859375,1596.0999755859375,1593.4000244140625,1593.4000244140625,20435
2026-02-06 10:40:00+05:30,1593.199951171875,1593.199951171875,1590.0,1590.800048828125,37289
2026-02-06 10:45:00+05:30,1590.800048828125,1593.0,1589.699951171875,1590.0999755859375,23368
2026-02-06 10:50:00+05:30,1590.0999755859375,1592.5999755859375,1586.4000244140625,1592.0999755859375,47586
2026-02-06 10:55:00+05:30,1592.0,1595.300048828125,1590.5999755859375,1595.0,37883
2026-02-06 11:00:00+05:30,1595.0,1595.9000244140625,1593.0,1594.9000244140625,32160
2026-02-06 11:05:00+05:30,1594.9000244140625,1595.5,1592.699951171875,1593.300048828125,25781
2026-02-06 11:10:00+05:30,1593.300048828125,1594.199951171875,1590.4000244140625,1592.0999755859375,86991
2026-02-06 11:15:00+05:30,1592.9000244140625,1593.300048828125,1588.0999755859375,1589.0,75007
2026-02-06 11:20:00+05:30,1587.9000244140625,1588.5,1582.199951171875,1583.9000244140625,48779
2026-02-06 11:25:00+05:30,1583.800048828125,1587.699951171875,1583.0,1585.5,36751
2026-02-06 11:30:00+05:30,1585.5,1585.5,1583.9000244140625,1585.5,36803
2026-02-06 11:35:00+05:30,1585.300048828125,1587.0,1584.199951171875,1586.699951171875,22100
2026-02-06 11:40:00+05:30,1586.699951171875,1588.0,1584.5,1584.5,18638
2026-02-06 11:45:00+05:30,1584.5,1586.800048828125,1584.0,1585.800048828125,29335
2026-02-06 11:50:00+05:30,1585.4000244140625,1588.9000244140625,1585.0999755859375,1588.0,43071
2026-02-06 11:55:00+05:30,1588.0,1592.0,1587.0,1592.0,40704
2026-02-06 12:00:00+05:30,1592.0,1598.800048828125,1591.300048828125,1593.699951171875,112010
2026-02-06 12:05:00+05:30,1593.699951171875,1594.699951171875,1590.4000244140625,1590.4000244140625,25930
2026-02-06 12:10:00+05:30,1590.0,1591.199951171875,1588.300048828125,1589.5999755859375,130973
2026-02-06 12:15:00+05:30,1589.5999755859375,1590.0999755859375,1585.9000244140625,1588.0999755859375,55890
2026-02-06 12:20:00+05:30,1588.0999755859375,1593.0,1588.0999755859375,1591.0999755859375,40957
2026-02-06 12:25:00+05:30,1590.9000244140625,1591.199951171875,1589.4000244140625,1590.199951171875,26018
2026-02-06 12:30:00+05:30,1590.199951171875,1590.199951171875,1589.0,1590.0,30585
2026-02-06 12:35:00+05:30,1590.0,1592.199951171875,1589.9000244140625,1591.699951171875,19151
2026-02-06 12:40:00+05:30,1591.699951171875,1595.4000244140625,1591.0999755859375,1594.800048828125,24902
2026-02-06 12:45:00+05:30,1594.5,1595.800048828125,1593.699951171875,1593.9000244140625,14319
2026-02-06 12:50:00+05:30,1593.9000244140625,1595.5,1593.0,1595.4000244140625,29090
2026-02-06 12:55:00+05:30,1595.300048828125,1595.9000244140625,1593.800048828125,1594.5,64494
2026-02-06 13:00:00+05:30,1594.9000244140625,1596.4000244140625,1593.5999755859375,1596.0,61920
2026-02-06 13:05:00+05:30,1596.300048828125,1596.4000244140625,1594.0,1594.5999755859375,11210
2026-02-06 13:10:00+05:30,1594.699951171875,1594.699951171875,1590.5,1591.300048828125,14314
2026-02-06 13:15:00+05:30,1591.300048828125,1594.300048828125,1590.9000244140625,1593.0999755859375,14030
2026-02-06 13:20:00+05:30,1593.0999755859375,1593.0999755859375,1591.5,1591.699951171875,16000
2026-02-06 13:25:00+05:30,1591.699951171875,1591.699951171875,1590.699951171875,1591.4000244140625,3777
2026-02-06 13:30:00+05:30,1594.0,1595.0999755859375,1593.0999755859375,1593.4000244140625,28563
2026-02-06 13:35:00+05:30,1593.4000244140625,1593.699951171875,1592.4000244140625,1592.699951171875,9414
2026-02-06 13:40:00+05:30,1592.4000244140625,1594.4000244140625,1592.4000244140625,1592.9000244140625,15419
2026-02-06 13:45:00+05:30,1592.9000244140625,1594.199951171875,1592.699951171875,1593.5999755859375,23519
2026-02-06 13:50:00+05:30,1593.9000244140625,1594.9000244140625,1593.5999755859375,1594.0,13771
2026-02-06 13:55:00+05:30,1594.300048828125,1594.699951171875,1592.0,1593.5,16679
2026-02-06 14:00:00+05:30,1593.699951171875,1595.199951171875,1592.199951171875,1595.199951171875,36970
2026-02-06 14:05:00+05:30,1595.300048828125,1595.300048828125,1593.300048828125,1593.800048828125,23727
2026-02-06 14:10:00+05:30,1593.5,1593.800048828125,1591.0999755859375,1592.0999755859375,15685
2026-02-06 14:15:00+05:30,1592.0999755859375,1593.5999755859375,1591.800048828125,1593.4000244140625,33702
2026-02-06 14:20:00+05:30,1593.0999755859375,1593.4000244140625,1591.800048828125,1592.199951171875,19618
2026-02-06 14:25:00+05:30,1592.699951171875,1593.0,1592.0,1592.9000244140625,11595
2026-02-06 14:30:00+05:30,1592.5,1593.0999755859375,1591.9000244140625,1593.0999755859375,23860
2026-02-06 14:35:00+05:30,1593.0,1593.9000244140625,1592.5,1592.5,13446
2026-02-06 14:40:00+05:30,1592.5,1594.0,1591.699951171875,1593.5,11462
2026-02-06 14:45:00+05:30,1593.800048828125,1595.4000244140625,1593.300048828125,1593.300048828125,36438
2026-02-06 14:50:00+05:30,1593.0999755859375,1595.0999755859375,1592.5,1593.199951171875,23025
2026-02-06 14:55:00+05:30,1593.9000244140625,1594.4000244140625,1592.800048828125,1594.0,28221
2026-02-06 15:00:00+05:30,1594.0,1594.199951171875,1592.4000244140625,1593.5999755859375,73581
2026-02-06 15:05:00+05:30,1593.5,1594.699951171875,1592.9000244140625,1594.699951171875,69197
2026-02-06 15:10:00+05:30,1594.5999755859375,1594.699951171875,1592.9000244140625,1593.699951171875,85308
2026-02-06 15:15:00+05:30,1593.800048828125,1595.699951171875,1593.300048828125,1595.4000244140625,75646
2026-02-06 15:20:00+05:30,1595.0999755859375,1595.0999755859375,1593.0,1594.4000244140625,87805
2026-02-06 15:25:00+05:30,1594.5,1594.5999755859375,1590.0,1590.0,84595
2026-02-09 09:20:00+05:30,1609.5,1609.9000244140625,1602.300048828125,1603.5999755859375,34366
2026-02-09 09:25:00+05:30,1602.800048828125,1604.4000244140625,1601.4000244140625,1604.4000244140625,13259
2026-02-09 09:30:00+05:30,1604.9000244140625,1606.4000244140625,1598.0999755859375,1599.199951171875,25197
2026-02-09 09:35:00+05:30,1598.9000244140625,1600.0,1596.699951171875,1598.0,217314
2026-02-09 09:40:00+05:30,1597.5,1602.5999755859375,1597.5,1599.800048828125,10541
2026-02-09 09:45:00+05:30,1599.800048828125,1601.300048828125,1599.199951171875,1600.4000244140625,14507
2026-02-09 09:50:00+05:30,1600.4000244140625,1602.199951171875,1599.800048828125,1600.9000244140625,9941
2026-02-09 09:55:00+05:30,1600.800048828125,1602.0,1600.5999755859375,1600.9000244140625,11780
2026-02-09 10:00:00+05:30,1601.0999755859375,1602.9000244140625,1600.699951171875,1602.4000244140625,10882
2026-02-09 10:05:00+05:30,1602.4000244140625,1603.0,1599.800048828125,1600.0999755859375,9727
2026-02-09 10:10:00+05:30,1600.300048828125,1600.300048828125,1599.199951171875,1599.699951171875,7771
2026-02-09 10:15:00+05:30,1599.699951171875,1600.300048828125,1598.699951171875,1599.800048828125,6894
2026-02-09 10:20:00+05:30,1599.9000244140625,1600.199951171875,1599.300048828125,1599.9000244140625,9516
2026-02-09 10:25:00+05:30,1600.0,1600.199951171875,1596.300048828125,1597.5,17111
2026-02-09 10:30:00+05:30,1597.5999755859375,1600.9000244140625,1597.0999755859375,1599.9000244140625,12733
2026-02-09 10:35:00+05:30,1599.9000244140625,1600.9000244140625,1599.300048828125,1600.0,10802
2026-02-09 10:40:00+05:30,1600.4000244140625,1600.5,1599.5999755859375,1599.9000244140625,9410
2026-02-09 10:45:00+05:30,1600.5,1603.0,1599.699951171875,1600.9000244140625,57314
2026-02-09 10:50:00+05:30,1600.4000244140625,1605.699951171875,1600.4000244140625,1605.5999755859375,66325
2026-02-09 10:55:00+05:30,1605.5,1607.5999755859375,1605.5,1607.5,16327
2026-02-09 11:00:00+05:30,1607.5,1609.0,1606.300048828125,1607.4000244140625,51041
2026-02-09 11:05:00+05:30,1607.0999755859375,1608.0,1605.199951171875,1605.5,7933
2026-02-09 11:10:00+05:30,1605.5,1609.0,1605.0999755859375,1609.0,10754
2026-02-09 11:15:00+05:30,1609.0,1609.0,1607.9000244140625,1608.800048828125,42360
2026-02-09 11:20:00+05:30,1608.5999755859375,1608.800048828125,1606.699951171875,1607.5999755859375,11641
2026-02-09 11:25:00+05:30,1607.800048828125,1608.4000244140625,1606.5,1606.5,7650
2026-02-09 11:30:00+05:30,1606.9000244140625,1606.9000244140625,1605.199951171875,1606.0999755859375,7516
2026-02-09 11:35:00+05:30,1606.0999755859375,1607.5999755859375,1605.4000244140625,1607.0,10055
2026-02-09 11:40:00+05:30,1607.300048828125,1608.0,1605.5,1605.5999755859375,7390
2026-02-09 11:45:00+05:30,1605.5999755859375,1605.5999755859375,1604.4000244140625,1604.800048828125,7174
2026-02-09 11:50:00+05:30,1604.800048828125,1604.800048828125,1602.4000244140625,1602.800048828125,11371
2026-02-09 11:55:00+05:30,1602.800048828125,1602.800048828125,1601.0999755859375,1601.0999755859375,8741
2026-02-09 12:00:00+05:30,1601.0,1603.0,1601.0,1602.0999755859375,10116
2026-02-09 12:05:00+05:30,1602.0999755859375,1604.5999755859375,1601.800048828125,1604.300048828125,6617
2026-02-09 12:10:00+05:30,1604.300048828125,1604.800048828125,1603.199951171875,1603.5,7646
2026-02-09 12:15:00+05:30,1603.5,1604.0,1601.5999755859375,1601.5999755859375,7612
2026-02-09 12:20:00+05:30,1601.5,1603.5,1601.5,1602.5999755859375,8607
2026-02-09 12:25:00+05:30,1602.800048828125,1602.800048828125,1599.5,1600.0,10757
2026-02-09 12:30:00+05:30,1600.300048828125,1600.4000244140625,1598.0,1599.699951171875,20487
2026-02-09 12:35:00+05:30,1599.699951171875,1599.699951171875,1598.199951171875,1598.9000244140625,9585
2026-02-09 12:40:00+05:30,1599.0,1599.0,1597.5,1598.4000244140625,7965
2026-02-09 12:45:00+05:30,1598.4000244140625,1599.0,1596.699951171875,1596.699951171875,10446
2026-02-09 12:50:00+05:30,1597.0,1597.5,1596.0999755859375,1596.800048828125,13797
2026-02-09 12:55:00+05:30,1596.300048828125,1596.5,1595.4000244140625,1595.5,11204
2026-02-09 13:00:00+05:30,1595.4000244140625,1595.9000244140625,1594.5999755859375,1595.5,14680
2026-02-09 13:05:00+05:30,1595.5,1595.800048828125,1594.5999755859375,1595.699951171875,8282
2026-02-09 13:10:00+05:30,1595.699951171875,1598.9000244140625,1595.5,1598.0,78016
2026-02-09 13:15:00+05:30,1597.5999755859375,1599.800048828125,1597.5,1599.800048828125,67785
2026-02-09 13:20:00+05:30,1599.5,1600.0999755859375,1598.5,1600.0,30822
2026-02-09 13:25:00+05:30,1599.5,1600.699951171875,1599.5,1600.4000244140625,64859
2026-02-09 13:30:00+05:30,1600.4000244140625,1601.5,1600.0,1601.0,15010
2026-02-09 13:35:00+05:30,1601.0,1602.0,1600.5999755859375,1601.699951171875,19551
2026-02-09 13:40:00+05:30,1602.0,1603.300048828125,1601.699951171875,1603.0,13613
2026-02-09 13:45:00+05:30,1603.0,1603.0,1599.4000244140625,1599.9000244140625,18023
2026-02-09 13:50:00+05:30,1599.9000244140625,1600.699951171875,1599.300048828125,1600.4000244140625,20310
2026-02-09 13:55:00+05:30,1600.5999755859375,1601.0,1600.0,1600.5,7872
2026-02-09 14:00:00+05:30,1600.0,1602.800048828125,1600.0,1600.300048828125,31554
2026-02-09 14:05:00+05:30,1601.0,1602.800048828125,1599.9000244140625,1602.800048828125,7225
2026-02-09 14:10:00+05:30,1603.0,1603.0,1600.699951171875,1601.800048828125,10691
2026-02-09 14:15:00+05:30,1601.800048828125,1602.0,1601.4000244140625,1602.0,7704
2026-02-09 14:20:00+05:30,1601.5999755859375,1602.0,1601.4000244140625,1602.0,6902
2026-02-09 14:25:00+05:30,1602.0,1602.5999755859375,1601.5999755859375,1602.199951171875,6891
2026-02-09 14:30:00+05:30,1602.5999755859375,1602.800048828125,1601.0999755859375,1602.0,22159
2026-02-09 14:35:00+05:30,1602.0,1602.699951171875,1601.5999755859375,1602.0,9683
2026-02-09 14:40:00+05:30,1601.9000244140625,1602.5,1601.5999755859375,1602.300048828125,12668
2026-02-09 14:45:00+05:30,1602.5,1603.800048828125,1602.0,1603.4000244140625,16137
2026-02-09 14:50:00+05:30,1603.0,1603.5,1602.5999755859375,1603.0,14003
2026-02-09 14:55:00+05:30,1603.0999755859375,1604.0999755859375,1603.0,1604.0,13926
2026-02-09 15:00:00+05:30,1604.5,1604.5,1601.4000244140625,1603.4000244140625,45676
2026-02-09 15:05:00+05:30,1603.699951171875,1604.300048828125,1601.9000244140625,1602.0,59343
2026-02-09 15:10:00+05:30,1601.9000244140625,1602.0,1600.699951171875,1601.5999755859375,48827
2026-02-09 15:15:00+05:30,1601.5999755859375,1602.0999755859375,1601.5,1602.0999755859375,99709
2026-02-09 15:20:00+05:30,1602.0,1602.9000244140625,1600.699951171875,1600.800048828125,104987
2026-02-09 15:25:00+05:30,1600.800048828125,1600.9000244140625,1597.0,1600.5,48081
2026-02-10 09:20:00+05:30,1593.5,1593.5999755859375,1589.699951171875,1591.800048828125,33470
2026-02-10 09:25:00+05:30,1591.5,1593.9000244140625,1590.5,1592.5,24111
2026-02-10 09:30:00+05:30,1592.4000244140625,1594.199951171875,1591.0,1594.199951171875,25063
2026-02-10 09:35:00+05:30,1594.5999755859375,1599.9000244140625,1594.4000244140625,1594.699951171875,81120
2026-02-10 09:40:00+05:30,1594.699951171875,1599.0999755859375,1593.9000244140625,1594.300048828125,95859
2026-02-10 09:45:00+05:30,1594.5,1600.5,1593.800048828125,1598.0,100952
2026-02-10 09:50:00+05:30,1598.300048828125,1599.0999755859375,1596.5,1596.5,18072
2026-02-10 09:55:00+05:30,1596.0999755859375,1597.4000244140625,1594.0999755859375,1595.199951171875,23454
2026-02-10 10:00:00+05:30,1595.199951171875,1598.9000244140625,1594.699951171875,1598.0,11712
2026-02-10 10:05:00+05:30,1597.5,1601.800048828125,1595.800048828125,1597.699951171875,149343
2026-02-10 10:10:00+05:30,1598.199951171875,1598.199951171875,1592.5999755859375,1593.5,114029
2026-02-10 10:15:00+05:30,1593.5,1602.4000244140625,1593.5,1599.699951171875,38395
2026-02-10 10:20:00+05:30,1599.699951171875,1600.0,1597.300048828125,1599.199951171875,27416
2026-02-10 10:25:00+05:30,1599.4000244140625,1600.0,1598.4000244140625,1598.5999755859375,14086
2026-02-10 10:30:00+05:30,1598.9000244140625,1599.300048828125,1597.4000244140625,1597.800048828125,72616
2026-02-10 10:35:00+05:30,1597.800048828125,1598.5,1596.699951171875,1598.5,61935
2026-02-10 10:40:00+05:30,1598.5,1598.5,1595.199951171875,1596.9000244140625,22298
2026-02-10 10:45:00+05:30,1596.699951171875,1599.0,1595.9000244140625,1597.800048828125,48076
2026-02-10 10:50:00+05:30,1597.800048828125,1597.800048828125,1594.199951171875,1595.0999755859375,67937
2026-02-10 10:55:00+05:30,1595.0999755859375,1595.300048828125,1591.4000244140625,1592.0999755859375,28995
2026-02-10 11:00:00+05:30,1592.0999755859375,1594.5,1591.800048828125,1593.4000244140625,18712
2026-02-10 11:05:00+05:30,1592.800048828125,1594.300048828125,1592.800048828125,1593.4000244140625,13530
2026-02-10 11:10:00+05:30,1593.5,1595.4000244140625,1593.4000244140625,1594.5999755859375,10587
2026-02-10 11:15:00+05:30,1594.800048828125,1595.0,1593.199951171875,1593.699951171875,8365
2026-02-10 11:20:00+05:30,1593.699951171875,1593.9000244140625,1590.5,1590.699951171875,12528
2026-02-10 11:25:00+05:30,1591.0,1591.9000244140625,1589.5999755859375,1589.9000244140625,28314
2026-02-10 11:30:00+05:30,1589.5,1591.0999755859375,1589.199951171875,1590.0,13756
2026-02-10 11:35:00+05:30,1590.0999755859375,1590.9000244140625,1589.4000244140625,1589.800048828125,11668
2026-02-10 11:40:00+05:30,1589.800048828125,1590.4000244140625,1589.0,1589.800048828125,7427
2026-02-10 11:45:00+05:30,1590.0,1590.9000244140625,1589.4000244140625,1590.9000244140625,7482
2026-02-10 11:50:00+05:30,1591.199951171875,1591.699951171875,1590.0999755859375,1591.300048828125,11979
2026-02-10 11:55:00+05:30,1591.4000244140625,1592.0,1590.5999755859375,1591.300048828125,11494
2026-02-10 12:00:00+05:30,1592.0,1592.0,1591.300048828125,1592.0,8343
2026-02-10 12:05:00+05:30,1592.0,1592.0,1589.300048828125,1589.699951171875,95332
2026-02-10 12:10:00+05:30,1589.699951171875,1589.699951171875,1587.300048828125,1588.300048828125,19076
2026-02-10 12:15:00+05:30,1587.699951171875,1588.5999755859375,1587.699951171875,1588.199951171875,15700
2026-02-10 12:20:00+05:30,1588.199951171875,1588.9000244140625,1588.199951171875,1588.4000244140625,15451
2026-02-10 12:25:00+05:30,1588.5,1588.9000244140625,1587.9000244140625,1587.9000244140625,17387
2026-02-10 12:30:00+05:30,1588.0,1588.5,1587.199951171875,1587.199951171875,31148
2026-02-10 12:35:00+05:30,1587.0999755859375,1588.300048828125,1586.5999755859375,1587.4000244140625,21825
2026-02-10 12:40:00+05:30,1587.199951171875,1588.5999755859375,1587.0,1588.0999755859375,11763
2026-02-10 12:45:00+05:30,1588.699951171875,1588.699951171875,1588.0,1588.0999755859375,10307
2026-02-10 12:50:00+05:30,1588.4000244140625,1588.5999755859375,1587.0,1588.0999755859375,27628
2026-02-10 12:55:00+05:30,1588.4000244140625,1588.5999755859375,1587.0,1588.0999755859375,75602
2026-02-10 13:00:00+05:30,1588.0,1588.4000244140625,1586.5,1586.5999755859375,15540
2026-02-10 13:05:00+05:30,1586.800048828125,1588.5,1586.199951171875,1586.9000244140625,136934
2026-02-10 13:10:00+05:30,1587.300048828125,1588.0999755859375,1586.4000244140625,1588.0999755859375,22910
2026-02-10 13:15:00+05:30,1588.0999755859375,1588.199951171875,1587.4000244140625,1587.5999755859375,27602
2026-02-10 13:20:00+05:30,1587.5999755859375,1587.5999755859375,1583.699951171875,1585.0999755859375,29613
2026-02-10 13:25:00+05:30,1585.4000244140625,1586.4000244140625,1583.5,1584.0,61606
2026-02-10 13:30:00+05:30,1583.9000244140625,1583.9000244140625,1582.0,1582.5,92567
2026-02-10 13:35:00+05:30,1582.800048828125,1583.4000244140625,1581.5999755859375,1583.199951171875,26471
2026-02-10 13:40:00+05:30,1582.699951171875,1583.9000244140625,1582.5,1582.800048828125,12247
2026-02-10 13:45:00+05:30,1582.800048828125,1584.199951171875,1582.5,1582.5,15977
2026-02-10 13:50:00+05:30,1582.5999755859375,1582.699951171875,1581.5,1581.9000244140625,17654
2026-02-10 13:55:00+05:30,1581.800048828125,1581.800048828125,1579.5999755859375,1581.300048828125,57084
2026-02-10 14:00:00+05:30,1580.9000244140625,1580.9000244140625,1579.0999755859375,1580.0999755859375,25539
2026-02-10 14:05:00+05:30,1580.0999755859375,1580.5,1578.5999755859375,1579.0,69238
2026-02-10 14:10:00+05:30,1579.0999755859375,1579.4000244140625,1577.0999755859375,1579.199951171875,23018
2026-02-10 14:15:00+05:30,1579.300048828125,1579.300048828125,1576.199951171875,1578.800048828125,34268
2026-02-10 14:20:00+05:30,1578.800048828125,1580.0,1578.5,1579.5,23413
2026-02-10 14:25:00+05:30,1579.9000244140625,1579.9000244140625,1578.5,1579.300048828125,12466
2026-02-10 14:30:00+05:30,1578.800048828125,1579.5999755859375,1578.0,1578.5,13475
2026-02-10 14:35:00+05:30,1578.5,1578.5,1575.300048828125,1576.0,41998
2026-02-10 14:40:00+05:30,1575.9000244140625,1576.0,1575.0,1575.699951171875,40598
2026-02-10 14:45:00+05:30,1575.800048828125,1578.0,1575.5,1578.0,33567
2026-02-10 14:50:00+05:30,1577.5999755859375,1578.300048828125,1577.199951171875,1577.699951171875,43497
2026-02-10 14:55:00+05:30,1577.699951171875,1577.699951171875,1576.199951171875,1576.9000244140625,24090
2026-02-10 15:00:00+05:30,1577.699951171875,1578.300048828125,1575.4000244140625,1575.5,81425
2026-02-10 15:05:00+05:30,1575.300048828125,1575.9000244140625,1574.4000244140625,1575.0,95322
2026-02-10 15:10:00+05:30,1575.0999755859375,1575.0999755859375,1571.0,1572.0999755859375,157374
2026-02-10 15:15:00+05:30,1572.0999755859375,1572.9000244140625,1571.199951171875,1571.699951171875,102808
2026-02-10 15:20:00+05:30,1571.5,1572.9000244140625,1571.0,1571.800048828125,103193
2026-02-10 15:25:00+05:30,1571.199951171875,1572.300048828125,1567.9000244140625,1569.0,88386
2026-02-11 09:20:00+05:30,1575.0,1575.0,1568.0,1568.5,38487
2026-02-11 09:25:00+05:30,1568.0,1569.0,1564.5,1566.0,37624
2026-02-11 09:30:00+05:30,1566.0,1566.0,1560.5,1563.4000244140625,89459
2026-02-11 09:35:00+05:30,1563.300048828125,1564.4000244140625,1560.699951171875,1560.699951171875,192904
2026-02-11 09:40:00+05:30,1560.5,1562.5,1560.0999755859375,1560.0999755859375,34300
2026-02-11 09:45:00+05:30,1560.0999755859375,1560.9000244140625,1556.4000244140625,1556.4000244140625,42810
2026-02-11 09:50:00+05:30,1556.4000244140625,1557.199951171875,1552.4000244140625,1554.9000244140625,47765
2026-02-11 09:55:00+05:30,1554.9000244140625,1558.9000244140625,1554.9000244140625,1558.800048828125,23704
2026-02-11 10:00:00+05:30,1558.5,1558.9000244140625,1555.300048828125,1556.5,22588
2026-02-11 10:05:00+05:30,1556.9000244140625,1558.199951171875,1555.300048828125,1557.5,23962
2026-02-11 10:10:00+05:30,1557.0,1560.0,1557.0,1559.800048828125,13046
2026-02-11 10:15:00+05:30,1559.9000244140625,1562.800048828125,1559.5999755859375,1562.4000244140625,18491
2026-02-11 10:20:00+05:30,1562.300048828125,1562.800048828125,1560.5,1562.5,22911
2026-02-11 10:25:00+05:30,1562.5999755859375,1562.699951171875,1560.199951171875,1561.199951171875,16375
2026-02-11 10:30:00+05:30,1561.4000244140625,1562.5,1561.4000244140625,1562.0999755859375,9335
2026-02-11 10:35:00+05:30,1562.300048828125,1563.0,1560.699951171875,1562.5,24343
2026-02-11 10:40:00+05:30,1562.300048828125,1563.0,1561.5,1562.5,7581
2026-02-11 10:45:00+05:30,1562.199951171875,1562.199951171875,1560.199951171875,1561.699951171875,15450
2026-02-11 10:50:00+05:30,1562.0,1562.0,1560.0999755859375,1560.0999755859375,13713
2026-02-11 10:55:00+05:30,1559.699951171875,1559.9000244140625,1557.0,1557.199951171875,16452
2026-02-11 11:00:00+05:30,1557.699951171875,1560.300048828125,1555.699951171875,1560.300048828125,59756
2026-02-11 11:05:00+05:30,1560.300048828125,1561.4000244140625,1557.0999755859375,1557.0999755859375,43709
2026-02-11 11:10:00+05:30,1557.0999755859375,1561.5,1556.5999755859375,1560.9000244140625,17858
2026-02-11 11:15:00+05:30,1560.9000244140625,1562.0,1560.5,1561.0999755859375,11865
2026-02-11 11:20:00+05:30,1561.5999755859375,1561.9000244140625,1560.300048828125,1561.800048828125,14451
2026-02-11 11:25:00+05:30,1561.5,1562.199951171875,1559.800048828125,1560.4000244140625,33044
2026-02-11 11:30:00+05:30,1560.699951171875,1560.699951171875,1559.300048828125,1560.4000244140625,43366
2026-02-11 11:35:00+05:30,1560.5,1561.0,1559.199951171875,1559.5,11045
2026-02-11 11:40:00+05:30,1559.5,1559.5,1558.5999755859375,1559.300048828125,12159
2026-02-11 11:45:00+05:30,1559.300048828125,1559.5,1558.0,1559.199951171875,30807
2026-02-11 11:50:00+05:30,1559.4000244140625,1560.0,1557.9000244140625,1559.4000244140625,29506
2026-02-11 11:55:00+05:30,1559.4000244140625,1559.9000244140625,1556.0,1556.4000244140625,26061
2026-02-11 12:00:00+05:30,1556.300048828125,1556.4000244140625,1555.0999755859375,1555.5,25611
2026-02-11 12:05:00+05:30,1555.4000244140625,1557.4000244140625,1555.0999755859375,1555.199951171875,13736
2026-02-11 12:10:00+05:30,1555.300048828125,1556.4000244140625,1554.5999755859375,1555.0,18194
2026-02-11 12:15:00+05:30,1555.0,1555.9000244140625,1554.199951171875,1554.699951171875,22031
2026-02-11 12:20:00+05:30,1554.699951171875,1554.699951171875,1551.0,1551.5,53323
2026-02-11 12:25:00+05:30,1551.5999755859375,1554.0999755859375,1551.0999755859375,1553.5,21916
2026-02-11 12:30:00+05:30,1553.5,1555.0,1552.800048828125,1553.300048828125,21882
2026-02-11 12:35:00+05:30,1553.300048828125,1553.800048828125,1551.0999755859375,1553.0,36282
2026-02-11 12:40:00+05:30,1553.5,1553.5,1550.5999755859375,1551.9000244140625,46128
2026-02-11 12:45:00+05:30,1551.9000244140625,1552.5999755859375,1550.699951171875,1552.5,12538
2026-02-11 12:50:00+05:30,1552.300048828125,1552.5,1550.800048828125,1550.800048828125,12258
2026-02-11 12:55:00+05:30,1550.800048828125,1554.300048828125,1549.699951171875,1554.300048828125,94055
2026-02-11 13:00:00+05:30,1554.300048828125,1554.300048828125,1551.0,1551.9000244140625,10424
2026-02-11 13:05:00+05:30,1551.9000244140625,1553.300048828125,1551.5999755859375,1552.699951171875,6398
2026-02-11 13:10:00+05:30,1552.699951171875,1553.0,1548.800048828125,1550.0,33206
2026-02-11 13:15:00+05:30,1550.0,1551.5,1549.5,1550.0,36999
2026-02-11 13:20:00+05:30,1550.0,1550.9000244140625,1548.9000244140625,1549.5,40108
2026-02-11 13:25:00+05:30,1550.0,1551.9000244140625,1549.4000244140625,1551.800048828125,23153
2026-02-11 13:30:00+05:30,1551.300048828125,1552.699951171875,1550.699951171875,1551.0999755859375,11760
2026-02-11 13:35:00+05:30,1551.0,1552.800048828125,1550.699951171875,1551.4000244140625,14096
2026-02-11 13:40:00+05:30,1551.199951171875,1552.699951171875,1550.5999755859375,1551.199951171875,35139
2026-02-11 13:45:00+05:30,1551.199951171875,1551.800048828125,1549.0999755859375,1549.699951171875,11874
2026-02-11 13:50:00+05:30,1549.800048828125,1550.5999755859375,1549.4000244140625,1550.0,10224
2026-02-11 13:55:00+05:30,1550.199951171875,1552.300048828125,1550.0,1552.199951171875,78061
2026-02-11 14:00:00+05:30,1552.199951171875,1552.199951171875,1550.800048828125,1551.5,17172
2026-02-11 14:05:00+05:30,1551.5,1553.0,1550.0,1553.0,12801
2026-02-11 14:10:00+05:30,1553.300048828125,1558.5999755859375,1553.300048828125,1558.5999755859375,30251
2026-02-11 14:15:00+05:30,1558.4000244140625,1558.800048828125,1556.5999755859375,1558.0999755859375,21185
2026-02-11 14:20:00+05:30,1558.0,1558.199951171875,1555.800048828125,1555.800048828125,48959
2026-02-11 14:25:00+05:30,1555.9000244140625,1556.9000244140625,1555.0,1555.0,24743
2026-02-11 14:30:00+05:30,1555.0,1557.300048828125,1555.0,1556.300048828125,27347
2026-02-11 14:35:00+05:30,1556.300048828125,1556.5,1554.800048828125,1555.5,29874
2026-02-11 14:40:00+05:30,1555.4000244140625,1556.0,1554.4000244140625,1554.699951171875,18595
2026-02-11 14:45:00+05:30,1554.699951171875,1556.0,1554.4000244140625,1554.9000244140625,26866
2026-02-11 14:50:00+05:30,1555.0,1556.5999755859375,1554.800048828125,1555.199951171875,33733
2026-02-11 14:55:00+05:30,1555.0999755859375,1556.199951171875,1554.0,1554.0,77168
2026-02-11 15:00:00+05:30,1554.9000244140625,1556.5999755859375,1553.4000244140625,1553.5999755859375,129972
2026-02-11 15:05:00+05:30,1553.699951171875,1553.9000244140625,1553.0,1553.800048828125,61566
2026-02-11 15:10:00+05:30,1553.800048828125,1554.699951171875,1549.9000244140625,1551.0,252162
2026-02-11 15:15:00+05:30,1551.0,1551.300048828125,1549.300048828125,1550.300048828125,117995
2026-02-11 15:20:00+05:30,1550.4000244140625,1551.0999755859375,1548.4000244140625,1549.0999755859375,87673
2026-02-11 15:25:00+05:30,1549.699951171875,1550.5,1546.0999755859375,1550.0,90572
2026-02-12 09:20:00+05:30,1505.9000244140625,1509.0999755859375,1497.5,1499.9000244140625,207031
2026-02-12 09:25:00+05:30,1499.5999755859375,1507.4000244140625,1498.800048828125,1500.300048828125,144382
2026-02-12 09:30:00+05:30,1500.300048828125,1503.0,1487.199951171875,1487.5999755859375,250017
2026-02-12 09:35:00+05:30,1488.0,1496.0,1480.800048828125,1492.9000244140625,217749
2026-02-12 09:40:00+05:30,1493.300048828125,1495.0,1488.9000244140625,1492.0999755859375,60122
2026-02-12 09:45:00+05:30,1492.0999755859375,1499.5999755859375,1488.300048828125,1498.9000244140625,72284
2026-02-12 09:50:00+05:30,1499.199951171875,1501.300048828125,1495.699951171875,1497.800048828125,66812
2026-02-12 09:55:00+05:30,1497.800048828125,1498.800048828125,1495.4000244140625,1495.5,32791
2026-02-12 10:00:00+05:30,1495.800048828125,1499.4000244140625,1495.0,1499.4000244140625,36153
2026-02-12 10:05:00+05:30,1499.199951171875,1501.9000244140625,1495.9000244140625,1496.199951171875,65677
2026-02-12 10:10:00+05:30,1496.0999755859375,1501.800048828125,1495.0,1501.0,38882
2026-02-12 10:15:00+05:30,1501.0,1502.800048828125,1497.300048828125,1498.199951171875,48682
2026-02-12 10:20:00+05:30,1498.199951171875,1498.9000244140625,1492.699951171875,1495.0,57724
2026-02-12 10:25:00+05:30,1495.0,1495.4000244140625,1493.0,1494.0999755859375,35497
2026-02-12 10:30:00+05:30,1493.9000244140625,1495.699951171875,1492.0999755859375,1493.800048828125,45148
2026-02-12 10:35:00+05:30,1493.300048828125,1494.9000244140625,1489.5999755859375,1492.800048828125,110709
2026-02-12 10:40:00+05:30,1492.5999755859375,1493.4000244140625,1490.4000244140625,1493.0999755859375,17087
2026-02-12 10:45:00+05:30,1493.0999755859375,1495.4000244140625,1493.0999755859375,1494.4000244140625,20931
2026-02-12 10:50:00+05:30,1494.4000244140625,1494.4000244140625,1491.5,1493.5999755859375,18490
2026-02-12 10:55:00+05:30,1493.5999755859375,1493.800048828125,1489.9000244140625,1490.0,56359
2026-02-12 11:00:00+05:30,1490.0,1493.4000244140625,1487.5999755859375,1489.4000244140625,224535
2026-02-12 11:05:00+05:30,1489.5999755859375,1496.5,1489.5999755859375,1495.4000244140625,84487
2026-02-12 11:10:00+05:30,1496.0999755859375,1498.5999755859375,1490.9000244140625,1494.4000244140625,131169
2026-02-12 11:15:00+05:30,1494.0,1495.199951171875,1493.199951171875,1494.699951171875,24423
2026-02-12 11:20:00+05:30,1494.800048828125,1497.9000244140625,1494.5,1497.800048828125,56593
2026-02-12 11:25:00+05:30,1497.699951171875,1499.0,1497.0999755859375,1497.5999755859375,35370
2026-02-12 11:30:00+05:30,1497.4000244140625,1498.0,1492.5,1493.699951171875,47413
2026-02-12 11:35:00+05:30,1493.4000244140625,1494.300048828125,1490.699951171875,1491.699951171875,60593
2026-02-12 11:40:00+05:30,1491.800048828125,1493.5999755859375,1491.199951171875,1493.0999755859375,21761
2026-02-12 11:45:00+05:30,1493.300048828125,1495.0,1493.0,1493.4000244140625,35223
2026-02-12 11:50:00+05:30,1493.199951171875,1493.199951171875,1490.699951171875,1491.9000244140625,59249
2026-02-12 11:55:00+05:30,1491.699951171875,1494.699951171875,1491.5999755859375,1493.800048828125,22660
2026-02-12 12:00:00+05:30,1493.800048828125,1494.800048828125,1492.699951171875,1494.5999755859375,31720
2026-02-12 12:05:00+05:30,1494.699951171875,1498.5999755859375,1494.5,1497.9000244140625,26292
2026-02-12 12:10:00+05:30,1497.9000244140625,1499.5,1496.5,1499.0,39490
2026-02-12 12:15:00+05:30,1499.0,1502.800048828125,1497.800048828125,1502.5,128085
2026-02-12 12:20:00+05:30,1502.5999755859375,1502.5999755859375,1499.800048828125,1500.199951171875,92795
2026-02-12 12:25:00+05:30,1500.300048828125,1501.300048828125,1499.800048828125,1500.199951171875,19153
2026-02-12 12:30:00+05:30,1500.4000244140625,1501.300048828125,1500.0,1500.0999755859375,13556
2026-02-12 12:35:00+05:30,1500.199951171875,1500.5,1499.5999755859375,1500.0,20153
2026-02-12 12:40:00+05:30,1500.199951171875,1501.0,1499.699951171875,1500.300048828125,30140
2026-02-12 12:45:00+05:30,1500.300048828125,1502.0999755859375,1500.0,1501.5999755859375,35031
2026-02-12 12:50:00+05:30,1502.0999755859375,1502.0999755859375,1500.0,1500.199951171875,22706
2026-02-12 12:55:00+05:30,1500.300048828125,1500.4000244140625,1499.9000244140625,1500.0,18589
2026-02-12 13:00:00+05:30,1500.0999755859375,1500.199951171875,1499.300048828125,1499.699951171875,52167
2026-02-12 13:05:00+05:30,1499.5999755859375,1500.199951171875,1497.300048828125,1499.0999755859375,66723
2026-02-12 13:10:00+05:30,1499.300048828125,1499.4000244140625,1496.800048828125,1498.300048828125,48860
2026-02-12 13:15:00+05:30,1498.4000244140625,1500.9000244140625,1497.5999755859375,1500.199951171875,35582
2026-02-12 13:20:00+05:30,1500.0999755859375,1500.199951171875,1499.0,1500.0,36872
2026-02-12 13:25:00+05:30,1500.0999755859375,1503.699951171875,1500.0,1502.0999755859375,64221
2026-02-12 13:30:00+05:30,1502.0,1502.0999755859375,1496.300048828125,1498.300048828125,141233
2026-02-12 13:35:00+05:30,1498.5999755859375,1499.199951171875,1495.0,1496.0,46753
2026-02-12 13:40:00+05:30,1496.699951171875,1496.699951171875,1493.199951171875,1493.300048828125,36642
2026-02-12 13:45:00+05:30,1493.4000244140625,1493.699951171875,1490.300048828125,1491.199951171875,77796
2026-02-12 13:50:00+05:30,1491.199951171875,1491.5,1486.4000244140625,1488.800048828125,67659
2026-02-12 13:55:00+05:30,1489.0,1490.0,1488.0999755859375,1488.5999755859375,29350
2026-02-12 14:00:00+05:30,1488.5999755859375,1489.0,1486.699951171875,1488.0,116089
2026-02-12 14:05:00+05:30,1488.300048828125,1491.699951171875,1487.0,1490.5,79855
2026-02-12 14:10:00+05:30,1491.0999755859375,1491.199951171875,1488.0,1488.5999755859375,26477
2026-02-12 14:15:00+05:30,1488.300048828125,1488.699951171875,1488.0,1488.199951171875,36202
2026-02-12 14:20:00+05:30,1488.0999755859375,1490.5999755859375,1488.0,1490.5,38023
2026-02-12 14:25:00+05:30,1490.4000244140625,1491.4000244140625,1488.0,1490.300048828125,37212
2026-02-12 14:30:00+05:30,1489.300048828125,1491.0999755859375,1488.5,1490.5999755859375,33154
2026-02-12 14:35:00+05:30,1490.5,1491.0,1488.199951171875,1488.300048828125,30472
2026-02-12 14:40:00+05:30,1488.300048828125,1489.5,1486.0999755859375,1487.0999755859375,75036
2026-02-12 14:45:00+05:30,1487.199951171875,1487.199951171875,1483.300048828125,1483.800048828125,79880
2026-02-12 14:50:00+05:30,1483.800048828125,1485.0,1483.0,1484.300048828125,46282
2026-02-12 14:55:00+05:30,1484.199951171875,1485.300048828125,1479.800048828125,1479.800048828125,74265
2026-02-12 15:00:00+05:30,1479.699951171875,1480.5999755859375,1477.199951171875,1479.0999755859375,122208
2026-02-12 15:05:00+05:30,1478.9000244140625,1479.5999755859375,1476.199951171875,1477.199951171875,124059
2026-02-12 15:10:00+05:30,1477.0999755859375,1478.5,1475.4000244140625,1476.800048828125,141164
2026-02-12 15:15:00+05:30,1476.800048828125,1478.4000244140625,1475.5999755859375,1475.9000244140625,154882
2026-02-12 15:20:00+05:30,1476.4000244140625,1477.0,1472.5999755859375,1474.300048828125,161102
2026-02-12 15:25:00+05:30,1474.0999755859375,1474.4000244140625,1470.0,1470.9000244140625,124600
2026-02-13 09:20:00+05:30,1415.0,1422.0999755859375,1407.0999755859375,1421.699951171875,198158
2026-02-13 09:25:00+05:30,1420.5999755859375,1421.0999755859375,1413.0999755859375,1414.5,141316
2026-02-13 09:30:00+05:30,1414.800048828125,1416.5,1411.0,1414.4000244140625,73466
2026-02-13 09:35:00+05:30,1414.199951171875,1415.0,1409.0,1412.0,115681
2026-02-13 09:40:00+05:30,1411.300048828125,1419.9000244140625,1409.199951171875,1417.0999755859375,236825
2026-02-13 09:45:00+05:30,1417.300048828125,1417.300048828125,1410.699951171875,1412.0,146860
2026-02-13 09:50:00+05:30,1412.0,1412.5999755859375,1404.9000244140625,1411.5,116051
2026-02-13 09:55:00+05:30,1411.5,1412.199951171875,1404.699951171875,1404.9000244140625,84648
2026-02-13 10:00:00+05:30,1405.0,1409.4000244140625,1404.4000244140625,1406.800048828125,60302
2026-02-13 10:05:00+05:30,1406.199951171875,1406.800048828125,1403.199951171875,1405.5999755859375,70917
2026-02-13 10:10:00+05:30,1404.300048828125,1406.300048828125,1404.0,1405.9000244140625,45864
2026-02-13 10:15:00+05:30,1405.800048828125,1410.9000244140625,1405.0,1408.9000244140625,83662
2026-02-13 10:20:00+05:30,1408.800048828125,1414.699951171875,1407.9000244140625,1414.4000244140625,59491
2026-02-13 10:25:00+05:30,1414.0999755859375,1420.9000244140625,1414.0999755859375,1419.699951171875,176597
2026-02-13 10:30:00+05:30,1419.0,1433.4000244140625,1419.0,1432.699951171875,299886
2026-02-13 10:35:00+05:30,1432.5,1435.699951171875,1429.5,1434.5999755859375,144736
2026-02-13 10:40:00+05:30,1434.5,1439.9000244140625,1431.0999755859375,1439.0,349643
2026-02-13 10:45:00+05:30,1438.9000244140625,1441.9000244140625,1438.0,1440.5999755859375,333584
2026-02-13 10:50:00+05:30,1440.800048828125,1443.5,1439.0999755859375,1442.0999755859375,186486
2026-02-13 10:55:00+05:30,1442.0,1443.300048828125,1436.5,1438.9000244140625,60746
2026-02-13 11:00:00+05:30,1438.9000244140625,1440.0,1434.0999755859375,1434.699951171875,63827
2026-02-13 11:05:00+05:30,1435.5,1442.0,1435.0999755859375,1439.4000244140625,117115
2026-02-13 11:10:00+05:30,1439.699951171875,1447.699951171875,1439.699951171875,1447.0999755859375,57750
2026-02-13 11:15:00+05:30,1447.0999755859375,1448.199951171875,1442.4000244140625,1444.0,36911
2026-02-13 11:20:00+05:30,1444.0,1445.4000244140625,1440.199951171875,1445.0999755859375,48106
2026-02-13 11:25:00+05:30,1445.0,1449.4000244140625,1442.9000244140625,1448.5999755859375,38735
2026-02-13 11:30:00+05:30,1448.0,1448.800048828125,1445.300048828125,1445.699951171875,29637
2026-02-13 11:35:00+05:30,1445.699951171875,1448.300048828125,1443.5999755859375,1446.9000244140625,47398
2026-02-13 11:40:00+05:30,1446.9000244140625,1452.0,1446.5,1452.0,46221
2026-02-13 11:45:00+05:30,1452.0,1455.0,1449.199951171875,1453.9000244140625,55851
2026-02-13 11:50:00+05:30,1453.5,1456.5,1452.0999755859375,1453.699951171875,64221
2026-02-13 11:55:00+05:30,1454.0,1455.5999755859375,1452.0,1453.5999755859375,64542
2026-02-13 12:00:00+05:30,1453.699951171875,1454.699951171875,1452.4000244140625,1454.0,65693
2026-02-13 12:05:00+05:30,1454.300048828125,1464.699951171875,1454.0999755859375,1461.199951171875,76908
2026-02-13 12:10:00+05:30,1461.300048828125,1466.800048828125,1460.0,1463.0,103664
2026-02-13 12:15:00+05:30,1463.199951171875,1466.0999755859375,1462.4000244140625,1465.5,318837
2026-02-13 12:20:00+05:30,1465.0999755859375,1466.5,1462.0,1464.199951171875,111811
2026-02-13 12:25:00+05:30,1464.199951171875,1471.699951171875,1463.0,1466.0,85959
2026-02-13 12:30:00+05:30,1466.0999755859375,1471.800048828125,1463.800048828125,1471.800048828125,49591
2026-02-13 12:35:00+05:30,1471.699951171875,1471.699951171875,1465.0999755859375,1469.0999755859375,42572
2026-02-13 12:40:00+05:30,1469.199951171875,1470.9000244140625,1465.5999755859375,1467.699951171875,48323
2026-02-13 12:45:00+05:30,1468.0999755859375,1476.4000244140625,1466.9000244140625,1475.0999755859375,367577
2026-02-13 12:50:00+05:30,1475.0999755859375,1475.0999755859375,1464.300048828125,1465.199951171875,116972
2026-02-13 12:55:00+05:30,1465.5,1466.5,1458.300048828125,1459.300048828125,50495
2026-02-13 13:00:00+05:30,1459.300048828125,1463.5,1459.0,1462.5,30431
2026-02-13 13:05:00+05:30,1462.699951171875,1463.0,1458.0999755859375,1460.800048828125,26896
2026-02-13 13:10:00+05:30,1461.300048828125,1464.699951171875,1461.199951171875,1464.4000244140625,24364
2026-02-13 13:15:00+05:30,1464.5,1467.5,1462.800048828125,1465.5,32172
2026-02-13 13:20:00+05:30,1465.5,1466.0,1462.5,1463.300048828125,18536
2026-02-13 13:25:00+05:30,1463.300048828125,1464.0999755859375,1461.5999755859375,1463.4000244140625,24564
2026-02-13 13:30:00+05:30,1463.5999755859375,1464.5999755859375,1459.4000244140625,1460.0999755859375,36547
2026-02-13 13:35:00+05:30,1460.0999755859375,1461.5999755859375,1459.0999755859375,1460.699951171875,22613
2026-02-13 13:40:00+05:30,1460.699951171875,1462.9000244140625,1458.0999755859375,1458.800048828125,36427
2026-02-13 13:45:00+05:30,1458.800048828125,1458.800048828125,1453.9000244140625,1454.800048828125,27977
2026-02-13 13:50:00+05:30,1454.800048828125,1456.4000244140625,1453.9000244140625,1456.4000244140625,26629
2026-02-13 13:55:00+05:30,1456.0,1459.0,1454.9000244140625,1458.9000244140625,33127
2026-02-13 14:00:00+05:30,1459.4000244140625,1462.699951171875,1457.5999755859375,1460.800048828125,46281
2026-02-13 14:05:00+05:30,1460.800048828125,1461.800048828125,1458.5999755859375,1459.4000244140625,32707
2026-02-13 14:10:00+05:30,1459.4000244140625,1462.5,1458.5,1462.0,37123
2026-02-13 14:15:00+05:30,1462.5,1463.300048828125,1458.5,1459.0999755859375,42567
2026-02-13 14:20:00+05:30,1458.699951171875,1460.300048828125,1458.199951171875,1460.300048828125,29417
2026-02-13 14:25:00+05:30,1460.0999755859375,1463.300048828125,1460.0,1460.800048828125,28061
2026-02-13 14:30:00+05:30,1460.800048828125,1461.699951171875,1455.9000244140625,1456.0,56386
2026-02-13 14:35:00+05:30,1456.0,1459.9000244140625,1455.5999755859375,1459.300048828125,37512
2026-02-13 14:40:00+05:30,1459.699951171875,1459.699951171875,1456.5,1457.800048828125,26834
2026-02-13 14:45:00+05:30,1457.800048828125,1459.5,1457.0,1458.699951171875,26340
2026-02-13 14:50:00+05:30,1458.0999755859375,1460.4000244140625,1457.5,1459.300048828125,38666
2026-02-13 14:55:00+05:30,1459.199951171875,1459.300048828125,1456.699951171875,1457.5999755859375,37253
2026-02-13 15:00:00+05:30,1458.4000244140625,1459.0,1453.800048828125,1456.199951171875,84029
2026-02-13 15:05:00+05:30,1456.199951171875,1456.199951171875,1451.9000244140625,1454.300048828125,85887
2026-02-13 15:10:00+05:30,1454.300048828125,1455.699951171875,1453.699951171875,1455.0999755859375,70816
2026-02-13 15:15:00+05:30,1454.5999755859375,1455.300048828125,1453.0,1454.5999755859375,128472
2026-02-13 15:20:00+05:30,1454.800048828125,1455.699951171875,1453.0999755859375,1455.0,106160
2026-02-13 15:25:00+05:30,1455.5999755859375,1459.300048828125,1454.0,1458.0,130995
2026-02-16 09:20:00+05:30,1462.0999755859375,1462.0999755859375,1456.699951171875,1459.0999755859375,30654
2026-02-16 09:25:00+05:30,1458.699951171875,1459.5999755859375,1452.800048828125,1454.699951171875,31613
2026-02-16 09:30:00+05:30,1455.0999755859375,1466.300048828125,1455.0999755859375,1464.4000244140625,32362
2026-02-16 09:35:00+05:30,1463.300048828125,1466.0,1459.5999755859375,1461.199951171875,22628
2026-02-16 09:40:00+05:30,1460.9000244140625,1461.5,1456.300048828125,1460.0,25055
2026-02-16 09:45:00+05:30,1460.0,1460.5999755859375,1455.699951171875,1456.4000244140625,25342
2026-02-16 09:50:00+05:30,1456.4000244140625,1458.9000244140625,1452.5,1457.0,39165
2026-02-16 09:55:00+05:30,1457.5,1457.699951171875,1453.5,1456.699951171875,31561
2026-02-16 10:00:00+05:30,1457.0,1463.0,1457.0,1462.0,43131
2026-02-16 10:05:00+05:30,1462.0,1462.0999755859375,1456.9000244140625,1458.4000244140625,32459
2026-02-16 10:10:00+05:30,1458.4000244140625,1462.9000244140625,1457.5,1459.300048828125,21130
2026-02-16 10:15:00+05:30,1459.4000244140625,1459.9000244140625,1458.0,1458.9000244140625,18235
2026-02-16 10:20:00+05:30,1458.5999755859375,1460.199951171875,1457.5999755859375,1458.5999755859375,25988
2026-02-16 10:25:00+05:30,1458.5999755859375,1460.0,1456.0999755859375,1459.0,54389
2026-02-16 10:30:00+05:30,1459.0,1460.0,1457.5,1458.699951171875,25199
2026-02-16 10:35:00+05:30,1459.0999755859375,1459.9000244140625,1457.9000244140625,1458.4000244140625,114327
2026-02-16 10:40:00+05:30,1458.4000244140625,1459.9000244140625,1458.0,1459.5,57570
2026-02-16 10:45:00+05:30,1459.300048828125,1459.300048828125,1455.4000244140625,1455.5999755859375,45431
2026-02-16 10:50:00+05:30,1456.0,1456.9000244140625,1453.699951171875,1454.0999755859375,46811
2026-02-16 10:55:00+05:30,1454.0999755859375,1456.0,1453.5,1455.5999755859375,19129
2026-02-16 11:00:00+05:30,1454.9000244140625,1455.5,1450.0,1450.5999755859375,48407
2026-02-16 11:05:00+05:30,1450.699951171875,1455.300048828125,1450.699951171875,1453.4000244140625,28106
2026-02-16 11:10:00+05:30,1453.0,1453.5999755859375,1450.5999755859375,1453.0,25903
2026-02-16 11:15:00+05:30,1453.0,1453.5,1451.699951171875,1452.300048828125,25573
2026-02-16 11:20:00+05:30,1452.300048828125,1454.800048828125,1452.0,1454.4000244140625,22000
2026-02-16 11:25:00+05:30,1453.800048828125,1454.5,1450.199951171875,1450.9000244140625,48166
2026-02-16 11:30:00+05:30,1450.800048828125,1453.0,1450.5,1451.300048828125,21092
2026-02-16 11:35:00+05:30,1451.199951171875,1453.0,1450.5,1451.9000244140625,17948
2026-02-16 11:40:00+05:30,1451.9000244140625,1452.800048828125,1450.300048828125,1451.0,15126
2026-02-16 11:45:00+05:30,1451.0,1451.199951171875,1446.9000244140625,1451.199951171875,99488
2026-02-16 11:50:00+05:30,1451.199951171875,1453.199951171875,1451.0,1452.199951171875,14567
2026-02-16 11:55:00+05:30,1453.0999755859375,1453.5,1451.9000244140625,1452.699951171875,17965
2026-02-16 12:00:00+05:30,1452.699951171875,1455.699951171875,1452.300048828125,1455.699951171875,49463
2026-02-16 12:05:00+05:30,1455.199951171875,1456.5,1455.0,1455.300048828125,14582
2026-02-16 12:10:00+05:30,1455.5,1456.199951171875,1453.0,1453.4000244140625,9704
2026-02-16 12:15:00+05:30,1453.300048828125,1456.199951171875,1452.800048828125,1455.5999755859375,9529
2026-02-16 12:20:00+05:30,1455.300048828125,1455.5999755859375,1453.199951171875,1454.5,9286
2026-02-16 12:25:00+05:30,1454.5999755859375,1455.4000244140625,1453.800048828125,1455.0,10870
2026-02-16 12:30:00+05:30,1455.0,1455.5999755859375,1453.800048828125,1455.0999755859375,4654
2026-02-16 12:35:00+05:30,1455.199951171875,1455.199951171875,1451.699951171875,1453.4000244140625,24141
2026-02-16 12:40:00+05:30,1453.0999755859375,1455.0999755859375,1452.699951171875,1454.0999755859375,51834
2026-02-16 12:45:00+05:30,1454.699951171875,1455.0,1451.0,1451.4000244140625,16574
2026-02-16 12:50:00+05:30,1451.0999755859375,1453.0999755859375,1450.300048828125,1452.300048828125,23813
2026-02-16 12:55:00+05:30,1452.0,1452.5,1450.4000244140625,1450.800048828125,12041
2026-02-16 13:00:00+05:30,1450.800048828125,1452.9000244140625,1450.699951171875,1452.800048828125,14338
2026-02-16 13:05:00+05:30,1452.800048828125,1454.0,1452.0,1453.0999755859375,11797
2026-02-16 13:10:00+05:30,1453.0999755859375,1453.699951171875,1451.4000244140625,1452.800048828125,44792
2026-02-16 13:15:00+05:30,1452.800048828125,1453.9000244140625,1452.0999755859375,1453.300048828125,5483
2026-02-16 13:20:00+05:30,1453.300048828125,1456.4000244140625,1453.300048828125,1455.5999755859375,48466
2026-02-16 13:25:00+05:30,1455.5999755859375,1456.0,1455.0,1456.0,14933
2026-02-16 13:30:00+05:30,1456.0,1456.0,1452.800048828125,1455.0,29357
2026-02-16 13:35:00+05:30,1455.0,1455.0,1454.0,1454.699951171875,8393
2026-02-16 13:40:00+05:30,1455.0,1455.0,1453.800048828125,1454.5999755859375,19384
2026-02-16 13:45:00+05:30,1454.0999755859375,1455.0,1454.0999755859375,1455.0,14689
2026-02-16 13:50:00+05:30,1454.800048828125,1456.0999755859375,1453.9000244140625,1453.9000244140625,27238
2026-02-16 13:55:00+05:30,1453.699951171875,1454.0999755859375,1451.0999755859375,1451.699951171875,12706
2026-02-16 14:00:00+05:30,1451.699951171875,1452.0999755859375,1450.199951171875,1451.800048828125,11785
2026-02-16 14:05:00+05:30,1451.800048828125,1451.800048828125,1449.699951171875,1450.0999755859375,17088
2026-02-16 14:10:00+05:30,1450.0999755859375,1452.0,1450.0,1452.0,11487
2026-02-16 14:15:00+05:30,1452.0,1452.4000244140625,1450.0,1450.5,16308
2026-02-16 14:20:00+05:30,1450.5,1450.699951171875,1449.699951171875,1450.0,14008
2026-02-16 14:25:00+05:30,1450.0,1456.0999755859375,1450.0,1456.0999755859375,26115
2026-02-16 14:30:00+05:30,1456.0,1459.800048828125,1455.4000244140625,1459.800048828125,194361
2026-02-16 14:35:00+05:30,1459.300048828125,1462.4000244140625,1456.199951171875,1457.4000244140625,33582
2026-02-16 14:40:00+05:30,1457.4000244140625,1458.0,1456.699951171875,1457.9000244140625,37162
2026-02-16 14:45:00+05:30,1457.800048828125,1458.0,1455.9000244140625,1457.5999755859375,13142
2026-02-16 14:50:00+05:30,1457.4000244140625,1457.5999755859375,1454.199951171875,1455.0999755859375,14893
2026-02-16 14:55:00+05:30,1455.0999755859375,1458.9000244140625,1454.5,1458.5,55910
2026-02-16 15:00:00+05:30,1458.5999755859375,1460.199951171875,1458.0999755859375,1459.5999755859375,58028
2026-02-16 15:05:00+05:30,1459.9000244140625,1463.300048828125,1459.0,1463.199951171875,73509
2026-02-16 15:10:00+05:30,1463.300048828125,1464.199951171875,1461.0999755859375,1462.0,27374
2026-02-16 15:15:00+05:30,1461.9000244140625,1464.0,1461.5,1464.0,23165
2026-02-16 15:20:00+05:30,1464.5,1466.5,1463.5,1466.199951171875,32044
2026-02-16 15:25:00+05:30,1465.0,1467.0,1461.800048828125,1461.800048828125,29417
2026-02-17 09:20:00+05:30,1478.0999755859375,1478.199951171875,1470.5999755859375,1471.300048828125,47442
2026-02-17 09:25:00+05:30,1471.199951171875,1474.9000244140625,1469.699951171875,1474.9000244140625,22657
2026-02-17 09:30:00+05:30,1475.0,1487.9000244140625,1473.699951171875,1485.5999755859375,61866
2026-02-17 09:35:00+05:30,1486.0,1490.699951171875,1484.199951171875,1488.4000244140625,68429
2026-02-17 09:40:00+05:30,1488.4000244140625,1493.5,1486.0999755859375,1489.5999755859375,105000
2026-02-17 09:45:00+05:30,1489.5999755859375,1490.0,1486.0,1487.0999755859375,32033
2026-02-17 09:50:00+05:30,1487.800048828125,1492.5,1486.300048828125,1492.5,41800
2026-02-17 09:55:00+05:30,1492.5,1496.199951171875,1491.0,1494.9000244140625,68375
2026-02-17 10:00:00+05:30,1495.0999755859375,1496.699951171875,1487.5,1489.800048828125,73623
2026-02-17 10:05:00+05:30,1489.800048828125,1490.0,1484.800048828125,1487.5,54386
2026-02-17 10:10:00+05:30,1487.5,1489.9000244140625,1486.800048828125,1489.199951171875,30636
2026-02-17 10:15:00+05:30,1489.199951171875,1489.199951171875,1484.0999755859375,1486.5999755859375,43467
2026-02-17 10:20:00+05:30,1486.5999755859375,1488.0,1484.4000244140625,1485.300048828125,23637
2026-02-17 10:25:00+05:30,1485.300048828125,1487.4000244140625,1483.4000244140625,1486.0999755859375,29197
2026-02-17 10:30:00+05:30,1485.5,1490.5,1485.5,1489.300048828125,44654
2026-02-17 10:35:00+05:30,1489.199951171875,1490.5,1484.699951171875,1485.4000244140625,69342
2026-02-17 10:40:00+05:30,1485.4000244140625,1488.9000244140625,1485.0,1486.199951171875,56481
2026-02-17 10:45:00+05:30,1486.199951171875,1489.699951171875,1486.199951171875,1488.699951171875,55972
2026-02-17 10:50:00+05:30,1488.0,1488.800048828125,1485.5,1486.0,57705
2026-02-17 10:55:00+05:30,1486.199951171875,1489.0,1486.0999755859375,1487.800048828125,80358
2026-02-17 11:00:00+05:30,1487.800048828125,1489.9000244140625,1487.0999755859375,1488.9000244140625,19856
2026-02-17 11:05:00+05:30,1488.9000244140625,1489.800048828125,1488.0999755859375,1488.9000244140625,23114
2026-02-17 11:10:00+05:30,1488.9000244140625,1489.9000244140625,1488.0,1488.800048828125,16343
2026-02-17 11:15:00+05:30,1489.5,1491.699951171875,1489.300048828125,1490.699951171875,26319
2026-02-17 11:20:00+05:30,1490.699951171875,1490.9000244140625,1489.4000244140625,1490.0,40775
2026-02-17 11:25:00+05:30,1490.0,1494.5,1489.800048828125,1494.0,23626
2026-02-17 11:30:00+05:30,1494.5,1502.4000244140625,1493.800048828125,1499.5999755859375,70296
2026-02-17 11:35:00+05:30,1499.5,1502.300048828125,1497.0,1501.699951171875,39211
2026-02-17 11:40:00+05:30,1501.699951171875,1501.699951171875,1496.0999755859375,1498.0,27799
2026-02-17 11:45:00+05:30,1498.5,1502.0,1497.0,1502.0,34554
2026-02-17 11:50:00+05:30,1501.800048828125,1506.300048828125,1501.5,1504.5,62996
2026-02-17 11:55:00+05:30,1504.5999755859375,1504.699951171875,1501.300048828125,1504.300048828125,64973
2026-02-17 12:00:00+05:30,1504.300048828125,1510.5,1502.800048828125,1507.199951171875,58808
2026-02-17 12:05:00+05:30,1507.199951171875,1507.199951171875,1503.4000244140625,1503.800048828125,25184
2026-02-17 12:10:00+05:30,1503.4000244140625,1506.9000244140625,1503.4000244140625,1506.0,41177
2026-02-17 12:15:00+05:30,1505.5999755859375,1508.699951171875,1505.5999755859375,1507.800048828125,23658
2026-02-17 12:20:00+05:30,1507.800048828125,1508.4000244140625,1505.4000244140625,1506.199951171875,26343
2026-02-17 12:25:00+05:30,1506.699951171875,1508.0,1503.300048828125,1504.800048828125,21693
2026-02-17 12:30:00+05:30,1505.5,1505.5,1501.300048828125,1501.5,22231
2026-02-17 12:35:00+05:30,1501.199951171875,1501.800048828125,1498.199951171875,1499.9000244140625,33613
2026-02-17 12:40:00+05:30,1500.0,1501.4000244140625,1499.0999755859375,1500.699951171875,15661
2026-02-17 12:45:00+05:30,1500.699951171875,1501.0,1499.5,1500.699951171875,8897
2026-02-17 12:50:00+05:30,1500.699951171875,1504.0,1499.800048828125,1502.4000244140625,20083
2026-02-17 12:55:00+05:30,1501.5,1502.300048828125,1499.0,1500.199951171875,15636
2026-02-17 13:00:00+05:30,1500.5,1501.4000244140625,1498.300048828125,1499.0,20998
2026-02-17 13:05:00+05:30,1498.5,1502.5999755859375,1497.300048828125,1502.5,24096
2026-02-17 13:10:00+05:30,1502.199951171875,1503.0,1499.0999755859375,1500.0999755859375,32004
2026-02-17 13:15:00+05:30,1499.9000244140625,1501.0,1496.0,1496.300048828125,18859
2026-02-17 13:20:00+05:30,1496.5,1497.699951171875,1494.300048828125,1496.699951171875,14604
2026-02-17 13:25:00+05:30,1496.800048828125,1496.800048828125,1494.0999755859375,1494.5999755859375,13122
2026-02-17 13:30:00+05:30,1494.300048828125,1497.4000244140625,1494.300048828125,1495.4000244140625,15915
2026-02-17 13:35:00+05:30,1495.4000244140625,1495.5,1492.699951171875,1493.300048828125,10302
2026-02-17 13:40:00+05:30,1493.300048828125,1495.0999755859375,1492.5999755859375,1493.5,11020
2026-02-17 13:45:00+05:30,1493.199951171875,1493.800048828125,1492.0,1492.4000244140625,15324
2026-02-17 13:50:00+05:30,1492.4000244140625,1493.5,1491.5999755859375,1492.4000244140625,23411
2026-02-17 13:55:00+05:30,1492.4000244140625,1492.4000244140625,1486.5,1487.199951171875,45690
2026-02-17 14:00:00+05:30,1487.199951171875,1490.0,1485.800048828125,1490.0,38060
2026-02-17 14:05:00+05:30,1490.300048828125,1491.0,1488.199951171875,1488.4000244140625,26347
2026-02-17 14:10:00+05:30,1488.4000244140625,1488.699951171875,1484.4000244140625,1485.0999755859375,31492
2026-02-17 14:15:00+05:30,1484.9000244140625,1487.0,1484.300048828125,1486.0,27597
2026-02-17 14:20:00+05:30,1485.9000244140625,1488.9000244140625,1483.0,1484.300048828125,32206
2026-02-17 14:25:00+05:30,1484.300048828125,1484.4000244140625,1477.4000244140625,1477.9000244140625,51500
2026-02-17 14:30:00+05:30,1477.5,1479.9000244140625,1477.5,1479.0,34778
2026-02-17 14:35:00+05:30,1478.9000244140625,1479.800048828125,1477.5,1479.4000244140625,37193
2026-02-17 14:40:00+05:30,1479.4000244140625,1483.9000244140625,1478.800048828125,1482.0,52297
2026-02-17 14:45:00+05:30,1482.0,1482.699951171875,1479.9000244140625,1480.300048828125,32630
2026-02-17 14:50:00+05:30,1480.300048828125,1480.4000244140625,1478.0999755859375,1480.0,26154
2026-02-17 14:55:00+05:30,1479.699951171875,1481.4000244140625,1475.5999755859375,1481.4000244140625,45598
2026-02-17 15:00:00+05:30,1481.800048828125,1483.4000244140625,1480.800048828125,1481.0,45344
2026-02-17 15:05:00+05:30,1480.800048828125,1483.5999755859375,1480.4000244140625,1483.300048828125,35253
2026-02-17 15:10:00+05:30,1483.300048828125,1483.699951171875,1482.0,1483.5,43449
2026-02-17 15:15:00+05:30,1483.5,1483.5999755859375,1482.4000244140625,1482.9000244140625,54433
2026-02-17 15:20:00+05:30,1482.9000244140625,1483.9000244140625,1481.5,1482.0999755859375,52930
2026-02-17 15:25:00+05:30,1481.5999755859375,1484.800048828125,1480.5999755859375,1483.5,29320
2026-02-18 09:20:00+05:30,1480.699951171875,1480.699951171875,1471.699951171875,1472.199951171875,50807
2026-02-18 09:25:00+05:30,1472.0,1476.5999755859375,1471.0,1474.0,24203
2026-02-18 09:30:00+05:30,1473.9000244140625,1473.9000244140625,1467.300048828125,1469.0,57426
2026-02-18 09:35:00+05:30,1469.0999755859375,1473.5,1468.0,1468.4000244140625,30786
2026-02-18 09:40:00+05:30,1468.0,1470.0,1463.9000244140625,1466.0999755859375,43453
2026-02-18 09:45:00+05:30,1466.0999755859375,1468.5,1463.800048828125,1465.699951171875,29128
2026-02-18 09:50:00+05:30,1465.4000244140625,1468.0,1462.0,1462.0,25290
2026-02-18 09:55:00+05:30,1461.5999755859375,1462.0,1454.199951171875,1458.199951171875,51068
2026-02-18 10:00:00+05:30,1458.199951171875,1459.0999755859375,1452.5999755859375,1455.300048828125,34754
2026-02-18 10:05:00+05:30,1455.300048828125,1456.5,1444.0,1449.9000244140625,102883
2026-02-18 10:10:00+05:30,1449.300048828125,1455.199951171875,1447.0,1454.5999755859375,27897
2026-02-18 10:15:00+05:30,1454.5999755859375,1455.5,1451.0,1454.199951171875,24633
2026-02-18 10:20:00+05:30,1453.800048828125,1454.4000244140625,1450.0,1451.699951171875,19901
2026-02-18 10:25:00+05:30,1451.5,1452.800048828125,1449.0999755859375,1452.5,20725
2026-02-18 10:30:00+05:30,1452.5999755859375,1458.0999755859375,1450.5,1457.9000244140625,27563
2026-02-18 10:35:00+05:30,1457.699951171875,1460.0,1454.0999755859375,1454.5999755859375,21887
2026-02-18 10:40:00+05:30,1454.9000244140625,1455.0999755859375,1451.4000244140625,1452.9000244140625,21469
2026-02-18 10:45:00+05:30,1452.5,1457.699951171875,1452.5,1456.5999755859375,16823
2026-02-18 10:50:00+05:30,1455.800048828125,1458.5,1455.4000244140625,1458.0,14846
2026-02-18 10:55:00+05:30,1458.0,1459.699951171875,1456.5,1459.0,18903
2026-02-18 11:00:00+05:30,1459.0999755859375,1461.0,1458.699951171875,1461.0,18597
2026-02-18 11:05:00+05:30,1460.9000244140625,1463.300048828125,1460.0999755859375,1460.300048828125,23662
2026-02-18 11:10:00+05:30,1460.300048828125,1461.0,1459.0,1460.5999755859375,42814
2026-02-18 11:15:00+05:30,1460.699951171875,1460.699951171875,1459.0,1459.699951171875,16062
2026-02-18 11:20:00+05:30,1459.800048828125,1461.9000244140625,1458.300048828125,1458.300048828125,30506
2026-02-18 11:25:00+05:30,1458.9000244140625,1460.5,1457.699951171875,1459.9000244140625,45214
2026-02-18 11:30:00+05:30,1460.0,1463.9000244140625,1458.0,1463.800048828125,22423
2026-02-18 11:35:00+05:30,1463.300048828125,1464.300048828125,1459.699951171875,1460.0,23911
2026-02-18 11:40:00+05:30,1460.0,1461.300048828125,1455.9000244140625,1456.5999755859375,43060
2026-02-18 11:45:00+05:30,1457.300048828125,1458.699951171875,1454.5,1458.0999755859375,32769
2026-02-18 11:50:00+05:30,1458.5,1459.0,1455.800048828125,1456.5,14359
2026-02-18 11:55:00+05:30,1456.5,1460.5,1455.4000244140625,1460.0,22800
2026-02-18 12:00:00+05:30,1460.0999755859375,1461.5999755859375,1458.5,1460.699951171875,16528
2026-02-18 12:05:00+05:30,1460.699951171875,1463.300048828125,1460.0,1462.5,26118
2026-02-18 12:10:00+05:30,1462.5,1463.300048828125,1460.9000244140625,1460.9000244140625,17860
2026-02-18 12:15:00+05:30,1461.0999755859375,1463.0,1461.0999755859375,1462.300048828125,12043
2026-02-18 12:20:00+05:30,1462.300048828125,1463.5999755859375,1461.300048828125,1463.4000244140625,12085
2026-02-18 12:25:00+05:30,1463.4000244140625,1463.800048828125,1461.0,1462.699951171875,26820
2026-02-18 12:30:00+05:30,1462.699951171875,1464.4000244140625,1461.5999755859375,1463.300048828125,15887
2026-02-18 12:35:00+05:30,1463.9000244140625,1464.300048828125,1462.4000244140625,1463.5,15060
2026-02-18 12:40:00+05:30,1463.199951171875,1463.300048828125,1462.0,1462.5999755859375,11412
2026-02-18 12:45:00+05:30,1462.5,1462.800048828125,1460.699951171875,1461.300048828125,18204
2026-02-18 12:50:00+05:30,1461.0999755859375,1463.300048828125,1460.9000244140625,1462.0999755859375,21008
2026-02-18 12:55:00+05:30,1462.0999755859375,1463.5,1461.0999755859375,1463.0999755859375,25707
2026-02-18 13:00:00+05:30,1463.0999755859375,1463.5,1460.199951171875,1463.4000244140625,44623
2026-02-18 13:05:00+05:30,1463.4000244140625,1463.9000244140625,1461.9000244140625,1463.800048828125,15613
2026-02-18 13:10:00+05:30,1463.800048828125,1464.699951171875,1462.5,1463.699951171875,16252
2026-02-18 13:15:00+05:30,1463.699951171875,1465.199951171875,1463.0999755859375,1464.4000244140625,16932
2026-02-18 13:20:00+05:30,1464.4000244140625,1465.0,1463.5,1463.9000244140625,12619
2026-02-18 13:25:00+05:30,1464.5999755859375,1464.699951171875,1462.199951171875,1463.0999755859375,16611
2026-02-18 13:30:00+05:30,1463.0999755859375,1463.699951171875,1462.300048828125,1463.0999755859375,8877
2026-02-18 13:35:00+05:30,1463.699951171875,1464.0,1462.4000244140625,1463.4000244140625,10904
2026-02-18 13:40:00+05:30,1463.9000244140625,1464.300048828125,1462.0,1463.0,17122
2026-02-18 13:45:00+05:30,1462.4000244140625,1464.4000244140625,1462.4000244140625,1463.4000244140625,19816
2026-02-18 13:50:00+05:30,1463.4000244140625,1464.0,1458.9000244140625,1458.9000244140625,35040
2026-02-18 13:55:00+05:30,1459.4000244140625,1461.300048828125,1457.9000244140625,1461.300048828125,13612
2026-02-18 14:00:00+05:30,1461.4000244140625,1462.5,1460.0999755859375,1462.5,21314
2026-02-18 14:05:00+05:30,1462.699951171875,1464.199951171875,1462.0,1464.199951171875,12563
2026-02-18 14:10:00+05:30,1464.199951171875,1468.0999755859375,1463.9000244140625,1466.300048828125,29751
2026-02-18 14:15:00+05:30,1466.4000244140625,1467.9000244140625,1465.5999755859375,1467.0999755859375,20461
2026-02-18 14:20:00+05:30,1467.0999755859375,1468.5,1466.0999755859375,1467.9000244140625,22543
2026-02-18 14:25:00+05:30,1468.199951171875,1468.199951171875,1466.0,1466.5999755859375,10695
2026-02-18 14:30:00+05:30,1466.5999755859375,1467.9000244140625,1466.0999755859375,1467.300048828125,14397
2026-02-18 14:35:00+05:30,1467.4000244140625,1468.4000244140625,1466.5,1466.699951171875,13569
2026-02-18 14:40:00+05:30,1467.0,1467.0,1464.300048828125,1465.0,14371
2026-02-18 14:45:00+05:30,1465.0999755859375,1465.5,1463.300048828125,1465.5,14268
2026-02-18 14:50:00+05:30,1465.9000244140625,1466.5999755859375,1465.300048828125,1466.0999755859375,16294
2026-02-18 14:55:00+05:30,1466.5,1467.4000244140625,1464.5,1464.800048828125,26098
2026-02-18 15:00:00+05:30,1465.800048828125,1468.5,1465.800048828125,1467.5999755859375,45687
2026-02-18 15:05:00+05:30,1467.5,1467.699951171875,1466.300048828125,1467.5,29092
2026-02-18 15:10:00+05:30,1467.699951171875,1468.5,1466.4000244140625,1467.0,58809
2026-02-18 15:15:00+05:30,1467.0,1468.699951171875,1466.300048828125,1466.9000244140625,38563
2026-02-18 15:20:00+05:30,1467.0999755859375,1468.300048828125,1466.5,1466.5,53411
2026-02-18 15:25:00+05:30,1466.5,1467.4000244140625,1461.0,1467.199951171875,32859
2026-02-19 09:20:00+05:30,1496.300048828125,1501.4000244140625,1488.4000244140625,1491.5,178685
2026-02-19 09:25:00+05:30,1491.0,1492.9000244140625,1487.5,1488.300048828125,74040
2026-02-19 09:30:00+05:30,1488.300048828125,1489.9000244140625,1483.5,1483.800048828125,81329
2026-02-19 09:35:00+05:30,1484.300048828125,1487.9000244140625,1482.300048828125,1483.199951171875,58533
2026-02-19 09:40:00+05:30,1483.0,1483.5999755859375,1479.199951171875,1481.9000244140625,42451
2026-02-19 09:45:00+05:30,1482.0,1488.699951171875,1481.5,1488.300048828125,43963
2026-02-19 09:50:00+05:30,1488.699951171875,1489.0,1484.0999755859375,1484.800048828125,42093
2026-02-19 09:55:00+05:30,1484.5,1485.5,1482.199951171875,1484.4000244140625,20449
2026-02-19 10:00:00+05:30,1485.0999755859375,1489.5,1485.0999755859375,1489.5,40195
2026-02-19 10:05:00+05:30,1489.5,1494.5,1488.300048828125,1493.0999755859375,58924
2026-02-19 10:10:00+05:30,1492.5,1493.4000244140625,1489.0999755859375,1490.4000244140625,32307
2026-02-19 10:15:00+05:30,1490.800048828125,1491.0,1484.0,1484.699951171875,35038
2026-02-19 10:20:00+05:30,1484.5999755859375,1485.0,1480.5,1483.4000244140625,39761
2026-02-19 10:25:00+05:30,1483.4000244140625,1484.0,1478.699951171875,1480.199951171875,37896
2026-02-19 10:30:00+05:30,1479.9000244140625,1480.4000244140625,1476.5999755859375,1478.4000244140625,25304
2026-02-19 10:35:00+05:30,1478.4000244140625,1479.5,1476.0999755859375,1477.9000244140625,15326
2026-02-19 10:40:00+05:30,1477.5999755859375,1479.300048828125,1476.0999755859375,1478.4000244140625,22631
2026-02-19 10:45:00+05:30,1478.0,1479.0999755859375,1475.800048828125,1478.0999755859375,20242
2026-02-19 10:50:00+05:30,1477.699951171875,1477.699951171875,1474.9000244140625,1476.300048828125,21698
2026-02-19 10:55:00+05:30,1475.800048828125,1477.699951171875,1475.300048828125,1476.0,14034
2026-02-19 11:00:00+05:30,1476.0,1478.300048828125,1474.9000244140625,1477.5,22104
2026-02-19 11:05:00+05:30,1477.5,1480.699951171875,1477.0,1478.199951171875,30337
2026-02-19 11:10:00+05:30,1478.199951171875,1478.5,1475.0,1475.5,25833
2026-02-19 11:15:00+05:30,1476.199951171875,1476.199951171875,1471.9000244140625,1472.5,36854
2026-02-19 11:20:00+05:30,1472.5,1473.199951171875,1469.699951171875,1470.5999755859375,31723
2026-02-19 11:25:00+05:30,1470.0,1472.800048828125,1470.0,1472.0,18165
2026-02-19 11:30:00+05:30,1471.9000244140625,1472.699951171875,1471.199951171875,1471.199951171875,18568
2026-02-19 11:35:00+05:30,1471.5,1472.0,1470.0,1470.5,16974
2026-02-19 11:40:00+05:30,1471.0,1471.0,1466.5999755859375,1468.199951171875,21755
2026-02-19 11:45:00+05:30,1468.0999755859375,1469.699951171875,1466.4000244140625,1467.699951171875,23674
2026-02-19 11:50:00+05:30,1467.9000244140625,1468.0,1465.4000244140625,1466.4000244140625,24903
2026-02-19 11:55:00+05:30,1466.4000244140625,1469.300048828125,1465.199951171875,1468.9000244140625,16070
2026-02-19 12:00:00+05:30,1468.300048828125,1469.0,1465.199951171875,1466.9000244140625,22768
2026-02-19 12:05:00+05:30,1466.9000244140625,1468.199951171875,1464.699951171875,1464.699951171875,18270
2026-02-19 12:10:00+05:30,1464.9000244140625,1464.9000244140625,1462.5999755859375,1464.199951171875,28066
2026-02-19 12:15:00+05:30,1463.5,1465.5,1462.699951171875,1464.800048828125,22660
2026-02-19 12:20:00+05:30,1464.699951171875,1468.0,1464.199951171875,1466.699951171875,21243
2026-02-19 12:25:00+05:30,1466.699951171875,1467.199951171875,1465.0,1466.5999755859375,17707
2026-02-19 12:30:00+05:30,1466.5999755859375,1467.9000244140625,1464.5,1466.0,15267
2026-02-19 12:35:00+05:30,1466.0,1466.300048828125,1462.699951171875,1463.199951171875,22327
2026-02-19 12:40:00+05:30,1463.0999755859375,1464.300048828125,1461.300048828125,1463.199951171875,20213
2026-02-19 12:45:00+05:30,1462.800048828125,1463.199951171875,1461.699951171875,1462.300048828125,8730
2026-02-19 12:50:00+05:30,1462.300048828125,1462.9000244140625,1461.0999755859375,1461.9000244140625,17714
2026-02-19 12:55:00+05:30,1461.5999755859375,1463.0,1461.5,1462.9000244140625,7450
2026-02-19 13:00:00+05:30,1462.9000244140625,1464.4000244140625,1461.199951171875,1464.4000244140625,8620
2026-02-19 13:05:00+05:30,1464.800048828125,1467.0999755859375,1464.199951171875,1467.0999755859375,25882
2026-02-19 13:10:00+05:30,1467.199951171875,1467.4000244140625,1464.9000244140625,1464.9000244140625,44937
2026-02-19 13:15:00+05:30,1465.300048828125,1465.300048828125,1462.5999755859375,1463.699951171875,11243
2026-02-19 13:20:00+05:30,1464.0999755859375,1465.199951171875,1462.699951171875,1464.699951171875,6384
2026-02-19 13:25:00+05:30,1464.699951171875,1465.0,1462.300048828125,1464.199951171875,8001
2026-02-19 13:30:00+05:30,1464.199951171875,1464.300048828125,1460.5999755859375,1463.800048828125,31601
2026-02-19 13:35:00+05:30,1463.5,1463.699951171875,1461.800048828125,1462.699951171875,19842
2026-02-19 13:40:00+05:30,1462.699951171875,1463.4000244140625,1461.4000244140625,1463.199951171875,13532
2026-02-19 13:45:00+05:30,1463.199951171875,1463.300048828125,1460.0,1461.0,14622
2026-02-19 13:50:00+05:30,1461.0,1461.800048828125,1459.5999755859375,1461.800048828125,14501
2026-02-19 13:55:00+05:30,1461.5,1462.0999755859375,1458.699951171875,1458.800048828125,16445
2026-02-19 14:00:00+05:30,1458.800048828125,1459.800048828125,1458.0,1459.0,18388
2026-02-19 14:05:00+05:30,1459.0,1461.4000244140625,1458.5999755859375,1461.4000244140625,7475
2026-02-19 14:10:00+05:30,1461.5,1462.199951171875,1461.0,1461.5999755859375,9817
2026-02-19 14:15:00+05:30,1461.5999755859375,1462.9000244140625,1460.300048828125,1460.300048828125,46838
2026-02-19 14:20:00+05:30,1460.300048828125,1464.0999755859375,1460.300048828125,1462.4000244140625,21525
2026-02-19 14:25:00+05:30,1462.4000244140625,1462.9000244140625,1458.0,1458.9000244140625,17203
2026-02-19 14:30:00+05:30,1458.199951171875,1461.5999755859375,1458.199951171875,1460.9000244140625,6401
2026-02-19 14:35:00+05:30,1460.9000244140625,1463.4000244140625,1460.9000244140625,1463.0999755859375,9798
2026-02-19 14:40:00+05:30,1462.0,1462.9000244140625,1458.199951171875,1458.9000244140625,19577
2026-02-19 14:45:00+05:30,1458.199951171875,1459.9000244140625,1455.5999755859375,1459.5999755859375,42028
2026-02-19 14:50:00+05:30,1459.4000244140625,1460.0,1457.699951171875,1458.800048828125,17597
2026-02-19 14:55:00+05:30,1458.800048828125,1459.300048828125,1457.0,1457.0,26763
2026-02-19 15:00:00+05:30,1456.9000244140625,1456.9000244140625,1452.5999755859375,1454.800048828125,78994
2026-02-19 15:05:00+05:30,1454.800048828125,1455.0,1450.9000244140625,1453.0999755859375,59352
2026-02-19 15:10:00+05:30,1453.4000244140625,1453.4000244140625,1450.0999755859375,1450.199951171875,50044
2026-02-19 15:15:00+05:30,1450.0,1451.300048828125,1447.300048828125,1447.699951171875,52735
2026-02-19 15:20:00+05:30,1447.800048828125,1447.800048828125,1444.199951171875,1445.800048828125,60583
2026-02-19 15:25:00+05:30,1445.800048828125,1452.300048828125,1443.0,1450.4000244140625,45159
2026-02-20 09:20:00+05:30,1442.4000244140625,1442.4000244140625,1434.300048828125,1434.5999755859375,37304
2026-02-20 09:25:00+05:30,1435.300048828125,1437.0999755859375,1433.5,1433.800048828125,37895
2026-02-20 09:30:00+05:30,1433.699951171875,1443.800048828125,1432.9000244140625,1442.0,33358
2026-02-20 09:35:00+05:30,1442.699951171875,1443.800048828125,1438.5999755859375,1442.4000244140625,36967
2026-02-20 09:40:00+05:30,1442.300048828125,1442.4000244140625,1438.199951171875,1440.5,21177
2026-02-20 09:45:00+05:30,1439.9000244140625,1443.800048828125,1439.699951171875,1443.800048828125,33165
2026-02-20 09:50:00+05:30,1443.5999755859375,1447.4000244140625,1442.4000244140625,1443.0,38776
2026-02-20 09:55:00+05:30,1442.9000244140625,1446.0999755859375,1442.0,1445.9000244140625,15483
2026-02-20 10:00:00+05:30,1445.5,1446.4000244140625,1441.0,1441.5999755859375,23989
2026-02-20 10:05:00+05:30,1441.699951171875,1444.9000244140625,1441.0,1441.5,13831
2026-02-20 10:10:00+05:30,1441.699951171875,1448.0,1441.5,1445.5999755859375,20972
2026-02-20 10:15:00+05:30,1446.199951171875,1452.5,1446.199951171875,1450.699951171875,29988
2026-02-20 10:20:00+05:30,1451.0,1452.0,1449.0999755859375,1451.800048828125,23768
2026-02-20 10:25:00+05:30,1451.699951171875,1453.5,1450.9000244140625,1451.0,19381
2026-02-20 10:30:00+05:30,1450.699951171875,1454.199951171875,1450.699951171875,1452.699951171875,10981
2026-02-20 10:35:00+05:30,1452.800048828125,1453.5,1451.5999755859375,1452.9000244140625,11270
2026-02-20 10:40:00+05:30,1452.9000244140625,1455.0,1452.0999755859375,1452.5,14163
2026-02-20 10:45:00+05:30,1452.5999755859375,1454.5999755859375,1452.300048828125,1453.5999755859375,12721
2026-02-20 10:50:00+05:30,1453.5,1453.9000244140625,1451.5,1451.5,13294
2026-02-20 10:55:00+05:30,1451.5,1452.5999755859375,1449.4000244140625,1449.5999755859375,27082
2026-02-20 11:00:00+05:30,1450.300048828125,1450.699951171875,1447.5,1449.800048828125,22198
2026-02-20 11:05:00+05:30,1449.699951171875,1450.699951171875,1447.800048828125,1448.9000244140625,13272
2026-02-20 11:10:00+05:30,1449.0,1450.0,1447.800048828125,1448.0999755859375,10378
2026-02-20 11:15:00+05:30,1448.300048828125,1450.0,1448.300048828125,1448.699951171875,10797
2026-02-20 11:20:00+05:30,1449.199951171875,1449.4000244140625,1447.9000244140625,1448.4000244140625,12465
2026-02-20 11:25:00+05:30,1448.5,1450.5,1448.4000244140625,1449.699951171875,13501
2026-02-20 11:30:00+05:30,1449.5,1450.4000244140625,1446.699951171875,1449.300048828125,15501
2026-02-20 11:35:00+05:30,1450.199951171875,1450.199951171875,1449.0,1449.199951171875,13968
2026-02-20 11:40:00+05:30,1449.0999755859375,1450.199951171875,1443.0999755859375,1444.199951171875,87840
2026-02-20 11:45:00+05:30,1444.300048828125,1446.5999755859375,1444.0999755859375,1444.800048828125,15711
2026-02-20 11:50:00+05:30,1445.0,1445.0,1442.300048828125,1443.300048828125,15749
2026-02-20 11:55:00+05:30,1442.9000244140625,1445.5,1442.0999755859375,1444.9000244140625,13107
2026-02-20 12:00:00+05:30,1444.9000244140625,1445.199951171875,1441.5999755859375,1442.5,15602
2026-02-20 12:05:00+05:30,1442.9000244140625,1443.9000244140625,1441.9000244140625,1443.699951171875,10768
2026-02-20 12:10:00+05:30,1443.9000244140625,1445.300048828125,1443.0999755859375,1444.9000244140625,11470
2026-02-20 12:15:00+05:30,1445.0,1446.5999755859375,1444.699951171875,1445.9000244140625,16648
2026-02-20 12:20:00+05:30,1446.300048828125,1446.699951171875,1445.5999755859375,1446.199951171875,26625
2026-02-20 12:25:00+05:30,1446.0,1449.0,1445.800048828125,1447.4000244140625,25437
2026-02-20 12:30:00+05:30,1447.9000244140625,1448.5,1445.800048828125,1446.4000244140625,10485
2026-02-20 12:35:00+05:30,1446.4000244140625,1446.5,1445.300048828125,1445.300048828125,8596
2026-02-20 12:40:00+05:30,1445.5999755859375,1445.800048828125,1442.0999755859375,1443.0,11558
2026-02-20 12:45:00+05:30,1442.4000244140625,1443.0,1441.0999755859375,1441.300048828125,15484
2026-02-20 12:50:00+05:30,1442.0,1443.9000244140625,1441.699951171875,1443.699951171875,8398
2026-02-20 12:55:00+05:30,1443.699951171875,1443.699951171875,1441.199951171875,1443.0,10460
2026-02-20 13:00:00+05:30,1443.800048828125,1444.300048828125,1442.9000244140625,1444.0,11262
2026-02-20 13:05:00+05:30,1444.199951171875,1444.199951171875,1442.0,1442.0,11103
2026-02-20 13:10:00+05:30,1442.4000244140625,1443.0,1441.800048828125,1442.300048828125,32044
2026-02-20 13:15:00+05:30,1442.4000244140625,1442.4000244140625,1440.0999755859375,1440.5999755859375,15309
2026-02-20 13:20:00+05:30,1440.5999755859375,1441.699951171875,1439.800048828125,1441.4000244140625,17752
2026-02-20 13:25:00+05:30,1441.4000244140625,1442.9000244140625,1440.800048828125,1442.5,11311
2026-02-20 13:30:00+05:30,1443.0,1445.300048828125,1442.4000244140625,1444.699951171875,10648
2026-02-20 13:35:00+05:30,1445.0,1446.4000244140625,1444.0,1444.5999755859375,12501
2026-02-20 13:40:00+05:30,1444.300048828125,1444.9000244140625,1442.300048828125,1444.0999755859375,10704
2026-02-20 13:45:00+05:30,1444.5999755859375,1445.0,1442.699951171875,1443.9000244140625,10120
2026-02-20 13:50:00+05:30,1444.0,1445.0,1443.0,1443.0,11617
2026-02-20 13:55:00+05:30,1442.9000244140625,1445.300048828125,1442.5999755859375,1444.9000244140625,7774
2026-02-20 14:00:00+05:30,1445.5,1445.9000244140625,1444.5,1444.5,10994
2026-02-20 14:05:00+05:30,1444.199951171875,1446.0,1441.800048828125,1442.0,60421
2026-02-20 14:10:00+05:30,1441.9000244140625,1443.300048828125,1436.0,1437.5999755859375,176553
2026-02-20 14:15:00+05:30,1437.5,1441.800048828125,1437.0,1441.4000244140625,29596
2026-02-20 14:20:00+05:30,1441.4000244140625,1442.199951171875,1440.0,1440.0,11893
2026-02-20 14:25:00+05:30,1440.5,1441.0,1439.300048828125,1439.300048828125,21614
2026-02-20 14:30:00+05:30,1439.300048828125,1441.199951171875,1438.199951171875,1441.199951171875,23213
2026-02-20 14:35:00+05:30,1440.699951171875,1441.0999755859375,1440.0,1440.5,21331
2026-02-20 14:40:00+05:30,1440.199951171875,1444.0,1439.800048828125,1443.4000244140625,22498
2026-02-20 14:45:00+05:30,1443.5999755859375,1445.5,1443.199951171875,1444.800048828125,19578
2026-02-20 14:50:00+05:30,1444.0999755859375,1444.0999755859375,1441.5,1442.0,21715
2026-02-20 14:55:00+05:30,1442.0,1442.5,1441.0,1441.4000244140625,33776
2026-02-20 15:00:00+05:30,1442.0,1444.0999755859375,1438.699951171875,1438.699951171875,119767
2026-02-20 15:05:00+05:30,1438.5999755859375,1439.5999755859375,1436.800048828125,1436.9000244140625,149819
2026-02-20 15:10:00+05:30,1436.9000244140625,1437.300048828125,1435.699951171875,1436.0999755859375,176551
2026-02-20 15:15:00+05:30,1436.0,1436.5999755859375,1434.5999755859375,1434.5999755859375,123787
2026-02-20 15:20:00+05:30,1434.9000244140625,1435.5999755859375,1432.9000244140625,1433.4000244140625,131993
2026-02-20 15:25:00+05:30,1433.4000244140625,1439.199951171875,1432.4000244140625,1436.5,99051
2026-02-23 09:20:00+05:30,1434.5,1438.800048828125,1433.5,1438.5,40254
2026-02-23 09:25:00+05:30,1437.800048828125,1441.5,1437.800048828125,1439.0999755859375,29556
2026-02-23 09:30:00+05:30,1438.5,1439.4000244140625,1434.5999755859375,1435.0999755859375,31136
2026-02-23 09:35:00+05:30,1435.5999755859375,1440.300048828125,1434.9000244140625,1434.9000244140625,28923
2026-02-23 09:40:00+05:30,1435.199951171875,1435.9000244140625,1430.699951171875,1433.0999755859375,43542
2026-02-23 09:45:00+05:30,1433.0999755859375,1434.800048828125,1431.5,1431.9000244140625,39625
2026-02-23 09:50:00+05:30,1431.9000244140625,1433.699951171875,1429.800048828125,1430.5999755859375,24433
2026-02-23 09:55:00+05:30,1430.5,1432.5999755859375,1428.199951171875,1431.9000244140625,32584
2026-02-23 10:00:00+05:30,1431.5,1433.800048828125,1431.300048828125,1433.800048828125,22833
2026-02-23 10:05:00+05:30,1433.4000244140625,1433.9000244140625,1430.0,1431.699951171875,39912
2026-02-23 10:10:00+05:30,1431.699951171875,1433.4000244140625,1430.0999755859375,1431.0,22478
2026-02-23 10:15:00+05:30,1430.699951171875,1431.5999755859375,1429.5,1430.0,25571
2026-02-23 10:20:00+05:30,1429.800048828125,1431.0,1427.5,1429.300048828125,32826
2026-02-23 10:25:00+05:30,1429.300048828125,1430.0,1427.0,1428.4000244140625,27079
2026-02-23 10:30:00+05:30,1428.4000244140625,1428.4000244140625,1423.5,1424.0999755859375,52425
2026-02-23 10:35:00+05:30,1423.9000244140625,1425.4000244140625,1422.0,1422.0,35250
2026-02-23 10:40:00+05:30,1422.0,1422.800048828125,1416.0,1417.699951171875,77253
2026-02-23 10:45:00+05:30,1417.699951171875,1420.5,1417.199951171875,1419.300048828125,27572
2026-02-23 10:50:00+05:30,1419.300048828125,1421.699951171875,1418.5999755859375,1421.0,23144
2026-02-23 10:55:00+05:30,1421.699951171875,1422.4000244140625,1419.800048828125,1420.5999755859375,22574
2026-02-23 11:00:00+05:30,1420.5999755859375,1425.9000244140625,1420.199951171875,1425.9000244140625,16922
2026-02-23 11:05:00+05:30,1425.699951171875,1426.5,1422.699951171875,1426.5,27164
2026-02-23 11:10:00+05:30,1425.9000244140625,1426.699951171875,1423.800048828125,1426.0,15154
2026-02-23 11:15:00+05:30,1426.0,1426.4000244140625,1421.0999755859375,1421.0999755859375,25428
2026-02-23 11:20:00+05:30,1421.0999755859375,1422.5,1420.199951171875,1421.0,21574
2026-02-23 11:25:00+05:30,1421.0,1422.9000244140625,1421.0,1421.199951171875,22135
2026-02-23 11:30:00+05:30,1420.699951171875,1426.5999755859375,1420.699951171875,1425.4000244140625,95147
2026-02-23 11:35:00+05:30,1425.4000244140625,1430.9000244140625,1425.4000244140625,1430.0,98937
2026-02-23 11:40:00+05:30,1430.199951171875,1433.5,1429.9000244140625,1431.800048828125,106152
2026-02-23 11:45:00+05:30,1432.0,1433.5,1431.0,1433.199951171875,22583
2026-02-23 11:50:00+05:30,1433.199951171875,1434.0,1430.800048828125,1433.699951171875,16421
2026-02-23 11:55:00+05:30,1433.699951171875,1434.9000244140625,1432.0999755859375,1433.5,32165
2026-02-23 12:00:00+05:30,1433.5,1434.4000244140625,1432.5,1434.199951171875,37769
2026-02-23 12:05:00+05:30,1434.0999755859375,1436.0999755859375,1433.300048828125,1435.300048828125,35964
2026-02-23 12:10:00+05:30,1435.300048828125,1435.9000244140625,1432.9000244140625,1433.9000244140625,56190
2026-02-23 12:15:00+05:30,1433.5,1433.9000244140625,1432.5999755859375,1433.5,11265
2026-02-23 12:20:00+05:30,1433.4000244140625,1433.699951171875,1430.699951171875,1431.199951171875,19162
2026-02-23 12:25:00+05:30,1431.0999755859375,1431.5,1428.699951171875,1429.300048828125,13281
2026-02-23 12:30:00+05:30,1429.199951171875,1430.0,1428.5,1429.300048828125,24888
2026-02-23 12:35:00+05:30,1429.199951171875,1429.4000244140625,1425.0999755859375,1425.699951171875,40343
2026-02-23 12:40:00+05:30,1425.9000244140625,1427.5,1423.5999755859375,1425.0,29086
2026-02-23 12:45:00+05:30,1425.0,1426.0999755859375,1424.0999755859375,1424.199951171875,41251
2026-02-23 12:50:00+05:30,1424.0,1427.0,1424.0,1427.0,21990
2026-02-23 12:55:00+05:30,1427.0,1427.4000244140625,1424.4000244140625,1424.9000244140625,11221
2026-02-23 13:00:00+05:30,1424.800048828125,1425.0,1422.0,1422.5,15570
2026-02-23 13:05:00+05:30,1422.5,1423.5,1422.0,1422.4000244140625,44565
2026-02-23 13:10:00+05:30,1422.4000244140625,1423.0,1420.300048828125,1420.5999755859375,29816
2026-02-23 13:15:00+05:30,1420.4000244140625,1422.699951171875,1420.0,1421.800048828125,20116
2026-02-23 13:20:00+05:30,1421.5,1423.0999755859375,1421.4000244140625,1422.0,11099
2026-02-23 13:25:00+05:30,1422.0,1425.0,1422.0,1424.4000244140625,13253
2026-02-23 13:30:00+05:30,1424.5,1424.9000244140625,1422.5999755859375,1423.0999755859375,9688
2026-02-23 13:35:00+05:30,1423.0999755859375,1426.5,1422.300048828125,1422.300048828125,25773
2026-02-23 13:40:00+05:30,1422.5999755859375,1423.199951171875,1420.5,1423.0,16353
2026-02-23 13:45:00+05:30,1423.0,1424.4000244140625,1422.199951171875,1422.5999755859375,21998
2026-02-23 13:50:00+05:30,1422.4000244140625,1422.9000244140625,1421.9000244140625,1422.4000244140625,10145
2026-02-23 13:55:00+05:30,1422.4000244140625,1422.9000244140625,1421.4000244140625,1421.9000244140625,15925
2026-02-23 14:00:00+05:30,1421.5999755859375,1421.800048828125,1419.699951171875,1421.5,24303
2026-02-23 14:05:00+05:30,1421.300048828125,1422.199951171875,1420.699951171875,1422.0,10594
2026-02-23 14:10:00+05:30,1422.0,1422.4000244140625,1420.300048828125,1422.0,15547
2026-02-23 14:15:00+05:30,1422.0999755859375,1422.300048828125,1420.9000244140625,1422.0999755859375,10404
2026-02-23 14:20:00+05:30,1422.199951171875,1423.300048828125,1421.800048828125,1422.5,9854
2026-02-23 14:25:00+05:30,1422.5,1424.5,1421.5,1423.9000244140625,11559
2026-02-23 14:30:00+05:30,1424.300048828125,1428.699951171875,1423.5999755859375,1428.0999755859375,32945
2026-02-23 14:35:00+05:30,1428.0999755859375,1429.0999755859375,1425.9000244140625,1426.699951171875,34306
2026-02-23 14:40:00+05:30,1426.199951171875,1427.5999755859375,1423.800048828125,1424.0,31375
2026-02-23 14:45:00+05:30,1423.9000244140625,1426.300048828125,1423.800048828125,1426.300048828125,14475
2026-02-23 14:50:00+05:30,1426.0,1426.0,1422.699951171875,1423.5,20189
2026-02-23 14:55:00+05:30,1423.199951171875,1424.699951171875,1422.4000244140625,1423.800048828125,28117
2026-02-23 15:00:00+05:30,1425.300048828125,1428.5,1425.300048828125,1428.300048828125,86276
2026-02-23 15:05:00+05:30,1428.199951171875,1429.300048828125,1425.699951171875,1426.4000244140625,76637
2026-02-23 15:10:00+05:30,1426.199951171875,1426.800048828125,1424.5999755859375,1426.699951171875,75366
2026-02-23 15:15:00+05:30,1426.699951171875,1428.4000244140625,1426.0,1428.4000244140625,71685
2026-02-23 15:20:00+05:30,1427.4000244140625,1429.0,1424.199951171875,1424.699951171875,119032
2026-02-23 15:25:00+05:30,1425.0999755859375,1426.199951171875,1421.5999755859375,1426.199951171875,88446
2026-02-24 09:20:00+05:30,1385.800048828125,1389.9000244140625,1383.0,1383.800048828125,99026
2026-02-24 09:25:00+05:30,1384.0,1385.300048828125,1377.9000244140625,1378.5,113681
2026-02-24 09:30:00+05:30,1378.5,1378.5999755859375,1372.5999755859375,1377.9000244140625,138583
2026-02-24 09:35:00+05:30,1377.199951171875,1377.199951171875,1370.199951171875,1370.800048828125,99245
2026-02-24 09:40:00+05:30,1370.199951171875,1371.5,1365.300048828125,1369.300048828125,223362
2026-02-24 09:45:00+05:30,1369.0999755859375,1371.0,1365.300048828125,1367.199951171875,150444
2026-02-24 09:50:00+05:30,1367.4000244140625,1368.0,1363.5,1365.300048828125,99761
2026-02-24 09:55:00+05:30,1365.300048828125,1367.9000244140625,1365.300048828125,1367.4000244140625,57614
2026-02-24 10:00:00+05:30,1367.4000244140625,1374.800048828125,1365.699951171875,1369.800048828125,124067
2026-02-24 10:05:00+05:30,1370.0,1372.5999755859375,1368.9000244140625,1370.5,57673
2026-02-24 10:10:00+05:30,1370.5,1370.5,1366.5,1370.4000244140625,65186
2026-02-24 10:15:00+05:30,1370.4000244140625,1370.5999755859375,1366.199951171875,1369.9000244140625,71483
2026-02-24 10:20:00+05:30,1370.0,1374.9000244140625,1368.800048828125,1371.199951171875,63880
2026-02-24 10:25:00+05:30,1370.9000244140625,1372.5,1369.199951171875,1370.5,63019
2026-02-24 10:30:00+05:30,1370.5,1371.800048828125,1368.5,1371.5,36549
2026-02-24 10:35:00+05:30,1371.5,1374.9000244140625,1371.0,1372.800048828125,40305
2026-02-24 10:40:00+05:30,1372.800048828125,1373.4000244140625,1370.199951171875,1370.300048828125,36673
2026-02-24 10:45:00+05:30,1370.300048828125,1370.5999755859375,1366.0,1366.0,81079
2026-02-24 10:50:00+05:30,1366.0,1366.0,1363.9000244140625,1365.0,123746
2026-02-24 10:55:00+05:30,1364.5999755859375,1366.300048828125,1361.0999755859375,1363.300048828125,219974
2026-02-24 11:00:00+05:30,1363.4000244140625,1364.4000244140625,1361.0,1363.0,62601
2026-02-24 11:05:00+05:30,1362.800048828125,1364.699951171875,1362.0999755859375,1362.5,39662
2026-02-24 11:10:00+05:30,1362.5,1364.800048828125,1361.800048828125,1363.199951171875,46274
2026-02-24 11:15:00+05:30,1363.199951171875,1363.699951171875,1361.4000244140625,1362.9000244140625,35079
2026-02-24 11:20:00+05:30,1362.9000244140625,1363.0,1361.0,1361.0999755859375,60405
2026-02-24 11:25:00+05:30,1361.300048828125,1362.0,1360.199951171875,1362.0,129831
2026-02-24 11:30:00+05:30,1362.0,1362.0,1358.199951171875,1358.5999755859375,67929
2026-02-24 11:35:00+05:30,1358.699951171875,1360.0,1357.0,1357.199951171875,54549
2026-02-24 11:40:00+05:30,1357.300048828125,1358.199951171875,1354.5,1355.300048828125,64953
2026-02-24 11:45:00+05:30,1355.300048828125,1358.4000244140625,1354.5,1356.699951171875,220284
2026-02-24 11:50:00+05:30,1356.699951171875,1356.9000244140625,1353.800048828125,1354.4000244140625,122453
2026-02-24 11:55:00+05:30,1354.4000244140625,1354.699951171875,1350.0,1350.199951171875,154137
2026-02-24 12:00:00+05:30,1350.199951171875,1350.800048828125,1348.9000244140625,1349.0999755859375,51458
2026-02-24 12:05:00+05:30,1349.0999755859375,1350.0,1346.0,1346.300048828125,59716
2026-02-24 12:10:00+05:30,1346.300048828125,1347.5999755859375,1344.4000244140625,1345.699951171875,91092
2026-02-24 12:15:00+05:30,1345.800048828125,1345.800048828125,1340.199951171875,1343.800048828125,149839
2026-02-24 12:20:00+05:30,1343.9000244140625,1343.9000244140625,1338.699951171875,1339.5,172952
2026-02-24 12:25:00+05:30,1339.4000244140625,1342.5,1339.0,1339.4000244140625,264434
2026-02-24 12:30:00+05:30,1339.5,1342.699951171875,1339.199951171875,1339.699951171875,207475
2026-02-24 12:35:00+05:30,1339.699951171875,1340.0,1339.300048828125,1339.9000244140625,69536
2026-02-24 12:40:00+05:30,1339.9000244140625,1340.0,1336.4000244140625,1336.9000244140625,82399
2026-02-24 12:45:00+05:30,1336.9000244140625,1337.5,1333.0,1333.699951171875,750910
2026-02-24 12:50:00+05:30,1333.699951171875,1335.699951171875,1329.699951171875,1330.199951171875,208771
2026-02-24 12:55:00+05:30,1330.5,1335.800048828125,1330.199951171875,1332.0999755859375,137593
2026-02-24 13:00:00+05:30,1332.199951171875,1335.5999755859375,1330.5999755859375,1335.4000244140625,86523
2026-02-24 13:05:00+05:30,1335.4000244140625,1335.4000244140625,1331.5,1332.699951171875,55647
2026-02-24 13:10:00+05:30,1332.800048828125,1335.699951171875,1330.199951171875,1330.699951171875,279074
2026-02-24 13:15:00+05:30,1330.699951171875,1331.800048828125,1329.199951171875,1330.9000244140625,52233
2026-02-24 13:20:00+05:30,1330.9000244140625,1331.199951171875,1328.5999755859375,1329.5,41528
2026-02-24 13:25:00+05:30,1328.9000244140625,1329.199951171875,1326.800048828125,1328.5999755859375,62812
2026-02-24 13:30:00+05:30,1328.4000244140625,1328.699951171875,1322.5999755859375,1326.0999755859375,157426
2026-02-24 13:35:00+05:30,1326.199951171875,1326.300048828125,1324.0,1325.0,219735
2026-02-24 13:40:00+05:30,1325.0,1329.0999755859375,1324.9000244140625,1326.0999755859375,213806
2026-02-24 13:45:00+05:30,1326.0999755859375,1326.9000244140625,1324.5,1324.9000244140625,92516
2026-02-24 13:50:00+05:30,1325.0,1325.0,1323.0,1324.5,99214
2026-02-24 13:55:00+05:30,1324.800048828125,1330.699951171875,1324.4000244140625,1330.0999755859375,142936
2026-02-24 14:00:00+05:30,1330.699951171875,1331.9000244140625,1327.699951171875,1328.5999755859375,157614
2026-02-24 14:05:00+05:30,1328.5,1336.4000244140625,1328.0,1334.800048828125,153035
2026-02-24 14:10:00+05:30,1334.9000244140625,1339.9000244140625,1334.9000244140625,1336.300048828125,222910
2026-02-24 14:15:00+05:30,1336.300048828125,1338.800048828125,1335.0999755859375,1337.199951171875,88137
2026-02-24 14:20:00+05:30,1337.0999755859375,1338.300048828125,1336.0,1337.0999755859375,109286
2026-02-24 14:25:00+05:30,1337.0999755859375,1337.0999755859375,1332.4000244140625,1333.0999755859375,142122
2026-02-24 14:30:00+05:30,1333.199951171875,1333.300048828125,1328.800048828125,1329.5,84778
2026-02-24 14:35:00+05:30,1329.5,1336.5,1329.0,1335.300048828125,90444
2026-02-24 14:40:00+05:30,1335.5,1335.699951171875,1332.5999755859375,1332.9000244140625,78941
2026-02-24 14:45:00+05:30,1332.9000244140625,1335.0,1332.0,1334.5,76403
2026-02-24 14:50:00+05:30,1334.5,1334.9000244140625,1332.5999755859375,1334.199951171875,68632
2026-02-24 14:55:00+05:30,1334.0,1334.199951171875,1332.0,1332.9000244140625,85618
2026-02-24 15:00:00+05:30,1333.5,1337.5,1333.4000244140625,1337.199951171875,242103
2026-02-24 15:05:00+05:30,1337.0,1339.9000244140625,1337.0,1338.699951171875,220531
2026-02-24 15:10:00+05:30,1338.300048828125,1340.0,1337.5999755859375,1339.699951171875,280867
2026-02-24 15:15:00+05:30,1339.699951171875,1339.800048828125,1337.300048828125,1339.5999755859375,269560
2026-02-24 15:20:00+05:30,1339.300048828125,1345.0,1338.4000244140625,1344.800048828125,307858
2026-02-24 15:25:00+05:30,1345.0,1345.0,1340.0,1343.0,160366
2026-02-25 09:20:00+05:30,1375.300048828125,1379.0,1369.4000244140625,1372.5999755859375,104479
2026-02-25 09:25:00+05:30,1373.5,1373.5,1365.0,1369.800048828125,75327
2026-02-25 09:30:00+05:30,1369.4000244140625,1370.0999755859375,1364.0999755859375,1370.0,42822
2026-02-25 09:35:00+05:30,1369.5999755859375,1369.800048828125,1365.800048828125,1367.0,32928
2026-02-25 09:40:00+05:30,1367.4000244140625,1371.0999755859375,1367.300048828125,1369.5999755859375,33291
2026-02-25 09:45:00+05:30,1369.300048828125,1372.4000244140625,1367.699951171875,1372.300048828125,87133
2026-02-25 09:50:00+05:30,1372.5,1375.4000244140625,1370.5999755859375,1375.4000244140625,44933
2026-02-25 09:55:00+05:30,1375.4000244140625,1382.699951171875,1374.5,1380.300048828125,93254
2026-02-25 10:00:00+05:30,1380.0,1386.9000244140625,1378.699951171875,1385.300048828125,107797
2026-02-25 10:05:00+05:30,1385.4000244140625,1387.0,1384.199951171875,1385.300048828125,146957
2026-02-25 10:10:00+05:30,1385.5,1386.199951171875,1383.0,1384.0999755859375,149190
2026-02-25 10:15:00+05:30,1384.800048828125,1386.300048828125,1383.0999755859375,1385.0999755859375,182263
2026-02-25 10:20:00+05:30,1385.4000244140625,1386.699951171875,1383.0,1386.0,89730
2026-02-25 10:25:00+05:30,1386.4000244140625,1386.800048828125,1384.0,1385.9000244140625,69250
2026-02-25 10:30:00+05:30,1386.0,1387.300048828125,1383.5,1383.5,104521
2026-02-25 10:35:00+05:30,1383.800048828125,1386.300048828125,1381.0,1381.5999755859375,147704
2026-02-25 10:40:00+05:30,1381.5,1383.4000244140625,1380.5,1382.199951171875,75989
2026-02-25 10:45:00+05:30,1382.0999755859375,1386.5999755859375,1382.0,1385.800048828125,32899
2026-02-25 10:50:00+05:30,1385.5,1389.199951171875,1385.4000244140625,1389.199951171875,62846
2026-02-25 10:55:00+05:30,1389.199951171875,1391.4000244140625,1388.5,1388.9000244140625,153850
2026-02-25 11:00:00+05:30,1388.9000244140625,1391.4000244140625,1386.9000244140625,1386.9000244140625,86597
2026-02-25 11:05:00+05:30,1387.800048828125,1389.800048828125,1387.0,1387.699951171875,55835
2026-02-25 11:10:00+05:30,1387.699951171875,1389.4000244140625,1386.0,1387.5999755859375,58081
2026-02-25 11:15:00+05:30,1387.0999755859375,1387.800048828125,1384.0999755859375,1384.0999755859375,47206
2026-02-25 11:20:00+05:30,1384.0999755859375,1384.0999755859375,1381.0,1381.9000244140625,66020
2026-02-25 11:25:00+05:30,1381.9000244140625,1388.4000244140625,1380.699951171875,1388.300048828125,74920
2026-02-25 11:30:00+05:30,1388.300048828125,1389.0,1386.300048828125,1386.9000244140625,95488
2026-02-25 11:35:00+05:30,1386.9000244140625,1388.800048828125,1385.5999755859375,1386.4000244140625,62448
2026-02-25 11:40:00+05:30,1386.4000244140625,1386.5,1383.5999755859375,1385.800048828125,43826
2026-02-25 11:45:00+05:30,1385.800048828125,1391.0,1385.800048828125,1389.9000244140625,127801
2026-02-25 11:50:00+05:30,1390.300048828125,1390.699951171875,1387.800048828125,1388.300048828125,40388
2026-02-25 11:55:00+05:30,1388.0,1388.9000244140625,1383.5999755859375,1384.0999755859375,62253
2026-02-25 12:00:00+05:30,1384.0999755859375,1387.5999755859375,1383.0999755859375,1387.199951171875,100252
2026-02-25 12:05:00+05:30,1387.199951171875,1388.0,1386.800048828125,1387.0,35037
2026-02-25 12:10:00+05:30,1387.0,1387.199951171875,1383.0999755859375,1383.9000244140625,45562
2026-02-25 12:15:00+05:30,1383.9000244140625,1385.300048828125,1383.0999755859375,1384.4000244140625,35499
2026-02-25 12:20:00+05:30,1384.4000244140625,1385.9000244140625,1381.0999755859375,1381.199951171875,45821
2026-02-25 12:25:00+05:30,1381.199951171875,1382.5999755859375,1379.699951171875,1381.0999755859375,35411
2026-02-25 12:30:00+05:30,1381.199951171875,1382.0,1375.5,1375.9000244140625,58176
2026-02-25 12:35:00+05:30,1375.9000244140625,1376.0,1372.800048828125,1373.5,54302
2026-02-25 12:40:00+05:30,1373.5,1373.9000244140625,1370.0,1370.800048828125,57888
2026-02-25 12:45:00+05:30,1370.800048828125,1371.0,1368.0,1368.0,44861
2026-02-25 12:50:00+05:30,1368.0,1370.4000244140625,1368.0,1368.0,37622
2026-02-25 12:55:00+05:30,1368.0,1370.9000244140625,1366.699951171875,1368.300048828125,44510
2026-02-25 13:00:00+05:30,1368.300048828125,1370.0,1366.800048828125,1370.0,33085
2026-02-25 13:05:00+05:30,1370.0,1370.0,1367.300048828125,1368.5,36637
2026-02-25 13:10:00+05:30,1369.0,1372.4000244140625,1368.699951171875,1370.800048828125,24521
2026-02-25 13:15:00+05:30,1370.699951171875,1372.199951171875,1370.300048828125,1370.300048828125,29707
2026-02-25 13:20:00+05:30,1370.300048828125,1371.199951171875,1368.5,1369.0999755859375,28337
2026-02-25 13:25:00+05:30,1368.9000244140625,1369.0999755859375,1367.199951171875,1368.0999755859375,26795
2026-02-25 13:30:00+05:30,1368.5999755859375,1371.800048828125,1368.5999755859375,1370.9000244140625,27805
2026-02-25 13:35:00+05:30,1370.9000244140625,1372.0,1369.0,1369.0,29218
2026-02-25 13:40:00+05:30,1369.5999755859375,1371.4000244140625,1368.300048828125,1370.699951171875,28112
2026-02-25 13:45:00+05:30,1370.300048828125,1372.0,1369.5,1371.300048828125,13673
2026-02-25 13:50:00+05:30,1371.300048828125,1372.300048828125,1369.699951171875,1370.5999755859375,23876
2026-02-25 13:55:00+05:30,1370.9000244140625,1372.800048828125,1370.4000244140625,1372.800048828125,19966
2026-02-25 14:00:00+05:30,1372.5999755859375,1372.5999755859375,1369.0999755859375,1370.199951171875,27620
2026-02-25 14:05:00+05:30,1370.199951171875,1370.9000244140625,1368.5,1369.9000244140625,22312
2026-02-25 14:10:00+05:30,1369.9000244140625,1374.800048828125,1369.300048828125,1373.699951171875,86894
2026-02-25 14:15:00+05:30,1373.5,1376.199951171875,1371.4000244140625,1374.4000244140625,198980
2026-02-25 14:20:00+05:30,1374.4000244140625,1375.199951171875,1371.9000244140625,1373.0999755859375,128341
2026-02-25 14:25:00+05:30,1373.0999755859375,1374.0,1371.5999755859375,1373.9000244140625,54438
2026-02-25 14:30:00+05:30,1374.0,1376.5,1372.9000244140625,1376.199951171875,39297
2026-02-25 14:35:00+05:30,1376.5,1377.699951171875,1375.300048828125,1375.9000244140625,57894
2026-02-25 14:40:00+05:30,1375.9000244140625,1378.0,1375.300048828125,1378.0,51564
2026-02-25 14:45:00+05:30,1378.0,1378.5,1373.0999755859375,1374.699951171875,57576
2026-02-25 14:50:00+05:30,1374.9000244140625,1376.0,1373.0,1375.4000244140625,58083
2026-02-25 14:55:00+05:30,1375.5,1377.199951171875,1375.0,1376.0999755859375,64241
2026-02-25 15:00:00+05:30,1376.199951171875,1380.0,1375.9000244140625,1379.0999755859375,119074
2026-02-25 15:05:00+05:30,1379.300048828125,1381.0999755859375,1378.4000244140625,1380.5,125176
2026-02-25 15:10:00+05:30,1381.300048828125,1381.5,1378.0999755859375,1380.5,190962
2026-02-25 15:15:00+05:30,1380.5,1381.0,1375.699951171875,1376.5999755859375,204031
2026-02-25 15:20:00+05:30,1376.5999755859375,1378.9000244140625,1375.4000244140625,1375.4000244140625,251202
2026-02-25 15:25:00+05:30,1375.0999755859375,1377.0999755859375,1374.0999755859375,1375.9000244140625,131724
2026-02-26 09:20:00+05:30,1393.300048828125,1396.0999755859375,1385.0999755859375,1386.5,145543
2026-02-26 09:25:00+05:30,1386.5999755859375,1390.0,1385.5999755859375,1388.199951171875,28979
2026-02-26 09:30:00+05:30,1389.0,1389.800048828125,1386.4000244140625,1388.300048828125,27693
2026-02-26 09:35:00+05:30,1388.0999755859375,1396.0,1387.699951171875,1394.199951171875,67874
2026-02-26 09:40:00+05:30,1394.4000244140625,1402.699951171875,1393.199951171875,1401.9000244140625,71065
2026-02-26 09:45:00+05:30,1402.0,1405.0,1400.800048828125,1402.5999755859375,52209
2026-02-26 09:50:00+05:30,1402.5999755859375,1404.0,1392.300048828125,1392.5,53765
2026-02-26 09:55:00+05:30,1393.300048828125,1396.800048828125,1392.800048828125,1395.0,34945
2026-02-26 10:00:00+05:30,1395.0,1400.0,1394.5,1399.4000244140625,31626
2026-02-26 10:05:00+05:30,1399.4000244140625,1401.9000244140625,1397.5999755859375,1400.800048828125,32152
2026-02-26 10:10:00+05:30,1401.199951171875,1402.0,1398.800048828125,1399.9000244140625,23811
2026-02-26 10:15:00+05:30,1399.699951171875,1399.9000244140625,1396.4000244140625,1396.699951171875,19949
2026-02-26 10:20:00+05:30,1396.699951171875,1396.9000244140625,1393.0,1393.0,25546
2026-02-26 10:25:00+05:30,1393.0,1395.800048828125,1391.199951171875,1392.199951171875,20393
2026-02-26 10:30:00+05:30,1392.4000244140625,1393.699951171875,1391.5999755859375,1393.5,16016
2026-02-26 10:35:00+05:30,1394.0999755859375,1395.800048828125,1391.5,1392.800048828125,12720
2026-02-26 10:40:00+05:30,1392.800048828125,1393.699951171875,1392.0999755859375,1392.5999755859375,10776
2026-02-26 10:45:00+05:30,1392.699951171875,1393.9000244140625,1392.5,1393.5999755859375,14234
2026-02-26 10:50:00+05:30,1393.4000244140625,1393.5,1387.699951171875,1387.699951171875,33187
2026-02-26 10:55:00+05:30,1387.800048828125,1388.0,1384.0999755859375,1384.699951171875,42584
2026-02-26 11:00:00+05:30,1384.699951171875,1385.9000244140625,1382.0,1385.199951171875,29852
2026-02-26 11:05:00+05:30,1384.9000244140625,1385.0999755859375,1384.0,1384.199951171875,11464
2026-02-26 11:10:00+05:30,1384.199951171875,1386.699951171875,1384.0,1386.0999755859375,13762
2026-02-26 11:15:00+05:30,1386.0999755859375,1386.199951171875,1385.0999755859375,1385.800048828125,11668
2026-02-26 11:20:00+05:30,1385.5,1387.699951171875,1385.0,1387.5999755859375,11838
2026-02-26 11:25:00+05:30,1387.9000244140625,1389.5,1386.0,1386.5,18543
2026-02-26 11:30:00+05:30,1387.0999755859375,1387.199951171875,1384.0999755859375,1385.5999755859375,21334
2026-02-26 11:35:00+05:30,1385.5999755859375,1386.4000244140625,1383.699951171875,1384.5999755859375,13734
2026-02-26 11:40:00+05:30,1385.699951171875,1385.800048828125,1383.199951171875,1383.4000244140625,22675
2026-02-26 11:45:00+05:30,1383.300048828125,1384.699951171875,1381.5,1382.5,19894
2026-02-26 11:50:00+05:30,1382.5999755859375,1383.4000244140625,1379.4000244140625,1380.4000244140625,30873
2026-02-26 11:55:00+05:30,1380.4000244140625,1382.0,1380.0,1381.9000244140625,14674
2026-02-26 12:00:00+05:30,1381.9000244140625,1383.4000244140625,1381.800048828125,1383.4000244140625,11740
2026-02-26 12:05:00+05:30,1383.4000244140625,1385.0,1381.0999755859375,1381.5999755859375,18460
2026-02-26 12:10:00+05:30,1381.0,1382.0,1379.0999755859375,1380.300048828125,18580
2026-02-26 12:15:00+05:30,1380.300048828125,1383.0,1380.300048828125,1382.300048828125,12301
2026-02-26 12:20:00+05:30,1382.800048828125,1383.0,1379.699951171875,1380.4000244140625,12191
2026-02-26 12:25:00+05:30,1380.4000244140625,1380.4000244140625,1377.5999755859375,1378.199951171875,18182
2026-02-26 12:30:00+05:30,1378.0999755859375,1378.5,1376.199951171875,1377.9000244140625,18961
2026-02-26 12:35:00+05:30,1377.9000244140625,1379.5999755859375,1375.5,1375.800048828125,101271
2026-02-26 12:40:00+05:30,1375.800048828125,1376.800048828125,1375.300048828125,1376.5999755859375,13624
2026-02-26 12:45:00+05:30,1376.0,1376.9000244140625,1375.199951171875,1375.800048828125,12751
2026-02-26 12:50:00+05:30,1375.800048828125,1377.0,1375.5999755859375,1376.0,10898
2026-02-26 12:55:00+05:30,1376.300048828125,1377.300048828125,1375.0,1375.9000244140625,18716
2026-02-26 13:00:00+05:30,1375.800048828125,1376.5,1375.0999755859375,1376.199951171875,10359
2026-02-26 13:05:00+05:30,1376.199951171875,1377.0,1374.800048828125,1374.800048828125,10705
2026-02-26 13:10:00+05:30,1375.0,1375.0,1372.300048828125,1372.300048828125,26623
2026-02-26 13:15:00+05:30,1372.300048828125,1373.699951171875,1368.300048828125,1371.5999755859375,59785
2026-02-26 13:20:00+05:30,1371.5999755859375,1375.199951171875,1370.0999755859375,1373.4000244140625,47030
2026-02-26 13:25:00+05:30,1373.5999755859375,1375.800048828125,1373.5,1374.5,52918
2026-02-26 13:30:00+05:30,1375.0999755859375,1375.0999755859375,1371.0999755859375,1371.0999755859375,18424
2026-02-26 13:35:00+05:30,1371.5,1373.699951171875,1371.0999755859375,1372.0,10374
2026-02-26 13:40:00+05:30,1372.0999755859375,1373.0,1371.300048828125,1372.9000244140625,8354
2026-02-26 13:45:00+05:30,1372.9000244140625,1373.5,1370.800048828125,1371.699951171875,25480
2026-02-26 13:50:00+05:30,1371.699951171875,1374.4000244140625,1371.4000244140625,1374.0,27099
2026-02-26 13:55:00+05:30,1374.5,1374.800048828125,1372.0,1373.199951171875,15182
2026-02-26 14:00:00+05:30,1373.199951171875,1373.5,1370.0999755859375,1371.0999755859375,12816
2026-02-26 14:05:00+05:30,1371.4000244140625,1374.0,1370.0999755859375,1373.4000244140625,14745
2026-02-26 14:10:00+05:30,1373.0999755859375,1374.800048828125,1372.699951171875,1373.699951171875,18980
2026-02-26 14:15:00+05:30,1374.199951171875,1375.0,1371.5999755859375,1372.199951171875,16384
2026-02-26 14:20:00+05:30,1372.5999755859375,1372.699951171875,1370.5999755859375,1371.199951171875,14104
2026-02-26 14:25:00+05:30,1371.300048828125,1373.300048828125,1370.0999755859375,1372.800048828125,22944
2026-02-26 14:30:00+05:30,1372.9000244140625,1374.800048828125,1372.0,1374.4000244140625,19184
2026-02-26 14:35:00+05:30,1374.5,1375.0,1373.699951171875,1374.0999755859375,11646
2026-02-26 14:40:00+05:30,1373.0,1377.4000244140625,1373.0,1376.800048828125,24879
2026-02-26 14:45:00+05:30,1377.0999755859375,1378.0,1374.300048828125,1375.800048828125,43918
2026-02-26 14:50:00+05:30,1375.9000244140625,1377.0,1374.199951171875,1374.800048828125,22574
2026-02-26 14:55:00+05:30,1374.800048828125,1375.9000244140625,1374.0,1374.9000244140625,13674
2026-02-26 15:00:00+05:30,1375.0999755859375,1375.699951171875,1373.199951171875,1374.9000244140625,53499
2026-02-26 15:05:00+05:30,1374.800048828125,1374.800048828125,1373.699951171875,1373.699951171875,48846
2026-02-26 15:10:00+05:30,1373.4000244140625,1373.699951171875,1373.0,1373.4000244140625,49424
2026-02-26 15:15:00+05:30,1373.4000244140625,1373.800048828125,1372.199951171875,1373.199951171875,61977
2026-02-26 15:20:00+05:30,1373.199951171875,1373.4000244140625,1372.699951171875,1373.0,62775
2026-02-26 15:25:00+05:30,1372.9000244140625,1375.5999755859375,1372.0999755859375,1373.5,66046
2026-02-27 09:20:00+05:30,1391.199951171875,1393.0,1389.0,1390.0,104471
2026-02-27 09:25:00+05:30,1389.300048828125,1389.5999755859375,1385.0999755859375,1387.0,88567
2026-02-27 09:30:00+05:30,1387.0,1390.5999755859375,1385.300048828125,1385.9000244140625,70189
2026-02-27 09:35:00+05:30,1385.9000244140625,1388.5,1383.699951171875,1387.9000244140625,45165
2026-02-27 09:40:00+05:30,1387.9000244140625,1388.199951171875,1385.4000244140625,1387.0,27557
2026-02-27 09:45:00+05:30,1387.0,1390.5,1386.5999755859375,1388.0,36075
2026-02-27 09:50:00+05:30,1388.0,1391.800048828125,1385.5,1391.199951171875,92594
2026-02-27 09:55:00+05:30,1391.199951171875,1392.0,1390.0,1390.0,78297
2026-02-27 10:00:00+05:30,1390.0,1391.5999755859375,1387.0,1387.0999755859375,83477
2026-02-27 10:05:00+05:30,1387.0,1387.699951171875,1383.699951171875,1387.0,61547
2026-02-27 10:10:00+05:30,1387.0,1389.699951171875,1386.699951171875,1387.699951171875,27656
2026-02-27 10:15:00+05:30,1387.699951171875,1389.4000244140625,1386.4000244140625,1389.199951171875,72213
2026-02-27 10:20:00+05:30,1388.9000244140625,1392.9000244140625,1387.5999755859375,1392.199951171875,80064
2026-02-27 10:25:00+05:30,1391.800048828125,1393.5999755859375,1388.5999755859375,1390.199951171875,161822
2026-02-27 10:30:00+05:30,1390.199951171875,1391.300048828125,1389.199951171875,1390.0,113401
2026-02-27 10:35:00+05:30,1390.9000244140625,1395.0,1390.199951171875,1395.0,45819
2026-02-27 10:40:00+05:30,1395.300048828125,1397.0,1393.4000244140625,1395.4000244140625,69426
2026-02-27 10:45:00+05:30,1395.4000244140625,1396.699951171875,1394.0999755859375,1394.5,44910
2026-02-27 10:50:00+05:30,1394.5,1394.800048828125,1390.5999755859375,1391.5999755859375,56588
2026-02-27 10:55:00+05:30,1391.5999755859375,1393.0999755859375,1390.9000244140625,1391.5,31165
2026-02-27 11:00:00+05:30,1391.5,1394.5999755859375,1391.5,1394.5,18968
2026-02-27 11:05:00+05:30,1394.5,1398.0999755859375,1394.0,1398.0,37136
2026-02-27 11:10:00+05:30,1398.0999755859375,1399.0,1396.0999755859375,1396.9000244140625,55893
2026-02-27 11:15:00+05:30,1396.800048828125,1399.0,1396.5999755859375,1398.699951171875,30304
2026-02-27 11:20:00+05:30,1398.800048828125,1401.9000244140625,1398.199951171875,1400.5999755859375,77089
2026-02-27 11:25:00+05:30,1400.5999755859375,1401.0,1398.5999755859375,1399.5,94017
2026-02-27 11:30:00+05:30,1399.800048828125,1400.0999755859375,1391.800048828125,1392.0,72796
2026-02-27 11:35:00+05:30,1392.0,1393.5999755859375,1391.0999755859375,1392.300048828125,43779
2026-02-27 11:40:00+05:30,1392.5999755859375,1393.699951171875,1392.0,1393.0999755859375,26759
2026-02-27 11:45:00+05:30,1392.9000244140625,1393.9000244140625,1391.199951171875,1392.5999755859375,35532
2026-02-27 11:50:00+05:30,1392.4000244140625,1392.5999755859375,1391.0,1391.5,55469
2026-02-27 11:55:00+05:30,1391.0,1393.199951171875,1390.5999755859375,1393.0,26179
2026-02-27 12:00:00+05:30,1393.199951171875,1393.9000244140625,1390.0999755859375,1390.5,60940
2026-02-27 12:05:00+05:30,1391.300048828125,1392.4000244140625,1388.199951171875,1388.4000244140625,55976
2026-02-27 12:10:00+05:30,1388.4000244140625,1390.0,1388.0999755859375,1389.4000244140625,34269
2026-02-27 12:15:00+05:30,1390.0,1392.300048828125,1389.0,1391.699951171875,31021
2026-02-27 12:20:00+05:30,1391.800048828125,1392.300048828125,1388.0,1389.199951171875,31188
2026-02-27 12:25:00+05:30,1389.199951171875,1391.5,1389.0,1390.699951171875,25112
2026-02-27 12:30:00+05:30,1390.5999755859375,1391.9000244140625,1390.0,1390.0999755859375,36340
2026-02-27 12:35:00+05:30,1390.0999755859375,1390.300048828125,1388.800048828125,1389.199951171875,24201
2026-02-27 12:40:00+05:30,1389.199951171875,1391.300048828125,1388.5999755859375,1390.9000244140625,23359
2026-02-27 12:45:00+05:30,1390.9000244140625,1392.4000244140625,1389.300048828125,1390.5,34362
2026-02-27 12:50:00+05:30,1390.5,1391.4000244140625,1386.699951171875,1387.800048828125,49593
2026-02-27 12:55:00+05:30,1387.800048828125,1389.0999755859375,1386.5999755859375,1389.0999755859375,40598
2026-02-27 13:00:00+05:30,1389.5,1391.5999755859375,1389.300048828125,1391.5999755859375,41238
2026-02-27 13:05:00+05:30,1391.5999755859375,1394.0,1391.5999755859375,1392.4000244140625,40324
2026-02-27 13:10:00+05:30,1392.300048828125,1392.9000244140625,1390.699951171875,1392.199951171875,57118
2026-02-27 13:15:00+05:30,1392.199951171875,1392.4000244140625,1390.4000244140625,1391.300048828125,34940
2026-02-27 13:20:00+05:30,1391.5999755859375,1392.199951171875,1390.199951171875,1392.199951171875,32085
2026-02-27 13:25:00+05:30,1392.300048828125,1392.800048828125,1391.4000244140625,1392.0,30622
2026-02-27 13:30:00+05:30,1391.800048828125,1392.5999755859375,1390.699951171875,1392.0,35057
2026-02-27 13:35:00+05:30,1392.0,1393.0999755859375,1390.0,1391.0,45492
2026-02-27 13:40:00+05:30,1391.0,1392.300048828125,1390.199951171875,1390.4000244140625,34497
2026-02-27 13:45:00+05:30,1390.199951171875,1393.0,1389.699951171875,1392.5999755859375,40671
2026-02-27 13:50:00+05:30,1392.699951171875,1392.9000244140625,1390.4000244140625,1392.800048828125,27192
2026-02-27 13:55:00+05:30,1392.699951171875,1394.4000244140625,1392.300048828125,1393.4000244140625,28367
2026-02-27 14:00:00+05:30,1393.300048828125,1393.9000244140625,1391.4000244140625,1391.5,25010
2026-02-27 14:05:00+05:30,1390.9000244140625,1392.0,1390.300048828125,1392.0,27358
2026-02-27 14:10:00+05:30,1391.699951171875,1392.0,1390.0,1391.199951171875,23926
2026-02-27 14:15:00+05:30,1391.9000244140625,1392.0,1390.9000244140625,1391.5,22076
2026-02-27 14:20:00+05:30,1391.5,1392.5,1390.9000244140625,1391.699951171875,20260
2026-02-27 14:25:00+05:30,1391.5999755859375,1392.0,1386.800048828125,1388.0,63187
2026-02-27 14:30:00+05:30,1388.0,1391.0,1387.699951171875,1390.4000244140625,48893
2026-02-27 14:35:00+05:30,1390.800048828125,1391.699951171875,1390.5,1390.9000244140625,37900
2026-02-27 14:40:00+05:30,1390.800048828125,1392.9000244140625,1390.699951171875,1392.5,34567
2026-02-27 14:45:00+05:30,1392.4000244140625,1392.5999755859375,1389.0,1390.300048828125,60133
2026-02-27 14:50:00+05:30,1389.9000244140625,1391.9000244140625,1389.5,1390.800048828125,42826
2026-02-27 14:55:00+05:30,1390.800048828125,1392.5,1390.300048828125,1391.800048828125,38519
2026-02-27 15:00:00+05:30,1391.0999755859375,1391.199951171875,1383.699951171875,1386.699951171875,899201
2026-02-27 15:05:00+05:30,1386.4000244140625,1390.5999755859375,1385.300048828125,1390.5,923222
2026-02-27 15:10:00+05:30,1390.0999755859375,1392.0999755859375,1388.699951171875,1392.0999755859375,815023
2026-02-27 15:15:00+05:30,1390.699951171875,1391.800048828125,1388.5999755859375,1390.0,858760
2026-02-27 15:20:00+05:30,1390.4000244140625,1393.4000244140625,1388.4000244140625,1390.5,893205
2026-02-27 15:25:00+05:30,1390.5,1397.699951171875,1382.0,1389.0999755859375,768659
2026-03-02 09:20:00+05:30,1365.300048828125,1371.9000244140625,1365.300048828125,1367.800048828125,46670
2026-03-02 09:25:00+05:30,1367.800048828125,1372.699951171875,1365.0,1372.0999755859375,71532
2026-03-02 09:30:00+05:30,1372.300048828125,1380.0999755859375,1371.5999755859375,1380.0999755859375,66821
2026-03-02 09:35:00+05:30,1380.5999755859375,1380.5999755859375,1375.199951171875,1379.4000244140625,43777
2026-03-02 09:40:00+05:30,1379.300048828125,1380.300048828125,1375.699951171875,1379.699951171875,29122
2026-03-02 09:45:00+05:30,1379.699951171875,1386.0,1379.699951171875,1382.0999755859375,22407
2026-03-02 09:50:00+05:30,1382.699951171875,1383.0999755859375,1379.199951171875,1379.699951171875,29796
2026-03-02 09:55:00+05:30,1380.199951171875,1384.699951171875,1379.9000244140625,1384.699951171875,8513
2026-03-02 10:00:00+05:30,1384.9000244140625,1385.300048828125,1380.0,1380.0,18706
2026-03-02 10:05:00+05:30,1380.699951171875,1382.0999755859375,1380.5999755859375,1381.9000244140625,5721
2026-03-02 10:10:00+05:30,1382.0,1383.800048828125,1380.9000244140625,1383.5999755859375,12283
2026-03-02 10:15:00+05:30,1383.5,1383.5999755859375,1380.800048828125,1383.4000244140625,7877
2026-03-02 10:20:00+05:30,1383.0999755859375,1383.0999755859375,1380.0,1380.300048828125,22783
2026-03-02 10:25:00+05:30,1380.300048828125,1380.5,1378.199951171875,1378.4000244140625,12259
2026-03-02 10:30:00+05:30,1378.300048828125,1379.0999755859375,1377.9000244140625,1379.0999755859375,5061
2026-03-02 10:35:00+05:30,1379.0999755859375,1379.0999755859375,1376.4000244140625,1378.800048828125,8260
2026-03-02 10:40:00+05:30,1378.800048828125,1380.9000244140625,1377.300048828125,1378.0999755859375,14609
2026-03-02 10:45:00+05:30,1377.5999755859375,1380.0,1377.300048828125,1377.300048828125,8103
2026-03-02 10:50:00+05:30,1377.0999755859375,1380.800048828125,1377.0999755859375,1380.800048828125,9260
2026-03-02 10:55:00+05:30,1380.800048828125,1382.0,1379.5999755859375,1382.0,8747
2026-03-02 11:00:00+05:30,1382.5,1382.5,1379.800048828125,1379.800048828125,5277
2026-03-02 11:05:00+05:30,1379.699951171875,1381.0,1378.0999755859375,1378.699951171875,8187
2026-03-02 11:10:00+05:30,1378.5,1381.0,1376.800048828125,1376.800048828125,10111
2026-03-02 11:15:00+05:30,1377.199951171875,1377.699951171875,1374.0,1377.699951171875,13527
2026-03-02 11:20:00+05:30,1376.0,1377.5,1375.300048828125,1376.300048828125,4668
2026-03-02 11:25:00+05:30,1376.199951171875,1376.199951171875,1373.699951171875,1374.4000244140625,5967
2026-03-02 11:30:00+05:30,1374.4000244140625,1374.4000244140625,1370.0999755859375,1371.5,12282
2026-03-02 11:35:00+05:30,1371.5,1373.199951171875,1370.0,1372.800048828125,11167
2026-03-02 11:40:00+05:30,1372.800048828125,1374.800048828125,1371.9000244140625,1374.199951171875,10510
2026-03-02 11:45:00+05:30,1374.199951171875,1375.300048828125,1373.300048828125,1373.9000244140625,10717
2026-03-02 11:50:00+05:30,1373.800048828125,1373.9000244140625,1372.9000244140625,1373.5,14188
2026-03-02 11:55:00+05:30,1373.699951171875,1373.9000244140625,1372.4000244140625,1372.9000244140625,37748
2026-03-02 12:00:00+05:30,1372.5999755859375,1372.5999755859375,1366.699951171875,1367.300048828125,54963
2026-03-02 12:05:00+05:30,1366.9000244140625,1367.9000244140625,1365.699951171875,1367.5,11888
2026-03-02 12:10:00+05:30,1367.5,1369.9000244140625,1367.300048828125,1367.9000244140625,19199
2026-03-02 12:15:00+05:30,1368.0,1368.699951171875,1364.0,1365.0,23469
2026-03-02 12:20:00+05:30,1363.9000244140625,1366.0,1362.0,1365.199951171875,30257
2026-03-02 12:25:00+05:30,1365.0,1366.4000244140625,1365.0,1365.199951171875,8840
2026-03-02 12:30:00+05:30,1365.0999755859375,1366.0,1365.0,1365.699951171875,14200
2026-03-02 12:35:00+05:30,1365.199951171875,1366.699951171875,1362.4000244140625,1363.0,63163
2026-03-02 12:40:00+05:30,1362.9000244140625,1364.9000244140625,1362.0999755859375,1363.300048828125,18560
2026-03-02 12:45:00+05:30,1362.800048828125,1364.5999755859375,1362.4000244140625,1362.9000244140625,18992
2026-03-02 12:50:00+05:30,1362.9000244140625,1364.4000244140625,1360.5999755859375,1363.300048828125,80693
2026-03-02 12:55:00+05:30,1363.300048828125,1364.0999755859375,1359.5999755859375,1360.0,24646
2026-03-02 13:00:00+05:30,1360.0,1361.5,1360.0,1360.800048828125,12227
2026-03-02 13:05:00+05:30,1360.9000244140625,1362.0999755859375,1360.0,1361.0999755859375,13161
2026-03-02 13:10:00+05:30,1361.300048828125,1362.0,1360.199951171875,1361.4000244140625,16761
2026-03-02 13:15:00+05:30,1361.300048828125,1362.199951171875,1360.0,1360.199951171875,23307
2026-03-02 13:20:00+05:30,1360.300048828125,1365.699951171875,1360.0,1365.5,21370
2026-03-02 13:25:00+05:30,1365.5999755859375,1365.699951171875,1362.699951171875,1363.800048828125,17105
2026-03-02 13:30:00+05:30,1363.5999755859375,1364.5,1362.199951171875,1363.5,10181
2026-03-02 13:35:00+05:30,1363.699951171875,1364.5,1362.5,1363.0,11548
2026-03-02 13:40:00+05:30,1363.0,1363.5,1361.5999755859375,1362.800048828125,14580
2026-03-02 13:45:00+05:30,1362.5999755859375,1363.4000244140625,1361.0,1361.0999755859375,10340
2026-03-02 13:50:00+05:30,1361.0,1362.0,1360.5999755859375,1360.699951171875,12556
2026-03-02 13:55:00+05:30,1361.0,1361.0,1358.0,1358.4000244140625,26907
2026-03-02 14:00:00+05:30,1358.9000244140625,1366.5999755859375,1357.9000244140625,1362.300048828125,44502
2026-03-02 14:05:00+05:30,1362.300048828125,1367.800048828125,1362.300048828125,1366.5999755859375,38621
2026-03-02 14:10:00+05:30,1366.5999755859375,1369.5,1366.5,1369.300048828125,10813
2026-03-02 14:15:00+05:30,1369.300048828125,1369.300048828125,1365.800048828125,1367.9000244140625,14465
2026-03-02 14:20:00+05:30,1367.9000244140625,1369.0999755859375,1366.699951171875,1367.5999755859375,11456
2026-03-02 14:25:00+05:30,1368.199951171875,1368.4000244140625,1363.4000244140625,1364.199951171875,30688
2026-03-02 14:30:00+05:30,1364.0,1369.0999755859375,1362.5999755859375,1369.0999755859375,23220
2026-03-02 14:35:00+05:30,1369.300048828125,1372.699951171875,1368.800048828125,1371.9000244140625,47779
2026-03-02 14:40:00+05:30,1371.9000244140625,1374.699951171875,1370.4000244140625,1371.0,32608
2026-03-02 14:45:00+05:30,1371.0999755859375,1371.800048828125,1368.5999755859375,1370.300048828125,18511
2026-03-02 14:50:00+05:30,1370.199951171875,1370.5999755859375,1368.300048828125,1369.800048828125,14515
2026-03-02 14:55:00+05:30,1369.4000244140625,1371.0,1368.4000244140625,1369.300048828125,30938
2026-03-02 15:00:00+05:30,1369.9000244140625,1374.0,1369.5,1373.0,113171
2026-03-02 15:05:00+05:30,1373.0,1374.0,1371.800048828125,1373.800048828125,52844
2026-03-02 15:10:00+05:30,1373.9000244140625,1374.5,1372.800048828125,1374.0,55960
2026-03-02 15:15:00+05:30,1373.9000244140625,1374.0,1370.199951171875,1370.5999755859375,68401
2026-03-02 15:20:00+05:30,1370.9000244140625,1371.800048828125,1367.199951171875,1367.9000244140625,74922
2026-03-02 15:25:00+05:30,1368.0,1370.699951171875,1367.800048828125,1370.5999755859375,114243
2026-03-04 09:20:00+05:30,1375.9000244140625,1378.4000244140625,1372.699951171875,1372.699951171875,87811
2026-03-04 09:25:00+05:30,1373.0999755859375,1377.800048828125,1372.0,1376.5,68347
2026-03-04 09:30:00+05:30,1376.300048828125,1376.699951171875,1369.5,1369.5,58426
2026-03-04 09:35:00+05:30,1369.4000244140625,1372.5,1368.5999755859375,1369.199951171875,63534
2026-03-04 09:40:00+05:30,1369.0999755859375,1377.699951171875,1368.4000244140625,1377.699951171875,60437
2026-03-04 09:45:00+05:30,1377.699951171875,1382.0,1377.699951171875,1380.0,64417
2026-03-04 09:50:00+05:30,1379.0999755859375,1379.0999755859375,1373.199951171875,1374.5,48115
2026-03-04 09:55:00+05:30,1374.9000244140625,1375.0999755859375,1370.5999755859375,1371.4000244140625,37034
2026-03-04 10:00:00+05:30,1371.4000244140625,1372.0,1368.5999755859375,1368.800048828125,38111
2026-03-04 10:05:00+05:30,1368.800048828125,1371.300048828125,1367.300048828125,1368.9000244140625,41823
2026-03-04 10:10:00+05:30,1368.9000244140625,1372.5,1367.199951171875,1372.5,27453
2026-03-04 10:15:00+05:30,1372.5999755859375,1372.9000244140625,1368.9000244140625,1369.5,48952
2026-03-04 10:20:00+05:30,1369.5999755859375,1372.4000244140625,1366.0999755859375,1370.0,80808
2026-03-04 10:25:00+05:30,1370.0,1372.0,1368.800048828125,1368.800048828125,23681
2026-03-04 10:30:00+05:30,1368.800048828125,1368.800048828125,1365.0999755859375,1365.800048828125,19559
2026-03-04 10:35:00+05:30,1365.800048828125,1367.0999755859375,1365.0999755859375,1366.0,23967
2026-03-04 10:40:00+05:30,1365.800048828125,1365.800048828125,1362.800048828125,1362.9000244140625,32177
2026-03-04 10:45:00+05:30,1362.9000244140625,1366.199951171875,1362.9000244140625,1365.300048828125,22376
2026-03-04 10:50:00+05:30,1365.300048828125,1366.199951171875,1364.5,1365.5999755859375,17459
2026-03-04 10:55:00+05:30,1365.5999755859375,1365.5999755859375,1362.699951171875,1363.4000244140625,15449
2026-03-04 11:00:00+05:30,1365.699951171875,1365.800048828125,1363.5,1364.199951171875,17552
2026-03-04 11:05:00+05:30,1364.699951171875,1368.5,1364.699951171875,1368.0999755859375,19080
2026-03-04 11:10:00+05:30,1367.9000244140625,1370.0,1367.800048828125,1369.300048828125,16557
2026-03-04 11:15:00+05:30,1368.800048828125,1368.800048828125,1365.5,1365.5,14314
2026-03-04 11:20:00+05:30,1365.5999755859375,1365.5999755859375,1363.9000244140625,1364.5,18500
2026-03-04 11:25:00+05:30,1364.5,1364.5,1361.4000244140625,1361.4000244140625,19946
2026-03-04 11:30:00+05:30,1361.5,1362.5,1361.0999755859375,1361.9000244140625,23724
2026-03-04 11:35:00+05:30,1361.9000244140625,1363.0999755859375,1361.199951171875,1362.5999755859375,19109
2026-03-04 11:40:00+05:30,1362.5999755859375,1363.199951171875,1361.800048828125,1362.0,11999
2026-03-04 11:45:00+05:30,1361.9000244140625,1364.0,1361.5999755859375,1362.9000244140625,19864
2026-03-04 11:50:00+05:30,1362.9000244140625,1368.199951171875,1362.699951171875,1365.5,19664
2026-03-04 11:55:00+05:30,1365.5,1366.800048828125,1364.5,1364.699951171875,12541
2026-03-04 12:00:00+05:30,1364.699951171875,1366.699951171875,1363.699951171875,1366.4000244140625,31553
2026-03-04 12:05:00+05:30,1366.4000244140625,1368.0,1364.5999755859375,1367.9000244140625,24955
2026-03-04 12:10:00+05:30,1368.0,1368.0,1365.5,1365.5999755859375,22012
2026-03-04 12:15:00+05:30,1365.800048828125,1366.0999755859375,1365.5,1365.800048828125,12451
2026-03-04 12:20:00+05:30,1365.699951171875,1366.9000244140625,1363.800048828125,1363.9000244140625,31204
2026-03-04 12:25:00+05:30,1363.9000244140625,1366.300048828125,1363.800048828125,1366.0,19091
2026-03-04 12:30:00+05:30,1366.0,1366.0999755859375,1364.4000244140625,1364.4000244140625,9498
2026-03-04 12:35:00+05:30,1364.4000244140625,1366.4000244140625,1364.300048828125,1365.300048828125,16491
2026-03-04 12:40:00+05:30,1365.300048828125,1366.5,1364.199951171875,1366.5,15342
2026-03-04 12:45:00+05:30,1366.5,1368.0,1366.5,1367.5,10644
2026-03-04 12:50:00+05:30,1367.5,1368.0,1366.9000244140625,1368.0,12846
2026-03-04 12:55:00+05:30,1368.0,1369.800048828125,1368.0,1369.699951171875,15740
2026-03-04 13:00:00+05:30,1369.699951171875,1370.699951171875,1369.300048828125,1369.4000244140625,13726
2026-03-04 13:05:00+05:30,1369.4000244140625,1369.4000244140625,1368.0999755859375,1369.0,9966
2026-03-04 13:10:00+05:30,1369.0,1371.199951171875,1368.9000244140625,1371.0999755859375,21064
2026-03-04 13:15:00+05:30,1371.699951171875,1372.0,1369.5,1370.0,19119
2026-03-04 13:20:00+05:30,1370.0,1371.800048828125,1369.699951171875,1370.699951171875,20816
2026-03-04 13:25:00+05:30,1370.699951171875,1372.5999755859375,1368.9000244140625,1369.0,14569
2026-03-04 13:30:00+05:30,1368.9000244140625,1369.300048828125,1368.0,1368.0,12185
2026-03-04 13:35:00+05:30,1367.4000244140625,1368.699951171875,1366.800048828125,1368.5,15424
2026-03-04 13:40:00+05:30,1368.5,1369.0,1367.300048828125,1368.699951171875,19035
2026-03-04 13:45:00+05:30,1368.9000244140625,1369.699951171875,1367.300048828125,1367.699951171875,12405
2026-03-04 13:50:00+05:30,1367.9000244140625,1367.9000244140625,1366.5,1367.0999755859375,19524
2026-03-04 13:55:00+05:30,1367.199951171875,1367.9000244140625,1366.4000244140625,1367.800048828125,14898
2026-03-04 14:00:00+05:30,1367.9000244140625,1370.199951171875,1367.0,1369.699951171875,29534
2026-03-04 14:05:00+05:30,1369.699951171875,1370.300048828125,1367.5999755859375,1369.199951171875,65993
2026-03-04 14:10:00+05:30,1369.199951171875,1373.699951171875,1368.5999755859375,1373.199951171875,30723
2026-03-04 14:15:00+05:30,1373.199951171875,1374.5999755859375,1371.5999755859375,1373.5999755859375,90560
2026-03-04 14:20:00+05:30,1373.5999755859375,1375.5,1373.0,1375.0999755859375,37566
2026-03-04 14:25:00+05:30,1375.0,1375.0999755859375,1368.300048828125,1368.300048828125,45050
2026-03-04 14:30:00+05:30,1369.0,1370.4000244140625,1368.0999755859375,1369.9000244140625,22219
2026-03-04 14:35:00+05:30,1369.5,1371.4000244140625,1368.4000244140625,1369.9000244140625,37033
2026-03-04 14:40:00+05:30,1369.9000244140625,1372.4000244140625,1369.9000244140625,1372.0,19847
2026-03-04 14:45:00+05:30,1372.0,1372.0,1368.5999755859375,1370.800048828125,26169
2026-03-04 14:50:00+05:30,1370.800048828125,1371.800048828125,1369.0999755859375,1370.800048828125,57775
2026-03-04 14:55:00+05:30,1370.800048828125,1371.0,1368.699951171875,1369.0,32578
2026-03-04 15:00:00+05:30,1369.699951171875,1369.699951171875,1365.5,1365.5999755859375,100241
2026-03-04 15:05:00+05:30,1365.5,1366.5999755859375,1363.300048828125,1363.699951171875,139166
2026-03-04 15:10:00+05:30,1363.699951171875,1363.699951171875,1362.300048828125,1362.300048828125,101817
2026-03-04 15:15:00+05:30,1362.0,1366.300048828125,1361.5,1363.0999755859375,185367
2026-03-04 15:20:00+05:30,1363.5,1364.300048828125,1361.5999755859375,1363.800048828125,186737
2026-03-04 15:25:00+05:30,1364.300048828125,1365.0999755859375,1362.5999755859375,1364.0,145993
2026-03-05 09:20:00+05:30,1364.300048828125,1365.199951171875,1358.4000244140625,1358.4000244140625,36383
2026-03-05 09:25:00+05:30,1358.800048828125,1358.800048828125,1355.300048828125,1356.0999755859375,24932
2026-03-05 09:30:00+05:30,1356.5,1357.0,1350.199951171875,1350.199951171875,36508
2026-03-05 09:35:00+05:30,1350.0,1350.0,1345.0,1345.699951171875,43828
2026-03-05 09:40:00+05:30,1345.5,1349.5,1345.4000244140625,1348.5999755859375,37045
2026-03-05 09:45:00+05:30,1350.0,1352.199951171875,1349.0,1350.699951171875,25246
2026-03-05 09:50:00+05:30,1350.699951171875,1354.5999755859375,1350.4000244140625,1354.4000244140625,16455
2026-03-05 09:55:00+05:30,1354.4000244140625,1354.4000244140625,1352.0,1352.9000244140625,16800
2026-03-05 10:00:00+05:30,1353.300048828125,1353.5999755859375,1350.699951171875,1350.699951171875,13656
2026-03-05 10:05:00+05:30,1350.800048828125,1351.0,1349.300048828125,1349.800048828125,23474
2026-03-05 10:10:00+05:30,1349.5999755859375,1349.699951171875,1346.4000244140625,1347.0,24333
2026-03-05 10:15:00+05:30,1346.800048828125,1349.699951171875,1346.800048828125,1347.800048828125,48476
2026-03-05 10:20:00+05:30,1347.699951171875,1347.699951171875,1345.199951171875,1345.5,26879
2026-03-05 10:25:00+05:30,1345.4000244140625,1345.4000244140625,1342.5,1343.5999755859375,38050
2026-03-05 10:30:00+05:30,1343.300048828125,1343.300048828125,1341.0,1341.5,25552
2026-03-05 10:35:00+05:30,1342.4000244140625,1344.5,1340.5999755859375,1341.300048828125,33222
2026-03-05 10:40:00+05:30,1341.199951171875,1342.9000244140625,1341.0,1342.800048828125,18172
2026-03-05 10:45:00+05:30,1343.0,1344.800048828125,1341.699951171875,1341.699951171875,17932
2026-03-05 10:50:00+05:30,1341.199951171875,1341.5999755859375,1339.0999755859375,1339.699951171875,38149
2026-03-05 10:55:00+05:30,1339.9000244140625,1340.199951171875,1337.800048828125,1338.0,41146
2026-03-05 11:00:00+05:30,1338.0,1338.199951171875,1336.0,1336.5,32995
2026-03-05 11:05:00+05:30,1336.0,1337.800048828125,1335.5999755859375,1336.800048828125,24898
2026-03-05 11:10:00+05:30,1336.699951171875,1336.800048828125,1335.300048828125,1335.4000244140625,27287
2026-03-05 11:15:00+05:30,1335.300048828125,1339.5999755859375,1335.199951171875,1337.699951171875,29656
2026-03-05 11:20:00+05:30,1337.5999755859375,1337.5999755859375,1335.0,1335.0999755859375,24310
2026-03-05 11:25:00+05:30,1335.5999755859375,1336.4000244140625,1335.0,1335.199951171875,32895
2026-03-05 11:30:00+05:30,1335.199951171875,1336.199951171875,1334.300048828125,1335.5,27810
2026-03-05 11:35:00+05:30,1335.4000244140625,1335.4000244140625,1333.5999755859375,1334.0999755859375,23474
2026-03-05 11:40:00+05:30,1333.699951171875,1334.800048828125,1333.4000244140625,1334.300048828125,25401
2026-03-05 11:45:00+05:30,1334.800048828125,1334.800048828125,1333.0999755859375,1333.300048828125,21199
2026-03-05 11:50:00+05:30,1333.5,1336.300048828125,1332.5,1336.300048828125,27920
2026-03-05 11:55:00+05:30,1335.699951171875,1338.800048828125,1334.800048828125,1338.0,62418
2026-03-05 12:00:00+05:30,1337.9000244140625,1339.0,1337.0,1337.0999755859375,27148
2026-03-05 12:05:00+05:30,1337.199951171875,1338.699951171875,1336.0,1337.5,41446
2026-03-05 12:10:00+05:30,1337.9000244140625,1341.199951171875,1337.5,1340.699951171875,25992
2026-03-05 12:15:00+05:30,1340.699951171875,1341.0,1338.5,1339.0999755859375,23521
2026-03-05 12:20:00+05:30,1339.0,1343.300048828125,1339.0,1342.800048828125,35598
2026-03-05 12:25:00+05:30,1342.800048828125,1345.300048828125,1342.4000244140625,1345.0,34020
2026-03-05 12:30:00+05:30,1345.0,1346.0,1343.9000244140625,1343.9000244140625,30031
2026-03-05 12:35:00+05:30,1344.199951171875,1344.9000244140625,1342.300048828125,1343.9000244140625,22663
2026-03-05 12:40:00+05:30,1343.9000244140625,1345.199951171875,1343.0999755859375,1343.0999755859375,17358
2026-03-05 12:45:00+05:30,1343.0,1343.4000244140625,1340.5999755859375,1341.800048828125,20074
2026-03-05 12:50:00+05:30,1341.800048828125,1342.699951171875,1341.300048828125,1342.300048828125,16701
2026-03-05 12:55:00+05:30,1342.199951171875,1343.4000244140625,1341.5,1342.5999755859375,21543
2026-03-05 13:00:00+05:30,1342.5999755859375,1344.199951171875,1341.0,1341.0,21185
2026-03-05 13:05:00+05:30,1341.199951171875,1342.9000244140625,1340.5999755859375,1342.0,17770
2026-03-05 13:10:00+05:30,1342.199951171875,1343.800048828125,1341.199951171875,1341.699951171875,17502
2026-03-05 13:15:00+05:30,1342.0999755859375,1342.300048828125,1340.800048828125,1341.5,17587
2026-03-05 13:20:00+05:30,1341.699951171875,1343.4000244140625,1340.5999755859375,1342.199951171875,17463
2026-03-05 13:25:00+05:30,1341.5999755859375,1343.0999755859375,1340.800048828125,1343.0,21746
2026-03-05 13:30:00+05:30,1343.0,1345.4000244140625,1341.800048828125,1342.699951171875,23416
2026-03-05 13:35:00+05:30,1342.699951171875,1342.699951171875,1340.4000244140625,1342.0,14203
2026-03-05 13:40:00+05:30,1342.5,1344.199951171875,1341.4000244140625,1344.0,15232
2026-03-05 13:45:00+05:30,1344.0,1344.5999755859375,1343.0,1343.699951171875,11542
2026-03-05 13:50:00+05:30,1343.5999755859375,1343.800048828125,1341.4000244140625,1342.0999755859375,13448
2026-03-05 13:55:00+05:30,1342.300048828125,1342.5999755859375,1340.5,1341.0,19546
2026-03-05 14:00:00+05:30,1340.9000244140625,1343.5,1340.9000244140625,1343.5,15550
2026-03-05 14:05:00+05:30,1343.5,1344.5999755859375,1342.300048828125,1342.5,12646
2026-03-05 14:10:00+05:30,1342.300048828125,1343.0999755859375,1341.0,1341.5,12090
2026-03-05 14:15:00+05:30,1341.5,1343.0,1341.0999755859375,1341.9000244140625,21685
2026-03-05 14:20:00+05:30,1341.5999755859375,1345.4000244140625,1341.5999755859375,1345.0,45840
2026-03-05 14:25:00+05:30,1345.0,1346.0,1344.5999755859375,1345.199951171875,9583
2026-03-05 14:30:00+05:30,1345.199951171875,1346.0,1344.5,1345.199951171875,10113
2026-03-05 14:35:00+05:30,1345.0,1349.0,1344.4000244140625,1348.5,37865
2026-03-05 14:40:00+05:30,1348.199951171875,1355.699951171875,1348.0999755859375,1354.300048828125,42492
2026-03-05 14:45:00+05:30,1353.300048828125,1356.5999755859375,1353.300048828125,1356.5,18630
2026-03-05 14:50:00+05:30,1356.5,1358.800048828125,1356.199951171875,1357.9000244140625,45624
2026-03-05 14:55:00+05:30,1358.199951171875,1358.4000244140625,1354.0999755859375,1356.300048828125,25099
2026-03-05 15:00:00+05:30,1356.699951171875,1356.699951171875,1352.699951171875,1353.0999755859375,57563
2026-03-05 15:05:00+05:30,1353.4000244140625,1353.800048828125,1352.0,1352.0,42301
2026-03-05 15:10:00+05:30,1352.4000244140625,1353.5999755859375,1350.699951171875,1351.800048828125,62149
2026-03-05 15:15:00+05:30,1351.800048828125,1355.699951171875,1351.800048828125,1354.800048828125,74938
2026-03-05 15:20:00+05:30,1354.9000244140625,1355.699951171875,1354.800048828125,1355.199951171875,52817
2026-03-05 15:25:00+05:30,1355.0999755859375,1357.5,1353.0999755859375,1355.699951171875,53452
2026-03-06 09:20:00+05:30,1373.699951171875,1377.0,1372.5,1376.0999755859375,50613
2026-03-06 09:25:00+05:30,1376.699951171875,1380.5,1376.699951171875,1378.5,42661
2026-03-06 09:30:00+05:30,1378.300048828125,1378.4000244140625,1371.199951171875,1372.0,30614
2026-03-06 09:35:00+05:30,1372.0,1374.0,1370.4000244140625,1371.199951171875,26198
2026-03-06 09:40:00+05:30,1371.199951171875,1371.199951171875,1368.5999755859375,1369.800048828125,27389
2026-03-06 09:45:00+05:30,1370.0,1371.4000244140625,1368.4000244140625,1368.5999755859375,25601
2026-03-06 09:50:00+05:30,1369.4000244140625,1369.800048828125,1366.5,1367.0,20339
2026-03-06 09:55:00+05:30,1366.5,1366.9000244140625,1365.300048828125,1365.4000244140625,22515
2026-03-06 10:00:00+05:30,1365.300048828125,1367.9000244140625,1363.5999755859375,1366.5,21740
2026-03-06 10:05:00+05:30,1366.5999755859375,1369.4000244140625,1364.800048828125,1369.0,23042
2026-03-06 10:10:00+05:30,1369.0,1369.4000244140625,1368.0,1369.0,13865
2026-03-06 10:15:00+05:30,1368.9000244140625,1370.4000244140625,1368.699951171875,1368.9000244140625,18294
2026-03-06 10:20:00+05:30,1369.0,1369.800048828125,1368.0999755859375,1369.4000244140625,13191
2026-03-06 10:25:00+05:30,1369.9000244140625,1369.9000244140625,1368.300048828125,1369.0999755859375,10809
2026-03-06 10:30:00+05:30,1369.0999755859375,1369.300048828125,1368.0999755859375,1368.5999755859375,10088
2026-03-06 10:35:00+05:30,1368.5,1368.5,1366.300048828125,1367.699951171875,15451
2026-03-06 10:40:00+05:30,1368.0999755859375,1368.199951171875,1366.300048828125,1366.4000244140625,7172
2026-03-06 10:45:00+05:30,1366.4000244140625,1366.4000244140625,1364.199951171875,1365.9000244140625,34824
2026-03-06 10:50:00+05:30,1365.699951171875,1372.199951171875,1365.5,1368.800048828125,45184
2026-03-06 10:55:00+05:30,1368.800048828125,1369.4000244140625,1368.0999755859375,1368.800048828125,18777
2026-03-06 11:00:00+05:30,1369.4000244140625,1370.9000244140625,1367.699951171875,1367.9000244140625,28756
2026-03-06 11:05:00+05:30,1368.300048828125,1370.0999755859375,1368.199951171875,1368.5999755859375,11875
2026-03-06 11:10:00+05:30,1369.0,1369.800048828125,1366.199951171875,1366.4000244140625,13496
2026-03-06 11:15:00+05:30,1366.4000244140625,1367.4000244140625,1365.0999755859375,1366.9000244140625,16337
2026-03-06 11:20:00+05:30,1366.5,1367.800048828125,1366.0,1366.0,12979
2026-03-06 11:25:00+05:30,1365.9000244140625,1367.699951171875,1364.699951171875,1367.0,25613
2026-03-06 11:30:00+05:30,1367.0999755859375,1368.0,1366.199951171875,1366.9000244140625,13133
2026-03-06 11:35:00+05:30,1366.9000244140625,1368.0,1366.800048828125,1366.9000244140625,11314
2026-03-06 11:40:00+05:30,1366.9000244140625,1368.0,1365.9000244140625,1365.9000244140625,9973
2026-03-06 11:45:00+05:30,1365.800048828125,1367.0,1365.699951171875,1366.0,11294
2026-03-06 11:50:00+05:30,1365.800048828125,1365.9000244140625,1364.300048828125,1365.0,18064
2026-03-06 11:55:00+05:30,1365.0,1365.800048828125,1363.9000244140625,1364.0999755859375,15103
2026-03-06 12:00:00+05:30,1364.0,1366.300048828125,1363.800048828125,1365.800048828125,10342
2026-03-06 12:05:00+05:30,1365.699951171875,1366.800048828125,1365.0,1366.4000244140625,12792
2026-03-06 12:10:00+05:30,1366.5,1367.5,1365.5,1366.0,9303
2026-03-06 12:15:00+05:30,1366.0999755859375,1367.5999755859375,1366.0999755859375,1366.800048828125,9555
2026-03-06 12:20:00+05:30,1366.4000244140625,1366.699951171875,1365.199951171875,1365.5999755859375,7496
2026-03-06 12:25:00+05:30,1364.5,1364.5,1361.800048828125,1362.9000244140625,116447
2026-03-06 12:30:00+05:30,1362.800048828125,1365.0,1362.800048828125,1364.800048828125,8325
2026-03-06 12:35:00+05:30,1364.9000244140625,1364.9000244140625,1362.5,1362.9000244140625,17529
2026-03-06 12:40:00+05:30,1362.9000244140625,1364.699951171875,1362.5,1364.5999755859375,7904
2026-03-06 12:45:00+05:30,1364.5,1364.5,1362.5,1363.4000244140625,7816
2026-03-06 12:50:00+05:30,1363.5999755859375,1364.800048828125,1362.699951171875,1362.699951171875,7675
2026-03-06 12:55:00+05:30,1362.800048828125,1363.0,1362.0,1362.0999755859375,14408
2026-03-06 13:00:00+05:30,1362.199951171875,1362.699951171875,1361.5999755859375,1361.800048828125,16181
2026-03-06 13:05:00+05:30,1361.699951171875,1362.9000244140625,1360.9000244140625,1361.0,13408
2026-03-06 13:10:00+05:30,1361.0,1362.0999755859375,1360.5,1361.800048828125,10664
2026-03-06 13:15:00+05:30,1361.800048828125,1361.800048828125,1360.699951171875,1361.199951171875,8632
2026-03-06 13:20:00+05:30,1361.0,1362.0,1360.800048828125,1361.5,14167
2026-03-06 13:25:00+05:30,1361.5,1361.5,1360.9000244140625,1361.0999755859375,8956
2026-03-06 13:30:00+05:30,1361.0,1361.699951171875,1360.5,1361.300048828125,16704
2026-03-06 13:35:00+05:30,1361.300048828125,1363.5,1361.0,1363.0,23365
2026-03-06 13:40:00+05:30,1362.800048828125,1364.800048828125,1362.800048828125,1364.699951171875,8343
2026-03-06 13:45:00+05:30,1364.699951171875,1364.9000244140625,1364.0,1364.9000244140625,9841
2026-03-06 13:50:00+05:30,1364.9000244140625,1366.9000244140625,1364.0,1365.0,10823
2026-03-06 13:55:00+05:30,1365.300048828125,1365.699951171875,1364.300048828125,1364.300048828125,8616
2026-03-06 14:00:00+05:30,1364.300048828125,1366.0999755859375,1364.300048828125,1365.300048828125,8850
2026-03-06 14:05:00+05:30,1365.0999755859375,1366.0,1365.0999755859375,1365.5,8825
2026-03-06 14:10:00+05:30,1365.4000244140625,1365.9000244140625,1364.800048828125,1365.0999755859375,8390
2026-03-06 14:15:00+05:30,1365.0,1365.5999755859375,1364.4000244140625,1364.5999755859375,13077
2026-03-06 14:20:00+05:30,1364.699951171875,1366.699951171875,1364.5999755859375,1364.9000244140625,15782
2026-03-06 14:25:00+05:30,1364.9000244140625,1365.5999755859375,1363.4000244140625,1363.4000244140625,82384
2026-03-06 14:30:00+05:30,1363.4000244140625,1364.9000244140625,1363.0999755859375,1363.5999755859375,15541
2026-03-06 14:35:00+05:30,1363.5,1364.699951171875,1363.199951171875,1364.0,11596
2026-03-06 14:40:00+05:30,1364.0,1364.0,1361.199951171875,1362.5999755859375,16010
2026-03-06 14:45:00+05:30,1362.5999755859375,1363.800048828125,1357.5,1359.4000244140625,54028
2026-03-06 14:50:00+05:30,1359.199951171875,1361.699951171875,1358.0999755859375,1360.300048828125,21808
2026-03-06 14:55:00+05:30,1360.199951171875,1360.800048828125,1359.4000244140625,1359.9000244140625,16222
2026-03-06 15:00:00+05:30,1359.5999755859375,1359.5999755859375,1357.0,1357.300048828125,73022
2026-03-06 15:05:00+05:30,1357.300048828125,1358.0,1355.5,1356.4000244140625,75927
2026-03-06 15:10:00+05:30,1356.4000244140625,1357.0,1355.0,1356.9000244140625,82924
2026-03-06 15:15:00+05:30,1357.0999755859375,1357.4000244140625,1355.0999755859375,1355.9000244140625,70509
2026-03-06 15:20:00+05:30,1356.0,1357.9000244140625,1356.0,1357.699951171875,89655
2026-03-06 15:25:00+05:30,1357.0999755859375,1358.699951171875,1356.0,1358.0,62371
