Datetime,Close,High,Low,Open,Volume
2025-12-10 09:20:00+05:30,2308.89990234375,2313.5,2308.89990234375,2313.199951171875,5259
2025-12-10 09:25:00+05:30,2309.10009765625,2309.5,2305.199951171875,2308.699951171875,8676
2025-12-10 09:30:00+05:30,2310.60009765625,2312.0,2309.89990234375,2309.89990234375,3500
2025-12-10 09:35:00+05:30,2312.800048828125,2312.800048828125,2310.5,2312.0,5069
2025-12-10 09:40:00+05:30,2311.10009765625,2313.0,2310.300048828125,2312.10009765625,6687
2025-12-10 09:45:00+05:30,2310.89990234375,2312.300048828125,2310.0,2310.5,2150
2025-12-10 09:50:00+05:30,2311.10009765625,2311.10009765625,2310.0,2310.60009765625,1840
2025-12-10 09:55:00+05:30,2308.39990234375,2311.39990234375,2308.39990234375,2310.39990234375,3837
2025-12-10 10:00:00+05:30,2310.699951171875,2310.800048828125,2308.10009765625,2308.89990234375,3199
2025-12-10 10:05:00+05:30,2311.5,2313.0,2310.300048828125,2310.300048828125,3564
2025-12-10 10:10:00+05:30,2315.800048828125,2316.5,2311.300048828125,2311.5,4411
2025-12-10 10:15:00+05:30,2313.10009765625,2316.10009765625,2313.10009765625,2316.10009765625,9733
2025-12-10 10:20:00+05:30,2313.199951171875,2314.0,2311.699951171875,2313.10009765625,105452
2025-12-10 10:25:00+05:30,2310.800048828125,2313.5,2308.39990234375,2313.199951171875,14386
2025-12-10 10:30:00+05:30,2311.800048828125,2312.10009765625,2309.89990234375,2310.699951171875,2951
2025-12-10 10:35:00+05:30,2307.199951171875,2311.800048828125,2306.800048828125,2311.800048828125,330238
2025-12-10 10:40:00+05:30,2305.60009765625,2307.800048828125,2302.60009765625,2307.800048828125,8621
2025-12-10 10:45:00+05:30,2299.199951171875,2306.89990234375,2298.89990234375,2306.699951171875,11622
2025-12-10 10:50:00+05:30,2299.800048828125,2300.300048828125,2298.0,2300.0,4617
2025-12-10 10:55:00+05:30,2300.89990234375,2301.199951171875,2299.10009765625,2299.5,5422
2025-12-10 11:00:00+05:30,2303.39990234375,2303.39990234375,2300.10009765625,2301.0,2617
2025-12-10 11:05:00+05:30,2302.0,2303.89990234375,2300.89990234375,2303.39990234375,4596
2025-12-10 11:10:00+05:30,2301.60009765625,2302.300048828125,2298.699951171875,2301.5,6739
2025-12-10 11:15:00+05:30,2300.60009765625,2303.300048828125,2300.0,2301.60009765625,115144
2025-12-10 11:20:00+05:30,2302.5,2304.89990234375,2300.699951171875,2301.10009765625,6165
2025-12-10 11:25:00+05:30,2300.0,2303.0,2300.0,2301.699951171875,6502
2025-12-10 11:30:00+05:30,2297.89990234375,2300.89990234375,2297.89990234375,2300.10009765625,7761
2025-12-10 11:35:00+05:30,2300.89990234375,2302.0,2298.5,2299.0,1005377
2025-12-10 11:40:00+05:30,2299.5,2302.5,2298.5,2300.60009765625,13508
2025-12-10 11:45:00+05:30,2299.300048828125,2300.89990234375,2298.199951171875,2299.5,11458
2025-12-10 11:50:00+05:30,2295.5,2300.0,2295.39990234375,2299.300048828125,12985
2025-12-10 11:55:00+05:30,2297.800048828125,2298.10009765625,2295.0,2296.699951171875,13720
2025-12-10 12:00:00+05:30,2300.199951171875,2300.699951171875,2296.0,2297.89990234375,14718
2025-12-10 12:05:00+05:30,2300.0,2301.39990234375,2299.5,2300.0,15404
2025-12-10 12:10:00+05:30,2299.39990234375,2300.300048828125,2298.39990234375,2300.10009765625,10746
2025-12-10 12:15:00+05:30,2299.5,2300.699951171875,2298.5,2299.60009765625,9055
2025-12-10 12:20:00+05:30,2299.89990234375,2300.699951171875,2298.5,2300.60009765625,10999
2025-12-10 12:25:00+05:30,2299.699951171875,2300.10009765625,2298.199951171875,2299.89990234375,17543
2025-12-10 12:30:00+05:30,2299.800048828125,2301.10009765625,2297.39990234375,2299.800048828125,74164
2025-12-10 12:35:00+05:30,2298.199951171875,2301.39990234375,2296.800048828125,2300.89990234375,116720
2025-12-10 12:40:00+05:30,2297.0,2301.10009765625,2295.39990234375,2299.39990234375,17466
2025-12-10 12:45:00+05:30,2299.5,2301.0,2296.0,2297.10009765625,48179
2025-12-10 12:50:00+05:30,2301.0,2301.0,2298.5,2300.5,8139
2025-12-10 12:55:00+05:30,2300.5,2304.699951171875,2300.0,2301.0,13822
2025-12-10 13:00:00+05:30,2299.199951171875,2302.300048828125,2298.39990234375,2300.5,13106
2025-12-10 13:05:00+05:30,2300.0,2300.800048828125,2296.39990234375,2299.300048828125,13961
2025-12-10 13:10:00+05:30,2299.5,2300.800048828125,2297.699951171875,2299.5,15147
2025-12-10 13:15:00+05:30,2299.199951171875,2300.199951171875,2297.800048828125,2299.5,11476
2025-12-10 13:20:00+05:30,2300.0,2301.10009765625,2297.0,2299.60009765625,15768
2025-12-10 13:25:00+05:30,2299.5,2300.60009765625,2298.699951171875,2300.300048828125,12246
2025-12-10 13:30:00+05:30,2301.89990234375,2303.39990234375,2299.0,2299.5,23414
2025-12-10 13:35:00+05:30,2302.0,2304.39990234375,2301.89990234375,2302.0,6032
2025-12-10 13:40:00+05:30,2302.699951171875,2303.5,2301.699951171875,2302.800048828125,7070
2025-12-10 13:45:00+05:30,2303.800048828125,2304.800048828125,2301.699951171875,2303.10009765625,51110
2025-12-10 13:50:00+05:30,2303.60009765625,2304.300048828125,2301.699951171875,2303.89990234375,72073
2025-12-10 13:55:00+05:30,2300.60009765625,2304.5,2300.39990234375,2303.39990234375,7337
2025-12-10 14:00:00+05:30,2299.699951171875,2301.89990234375,2298.300048828125,2300.60009765625,45777
2025-12-10 14:05:00+05:30,2299.89990234375,2300.800048828125,2296.89990234375,2299.0,71665
2025-12-10 14:10:00+05:30,2300.199951171875,2301.5,2298.10009765625,2299.60009765625,11772
2025-12-10 14:15:00+05:30,2302.300048828125,2303.0,2299.0,2300.10009765625,25742
2025-12-10 14:20:00+05:30,2300.60009765625,2303.199951171875,2300.10009765625,2302.800048828125,25904
2025-12-10 14:25:00+05:30,2301.300048828125,2301.89990234375,2299.699951171875,2300.5,6265
2025-12-10 14:30:00+05:30,2302.10009765625,2303.10009765625,2301.10009765625,2301.699951171875,31686
2025-12-10 14:35:00+05:30,2301.10009765625,2302.800048828125,2299.699951171875,2302.800048828125,6906
2025-12-10 14:40:00+05:30,2299.0,2301.199951171875,2299.0,2301.0,7118
2025-12-10 14:45:00+05:30,2299.300048828125,2301.300048828125,2299.300048828125,2299.89990234375,9090
2025-12-10 14:50:00+05:30,2300.0,2301.5,2299.10009765625,2300.0,11033
2025-12-10 14:55:00+05:30,2300.5,2301.0,2299.0,2300.0,16790
2025-12-10 15:00:00+05:30,2302.60009765625,2304.0,2300.89990234375,2300.89990234375,34230
2025-12-10 15:05:00+05:30,2300.60009765625,2302.800048828125,2300.60009765625,2302.60009765625,33054
2025-12-10 15:10:00+05:30,2302.0,2302.0,2300.0,2300.800048828125,35398
2025-12-10 15:15:00+05:30,2301.5,2302.60009765625,2301.5,2302.10009765625,35755
2025-12-10 15:20:00+05:30,2301.699951171875,2302.199951171875,2301.199951171875,2301.60009765625,43417
2025-12-10 15:25:00+05:30,2302.5,2302.89990234375,2300.0,2301.699951171875,30129
2025-12-11 09:20:00+05:30,2301.800048828125,2302.39990234375,2297.89990234375,2298.5,54941
2025-12-11 09:25:00+05:30,2301.60009765625,2302.89990234375,2298.10009765625,2300.800048828125,11580
2025-12-11 09:30:00+05:30,2300.0,2302.699951171875,2300.0,2302.0,6996
2025-12-11 09:35:00+05:30,2295.300048828125,2300.89990234375,2294.10009765625,2300.39990234375,18741
2025-12-11 09:40:00+05:30,2294.89990234375,2296.0,2293.5,2294.800048828125,10708
2025-12-11 09:45:00+05:30,2297.39990234375,2299.5,2293.60009765625,2295.60009765625,11281
2025-12-11 09:50:00+05:30,2297.800048828125,2298.300048828125,2294.60009765625,2298.300048828125,5021
2025-12-11 09:55:00+05:30,2300.39990234375,2301.0,2297.39990234375,2297.39990234375,23955
2025-12-11 10:00:00+05:30,2300.0,2301.199951171875,2297.699951171875,2299.800048828125,14369
2025-12-11 10:05:00+05:30,2301.10009765625,2302.5,2300.0,2300.0,6165
2025-12-11 10:10:00+05:30,2303.60009765625,2304.0,2299.0,2301.199951171875,13665
2025-12-11 10:15:00+05:30,2302.60009765625,2306.10009765625,2302.10009765625,2305.0,8095
2025-12-11 10:20:00+05:30,2301.699951171875,2303.10009765625,2300.0,2302.699951171875,7282
2025-12-11 10:25:00+05:30,2303.699951171875,2304.10009765625,2300.5,2301.699951171875,24284
2025-12-11 10:30:00+05:30,2307.199951171875,2310.0,2302.89990234375,2303.699951171875,15093
2025-12-11 10:35:00+05:30,2306.699951171875,2308.39990234375,2305.5,2307.699951171875,13233
2025-12-11 10:40:00+05:30,2304.800048828125,2308.199951171875,2304.800048828125,2306.60009765625,8098
2025-12-11 10:45:00+05:30,2307.0,2307.89990234375,2304.800048828125,2304.89990234375,8880
2025-12-11 10:50:00+05:30,2305.89990234375,2308.0,2304.199951171875,2307.0,7075
2025-12-11 10:55:00+05:30,2306.5,2307.5,2303.5,2305.89990234375,9139
2025-12-11 11:00:00+05:30,2302.699951171875,2307.0,2302.699951171875,2306.5,4106
2025-12-11 11:05:00+05:30,2302.800048828125,2304.39990234375,2302.5,2303.10009765625,4312
2025-12-11 11:10:00+05:30,2303.800048828125,2305.0,2302.89990234375,2303.300048828125,2573
2025-12-11 11:15:00+05:30,2304.5,2304.89990234375,2301.800048828125,2304.0,8077
2025-12-11 11:20:00+05:30,2302.800048828125,2305.89990234375,2302.300048828125,2303.89990234375,3287
2025-12-11 11:25:00+05:30,2302.699951171875,2303.699951171875,2302.5,2302.5,3350
2025-12-11 11:30:00+05:30,2302.0,2303.39990234375,2302.0,2302.699951171875,5934
2025-12-11 11:35:00+05:30,2302.199951171875,2302.39990234375,2301.199951171875,2302.0,4358
2025-12-11 11:40:00+05:30,2301.199951171875,2302.300048828125,2300.699951171875,2301.800048828125,7285
2025-12-11 11:45:00+05:30,2300.0,2301.199951171875,2300.0,2300.800048828125,9577
2025-12-11 11:50:00+05:30,2300.0,2300.89990234375,2300.0,2300.10009765625,5497
2025-12-11 11:55:00+05:30,2302.60009765625,2302.800048828125,2300.0,2300.10009765625,6429
2025-12-11 12:00:00+05:30,2306.0,2306.0,2301.89990234375,2302.5,11846
2025-12-11 12:05:00+05:30,2306.89990234375,2309.0,2305.300048828125,2306.0,13004
2025-12-11 12:10:00+05:30,2307.199951171875,2308.0,2306.199951171875,2307.5,3670
2025-12-11 12:15:00+05:30,2307.0,2307.89990234375,2305.699951171875,2306.800048828125,4621
2025-12-11 12:20:00+05:30,2307.300048828125,2308.89990234375,2306.300048828125,2307.800048828125,7543
2025-12-11 12:25:00+05:30,2309.0,2309.0,2306.0,2307.300048828125,3980
2025-12-11 12:30:00+05:30,2307.800048828125,2309.0,2307.10009765625,2308.89990234375,4057
2025-12-11 12:35:00+05:30,2308.5,2309.0,2306.800048828125,2307.199951171875,6431
2025-12-11 12:40:00+05:30,2308.199951171875,2308.89990234375,2308.0,2308.0,7524
2025-12-11 12:45:00+05:30,2307.89990234375,2308.60009765625,2307.0,2308.10009765625,3221
2025-12-11 12:50:00+05:30,2306.10009765625,2307.5,2304.5,2306.699951171875,11348
2025-12-11 12:55:00+05:30,2306.39990234375,2306.800048828125,2305.5,2306.10009765625,4204
2025-12-11 13:00:00+05:30,2306.10009765625,2308.0,2305.89990234375,2306.800048828125,3855
2025-12-11 13:05:00+05:30,2306.0,2307.5,2305.5,2306.0,7115
2025-12-11 13:10:00+05:30,2306.39990234375,2307.300048828125,2305.699951171875,2306.0,8148
2025-12-11 13:15:00+05:30,2307.199951171875,2308.39990234375,2306.199951171875,2307.199951171875,2844
2025-12-11 13:20:00+05:30,2306.199951171875,2308.300048828125,2305.10009765625,2308.10009765625,4363
2025-12-11 13:25:00+05:30,2307.0,2307.0,2305.0,2306.199951171875,8868
2025-12-11 13:30:00+05:30,2306.0,2308.10009765625,2306.0,2307.0,13179
2025-12-11 13:35:00+05:30,2306.60009765625,2307.199951171875,2305.39990234375,2307.10009765625,3191
2025-12-11 13:40:00+05:30,2305.39990234375,2306.300048828125,2305.0,2306.300048828125,4822
2025-12-11 13:45:00+05:30,2305.199951171875,2306.199951171875,2305.0,2306.0,5740
2025-12-11 13:50:00+05:30,2305.699951171875,2306.199951171875,2304.60009765625,2305.699951171875,4837
2025-12-11 13:55:00+05:30,2306.60009765625,2306.800048828125,2304.800048828125,2304.800048828125,7577
2025-12-11 14:00:00+05:30,2305.89990234375,2306.89990234375,2305.199951171875,2306.60009765625,8542
2025-12-11 14:05:00+05:30,2304.89990234375,2306.199951171875,2302.5,2305.5,55535
2025-12-11 14:10:00+05:30,2303.0,2305.89990234375,2303.0,2305.10009765625,13067
2025-12-11 14:15:00+05:30,2301.199951171875,2304.199951171875,2300.800048828125,2303.0,5581
2025-12-11 14:20:00+05:30,2300.300048828125,2303.5,2300.10009765625,2301.199951171875,6621
2025-12-11 14:25:00+05:30,2305.800048828125,2306.10009765625,2300.0,2301.39990234375,50141
2025-12-11 14:30:00+05:30,2301.60009765625,2305.89990234375,2301.60009765625,2305.60009765625,23079
2025-12-11 14:35:00+05:30,2301.0,2304.0,2300.60009765625,2303.0,7161
2025-12-11 14:40:00+05:30,2300.0,2301.39990234375,2300.0,2300.5,5641
2025-12-11 14:45:00+05:30,2300.0,2301.10009765625,2299.39990234375,2300.89990234375,36685
2025-12-11 14:50:00+05:30,2300.699951171875,2301.89990234375,2299.39990234375,2300.0,37583
2025-12-11 14:55:00+05:30,2300.699951171875,2301.10009765625,2300.0,2300.5,81587
2025-12-11 15:00:00+05:30,2303.199951171875,2303.199951171875,2300.300048828125,2300.699951171875,20909
2025-12-11 15:05:00+05:30,2304.60009765625,2305.0,2302.10009765625,2303.199951171875,48055
2025-12-11 15:10:00+05:30,2304.60009765625,2305.199951171875,2303.0,2304.89990234375,51965
2025-12-11 15:15:00+05:30,2307.5,2307.699951171875,2304.10009765625,2304.60009765625,63999
2025-12-11 15:20:00+05:30,2308.89990234375,2308.89990234375,2305.0,2307.199951171875,36359
2025-12-11 15:25:00+05:30,2305.60009765625,2313.0,2305.60009765625,2308.699951171875,40123
2025-12-12 09:20:00+05:30,2299.800048828125,2304.89990234375,2299.0,2304.60009765625,9942
2025-12-12 09:25:00+05:30,2300.800048828125,2301.0,2299.5,2300.199951171875,14229
2025-12-12 09:30:00+05:30,2303.89990234375,2303.89990234375,2300.800048828125,2300.89990234375,16517
2025-12-12 09:35:00+05:30,2302.89990234375,2304.60009765625,2302.800048828125,2303.800048828125,21900
2025-12-12 09:40:00+05:30,2301.199951171875,2304.0,2301.199951171875,2304.0,2336
2025-12-12 09:45:00+05:30,2295.0,2301.60009765625,2294.5,2301.60009765625,20856
2025-12-12 09:50:00+05:30,2296.10009765625,2297.300048828125,2295.0,2295.699951171875,9724
2025-12-12 09:55:00+05:30,2297.199951171875,2297.89990234375,2295.5,2296.5,3604
2025-12-12 10:00:00+05:30,2293.5,2297.699951171875,2293.0,2297.5,20634
2025-12-12 10:05:00+05:30,2256.39990234375,2293.5,2245.89990234375,2293.5,222180
2025-12-12 10:10:00+05:30,2265.60009765625,2271.800048828125,2250.699951171875,2257.5,74081
2025-12-12 10:15:00+05:30,2264.89990234375,2269.800048828125,2264.300048828125,2265.60009765625,65492
2025-12-12 10:20:00+05:30,2254.0,2265.10009765625,2253.199951171875,2265.10009765625,86484
2025-12-12 10:25:00+05:30,2253.300048828125,2255.0,2251.10009765625,2253.39990234375,112362
2025-12-12 10:30:00+05:30,2254.800048828125,2255.199951171875,2246.300048828125,2253.39990234375,117801
2025-12-12 10:35:00+05:30,2256.800048828125,2258.199951171875,2251.10009765625,2254.60009765625,33747
2025-12-12 10:40:00+05:30,2265.0,2265.800048828125,2255.800048828125,2256.89990234375,46098
2025-12-12 10:45:00+05:30,2261.699951171875,2265.5,2260.89990234375,2264.89990234375,31650
2025-12-12 10:50:00+05:30,2261.800048828125,2262.89990234375,2261.39990234375,2261.699951171875,16547
2025-12-12 10:55:00+05:30,2263.199951171875,2264.199951171875,2261.89990234375,2261.89990234375,22102
2025-12-12 11:00:00+05:30,2266.300048828125,2266.300048828125,2262.89990234375,2263.0,34704
2025-12-12 11:05:00+05:30,2262.10009765625,2266.800048828125,2259.60009765625,2266.10009765625,134286
2025-12-12 11:10:00+05:30,2260.60009765625,2263.89990234375,2259.60009765625,2262.89990234375,28289
2025-12-12 11:15:00+05:30,2256.699951171875,2262.300048828125,2255.0,2260.60009765625,39368
2025-12-12 11:20:00+05:30,2262.800048828125,2264.39990234375,2255.699951171875,2256.699951171875,81213
2025-12-12 11:25:00+05:30,2265.0,2265.89990234375,2262.699951171875,2262.800048828125,21520
2025-12-12 11:30:00+05:30,2263.39990234375,2265.0,2258.89990234375,2265.0,136886
2025-12-12 11:35:00+05:30,2260.60009765625,2263.89990234375,2259.0,2263.39990234375,19855
2025-12-12 11:40:00+05:30,2262.89990234375,2262.89990234375,2259.39990234375,2260.0,18938
2025-12-12 11:45:00+05:30,2263.800048828125,2264.60009765625,2261.199951171875,2262.89990234375,19630
2025-12-12 11:50:00+05:30,2264.10009765625,2266.800048828125,2262.300048828125,2263.39990234375,29489
2025-12-12 11:55:00+05:30,2263.89990234375,2265.89990234375,2262.0,2264.800048828125,37095
2025-12-12 12:00:00+05:30,2264.60009765625,2265.89990234375,2262.300048828125,2263.89990234375,66285
2025-12-12 12:05:00+05:30,2264.699951171875,2265.800048828125,2264.0,2264.60009765625,49966
2025-12-12 12:10:00+05:30,2263.0,2265.0,2259.10009765625,2264.199951171875,49856
2025-12-12 12:15:00+05:30,2261.699951171875,2264.39990234375,2260.699951171875,2262.5,21890
2025-12-12 12:20:00+05:30,2262.10009765625,2265.0,2261.300048828125,2262.89990234375,22112
2025-12-12 12:25:00+05:30,2263.0,2263.60009765625,2261.60009765625,2262.10009765625,21939
2025-12-12 12:30:00+05:30,2265.300048828125,2265.89990234375,2262.39990234375,2263.0,17777
2025-12-12 12:35:00+05:30,2263.5,2265.39990234375,2262.0,2265.0,20377
2025-12-12 12:40:00+05:30,2263.10009765625,2264.0,2262.300048828125,2263.60009765625,18548
2025-12-12 12:45:00+05:30,2264.800048828125,2265.699951171875,2262.5,2263.199951171875,32563
2025-12-12 12:50:00+05:30,2265.0,2265.5,2263.60009765625,2265.10009765625,19289
2025-12-12 12:55:00+05:30,2266.10009765625,2266.199951171875,2264.60009765625,2264.89990234375,27177
2025-12-12 13:00:00+05:30,2264.10009765625,2266.60009765625,2263.5,2265.699951171875,16474
2025-12-12 13:05:00+05:30,2262.60009765625,2264.10009765625,2262.0,2263.800048828125,18861
2025-12-12 13:10:00+05:30,2262.89990234375,2263.89990234375,2262.10009765625,2262.60009765625,15904
2025-12-12 13:15:00+05:30,2262.10009765625,2263.39990234375,2261.0,2262.89990234375,16703
2025-12-12 13:20:00+05:30,2262.199951171875,2262.699951171875,2261.0,2261.60009765625,27362
2025-12-12 13:25:00+05:30,2257.5,2262.699951171875,2257.0,2262.0,32257
2025-12-12 13:30:00+05:30,2258.60009765625,2259.199951171875,2257.10009765625,2257.10009765625,19027
2025-12-12 13:35:00+05:30,2259.39990234375,2261.0,2258.199951171875,2258.60009765625,17290
2025-12-12 13:40:00+05:30,2258.300048828125,2259.699951171875,2258.199951171875,2258.5,14816
2025-12-12 13:45:00+05:30,2259.699951171875,2259.89990234375,2258.199951171875,2258.300048828125,14376
2025-12-12 13:50:00+05:30,2259.39990234375,2260.89990234375,2258.89990234375,2259.199951171875,18641
2025-12-12 13:55:00+05:30,2260.800048828125,2261.199951171875,2258.5,2259.699951171875,21613
2025-12-12 14:00:00+05:30,2259.39990234375,2261.60009765625,2258.300048828125,2260.800048828125,23108
2025-12-12 14:05:00+05:30,2259.39990234375,2260.89990234375,2256.89990234375,2259.39990234375,22971
2025-12-12 14:10:00+05:30,2260.0,2260.89990234375,2258.5,2259.39990234375,18255
2025-12-12 14:15:00+05:30,2259.39990234375,2260.39990234375,2259.0,2259.60009765625,16844
2025-12-12 14:20:00+05:30,2260.199951171875,2262.0,2259.199951171875,2259.199951171875,48049
2025-12-12 14:25:00+05:30,2259.89990234375,2261.5,2259.5,2260.699951171875,13651
2025-12-12 14:30:00+05:30,2262.39990234375,2262.5,2259.60009765625,2260.199951171875,24794
2025-12-12 14:35:00+05:30,2262.0,2263.699951171875,2260.39990234375,2262.5,94971
2025-12-12 14:40:00+05:30,2262.39990234375,2262.5,2260.800048828125,2262.0,22023
2025-12-12 14:45:00+05:30,2260.699951171875,2263.199951171875,2260.0,2262.5,47370
2025-12-12 14:50:00+05:30,2260.0,2261.0,2259.10009765625,2260.699951171875,38332
2025-12-12 14:55:00+05:30,2260.10009765625,2261.0,2259.300048828125,2260.0,39285
2025-12-12 15:00:00+05:30,2262.0,2263.0,2260.0,2260.0,103176
2025-12-12 15:05:00+05:30,2263.0,2264.199951171875,2262.0,2262.0,66684
2025-12-12 15:10:00+05:30,2260.0,2262.5,2260.0,2262.300048828125,74551
2025-12-12 15:15:00+05:30,2259.89990234375,2260.60009765625,2257.699951171875,2260.10009765625,143127
2025-12-12 15:20:00+05:30,2260.699951171875,2261.699951171875,2258.10009765625,2259.0,160536
2025-12-12 15:25:00+05:30,2264.0,2264.0,2260.10009765625,2260.800048828125,55698
2025-12-15 09:20:00+05:30,2267.5,2271.0,2266.10009765625,2268.89990234375,27175
2025-12-15 09:25:00+05:30,2267.800048828125,2269.60009765625,2266.60009765625,2267.5,17748
2025-12-15 09:30:00+05:30,2268.0,2269.89990234375,2267.199951171875,2267.800048828125,11918
2025-12-15 09:35:00+05:30,2275.0,2276.0,2268.300048828125,2269.39990234375,26276
2025-12-15 09:40:00+05:30,2276.10009765625,2280.5,2274.300048828125,2275.0,48790
2025-12-15 09:45:00+05:30,2276.800048828125,2277.199951171875,2274.199951171875,2277.10009765625,14146
2025-12-15 09:50:00+05:30,2279.39990234375,2281.0,2276.699951171875,2276.699951171875,14383
2025-12-15 09:55:00+05:30,2279.39990234375,2280.60009765625,2278.800048828125,2280.60009765625,10809
2025-12-15 10:00:00+05:30,2278.60009765625,2279.89990234375,2277.89990234375,2279.199951171875,9259
2025-12-15 10:05:00+05:30,2278.300048828125,2279.89990234375,2278.0,2278.5,7081
2025-12-15 10:10:00+05:30,2277.800048828125,2278.5,2275.800048828125,2278.300048828125,9716
2025-12-15 10:15:00+05:30,2279.89990234375,2279.89990234375,2277.39990234375,2278.10009765625,7047
2025-12-15 10:20:00+05:30,2280.0,2280.0,2278.60009765625,2279.800048828125,7425
2025-12-15 10:25:00+05:30,2280.0,2280.0,2278.0,2280.0,4815
2025-12-15 10:30:00+05:30,2280.0,2283.0,2280.0,2280.60009765625,13765
2025-12-15 10:35:00+05:30,2278.5,2280.800048828125,2277.199951171875,2280.0,12327
2025-12-15 10:40:00+05:30,2277.10009765625,2278.39990234375,2275.0,2278.39990234375,11930
2025-12-15 10:45:00+05:30,2277.5,2278.60009765625,2276.199951171875,2277.10009765625,10291
2025-12-15 10:50:00+05:30,2277.5,2278.60009765625,2275.10009765625,2277.5,8101
2025-12-15 10:55:00+05:30,2277.800048828125,2278.39990234375,2276.0,2277.5,6666
2025-12-15 11:00:00+05:30,2278.39990234375,2278.5,2276.300048828125,2277.800048828125,9936
2025-12-15 11:05:00+05:30,2279.0,2279.39990234375,2277.5,2277.89990234375,6773
2025-12-15 11:10:00+05:30,2279.39990234375,2279.800048828125,2278.0,2279.0,7313
2025-12-15 11:15:00+05:30,2278.300048828125,2279.89990234375,2278.199951171875,2278.699951171875,4532
2025-12-15 11:20:00+05:30,2278.0,2278.89990234375,2276.5,2278.10009765625,4717
2025-12-15 11:25:00+05:30,2278.39990234375,2278.800048828125,2277.39990234375,2278.0,4123
2025-12-15 11:30:00+05:30,2275.60009765625,2278.0,2275.60009765625,2277.39990234375,6829
2025-12-15 11:35:00+05:30,2275.300048828125,2276.5,2273.39990234375,2276.39990234375,14057
2025-12-15 11:40:00+05:30,2275.0,2276.0,2274.199951171875,2275.300048828125,5702
2025-12-15 11:45:00+05:30,2278.89990234375,2279.300048828125,2275.199951171875,2275.39990234375,5810
2025-12-15 11:50:00+05:30,2277.0,2279.300048828125,2276.0,2278.800048828125,6730
2025-12-15 11:55:00+05:30,2278.0,2279.5,2276.300048828125,2276.300048828125,8597
2025-12-15 12:00:00+05:30,2279.699951171875,2280.60009765625,2276.39990234375,2277.699951171875,9109
2025-12-15 12:05:00+05:30,2282.800048828125,2284.5,2279.89990234375,2280.0,10544
2025-12-15 12:10:00+05:30,2279.5,2283.10009765625,2279.300048828125,2282.699951171875,11587
2025-12-15 12:15:00+05:30,2280.699951171875,2281.300048828125,2279.199951171875,2280.800048828125,8257
2025-12-15 12:20:00+05:30,2283.300048828125,2283.800048828125,2280.300048828125,2280.699951171875,16433
2025-12-15 12:25:00+05:30,2283.5,2283.800048828125,2281.60009765625,2283.300048828125,15265
2025-12-15 12:30:00+05:30,2283.89990234375,2284.0,2281.5,2283.5,16333
2025-12-15 12:35:00+05:30,2283.89990234375,2284.0,2282.39990234375,2282.60009765625,11661
2025-12-15 12:40:00+05:30,2282.0,2284.10009765625,2281.300048828125,2283.699951171875,12690
2025-12-15 12:45:00+05:30,2284.0,2284.199951171875,2280.800048828125,2281.39990234375,14711
2025-12-15 12:50:00+05:30,2288.5,2289.0,2283.60009765625,2284.0,19813
2025-12-15 12:55:00+05:30,2290.0,2290.0,2287.300048828125,2288.5,15906
2025-12-15 13:00:00+05:30,2290.699951171875,2290.800048828125,2289.10009765625,2290.0,9500
2025-12-15 13:05:00+05:30,2291.60009765625,2292.300048828125,2289.60009765625,2290.5,12889
2025-12-15 13:10:00+05:30,2291.199951171875,2291.800048828125,2289.300048828125,2291.60009765625,14359
2025-12-15 13:15:00+05:30,2291.5,2292.5,2290.60009765625,2291.199951171875,8947
2025-12-15 13:20:00+05:30,2291.89990234375,2291.89990234375,2290.300048828125,2291.5,8890
2025-12-15 13:25:00+05:30,2290.5,2292.199951171875,2289.39990234375,2291.89990234375,10968
2025-12-15 13:30:00+05:30,2290.0,2290.5,2289.39990234375,2290.5,9725
2025-12-15 13:35:00+05:30,2287.800048828125,2290.89990234375,2287.300048828125,2290.5,17021
2025-12-15 13:40:00+05:30,2290.0,2290.800048828125,2287.5,2287.5,11948
2025-12-15 13:45:00+05:30,2290.800048828125,2293.10009765625,2289.300048828125,2290.199951171875,27327
2025-12-15 13:50:00+05:30,2296.800048828125,2298.0,2291.0,2291.89990234375,22867
2025-12-15 13:55:00+05:30,2298.39990234375,2298.89990234375,2294.5,2296.800048828125,14068
2025-12-15 14:00:00+05:30,2297.800048828125,2299.0,2297.39990234375,2298.39990234375,7644
2025-12-15 14:05:00+05:30,2292.699951171875,2296.800048828125,2292.0,2296.800048828125,24538
2025-12-15 14:10:00+05:30,2292.5,2294.0,2292.0,2293.800048828125,25840
2025-12-15 14:15:00+05:30,2288.89990234375,2293.699951171875,2288.10009765625,2293.10009765625,15848
2025-12-15 14:20:00+05:30,2290.199951171875,2290.5,2288.39990234375,2288.89990234375,9921
2025-12-15 14:25:00+05:30,2288.800048828125,2290.300048828125,2286.39990234375,2290.199951171875,13497
2025-12-15 14:30:00+05:30,2287.5,2288.89990234375,2286.800048828125,2288.5,9502
2025-12-15 14:35:00+05:30,2287.0,2288.0,2286.0,2288.0,8229
2025-12-15 14:40:00+05:30,2290.0,2290.300048828125,2286.0,2286.89990234375,12152
2025-12-15 14:45:00+05:30,2289.0,2290.300048828125,2288.699951171875,2290.0,35256
2025-12-15 14:50:00+05:30,2289.89990234375,2290.800048828125,2288.5,2289.39990234375,24328
2025-12-15 14:55:00+05:30,2290.0,2291.5,2288.5,2289.89990234375,18842
2025-12-15 15:00:00+05:30,2291.89990234375,2291.89990234375,2289.300048828125,2289.699951171875,24144
2025-12-15 15:05:00+05:30,2294.800048828125,2294.800048828125,2291.0,2292.199951171875,41658
2025-12-15 15:10:00+05:30,2294.0,2295.39990234375,2292.800048828125,2294.89990234375,45419
2025-12-15 15:15:00+05:30,2296.199951171875,2298.199951171875,2292.699951171875,2293.800048828125,87336
2025-12-15 15:20:00+05:30,2292.699951171875,2296.5,2292.0,2296.0,51003
2025-12-15 15:25:00+05:30,2293.5,2293.5,2284.39990234375,2292.60009765625,56878
2025-12-16 09:20:00+05:30,2294.89990234375,2297.300048828125,2289.89990234375,2290.10009765625,24002
2025-12-16 09:25:00+05:30,2294.800048828125,2296.39990234375,2289.39990234375,2296.10009765625,24833
2025-12-16 09:30:00+05:30,2293.89990234375,2296.89990234375,2291.0,2294.0,25594
2025-12-16 09:35:00+05:30,2292.60009765625,2296.699951171875,2292.60009765625,2293.89990234375,14712
2025-12-16 09:40:00+05:30,2300.5,2301.60009765625,2293.5,2293.89990234375,28721
2025-12-16 09:45:00+05:30,2298.300048828125,2301.199951171875,2298.300048828125,2300.39990234375,16723
2025-12-16 09:50:00+05:30,2299.800048828125,2300.89990234375,2298.300048828125,2298.300048828125,21257
2025-12-16 09:55:00+05:30,2297.800048828125,2300.60009765625,2296.0,2299.89990234375,25524
2025-12-16 10:00:00+05:30,2294.699951171875,2298.0,2293.199951171875,2297.699951171875,17476
2025-12-16 10:05:00+05:30,2291.800048828125,2295.699951171875,2290.300048828125,2294.699951171875,15967
2025-12-16 10:10:00+05:30,2292.0,2292.5,2290.5,2291.800048828125,13386
2025-12-16 10:15:00+05:30,2300.0,2300.39990234375,2291.699951171875,2292.0,20529
2025-12-16 10:20:00+05:30,2301.0,2301.0,2297.5,2300.0,21497
2025-12-16 10:25:00+05:30,2299.0,2302.39990234375,2298.89990234375,2301.199951171875,17841
2025-12-16 10:30:00+05:30,2296.89990234375,2299.800048828125,2296.800048828125,2299.300048828125,9805
2025-12-16 10:35:00+05:30,2294.699951171875,2297.60009765625,2294.10009765625,2297.39990234375,19789
2025-12-16 10:40:00+05:30,2295.0,2295.699951171875,2293.10009765625,2294.60009765625,6798
2025-12-16 10:45:00+05:30,2294.5,2295.0,2292.60009765625,2294.89990234375,10779
2025-12-16 10:50:00+05:30,2294.39990234375,2294.800048828125,2293.10009765625,2294.5,4698
2025-12-16 10:55:00+05:30,2294.39990234375,2297.10009765625,2292.89990234375,2294.699951171875,20890
2025-12-16 11:00:00+05:30,2292.300048828125,2294.89990234375,2292.0,2294.89990234375,10254
2025-12-16 11:05:00+05:30,2288.10009765625,2292.699951171875,2288.0,2291.699951171875,18925
2025-12-16 11:10:00+05:30,2294.0,2294.39990234375,2288.0,2288.10009765625,12137
2025-12-16 11:15:00+05:30,2295.699951171875,2297.89990234375,2293.5,2294.0,12596
2025-12-16 11:20:00+05:30,2293.699951171875,2296.699951171875,2293.5,2295.699951171875,9819
2025-12-16 11:25:00+05:30,2293.5,2295.5,2293.0,2293.5,8920
2025-12-16 11:30:00+05:30,2294.60009765625,2296.699951171875,2294.60009765625,2294.800048828125,7752
2025-12-16 11:35:00+05:30,2295.699951171875,2296.199951171875,2293.199951171875,2294.5,6117
2025-12-16 11:40:00+05:30,2295.39990234375,2295.89990234375,2294.699951171875,2295.699951171875,5171
2025-12-16 11:45:00+05:30,2297.39990234375,2298.39990234375,2295.10009765625,2295.39990234375,17202
2025-12-16 11:50:00+05:30,2297.300048828125,2297.89990234375,2295.199951171875,2297.60009765625,12547
2025-12-16 11:55:00+05:30,2293.800048828125,2297.39990234375,2293.0,2296.89990234375,14805
2025-12-16 12:00:00+05:30,2293.10009765625,2294.89990234375,2293.0,2293.800048828125,6055
2025-12-16 12:05:00+05:30,2294.10009765625,2294.89990234375,2293.0,2293.10009765625,4118
2025-12-16 12:10:00+05:30,2296.5,2296.699951171875,2293.39990234375,2294.10009765625,15671
2025-12-16 12:15:00+05:30,2296.800048828125,2297.5,2296.300048828125,2297.0,11720
2025-12-16 12:20:00+05:30,2296.300048828125,2296.89990234375,2296.0,2296.89990234375,4966
2025-12-16 12:25:00+05:30,2296.0,2296.89990234375,2295.60009765625,2296.199951171875,48411
2025-12-16 12:30:00+05:30,2296.0,2296.699951171875,2293.0,2296.699951171875,19087
2025-12-16 12:35:00+05:30,2293.0,2295.800048828125,2292.89990234375,2295.10009765625,29964
2025-12-16 12:40:00+05:30,2290.300048828125,2294.39990234375,2288.300048828125,2293.199951171875,20520
2025-12-16 12:45:00+05:30,2293.10009765625,2294.39990234375,2290.10009765625,2290.10009765625,10749
2025-12-16 12:50:00+05:30,2292.39990234375,2293.89990234375,2292.199951171875,2293.10009765625,6698
2025-12-16 12:55:00+05:30,2292.199951171875,2292.89990234375,2292.0,2292.5,5936
2025-12-16 13:00:00+05:30,2288.60009765625,2292.5,2288.5,2292.10009765625,26896
2025-12-16 13:05:00+05:30,2288.199951171875,2289.60009765625,2287.199951171875,2288.60009765625,16377
2025-12-16 13:10:00+05:30,2286.699951171875,2288.800048828125,2286.199951171875,2288.199951171875,9039
2025-12-16 13:15:00+05:30,2285.0,2286.5,2284.5,2286.199951171875,8784
2025-12-16 13:20:00+05:30,2285.699951171875,2287.699951171875,2284.89990234375,2285.0,12705
2025-12-16 13:25:00+05:30,2285.0,2287.0,2284.800048828125,2286.60009765625,5061
2025-12-16 13:30:00+05:30,2286.199951171875,2287.0,2285.0,2285.10009765625,4602
2025-12-16 13:35:00+05:30,2287.5,2288.0,2284.60009765625,2286.199951171875,10768
2025-12-16 13:40:00+05:30,2285.60009765625,2288.199951171875,2284.89990234375,2287.10009765625,11729
2025-12-16 13:45:00+05:30,2288.0,2289.60009765625,2285.89990234375,2286.60009765625,17206
2025-12-16 13:50:00+05:30,2286.699951171875,2288.39990234375,2286.199951171875,2288.39990234375,3886
2025-12-16 13:55:00+05:30,2285.800048828125,2286.89990234375,2285.199951171875,2286.699951171875,4015
2025-12-16 14:00:00+05:30,2286.0,2286.0,2284.60009765625,2285.800048828125,6241
2025-12-16 14:05:00+05:30,2286.800048828125,2286.89990234375,2285.39990234375,2286.0,6449
2025-12-16 14:10:00+05:30,2286.5,2287.800048828125,2285.0,2286.89990234375,11160
2025-12-16 14:15:00+05:30,2284.699951171875,2286.89990234375,2283.5,2286.5,7615
2025-12-16 14:20:00+05:30,2281.699951171875,2283.89990234375,2281.5,2283.60009765625,36865
2025-12-16 14:25:00+05:30,2282.699951171875,2283.60009765625,2281.5,2281.60009765625,8279
2025-12-16 14:30:00+05:30,2283.39990234375,2284.300048828125,2282.0,2282.5,12615
2025-12-16 14:35:00+05:30,2284.699951171875,2285.0,2283.39990234375,2283.39990234375,4432
2025-12-16 14:40:00+05:30,2284.89990234375,2285.0,2284.5,2284.5,4011
2025-12-16 14:45:00+05:30,2285.0,2285.0,2284.60009765625,2284.800048828125,4599
2025-12-16 14:50:00+05:30,2285.800048828125,2286.10009765625,2284.699951171875,2285.0,29086
2025-12-16 14:55:00+05:30,2286.699951171875,2288.60009765625,2285.0,2285.89990234375,24008
2025-12-16 15:00:00+05:30,2283.89990234375,2288.10009765625,2282.800048828125,2287.300048828125,37830
2025-12-16 15:05:00+05:30,2280.5,2284.300048828125,2280.5,2283.89990234375,65308
2025-12-16 15:10:00+05:30,2281.39990234375,2282.0,2280.0,2280.39990234375,34492
2025-12-16 15:15:00+05:30,2278.300048828125,2282.10009765625,2278.300048828125,2281.5,41221
2025-12-16 15:20:00+05:30,2279.199951171875,2279.800048828125,2277.10009765625,2278.5,35576
2025-12-16 15:25:00+05:30,2279.89990234375,2279.89990234375,2276.199951171875,2278.800048828125,36381
2025-12-17 09:20:00+05:30,2283.5,2284.300048828125,2278.300048828125,2279.60009765625,12946
2025-12-17 09:25:00+05:30,2281.800048828125,2284.10009765625,2281.699951171875,2283.39990234375,6204
2025-12-17 09:30:00+05:30,2282.0,2282.0,2278.5,2280.800048828125,6801
2025-12-17 09:35:00+05:30,2282.39990234375,2282.60009765625,2281.10009765625,2281.89990234375,8007
2025-12-17 09:40:00+05:30,2281.89990234375,2286.0,2281.800048828125,2282.5,9680
2025-12-17 09:45:00+05:30,2278.39990234375,2281.39990234375,2278.39990234375,2281.39990234375,13107
2025-12-17 09:50:00+05:30,2280.800048828125,2281.5,2278.199951171875,2278.699951171875,8438
2025-12-17 09:55:00+05:30,2282.89990234375,2282.89990234375,2280.10009765625,2280.89990234375,6363
2025-12-17 10:00:00+05:30,2281.800048828125,2283.5,2281.10009765625,2282.199951171875,5790
2025-12-17 10:05:00+05:30,2281.39990234375,2283.10009765625,2280.0,2282.0,7523
2025-12-17 10:10:00+05:30,2281.39990234375,2282.0,2280.10009765625,2281.800048828125,3805
2025-12-17 10:15:00+05:30,2282.60009765625,2283.300048828125,2280.800048828125,2281.39990234375,5754
2025-12-17 10:20:00+05:30,2280.199951171875,2283.0,2280.0,2283.0,4845
2025-12-17 10:25:00+05:30,2280.60009765625,2281.89990234375,2279.5,2280.199951171875,4749
2025-12-17 10:30:00+05:30,2282.39990234375,2283.60009765625,2280.10009765625,2280.10009765625,5686
2025-12-17 10:35:00+05:30,2282.39990234375,2285.800048828125,2280.699951171875,2283.0,22157
2025-12-17 10:40:00+05:30,2281.199951171875,2283.0,2280.699951171875,2282.10009765625,4762
2025-12-17 10:45:00+05:30,2281.39990234375,2282.0,2280.5,2281.199951171875,4228
2025-12-17 10:50:00+05:30,2282.199951171875,2283.0,2281.39990234375,2281.39990234375,6844
2025-12-17 10:55:00+05:30,2281.39990234375,2283.0,2280.39990234375,2281.60009765625,6014
2025-12-17 11:00:00+05:30,2283.5,2284.89990234375,2281.0,2281.0,6888
2025-12-17 11:05:00+05:30,2284.800048828125,2284.800048828125,2282.5,2283.800048828125,8291
2025-12-17 11:10:00+05:30,2285.199951171875,2285.800048828125,2283.89990234375,2284.60009765625,11513
2025-12-17 11:15:00+05:30,2282.199951171875,2285.199951171875,2281.5,2285.199951171875,8836
2025-12-17 11:20:00+05:30,2282.800048828125,2283.0,2281.699951171875,2282.39990234375,7972
2025-12-17 11:25:00+05:30,2281.699951171875,2283.0,2280.800048828125,2282.60009765625,8264
2025-12-17 11:30:00+05:30,2277.89990234375,2281.89990234375,2277.699951171875,2281.89990234375,14746
2025-12-17 11:35:00+05:30,2276.800048828125,2278.0,2276.39990234375,2278.0,10160
2025-12-17 11:40:00+05:30,2276.800048828125,2277.5,2275.0,2276.800048828125,9020
2025-12-17 11:45:00+05:30,2277.699951171875,2277.699951171875,2276.800048828125,2276.800048828125,4442
2025-12-17 11:50:00+05:30,2277.5,2278.60009765625,2277.0,2277.699951171875,12552
2025-12-17 11:55:00+05:30,2275.0,2278.800048828125,2275.0,2277.60009765625,13047
2025-12-17 12:00:00+05:30,2272.10009765625,2275.699951171875,2271.10009765625,2275.60009765625,10996
2025-12-17 12:05:00+05:30,2270.89990234375,2272.800048828125,2270.0,2272.199951171875,6467
2025-12-17 12:10:00+05:30,2269.800048828125,2271.199951171875,2269.300048828125,2270.199951171875,6492
2025-12-17 12:15:00+05:30,2270.89990234375,2271.5,2269.5,2269.800048828125,4049
2025-12-17 12:20:00+05:30,2269.39990234375,2271.89990234375,2268.89990234375,2270.60009765625,7221
2025-12-17 12:25:00+05:30,2272.5,2272.699951171875,2269.5,2269.60009765625,8152
2025-12-17 12:30:00+05:30,2273.0,2275.39990234375,2272.0,2272.199951171875,11496
2025-12-17 12:35:00+05:30,2270.300048828125,2273.60009765625,2270.300048828125,2272.699951171875,14744
2025-12-17 12:40:00+05:30,2271.0,2271.5,2270.300048828125,2271.39990234375,3641
2025-12-17 12:45:00+05:30,2271.0,2271.39990234375,2270.10009765625,2270.5,4627
2025-12-17 12:50:00+05:30,2270.39990234375,2272.60009765625,2270.0,2270.89990234375,10489
2025-12-17 12:55:00+05:30,2270.800048828125,2271.800048828125,2270.0,2270.0,2421
2025-12-17 13:00:00+05:30,2273.60009765625,2273.699951171875,2270.10009765625,2270.300048828125,3987
2025-12-17 13:05:00+05:30,2274.0,2274.0,2272.5,2273.5,4065
2025-12-17 13:10:00+05:30,2272.10009765625,2274.0,2271.10009765625,2274.0,7249
2025-12-17 13:15:00+05:30,2273.89990234375,2273.89990234375,2271.60009765625,2272.800048828125,5464
2025-12-17 13:20:00+05:30,2273.199951171875,2273.699951171875,2272.300048828125,2272.89990234375,3140
2025-12-17 13:25:00+05:30,2274.5,2274.5,2272.60009765625,2272.699951171875,6375
2025-12-17 13:30:00+05:30,2273.89990234375,2274.800048828125,2272.800048828125,2274.5,4359
2025-12-17 13:35:00+05:30,2272.300048828125,2274.39990234375,2271.89990234375,2273.89990234375,4142
2025-12-17 13:40:00+05:30,2273.39990234375,2273.699951171875,2272.10009765625,2272.5,3892
2025-12-17 13:45:00+05:30,2273.5,2274.300048828125,2272.10009765625,2273.39990234375,3940
2025-12-17 13:50:00+05:30,2274.39990234375,2274.89990234375,2272.800048828125,2273.699951171875,3890
2025-12-17 13:55:00+05:30,2272.89990234375,2274.199951171875,2272.0,2274.199951171875,3887
2025-12-17 14:00:00+05:30,2272.0,2273.39990234375,2271.199951171875,2272.699951171875,3264
2025-12-17 14:05:00+05:30,2273.0,2273.39990234375,2271.5,2272.0,3764
2025-12-17 14:10:00+05:30,2272.800048828125,2273.199951171875,2271.60009765625,2273.0,4412
2025-12-17 14:15:00+05:30,2274.89990234375,2275.39990234375,2272.39990234375,2272.800048828125,29180
2025-12-17 14:20:00+05:30,2272.10009765625,2275.0,2271.199951171875,2274.800048828125,8184
2025-12-17 14:25:00+05:30,2270.0,2272.39990234375,2269.10009765625,2272.10009765625,7776
2025-12-17 14:30:00+05:30,2274.5,2274.800048828125,2269.800048828125,2270.0,31540
2025-12-17 14:35:00+05:30,2270.60009765625,2274.89990234375,2270.0,2274.5,25418
2025-12-17 14:40:00+05:30,2271.0,2272.10009765625,2269.39990234375,2270.699951171875,10347
2025-12-17 14:45:00+05:30,2271.800048828125,2272.89990234375,2271.0,2271.0,7697
2025-12-17 14:50:00+05:30,2272.0,2273.10009765625,2271.199951171875,2272.0,10620
2025-12-17 14:55:00+05:30,2273.0,2273.800048828125,2271.0,2271.699951171875,9152
2025-12-17 15:00:00+05:30,2275.199951171875,2276.39990234375,2273.5,2273.5,44065
2025-12-17 15:05:00+05:30,2275.699951171875,2277.0,2274.699951171875,2274.699951171875,41101
2025-12-17 15:10:00+05:30,2275.699951171875,2276.60009765625,2275.199951171875,2275.699951171875,23749
2025-12-17 15:15:00+05:30,2275.699951171875,2277.0,2275.10009765625,2276.0,30926
2025-12-17 15:20:00+05:30,2275.699951171875,2275.89990234375,2275.0,2275.699951171875,35779
2025-12-18 09:15:00+05:30,2268.0,2268.199951171875,2266.60009765625,2268.199951171875,49076
2025-12-18 09:20:00+05:30,2266.699951171875,2267.60009765625,2264.0,2266.699951171875,7885
2025-12-18 09:25:00+05:30,2267.5,2269.300048828125,2265.0,2266.0,8950
2025-12-18 09:30:00+05:30,2267.0,2269.199951171875,2264.300048828125,2267.5,11872
2025-12-18 09:35:00+05:30,2261.300048828125,2267.0,2258.199951171875,2267.0,9239
2025-12-18 09:40:00+05:30,2259.5,2261.800048828125,2258.300048828125,2261.300048828125,5505
2025-12-18 09:45:00+05:30,2261.60009765625,2262.5,2258.199951171875,2259.10009765625,5482
2025-12-18 09:50:00+05:30,2262.10009765625,2263.5,2261.60009765625,2261.60009765625,7027
2025-12-18 09:55:00+05:30,2259.39990234375,2262.10009765625,2258.0,2262.10009765625,6721
2025-12-18 10:00:00+05:30,2261.199951171875,2261.39990234375,2257.5,2259.300048828125,5802
2025-12-18 10:05:00+05:30,2262.0,2262.800048828125,2259.39990234375,2261.199951171875,4789
2025-12-18 10:10:00+05:30,2263.10009765625,2263.800048828125,2259.60009765625,2261.89990234375,6169
2025-12-18 10:15:00+05:30,2265.10009765625,2265.5,2261.0,2263.10009765625,19736
2025-12-18 10:20:00+05:30,2265.5,2266.39990234375,2263.800048828125,2266.300048828125,6702
2025-12-18 10:25:00+05:30,2264.39990234375,2265.60009765625,2262.800048828125,2265.60009765625,5061
2025-12-18 10:30:00+05:30,2264.5,2266.0,2263.5,2264.300048828125,3375
2025-12-18 10:35:00+05:30,2265.60009765625,2265.89990234375,2263.699951171875,2265.60009765625,2497
2025-12-18 10:40:00+05:30,2268.89990234375,2268.89990234375,2264.0,2264.0,27245
2025-12-18 10:45:00+05:30,2268.300048828125,2268.89990234375,2268.0,2268.89990234375,6555
2025-12-18 10:50:00+05:30,2271.800048828125,2271.89990234375,2268.0,2268.300048828125,26781
2025-12-18 10:55:00+05:30,2271.0,2272.0,2270.60009765625,2271.800048828125,4847
2025-12-18 11:00:00+05:30,2270.800048828125,2272.5,2270.0,2272.0,7188
2025-12-18 11:05:00+05:30,2269.0,2272.300048828125,2268.0,2270.300048828125,15326
2025-12-18 11:10:00+05:30,2265.800048828125,2270.0,2264.800048828125,2270.0,26615
2025-12-18 11:15:00+05:30,2269.60009765625,2269.60009765625,2264.699951171875,2265.800048828125,34851
2025-12-18 11:20:00+05:30,2272.800048828125,2272.800048828125,2268.800048828125,2269.0,3411
2025-12-18 11:25:00+05:30,2272.10009765625,2273.0,2271.0,2272.0,2988
2025-12-18 11:30:00+05:30,2271.39990234375,2272.0,2270.699951171875,2272.0,1540
2025-12-18 11:35:00+05:30,2272.60009765625,2273.0,2271.199951171875,2271.300048828125,2136
2025-12-18 11:40:00+05:30,2271.199951171875,2273.5,2271.0,2272.60009765625,14489
2025-12-18 11:45:00+05:30,2270.199951171875,2271.5,2269.0,2271.5,2473
2025-12-18 11:50:00+05:30,2271.0,2273.0,2270.10009765625,2270.10009765625,7274
2025-12-18 11:55:00+05:30,2271.300048828125,2272.39990234375,2270.89990234375,2271.800048828125,3155
2025-12-18 12:00:00+05:30,2272.0,2272.300048828125,2270.0,2271.199951171875,3906
2025-12-18 12:05:00+05:30,2269.89990234375,2272.0,2268.800048828125,2272.0,10095
2025-12-18 12:10:00+05:30,2268.10009765625,2270.10009765625,2266.800048828125,2269.800048828125,3583
2025-12-18 12:15:00+05:30,2271.60009765625,2271.699951171875,2266.0,2268.300048828125,14308
2025-12-18 12:20:00+05:30,2272.89990234375,2273.0,2271.199951171875,2271.60009765625,6307
2025-12-18 12:25:00+05:30,2275.39990234375,2275.5,2272.10009765625,2272.10009765625,15204
2025-12-18 12:30:00+05:30,2275.5,2276.5,2275.0,2275.199951171875,3866
2025-12-18 12:35:00+05:30,2272.699951171875,2276.10009765625,2271.89990234375,2275.5,18584
2025-12-18 12:40:00+05:30,2274.800048828125,2274.89990234375,2271.699951171875,2272.699951171875,7746
2025-12-18 12:45:00+05:30,2275.199951171875,2275.5,2274.699951171875,2274.699951171875,10975
2025-12-18 12:50:00+05:30,2273.89990234375,2275.39990234375,2272.39990234375,2275.10009765625,63371
2025-12-18 12:55:00+05:30,2273.89990234375,2275.39990234375,2273.60009765625,2274.5,12526
2025-12-18 13:00:00+05:30,2274.0,2275.0,2273.699951171875,2274.699951171875,2964
2025-12-18 13:05:00+05:30,2274.39990234375,2275.0,2273.300048828125,2273.699951171875,3219
2025-12-18 13:10:00+05:30,2274.300048828125,2274.89990234375,2272.60009765625,2274.39990234375,4617
2025-12-18 13:15:00+05:30,2273.699951171875,2274.300048828125,2272.0,2274.0,4653
2025-12-18 13:20:00+05:30,2274.699951171875,2274.89990234375,2273.0,2274.0,2856
2025-12-18 13:25:00+05:30,2269.10009765625,2274.10009765625,2269.10009765625,2274.10009765625,5061
2025-12-18 13:30:00+05:30,2267.300048828125,2270.699951171875,2266.5,2270.10009765625,4771
2025-12-18 13:35:00+05:30,2266.39990234375,2268.800048828125,2265.199951171875,2267.699951171875,10263
2025-12-18 13:40:00+05:30,2265.0,2267.39990234375,2265.0,2265.699951171875,4219
2025-12-18 13:45:00+05:30,2264.89990234375,2266.0,2264.5,2265.699951171875,5323
2025-12-18 13:50:00+05:30,2264.60009765625,2265.199951171875,2263.800048828125,2265.10009765625,3138
2025-12-18 13:55:00+05:30,2262.800048828125,2264.39990234375,2262.0,2264.39990234375,6961
2025-12-18 14:00:00+05:30,2262.5,2263.800048828125,2261.10009765625,2262.0,9059
2025-12-18 14:05:00+05:30,2261.199951171875,2263.300048828125,2260.300048828125,2262.0,18965
2025-12-18 14:10:00+05:30,2259.199951171875,2262.199951171875,2259.199951171875,2261.699951171875,7451
2025-12-18 14:15:00+05:30,2260.5,2260.699951171875,2258.5,2259.300048828125,7093
2025-12-18 14:20:00+05:30,2259.60009765625,2260.5,2258.800048828125,2260.0,7593
2025-12-18 14:25:00+05:30,2259.699951171875,2260.199951171875,2258.800048828125,2259.5,5508
2025-12-18 14:30:00+05:30,2263.699951171875,2264.800048828125,2260.0,2260.300048828125,30476
2025-12-18 14:35:00+05:30,2257.5,2263.5,2257.0,2263.199951171875,21427
2025-12-18 14:40:00+05:30,2258.10009765625,2258.5,2257.0,2257.699951171875,14600
2025-12-18 14:45:00+05:30,2257.89990234375,2258.89990234375,2256.89990234375,2258.199951171875,6508
2025-12-18 14:50:00+05:30,2257.89990234375,2258.199951171875,2255.300048828125,2257.89990234375,32783
2025-12-18 14:55:00+05:30,2257.5,2258.10009765625,2256.0,2257.0,8785
2025-12-18 15:00:00+05:30,2261.300048828125,2261.60009765625,2257.5,2257.5,22811
2025-12-18 15:05:00+05:30,2265.10009765625,2267.0,2260.89990234375,2261.0,74083
2025-12-18 15:10:00+05:30,2265.5,2266.800048828125,2265.0,2265.300048828125,51736
2025-12-18 15:15:00+05:30,2265.89990234375,2268.0,2263.89990234375,2265.5,54488
2025-12-18 15:20:00+05:30,2269.0,2270.0,2265.0,2265.60009765625,62587
2025-12-18 15:25:00+05:30,2265.5,2270.0,2265.0,2268.89990234375,39994
2025-12-19 09:20:00+05:30,2272.89990234375,2274.699951171875,2271.0,2272.89990234375,8233
2025-12-19 09:25:00+05:30,2270.699951171875,2271.699951171875,2267.60009765625,2271.699951171875,15845
2025-12-19 09:30:00+05:30,2274.800048828125,2276.300048828125,2270.89990234375,2270.89990234375,9531
2025-12-19 09:35:00+05:30,2274.89990234375,2275.10009765625,2273.300048828125,2274.800048828125,2325
2025-12-19 09:40:00+05:30,2275.300048828125,2275.39990234375,2273.800048828125,2274.89990234375,2258
2025-12-19 09:45:00+05:30,2271.5,2275.5,2270.800048828125,2275.199951171875,3400
2025-12-19 09:50:00+05:30,2275.5,2275.89990234375,2271.10009765625,2272.5,2435
2025-12-19 09:55:00+05:30,2273.5,2275.5,2272.0,2275.5,2106
2025-12-19 10:00:00+05:30,2272.800048828125,2275.0,2271.800048828125,2273.5,12753
2025-12-19 10:05:00+05:30,2272.0,2272.800048828125,2270.0,2272.800048828125,4894
2025-12-19 10:10:00+05:30,2271.39990234375,2271.89990234375,2270.10009765625,2271.89990234375,2586
2025-12-19 10:15:00+05:30,2272.39990234375,2272.5,2270.5,2271.39990234375,1344
2025-12-19 10:20:00+05:30,2272.300048828125,2273.0,2271.5,2272.39990234375,1440
2025-12-19 10:25:00+05:30,2272.0,2273.199951171875,2271.39990234375,2272.39990234375,1523
2025-12-19 10:30:00+05:30,2273.0,2273.60009765625,2271.89990234375,2272.89990234375,2333
2025-12-19 10:35:00+05:30,2273.199951171875,2274.10009765625,2271.60009765625,2273.800048828125,2564
2025-12-19 10:40:00+05:30,2273.199951171875,2273.199951171875,2271.5,2272.300048828125,2625
2025-12-19 10:45:00+05:30,2271.60009765625,2273.39990234375,2271.5,2273.300048828125,926
2025-12-19 10:50:00+05:30,2272.89990234375,2273.0,2272.10009765625,2272.300048828125,1775
2025-12-19 10:55:00+05:30,2270.699951171875,2273.0,2270.699951171875,2272.89990234375,5275
2025-12-19 11:00:00+05:30,2271.699951171875,2272.10009765625,2271.10009765625,2271.10009765625,1237
2025-12-19 11:05:00+05:30,2272.39990234375,2272.5,2271.0,2271.300048828125,4028
2025-12-19 11:10:00+05:30,2270.0,2272.39990234375,2267.60009765625,2272.39990234375,11773
2025-12-19 11:15:00+05:30,2270.0,2270.800048828125,2269.10009765625,2270.0,3206
2025-12-19 11:20:00+05:30,2270.0,2270.0,2269.39990234375,2269.89990234375,4715
2025-12-19 11:25:00+05:30,2270.10009765625,2270.5,2269.39990234375,2270.0,4121
2025-12-19 11:30:00+05:30,2270.0,2271.10009765625,2269.0,2270.0,4367
2025-12-19 11:35:00+05:30,2270.0,2270.0,2269.10009765625,2270.0,2323
2025-12-19 11:40:00+05:30,2269.39990234375,2270.5,2268.39990234375,2270.0,3880
2025-12-19 11:45:00+05:30,2270.699951171875,2272.0,2269.300048828125,2269.300048828125,44140
2025-12-19 11:50:00+05:30,2273.89990234375,2274.0,2270.60009765625,2271.0,4299
2025-12-19 11:55:00+05:30,2271.89990234375,2274.0,2271.5,2274.0,1710
2025-12-19 12:00:00+05:30,2276.0,2276.0,2271.800048828125,2272.199951171875,4181
2025-12-19 12:05:00+05:30,2276.39990234375,2276.5,2274.60009765625,2276.0,3714
2025-12-19 12:10:00+05:30,2274.89990234375,2276.5,2274.0,2276.39990234375,3608
2025-12-19 12:15:00+05:30,2275.10009765625,2276.300048828125,2274.0,2274.0,2353
2025-12-19 12:20:00+05:30,2271.699951171875,2273.699951171875,2270.89990234375,2272.60009765625,3554
2025-12-19 12:25:00+05:30,2273.39990234375,2274.60009765625,2271.5,2271.5,3087
2025-12-19 12:30:00+05:30,2275.10009765625,2275.199951171875,2272.199951171875,2273.0,11070
2025-12-19 12:35:00+05:30,2277.0,2277.5,2275.0,2275.10009765625,9090
2025-12-19 12:40:00+05:30,2276.800048828125,2277.699951171875,2275.5,2276.800048828125,10067
2025-12-19 12:45:00+05:30,2278.0,2278.5,2276.699951171875,2276.699951171875,10877
2025-12-19 12:50:00+05:30,2278.5,2278.89990234375,2277.39990234375,2278.0,8288
2025-12-19 12:55:00+05:30,2278.60009765625,2279.0,2278.199951171875,2278.60009765625,7068
2025-12-19 13:00:00+05:30,2280.60009765625,2281.0,2277.10009765625,2277.10009765625,9220
2025-12-19 13:05:00+05:30,2280.5,2281.199951171875,2280.0,2280.199951171875,9065
2025-12-19 13:10:00+05:30,2280.0,2281.10009765625,2278.699951171875,2280.0,14145
2025-12-19 13:15:00+05:30,2280.89990234375,2280.89990234375,2278.300048828125,2280.199951171875,29679
2025-12-19 13:20:00+05:30,2281.0,2281.699951171875,2278.89990234375,2279.699951171875,13136
2025-12-19 13:25:00+05:30,2280.89990234375,2281.89990234375,2280.699951171875,2280.800048828125,6580
2025-12-19 13:30:00+05:30,2280.800048828125,2282.0,2280.300048828125,2281.800048828125,8793
2025-12-19 13:35:00+05:30,2280.10009765625,2281.699951171875,2280.0,2280.699951171875,5133
2025-12-19 13:40:00+05:30,2280.10009765625,2281.10009765625,2280.0,2280.0,7450
2025-12-19 13:45:00+05:30,2280.10009765625,2281.10009765625,2280.0,2280.10009765625,2279
2025-12-19 13:50:00+05:30,2280.10009765625,2280.199951171875,2280.0,2280.10009765625,2312
2025-12-19 13:55:00+05:30,2280.60009765625,2281.800048828125,2279.5,2280.199951171875,21502
2025-12-19 14:00:00+05:30,2281.300048828125,2282.699951171875,2280.60009765625,2280.60009765625,7365
2025-12-19 14:05:00+05:30,2281.199951171875,2283.0,2281.199951171875,2281.199951171875,13304
2025-12-19 14:10:00+05:30,2281.60009765625,2283.0,2281.0,2282.39990234375,11465
2025-12-19 14:15:00+05:30,2282.60009765625,2283.0,2281.5,2281.60009765625,10680
2025-12-19 14:20:00+05:30,2282.0,2283.5,2281.60009765625,2282.89990234375,19258
2025-12-19 14:25:00+05:30,2281.0,2282.800048828125,2280.60009765625,2282.10009765625,11006
2025-12-19 14:30:00+05:30,2282.800048828125,2282.89990234375,2280.800048828125,2280.800048828125,14971
2025-12-19 14:35:00+05:30,2282.800048828125,2283.10009765625,2282.300048828125,2282.800048828125,9343
2025-12-19 14:40:00+05:30,2282.0,2283.0,2281.199951171875,2282.699951171875,11364
2025-12-19 14:45:00+05:30,2282.199951171875,2282.89990234375,2281.5,2282.10009765625,13250
2025-12-19 14:50:00+05:30,2280.10009765625,2282.199951171875,2280.0,2281.39990234375,13684
2025-12-19 14:55:00+05:30,2276.60009765625,2280.39990234375,2276.199951171875,2280.199951171875,8606
2025-12-19 15:00:00+05:30,2276.10009765625,2278.5,2272.10009765625,2278.10009765625,126149
2025-12-19 15:05:00+05:30,2278.89990234375,2279.10009765625,2276.0,2276.0,124561
2025-12-19 15:10:00+05:30,2280.800048828125,2281.10009765625,2278.60009765625,2279.0,118723
2025-12-19 15:15:00+05:30,2282.39990234375,2282.800048828125,2279.60009765625,2280.89990234375,126984
2025-12-19 15:20:00+05:30,2282.39990234375,2283.39990234375,2282.10009765625,2282.5,111697
2025-12-19 15:25:00+05:30,2280.0,2284.0,2280.0,2282.39990234375,87619
2025-12-22 09:20:00+05:30,2289.699951171875,2292.10009765625,2288.0,2289.60009765625,13458
2025-12-22 09:25:00+05:30,2291.199951171875,2292.699951171875,2288.800048828125,2289.699951171875,7459
2025-12-22 09:30:00+05:30,2290.0,2292.699951171875,2290.0,2291.60009765625,9546
2025-12-22 09:35:00+05:30,2288.60009765625,2290.0,2287.60009765625,2290.0,9559
2025-12-22 09:40:00+05:30,2287.60009765625,2288.60009765625,2287.0,2288.60009765625,1678
2025-12-22 09:45:00+05:30,2287.60009765625,2290.89990234375,2285.89990234375,2287.5,11870
2025-12-22 09:50:00+05:30,2287.5,2288.60009765625,2284.60009765625,2287.60009765625,9381
2025-12-22 09:55:00+05:30,2289.89990234375,2289.89990234375,2287.10009765625,2287.5,1881
2025-12-22 10:00:00+05:30,2287.199951171875,2290.60009765625,2285.89990234375,2290.0,9224
2025-12-22 10:05:00+05:30,2286.60009765625,2286.89990234375,2284.89990234375,2286.5,11381
2025-12-22 10:10:00+05:30,2285.89990234375,2286.60009765625,2284.10009765625,2285.800048828125,7202
2025-12-22 10:15:00+05:30,2285.39990234375,2286.0,2284.39990234375,2285.89990234375,2415
2025-12-22 10:20:00+05:30,2284.89990234375,2285.699951171875,2284.199951171875,2285.39990234375,2251
2025-12-22 10:25:00+05:30,2284.60009765625,2285.800048828125,2283.199951171875,2285.199951171875,5109
2025-12-22 10:30:00+05:30,2284.199951171875,2285.89990234375,2283.699951171875,2284.60009765625,5407
2025-12-22 10:35:00+05:30,2285.300048828125,2285.800048828125,2283.800048828125,2285.10009765625,5315
2025-12-22 10:40:00+05:30,2283.300048828125,2285.5,2283.300048828125,2285.300048828125,2637
2025-12-22 10:45:00+05:30,2286.5,2286.5,2283.300048828125,2284.0,3322
2025-12-22 10:50:00+05:30,2287.699951171875,2288.89990234375,2285.800048828125,2286.5,7626
2025-12-22 10:55:00+05:30,2288.0,2289.199951171875,2287.699951171875,2287.699951171875,7674
2025-12-22 11:00:00+05:30,2288.5,2288.800048828125,2287.199951171875,2288.300048828125,10961
2025-12-22 11:05:00+05:30,2287.800048828125,2288.800048828125,2287.0,2288.800048828125,4149
2025-12-22 11:10:00+05:30,2286.39990234375,2288.39990234375,2285.5,2287.89990234375,29533
2025-12-22 11:15:00+05:30,2287.89990234375,2287.89990234375,2285.0,2286.0,6146
2025-12-22 11:20:00+05:30,2286.300048828125,2287.89990234375,2285.0,2287.89990234375,12951
2025-12-22 11:25:00+05:30,2287.0,2287.699951171875,2285.0,2286.89990234375,23839
2025-12-22 11:30:00+05:30,2286.0,2287.699951171875,2285.39990234375,2286.10009765625,22454
2025-12-22 11:35:00+05:30,2285.0,2286.199951171875,2284.0,2286.0,18441
2025-12-22 11:40:00+05:30,2285.60009765625,2286.60009765625,2283.300048828125,2285.0,31950
2025-12-22 11:45:00+05:30,2286.199951171875,2286.5,2283.39990234375,2284.0,4701
2025-12-22 11:50:00+05:30,2288.0,2288.89990234375,2286.0,2286.0,4710
2025-12-22 11:55:00+05:30,2288.800048828125,2289.0,2288.0,2288.5,3110
2025-12-22 12:00:00+05:30,2289.0,2289.0,2288.0,2288.800048828125,3733
2025-12-22 12:05:00+05:30,2290.10009765625,2290.199951171875,2288.39990234375,2289.0,17769
2025-12-22 12:10:00+05:30,2290.199951171875,2290.300048828125,2289.800048828125,2290.10009765625,4824
2025-12-22 12:15:00+05:30,2293.699951171875,2294.300048828125,2290.10009765625,2290.300048828125,14367
2025-12-22 12:20:00+05:30,2293.699951171875,2294.300048828125,2292.300048828125,2294.199951171875,6450
2025-12-22 12:25:00+05:30,2291.800048828125,2293.89990234375,2290.699951171875,2293.699951171875,20027
2025-12-22 12:30:00+05:30,2293.0,2293.10009765625,2290.89990234375,2291.800048828125,7903
2025-12-22 12:35:00+05:30,2293.800048828125,2294.199951171875,2293.0,2293.0,5358
2025-12-22 12:40:00+05:30,2292.5,2293.800048828125,2291.699951171875,2293.800048828125,12982
2025-12-22 12:45:00+05:30,2292.39990234375,2292.800048828125,2291.5,2292.199951171875,6544
2025-12-22 12:50:00+05:30,2293.199951171875,2293.5,2292.10009765625,2292.5,11827
2025-12-22 12:55:00+05:30,2292.199951171875,2293.39990234375,2291.199951171875,2293.0,8728
2025-12-22 13:00:00+05:30,2291.300048828125,2292.5,2290.89990234375,2292.199951171875,4874
2025-12-22 13:05:00+05:30,2291.60009765625,2292.300048828125,2290.800048828125,2291.5,5720
2025-12-22 13:10:00+05:30,2290.0,2292.0,2289.300048828125,2291.0,4534
2025-12-22 13:15:00+05:30,2290.39990234375,2291.10009765625,2289.60009765625,2289.60009765625,4456
2025-12-22 13:20:00+05:30,2291.89990234375,2292.699951171875,2290.300048828125,2290.39990234375,6318
2025-12-22 13:25:00+05:30,2292.300048828125,2292.39990234375,2290.10009765625,2292.0,4822
2025-12-22 13:30:00+05:30,2291.199951171875,2292.60009765625,2291.10009765625,2292.300048828125,6466
2025-12-22 13:35:00+05:30,2291.199951171875,2292.199951171875,2291.0,2291.300048828125,4440
2025-12-22 13:40:00+05:30,2291.800048828125,2292.300048828125,2291.0,2291.39990234375,5065
2025-12-22 13:45:00+05:30,2292.699951171875,2292.699951171875,2291.199951171875,2291.800048828125,4074
2025-12-22 13:50:00+05:30,2291.800048828125,2292.699951171875,2291.0,2292.699951171875,5572
2025-12-22 13:55:00+05:30,2291.300048828125,2292.0,2290.300048828125,2291.699951171875,6299
2025-12-22 14:00:00+05:30,2291.300048828125,2292.39990234375,2290.60009765625,2291.300048828125,5799
2025-12-22 14:05:00+05:30,2289.199951171875,2292.60009765625,2288.39990234375,2292.300048828125,15270
2025-12-22 14:10:00+05:30,2289.89990234375,2290.10009765625,2287.39990234375,2289.10009765625,21014
2025-12-22 14:15:00+05:30,2289.0,2289.89990234375,2288.199951171875,2289.89990234375,5076
2025-12-22 14:20:00+05:30,2289.60009765625,2289.89990234375,2289.0,2289.0,6613
2025-12-22 14:25:00+05:30,2288.89990234375,2289.800048828125,2288.800048828125,2289.60009765625,4760
2025-12-22 14:30:00+05:30,2289.89990234375,2289.89990234375,2288.0,2289.5,5363
2025-12-22 14:35:00+05:30,2288.699951171875,2291.300048828125,2288.60009765625,2289.89990234375,29096
2025-12-22 14:40:00+05:30,2291.0,2291.0,2288.60009765625,2289.60009765625,5016
2025-12-22 14:45:00+05:30,2291.60009765625,2291.800048828125,2290.10009765625,2291.0,6590
2025-12-22 14:50:00+05:30,2291.60009765625,2291.699951171875,2290.10009765625,2291.60009765625,4693
2025-12-22 14:55:00+05:30,2291.0,2291.699951171875,2290.60009765625,2291.5,6997
2025-12-22 15:00:00+05:30,2291.60009765625,2291.89990234375,2290.10009765625,2290.800048828125,19492
2025-12-22 15:05:00+05:30,2290.199951171875,2292.10009765625,2290.0,2291.60009765625,31370
2025-12-22 15:10:00+05:30,2289.5,2290.800048828125,2289.199951171875,2290.10009765625,25878
2025-12-22 15:15:00+05:30,2288.39990234375,2289.800048828125,2288.39990234375,2289.39990234375,29611
2025-12-22 15:20:00+05:30,2288.300048828125,2289.39990234375,2287.89990234375,2288.5,31523
2025-12-22 15:25:00+05:30,2289.5,2289.5,2285.199951171875,2288.39990234375,23228
2025-12-23 09:20:00+05:30,2281.39990234375,2286.39990234375,2281.39990234375,2285.10009765625,8519
2025-12-23 09:25:00+05:30,2283.300048828125,2283.89990234375,2281.10009765625,2282.0,4714
2025-12-23 09:30:00+05:30,2282.0,2283.39990234375,2281.5,2283.300048828125,4196
2025-12-23 09:35:00+05:30,2282.89990234375,2283.0,2282.0,2282.699951171875,2326
2025-12-23 09:40:00+05:30,2284.0,2284.800048828125,2282.10009765625,2283.5,6318
2025-12-23 09:45:00+05:30,2285.300048828125,2287.300048828125,2283.10009765625,2283.699951171875,16182
2025-12-23 09:50:00+05:30,2291.5,2291.89990234375,2284.5,2285.300048828125,7564
2025-12-23 09:55:00+05:30,2293.699951171875,2294.699951171875,2291.0,2291.0,5924
2025-12-23 10:00:00+05:30,2295.89990234375,2296.800048828125,2294.89990234375,2294.89990234375,8725
2025-12-23 10:05:00+05:30,2296.10009765625,2296.800048828125,2295.0,2295.60009765625,10860
2025-12-23 10:10:00+05:30,2298.5,2298.5,2295.39990234375,2296.10009765625,9435
2025-12-23 10:15:00+05:30,2296.699951171875,2298.89990234375,2296.300048828125,2298.5,6387
2025-12-23 10:20:00+05:30,2296.0,2296.60009765625,2294.0,2296.300048828125,6689
2025-12-23 10:25:00+05:30,2296.60009765625,2296.60009765625,2294.5,2295.89990234375,3362
2025-12-23 10:30:00+05:30,2298.60009765625,2298.60009765625,2295.89990234375,2296.60009765625,6677
2025-12-23 10:35:00+05:30,2298.60009765625,2298.89990234375,2297.89990234375,2298.60009765625,2294
2025-12-23 10:40:00+05:30,2300.199951171875,2300.39990234375,2298.60009765625,2298.60009765625,9189
2025-12-23 10:45:00+05:30,2296.89990234375,2300.10009765625,2295.39990234375,2300.0,34048
2025-12-23 10:50:00+05:30,2294.60009765625,2296.89990234375,2294.60009765625,2296.89990234375,10172
2025-12-23 10:55:00+05:30,2298.300048828125,2298.300048828125,2293.10009765625,2295.0,18986
2025-12-23 11:00:00+05:30,2299.60009765625,2300.800048828125,2297.60009765625,2298.300048828125,30973
2025-12-23 11:05:00+05:30,2300.300048828125,2300.800048828125,2298.0,2298.800048828125,8510
2025-12-23 11:10:00+05:30,2300.5,2300.89990234375,2300.10009765625,2300.300048828125,5248
2025-12-23 11:15:00+05:30,2300.10009765625,2301.0,2299.800048828125,2300.5,26611
2025-12-23 11:20:00+05:30,2301.0,2301.0,2300.0,2300.199951171875,7192
2025-12-23 11:25:00+05:30,2300.0,2301.0,2299.0,2301.0,3520
2025-12-23 11:30:00+05:30,2299.199951171875,2299.89990234375,2297.39990234375,2299.89990234375,7374
2025-12-23 11:35:00+05:30,2297.60009765625,2299.199951171875,2295.800048828125,2299.199951171875,8772
2025-12-23 11:40:00+05:30,2296.0,2300.0,2295.60009765625,2297.60009765625,33179
2025-12-23 11:45:00+05:30,2296.60009765625,2296.89990234375,2295.60009765625,2296.0,3273
2025-12-23 11:50:00+05:30,2296.699951171875,2298.0,2295.5,2296.60009765625,5046
2025-12-23 11:55:00+05:30,2295.300048828125,2297.10009765625,2295.10009765625,2296.699951171875,3820
2025-12-23 12:00:00+05:30,2294.0,2295.300048828125,2293.0,2295.300048828125,5174
2025-12-23 12:05:00+05:30,2292.60009765625,2294.0,2292.0,2294.0,3149
2025-12-23 12:10:00+05:30,2291.10009765625,2292.800048828125,2291.10009765625,2292.60009765625,1865
2025-12-23 12:15:00+05:30,2291.5,2292.0,2290.0,2292.0,8323
2025-12-23 12:20:00+05:30,2292.0,2293.300048828125,2290.800048828125,2291.5,4465
2025-12-23 12:25:00+05:30,2290.89990234375,2292.0,2290.300048828125,2291.699951171875,2748
2025-12-23 12:30:00+05:30,2291.199951171875,2291.199951171875,2290.10009765625,2290.89990234375,1798
2025-12-23 12:35:00+05:30,2292.199951171875,2292.699951171875,2291.300048828125,2291.300048828125,3357
2025-12-23 12:40:00+05:30,2291.0,2292.300048828125,2290.300048828125,2292.199951171875,3117
2025-12-23 12:45:00+05:30,2290.10009765625,2291.300048828125,2290.0,2291.0,2593
2025-12-23 12:50:00+05:30,2290.0,2291.0,2289.5,2290.10009765625,4525
2025-12-23 12:55:00+05:30,2288.300048828125,2290.800048828125,2288.300048828125,2289.5,14907
2025-12-23 13:00:00+05:30,2289.0,2291.199951171875,2288.10009765625,2289.800048828125,15430
2025-12-23 13:05:00+05:30,2289.0,2289.5,2288.300048828125,2289.39990234375,3799
2025-12-23 13:10:00+05:30,2289.10009765625,2290.0,2288.10009765625,2289.0,3663
2025-12-23 13:15:00+05:30,2289.39990234375,2290.60009765625,2289.0,2289.199951171875,5139
2025-12-23 13:20:00+05:30,2291.0,2291.300048828125,2289.39990234375,2289.699951171875,3712
2025-12-23 13:25:00+05:30,2290.5,2291.0,2290.39990234375,2291.0,1888
2025-12-23 13:30:00+05:30,2291.800048828125,2292.300048828125,2290.39990234375,2290.5,8665
2025-12-23 13:35:00+05:30,2289.89990234375,2291.5,2289.199951171875,2291.5,6748
2025-12-23 13:40:00+05:30,2290.39990234375,2290.60009765625,2289.300048828125,2289.89990234375,2543
2025-12-23 13:45:00+05:30,2289.39990234375,2290.39990234375,2288.699951171875,2290.39990234375,2912
2025-12-23 13:50:00+05:30,2289.60009765625,2290.699951171875,2288.699951171875,2289.39990234375,7618
2025-12-23 13:55:00+05:30,2290.0,2290.10009765625,2288.199951171875,2289.60009765625,10934
2025-12-23 14:00:00+05:30,2290.199951171875,2290.800048828125,2288.0,2290.10009765625,13775
2025-12-23 14:05:00+05:30,2290.0,2290.199951171875,2289.10009765625,2290.199951171875,5200
2025-12-23 14:10:00+05:30,2293.300048828125,2293.300048828125,2290.0,2290.0,19287
2025-12-23 14:15:00+05:30,2296.60009765625,2298.89990234375,2293.300048828125,2293.300048828125,44250
2025-12-23 14:20:00+05:30,2295.39990234375,2296.60009765625,2295.10009765625,2296.60009765625,6690
2025-12-23 14:25:00+05:30,2300.10009765625,2301.0,2295.199951171875,2295.39990234375,24468
2025-12-23 14:30:00+05:30,2301.699951171875,2301.800048828125,2299.300048828125,2300.0,10818
2025-12-23 14:35:00+05:30,2303.300048828125,2307.199951171875,2301.0,2301.699951171875,20325
2025-12-23 14:40:00+05:30,2301.89990234375,2306.0,2301.89990234375,2303.39990234375,33308
2025-12-23 14:45:00+05:30,2304.39990234375,2305.199951171875,2301.10009765625,2302.0,28356
2025-12-23 14:50:00+05:30,2305.39990234375,2306.0,2304.0,2304.5,32121
2025-12-23 14:55:00+05:30,2305.699951171875,2307.800048828125,2304.10009765625,2305.5,39302
2025-12-23 15:00:00+05:30,2301.10009765625,2309.800048828125,2301.10009765625,2305.699951171875,59702
2025-12-23 15:05:00+05:30,2300.699951171875,2304.89990234375,2300.0,2301.10009765625,106815
2025-12-23 15:10:00+05:30,2303.89990234375,2304.0,2300.0,2300.10009765625,50302
2025-12-23 15:15:00+05:30,2300.300048828125,2306.60009765625,2300.300048828125,2303.199951171875,105793
2025-12-23 15:20:00+05:30,2300.199951171875,2301.60009765625,2300.0,2301.60009765625,31755
2025-12-23 15:25:00+05:30,2298.10009765625,2304.0,2298.0,2300.0,24826
2025-12-24 09:20:00+05:30,2296.89990234375,2296.89990234375,2293.699951171875,2295.0,10170
2025-12-24 09:25:00+05:30,2298.0,2299.0,2294.10009765625,2296.89990234375,5970
2025-12-24 09:30:00+05:30,2297.199951171875,2299.5,2295.199951171875,2296.5,5375
2025-12-24 09:35:00+05:30,2295.60009765625,2299.10009765625,2295.0,2297.699951171875,4536
2025-12-24 09:40:00+05:30,2295.300048828125,2295.800048828125,2293.10009765625,2295.0,4628
2025-12-24 09:45:00+05:30,2294.60009765625,2297.10009765625,2293.10009765625,2295.300048828125,10348
2025-12-24 09:50:00+05:30,2296.5,2298.800048828125,2293.699951171875,2294.699951171875,3548
2025-12-24 09:55:00+05:30,2297.10009765625,2297.89990234375,2295.10009765625,2296.199951171875,3203
2025-12-24 10:00:00+05:30,2293.60009765625,2297.300048828125,2293.60009765625,2297.10009765625,5554
2025-12-24 10:05:00+05:30,2293.5,2294.0,2291.800048828125,2293.60009765625,2947
2025-12-24 10:10:00+05:30,2294.300048828125,2294.60009765625,2292.0,2293.89990234375,4144
2025-12-24 10:15:00+05:30,2292.0,2294.5,2292.0,2294.199951171875,4534
2025-12-24 10:20:00+05:30,2293.10009765625,2294.0,2291.199951171875,2292.10009765625,4128
2025-12-24 10:25:00+05:30,2293.0,2295.39990234375,2292.300048828125,2293.10009765625,3837
2025-12-24 10:30:00+05:30,2295.89990234375,2296.699951171875,2293.0,2293.699951171875,9720
2025-12-24 10:35:00+05:30,2294.60009765625,2297.5,2294.0,2296.699951171875,5228
2025-12-24 10:40:00+05:30,2294.0,2295.199951171875,2294.0,2294.60009765625,2168
2025-12-24 10:45:00+05:30,2294.10009765625,2294.800048828125,2293.0,2294.800048828125,1563
2025-12-24 10:50:00+05:30,2293.0,2294.10009765625,2293.0,2294.10009765625,1240
2025-12-24 10:55:00+05:30,2291.800048828125,2293.199951171875,2291.5,2293.10009765625,4574
2025-12-24 11:00:00+05:30,2290.89990234375,2292.60009765625,2290.0,2292.0,9582
2025-12-24 11:05:00+05:30,2292.39990234375,2292.699951171875,2290.89990234375,2290.89990234375,2460
2025-12-24 11:10:00+05:30,2292.5,2293.0,2291.5,2292.39990234375,3240
2025-12-24 11:15:00+05:30,2293.0,2293.0,2290.60009765625,2292.300048828125,5348
2025-12-24 11:20:00+05:30,2294.199951171875,2294.60009765625,2292.0,2293.0,3374
2025-12-24 11:25:00+05:30,2293.39990234375,2294.39990234375,2292.800048828125,2293.39990234375,2916
2025-12-24 11:30:00+05:30,2293.800048828125,2294.5,2292.39990234375,2293.39990234375,3745
2025-12-24 11:35:00+05:30,2293.60009765625,2294.39990234375,2293.0,2293.800048828125,2603
2025-12-24 11:40:00+05:30,2290.0,2293.60009765625,2290.0,2293.60009765625,8968
2025-12-24 11:45:00+05:30,2290.199951171875,2290.800048828125,2289.300048828125,2290.199951171875,2565
2025-12-24 11:50:00+05:30,2288.0,2290.5,2287.800048828125,2290.10009765625,12090
2025-12-24 11:55:00+05:30,2291.39990234375,2292.10009765625,2288.699951171875,2288.699951171875,7007
2025-12-24 12:00:00+05:30,2290.10009765625,2291.60009765625,2289.39990234375,2291.199951171875,3450
2025-12-24 12:05:00+05:30,2290.0,2290.39990234375,2289.0,2289.39990234375,1746
2025-12-24 12:10:00+05:30,2292.10009765625,2293.0,2289.199951171875,2290.0,5982
2025-12-24 12:15:00+05:30,2293.800048828125,2293.89990234375,2291.89990234375,2292.0,4733
2025-12-24 12:20:00+05:30,2292.39990234375,2294.0,2292.0,2293.300048828125,2030
2025-12-24 12:25:00+05:30,2291.10009765625,2293.0,2289.800048828125,2292.39990234375,11685
2025-12-24 12:30:00+05:30,2290.39990234375,2291.39990234375,2289.0,2291.10009765625,4307
2025-12-24 12:35:00+05:30,2292.10009765625,2292.60009765625,2289.199951171875,2290.39990234375,15799
2025-12-24 12:40:00+05:30,2293.199951171875,2293.199951171875,2292.0,2292.60009765625,4068
2025-12-24 12:45:00+05:30,2292.199951171875,2293.800048828125,2292.0,2292.10009765625,6526
2025-12-24 12:50:00+05:30,2292.39990234375,2293.60009765625,2292.39990234375,2293.10009765625,1198
2025-12-24 12:55:00+05:30,2291.800048828125,2292.39990234375,2290.89990234375,2292.0,8209
2025-12-24 13:00:00+05:30,2291.800048828125,2292.699951171875,2290.89990234375,2291.800048828125,3225
2025-12-24 13:05:00+05:30,2293.5,2294.10009765625,2291.699951171875,2292.199951171875,1922
2025-12-24 13:10:00+05:30,2292.300048828125,2293.89990234375,2292.199951171875,2293.0,3224
2025-12-24 13:15:00+05:30,2292.0,2292.89990234375,2292.0,2292.800048828125,7179
2025-12-24 13:20:00+05:30,2292.0,2293.199951171875,2291.39990234375,2291.89990234375,12517
2025-12-24 13:25:00+05:30,2292.300048828125,2292.5,2291.0,2292.0,2346
2025-12-24 13:30:00+05:30,2290.89990234375,2293.0,2290.800048828125,2292.300048828125,13208
2025-12-24 13:35:00+05:30,2289.699951171875,2291.60009765625,2289.699951171875,2291.60009765625,3612
2025-12-24 13:40:00+05:30,2289.199951171875,2289.800048828125,2288.60009765625,2289.699951171875,3207
2025-12-24 13:45:00+05:30,2289.0,2289.89990234375,2288.10009765625,2289.60009765625,2356
2025-12-24 13:50:00+05:30,2289.300048828125,2290.0,2288.0,2289.0,3317
2025-12-24 13:55:00+05:30,2286.800048828125,2289.0,2286.0,2289.0,3818
2025-12-24 14:00:00+05:30,2286.300048828125,2287.60009765625,2285.800048828125,2286.800048828125,7043
2025-12-24 14:05:00+05:30,2287.0,2287.89990234375,2286.0,2286.300048828125,24669
2025-12-24 14:10:00+05:30,2285.0,2287.800048828125,2285.0,2287.39990234375,10659
2025-12-24 14:15:00+05:30,2285.5,2286.699951171875,2285.0,2285.199951171875,4640
2025-12-24 14:20:00+05:30,2285.60009765625,2286.60009765625,2285.10009765625,2285.5,2497
2025-12-24 14:25:00+05:30,2284.300048828125,2286.5,2284.199951171875,2285.300048828125,18668
2025-12-24 14:30:00+05:30,2285.699951171875,2285.89990234375,2284.0,2284.5,5424
2025-12-24 14:35:00+05:30,2284.39990234375,2285.800048828125,2283.60009765625,2285.699951171875,3525
2025-12-24 14:40:00+05:30,2283.199951171875,2284.39990234375,2282.0,2284.39990234375,7789
2025-12-24 14:45:00+05:30,2282.60009765625,2285.0,2282.10009765625,2283.39990234375,3547
2025-12-24 14:50:00+05:30,2283.0,2284.199951171875,2281.0,2282.60009765625,9333
2025-12-24 14:55:00+05:30,2283.60009765625,2284.39990234375,2282.699951171875,2284.199951171875,4073
2025-12-24 15:00:00+05:30,2284.800048828125,2285.800048828125,2282.39990234375,2285.800048828125,12793
2025-12-24 15:05:00+05:30,2283.300048828125,2285.39990234375,2282.0,2284.800048828125,19356
2025-12-24 15:10:00+05:30,2281.0,2283.39990234375,2280.699951171875,2283.300048828125,9294
2025-12-24 15:15:00+05:30,2282.199951171875,2283.199951171875,2280.199951171875,2280.5,19845
2025-12-24 15:20:00+05:30,2281.699951171875,2282.0,2280.0,2281.699951171875,14281
2025-12-24 15:25:00+05:30,2282.199951171875,2284.0,2278.5,2281.300048828125,12288
2025-12-26 09:20:00+05:30,2284.0,2287.800048828125,2282.800048828125,2286.0,14545
2025-12-26 09:25:00+05:30,2282.800048828125,2285.699951171875,2282.800048828125,2284.0,5593
2025-12-26 09:30:00+05:30,2278.5,2283.0,2277.199951171875,2283.0,8020
2025-12-26 09:35:00+05:30,2277.0,2280.0,2276.800048828125,2278.5,2207
2025-12-26 09:40:00+05:30,2276.800048828125,2277.0,2275.10009765625,2276.800048828125,5838
2025-12-26 09:45:00+05:30,2280.800048828125,2280.800048828125,2277.199951171875,2277.39990234375,4767
2025-12-26 09:50:00+05:30,2279.60009765625,2280.800048828125,2278.800048828125,2280.199951171875,4332
2025-12-26 09:55:00+05:30,2280.89990234375,2282.199951171875,2279.60009765625,2280.199951171875,3596
2025-12-26 10:00:00+05:30,2282.0,2282.300048828125,2280.699951171875,2281.60009765625,3450
2025-12-26 10:05:00+05:30,2281.60009765625,2282.39990234375,2280.60009765625,2281.89990234375,3100
2025-12-26 10:10:00+05:30,2282.89990234375,2283.5,2281.60009765625,2282.0,4394
2025-12-26 10:15:00+05:30,2281.699951171875,2283.5,2280.89990234375,2282.5,5796
2025-12-26 10:20:00+05:30,2279.0,2281.60009765625,2278.800048828125,2281.60009765625,4341
2025-12-26 10:25:00+05:30,2280.0,2280.39990234375,2279.0,2279.199951171875,3097
2025-12-26 10:30:00+05:30,2280.10009765625,2281.699951171875,2279.10009765625,2280.0,3780
2025-12-26 10:35:00+05:30,2281.0,2281.0,2279.10009765625,2279.300048828125,5859
2025-12-26 10:40:00+05:30,2280.300048828125,2281.5,2279.300048828125,2281.0,3059
2025-12-26 10:45:00+05:30,2280.60009765625,2280.60009765625,2279.10009765625,2280.300048828125,3246
2025-12-26 10:50:00+05:30,2280.60009765625,2281.39990234375,2279.0,2280.0,8492
2025-12-26 10:55:00+05:30,2280.300048828125,2281.699951171875,2280.0,2280.60009765625,4379
2025-12-26 11:00:00+05:30,2281.199951171875,2281.60009765625,2280.0,2280.300048828125,2918
2025-12-26 11:05:00+05:30,2280.0,2281.39990234375,2279.300048828125,2280.5,19393
2025-12-26 11:10:00+05:30,2279.699951171875,2280.10009765625,2278.0,2280.10009765625,10312
2025-12-26 11:15:00+05:30,2280.5,2281.0,2278.89990234375,2279.60009765625,8930
2025-12-26 11:20:00+05:30,2280.10009765625,2281.300048828125,2279.60009765625,2280.0,25503
2025-12-26 11:25:00+05:30,2280.300048828125,2281.5,2277.800048828125,2280.0,17440
2025-12-26 11:30:00+05:30,2280.89990234375,2281.699951171875,2280.0,2280.300048828125,4249
2025-12-26 11:35:00+05:30,2281.10009765625,2281.89990234375,2280.300048828125,2280.60009765625,3093
2025-12-26 11:40:00+05:30,2281.10009765625,2281.800048828125,2280.199951171875,2281.0,2942
2025-12-26 11:45:00+05:30,2282.0,2282.0,2280.0,2281.60009765625,3502
2025-12-26 11:50:00+05:30,2282.199951171875,2282.800048828125,2281.199951171875,2282.0,3634
2025-12-26 11:55:00+05:30,2282.199951171875,2283.10009765625,2281.39990234375,2282.39990234375,2243
2025-12-26 12:00:00+05:30,2281.0,2282.39990234375,2281.0,2282.199951171875,2547
2025-12-26 12:05:00+05:30,2282.0,2283.300048828125,2281.10009765625,2281.89990234375,4896
2025-12-26 12:10:00+05:30,2285.10009765625,2285.10009765625,2281.10009765625,2281.5,15599
2025-12-26 12:15:00+05:30,2284.800048828125,2285.60009765625,2283.800048828125,2285.60009765625,20684
2025-12-26 12:20:00+05:30,2285.0,2285.300048828125,2283.199951171875,2284.800048828125,21206
2025-12-26 12:25:00+05:30,2284.89990234375,2285.89990234375,2283.89990234375,2285.0,2929
2025-12-26 12:30:00+05:30,2284.0,2285.199951171875,2283.10009765625,2284.89990234375,4131
2025-12-26 12:35:00+05:30,2284.199951171875,2284.699951171875,2283.10009765625,2284.0,1894
2025-12-26 12:40:00+05:30,2284.60009765625,2285.199951171875,2282.60009765625,2284.199951171875,6258
2025-12-26 12:45:00+05:30,2285.89990234375,2285.89990234375,2284.60009765625,2284.60009765625,2602
2025-12-26 12:50:00+05:30,2285.5,2286.0,2285.0,2285.39990234375,3790
2025-12-26 12:55:00+05:30,2285.0,2285.699951171875,2285.0,2285.5,2799
2025-12-26 13:00:00+05:30,2285.0,2285.89990234375,2285.0,2285.39990234375,1979
2025-12-26 13:05:00+05:30,2285.10009765625,2286.0,2285.0,2285.0,2299
2025-12-26 13:10:00+05:30,2285.39990234375,2286.39990234375,2285.0,2285.300048828125,2681
2025-12-26 13:15:00+05:30,2285.10009765625,2286.5,2285.0,2286.10009765625,3791
2025-12-26 13:20:00+05:30,2286.0,2286.800048828125,2285.0,2285.199951171875,5188
2025-12-26 13:25:00+05:30,2285.800048828125,2286.89990234375,2285.10009765625,2285.199951171875,3803
2025-12-26 13:30:00+05:30,2286.0,2286.699951171875,2285.39990234375,2286.199951171875,3814
2025-12-26 13:35:00+05:30,2285.10009765625,2286.10009765625,2285.0,2285.699951171875,10362
2025-12-26 13:40:00+05:30,2285.0,2285.89990234375,2285.0,2285.0,3894
2025-12-26 13:45:00+05:30,2285.60009765625,2286.0,2285.0,2285.60009765625,2893
2025-12-26 13:50:00+05:30,2285.39990234375,2286.300048828125,2285.0,2285.60009765625,1717
2025-12-26 13:55:00+05:30,2288.0,2289.5,2285.10009765625,2285.5,18239
2025-12-26 14:00:00+05:30,2288.39990234375,2289.89990234375,2288.0,2289.0,4991
2025-12-26 14:05:00+05:30,2288.10009765625,2288.89990234375,2288.0,2288.60009765625,9551
2025-12-26 14:10:00+05:30,2287.5,2288.10009765625,2286.699951171875,2288.10009765625,17352
2025-12-26 14:15:00+05:30,2288.699951171875,2288.699951171875,2286.10009765625,2287.60009765625,12974
2025-12-26 14:20:00+05:30,2288.5,2288.60009765625,2287.800048828125,2288.199951171875,8229
2025-12-26 14:25:00+05:30,2287.300048828125,2288.5,2287.10009765625,2288.0,5158
2025-12-26 14:30:00+05:30,2286.800048828125,2287.300048828125,2286.300048828125,2287.300048828125,4247
2025-12-26 14:35:00+05:30,2287.5,2288.39990234375,2286.89990234375,2287.300048828125,5149
2025-12-26 14:40:00+05:30,2285.300048828125,2287.60009765625,2285.0,2287.0,11800
2025-12-26 14:45:00+05:30,2285.0,2285.800048828125,2283.800048828125,2285.10009765625,9218
2025-12-26 14:50:00+05:30,2285.800048828125,2285.89990234375,2284.0,2285.199951171875,9455
2025-12-26 14:55:00+05:30,2286.39990234375,2286.39990234375,2285.0,2286.0,5404
2025-12-26 15:00:00+05:30,2285.0,2286.5,2285.0,2285.39990234375,2840
2025-12-26 15:05:00+05:30,2285.300048828125,2287.5,2285.0,2285.0,7794
2025-12-26 15:10:00+05:30,2285.300048828125,2286.60009765625,2285.0,2285.39990234375,12730
2025-12-26 15:15:00+05:30,2285.0,2286.199951171875,2283.89990234375,2286.199951171875,16413
2025-12-26 15:20:00+05:30,2284.10009765625,2285.5,2283.5,2285.10009765625,12809
2025-12-26 15:25:00+05:30,2285.39990234375,2288.0,2283.5,2283.5,11992
2025-12-29 09:20:00+05:30,2285.0,2287.300048828125,2282.10009765625,2283.89990234375,7570
2025-12-29 09:25:00+05:30,2282.60009765625,2285.10009765625,2280.89990234375,2285.10009765625,9181
2025-12-29 09:30:00+05:30,2282.39990234375,2283.10009765625,2281.39990234375,2282.60009765625,3745
2025-12-29 09:35:00+05:30,2282.300048828125,2282.800048828125,2281.0,2282.39990234375,3522
2025-12-29 09:40:00+05:30,2284.39990234375,2285.89990234375,2282.0,2282.300048828125,7648
2025-12-29 09:45:00+05:30,2288.39990234375,2288.39990234375,2285.5,2286.0,9209
2025-12-29 09:50:00+05:30,2290.0,2290.89990234375,2288.89990234375,2289.0,30234
2025-12-29 09:55:00+05:30,2285.5,2290.300048828125,2284.89990234375,2290.10009765625,43179
2025-12-29 10:00:00+05:30,2283.89990234375,2287.0,2283.5,2285.0,7454
2025-12-29 10:05:00+05:30,2287.39990234375,2287.39990234375,2283.800048828125,2284.0,4724
2025-12-29 10:10:00+05:30,2286.10009765625,2288.0,2285.699951171875,2288.0,3496
2025-12-29 10:15:00+05:30,2286.10009765625,2286.10009765625,2285.800048828125,2286.10009765625,14887
2025-12-29 10:20:00+05:30,2286.39990234375,2287.800048828125,2285.89990234375,2286.0,4687
2025-12-29 10:25:00+05:30,2286.39990234375,2287.0,2285.89990234375,2286.39990234375,6235
2025-12-29 10:30:00+05:30,2286.0,2286.89990234375,2285.800048828125,2286.39990234375,9787
2025-12-29 10:35:00+05:30,2290.0,2290.0,2286.0,2286.199951171875,22857
2025-12-29 10:40:00+05:30,2290.10009765625,2290.89990234375,2289.300048828125,2290.0,3511
2025-12-29 10:45:00+05:30,2289.699951171875,2290.300048828125,2289.60009765625,2290.0,14474
2025-12-29 10:50:00+05:30,2290.0,2291.300048828125,2289.199951171875,2290.0,16354
2025-12-29 10:55:00+05:30,2289.5,2290.800048828125,2289.5,2290.0,7977
2025-12-29 11:00:00+05:30,2290.0,2290.5,2289.0,2290.0,21245
2025-12-29 11:05:00+05:30,2290.0,2290.300048828125,2289.0,2290.0,51993
2025-12-29 11:10:00+05:30,2288.10009765625,2290.300048828125,2287.60009765625,2290.0,4335
2025-12-29 11:15:00+05:30,2287.5,2288.199951171875,2287.0,2287.5,3176
2025-12-29 11:20:00+05:30,2287.60009765625,2288.0,2287.10009765625,2287.300048828125,5157
2025-12-29 11:25:00+05:30,2288.199951171875,2288.300048828125,2287.199951171875,2287.199951171875,11507
2025-12-29 11:30:00+05:30,2289.89990234375,2289.89990234375,2288.199951171875,2288.300048828125,3699
2025-12-29 11:35:00+05:30,2289.699951171875,2290.300048828125,2289.300048828125,2290.0,13803
2025-12-29 11:40:00+05:30,2290.0,2290.300048828125,2289.199951171875,2290.0,12329
2025-12-29 11:45:00+05:30,2290.10009765625,2290.199951171875,2289.0,2290.0,19879
2025-12-29 11:50:00+05:30,2290.10009765625,2290.10009765625,2290.0,2290.0,12461
2025-12-29 11:55:00+05:30,2290.10009765625,2290.300048828125,2290.0,2290.10009765625,6825
2025-12-29 12:00:00+05:30,2291.10009765625,2291.10009765625,2290.0,2290.300048828125,11192
2025-12-29 12:05:00+05:30,2293.0,2294.39990234375,2291.199951171875,2291.199951171875,39269
2025-12-29 12:10:00+05:30,2291.0,2293.5,2290.699951171875,2293.0,5344
2025-12-29 12:15:00+05:30,2290.800048828125,2292.10009765625,2290.60009765625,2291.0,6504
2025-12-29 12:20:00+05:30,2291.5,2292.0,2290.699951171875,2291.5,3583
2025-12-29 12:25:00+05:30,2290.800048828125,2291.699951171875,2290.0,2291.699951171875,4825
2025-12-29 12:30:00+05:30,2290.39990234375,2292.0,2290.0,2290.800048828125,4758
2025-12-29 12:35:00+05:30,2290.10009765625,2290.39990234375,2289.0,2290.39990234375,28054
2025-12-29 12:40:00+05:30,2290.5,2290.5,2289.60009765625,2290.0,22017
2025-12-29 12:45:00+05:30,2290.39990234375,2291.199951171875,2290.0,2290.199951171875,1892
2025-12-29 12:50:00+05:30,2290.10009765625,2290.39990234375,2290.0,2290.39990234375,8337
2025-12-29 12:55:00+05:30,2290.0,2290.300048828125,2289.0,2290.0,12952
2025-12-29 13:00:00+05:30,2291.0,2292.0,2289.5,2290.10009765625,12724
2025-12-29 13:05:00+05:30,2290.0,2290.89990234375,2289.10009765625,2290.89990234375,18470
2025-12-29 13:10:00+05:30,2286.199951171875,2290.10009765625,2283.39990234375,2289.199951171875,15260
2025-12-29 13:15:00+05:30,2289.0,2289.0,2285.10009765625,2286.10009765625,5233
2025-12-29 13:20:00+05:30,2290.10009765625,2290.39990234375,2287.199951171875,2289.0,41578
2025-12-29 13:25:00+05:30,2290.60009765625,2291.5,2289.699951171875,2290.39990234375,7601
2025-12-29 13:30:00+05:30,2290.89990234375,2291.89990234375,2290.0,2290.39990234375,3304
2025-12-29 13:35:00+05:30,2288.800048828125,2291.300048828125,2287.800048828125,2291.0,5641
2025-12-29 13:40:00+05:30,2288.5,2289.39990234375,2287.199951171875,2288.800048828125,11161
2025-12-29 13:45:00+05:30,2289.60009765625,2290.5,2287.0,2288.5,5964
2025-12-29 13:50:00+05:30,2288.800048828125,2289.60009765625,2287.60009765625,2289.60009765625,3184
2025-12-29 13:55:00+05:30,2287.699951171875,2288.800048828125,2287.300048828125,2288.800048828125,3241
2025-12-29 14:00:00+05:30,2286.39990234375,2287.60009765625,2286.300048828125,2287.300048828125,4511
2025-12-29 14:05:00+05:30,2286.10009765625,2287.0,2285.60009765625,2286.39990234375,4152
2025-12-29 14:10:00+05:30,2287.199951171875,2287.699951171875,2285.10009765625,2286.10009765625,25074
2025-12-29 14:15:00+05:30,2285.60009765625,2287.300048828125,2285.5,2287.300048828125,16624
2025-12-29 14:20:00+05:30,2289.199951171875,2289.199951171875,2285.39990234375,2285.5,16040
2025-12-29 14:25:00+05:30,2289.0,2290.60009765625,2287.89990234375,2289.0,48581
2025-12-29 14:30:00+05:30,2287.699951171875,2289.0,2287.699951171875,2288.5,5613
2025-12-29 14:35:00+05:30,2288.5,2288.89990234375,2288.0,2288.199951171875,13472
2025-12-29 14:40:00+05:30,2287.800048828125,2288.800048828125,2287.800048828125,2288.39990234375,12922
2025-12-29 14:45:00+05:30,2288.60009765625,2288.60009765625,2287.800048828125,2287.800048828125,6859
2025-12-29 14:50:00+05:30,2289.5,2289.800048828125,2288.0,2288.60009765625,7875
2025-12-29 14:55:00+05:30,2290.10009765625,2290.199951171875,2288.800048828125,2289.0,32074
2025-12-29 15:00:00+05:30,2290.60009765625,2291.0,2290.0,2290.60009765625,18214
2025-12-29 15:05:00+05:30,2291.10009765625,2292.39990234375,2290.39990234375,2290.39990234375,46113
2025-12-29 15:10:00+05:30,2291.199951171875,2291.60009765625,2289.300048828125,2291.10009765625,20465
2025-12-29 15:15:00+05:30,2294.10009765625,2296.699951171875,2291.0,2291.5,24350
2025-12-29 15:20:00+05:30,2295.300048828125,2295.800048828125,2292.300048828125,2293.89990234375,37670
2025-12-29 15:25:00+05:30,2293.300048828125,2298.0,2293.300048828125,2295.300048828125,41320
2025-12-30 09:20:00+05:30,2287.39990234375,2292.0,2287.0,2290.89990234375,6065
2025-12-30 09:25:00+05:30,2286.60009765625,2289.10009765625,2286.0,2287.0,5566
2025-12-30 09:30:00+05:30,2285.10009765625,2287.39990234375,2283.0,2286.300048828125,6816
2025-12-30 09:35:00+05:30,2288.699951171875,2288.699951171875,2285.0,2285.0,5620
2025-12-30 09:40:00+05:30,2289.300048828125,2291.0,2288.0,2288.699951171875,8607
2025-12-30 09:45:00+05:30,2285.800048828125,2289.300048828125,2285.0,2289.300048828125,3333
2025-12-30 09:50:00+05:30,2287.0,2289.60009765625,2285.199951171875,2285.800048828125,3676
2025-12-30 09:55:00+05:30,2287.0,2288.5,2286.199951171875,2287.0,3778
2025-12-30 10:00:00+05:30,2288.39990234375,2288.699951171875,2286.300048828125,2287.300048828125,2914
2025-12-30 10:05:00+05:30,2290.0,2290.0,2288.39990234375,2288.699951171875,4021
2025-12-30 10:10:00+05:30,2291.39990234375,2292.300048828125,2288.89990234375,2290.0,7752
2025-12-30 10:15:00+05:30,2292.199951171875,2293.699951171875,2291.39990234375,2291.39990234375,3982
2025-12-30 10:20:00+05:30,2293.800048828125,2294.0,2291.5,2292.300048828125,4874
2025-12-30 10:25:00+05:30,2295.0,2295.5,2292.39990234375,2293.5,4885
2025-12-30 10:30:00+05:30,2297.5,2298.0,2294.800048828125,2295.0,12047
2025-12-30 10:35:00+05:30,2296.0,2297.300048828125,2294.800048828125,2296.39990234375,7097
2025-12-30 10:40:00+05:30,2294.699951171875,2296.800048828125,2294.699951171875,2296.0,6064
2025-12-30 10:45:00+05:30,2291.699951171875,2295.0,2291.39990234375,2294.699951171875,4709
2025-12-30 10:50:00+05:30,2294.199951171875,2295.0,2291.60009765625,2292.10009765625,34805
2025-12-30 10:55:00+05:30,2295.0,2295.0,2292.60009765625,2293.699951171875,13759
2025-12-30 11:00:00+05:30,2294.0,2295.300048828125,2294.0,2295.10009765625,28395
2025-12-30 11:05:00+05:30,2294.0,2298.0,2293.60009765625,2294.0,42740
2025-12-30 11:10:00+05:30,2292.300048828125,2295.10009765625,2291.60009765625,2293.5,17988
2025-12-30 11:15:00+05:30,2292.39990234375,2294.199951171875,2290.60009765625,2292.199951171875,30699
2025-12-30 11:20:00+05:30,2292.10009765625,2293.5,2290.699951171875,2292.39990234375,40772
2025-12-30 11:25:00+05:30,2291.89990234375,2295.39990234375,2291.10009765625,2292.10009765625,41484
2025-12-30 11:30:00+05:30,2289.800048828125,2291.199951171875,2288.5,2291.0,9689
2025-12-30 11:35:00+05:30,2290.199951171875,2291.0,2289.10009765625,2289.89990234375,6087
2025-12-30 11:40:00+05:30,2290.199951171875,2290.5,2289.5,2290.199951171875,10031
2025-12-30 11:45:00+05:30,2292.89990234375,2295.0,2290.300048828125,2290.300048828125,51418
2025-12-30 11:50:00+05:30,2291.5,2293.0,2291.0,2293.0,7211
2025-12-30 11:55:00+05:30,2291.199951171875,2291.89990234375,2289.39990234375,2291.5,7828
2025-12-30 12:00:00+05:30,2291.699951171875,2293.10009765625,2291.0,2291.5,17072
2025-12-30 12:05:00+05:30,2295.699951171875,2295.89990234375,2289.60009765625,2291.699951171875,60327
2025-12-30 12:10:00+05:30,2295.0,2295.60009765625,2294.0,2295.60009765625,13562
2025-12-30 12:15:00+05:30,2292.60009765625,2295.300048828125,2292.60009765625,2295.0,8983
2025-12-30 12:20:00+05:30,2292.199951171875,2292.5,2292.0,2292.5,3788
2025-12-30 12:25:00+05:30,2290.60009765625,2292.39990234375,2290.0,2292.199951171875,5181
2025-12-30 12:30:00+05:30,2290.39990234375,2291.39990234375,2289.39990234375,2290.5,7909
2025-12-30 12:35:00+05:30,2291.0,2291.10009765625,2289.39990234375,2290.39990234375,4216
2025-12-30 12:40:00+05:30,2290.39990234375,2291.60009765625,2289.10009765625,2291.0,5257
2025-12-30 12:45:00+05:30,2291.0,2292.0,2289.89990234375,2290.39990234375,5640
2025-12-30 12:50:00+05:30,2292.39990234375,2293.199951171875,2289.300048828125,2290.800048828125,28998
2025-12-30 12:55:00+05:30,2290.0,2293.199951171875,2290.0,2291.60009765625,4030
2025-12-30 13:00:00+05:30,2289.10009765625,2290.60009765625,2289.0,2290.300048828125,6347
2025-12-30 13:05:00+05:30,2287.10009765625,2289.60009765625,2286.0,2289.60009765625,6362
2025-12-30 13:10:00+05:30,2285.89990234375,2287.60009765625,2285.89990234375,2287.10009765625,2936
2025-12-30 13:15:00+05:30,2286.800048828125,2286.800048828125,2285.0,2285.0,4617
2025-12-30 13:20:00+05:30,2286.89990234375,2288.199951171875,2286.699951171875,2286.800048828125,4332
2025-12-30 13:25:00+05:30,2286.5,2287.199951171875,2285.300048828125,2286.800048828125,3970
2025-12-30 13:30:00+05:30,2286.5,2287.199951171875,2285.699951171875,2286.300048828125,7978
2025-12-30 13:35:00+05:30,2286.800048828125,2287.10009765625,2286.0,2286.5,6712
2025-12-30 13:40:00+05:30,2288.699951171875,2288.89990234375,2286.699951171875,2286.699951171875,5542
2025-12-30 13:45:00+05:30,2289.60009765625,2289.60009765625,2287.699951171875,2288.89990234375,25208
2025-12-30 13:50:00+05:30,2288.0,2289.5,2287.0,2289.39990234375,10730
2025-12-30 13:55:00+05:30,2287.60009765625,2288.0,2287.199951171875,2288.0,3588
2025-12-30 14:00:00+05:30,2286.699951171875,2288.0,2286.10009765625,2287.89990234375,10239
2025-12-30 14:05:00+05:30,2286.300048828125,2287.10009765625,2285.5,2286.699951171875,15100
2025-12-30 14:10:00+05:30,2285.89990234375,2286.300048828125,2284.10009765625,2286.300048828125,14529
2025-12-30 14:15:00+05:30,2285.300048828125,2286.800048828125,2285.0,2285.89990234375,4438
2025-12-30 14:20:00+05:30,2286.800048828125,2287.0,2284.800048828125,2285.5,7826
2025-12-30 14:25:00+05:30,2285.39990234375,2287.0,2284.800048828125,2286.5,30938
2025-12-30 14:30:00+05:30,2284.5,2285.89990234375,2284.0,2285.0,18079
2025-12-30 14:35:00+05:30,2285.10009765625,2285.300048828125,2283.300048828125,2284.39990234375,18046
2025-12-30 14:40:00+05:30,2286.89990234375,2287.0,2284.699951171875,2285.10009765625,15885
2025-12-30 14:45:00+05:30,2285.0,2286.800048828125,2283.699951171875,2286.800048828125,26761
2025-12-30 14:50:00+05:30,2285.0,2285.699951171875,2284.39990234375,2285.5,19480
2025-12-30 14:55:00+05:30,2286.199951171875,2286.800048828125,2284.199951171875,2285.0,25928
2025-12-30 15:00:00+05:30,2287.5,2292.0,2286.0,2286.0,83998
2025-12-30 15:05:00+05:30,2290.0,2291.0,2286.89990234375,2287.199951171875,163747
2025-12-30 15:10:00+05:30,2291.0,2292.89990234375,2289.10009765625,2289.10009765625,168377
2025-12-30 15:15:00+05:30,2292.199951171875,2292.5,2290.0,2291.800048828125,93967
2025-12-30 15:20:00+05:30,2292.300048828125,2292.89990234375,2290.10009765625,2291.800048828125,80016
2025-12-30 15:25:00+05:30,2290.199951171875,2293.89990234375,2289.89990234375,2293.0,46618
2025-12-31 09:20:00+05:30,2306.0,2308.699951171875,2305.0,2307.800048828125,12527
2025-12-31 09:25:00+05:30,2306.39990234375,2306.5,2305.0,2305.199951171875,38859
2025-12-31 09:30:00+05:30,2305.300048828125,2307.89990234375,2305.0,2306.5,20417
2025-12-31 09:35:00+05:30,2308.0,2308.300048828125,2305.0,2305.199951171875,22729
2025-12-31 09:40:00+05:30,2305.89990234375,2307.89990234375,2305.199951171875,2307.800048828125,5245
2025-12-31 09:45:00+05:30,2309.199951171875,2311.699951171875,2306.39990234375,2306.39990234375,11859
2025-12-31 09:50:00+05:30,2315.5,2317.0,2309.0,2309.0,45727
2025-12-31 09:55:00+05:30,2315.300048828125,2317.5,2315.0,2315.5,9998
2025-12-31 10:00:00+05:30,2315.10009765625,2316.60009765625,2315.0,2315.60009765625,26857
2025-12-31 10:05:00+05:30,2315.89990234375,2317.199951171875,2315.0,2315.0,11987
2025-12-31 10:10:00+05:30,2316.60009765625,2316.89990234375,2315.89990234375,2316.39990234375,5867
2025-12-31 10:15:00+05:30,2315.60009765625,2316.699951171875,2315.0,2316.60009765625,8226
2025-12-31 10:20:00+05:30,2316.5,2316.5,2315.0,2315.60009765625,6445
2025-12-31 10:25:00+05:30,2316.0,2317.300048828125,2315.10009765625,2315.800048828125,12069
2025-12-31 10:30:00+05:30,2312.300048828125,2317.5,2310.39990234375,2316.39990234375,91920
2025-12-31 10:35:00+05:30,2311.800048828125,2313.0,2311.0,2312.0,4066
2025-12-31 10:40:00+05:30,2312.300048828125,2313.0,2311.39990234375,2311.800048828125,2449
2025-12-31 10:45:00+05:30,2311.0,2312.10009765625,2310.60009765625,2312.0,26714
2025-12-31 10:50:00+05:30,2312.0,2313.39990234375,2311.0,2311.10009765625,8371
2025-12-31 10:55:00+05:30,2311.10009765625,2312.0,2310.5,2311.39990234375,18423
2025-12-31 11:00:00+05:30,2311.199951171875,2312.10009765625,2311.0,2311.10009765625,11043
2025-12-31 11:05:00+05:30,2312.5,2313.0,2311.199951171875,2311.199951171875,6277
2025-12-31 11:10:00+05:30,2311.5,2312.89990234375,2311.0,2312.5,5861
2025-12-31 11:15:00+05:30,2311.10009765625,2312.89990234375,2311.0,2311.5,6184
2025-12-31 11:20:00+05:30,2313.800048828125,2313.800048828125,2311.0,2311.10009765625,9545
2025-12-31 11:25:00+05:30,2312.300048828125,2314.39990234375,2311.800048828125,2313.39990234375,4726
2025-12-31 11:30:00+05:30,2312.199951171875,2312.60009765625,2311.0,2311.10009765625,7631
2025-12-31 11:35:00+05:30,2312.5,2313.60009765625,2311.0,2312.60009765625,5333
2025-12-31 11:40:00+05:30,2312.5,2313.699951171875,2311.10009765625,2312.5,5355
2025-12-31 11:45:00+05:30,2311.89990234375,2312.60009765625,2311.10009765625,2311.89990234375,5271
2025-12-31 11:50:00+05:30,2311.0,2312.199951171875,2311.0,2311.5,7363
2025-12-31 11:55:00+05:30,2311.0,2311.10009765625,2311.0,2311.0,10955
2025-12-31 12:00:00+05:30,2311.10009765625,2311.199951171875,2311.0,2311.10009765625,10171
2025-12-31 12:05:00+05:30,2312.89990234375,2313.699951171875,2311.0,2311.10009765625,6846
2025-12-31 12:10:00+05:30,2315.89990234375,2316.60009765625,2312.60009765625,2313.199951171875,23526
2025-12-31 12:15:00+05:30,2316.39990234375,2317.5,2315.0,2316.0,18939
2025-12-31 12:20:00+05:30,2321.0,2323.0,2316.800048828125,2316.800048828125,27638
2025-12-31 12:25:00+05:30,2320.5,2321.39990234375,2319.0,2321.39990234375,11362
2025-12-31 12:30:00+05:30,2322.39990234375,2322.89990234375,2319.89990234375,2320.5,20571
2025-12-31 12:35:00+05:30,2322.5,2322.60009765625,2320.39990234375,2321.39990234375,12011
2025-12-31 12:40:00+05:30,2323.5,2324.60009765625,2321.5,2322.39990234375,24736
2025-12-31 12:45:00+05:30,2324.300048828125,2325.300048828125,2322.199951171875,2323.199951171875,15834
2025-12-31 12:50:00+05:30,2324.39990234375,2325.5,2323.699951171875,2324.699951171875,12395
2025-12-31 12:55:00+05:30,2321.5,2325.300048828125,2321.0,2324.800048828125,12642
2025-12-31 13:00:00+05:30,2322.10009765625,2322.89990234375,2321.0,2322.0,2675
2025-12-31 13:05:00+05:30,2319.0,2322.699951171875,2319.0,2322.0,6784
2025-12-31 13:10:00+05:30,2318.5,2320.0,2317.699951171875,2319.199951171875,3639
2025-12-31 13:15:00+05:30,2318.0,2319.300048828125,2317.199951171875,2318.60009765625,2506
2025-12-31 13:20:00+05:30,2318.0,2318.60009765625,2317.199951171875,2317.89990234375,2364
2025-12-31 13:25:00+05:30,2316.300048828125,2320.300048828125,2316.0,2318.0,15770
2025-12-31 13:30:00+05:30,2315.699951171875,2317.800048828125,2315.60009765625,2316.39990234375,4054
2025-12-31 13:35:00+05:30,2318.699951171875,2319.0,2315.800048828125,2315.800048828125,2775
2025-12-31 13:40:00+05:30,2318.5,2319.0,2318.199951171875,2318.39990234375,2115
2025-12-31 13:45:00+05:30,2317.300048828125,2320.89990234375,2316.60009765625,2318.5,11663
2025-12-31 13:50:00+05:30,2316.699951171875,2318.10009765625,2315.10009765625,2318.10009765625,6620
2025-12-31 13:55:00+05:30,2317.39990234375,2318.89990234375,2316.10009765625,2317.0,11307
2025-12-31 14:00:00+05:30,2315.199951171875,2318.60009765625,2315.0,2317.699951171875,5417
2025-12-31 14:05:00+05:30,2315.199951171875,2316.0,2315.0,2315.10009765625,4773
2025-12-31 14:10:00+05:30,2315.0,2316.800048828125,2315.0,2315.300048828125,19612
2025-12-31 14:15:00+05:30,2317.60009765625,2318.60009765625,2315.0,2315.300048828125,7910
2025-12-31 14:20:00+05:30,2315.0,2318.10009765625,2315.0,2318.10009765625,14681
2025-12-31 14:25:00+05:30,2315.800048828125,2316.60009765625,2315.0,2315.10009765625,12040
2025-12-31 14:30:00+05:30,2312.5,2314.10009765625,2311.5,2312.5,42231
2025-12-31 14:35:00+05:30,2313.0,2313.800048828125,2311.300048828125,2312.39990234375,23972
2025-12-31 14:40:00+05:30,2312.800048828125,2314.10009765625,2312.199951171875,2312.89990234375,21822
2025-12-31 14:45:00+05:30,2312.60009765625,2313.60009765625,2312.0,2312.60009765625,21193
2025-12-31 14:50:00+05:30,2313.800048828125,2315.0,2312.0,2312.5,25727
2025-12-31 14:55:00+05:30,2315.0,2315.10009765625,2313.10009765625,2313.800048828125,31241
2025-12-31 15:00:00+05:30,2316.199951171875,2316.199951171875,2313.800048828125,2314.89990234375,47722
2025-12-31 15:05:00+05:30,2315.300048828125,2316.10009765625,2315.0,2316.10009765625,49397
2025-12-31 15:10:00+05:30,2316.699951171875,2316.699951171875,2315.0,2315.10009765625,47100
2025-12-31 15:15:00+05:30,2317.10009765625,2317.699951171875,2316.10009765625,2317.199951171875,63807
2025-12-31 15:20:00+05:30,2316.199951171875,2317.699951171875,2315.0,2317.10009765625,68613
2025-12-31 15:25:00+05:30,2316.0,2317.39990234375,2315.199951171875,2317.39990234375,27313
2026-01-01 09:20:00+05:30,2313.10009765625,2318.5,2311.0,2316.10009765625,9456
2026-01-01 09:25:00+05:30,2313.199951171875,2313.800048828125,2311.10009765625,2313.0,4807
2026-01-01 09:30:00+05:30,2309.0,2312.699951171875,2308.699951171875,2312.699951171875,4730
2026-01-01 09:35:00+05:30,2309.699951171875,2310.89990234375,2308.5,2309.199951171875,4686
2026-01-01 09:40:00+05:30,2307.800048828125,2309.800048828125,2306.699951171875,2309.699951171875,6422
2026-01-01 09:45:00+05:30,2307.39990234375,2308.0,2305.39990234375,2307.89990234375,5253
2026-01-01 09:50:00+05:30,2308.0,2308.0,2307.0,2307.10009765625,18708
2026-01-01 09:55:00+05:30,2304.300048828125,2308.0,2303.10009765625,2308.0,13163
2026-01-01 10:00:00+05:30,2306.800048828125,2308.0,2303.10009765625,2304.0,8119
2026-01-01 10:05:00+05:30,2309.800048828125,2311.89990234375,2306.699951171875,2307.5,4610
2026-01-01 10:10:00+05:30,2308.0,2309.89990234375,2306.5,2309.89990234375,2969
2026-01-01 10:15:00+05:30,2304.89990234375,2308.0,2302.89990234375,2307.800048828125,2595
2026-01-01 10:20:00+05:30,2305.60009765625,2305.699951171875,2304.39990234375,2304.60009765625,1775
2026-01-01 10:25:00+05:30,2307.199951171875,2307.60009765625,2305.0,2305.60009765625,2511
2026-01-01 10:30:00+05:30,2307.10009765625,2308.0,2304.89990234375,2307.199951171875,5227
2026-01-01 10:35:00+05:30,2307.199951171875,2307.699951171875,2306.10009765625,2307.0,641
2026-01-01 10:40:00+05:30,2308.0,2308.0,2305.300048828125,2307.199951171875,2748
2026-01-01 10:45:00+05:30,2308.0,2308.0,2307.300048828125,2308.0,1628
2026-01-01 10:50:00+05:30,2307.39990234375,2308.0,2306.60009765625,2308.0,2864
2026-01-01 10:55:00+05:30,2306.10009765625,2307.699951171875,2305.89990234375,2307.39990234375,1470
2026-01-01 11:00:00+05:30,2306.0,2308.0,2305.199951171875,2306.300048828125,5044
2026-01-01 11:05:00+05:30,2303.800048828125,2308.0,2303.39990234375,2306.0,10406
2026-01-01 11:10:00+05:30,2302.89990234375,2304.39990234375,2301.800048828125,2303.5,7599
2026-01-01 11:15:00+05:30,2301.0,2302.89990234375,2300.10009765625,2302.39990234375,6429
2026-01-01 11:20:00+05:30,2304.0,2304.699951171875,2300.0,2301.0,14326
2026-01-01 11:25:00+05:30,2307.60009765625,2307.60009765625,2303.10009765625,2303.10009765625,9315
2026-01-01 11:30:00+05:30,2306.800048828125,2307.800048828125,2306.199951171875,2307.39990234375,13516
2026-01-01 11:35:00+05:30,2307.5,2307.800048828125,2305.5,2306.800048828125,7246
2026-01-01 11:40:00+05:30,2301.800048828125,2307.60009765625,2301.60009765625,2307.5,15574
2026-01-01 11:45:00+05:30,2301.699951171875,2303.39990234375,2301.0,2302.89990234375,5531
2026-01-01 11:50:00+05:30,2306.199951171875,2307.60009765625,2300.800048828125,2300.800048828125,13395
2026-01-01 11:55:00+05:30,2307.199951171875,2307.699951171875,2305.60009765625,2306.199951171875,7975
2026-01-01 12:00:00+05:30,2307.199951171875,2307.5,2306.300048828125,2307.199951171875,6899
2026-01-01 12:05:00+05:30,2306.5,2307.300048828125,2305.300048828125,2307.0,6865
2026-01-01 12:10:00+05:30,2305.800048828125,2306.89990234375,2304.699951171875,2306.0,5083
2026-01-01 12:15:00+05:30,2305.300048828125,2305.699951171875,2301.199951171875,2305.699951171875,10716
2026-01-01 12:20:00+05:30,2303.300048828125,2305.60009765625,2301.39990234375,2305.5,5209
2026-01-01 12:25:00+05:30,2305.199951171875,2305.5,2302.199951171875,2303.300048828125,5921
2026-01-01 12:30:00+05:30,2306.0,2306.89990234375,2304.60009765625,2305.199951171875,3172
2026-01-01 12:35:00+05:30,2308.0,2308.0,2305.10009765625,2306.0,6270
2026-01-01 12:40:00+05:30,2307.300048828125,2308.0,2307.0,2308.0,4361
2026-01-01 12:45:00+05:30,2307.699951171875,2308.0,2306.699951171875,2307.300048828125,5966
2026-01-01 12:50:00+05:30,2307.800048828125,2308.0,2306.89990234375,2307.699951171875,4670
2026-01-01 12:55:00+05:30,2308.0,2308.0,2307.0,2307.800048828125,2400
2026-01-01 13:00:00+05:30,2308.0,2308.0,2307.10009765625,2308.0,2156
2026-01-01 13:05:00+05:30,2308.0,2308.0,2307.10009765625,2307.60009765625,3196
2026-01-01 13:10:00+05:30,2310.699951171875,2310.89990234375,2307.0,2308.0,14512
2026-01-01 13:15:00+05:30,2311.199951171875,2311.699951171875,2309.300048828125,2310.699951171875,4764
2026-01-01 13:20:00+05:30,2309.39990234375,2311.10009765625,2308.199951171875,2310.10009765625,5663
2026-01-01 13:25:00+05:30,2308.0,2311.0,2307.60009765625,2309.10009765625,22923
2026-01-01 13:30:00+05:30,2310.0,2310.89990234375,2308.0,2308.800048828125,7957
2026-01-01 13:35:00+05:30,2310.199951171875,2310.60009765625,2309.0,2309.699951171875,2917
2026-01-01 13:40:00+05:30,2310.0,2310.5,2309.0,2310.0,2989
2026-01-01 13:45:00+05:30,2309.300048828125,2310.5,2309.300048828125,2310.0,3027
2026-01-01 13:50:00+05:30,2310.0,2311.5,2309.0,2309.89990234375,37280
2026-01-01 13:55:00+05:30,2313.5,2313.89990234375,2309.39990234375,2310.0,12570
2026-01-01 14:00:00+05:30,2312.10009765625,2315.0,2311.10009765625,2313.39990234375,7836
2026-01-01 14:05:00+05:30,2314.199951171875,2314.5,2312.0,2312.199951171875,4339
2026-01-01 14:10:00+05:30,2315.89990234375,2315.89990234375,2313.199951171875,2313.800048828125,5724
2026-01-01 14:15:00+05:30,2316.199951171875,2316.199951171875,2314.199951171875,2315.800048828125,2917
2026-01-01 14:20:00+05:30,2315.60009765625,2316.89990234375,2314.0,2316.199951171875,14582
2026-01-01 14:25:00+05:30,2313.699951171875,2315.60009765625,2310.199951171875,2315.60009765625,26886
2026-01-01 14:30:00+05:30,2314.89990234375,2316.10009765625,2312.89990234375,2314.300048828125,24891
2026-01-01 14:35:00+05:30,2314.10009765625,2315.5,2312.0,2314.800048828125,3786
2026-01-01 14:40:00+05:30,2315.0,2315.0,2313.199951171875,2313.5,8061
2026-01-01 14:45:00+05:30,2319.10009765625,2319.5,2313.0,2315.0,25786
2026-01-01 14:50:00+05:30,2317.89990234375,2320.300048828125,2317.800048828125,2319.10009765625,11926
2026-01-01 14:55:00+05:30,2320.199951171875,2320.300048828125,2318.0,2318.0,12390
2026-01-01 15:00:00+05:30,2325.0,2325.0,2319.89990234375,2320.5,19869
2026-01-01 15:05:00+05:30,2324.199951171875,2325.800048828125,2321.699951171875,2323.89990234375,18672
2026-01-01 15:10:00+05:30,2323.39990234375,2324.39990234375,2322.0,2324.199951171875,27088
2026-01-01 15:15:00+05:30,2322.800048828125,2324.10009765625,2318.89990234375,2323.199951171875,45664
2026-01-01 15:20:00+05:30,2323.699951171875,2324.0,2322.10009765625,2322.699951171875,49918
2026-01-01 15:25:00+05:30,2325.10009765625,2325.5,2320.800048828125,2323.800048828125,29188
2026-01-02 09:20:00+05:30,2329.0,2331.89990234375,2326.0,2327.699951171875,15917
2026-01-02 09:25:00+05:30,2328.800048828125,2329.60009765625,2326.0,2329.60009765625,13465
2026-01-02 09:30:00+05:30,2328.199951171875,2330.699951171875,2327.800048828125,2329.89990234375,11134
2026-01-02 09:35:00+05:30,2328.699951171875,2330.300048828125,2327.39990234375,2329.0,10398
2026-01-02 09:40:00+05:30,2328.199951171875,2331.60009765625,2327.89990234375,2328.0,9612
2026-01-02 09:45:00+05:30,2330.89990234375,2331.0,2328.199951171875,2329.199951171875,5560
2026-01-02 09:50:00+05:30,2335.89990234375,2336.89990234375,2330.10009765625,2330.89990234375,25073
2026-01-02 09:55:00+05:30,2335.199951171875,2336.89990234375,2333.0,2335.89990234375,12698
2026-01-02 10:00:00+05:30,2335.5,2336.5,2335.0,2335.199951171875,19064
2026-01-02 10:05:00+05:30,2333.5,2335.5,2331.10009765625,2335.5,14615
2026-01-02 10:10:00+05:30,2335.199951171875,2335.89990234375,2333.5,2333.5,6941
2026-01-02 10:15:00+05:30,2334.0,2337.800048828125,2332.199951171875,2335.699951171875,11064
2026-01-02 10:20:00+05:30,2333.5,2336.5,2332.300048828125,2333.39990234375,9356
2026-01-02 10:25:00+05:30,2333.10009765625,2334.199951171875,2331.39990234375,2333.699951171875,8342
2026-01-02 10:30:00+05:30,2332.10009765625,2333.300048828125,2331.39990234375,2333.10009765625,3154
2026-01-02 10:35:00+05:30,2334.300048828125,2334.39990234375,2331.60009765625,2332.10009765625,5491
2026-01-02 10:40:00+05:30,2333.0,2334.800048828125,2332.800048828125,2334.0,5679
2026-01-02 10:45:00+05:30,2332.300048828125,2333.0,2331.39990234375,2333.0,7233
2026-01-02 10:50:00+05:30,2331.300048828125,2333.0,2330.89990234375,2332.0,7559
2026-01-02 10:55:00+05:30,2332.0,2332.800048828125,2330.800048828125,2331.10009765625,15601
2026-01-02 11:00:00+05:30,2332.5,2334.60009765625,2332.0,2332.0,5309
2026-01-02 11:05:00+05:30,2333.0,2333.0,2331.10009765625,2332.5,6442
2026-01-02 11:10:00+05:30,2336.5,2336.60009765625,2331.300048828125,2333.0,7127
2026-01-02 11:15:00+05:30,2340.60009765625,2341.39990234375,2335.199951171875,2336.60009765625,13436
2026-01-02 11:20:00+05:30,2342.300048828125,2342.89990234375,2340.10009765625,2340.199951171875,9021
2026-01-02 11:25:00+05:30,2342.0,2343.0,2340.0,2343.0,7358
2026-01-02 11:30:00+05:30,2344.0,2344.300048828125,2341.0,2342.199951171875,8143
2026-01-02 11:35:00+05:30,2346.800048828125,2346.89990234375,2342.5,2344.0,16306
2026-01-02 11:40:00+05:30,2345.39990234375,2347.89990234375,2344.39990234375,2346.699951171875,16331
2026-01-02 11:45:00+05:30,2343.89990234375,2346.0,2342.10009765625,2345.89990234375,14442
2026-01-02 11:50:00+05:30,2345.10009765625,2347.5,2343.199951171875,2343.60009765625,9856
2026-01-02 11:55:00+05:30,2346.0,2348.5,2344.60009765625,2345.5,8526
2026-01-02 12:00:00+05:30,2345.800048828125,2346.5,2344.60009765625,2345.60009765625,8938
2026-01-02 12:05:00+05:30,2347.300048828125,2347.5,2345.0,2345.800048828125,7343
2026-01-02 12:10:00+05:30,2345.10009765625,2347.199951171875,2345.0,2346.89990234375,5774
2026-01-02 12:15:00+05:30,2346.0,2346.300048828125,2345.0,2345.300048828125,7235
2026-01-02 12:20:00+05:30,2346.5,2346.699951171875,2345.0,2345.60009765625,9253
2026-01-02 12:25:00+05:30,2345.89990234375,2346.300048828125,2344.800048828125,2345.5,10076
2026-01-02 12:30:00+05:30,2345.39990234375,2346.0,2344.199951171875,2345.800048828125,9309
2026-01-02 12:35:00+05:30,2346.5,2346.800048828125,2344.800048828125,2345.800048828125,9529
2026-01-02 12:40:00+05:30,2349.699951171875,2350.0,2346.300048828125,2346.300048828125,14238
2026-01-02 12:45:00+05:30,2351.0,2353.300048828125,2349.39990234375,2349.699951171875,16042
2026-01-02 12:50:00+05:30,2352.89990234375,2353.0,2349.89990234375,2351.10009765625,10843
2026-01-02 12:55:00+05:30,2354.0,2355.0,2351.10009765625,2352.89990234375,8245
2026-01-02 13:00:00+05:30,2353.39990234375,2354.60009765625,2352.0,2354.60009765625,6979
2026-01-02 13:05:00+05:30,2353.39990234375,2353.699951171875,2351.89990234375,2353.0,8046
2026-01-02 13:10:00+05:30,2357.199951171875,2357.5,2352.0,2353.10009765625,16317
2026-01-02 13:15:00+05:30,2354.10009765625,2357.5,2353.0,2356.800048828125,14015
2026-01-02 13:20:00+05:30,2353.5,2355.5,2352.60009765625,2353.699951171875,9857
2026-01-02 13:25:00+05:30,2353.0,2354.0,2351.5,2352.60009765625,13542
2026-01-02 13:30:00+05:30,2352.89990234375,2353.699951171875,2352.5,2352.5,11555
2026-01-02 13:35:00+05:30,2353.0,2353.5,2352.5,2352.60009765625,20297
2026-01-02 13:40:00+05:30,2349.699951171875,2353.0,2348.89990234375,2352.89990234375,28892
2026-01-02 13:45:00+05:30,2350.699951171875,2351.10009765625,2347.699951171875,2349.5,22990
2026-01-02 13:50:00+05:30,2351.199951171875,2351.699951171875,2350.199951171875,2350.199951171875,10761
2026-01-02 13:55:00+05:30,2350.0,2351.699951171875,2349.60009765625,2350.800048828125,8526
2026-01-02 14:00:00+05:30,2348.5,2349.60009765625,2346.0,2349.60009765625,10789
2026-01-02 14:05:00+05:30,2349.10009765625,2349.300048828125,2347.300048828125,2348.300048828125,5571
2026-01-02 14:10:00+05:30,2348.199951171875,2349.300048828125,2346.800048828125,2348.0,3577
2026-01-02 14:15:00+05:30,2348.800048828125,2349.89990234375,2346.10009765625,2348.39990234375,12661
2026-01-02 14:20:00+05:30,2347.199951171875,2349.199951171875,2345.800048828125,2348.89990234375,14741
2026-01-02 14:25:00+05:30,2345.0,2346.800048828125,2344.89990234375,2346.5,8345
2026-01-02 14:30:00+05:30,2343.60009765625,2345.300048828125,2342.5,2345.10009765625,10235
2026-01-02 14:35:00+05:30,2344.10009765625,2344.60009765625,2343.0,2343.5,7499
2026-01-02 14:40:00+05:30,2341.199951171875,2344.199951171875,2340.0,2343.39990234375,27432
2026-01-02 14:45:00+05:30,2344.39990234375,2344.39990234375,2340.39990234375,2341.0,11934
2026-01-02 14:50:00+05:30,2346.89990234375,2346.89990234375,2343.5,2344.39990234375,16774
2026-01-02 14:55:00+05:30,2347.300048828125,2348.0,2346.0,2346.699951171875,15892
2026-01-02 15:00:00+05:30,2349.300048828125,2349.89990234375,2347.800048828125,2348.199951171875,22782
2026-01-02 15:05:00+05:30,2347.89990234375,2349.5,2347.5,2348.800048828125,27533
2026-01-02 15:10:00+05:30,2348.199951171875,2348.300048828125,2346.5,2347.800048828125,28999
2026-01-02 15:15:00+05:30,2348.10009765625,2349.199951171875,2347.300048828125,2348.0,22830
2026-01-02 15:20:00+05:30,2347.699951171875,2348.60009765625,2345.0,2348.60009765625,35390
2026-01-02 15:25:00+05:30,2348.0,2350.0,2346.10009765625,2346.10009765625,22969
2026-01-05 09:20:00+05:30,2339.0,2342.60009765625,2336.39990234375,2342.300048828125,10003
2026-01-05 09:25:00+05:30,2339.0,2344.699951171875,2339.0,2339.800048828125,8126
2026-01-05 09:30:00+05:30,2341.0,2342.800048828125,2338.10009765625,2339.0,5854
2026-01-05 09:35:00+05:30,2346.10009765625,2348.89990234375,2340.0,2340.10009765625,7864
2026-01-05 09:40:00+05:30,2347.0,2347.699951171875,2344.800048828125,2346.60009765625,6743
2026-01-05 09:45:00+05:30,2353.5,2354.39990234375,2346.10009765625,2347.0,15169
2026-01-05 09:50:00+05:30,2370.60009765625,2371.199951171875,2353.10009765625,2353.10009765625,37773
2026-01-05 09:55:00+05:30,2373.699951171875,2376.0,2369.300048828125,2371.0,25285
2026-01-05 10:00:00+05:30,2365.39990234375,2375.0,2365.199951171875,2373.0,19648
2026-01-05 10:05:00+05:30,2379.60009765625,2379.60009765625,2364.800048828125,2364.800048828125,27773
2026-01-05 10:10:00+05:30,2378.300048828125,2383.89990234375,2377.5,2378.699951171875,26737
2026-01-05 10:15:00+05:30,2374.60009765625,2379.89990234375,2374.60009765625,2378.0,10647
2026-01-05 10:20:00+05:30,2374.0,2376.699951171875,2372.39990234375,2375.0,5324
2026-01-05 10:25:00+05:30,2373.800048828125,2376.5,2372.89990234375,2374.60009765625,17621
2026-01-05 10:30:00+05:30,2379.199951171875,2379.199951171875,2373.39990234375,2373.39990234375,13863
2026-01-05 10:35:00+05:30,2384.0,2384.0,2378.10009765625,2378.300048828125,13201
2026-01-05 10:40:00+05:30,2384.89990234375,2386.60009765625,2382.60009765625,2384.0,17152
2026-01-05 10:45:00+05:30,2382.800048828125,2384.800048828125,2380.800048828125,2384.39990234375,5435
2026-01-05 10:50:00+05:30,2384.699951171875,2386.0,2382.800048828125,2383.0,8945
2026-01-05 10:55:00+05:30,2389.10009765625,2392.800048828125,2384.699951171875,2384.699951171875,35217
2026-01-05 11:00:00+05:30,2390.300048828125,2391.699951171875,2388.60009765625,2388.800048828125,13907
2026-01-05 11:05:00+05:30,2391.0,2392.39990234375,2390.39990234375,2390.60009765625,16863
2026-01-05 11:10:00+05:30,2391.60009765625,2392.0,2390.0,2390.800048828125,8964
2026-01-05 11:15:00+05:30,2393.199951171875,2394.0,2390.199951171875,2391.10009765625,7789
2026-01-05 11:20:00+05:30,2391.0,2393.89990234375,2390.0,2393.0,7904
2026-01-05 11:25:00+05:30,2391.5,2391.5,2390.0,2390.39990234375,12633
2026-01-05 11:30:00+05:30,2391.39990234375,2391.5,2391.0,2391.0,20922
2026-01-05 11:35:00+05:30,2384.10009765625,2391.89990234375,2382.300048828125,2391.60009765625,38367
2026-01-05 11:40:00+05:30,2382.5,2385.0,2382.0,2384.10009765625,7165
2026-01-05 11:45:00+05:30,2383.699951171875,2384.800048828125,2382.800048828125,2383.199951171875,7082
2026-01-05 11:50:00+05:30,2384.5,2385.300048828125,2383.89990234375,2384.39990234375,5199
2026-01-05 11:55:00+05:30,2383.699951171875,2384.800048828125,2382.300048828125,2384.800048828125,10005
2026-01-05 12:00:00+05:30,2380.0,2384.0,2377.300048828125,2383.199951171875,14841
2026-01-05 12:05:00+05:30,2378.89990234375,2380.39990234375,2376.0,2379.60009765625,15659
2026-01-05 12:10:00+05:30,2379.800048828125,2383.0,2378.800048828125,2379.199951171875,47521
2026-01-05 12:15:00+05:30,2377.0,2381.0,2375.300048828125,2380.0,13701
2026-01-05 12:20:00+05:30,2386.5,2389.0,2376.5,2377.0,15449
2026-01-05 12:25:00+05:30,2385.89990234375,2387.199951171875,2384.300048828125,2387.10009765625,9392
2026-01-05 12:30:00+05:30,2383.699951171875,2386.60009765625,2383.0,2385.10009765625,24781
2026-01-05 12:35:00+05:30,2382.699951171875,2385.0,2382.10009765625,2383.699951171875,5918
2026-01-05 12:40:00+05:30,2379.0,2383.199951171875,2377.199951171875,2383.10009765625,8135
2026-01-05 12:45:00+05:30,2380.60009765625,2380.60009765625,2374.199951171875,2379.300048828125,24068
2026-01-05 12:50:00+05:30,2382.800048828125,2383.800048828125,2379.0,2380.60009765625,12191
2026-01-05 12:55:00+05:30,2382.89990234375,2384.10009765625,2381.5,2383.10009765625,10518
2026-01-05 13:00:00+05:30,2382.800048828125,2384.0,2382.699951171875,2383.39990234375,5266
2026-01-05 13:05:00+05:30,2384.89990234375,2385.0,2382.199951171875,2382.800048828125,5374
2026-01-05 13:10:00+05:30,2383.0,2385.0,2383.0,2384.800048828125,6910
2026-01-05 13:15:00+05:30,2378.89990234375,2383.39990234375,2377.5,2383.0,26248
2026-01-05 13:20:00+05:30,2381.5,2382.300048828125,2377.60009765625,2378.89990234375,8844
2026-01-05 13:25:00+05:30,2379.39990234375,2382.0,2378.699951171875,2381.800048828125,5094
2026-01-05 13:30:00+05:30,2379.800048828125,2380.39990234375,2378.699951171875,2379.5,5096
2026-01-05 13:35:00+05:30,2381.89990234375,2382.39990234375,2378.699951171875,2379.800048828125,5494
2026-01-05 13:40:00+05:30,2383.199951171875,2384.699951171875,2379.10009765625,2382.0,13645
2026-01-05 13:45:00+05:30,2380.60009765625,2384.300048828125,2380.39990234375,2381.699951171875,9357
2026-01-05 13:50:00+05:30,2378.0,2381.0,2373.0,2380.800048828125,49127
2026-01-05 13:55:00+05:30,2378.199951171875,2380.60009765625,2378.0,2378.199951171875,8385
2026-01-05 14:00:00+05:30,2374.199951171875,2378.800048828125,2373.0,2378.199951171875,32309
2026-01-05 14:05:00+05:30,2373.199951171875,2374.199951171875,2372.699951171875,2374.199951171875,13438
2026-01-05 14:10:00+05:30,2373.800048828125,2375.0,2373.0,2373.0,8777
2026-01-05 14:15:00+05:30,2376.5,2377.300048828125,2373.39990234375,2373.800048828125,26843
2026-01-05 14:20:00+05:30,2376.300048828125,2376.699951171875,2373.39990234375,2376.199951171875,10824
2026-01-05 14:25:00+05:30,2377.0,2377.39990234375,2374.5,2375.60009765625,8928
2026-01-05 14:30:00+05:30,2376.10009765625,2377.89990234375,2375.10009765625,2376.199951171875,17729
2026-01-05 14:35:00+05:30,2376.699951171875,2378.10009765625,2375.300048828125,2375.800048828125,12301
2026-01-05 14:40:00+05:30,2379.699951171875,2381.0,2375.10009765625,2376.800048828125,24124
2026-01-05 14:45:00+05:30,2380.0,2380.60009765625,2376.89990234375,2379.699951171875,25459
2026-01-05 14:50:00+05:30,2380.0,2380.60009765625,2378.10009765625,2380.10009765625,26692
2026-01-05 14:55:00+05:30,2382.5,2382.5,2379.60009765625,2380.0,12848
2026-01-05 15:00:00+05:30,2383.39990234375,2384.199951171875,2380.0,2381.60009765625,33260
2026-01-05 15:05:00+05:30,2383.0,2385.0,2382.39990234375,2383.39990234375,31454
2026-01-05 15:10:00+05:30,2383.699951171875,2385.60009765625,2382.39990234375,2382.699951171875,50066
2026-01-05 15:15:00+05:30,2385.199951171875,2385.5,2383.10009765625,2383.699951171875,38652
2026-01-05 15:20:00+05:30,2384.60009765625,2385.199951171875,2382.89990234375,2385.10009765625,57380
2026-01-05 15:25:00+05:30,2384.10009765625,2385.5,2384.10009765625,2384.5,45250
2026-01-06 09:20:00+05:30,2385.0,2392.5,2382.10009765625,2392.5,30143
2026-01-06 09:25:00+05:30,2370.699951171875,2386.10009765625,2369.89990234375,2385.199951171875,39289
2026-01-06 09:30:00+05:30,2373.0,2378.199951171875,2369.39990234375,2370.60009765625,16776
2026-01-06 09:35:00+05:30,2377.300048828125,2378.0,2368.199951171875,2373.89990234375,19719
2026-01-06 09:40:00+05:30,2381.699951171875,2381.800048828125,2377.800048828125,2378.5,13711
2026-01-06 09:45:00+05:30,2382.60009765625,2383.0,2377.5,2381.5,29228
2026-01-06 09:50:00+05:30,2383.10009765625,2383.699951171875,2380.5,2382.0,9237
2026-01-06 09:55:00+05:30,2386.0,2386.0,2382.800048828125,2383.0,28843
2026-01-06 10:00:00+05:30,2390.89990234375,2390.89990234375,2385.0,2386.0,17737
2026-01-06 10:05:00+05:30,2391.699951171875,2394.300048828125,2389.39990234375,2390.89990234375,27463
2026-01-06 10:10:00+05:30,2387.60009765625,2390.0,2385.0,2390.0,8921
2026-01-06 10:15:00+05:30,2385.39990234375,2387.60009765625,2384.0,2387.60009765625,5178
2026-01-06 10:20:00+05:30,2382.300048828125,2387.800048828125,2382.10009765625,2385.89990234375,4899
2026-01-06 10:25:00+05:30,2378.5,2382.89990234375,2375.0,2382.300048828125,8875
2026-01-06 10:30:00+05:30,2379.89990234375,2380.0,2377.10009765625,2378.0,4586
2026-01-06 10:35:00+05:30,2381.60009765625,2381.60009765625,2378.5,2379.39990234375,5369
2026-01-06 10:40:00+05:30,2384.0,2384.0,2378.300048828125,2381.89990234375,7444
2026-01-06 10:45:00+05:30,2387.0,2387.699951171875,2382.800048828125,2384.0,20188
2026-01-06 10:50:00+05:30,2386.10009765625,2388.89990234375,2385.89990234375,2387.0,15388
2026-01-06 10:55:00+05:30,2381.60009765625,2387.39990234375,2381.60009765625,2386.10009765625,6120
2026-01-06 11:00:00+05:30,2383.0,2386.800048828125,2381.10009765625,2381.5,10445
2026-01-06 11:05:00+05:30,2380.800048828125,2384.5,2380.300048828125,2382.89990234375,3428
2026-01-06 11:10:00+05:30,2382.60009765625,2383.60009765625,2380.60009765625,2380.60009765625,3606
2026-01-06 11:15:00+05:30,2382.89990234375,2384.60009765625,2380.699951171875,2382.60009765625,3700
2026-01-06 11:20:00+05:30,2379.699951171875,2382.60009765625,2376.0,2382.60009765625,10043
2026-01-06 11:25:00+05:30,2380.699951171875,2381.199951171875,2378.60009765625,2379.199951171875,2548
2026-01-06 11:30:00+05:30,2382.10009765625,2383.0,2379.300048828125,2380.60009765625,3463
2026-01-06 11:35:00+05:30,2385.89990234375,2386.199951171875,2382.39990234375,2383.300048828125,3455
2026-01-06 11:40:00+05:30,2385.0,2386.800048828125,2383.5,2386.699951171875,24560
2026-01-06 11:45:00+05:30,2384.699951171875,2385.0,2382.5,2385.0,14040
2026-01-06 11:50:00+05:30,2385.10009765625,2386.300048828125,2383.60009765625,2384.699951171875,17929
2026-01-06 11:55:00+05:30,2386.0,2386.0,2382.39990234375,2385.10009765625,4643
2026-01-06 12:00:00+05:30,2391.0,2391.0,2386.5,2386.5,6521
2026-01-06 12:05:00+05:30,2390.0,2391.800048828125,2389.0,2391.0,7662
2026-01-06 12:10:00+05:30,2393.0,2394.89990234375,2388.60009765625,2390.5,21744
2026-01-06 12:15:00+05:30,2397.0,2397.10009765625,2392.199951171875,2392.800048828125,11860
2026-01-06 12:20:00+05:30,2396.699951171875,2397.699951171875,2394.10009765625,2397.0,7731
2026-01-06 12:25:00+05:30,2396.60009765625,2397.0,2393.60009765625,2396.0,10383
2026-01-06 12:30:00+05:30,2406.199951171875,2407.800048828125,2395.199951171875,2397.0,32807
2026-01-06 12:35:00+05:30,2408.5,2409.89990234375,2403.10009765625,2406.800048828125,12931
2026-01-06 12:40:00+05:30,2413.39990234375,2414.0,2407.10009765625,2408.300048828125,23547
2026-01-06 12:45:00+05:30,2415.5,2421.800048828125,2411.800048828125,2413.0,31299
2026-01-06 12:50:00+05:30,2418.699951171875,2419.60009765625,2416.800048828125,2416.800048828125,12710
2026-01-06 12:55:00+05:30,2413.89990234375,2419.0,2411.39990234375,2417.89990234375,19877
2026-01-06 13:00:00+05:30,2411.10009765625,2414.0,2410.199951171875,2414.0,15346
2026-01-06 13:05:00+05:30,2412.199951171875,2413.5,2409.60009765625,2411.10009765625,17673
2026-01-06 13:10:00+05:30,2412.300048828125,2413.800048828125,2411.0,2411.60009765625,5760
2026-01-06 13:15:00+05:30,2412.60009765625,2413.800048828125,2411.39990234375,2412.300048828125,5985
2026-01-06 13:20:00+05:30,2411.5,2412.89990234375,2410.0,2412.60009765625,10560
2026-01-06 13:25:00+05:30,2415.199951171875,2415.199951171875,2410.10009765625,2412.10009765625,13962
2026-01-06 13:30:00+05:30,2412.5,2415.10009765625,2411.300048828125,2414.699951171875,15262
2026-01-06 13:35:00+05:30,2410.199951171875,2413.60009765625,2409.0,2412.5,27349
2026-01-06 13:40:00+05:30,2413.89990234375,2413.89990234375,2410.0,2410.199951171875,15014
2026-01-06 13:45:00+05:30,2413.39990234375,2414.800048828125,2412.800048828125,2413.89990234375,5065
2026-01-06 13:50:00+05:30,2412.89990234375,2415.0,2411.800048828125,2413.699951171875,9944
2026-01-06 13:55:00+05:30,2413.800048828125,2414.699951171875,2411.5,2412.800048828125,11814
2026-01-06 14:00:00+05:30,2414.60009765625,2418.10009765625,2412.89990234375,2413.5,22346
2026-01-06 14:05:00+05:30,2414.199951171875,2419.39990234375,2413.0,2414.800048828125,20343
2026-01-06 14:10:00+05:30,2414.800048828125,2416.39990234375,2413.0,2414.10009765625,16802
2026-01-06 14:15:00+05:30,2417.39990234375,2417.800048828125,2415.199951171875,2415.300048828125,14749
2026-01-06 14:20:00+05:30,2418.699951171875,2420.0,2416.199951171875,2417.0,21992
2026-01-06 14:25:00+05:30,2417.199951171875,2421.5,2416.0,2418.89990234375,24558
2026-01-06 14:30:00+05:30,2418.199951171875,2418.39990234375,2416.5,2416.699951171875,13105
2026-01-06 14:35:00+05:30,2420.39990234375,2424.300048828125,2416.60009765625,2418.39990234375,45598
2026-01-06 14:40:00+05:30,2418.300048828125,2420.5,2416.39990234375,2420.300048828125,43509
2026-01-06 14:45:00+05:30,2418.800048828125,2420.0,2415.0,2418.89990234375,72511
2026-01-06 14:50:00+05:30,2420.800048828125,2423.10009765625,2417.199951171875,2418.699951171875,32933
2026-01-06 14:55:00+05:30,2424.0,2425.0,2420.199951171875,2421.60009765625,38967
2026-01-06 15:00:00+05:30,2422.699951171875,2428.0,2420.5,2424.199951171875,83406
2026-01-06 15:05:00+05:30,2423.89990234375,2426.199951171875,2420.199951171875,2422.800048828125,72210
2026-01-06 15:10:00+05:30,2424.800048828125,2425.0,2422.199951171875,2423.60009765625,66547
2026-01-06 15:15:00+05:30,2424.89990234375,2425.89990234375,2423.39990234375,2424.89990234375,66485
2026-01-06 15:20:00+05:30,2424.89990234375,2425.39990234375,2423.199951171875,2425.10009765625,57282
2026-01-06 15:25:00+05:30,2424.89990234375,2427.89990234375,2422.0,2425.5,51682
2026-01-07 09:20:00+05:30,2408.89990234375,2412.5,2407.89990234375,2410.300048828125,10078
2026-01-07 09:25:00+05:30,2405.10009765625,2409.10009765625,2404.800048828125,2408.60009765625,5620
2026-01-07 09:30:00+05:30,2409.10009765625,2411.300048828125,2403.89990234375,2405.89990234375,11817
2026-01-07 09:35:00+05:30,2415.39990234375,2418.199951171875,2407.199951171875,2409.199951171875,24559
2026-01-07 09:40:00+05:30,2409.89990234375,2415.39990234375,2408.0,2415.39990234375,18300
2026-01-07 09:45:00+05:30,2411.699951171875,2413.199951171875,2408.10009765625,2410.5,4956
2026-01-07 09:50:00+05:30,2414.89990234375,2414.89990234375,2409.39990234375,2411.199951171875,5776
2026-01-07 09:55:00+05:30,2414.39990234375,2416.5,2411.199951171875,2414.199951171875,4916
2026-01-07 10:00:00+05:30,2413.39990234375,2415.300048828125,2411.0,2414.300048828125,4753
2026-01-07 10:05:00+05:30,2414.60009765625,2417.0,2411.39990234375,2413.39990234375,5467
2026-01-07 10:10:00+05:30,2411.10009765625,2414.699951171875,2411.10009765625,2414.699951171875,1779
2026-01-07 10:15:00+05:30,2406.800048828125,2413.300048828125,2405.39990234375,2411.5,5171
2026-01-07 10:20:00+05:30,2404.199951171875,2408.10009765625,2404.199951171875,2407.0,3484
2026-01-07 10:25:00+05:30,2400.60009765625,2405.10009765625,2400.60009765625,2405.0,7277
2026-01-07 10:30:00+05:30,2401.89990234375,2404.0,2398.0,2400.60009765625,14597
2026-01-07 10:35:00+05:30,2404.39990234375,2405.39990234375,2401.10009765625,2402.0,4038
2026-01-07 10:40:00+05:30,2405.0,2405.60009765625,2402.39990234375,2404.699951171875,11821
2026-01-07 10:45:00+05:30,2405.39990234375,2406.0,2404.300048828125,2405.0,18172
2026-01-07 10:50:00+05:30,2405.800048828125,2406.800048828125,2404.39990234375,2405.5,4398
2026-01-07 10:55:00+05:30,2401.89990234375,2407.0,2400.300048828125,2405.800048828125,5824
2026-01-07 11:00:00+05:30,2401.5,2402.10009765625,2400.10009765625,2401.199951171875,4085
2026-01-07 11:05:00+05:30,2402.0,2403.89990234375,2401.699951171875,2402.800048828125,2844
2026-01-07 11:10:00+05:30,2405.10009765625,2405.10009765625,2401.300048828125,2401.5,6185
2026-01-07 11:15:00+05:30,2405.699951171875,2405.800048828125,2402.0,2405.10009765625,5239
2026-01-07 11:20:00+05:30,2402.5,2406.0,2402.0,2405.800048828125,5151
2026-01-07 11:25:00+05:30,2404.300048828125,2404.5,2402.39990234375,2402.5,3688
2026-01-07 11:30:00+05:30,2403.199951171875,2404.5,2402.60009765625,2404.300048828125,2642
2026-01-07 11:35:00+05:30,2403.0,2403.89990234375,2401.800048828125,2403.89990234375,3734
2026-01-07 11:40:00+05:30,2399.5,2403.60009765625,2398.300048828125,2403.0,7510
2026-01-07 11:45:00+05:30,2393.60009765625,2400.10009765625,2392.10009765625,2400.0,13296
2026-01-07 11:50:00+05:30,2397.0,2398.39990234375,2393.39990234375,2394.10009765625,12473
2026-01-07 11:55:00+05:30,2395.699951171875,2397.89990234375,2395.199951171875,2395.800048828125,7618
2026-01-07 12:00:00+05:30,2396.199951171875,2398.0,2395.0,2395.60009765625,7030
2026-01-07 12:05:00+05:30,2395.699951171875,2396.199951171875,2395.699951171875,2396.199951171875,1949
2026-01-07 12:10:00+05:30,2395.699951171875,2395.699951171875,2395.300048828125,2395.699951171875,3040
2026-01-07 12:15:00+05:30,2396.5,2396.60009765625,2395.199951171875,2395.699951171875,3578
2026-01-07 12:20:00+05:30,2396.0,2397.300048828125,2395.5,2396.300048828125,4714
2026-01-07 12:25:00+05:30,2396.699951171875,2396.699951171875,2394.199951171875,2396.0,6439
2026-01-07 12:30:00+05:30,2396.5,2397.300048828125,2394.800048828125,2396.699951171875,8621
2026-01-07 12:35:00+05:30,2399.0,2400.0,2396.0,2396.60009765625,10845
2026-01-07 12:40:00+05:30,2398.199951171875,2399.699951171875,2396.699951171875,2398.60009765625,6389
2026-01-07 12:45:00+05:30,2398.5,2399.60009765625,2397.0,2398.199951171875,5520
2026-01-07 12:50:00+05:30,2400.800048828125,2400.800048828125,2397.89990234375,2397.89990234375,4558
2026-01-07 12:55:00+05:30,2402.800048828125,2402.800048828125,2399.699951171875,2400.5,6123
2026-01-07 13:00:00+05:30,2403.800048828125,2404.0,2402.300048828125,2402.699951171875,7677
2026-01-07 13:05:00+05:30,2403.199951171875,2404.60009765625,2402.300048828125,2403.60009765625,7777
2026-01-07 13:10:00+05:30,2404.800048828125,2406.89990234375,2403.10009765625,2403.60009765625,8221
2026-01-07 13:15:00+05:30,2404.800048828125,2405.0,2403.300048828125,2403.89990234375,5115
2026-01-07 13:20:00+05:30,2402.0,2404.89990234375,2402.0,2404.699951171875,5761
2026-01-07 13:25:00+05:30,2402.89990234375,2403.10009765625,2402.0,2402.89990234375,6687
2026-01-07 13:30:00+05:30,2404.199951171875,2404.199951171875,2402.60009765625,2403.0,5515
2026-01-07 13:35:00+05:30,2404.0,2405.199951171875,2403.60009765625,2404.60009765625,5117
2026-01-07 13:40:00+05:30,2401.10009765625,2404.5,2401.10009765625,2404.300048828125,25639
2026-01-07 13:45:00+05:30,2402.10009765625,2403.199951171875,2401.199951171875,2401.699951171875,5590
2026-01-07 13:50:00+05:30,2401.60009765625,2403.60009765625,2399.300048828125,2402.89990234375,22425
2026-01-07 13:55:00+05:30,2401.10009765625,2402.5,2400.0,2401.89990234375,8390
2026-01-07 14:00:00+05:30,2401.89990234375,2401.89990234375,2400.199951171875,2401.10009765625,6256
2026-01-07 14:05:00+05:30,2401.5,2402.199951171875,2400.10009765625,2401.699951171875,14013
2026-01-07 14:10:00+05:30,2402.5,2402.699951171875,2401.5,2401.60009765625,5712
2026-01-07 14:15:00+05:30,2404.0,2404.5,2401.5,2402.60009765625,8444
2026-01-07 14:20:00+05:30,2404.5,2405.60009765625,2402.39990234375,2404.5,9455
2026-01-07 14:25:00+05:30,2403.199951171875,2405.300048828125,2402.800048828125,2404.5,7889
2026-01-07 14:30:00+05:30,2402.800048828125,2404.300048828125,2402.0,2403.89990234375,12598
2026-01-07 14:35:00+05:30,2404.800048828125,2404.800048828125,2402.39990234375,2403.800048828125,8256
2026-01-07 14:40:00+05:30,2403.699951171875,2404.699951171875,2402.5,2404.10009765625,8082
2026-01-07 14:45:00+05:30,2402.699951171875,2403.800048828125,2402.0,2403.0,11077
2026-01-07 14:50:00+05:30,2404.39990234375,2404.699951171875,2402.0,2402.300048828125,10686
2026-01-07 14:55:00+05:30,2405.89990234375,2406.60009765625,2402.5,2404.0,10147
2026-01-07 15:00:00+05:30,2403.89990234375,2407.39990234375,2402.89990234375,2407.39990234375,29213
2026-01-07 15:05:00+05:30,2404.60009765625,2407.39990234375,2402.699951171875,2404.0,35011
2026-01-07 15:10:00+05:30,2403.5,2404.60009765625,2402.0,2404.5,30964
2026-01-07 15:15:00+05:30,2398.800048828125,2403.699951171875,2397.699951171875,2403.0,54271
2026-01-07 15:20:00+05:30,2394.0,2401.10009765625,2390.0,2399.10009765625,121298
2026-01-07 15:25:00+05:30,2399.39990234375,2399.39990234375,2382.0,2394.0,45139
2026-01-08 09:20:00+05:30,2411.300048828125,2414.0,2406.0,2407.800048828125,20978
2026-01-08 09:25:00+05:30,2410.89990234375,2416.5,2407.89990234375,2411.60009765625,22169
2026-01-08 09:30:00+05:30,2405.300048828125,2410.699951171875,2402.10009765625,2410.699951171875,26478
2026-01-08 09:35:00+05:30,2402.60009765625,2405.10009765625,2400.10009765625,2405.0,5943
2026-01-08 09:40:00+05:30,2403.60009765625,2405.800048828125,2402.300048828125,2404.0,2701
2026-01-08 09:45:00+05:30,2409.0,2409.10009765625,2402.199951171875,2402.5,21644
2026-01-08 09:50:00+05:30,2413.39990234375,2413.39990234375,2405.699951171875,2407.89990234375,10691
2026-01-08 09:55:00+05:30,2416.60009765625,2418.0,2411.60009765625,2413.39990234375,11845
2026-01-08 10:00:00+05:30,2409.89990234375,2416.699951171875,2408.199951171875,2416.5,5039
2026-01-08 10:05:00+05:30,2404.699951171875,2411.800048828125,2403.10009765625,2410.199951171875,5098
2026-01-08 10:10:00+05:30,2404.5,2405.699951171875,2402.199951171875,2403.699951171875,7083
2026-01-08 10:15:00+05:30,2403.699951171875,2404.800048828125,2400.0,2404.39990234375,8471
2026-01-08 10:20:00+05:30,2400.300048828125,2404.0,2400.10009765625,2403.39990234375,13469
2026-01-08 10:25:00+05:30,2402.39990234375,2403.5,2400.0,2400.0,5994
2026-01-08 10:30:00+05:30,2405.0,2405.0,2401.0,2402.89990234375,8924
2026-01-08 10:35:00+05:30,2404.39990234375,2405.10009765625,2403.0,2405.0,5082
2026-01-08 10:40:00+05:30,2409.39990234375,2409.5,2403.0,2404.60009765625,3911
2026-01-08 10:45:00+05:30,2409.699951171875,2411.0,2408.199951171875,2409.39990234375,5928
2026-01-08 10:50:00+05:30,2405.699951171875,2410.10009765625,2404.0,2409.89990234375,7651
2026-01-08 10:55:00+05:30,2407.0,2408.60009765625,2404.39990234375,2405.699951171875,20131
2026-01-08 11:00:00+05:30,2408.60009765625,2409.800048828125,2406.60009765625,2407.300048828125,12063
2026-01-08 11:05:00+05:30,2410.60009765625,2412.300048828125,2408.10009765625,2408.89990234375,9345
2026-01-08 11:10:00+05:30,2410.60009765625,2412.5,2409.300048828125,2410.60009765625,13284
2026-01-08 11:15:00+05:30,2408.10009765625,2413.0,2407.39990234375,2410.800048828125,20576
2026-01-08 11:20:00+05:30,2405.199951171875,2408.60009765625,2404.0,2408.10009765625,11230
2026-01-08 11:25:00+05:30,2407.800048828125,2407.89990234375,2404.0,2405.10009765625,5410
2026-01-08 11:30:00+05:30,2409.5,2409.60009765625,2404.300048828125,2407.699951171875,8076
2026-01-08 11:35:00+05:30,2413.5,2414.0,2409.5,2409.5,5516
2026-01-08 11:40:00+05:30,2412.89990234375,2414.89990234375,2412.5,2413.0,3725
2026-01-08 11:45:00+05:30,2410.800048828125,2414.0,2409.199951171875,2413.89990234375,5571
2026-01-08 11:50:00+05:30,2412.300048828125,2412.300048828125,2408.199951171875,2410.10009765625,3285
2026-01-08 11:55:00+05:30,2405.199951171875,2412.199951171875,2404.199951171875,2412.10009765625,7810
2026-01-08 12:00:00+05:30,2404.89990234375,2406.699951171875,2403.0,2405.300048828125,5825
2026-01-08 12:05:00+05:30,2403.5,2404.800048828125,2398.10009765625,2404.800048828125,25066
2026-01-08 12:10:00+05:30,2398.0,2403.0,2394.800048828125,2402.39990234375,12176
2026-01-08 12:15:00+05:30,2399.300048828125,2399.699951171875,2395.0,2397.5,9627
2026-01-08 12:20:00+05:30,2399.800048828125,2400.199951171875,2398.10009765625,2399.60009765625,3253
2026-01-08 12:25:00+05:30,2399.60009765625,2401.0,2398.10009765625,2399.5,3618
2026-01-08 12:30:00+05:30,2395.800048828125,2400.199951171875,2395.10009765625,2400.199951171875,3445
2026-01-08 12:35:00+05:30,2397.0,2397.5,2392.0,2395.0,6767
2026-01-08 12:40:00+05:30,2397.800048828125,2397.800048828125,2395.199951171875,2396.89990234375,4172
2026-01-08 12:45:00+05:30,2392.300048828125,2397.699951171875,2390.60009765625,2397.699951171875,6129
2026-01-08 12:50:00+05:30,2391.300048828125,2393.5,2389.800048828125,2393.0,5702
2026-01-08 12:55:00+05:30,2393.39990234375,2393.39990234375,2390.300048828125,2391.699951171875,3689
2026-01-08 13:00:00+05:30,2394.89990234375,2394.89990234375,2391.699951171875,2393.300048828125,3344
2026-01-08 13:05:00+05:30,2393.800048828125,2395.800048828125,2393.0,2395.0,2519
2026-01-08 13:10:00+05:30,2396.10009765625,2396.199951171875,2393.39990234375,2394.60009765625,2442
2026-01-08 13:15:00+05:30,2394.39990234375,2395.300048828125,2393.0,2394.199951171875,4282
2026-01-08 13:20:00+05:30,2391.300048828125,2394.5,2390.0,2394.5,4051
2026-01-08 13:25:00+05:30,2391.300048828125,2392.699951171875,2390.89990234375,2391.300048828125,2394
2026-01-08 13:30:00+05:30,2395.5,2396.699951171875,2390.5,2391.39990234375,18615
2026-01-08 13:35:00+05:30,2397.5,2399.60009765625,2395.800048828125,2395.89990234375,3572
2026-01-08 13:40:00+05:30,2395.60009765625,2397.5,2393.10009765625,2397.5,42262
2026-01-08 13:45:00+05:30,2395.60009765625,2398.0,2395.0,2396.300048828125,4760
2026-01-08 13:50:00+05:30,2399.199951171875,2400.60009765625,2395.0,2396.60009765625,36558
2026-01-08 13:55:00+05:30,2398.699951171875,2400.10009765625,2395.800048828125,2399.699951171875,33148
2026-01-08 14:00:00+05:30,2397.60009765625,2400.300048828125,2395.10009765625,2399.0,8877
2026-01-08 14:05:00+05:30,2396.0,2398.5,2393.60009765625,2396.699951171875,23870
2026-01-08 14:10:00+05:30,2396.800048828125,2397.39990234375,2394.10009765625,2396.39990234375,9287
2026-01-08 14:15:00+05:30,2397.60009765625,2397.699951171875,2394.60009765625,2396.800048828125,10672
2026-01-08 14:20:00+05:30,2396.89990234375,2397.699951171875,2395.60009765625,2396.300048828125,11778
2026-01-08 14:25:00+05:30,2394.199951171875,2397.699951171875,2394.199951171875,2397.0,16859
2026-01-08 14:30:00+05:30,2391.39990234375,2395.0,2387.10009765625,2394.699951171875,32381
2026-01-08 14:35:00+05:30,2391.10009765625,2393.0,2391.0,2391.800048828125,4091
2026-01-08 14:40:00+05:30,2393.5,2395.39990234375,2390.39990234375,2391.699951171875,7189
2026-01-08 14:45:00+05:30,2395.300048828125,2397.5,2393.699951171875,2393.699951171875,7079
2026-01-08 14:50:00+05:30,2393.800048828125,2395.699951171875,2392.5,2395.699951171875,15449
2026-01-08 14:55:00+05:30,2394.10009765625,2394.60009765625,2391.199951171875,2393.300048828125,9498
2026-01-08 15:00:00+05:30,2386.89990234375,2394.0,2386.5,2394.0,47040
2026-01-08 15:05:00+05:30,2386.0,2388.699951171875,2385.39990234375,2387.0,58749
2026-01-08 15:10:00+05:30,2386.5,2388.0,2385.300048828125,2386.10009765625,54885
2026-01-08 15:15:00+05:30,2385.5,2387.699951171875,2383.699951171875,2386.199951171875,100587
2026-01-08 15:20:00+05:30,2387.199951171875,2389.800048828125,2385.0,2385.300048828125,81153
2026-01-08 15:25:00+05:30,2386.699951171875,2388.10009765625,2385.300048828125,2387.199951171875,42189
2026-01-09 09:20:00+05:30,2381.199951171875,2385.800048828125,2379.199951171875,2384.39990234375,24001
2026-01-09 09:25:00+05:30,2374.0,2381.199951171875,2374.0,2381.199951171875,15621
2026-01-09 09:30:00+05:30,2376.60009765625,2378.800048828125,2373.0,2373.199951171875,30517
2026-01-09 09:35:00+05:30,2378.0,2378.60009765625,2374.10009765625,2375.39990234375,11505
2026-01-09 09:40:00+05:30,2380.39990234375,2380.39990234375,2377.300048828125,2378.5,7968
2026-01-09 09:45:00+05:30,2380.0,2382.300048828125,2378.10009765625,2382.300048828125,14598
2026-01-09 09:50:00+05:30,2378.60009765625,2380.89990234375,2377.10009765625,2379.300048828125,4012
2026-01-09 09:55:00+05:30,2376.5,2379.39990234375,2376.0,2378.60009765625,2208
2026-01-09 10:00:00+05:30,2376.0,2378.0,2373.199951171875,2376.5,4159
2026-01-09 10:05:00+05:30,2379.89990234375,2381.10009765625,2375.89990234375,2376.800048828125,4214
2026-01-09 10:10:00+05:30,2374.89990234375,2380.89990234375,2374.699951171875,2380.89990234375,3367
2026-01-09 10:15:00+05:30,2375.89990234375,2377.5,2374.89990234375,2375.0,2433
2026-01-09 10:20:00+05:30,2373.0,2376.0,2373.0,2375.5,2762
2026-01-09 10:25:00+05:30,2373.5,2374.699951171875,2371.60009765625,2373.0,9158
2026-01-09 10:30:00+05:30,2374.89990234375,2375.800048828125,2371.10009765625,2373.5,7885
2026-01-09 10:35:00+05:30,2373.699951171875,2375.0,2373.0,2374.89990234375,4147
2026-01-09 10:40:00+05:30,2375.300048828125,2375.89990234375,2373.39990234375,2374.60009765625,2230
2026-01-09 10:45:00+05:30,2377.39990234375,2380.0,2375.39990234375,2375.89990234375,37252
2026-01-09 10:50:00+05:30,2378.10009765625,2378.60009765625,2377.0,2378.199951171875,2524
2026-01-09 10:55:00+05:30,2376.800048828125,2378.60009765625,2375.10009765625,2378.60009765625,23940
2026-01-09 11:00:00+05:30,2373.5,2377.5,2373.0,2376.800048828125,29500
2026-01-09 11:05:00+05:30,2374.699951171875,2376.0,2370.0,2374.0,87172
2026-01-09 11:10:00+05:30,2372.5,2376.0,2371.699951171875,2374.699951171875,13152
2026-01-09 11:15:00+05:30,2378.5,2379.199951171875,2371.89990234375,2371.89990234375,71070
2026-01-09 11:20:00+05:30,2378.800048828125,2380.0,2377.5,2378.89990234375,14004
2026-01-09 11:25:00+05:30,2379.89990234375,2380.0,2378.10009765625,2378.800048828125,2480
2026-01-09 11:30:00+05:30,2378.300048828125,2380.0,2378.0,2379.199951171875,7411
2026-01-09 11:35:00+05:30,2375.5,2378.300048828125,2373.800048828125,2378.300048828125,8222
2026-01-09 11:40:00+05:30,2377.0,2378.60009765625,2376.199951171875,2376.199951171875,20342
2026-01-09 11:45:00+05:30,2375.699951171875,2377.60009765625,2374.60009765625,2375.89990234375,16065
2026-01-09 11:50:00+05:30,2372.300048828125,2375.89990234375,2372.10009765625,2375.5,2894
2026-01-09 11:55:00+05:30,2368.39990234375,2374.0,2368.0,2373.0,9130
2026-01-09 12:00:00+05:30,2370.5,2371.300048828125,2367.89990234375,2368.0,3273
2026-01-09 12:05:00+05:30,2368.699951171875,2371.699951171875,2368.5,2370.60009765625,2614
2026-01-09 12:10:00+05:30,2371.39990234375,2373.300048828125,2366.89990234375,2368.5,28194
2026-01-09 12:15:00+05:30,2378.10009765625,2379.0,2372.199951171875,2373.199951171875,24432
2026-01-09 12:20:00+05:30,2380.0,2380.0,2377.0,2378.89990234375,8882
2026-01-09 12:25:00+05:30,2378.0,2380.0,2378.0,2379.0,17177
2026-01-09 12:30:00+05:30,2375.800048828125,2378.5,2375.10009765625,2378.0,12157
2026-01-09 12:35:00+05:30,2370.800048828125,2376.5,2370.10009765625,2376.5,8945
2026-01-09 12:40:00+05:30,2371.39990234375,2371.60009765625,2369.5,2370.10009765625,5825
2026-01-09 12:45:00+05:30,2369.10009765625,2372.89990234375,2369.0,2370.800048828125,8203
2026-01-09 12:50:00+05:30,2370.10009765625,2372.199951171875,2367.5,2369.10009765625,8169
2026-01-09 12:55:00+05:30,2370.0,2373.300048828125,2368.300048828125,2370.10009765625,12751
2026-01-09 13:00:00+05:30,2370.199951171875,2371.800048828125,2368.300048828125,2370.0,5687
2026-01-09 13:05:00+05:30,2371.0,2371.699951171875,2369.0,2370.10009765625,5855
2026-01-09 13:10:00+05:30,2370.699951171875,2372.800048828125,2370.0,2371.10009765625,7784
2026-01-09 13:15:00+05:30,2369.199951171875,2374.5,2369.0,2371.699951171875,7245
2026-01-09 13:20:00+05:30,2367.0,2370.300048828125,2367.0,2369.89990234375,8153
2026-01-09 13:25:00+05:30,2369.39990234375,2370.800048828125,2363.0,2367.5,14196
2026-01-09 13:30:00+05:30,2370.89990234375,2370.89990234375,2366.199951171875,2369.199951171875,8314
2026-01-09 13:35:00+05:30,2366.5,2375.0,2366.5,2370.89990234375,34791
2026-01-09 13:40:00+05:30,2363.0,2366.89990234375,2363.0,2366.199951171875,7555
2026-01-09 13:45:00+05:30,2365.0,2365.0,2362.60009765625,2362.60009765625,6015
2026-01-09 13:50:00+05:30,2365.5,2365.89990234375,2363.699951171875,2364.89990234375,6173
2026-01-09 13:55:00+05:30,2365.0,2365.699951171875,2363.699951171875,2365.5,9468
2026-01-09 14:00:00+05:30,2364.39990234375,2366.0,2363.60009765625,2365.699951171875,7764
2026-01-09 14:05:00+05:30,2364.10009765625,2365.0,2363.199951171875,2364.300048828125,7558
2026-01-09 14:10:00+05:30,2364.10009765625,2369.800048828125,2364.0,2364.199951171875,21280
2026-01-09 14:15:00+05:30,2364.199951171875,2365.60009765625,2363.10009765625,2365.0,5921
2026-01-09 14:20:00+05:30,2363.800048828125,2365.89990234375,2362.60009765625,2364.199951171875,12171
2026-01-09 14:25:00+05:30,2364.300048828125,2364.800048828125,2362.39990234375,2364.699951171875,8202
2026-01-09 14:30:00+05:30,2365.699951171875,2365.800048828125,2362.39990234375,2364.699951171875,6770
2026-01-09 14:35:00+05:30,2365.800048828125,2366.5,2364.5,2365.699951171875,7463
2026-01-09 14:40:00+05:30,2367.89990234375,2369.5,2362.300048828125,2365.800048828125,12847
2026-01-09 14:45:00+05:30,2370.800048828125,2371.60009765625,2364.60009765625,2367.89990234375,39587
2026-01-09 14:50:00+05:30,2370.199951171875,2373.39990234375,2369.800048828125,2370.89990234375,10825
2026-01-09 14:55:00+05:30,2369.199951171875,2370.199951171875,2364.10009765625,2369.39990234375,19788
2026-01-09 15:00:00+05:30,2369.39990234375,2369.60009765625,2365.800048828125,2367.89990234375,27855
2026-01-09 15:05:00+05:30,2370.89990234375,2371.0,2367.39990234375,2369.10009765625,31406
2026-01-09 15:10:00+05:30,2372.60009765625,2373.39990234375,2369.300048828125,2370.699951171875,41846
2026-01-09 15:15:00+05:30,2375.5,2375.699951171875,2371.39990234375,2372.60009765625,43655
2026-01-09 15:20:00+05:30,2376.199951171875,2376.699951171875,2373.60009765625,2375.5,48630
2026-01-09 15:25:00+05:30,2378.0,2378.39990234375,2376.0,2376.10009765625,31889
2026-01-12 09:20:00+05:30,2378.0,2385.89990234375,2373.5,2373.699951171875,64128
2026-01-12 09:25:00+05:30,2386.10009765625,2387.60009765625,2378.10009765625,2378.60009765625,26089
2026-01-12 09:30:00+05:30,2385.60009765625,2387.800048828125,2385.300048828125,2386.199951171875,26570
2026-01-12 09:35:00+05:30,2386.89990234375,2392.199951171875,2385.699951171875,2385.699951171875,17698
2026-01-12 09:40:00+05:30,2388.0,2388.89990234375,2386.0,2386.39990234375,9846
2026-01-12 09:45:00+05:30,2386.199951171875,2389.300048828125,2386.0,2388.0,6894
2026-01-12 09:50:00+05:30,2378.300048828125,2386.89990234375,2378.300048828125,2386.89990234375,28282
2026-01-12 09:55:00+05:30,2382.300048828125,2382.5,2378.39990234375,2378.39990234375,5993
2026-01-12 10:00:00+05:30,2385.199951171875,2385.800048828125,2382.300048828125,2382.300048828125,5558
2026-01-12 10:05:00+05:30,2383.699951171875,2386.0,2382.699951171875,2385.800048828125,10004
2026-01-12 10:10:00+05:30,2381.0,2383.800048828125,2380.300048828125,2383.699951171875,6001
2026-01-12 10:15:00+05:30,2380.5,2382.0,2380.300048828125,2381.800048828125,5757
2026-01-12 10:20:00+05:30,2375.89990234375,2381.10009765625,2373.5,2381.10009765625,10132
2026-01-12 10:25:00+05:30,2374.199951171875,2375.800048828125,2373.800048828125,2375.699951171875,4559
2026-01-12 10:30:00+05:30,2376.0,2376.89990234375,2374.0,2374.199951171875,3952
2026-01-12 10:35:00+05:30,2375.89990234375,2377.89990234375,2375.0,2376.89990234375,9734
2026-01-12 10:40:00+05:30,2375.0,2375.89990234375,2374.10009765625,2375.10009765625,4696
2026-01-12 10:45:00+05:30,2378.300048828125,2380.0,2374.0,2374.60009765625,8354
2026-01-12 10:50:00+05:30,2380.0,2380.0,2377.60009765625,2379.0,8238
2026-01-12 10:55:00+05:30,2380.10009765625,2381.5,2379.699951171875,2379.699951171875,4665
2026-01-12 11:00:00+05:30,2380.10009765625,2382.0,2380.0,2380.0,7398
2026-01-12 11:05:00+05:30,2383.800048828125,2383.800048828125,2380.0,2380.0,8548
2026-01-12 11:10:00+05:30,2381.89990234375,2383.800048828125,2381.0,2383.39990234375,6627
2026-01-12 11:15:00+05:30,2380.5,2381.89990234375,2380.0,2381.89990234375,6410
2026-01-12 11:20:00+05:30,2382.199951171875,2383.199951171875,2379.89990234375,2380.0,18114
2026-01-12 11:25:00+05:30,2382.0,2383.89990234375,2380.10009765625,2382.89990234375,4945
2026-01-12 11:30:00+05:30,2378.5,2382.0,2378.5,2381.39990234375,19141
2026-01-12 11:35:00+05:30,2381.5,2383.0,2378.5,2378.5,7422
2026-01-12 11:40:00+05:30,2380.60009765625,2382.89990234375,2380.300048828125,2381.5,6732
2026-01-12 11:45:00+05:30,2381.89990234375,2383.0,2380.800048828125,2381.0,7281
2026-01-12 11:50:00+05:30,2381.5,2382.0,2380.0,2381.89990234375,4569
2026-01-12 11:55:00+05:30,2383.5,2383.5,2381.0,2381.0,16032
2026-01-12 12:00:00+05:30,2380.300048828125,2383.5,2379.60009765625,2383.5,25174
2026-01-12 12:05:00+05:30,2380.39990234375,2380.800048828125,2379.5,2380.300048828125,3968
2026-01-12 12:10:00+05:30,2386.699951171875,2387.39990234375,2377.89990234375,2380.39990234375,34157
2026-01-12 12:15:00+05:30,2387.10009765625,2390.10009765625,2384.199951171875,2386.60009765625,35416
2026-01-12 12:20:00+05:30,2392.39990234375,2396.39990234375,2387.0,2387.199951171875,26048
2026-01-12 12:25:00+05:30,2392.800048828125,2393.199951171875,2388.60009765625,2391.89990234375,8975
2026-01-12 12:30:00+05:30,2391.60009765625,2392.699951171875,2388.199951171875,2392.699951171875,12294
2026-01-12 12:35:00+05:30,2389.5,2392.5,2388.89990234375,2391.5,13948
2026-01-12 12:40:00+05:30,2394.10009765625,2395.800048828125,2389.300048828125,2389.5,7927
2026-01-12 12:45:00+05:30,2392.60009765625,2394.89990234375,2392.10009765625,2394.89990234375,18690
2026-01-12 12:50:00+05:30,2391.60009765625,2392.300048828125,2388.89990234375,2392.300048828125,10113
2026-01-12 12:55:00+05:30,2390.39990234375,2391.89990234375,2390.10009765625,2391.5,4876
2026-01-12 13:00:00+05:30,2386.199951171875,2390.300048828125,2385.300048828125,2390.300048828125,40021
2026-01-12 13:05:00+05:30,2387.39990234375,2390.0,2386.300048828125,2386.699951171875,4217
2026-01-12 13:10:00+05:30,2390.89990234375,2390.89990234375,2386.89990234375,2387.5,29356
2026-01-12 13:15:00+05:30,2390.39990234375,2390.699951171875,2389.199951171875,2389.89990234375,6693
2026-01-12 13:20:00+05:30,2390.0,2390.39990234375,2388.60009765625,2390.199951171875,7753
2026-01-12 13:25:00+05:30,2387.10009765625,2390.199951171875,2386.60009765625,2389.699951171875,16088
2026-01-12 13:30:00+05:30,2391.39990234375,2393.0,2388.0,2388.0,24579
2026-01-12 13:35:00+05:30,2391.699951171875,2393.800048828125,2391.0,2391.300048828125,3572
2026-01-12 13:40:00+05:30,2392.300048828125,2393.89990234375,2391.300048828125,2391.89990234375,4872
2026-01-12 13:45:00+05:30,2394.0,2394.60009765625,2392.699951171875,2392.699951171875,4653
2026-01-12 13:50:00+05:30,2398.199951171875,2401.5,2393.699951171875,2394.0,13982
2026-01-12 13:55:00+05:30,2399.0,2399.0,2395.699951171875,2397.89990234375,4502
2026-01-12 14:00:00+05:30,2397.699951171875,2399.10009765625,2396.0,2398.89990234375,6642
2026-01-12 14:05:00+05:30,2402.10009765625,2403.300048828125,2398.0,2398.39990234375,14761
2026-01-12 14:10:00+05:30,2402.60009765625,2403.60009765625,2400.39990234375,2401.5,10190
2026-01-12 14:15:00+05:30,2401.5,2403.0,2400.300048828125,2402.39990234375,33169
2026-01-12 14:20:00+05:30,2402.300048828125,2403.0,2401.0,2401.60009765625,6540
2026-01-12 14:25:00+05:30,2401.89990234375,2402.699951171875,2400.10009765625,2402.39990234375,8566
2026-01-12 14:30:00+05:30,2404.0,2408.300048828125,2401.699951171875,2401.699951171875,34163
2026-01-12 14:35:00+05:30,2407.0,2407.300048828125,2401.800048828125,2404.699951171875,7775
2026-01-12 14:40:00+05:30,2412.699951171875,2413.5,2405.89990234375,2407.199951171875,9546
2026-01-12 14:45:00+05:30,2410.5,2412.39990234375,2408.60009765625,2412.0,8079
2026-01-12 14:50:00+05:30,2409.5,2412.0,2409.10009765625,2410.800048828125,5307
2026-01-12 14:55:00+05:30,2411.800048828125,2413.5,2409.10009765625,2409.89990234375,6048
2026-01-12 15:00:00+05:30,2410.39990234375,2411.699951171875,2407.800048828125,2411.39990234375,13073
2026-01-12 15:05:00+05:30,2409.89990234375,2411.300048828125,2407.800048828125,2410.5,29134
2026-01-12 15:10:00+05:30,2407.89990234375,2410.0,2407.89990234375,2409.699951171875,17133
2026-01-12 15:15:00+05:30,2404.0,2408.39990234375,2402.699951171875,2407.89990234375,30140
2026-01-12 15:20:00+05:30,2404.10009765625,2404.699951171875,2403.5,2404.199951171875,24530
2026-01-12 15:25:00+05:30,2406.199951171875,2408.89990234375,2403.10009765625,2404.300048828125,33516
2026-01-13 09:20:00+05:30,2415.10009765625,2419.199951171875,2413.60009765625,2419.10009765625,11453
2026-01-13 09:25:00+05:30,2407.89990234375,2415.39990234375,2407.199951171875,2414.60009765625,7883
2026-01-13 09:30:00+05:30,2407.39990234375,2408.89990234375,2405.10009765625,2407.89990234375,6960
2026-01-13 09:35:00+05:30,2403.5,2406.60009765625,2402.10009765625,2406.199951171875,9592
2026-01-13 09:40:00+05:30,2405.0,2405.89990234375,2403.300048828125,2403.5,4792
2026-01-13 09:45:00+05:30,2407.800048828125,2411.800048828125,2406.39990234375,2406.39990234375,8453
2026-01-13 09:50:00+05:30,2401.800048828125,2407.300048828125,2400.10009765625,2407.300048828125,6079
2026-01-13 09:55:00+05:30,2404.699951171875,2407.10009765625,2399.699951171875,2402.0,18195
2026-01-13 10:00:00+05:30,2406.5,2406.5,2404.699951171875,2405.60009765625,2838
2026-01-13 10:05:00+05:30,2408.60009765625,2409.39990234375,2406.199951171875,2406.5,4955
2026-01-13 10:10:00+05:30,2404.89990234375,2408.5,2404.5,2408.5,3246
2026-01-13 10:15:00+05:30,2404.60009765625,2405.10009765625,2402.89990234375,2405.0,5816
2026-01-13 10:20:00+05:30,2403.199951171875,2405.0,2402.5,2405.0,3992
2026-01-13 10:25:00+05:30,2409.5,2409.5,2403.199951171875,2403.39990234375,9048
2026-01-13 10:30:00+05:30,2411.89990234375,2412.699951171875,2408.39990234375,2409.60009765625,11137
2026-01-13 10:35:00+05:30,2407.5,2412.5,2405.60009765625,2412.199951171875,7447
2026-01-13 10:40:00+05:30,2404.89990234375,2407.89990234375,2404.800048828125,2406.5,11751
2026-01-13 10:45:00+05:30,2405.0,2408.10009765625,2404.800048828125,2404.800048828125,7471
2026-01-13 10:50:00+05:30,2404.0,2406.39990234375,2403.39990234375,2404.800048828125,6641
2026-01-13 10:55:00+05:30,2402.60009765625,2403.89990234375,2398.199951171875,2403.199951171875,5353
2026-01-13 11:00:00+05:30,2396.89990234375,2403.39990234375,2396.89990234375,2403.300048828125,25431
2026-01-13 11:05:00+05:30,2396.60009765625,2397.39990234375,2394.0,2396.199951171875,39649
2026-01-13 11:10:00+05:30,2394.89990234375,2396.5,2394.5,2396.5,4941
2026-01-13 11:15:00+05:30,2396.5,2397.0,2395.199951171875,2395.699951171875,3141
2026-01-13 11:20:00+05:30,2393.199951171875,2399.199951171875,2393.199951171875,2397.0,4659
2026-01-13 11:25:00+05:30,2394.699951171875,2395.0,2392.5,2393.5,14401
2026-01-13 11:30:00+05:30,2392.60009765625,2395.5,2392.5,2394.699951171875,6313
2026-01-13 11:35:00+05:30,2389.699951171875,2395.0,2388.300048828125,2393.39990234375,20606
2026-01-13 11:40:00+05:30,2386.199951171875,2389.39990234375,2386.0,2389.10009765625,5049
2026-01-13 11:45:00+05:30,2386.0,2386.60009765625,2384.39990234375,2386.199951171875,2603
2026-01-13 12:00:00+05:30,2388.0,2388.10009765625,2387.0,2387.0,28672
2026-01-13 12:05:00+05:30,2388.60009765625,2389.0,2385.5,2388.0,10922
2026-01-13 12:10:00+05:30,2383.199951171875,2388.699951171875,2383.199951171875,2388.60009765625,15921
2026-01-13 12:15:00+05:30,2384.60009765625,2384.89990234375,2382.0,2383.5,4809
2026-01-13 12:20:00+05:30,2380.300048828125,2384.89990234375,2379.39990234375,2384.60009765625,6606
2026-01-13 12:25:00+05:30,2380.60009765625,2381.39990234375,2379.300048828125,2379.800048828125,3818
2026-01-13 12:30:00+05:30,2379.39990234375,2380.60009765625,2379.10009765625,2380.60009765625,2581
2026-01-13 12:35:00+05:30,2379.199951171875,2381.0,2378.39990234375,2379.800048828125,3681
2026-01-13 12:40:00+05:30,2378.699951171875,2380.0,2375.0,2379.199951171875,37351
2026-01-13 12:45:00+05:30,2376.89990234375,2380.0,2374.199951171875,2378.60009765625,59744
2026-01-13 12:50:00+05:30,2372.0,2376.60009765625,2370.0,2376.60009765625,27710
2026-01-13 12:55:00+05:30,2371.39990234375,2373.699951171875,2370.800048828125,2372.0,6988
2026-01-13 13:00:00+05:30,2369.60009765625,2371.39990234375,2368.800048828125,2371.39990234375,3984
2026-01-13 13:05:00+05:30,2369.800048828125,2372.0,2368.699951171875,2369.60009765625,42931
2026-01-13 13:10:00+05:30,2369.800048828125,2370.800048828125,2368.199951171875,2369.800048828125,4783
2026-01-13 13:15:00+05:30,2372.300048828125,2372.300048828125,2367.89990234375,2369.89990234375,10168
2026-01-13 13:20:00+05:30,2368.39990234375,2373.39990234375,2368.39990234375,2369.199951171875,33862
2026-01-13 13:25:00+05:30,2368.699951171875,2370.0,2368.199951171875,2368.199951171875,4457
2026-01-13 13:30:00+05:30,2367.39990234375,2368.699951171875,2366.10009765625,2368.60009765625,24275
2026-01-13 13:35:00+05:30,2368.0,2369.300048828125,2365.199951171875,2367.60009765625,7798
2026-01-13 13:40:00+05:30,2368.5,2370.39990234375,2365.199951171875,2369.0,28444
2026-01-13 13:45:00+05:30,2370.5,2372.39990234375,2366.10009765625,2368.5,43783
2026-01-13 13:50:00+05:30,2371.60009765625,2373.699951171875,2370.10009765625,2370.60009765625,6118
2026-01-13 13:55:00+05:30,2371.5,2371.699951171875,2369.5,2371.5,6965
2026-01-13 14:00:00+05:30,2368.800048828125,2371.300048828125,2367.89990234375,2371.300048828125,6043
2026-01-13 14:05:00+05:30,2372.5,2372.5,2368.39990234375,2368.699951171875,7051
2026-01-13 14:10:00+05:30,2372.800048828125,2373.5,2370.0,2372.5,22263
2026-01-13 14:15:00+05:30,2373.199951171875,2375.5,2370.199951171875,2372.300048828125,11009
2026-01-13 14:20:00+05:30,2373.39990234375,2374.0,2371.10009765625,2372.10009765625,28050
2026-01-13 14:25:00+05:30,2373.199951171875,2374.39990234375,2371.800048828125,2373.199951171875,19529
2026-01-13 14:30:00+05:30,2375.10009765625,2378.300048828125,2372.800048828125,2373.199951171875,26934
2026-01-13 14:35:00+05:30,2380.199951171875,2380.60009765625,2374.300048828125,2374.800048828125,27628
2026-01-13 14:40:00+05:30,2384.0,2386.0,2378.5,2379.60009765625,37217
2026-01-13 14:45:00+05:30,2384.60009765625,2387.89990234375,2383.699951171875,2384.0,24661
2026-01-13 14:50:00+05:30,2387.60009765625,2389.10009765625,2383.5,2383.699951171875,26143
2026-01-13 14:55:00+05:30,2385.10009765625,2389.199951171875,2384.39990234375,2386.5,55578
2026-01-13 15:00:00+05:30,2387.800048828125,2391.39990234375,2385.60009765625,2385.60009765625,54579
2026-01-13 15:05:00+05:30,2389.5,2390.800048828125,2382.800048828125,2387.800048828125,121874
2026-01-13 15:10:00+05:30,2389.800048828125,2392.5,2386.800048828125,2390.5,75360
2026-01-13 15:15:00+05:30,2390.300048828125,2392.300048828125,2386.89990234375,2389.60009765625,90743
2026-01-13 15:20:00+05:30,2391.0,2395.0,2387.5,2390.699951171875,89756
2026-01-13 15:25:00+05:30,2389.5,2396.199951171875,2383.800048828125,2391.5,57246
2026-01-14 09:20:00+05:30,2380.800048828125,2383.300048828125,2379.5,2379.5,8293
2026-01-14 09:25:00+05:30,2385.60009765625,2387.0,2379.89990234375,2380.800048828125,20349
2026-01-14 09:30:00+05:30,2380.800048828125,2386.800048828125,2380.0,2385.5,4510
2026-01-14 09:35:00+05:30,2378.5,2381.89990234375,2377.300048828125,2381.39990234375,3596
2026-01-14 09:40:00+05:30,2378.199951171875,2378.60009765625,2377.199951171875,2377.60009765625,2230
2026-01-14 09:45:00+05:30,2371.199951171875,2377.5,2371.0,2377.5,6603
2026-01-14 09:50:00+05:30,2374.60009765625,2374.60009765625,2371.300048828125,2371.300048828125,2470
2026-01-14 09:55:00+05:30,2374.699951171875,2376.10009765625,2374.0,2374.800048828125,3551
2026-01-14 10:00:00+05:30,2372.300048828125,2375.89990234375,2371.800048828125,2375.89990234375,4032
2026-01-14 10:05:00+05:30,2370.5,2372.39990234375,2370.0,2371.300048828125,2605
2026-01-14 10:10:00+05:30,2369.89990234375,2370.60009765625,2369.0,2370.5,4937
2026-01-14 10:15:00+05:30,2363.60009765625,2370.0,2362.5,2369.800048828125,9622
2026-01-14 10:20:00+05:30,2364.89990234375,2367.0,2363.5,2363.60009765625,5255
2026-01-14 10:25:00+05:30,2365.300048828125,2365.60009765625,2364.39990234375,2364.39990234375,4089
2026-01-14 10:30:00+05:30,2366.89990234375,2366.89990234375,2362.699951171875,2365.300048828125,3817
2026-01-14 10:35:00+05:30,2360.800048828125,2367.0,2360.60009765625,2366.89990234375,11129
2026-01-14 10:40:00+05:30,2359.39990234375,2363.199951171875,2359.39990234375,2361.0,7500
2026-01-14 10:45:00+05:30,2358.10009765625,2359.10009765625,2355.0,2358.699951171875,9634
2026-01-14 10:50:00+05:30,2358.5,2358.800048828125,2356.0,2358.10009765625,4630
2026-01-14 10:55:00+05:30,2359.5,2359.5,2357.60009765625,2358.60009765625,3180
2026-01-14 11:00:00+05:30,2357.300048828125,2361.199951171875,2357.300048828125,2360.199951171875,7653
2026-01-14 11:05:00+05:30,2352.89990234375,2357.89990234375,2352.199951171875,2357.199951171875,7469
2026-01-14 11:10:00+05:30,2351.39990234375,2353.5,2350.0,2353.5,12326
2026-01-14 11:15:00+05:30,2351.699951171875,2354.39990234375,2350.5,2350.5,9233
2026-01-14 11:20:00+05:30,2351.699951171875,2353.300048828125,2350.89990234375,2353.300048828125,10735
2026-01-14 11:25:00+05:30,2354.0,2354.39990234375,2350.699951171875,2350.699951171875,6815
2026-01-14 11:30:00+05:30,2352.10009765625,2356.0,2350.199951171875,2354.0,11665
2026-01-14 11:35:00+05:30,2353.800048828125,2354.5,2352.0,2352.0,2756
2026-01-14 11:40:00+05:30,2354.5,2355.300048828125,2354.0,2354.10009765625,4398
2026-01-14 11:45:00+05:30,2356.800048828125,2356.800048828125,2354.0,2354.39990234375,4438
2026-01-14 11:50:00+05:30,2356.5,2356.89990234375,2355.300048828125,2356.5,4907
2026-01-14 11:55:00+05:30,2360.10009765625,2360.199951171875,2354.699951171875,2356.199951171875,27410
2026-01-14 12:00:00+05:30,2360.10009765625,2361.89990234375,2359.89990234375,2360.10009765625,9040
2026-01-14 12:05:00+05:30,2359.0,2360.199951171875,2359.0,2360.10009765625,15703
2026-01-14 12:10:00+05:30,2360.39990234375,2361.0,2357.60009765625,2358.5,16220
2026-01-14 12:15:00+05:30,2362.39990234375,2362.39990234375,2360.0,2360.39990234375,14267
2026-01-14 12:20:00+05:30,2360.89990234375,2363.5,2360.5,2362.300048828125,4613
2026-01-14 12:25:00+05:30,2357.300048828125,2361.199951171875,2356.10009765625,2360.60009765625,24352
2026-01-14 12:30:00+05:30,2351.800048828125,2359.800048828125,2351.60009765625,2357.5,36967
2026-01-14 12:35:00+05:30,2352.5,2355.800048828125,2350.5,2351.800048828125,47514
2026-01-14 12:40:00+05:30,2353.800048828125,2356.39990234375,2352.300048828125,2352.300048828125,49141
2026-01-14 12:45:00+05:30,2355.10009765625,2358.699951171875,2353.699951171875,2353.800048828125,4191
2026-01-14 12:50:00+05:30,2353.10009765625,2355.5,2353.10009765625,2355.0,5094
2026-01-14 12:55:00+05:30,2352.39990234375,2354.39990234375,2351.800048828125,2353.300048828125,6089
2026-01-14 13:00:00+05:30,2350.10009765625,2352.800048828125,2350.0,2352.39990234375,6125
2026-01-14 13:05:00+05:30,2352.60009765625,2353.699951171875,2350.10009765625,2350.199951171875,4549
2026-01-14 13:10:00+05:30,2351.10009765625,2352.800048828125,2351.0,2352.800048828125,3196
2026-01-14 13:15:00+05:30,2349.10009765625,2351.10009765625,2346.699951171875,2351.0,9182
2026-01-14 13:20:00+05:30,2347.10009765625,2350.0,2346.0,2349.199951171875,12559
2026-01-14 13:25:00+05:30,2346.199951171875,2348.0,2345.10009765625,2347.199951171875,11218
2026-01-14 13:30:00+05:30,2349.5,2349.60009765625,2347.0,2347.5,6545
2026-01-14 13:35:00+05:30,2345.5,2349.800048828125,2345.5,2349.199951171875,8972
2026-01-14 13:40:00+05:30,2343.10009765625,2345.699951171875,2343.10009765625,2345.5,8743
2026-01-14 13:45:00+05:30,2344.199951171875,2345.199951171875,2342.60009765625,2343.300048828125,7529
2026-01-14 13:50:00+05:30,2342.800048828125,2346.39990234375,2342.300048828125,2344.199951171875,7209
2026-01-14 13:55:00+05:30,2342.10009765625,2343.89990234375,2342.0,2343.10009765625,6200
2026-01-14 14:00:00+05:30,2343.199951171875,2345.0,2341.699951171875,2342.10009765625,10897
2026-01-14 14:05:00+05:30,2344.800048828125,2346.10009765625,2342.199951171875,2343.199951171875,11105
2026-01-14 14:10:00+05:30,2346.60009765625,2346.89990234375,2343.199951171875,2344.300048828125,6722
2026-01-14 14:15:00+05:30,2345.10009765625,2347.300048828125,2344.0,2346.89990234375,12616
2026-01-14 14:20:00+05:30,2342.5,2345.39990234375,2341.699951171875,2344.89990234375,27554
2026-01-14 14:25:00+05:30,2341.300048828125,2343.699951171875,2341.199951171875,2342.699951171875,19336
2026-01-14 14:30:00+05:30,2345.39990234375,2346.0,2341.5,2341.5,7168
2026-01-14 14:35:00+05:30,2348.199951171875,2348.39990234375,2344.199951171875,2345.5,8576
2026-01-14 14:40:00+05:30,2351.199951171875,2351.800048828125,2347.199951171875,2348.199951171875,21120
2026-01-14 14:45:00+05:30,2351.39990234375,2355.800048828125,2351.10009765625,2351.10009765625,24627
2026-01-14 14:50:00+05:30,2352.89990234375,2353.5,2351.699951171875,2352.300048828125,8157
2026-01-14 14:55:00+05:30,2350.0,2354.800048828125,2350.0,2352.60009765625,19688
2026-01-14 15:00:00+05:30,2350.10009765625,2352.10009765625,2348.199951171875,2351.10009765625,38270
2026-01-14 15:05:00+05:30,2352.89990234375,2352.89990234375,2349.300048828125,2350.199951171875,47942
2026-01-14 15:10:00+05:30,2353.800048828125,2355.800048828125,2350.89990234375,2353.10009765625,51099
2026-01-14 15:15:00+05:30,2355.5,2355.5,2353.699951171875,2353.800048828125,46419
2026-01-14 15:20:00+05:30,2357.39990234375,2357.60009765625,2354.5,2355.60009765625,53289
2026-01-14 15:25:00+05:30,2350.0,2356.39990234375,2350.0,2355.800048828125,39001
2026-01-16 09:20:00+05:30,2353.89990234375,2363.300048828125,2353.89990234375,2362.5,33180
2026-01-16 09:25:00+05:30,2357.10009765625,2357.60009765625,2353.5,2353.89990234375,7572
2026-01-16 09:30:00+05:30,2353.39990234375,2356.5,2352.199951171875,2356.39990234375,11577
2026-01-16 09:35:00+05:30,2354.89990234375,2355.800048828125,2353.10009765625,2353.39990234375,4022
2026-01-16 09:40:00+05:30,2358.300048828125,2358.300048828125,2354.699951171875,2355.0,11111
2026-01-16 09:45:00+05:30,2356.800048828125,2358.300048828125,2353.699951171875,2358.300048828125,7129
2026-01-16 09:50:00+05:30,2359.39990234375,2360.0,2355.5,2356.800048828125,15128
2026-01-16 09:55:00+05:30,2362.39990234375,2362.5,2359.300048828125,2359.39990234375,22826
2026-01-16 10:00:00+05:30,2362.60009765625,2363.39990234375,2361.60009765625,2361.699951171875,15036
2026-01-16 10:05:00+05:30,2363.199951171875,2363.199951171875,2361.0,2362.60009765625,5391
2026-01-16 10:10:00+05:30,2363.699951171875,2364.699951171875,2362.60009765625,2362.699951171875,5654
2026-01-16 10:15:00+05:30,2370.300048828125,2370.800048828125,2363.699951171875,2363.699951171875,53596
2026-01-16 10:20:00+05:30,2372.199951171875,2372.89990234375,2370.39990234375,2370.5,21618
2026-01-16 10:25:00+05:30,2369.60009765625,2372.5,2369.60009765625,2371.89990234375,24735
2026-01-16 10:30:00+05:30,2368.0,2369.89990234375,2367.800048828125,2369.699951171875,6898
2026-01-16 10:35:00+05:30,2368.800048828125,2370.0,2367.699951171875,2368.0,4710
2026-01-16 10:40:00+05:30,2365.60009765625,2369.0,2365.199951171875,2369.0,6344
2026-01-16 10:45:00+05:30,2363.10009765625,2366.5,2362.60009765625,2365.0,10497
2026-01-16 10:50:00+05:30,2360.10009765625,2364.10009765625,2359.199951171875,2363.39990234375,9757
2026-01-16 10:55:00+05:30,2364.300048828125,2364.39990234375,2360.39990234375,2360.5,40765
2026-01-16 11:00:00+05:30,2364.0,2366.60009765625,2363.5,2364.300048828125,9134
2026-01-16 11:05:00+05:30,2366.89990234375,2367.10009765625,2363.39990234375,2363.89990234375,11816
2026-01-16 11:10:00+05:30,2365.0,2366.89990234375,2364.5,2366.89990234375,8205
2026-01-16 11:15:00+05:30,2363.800048828125,2366.300048828125,2363.0,2365.0,14661
2026-01-16 11:20:00+05:30,2364.800048828125,2365.199951171875,2363.10009765625,2363.800048828125,6375
2026-01-16 11:25:00+05:30,2362.89990234375,2365.5,2361.800048828125,2364.699951171875,17981
2026-01-16 11:30:00+05:30,2365.5,2365.5,2362.89990234375,2363.60009765625,5732
2026-01-16 11:35:00+05:30,2367.0,2367.39990234375,2365.0,2365.0,5497
2026-01-16 11:40:00+05:30,2366.699951171875,2368.0,2366.60009765625,2367.0,6224
2026-01-16 11:45:00+05:30,2369.300048828125,2369.60009765625,2366.10009765625,2366.60009765625,10160
2026-01-16 11:50:00+05:30,2369.89990234375,2370.0,2366.0,2369.10009765625,10500
2026-01-16 11:55:00+05:30,2366.89990234375,2370.0,2366.60009765625,2369.89990234375,8345
2026-01-16 12:00:00+05:30,2366.89990234375,2367.199951171875,2364.0,2366.89990234375,12733
2026-01-16 12:05:00+05:30,2367.0,2368.0,2366.699951171875,2366.800048828125,4394
2026-01-16 12:10:00+05:30,2367.800048828125,2367.89990234375,2365.699951171875,2366.89990234375,3738
2026-01-16 12:15:00+05:30,2365.800048828125,2368.60009765625,2365.800048828125,2367.89990234375,9459
2026-01-16 12:20:00+05:30,2366.10009765625,2367.0,2364.60009765625,2365.800048828125,5656
2026-01-16 12:25:00+05:30,2357.89990234375,2367.10009765625,2357.199951171875,2365.60009765625,19629
2026-01-16 12:30:00+05:30,2355.89990234375,2360.199951171875,2355.699951171875,2358.0,15176
2026-01-16 12:35:00+05:30,2353.39990234375,2358.300048828125,2353.10009765625,2355.89990234375,15399
2026-01-16 12:40:00+05:30,2353.199951171875,2354.0,2351.0,2353.800048828125,18312
2026-01-16 12:45:00+05:30,2355.5,2356.0,2353.0,2353.199951171875,16245
2026-01-16 12:50:00+05:30,2357.5,2357.5,2353.0,2355.39990234375,16591
2026-01-16 12:55:00+05:30,2354.800048828125,2357.800048828125,2353.0,2357.800048828125,54351
2026-01-16 13:00:00+05:30,2358.5,2361.0,2354.5,2355.0,60072
2026-01-16 13:05:00+05:30,2361.5,2361.5,2356.0,2358.800048828125,43562
2026-01-16 13:10:00+05:30,2362.0,2362.300048828125,2360.199951171875,2361.0,11654
2026-01-16 13:15:00+05:30,2362.0,2363.89990234375,2360.800048828125,2362.300048828125,18067
2026-01-16 13:20:00+05:30,2360.10009765625,2362.699951171875,2360.0,2362.199951171875,11991
2026-01-16 13:25:00+05:30,2355.5,2360.10009765625,2354.60009765625,2360.0,26689
2026-01-16 13:30:00+05:30,2354.699951171875,2357.10009765625,2354.0,2356.199951171875,12993
2026-01-16 13:35:00+05:30,2355.10009765625,2355.5,2353.300048828125,2354.699951171875,4946
2026-01-16 13:40:00+05:30,2355.699951171875,2356.0,2353.0,2355.199951171875,11509
2026-01-16 13:45:00+05:30,2360.5,2360.5,2355.699951171875,2355.699951171875,7078
2026-01-16 13:50:00+05:30,2357.0,2361.699951171875,2356.699951171875,2360.5,9819
2026-01-16 13:55:00+05:30,2356.39990234375,2357.39990234375,2356.199951171875,2356.800048828125,6790
2026-01-16 14:00:00+05:30,2356.89990234375,2357.89990234375,2356.10009765625,2356.5,4627
2026-01-16 14:05:00+05:30,2356.5,2359.0,2354.89990234375,2357.10009765625,12564
2026-01-16 14:10:00+05:30,2357.199951171875,2358.89990234375,2356.39990234375,2356.39990234375,8588
2026-01-16 14:15:00+05:30,2353.800048828125,2357.199951171875,2353.10009765625,2356.300048828125,18128
2026-01-16 14:20:00+05:30,2356.60009765625,2356.89990234375,2351.800048828125,2353.300048828125,16152
2026-01-16 14:25:00+05:30,2354.10009765625,2357.0,2352.10009765625,2355.0,19412
2026-01-16 14:30:00+05:30,2352.300048828125,2354.89990234375,2352.0,2354.800048828125,7370
2026-01-16 14:35:00+05:30,2352.0,2352.60009765625,2349.60009765625,2352.300048828125,12994
2026-01-16 14:40:00+05:30,2354.10009765625,2355.0,2352.0,2352.0,6483
2026-01-16 14:45:00+05:30,2354.89990234375,2355.0,2353.0,2354.0,9334
2026-01-16 14:50:00+05:30,2354.5,2354.89990234375,2352.800048828125,2354.89990234375,9392
2026-01-16 14:55:00+05:30,2356.89990234375,2356.89990234375,2352.89990234375,2353.699951171875,44772
2026-01-16 15:00:00+05:30,2357.199951171875,2359.800048828125,2354.199951171875,2354.199951171875,35703
2026-01-16 15:05:00+05:30,2360.0,2360.89990234375,2357.5,2357.5,65868
2026-01-16 15:10:00+05:30,2361.0,2361.60009765625,2357.89990234375,2360.0,47513
2026-01-16 15:15:00+05:30,2362.60009765625,2362.699951171875,2360.800048828125,2361.10009765625,65402
2026-01-16 15:20:00+05:30,2361.10009765625,2362.699951171875,2360.300048828125,2362.39990234375,61354
2026-01-16 15:25:00+05:30,2361.800048828125,2362.60009765625,2355.699951171875,2361.10009765625,42578
2026-01-19 09:20:00+05:30,2390.89990234375,2396.199951171875,2386.39990234375,2394.699951171875,23226
2026-01-19 09:25:00+05:30,2398.699951171875,2401.199951171875,2390.60009765625,2391.10009765625,23923
2026-01-19 09:30:00+05:30,2395.10009765625,2400.199951171875,2393.0,2398.699951171875,22749
2026-01-19 09:35:00+05:30,2389.0,2396.60009765625,2388.300048828125,2395.0,19141
2026-01-19 09:40:00+05:30,2389.0,2389.60009765625,2383.89990234375,2389.0,25190
2026-01-19 09:45:00+05:30,2384.60009765625,2387.699951171875,2380.10009765625,2386.199951171875,23018
2026-01-19 09:50:00+05:30,2385.0,2385.89990234375,2382.0,2385.5,6681
2026-01-19 09:55:00+05:30,2387.60009765625,2389.0,2385.0,2385.10009765625,4883
2026-01-19 10:00:00+05:30,2381.800048828125,2387.199951171875,2380.0,2387.10009765625,13275
2026-01-19 10:05:00+05:30,2387.300048828125,2388.0,2381.10009765625,2381.89990234375,6711
2026-01-19 10:10:00+05:30,2382.89990234375,2387.300048828125,2381.0,2387.300048828125,17719
2026-01-19 10:15:00+05:30,2385.0,2387.300048828125,2380.10009765625,2383.300048828125,82490
2026-01-19 10:20:00+05:30,2391.89990234375,2396.0,2385.39990234375,2385.89990234375,11938
2026-01-19 10:25:00+05:30,2392.89990234375,2393.0,2390.10009765625,2391.89990234375,3778
2026-01-19 10:30:00+05:30,2392.300048828125,2393.89990234375,2391.300048828125,2392.89990234375,6053
2026-01-19 10:35:00+05:30,2386.0,2392.300048828125,2384.800048828125,2392.300048828125,10101
2026-01-19 10:40:00+05:30,2386.39990234375,2389.10009765625,2384.39990234375,2385.89990234375,5777
2026-01-19 10:45:00+05:30,2389.699951171875,2389.800048828125,2387.0,2387.699951171875,4448
2026-01-19 10:50:00+05:30,2386.699951171875,2391.5,2386.5,2389.89990234375,6101
2026-01-19 10:55:00+05:30,2392.699951171875,2392.800048828125,2386.699951171875,2386.699951171875,9077
2026-01-19 11:00:00+05:30,2393.300048828125,2394.0,2391.699951171875,2393.0,6054
2026-01-19 11:05:00+05:30,2392.800048828125,2394.699951171875,2391.300048828125,2393.5,10462
2026-01-19 11:10:00+05:30,2392.300048828125,2393.300048828125,2390.89990234375,2392.800048828125,4362
2026-01-19 11:15:00+05:30,2392.0,2392.5,2360.39990234375,2360.39990234375,5061
2026-01-19 11:20:00+05:30,2390.199951171875,2393.0,2387.199951171875,2391.89990234375,42662
2026-01-19 11:25:00+05:30,2391.0,2392.0,2388.60009765625,2390.300048828125,6048
2026-01-19 11:30:00+05:30,2393.0,2393.0,2387.800048828125,2390.300048828125,46739
2026-01-19 11:35:00+05:30,2397.0,2397.0,2392.300048828125,2392.89990234375,22014
2026-01-19 11:40:00+05:30,2394.0,2397.300048828125,2394.0,2396.89990234375,7364
2026-01-19 11:45:00+05:30,2395.60009765625,2395.89990234375,2393.5,2394.0,7418
2026-01-19 11:50:00+05:30,2395.10009765625,2395.60009765625,2393.699951171875,2395.60009765625,9909
2026-01-19 11:55:00+05:30,2394.10009765625,2396.0,2391.10009765625,2395.0,10455
2026-01-19 12:00:00+05:30,2391.10009765625,2394.10009765625,2391.0,2394.10009765625,6057
2026-01-19 12:05:00+05:30,2392.89990234375,2393.699951171875,2390.699951171875,2391.699951171875,5265
2026-01-19 12:10:00+05:30,2397.5,2397.60009765625,2392.300048828125,2392.800048828125,73395
2026-01-19 12:15:00+05:30,2401.0,2402.60009765625,2397.5,2397.5,15548
2026-01-19 12:20:00+05:30,2398.5,2401.5,2397.39990234375,2401.0,4483
2026-01-19 12:25:00+05:30,2397.10009765625,2399.10009765625,2396.0,2398.5,5511
2026-01-19 12:30:00+05:30,2397.800048828125,2398.39990234375,2395.89990234375,2396.199951171875,4496
2026-01-19 12:35:00+05:30,2395.5,2398.89990234375,2395.300048828125,2398.10009765625,7132
2026-01-19 12:40:00+05:30,2399.0,2399.0,2395.10009765625,2396.0,15791
2026-01-19 12:45:00+05:30,2398.89990234375,2400.89990234375,2398.39990234375,2399.10009765625,54792
2026-01-19 12:50:00+05:30,2400.800048828125,2401.199951171875,2398.60009765625,2399.199951171875,10663
2026-01-19 12:55:00+05:30,2403.800048828125,2404.199951171875,2400.60009765625,2402.0,17748
2026-01-19 13:00:00+05:30,2406.10009765625,2406.10009765625,2403.89990234375,2404.0,15204
2026-01-19 13:05:00+05:30,2406.10009765625,2407.199951171875,2405.300048828125,2406.5,11712
2026-01-19 13:10:00+05:30,2405.300048828125,2406.5,2402.39990234375,2406.0,22434
2026-01-19 13:15:00+05:30,2405.300048828125,2406.800048828125,2404.199951171875,2405.300048828125,10730
2026-01-19 13:20:00+05:30,2408.699951171875,2408.800048828125,2405.199951171875,2405.199951171875,15548
2026-01-19 13:25:00+05:30,2410.60009765625,2411.0,2407.800048828125,2408.699951171875,18167
2026-01-19 13:30:00+05:30,2415.0,2416.0,2410.199951171875,2410.60009765625,24327
2026-01-19 13:35:00+05:30,2418.199951171875,2418.800048828125,2415.0,2415.0,12770
2026-01-19 13:40:00+05:30,2420.0,2421.39990234375,2415.5,2418.199951171875,32933
2026-01-19 13:45:00+05:30,2423.89990234375,2424.0,2419.0,2419.699951171875,19286
2026-01-19 13:50:00+05:30,2418.300048828125,2425.0,2418.199951171875,2424.0,33057
2026-01-19 13:55:00+05:30,2416.5,2420.0,2415.0,2419.300048828125,25410
2026-01-19 14:00:00+05:30,2416.10009765625,2418.5,2414.0,2416.300048828125,16636
2026-01-19 14:05:00+05:30,2414.0,2416.800048828125,2412.699951171875,2415.89990234375,8477
2026-01-19 14:10:00+05:30,2411.0,2414.39990234375,2410.0,2414.0,14150
2026-01-19 14:15:00+05:30,2415.10009765625,2416.0,2410.800048828125,2410.800048828125,27055
2026-01-19 14:20:00+05:30,2415.300048828125,2416.60009765625,2415.10009765625,2415.60009765625,7597
2026-01-19 14:25:00+05:30,2417.0,2417.5,2415.10009765625,2415.10009765625,26284
2026-01-19 14:30:00+05:30,2419.60009765625,2419.89990234375,2417.0,2417.0,26014
2026-01-19 14:35:00+05:30,2417.800048828125,2419.60009765625,2415.800048828125,2419.60009765625,13616
2026-01-19 14:40:00+05:30,2417.300048828125,2419.0,2415.199951171875,2417.10009765625,18029
2026-01-19 14:45:00+05:30,2419.699951171875,2422.39990234375,2417.0,2417.0,22307
2026-01-19 14:50:00+05:30,2420.800048828125,2421.699951171875,2418.5,2420.5,12124
2026-01-19 14:55:00+05:30,2420.300048828125,2421.5,2419.39990234375,2421.0,30195
2026-01-19 15:00:00+05:30,2417.800048828125,2421.5,2417.60009765625,2420.39990234375,36734
2026-01-19 15:05:00+05:30,2415.699951171875,2417.89990234375,2414.800048828125,2417.39990234375,37350
2026-01-19 15:10:00+05:30,2412.89990234375,2415.699951171875,2411.39990234375,2415.300048828125,42928
2026-01-19 15:15:00+05:30,2412.0,2413.39990234375,2410.0,2412.89990234375,28330
2026-01-19 15:20:00+05:30,2413.199951171875,2413.5,2408.800048828125,2412.0,58947
2026-01-19 15:25:00+05:30,2413.199951171875,2413.800048828125,2410.0,2413.10009765625,30724
2026-01-20 09:20:00+05:30,2419.0,2419.0,2411.300048828125,2412.89990234375,8272
2026-01-20 09:25:00+05:30,2412.60009765625,2419.199951171875,2412.60009765625,2419.199951171875,7062
2026-01-20 09:30:00+05:30,2411.39990234375,2413.5,2407.10009765625,2412.10009765625,8239
2026-01-20 09:35:00+05:30,2418.800048828125,2418.800048828125,2410.60009765625,2410.60009765625,21254
2026-01-20 09:40:00+05:30,2427.800048828125,2429.0,2419.39990234375,2420.0,46441
2026-01-20 09:45:00+05:30,2429.199951171875,2430.0,2426.0,2427.10009765625,28506
2026-01-20 09:50:00+05:30,2425.5,2429.5,2425.0,2427.800048828125,37060
2026-01-20 09:55:00+05:30,2427.0,2427.699951171875,2425.0,2425.0,29775
2026-01-20 10:00:00+05:30,2430.5,2430.5,2427.300048828125,2427.5,32254
2026-01-20 10:05:00+05:30,2431.0,2431.0,2425.60009765625,2430.0,27832
2026-01-20 10:10:00+05:30,2434.199951171875,2434.89990234375,2428.300048828125,2431.0,41684
2026-01-20 10:15:00+05:30,2437.300048828125,2439.0,2432.10009765625,2434.10009765625,37242
2026-01-20 10:20:00+05:30,2435.0,2438.0,2435.0,2437.5,14289
2026-01-20 10:25:00+05:30,2432.300048828125,2435.0,2431.0,2435.0,14740
2026-01-20 10:30:00+05:30,2431.10009765625,2433.699951171875,2427.699951171875,2432.699951171875,20591
2026-01-20 10:35:00+05:30,2429.10009765625,2432.0,2429.10009765625,2431.10009765625,7702
2026-01-20 10:40:00+05:30,2429.5,2431.39990234375,2429.0,2429.60009765625,8174
2026-01-20 10:45:00+05:30,2427.0,2433.0,2426.300048828125,2429.699951171875,21669
2026-01-20 10:50:00+05:30,2426.39990234375,2427.89990234375,2424.5,2427.0,19509
2026-01-20 10:55:00+05:30,2429.300048828125,2429.89990234375,2425.39990234375,2426.300048828125,14006
2026-01-20 11:00:00+05:30,2426.0,2429.0,2425.800048828125,2429.0,7860
2026-01-20 11:05:00+05:30,2425.199951171875,2426.39990234375,2424.5,2425.89990234375,10011
2026-01-20 11:10:00+05:30,2426.10009765625,2426.39990234375,2424.300048828125,2424.300048828125,5909
2026-01-20 11:15:00+05:30,2427.800048828125,2428.0,2426.199951171875,2426.39990234375,8679
2026-01-20 11:20:00+05:30,2426.5,2428.89990234375,2425.10009765625,2427.800048828125,13307
2026-01-20 11:25:00+05:30,2425.60009765625,2426.5,2424.60009765625,2426.5,7363
2026-01-20 11:30:00+05:30,2427.60009765625,2428.39990234375,2424.199951171875,2425.60009765625,16931
2026-01-20 11:35:00+05:30,2431.800048828125,2431.800048828125,2427.0,2427.5,27059
2026-01-20 11:40:00+05:30,2431.60009765625,2432.0,2431.5,2431.800048828125,5566
2026-01-20 11:45:00+05:30,2432.800048828125,2432.800048828125,2431.0,2431.60009765625,5776
2026-01-20 11:50:00+05:30,2431.89990234375,2433.0,2431.0,2432.699951171875,7744
2026-01-20 11:55:00+05:30,2429.89990234375,2431.89990234375,2429.5,2431.89990234375,12509
2026-01-20 12:00:00+05:30,2427.699951171875,2429.89990234375,2426.5,2429.89990234375,15039
2026-01-20 12:05:00+05:30,2426.5,2429.10009765625,2425.699951171875,2427.699951171875,6901
2026-01-20 12:10:00+05:30,2426.800048828125,2427.0,2425.10009765625,2426.5,6230
2026-01-20 12:15:00+05:30,2427.699951171875,2428.199951171875,2425.800048828125,2425.800048828125,5089
2026-01-20 12:20:00+05:30,2426.5,2428.300048828125,2426.199951171875,2427.60009765625,7146
2026-01-20 12:25:00+05:30,2426.60009765625,2428.0,2425.89990234375,2426.5,5304
2026-01-20 12:30:00+05:30,2425.0,2426.60009765625,2424.60009765625,2426.60009765625,10249
2026-01-20 12:35:00+05:30,2425.300048828125,2426.39990234375,2424.10009765625,2425.0,21389
2026-01-20 12:40:00+05:30,2421.89990234375,2425.300048828125,2421.5,2425.300048828125,21999
2026-01-20 12:45:00+05:30,2424.60009765625,2425.0,2420.699951171875,2421.89990234375,10435
2026-01-20 12:50:00+05:30,2424.39990234375,2425.300048828125,2421.699951171875,2424.0,21299
2026-01-20 12:55:00+05:30,2425.300048828125,2426.0,2423.199951171875,2423.60009765625,5265
2026-01-20 13:00:00+05:30,2423.5,2425.199951171875,2422.89990234375,2425.199951171875,6331
2026-01-20 13:05:00+05:30,2423.10009765625,2425.0,2422.10009765625,2423.39990234375,11357
2026-01-20 13:10:00+05:30,2421.39990234375,2424.800048828125,2421.0,2423.699951171875,4995
2026-01-20 13:15:00+05:30,2419.0,2422.0,2418.699951171875,2421.39990234375,11202
2026-01-20 13:20:00+05:30,2418.89990234375,2421.0,2418.0,2418.800048828125,11551
2026-01-20 13:25:00+05:30,2421.0,2421.39990234375,2418.89990234375,2418.89990234375,8479
2026-01-20 13:30:00+05:30,2420.300048828125,2421.199951171875,2420.0,2421.0,5561
2026-01-20 13:35:00+05:30,2418.699951171875,2420.300048828125,2416.699951171875,2420.300048828125,9778
2026-01-20 13:40:00+05:30,2420.60009765625,2420.699951171875,2417.0,2418.699951171875,14264
2026-01-20 13:45:00+05:30,2418.699951171875,2420.800048828125,2418.0,2420.5,6917
2026-01-20 13:50:00+05:30,2419.39990234375,2419.89990234375,2416.800048828125,2418.5,14366
2026-01-20 13:55:00+05:30,2418.0,2419.0,2417.60009765625,2418.89990234375,7663
2026-01-20 14:00:00+05:30,2418.39990234375,2419.89990234375,2415.800048828125,2418.39990234375,9582
2026-01-20 14:05:00+05:30,2418.39990234375,2419.39990234375,2416.699951171875,2419.39990234375,8798
2026-01-20 14:10:00+05:30,2413.39990234375,2418.89990234375,2411.199951171875,2418.300048828125,31977
2026-01-20 14:15:00+05:30,2412.60009765625,2413.89990234375,2412.5,2412.800048828125,34660
2026-01-20 14:20:00+05:30,2411.39990234375,2413.300048828125,2410.0,2411.60009765625,23371
2026-01-20 14:25:00+05:30,2412.60009765625,2414.0,2410.800048828125,2411.39990234375,27700
2026-01-20 14:30:00+05:30,2408.89990234375,2413.0,2408.89990234375,2412.60009765625,13367
2026-01-20 14:35:00+05:30,2402.199951171875,2409.5,2402.10009765625,2408.89990234375,27099
2026-01-20 14:40:00+05:30,2401.0,2403.699951171875,2398.89990234375,2402.199951171875,38639
2026-01-20 14:45:00+05:30,2401.5,2402.699951171875,2400.0,2401.0,14578
2026-01-20 14:50:00+05:30,2397.800048828125,2402.0,2396.199951171875,2401.5,14106
2026-01-20 14:55:00+05:30,2393.699951171875,2399.60009765625,2393.699951171875,2397.800048828125,12140
2026-01-20 15:00:00+05:30,2390.300048828125,2393.10009765625,2389.0,2393.10009765625,39247
2026-01-20 15:05:00+05:30,2384.699951171875,2391.800048828125,2384.300048828125,2390.89990234375,45666
2026-01-20 15:10:00+05:30,2377.199951171875,2385.800048828125,2376.60009765625,2384.800048828125,92415
2026-01-20 15:15:00+05:30,2372.60009765625,2377.800048828125,2370.10009765625,2377.10009765625,84333
2026-01-20 15:20:00+05:30,2373.0,2373.0,2368.699951171875,2372.60009765625,51637
2026-01-20 15:25:00+05:30,2379.10009765625,2384.800048828125,2369.89990234375,2372.60009765625,36619
2026-01-21 09:20:00+05:30,2393.10009765625,2393.89990234375,2382.0,2385.89990234375,28739
2026-01-21 09:25:00+05:30,2388.10009765625,2397.0,2388.10009765625,2392.89990234375,13610
2026-01-21 09:30:00+05:30,2395.10009765625,2397.800048828125,2387.39990234375,2387.39990234375,21432
2026-01-21 09:35:00+05:30,2387.89990234375,2398.39990234375,2386.60009765625,2396.300048828125,12977
2026-01-21 09:40:00+05:30,2386.0,2392.199951171875,2386.0,2387.699951171875,12428
2026-01-21 09:45:00+05:30,2387.60009765625,2389.199951171875,2382.39990234375,2385.199951171875,13670
2026-01-21 09:50:00+05:30,2386.800048828125,2389.300048828125,2384.199951171875,2387.0,6220
2026-01-21 09:55:00+05:30,2382.199951171875,2388.5,2380.39990234375,2387.89990234375,8318
2026-01-21 10:00:00+05:30,2387.199951171875,2388.60009765625,2381.39990234375,2381.39990234375,14548
2026-01-21 10:05:00+05:30,2386.60009765625,2388.39990234375,2385.10009765625,2386.10009765625,9247
2026-01-21 10:10:00+05:30,2383.0,2386.199951171875,2382.10009765625,2384.89990234375,10770
2026-01-21 10:15:00+05:30,2389.60009765625,2389.800048828125,2382.199951171875,2382.699951171875,7955
2026-01-21 10:20:00+05:30,2385.0,2390.0,2385.0,2389.89990234375,4022
2026-01-21 10:25:00+05:30,2384.39990234375,2386.89990234375,2381.199951171875,2385.0,7204
2026-01-21 10:30:00+05:30,2385.199951171875,2386.699951171875,2383.300048828125,2384.699951171875,8624
2026-01-21 10:35:00+05:30,2377.39990234375,2385.199951171875,2376.60009765625,2385.199951171875,20605
2026-01-21 10:40:00+05:30,2375.60009765625,2378.800048828125,2374.0,2376.0,8181
2026-01-21 10:45:00+05:30,2377.39990234375,2377.60009765625,2373.89990234375,2375.5,11702
2026-01-21 10:50:00+05:30,2380.699951171875,2384.60009765625,2376.0,2376.800048828125,74586
2026-01-21 10:55:00+05:30,2387.699951171875,2388.300048828125,2379.10009765625,2380.39990234375,20725
2026-01-21 11:00:00+05:30,2390.39990234375,2392.5,2387.10009765625,2387.10009765625,24590
2026-01-21 11:05:00+05:30,2388.0,2390.60009765625,2388.0,2389.699951171875,10266
2026-01-21 11:10:00+05:30,2389.0,2389.800048828125,2385.699951171875,2389.300048828125,20039
2026-01-21 11:15:00+05:30,2392.0,2392.0,2386.60009765625,2388.60009765625,33120
2026-01-21 11:20:00+05:30,2393.699951171875,2393.699951171875,2389.300048828125,2392.0,7880
2026-01-21 11:25:00+05:30,2390.199951171875,2393.89990234375,2390.0,2393.89990234375,12944
2026-01-21 11:30:00+05:30,2392.0,2393.0,2390.0,2390.10009765625,7109
2026-01-21 11:35:00+05:30,2387.800048828125,2393.800048828125,2387.300048828125,2391.800048828125,19685
2026-01-21 11:40:00+05:30,2387.800048828125,2389.300048828125,2385.60009765625,2387.300048828125,8723
2026-01-21 11:45:00+05:30,2388.800048828125,2389.0,2386.5,2388.60009765625,5471
2026-01-21 11:50:00+05:30,2391.0,2393.0,2388.800048828125,2388.800048828125,4535
2026-01-21 11:55:00+05:30,2387.60009765625,2391.10009765625,2387.60009765625,2391.0,4917
2026-01-21 12:00:00+05:30,2392.699951171875,2393.0,2387.5,2388.0,3559
2026-01-21 12:05:00+05:30,2386.89990234375,2392.699951171875,2385.800048828125,2392.699951171875,7106
2026-01-21 12:10:00+05:30,2383.5,2387.0,2383.199951171875,2386.800048828125,5937
2026-01-21 12:15:00+05:30,2388.199951171875,2389.10009765625,2381.39990234375,2384.5,6060
2026-01-21 12:20:00+05:30,2388.0,2389.199951171875,2386.699951171875,2388.0,6050
2026-01-21 12:25:00+05:30,2384.39990234375,2388.89990234375,2383.0,2387.89990234375,5467
2026-01-21 12:30:00+05:30,2388.10009765625,2388.89990234375,2384.60009765625,2384.60009765625,5326
2026-01-21 12:35:00+05:30,2391.300048828125,2391.300048828125,2384.199951171875,2386.699951171875,6245
2026-01-21 12:40:00+05:30,2390.10009765625,2392.800048828125,2389.60009765625,2391.5,8269
2026-01-21 12:45:00+05:30,2389.60009765625,2391.699951171875,2388.300048828125,2390.0,4425
2026-01-21 12:50:00+05:30,2395.800048828125,2396.89990234375,2386.800048828125,2388.300048828125,17841
2026-01-21 12:55:00+05:30,2395.0,2396.699951171875,2394.0,2395.800048828125,5039
2026-01-21 13:00:00+05:30,2391.0,2395.5,2390.60009765625,2394.800048828125,14105
2026-01-21 13:05:00+05:30,2391.10009765625,2392.199951171875,2389.5,2391.0,4673
2026-01-21 13:10:00+05:30,2385.699951171875,2391.0,2384.89990234375,2391.0,5941
2026-01-21 13:15:00+05:30,2381.800048828125,2385.699951171875,2380.300048828125,2385.10009765625,14612
2026-01-21 13:20:00+05:30,2378.5,2383.89990234375,2377.800048828125,2383.199951171875,4900
2026-01-21 13:25:00+05:30,2373.10009765625,2376.60009765625,2373.10009765625,2375.800048828125,6241
2026-01-21 13:30:00+05:30,2371.60009765625,2375.800048828125,2370.0,2374.0,8608
2026-01-21 13:35:00+05:30,2377.10009765625,2378.60009765625,2370.5,2371.39990234375,3727
2026-01-21 13:40:00+05:30,2377.0,2377.300048828125,2374.0,2376.39990234375,4518
2026-01-21 13:45:00+05:30,2374.0,2378.0,2373.300048828125,2376.800048828125,5280
2026-01-21 13:50:00+05:30,2371.39990234375,2374.60009765625,2370.800048828125,2374.0,4850
2026-01-21 13:55:00+05:30,2369.5,2372.10009765625,2367.199951171875,2372.0,8504
2026-01-21 14:00:00+05:30,2366.0,2369.199951171875,2365.0,2367.5,8134
2026-01-21 14:05:00+05:30,2362.800048828125,2367.699951171875,2362.60009765625,2366.5,13159
2026-01-21 14:10:00+05:30,2364.89990234375,2366.699951171875,2362.800048828125,2363.5,7774
2026-01-21 14:15:00+05:30,2369.10009765625,2370.300048828125,2364.0,2364.800048828125,13805
2026-01-21 14:20:00+05:30,2365.89990234375,2369.0,2365.0,2368.89990234375,3721
2026-01-21 14:25:00+05:30,2365.39990234375,2366.800048828125,2364.39990234375,2365.89990234375,8822
2026-01-21 14:30:00+05:30,2367.5,2368.5,2365.39990234375,2365.800048828125,7489
2026-01-21 14:35:00+05:30,2370.800048828125,2371.5,2367.39990234375,2367.39990234375,6750
2026-01-21 14:40:00+05:30,2372.0,2373.699951171875,2369.89990234375,2371.60009765625,9371
2026-01-21 14:45:00+05:30,2373.0,2373.0,2371.10009765625,2371.699951171875,5291
2026-01-21 14:50:00+05:30,2373.89990234375,2374.60009765625,2372.699951171875,2373.0,4524
2026-01-21 14:55:00+05:30,2372.300048828125,2374.5,2371.5,2373.89990234375,10108
2026-01-21 15:00:00+05:30,2372.39990234375,2373.0,2370.5,2370.5,31620
2026-01-21 15:05:00+05:30,2371.800048828125,2372.5,2370.5,2372.0,31585
2026-01-21 15:10:00+05:30,2368.89990234375,2371.699951171875,2368.300048828125,2371.699951171875,29983
2026-01-21 15:15:00+05:30,2367.0,2369.0,2365.60009765625,2369.0,37425
2026-01-21 15:20:00+05:30,2364.699951171875,2367.89990234375,2364.5,2367.199951171875,40602
2026-01-21 15:25:00+05:30,2365.89990234375,2369.60009765625,2360.199951171875,2364.89990234375,49629
2026-01-22 09:20:00+05:30,2385.300048828125,2386.39990234375,2378.39990234375,2379.199951171875,13902
2026-01-22 09:25:00+05:30,2395.0,2397.5,2385.39990234375,2386.60009765625,29034
2026-01-22 09:30:00+05:30,2392.10009765625,2395.0,2390.5,2395.0,21559
2026-01-22 09:35:00+05:30,2389.60009765625,2394.0,2388.0,2393.0,12138
2026-01-22 09:40:00+05:30,2388.0,2390.89990234375,2386.0,2389.60009765625,12249
2026-01-22 09:45:00+05:30,2386.0,2388.39990234375,2385.10009765625,2387.39990234375,11021
2026-01-22 09:50:00+05:30,2383.800048828125,2387.0,2382.5,2386.199951171875,9863
2026-01-22 09:55:00+05:30,2377.199951171875,2382.89990234375,2375.10009765625,2382.89990234375,20934
2026-01-22 10:00:00+05:30,2375.60009765625,2378.0,2373.199951171875,2377.199951171875,6933
2026-01-22 10:05:00+05:30,2380.199951171875,2381.60009765625,2375.0,2375.0,5103
2026-01-22 10:10:00+05:30,2381.39990234375,2383.60009765625,2380.5,2381.199951171875,3504
2026-01-22 10:15:00+05:30,2381.0,2383.0,2380.0,2381.199951171875,3413
2026-01-22 10:20:00+05:30,2383.5,2384.800048828125,2380.0,2381.10009765625,4531
2026-01-22 10:25:00+05:30,2381.5,2384.300048828125,2381.0,2383.800048828125,3805
2026-01-22 10:30:00+05:30,2375.300048828125,2383.0,2374.10009765625,2383.0,37492
2026-01-22 10:35:00+05:30,2371.5,2376.0,2371.0,2375.300048828125,12510
2026-01-22 10:40:00+05:30,2370.0,2373.39990234375,2369.0,2371.5,100389
2026-01-22 10:45:00+05:30,2377.89990234375,2379.10009765625,2369.0,2370.0,102759
2026-01-22 10:50:00+05:30,2379.89990234375,2380.300048828125,2375.60009765625,2378.0,9487
2026-01-22 10:55:00+05:30,2376.0,2383.0,2376.0,2378.699951171875,8469
2026-01-22 11:00:00+05:30,2377.60009765625,2382.10009765625,2374.0,2375.89990234375,32344
2026-01-22 11:05:00+05:30,2378.699951171875,2378.800048828125,2375.800048828125,2378.0,5159
2026-01-22 11:10:00+05:30,2379.0,2380.0,2377.89990234375,2379.89990234375,6241
2026-01-22 11:15:00+05:30,2381.0,2381.5,2379.89990234375,2379.89990234375,4021
2026-01-22 11:20:00+05:30,2383.10009765625,2384.800048828125,2380.89990234375,2382.60009765625,16167
2026-01-22 11:25:00+05:30,2382.39990234375,2386.0,2381.89990234375,2383.10009765625,12077
2026-01-22 11:30:00+05:30,2382.89990234375,2383.0,2380.300048828125,2382.10009765625,96127
2026-01-22 11:35:00+05:30,2380.0,2383.0,2379.300048828125,2382.800048828125,68737
2026-01-22 11:40:00+05:30,2375.60009765625,2380.39990234375,2373.699951171875,2380.0,45924
2026-01-22 11:45:00+05:30,2378.89990234375,2379.199951171875,2374.199951171875,2375.5,41626
2026-01-22 11:50:00+05:30,2378.39990234375,2380.699951171875,2377.0,2378.89990234375,6236
2026-01-22 11:55:00+05:30,2379.39990234375,2379.89990234375,2377.699951171875,2379.0,7113
2026-01-22 12:00:00+05:30,2380.199951171875,2381.10009765625,2378.39990234375,2379.300048828125,10515
2026-01-22 12:05:00+05:30,2380.60009765625,2382.5,2379.0,2379.39990234375,6623
2026-01-22 12:10:00+05:30,2379.5,2383.0,2377.0,2380.60009765625,6336
2026-01-22 12:15:00+05:30,2379.10009765625,2380.800048828125,2378.300048828125,2379.5,7029
2026-01-22 12:20:00+05:30,2375.0,2381.199951171875,2375.0,2379.10009765625,32604
2026-01-22 12:25:00+05:30,2373.5,2376.300048828125,2373.39990234375,2375.0,13445
2026-01-22 12:30:00+05:30,2373.60009765625,2374.5,2372.10009765625,2374.39990234375,5577
2026-01-22 12:35:00+05:30,2373.300048828125,2374.60009765625,2372.199951171875,2374.199951171875,5043
2026-01-22 12:40:00+05:30,2370.699951171875,2373.800048828125,2368.89990234375,2373.800048828125,9410
2026-01-22 12:45:00+05:30,2370.0,2371.39990234375,2369.0,2370.60009765625,56490
2026-01-22 12:50:00+05:30,2369.300048828125,2369.89990234375,2368.5,2369.89990234375,3104
2026-01-22 12:55:00+05:30,2368.199951171875,2369.39990234375,2366.0,2368.5,6817
2026-01-22 13:00:00+05:30,2368.0,2369.300048828125,2367.0,2368.39990234375,5333
2026-01-22 13:05:00+05:30,2368.199951171875,2368.699951171875,2367.10009765625,2368.0,3469
2026-01-22 13:10:00+05:30,2366.699951171875,2369.800048828125,2366.60009765625,2368.199951171875,4641
2026-01-22 13:15:00+05:30,2370.300048828125,2370.800048828125,2366.800048828125,2367.699951171875,13324
2026-01-22 13:20:00+05:30,2369.800048828125,2370.300048828125,2368.0,2370.300048828125,4732
2026-01-22 13:25:00+05:30,2369.800048828125,2369.89990234375,2368.699951171875,2369.699951171875,4584
2026-01-22 13:30:00+05:30,2370.699951171875,2370.699951171875,2368.89990234375,2369.60009765625,5267
2026-01-22 13:35:00+05:30,2370.0,2371.10009765625,2369.699951171875,2369.89990234375,14303
2026-01-22 13:40:00+05:30,2371.800048828125,2372.300048828125,2369.699951171875,2369.89990234375,34907
2026-01-22 13:45:00+05:30,2376.300048828125,2377.60009765625,2371.199951171875,2371.699951171875,13798
2026-01-22 13:50:00+05:30,2372.39990234375,2376.199951171875,2369.300048828125,2375.800048828125,24240
2026-01-22 13:55:00+05:30,2373.39990234375,2374.699951171875,2371.699951171875,2372.199951171875,8713
2026-01-22 14:00:00+05:30,2372.10009765625,2374.39990234375,2371.800048828125,2374.39990234375,11922
2026-01-22 14:05:00+05:30,2370.39990234375,2374.39990234375,2370.0,2372.10009765625,9601
2026-01-22 14:10:00+05:30,2369.60009765625,2371.699951171875,2368.39990234375,2370.199951171875,8889
2026-01-22 14:15:00+05:30,2369.0,2369.5,2367.60009765625,2369.5,25789
2026-01-22 14:20:00+05:30,2368.60009765625,2370.10009765625,2366.199951171875,2369.10009765625,12432
2026-01-22 14:25:00+05:30,2370.699951171875,2370.699951171875,2367.699951171875,2367.699951171875,6285
2026-01-22 14:30:00+05:30,2378.10009765625,2379.199951171875,2370.89990234375,2370.89990234375,15141
2026-01-22 14:35:00+05:30,2385.699951171875,2385.699951171875,2377.89990234375,2379.10009765625,30573
2026-01-22 14:40:00+05:30,2387.800048828125,2388.10009765625,2381.89990234375,2385.699951171875,13731
2026-01-22 14:45:00+05:30,2390.10009765625,2392.89990234375,2387.39990234375,2387.800048828125,33095
2026-01-22 14:50:00+05:30,2390.800048828125,2394.0,2389.10009765625,2389.89990234375,19695
2026-01-22 14:55:00+05:30,2391.199951171875,2392.89990234375,2389.89990234375,2390.800048828125,12773
2026-01-22 15:00:00+05:30,2384.699951171875,2390.60009765625,2382.699951171875,2390.60009765625,71918
2026-01-22 15:05:00+05:30,2389.5,2391.800048828125,2384.699951171875,2384.89990234375,81740
2026-01-22 15:10:00+05:30,2388.39990234375,2391.39990234375,2387.60009765625,2388.699951171875,62501
2026-01-22 15:15:00+05:30,2390.0,2392.89990234375,2388.5,2388.5,72333
2026-01-22 15:20:00+05:30,2394.300048828125,2395.199951171875,2389.699951171875,2389.89990234375,86552
2026-01-22 15:25:00+05:30,2396.699951171875,2401.800048828125,2394.39990234375,2394.39990234375,77209
2026-01-23 09:20:00+05:30,2392.39990234375,2392.39990234375,2378.60009765625,2380.199951171875,15785
2026-01-23 09:25:00+05:30,2395.0,2395.699951171875,2391.39990234375,2392.39990234375,9851
2026-01-23 09:30:00+05:30,2400.39990234375,2404.0,2394.60009765625,2396.5,19188
2026-01-23 09:35:00+05:30,2407.800048828125,2409.0,2399.60009765625,2399.60009765625,24176
2026-01-23 09:40:00+05:30,2410.5,2412.0,2405.800048828125,2407.300048828125,20725
2026-01-23 09:45:00+05:30,2412.5,2414.39990234375,2409.0,2411.60009765625,22686
2026-01-23 09:50:00+05:30,2408.800048828125,2413.800048828125,2408.5,2411.5,13190
2026-01-23 09:55:00+05:30,2410.10009765625,2412.0,2407.0,2408.800048828125,8871
2026-01-23 10:00:00+05:30,2409.39990234375,2411.699951171875,2407.39990234375,2410.89990234375,8830
2026-01-23 10:05:00+05:30,2409.800048828125,2410.800048828125,2407.0,2410.800048828125,6488
2026-01-23 10:10:00+05:30,2407.800048828125,2410.800048828125,2407.5,2408.89990234375,3826
2026-01-23 10:15:00+05:30,2402.0,2408.300048828125,2400.199951171875,2407.800048828125,12364
2026-01-23 10:20:00+05:30,2397.0,2402.60009765625,2395.60009765625,2402.60009765625,9986
2026-01-23 10:25:00+05:30,2401.39990234375,2401.89990234375,2393.800048828125,2396.199951171875,47543
2026-01-23 10:30:00+05:30,2406.699951171875,2407.800048828125,2401.39990234375,2401.39990234375,14863
2026-01-23 10:35:00+05:30,2415.699951171875,2416.0,2407.39990234375,2407.39990234375,18546
2026-01-23 10:40:00+05:30,2417.199951171875,2418.800048828125,2414.60009765625,2416.300048828125,18616
2026-01-23 10:45:00+05:30,2416.5,2419.0,2415.60009765625,2418.5,8592
2026-01-23 10:50:00+05:30,2413.699951171875,2417.39990234375,2413.699951171875,2416.0,5467
2026-01-23 10:55:00+05:30,2420.60009765625,2422.39990234375,2413.699951171875,2414.699951171875,13642
2026-01-23 11:00:00+05:30,2423.39990234375,2423.39990234375,2420.300048828125,2420.699951171875,16646
2026-01-23 11:05:00+05:30,2421.39990234375,2427.0,2421.39990234375,2423.5,28756
2026-01-23 11:10:00+05:30,2424.699951171875,2424.800048828125,2419.0,2423.0,8342
2026-01-23 11:15:00+05:30,2420.199951171875,2425.0,2420.199951171875,2424.89990234375,17401
2026-01-23 11:20:00+05:30,2421.39990234375,2424.0,2420.199951171875,2420.89990234375,11611
2026-01-23 11:25:00+05:30,2423.300048828125,2425.800048828125,2421.199951171875,2421.39990234375,14960
2026-01-23 11:30:00+05:30,2423.60009765625,2425.0,2422.199951171875,2423.89990234375,6753
2026-01-23 11:35:00+05:30,2423.10009765625,2425.60009765625,2422.800048828125,2423.60009765625,7010
2026-01-23 11:40:00+05:30,2422.0,2424.39990234375,2421.699951171875,2423.699951171875,5964
2026-01-23 11:45:00+05:30,2427.699951171875,2427.89990234375,2422.10009765625,2422.5,11089
2026-01-23 11:50:00+05:30,2429.199951171875,2430.39990234375,2425.60009765625,2427.699951171875,19871
2026-01-23 11:55:00+05:30,2432.60009765625,2432.800048828125,2428.10009765625,2429.300048828125,33250
2026-01-23 12:00:00+05:30,2433.0,2433.89990234375,2430.699951171875,2432.60009765625,20296
2026-01-23 12:05:00+05:30,2429.39990234375,2433.5,2428.800048828125,2433.300048828125,24313
2026-01-23 12:10:00+05:30,2424.0,2430.0,2424.0,2429.0,49757
2026-01-23 12:15:00+05:30,2427.39990234375,2427.5,2423.199951171875,2423.60009765625,13651
2026-01-23 12:20:00+05:30,2425.5,2427.89990234375,2425.10009765625,2427.39990234375,11298
2026-01-23 12:25:00+05:30,2428.199951171875,2429.199951171875,2425.39990234375,2425.5,25368
2026-01-23 12:30:00+05:30,2426.89990234375,2429.60009765625,2426.0,2428.5,49673
2026-01-23 12:35:00+05:30,2425.5,2428.39990234375,2425.10009765625,2427.39990234375,13163
2026-01-23 12:40:00+05:30,2423.800048828125,2425.89990234375,2423.0,2425.0,11451
2026-01-23 12:45:00+05:30,2424.10009765625,2426.60009765625,2423.0,2423.89990234375,9922
2026-01-23 12:50:00+05:30,2428.89990234375,2429.0,2421.800048828125,2424.10009765625,23890
2026-01-23 12:55:00+05:30,2430.300048828125,2432.0,2428.89990234375,2429.0,26675
2026-01-23 13:00:00+05:30,2427.89990234375,2431.39990234375,2427.0,2430.699951171875,21846
2026-01-23 13:05:00+05:30,2428.89990234375,2429.699951171875,2425.89990234375,2427.89990234375,11599
2026-01-23 13:10:00+05:30,2425.0,2429.699951171875,2424.0,2428.699951171875,38726
2026-01-23 13:15:00+05:30,2422.89990234375,2425.39990234375,2420.800048828125,2425.39990234375,13931
2026-01-23 13:20:00+05:30,2422.699951171875,2424.89990234375,2421.39990234375,2422.39990234375,6637
2026-01-23 13:25:00+05:30,2424.10009765625,2425.0,2422.199951171875,2422.39990234375,6781
2026-01-23 13:30:00+05:30,2423.0,2424.10009765625,2422.0,2424.0,5640
2026-01-23 13:35:00+05:30,2423.0,2423.0,2421.800048828125,2422.89990234375,7962
2026-01-23 13:40:00+05:30,2424.39990234375,2426.10009765625,2423.0,2423.0,18307
2026-01-23 13:45:00+05:30,2424.0,2424.89990234375,2421.199951171875,2424.5,7993
2026-01-23 13:50:00+05:30,2424.60009765625,2424.89990234375,2421.699951171875,2422.0,12403
2026-01-23 13:55:00+05:30,2421.0,2424.89990234375,2421.0,2424.699951171875,7385
2026-01-23 14:00:00+05:30,2419.89990234375,2421.699951171875,2418.0,2421.699951171875,8150
2026-01-23 14:05:00+05:30,2417.800048828125,2420.0,2415.800048828125,2419.800048828125,6354
2026-01-23 14:10:00+05:30,2418.89990234375,2419.0,2416.5,2417.39990234375,8086
2026-01-23 14:15:00+05:30,2419.0,2422.39990234375,2418.10009765625,2418.89990234375,8535
2026-01-23 14:20:00+05:30,2418.0,2419.199951171875,2417.800048828125,2419.0,14564
2026-01-23 14:25:00+05:30,2420.39990234375,2422.39990234375,2418.0,2418.60009765625,7806
2026-01-23 14:30:00+05:30,2421.10009765625,2421.60009765625,2419.5,2420.60009765625,6347
2026-01-23 14:35:00+05:30,2415.0,2422.0,2410.0,2420.199951171875,77566
2026-01-23 14:40:00+05:30,2413.60009765625,2416.699951171875,2412.800048828125,2414.0,8275
2026-01-23 14:45:00+05:30,2411.60009765625,2415.89990234375,2411.0,2414.89990234375,14925
2026-01-23 14:50:00+05:30,2415.199951171875,2417.89990234375,2411.60009765625,2411.89990234375,16643
2026-01-23 14:55:00+05:30,2415.89990234375,2417.5,2414.60009765625,2414.60009765625,17952
2026-01-23 15:00:00+05:30,2413.60009765625,2415.199951171875,2412.300048828125,2415.199951171875,39339
2026-01-23 15:05:00+05:30,2409.199951171875,2413.5,2408.800048828125,2413.5,48864
2026-01-23 15:10:00+05:30,2409.199951171875,2409.89990234375,2408.60009765625,2409.0,29358
2026-01-23 15:15:00+05:30,2409.39990234375,2410.300048828125,2406.89990234375,2409.300048828125,37835
2026-01-23 15:20:00+05:30,2406.60009765625,2408.300048828125,2406.199951171875,2408.300048828125,31425
2026-01-23 15:25:00+05:30,2409.5,2410.89990234375,2404.60009765625,2406.60009765625,35735
2026-01-27 09:20:00+05:30,2399.10009765625,2406.199951171875,2395.89990234375,2406.199951171875,26386
2026-01-27 09:25:00+05:30,2405.89990234375,2407.300048828125,2398.0,2398.300048828125,12562
2026-01-27 09:30:00+05:30,2401.5,2407.0,2400.0,2405.0,15499
2026-01-27 09:35:00+05:30,2406.300048828125,2406.60009765625,2399.10009765625,2400.699951171875,17766
2026-01-27 09:40:00+05:30,2405.89990234375,2406.89990234375,2402.39990234375,2404.800048828125,20955
2026-01-27 09:45:00+05:30,2407.89990234375,2408.60009765625,2404.10009765625,2405.89990234375,21613
2026-01-27 09:50:00+05:30,2404.10009765625,2407.89990234375,2403.300048828125,2407.89990234375,17750
2026-01-27 09:55:00+05:30,2402.10009765625,2404.5,2401.89990234375,2404.10009765625,5518
2026-01-27 10:00:00+05:30,2405.60009765625,2407.800048828125,2402.10009765625,2402.10009765625,15164
2026-01-27 10:05:00+05:30,2403.60009765625,2405.60009765625,2402.300048828125,2405.60009765625,9825
2026-01-27 10:10:00+05:30,2409.0,2409.10009765625,2402.39990234375,2403.60009765625,14285
2026-01-27 10:15:00+05:30,2419.0,2419.10009765625,2408.199951171875,2408.199951171875,30970
2026-01-27 10:20:00+05:30,2412.5,2419.699951171875,2412.5,2419.0,12664
2026-01-27 10:25:00+05:30,2410.199951171875,2415.5,2410.199951171875,2412.5,13207
2026-01-27 10:30:00+05:30,2411.60009765625,2412.0,2409.300048828125,2410.300048828125,14850
2026-01-27 10:35:00+05:30,2410.60009765625,2411.60009765625,2409.5,2411.60009765625,14130
2026-01-27 10:40:00+05:30,2407.199951171875,2411.300048828125,2406.699951171875,2411.0,12574
2026-01-27 10:45:00+05:30,2407.5,2408.89990234375,2406.300048828125,2407.5,12389
2026-01-27 10:50:00+05:30,2402.5,2407.10009765625,2401.60009765625,2407.10009765625,15646
2026-01-27 10:55:00+05:30,2400.800048828125,2404.89990234375,2400.199951171875,2403.300048828125,14893
2026-01-27 11:00:00+05:30,2401.300048828125,2401.5,2399.5,2401.300048828125,11282
2026-01-27 11:05:00+05:30,2405.300048828125,2406.89990234375,2400.199951171875,2400.199951171875,18523
2026-01-27 11:10:00+05:30,2407.5,2407.5,2405.0,2405.39990234375,19413
2026-01-27 11:15:00+05:30,2405.89990234375,2410.800048828125,2403.89990234375,2407.5,117775
2026-01-27 11:20:00+05:30,2400.5,2408.0,2400.5,2405.39990234375,10195
2026-01-27 11:25:00+05:30,2405.5,2407.39990234375,2399.5,2400.300048828125,74300
2026-01-27 11:30:00+05:30,2401.10009765625,2407.89990234375,2400.39990234375,2406.0,47563
2026-01-27 11:35:00+05:30,2405.0,2406.60009765625,2399.800048828125,2401.10009765625,68667
2026-01-27 11:40:00+05:30,2408.699951171875,2409.0,2403.0,2405.60009765625,53565
2026-01-27 11:45:00+05:30,2403.0,2409.0,2402.699951171875,2409.0,42120
2026-01-27 11:50:00+05:30,2396.0,2403.300048828125,2394.89990234375,2403.0,10662
2026-01-27 11:55:00+05:30,2397.10009765625,2400.0,2395.60009765625,2395.699951171875,9444
2026-01-27 12:00:00+05:30,2397.0,2401.5,2395.800048828125,2397.300048828125,9310
2026-01-27 12:05:00+05:30,2401.300048828125,2402.5,2397.60009765625,2397.60009765625,9807
2026-01-27 12:10:00+05:30,2405.89990234375,2408.39990234375,2401.0,2401.300048828125,14772
2026-01-27 12:15:00+05:30,2406.0,2407.0,2404.699951171875,2405.89990234375,15504
2026-01-27 12:20:00+05:30,2408.800048828125,2409.0,2404.89990234375,2406.0,32367
2026-01-27 12:25:00+05:30,2405.199951171875,2410.0,2404.199951171875,2409.0,42892
2026-01-27 12:30:00+05:30,2403.89990234375,2406.89990234375,2402.199951171875,2405.199951171875,8705
2026-01-27 12:35:00+05:30,2395.10009765625,2405.60009765625,2395.0,2403.89990234375,12755
2026-01-27 12:40:00+05:30,2388.300048828125,2394.89990234375,2388.300048828125,2394.89990234375,18713
2026-01-27 12:45:00+05:30,2383.199951171875,2392.89990234375,2383.199951171875,2388.199951171875,20444
2026-01-27 12:50:00+05:30,2386.300048828125,2388.10009765625,2382.800048828125,2382.800048828125,13690
2026-01-27 12:55:00+05:30,2385.5,2389.0,2385.10009765625,2386.10009765625,12563
2026-01-27 13:00:00+05:30,2384.89990234375,2386.199951171875,2380.699951171875,2386.199951171875,14680
2026-01-27 13:05:00+05:30,2387.39990234375,2389.699951171875,2383.0,2384.89990234375,11761
2026-01-27 13:10:00+05:30,2388.39990234375,2390.0,2384.5,2387.0,16700
2026-01-27 13:15:00+05:30,2392.0,2393.0,2388.199951171875,2388.39990234375,27949
2026-01-27 13:20:00+05:30,2396.60009765625,2398.0,2391.10009765625,2392.0,21698
2026-01-27 13:25:00+05:30,2406.699951171875,2407.60009765625,2393.199951171875,2396.89990234375,28675
2026-01-27 13:30:00+05:30,2401.60009765625,2408.0,2400.89990234375,2406.39990234375,17789
2026-01-27 13:35:00+05:30,2391.39990234375,2402.39990234375,2391.0,2402.39990234375,14427
2026-01-27 13:40:00+05:30,2391.39990234375,2396.10009765625,2389.800048828125,2392.39990234375,16003
2026-01-27 13:45:00+05:30,2394.800048828125,2395.800048828125,2391.699951171875,2392.800048828125,14549
2026-01-27 13:50:00+05:30,2393.199951171875,2396.199951171875,2389.0,2394.800048828125,16929
2026-01-27 13:55:00+05:30,2389.699951171875,2395.5,2389.300048828125,2393.199951171875,13883
2026-01-27 14:00:00+05:30,2391.10009765625,2394.199951171875,2389.300048828125,2389.699951171875,11093
2026-01-27 14:05:00+05:30,2390.699951171875,2391.60009765625,2385.699951171875,2390.5,12300
2026-01-27 14:10:00+05:30,2390.800048828125,2394.699951171875,2390.0,2390.0,11084
2026-01-27 14:15:00+05:30,2390.699951171875,2391.800048828125,2386.0,2390.800048828125,13477
2026-01-27 14:20:00+05:30,2390.0,2390.89990234375,2387.60009765625,2390.60009765625,11953
2026-01-27 14:25:00+05:30,2391.800048828125,2394.5,2389.199951171875,2390.39990234375,11052
2026-01-27 14:30:00+05:30,2389.199951171875,2394.0,2386.5,2392.0,16789
2026-01-27 14:35:00+05:30,2394.0,2394.0,2388.10009765625,2389.300048828125,26143
2026-01-27 14:40:00+05:30,2393.60009765625,2395.199951171875,2391.0,2393.89990234375,24811
2026-01-27 14:45:00+05:30,2397.5,2398.5,2393.60009765625,2393.60009765625,32524
2026-01-27 14:50:00+05:30,2398.300048828125,2401.10009765625,2398.0,2399.699951171875,32919
2026-01-27 14:55:00+05:30,2394.10009765625,2400.60009765625,2392.800048828125,2398.10009765625,55357
2026-01-27 15:00:00+05:30,2397.699951171875,2399.0,2391.199951171875,2394.5,104307
2026-01-27 15:05:00+05:30,2402.300048828125,2405.0,2396.699951171875,2397.800048828125,89866
2026-01-27 15:10:00+05:30,2403.89990234375,2404.199951171875,2401.800048828125,2402.800048828125,75440
2026-01-27 15:15:00+05:30,2403.10009765625,2406.699951171875,2400.699951171875,2403.89990234375,98661
2026-01-27 15:20:00+05:30,2402.5,2403.5,2396.800048828125,2403.300048828125,88587
2026-01-27 15:25:00+05:30,2403.0,2407.5,2397.699951171875,2402.39990234375,61959
2026-01-28 09:15:00+05:30,2408.60009765625,2420.199951171875,2404.0,2404.0,64637
2026-01-28 09:20:00+05:30,2399.0,2410.0,2394.0,2409.199951171875,38681
2026-01-28 09:25:00+05:30,2399.89990234375,2403.5,2398.699951171875,2399.0,20385
2026-01-28 09:30:00+05:30,2398.5,2402.60009765625,2396.800048828125,2400.0,66338
2026-01-28 09:35:00+05:30,2392.5,2399.10009765625,2391.199951171875,2398.800048828125,38092
2026-01-28 09:40:00+05:30,2386.800048828125,2394.39990234375,2386.0,2392.5,22432
2026-01-28 09:45:00+05:30,2387.5,2391.0,2384.699951171875,2386.0,9193
2026-01-28 09:50:00+05:30,2389.699951171875,2391.0,2386.89990234375,2387.699951171875,9533
2026-01-28 09:55:00+05:30,2390.10009765625,2391.0,2388.199951171875,2389.699951171875,10955
2026-01-28 10:00:00+05:30,2383.60009765625,2391.800048828125,2379.0,2389.89990234375,30127
2026-01-28 10:05:00+05:30,2374.5,2383.39990234375,2374.10009765625,2382.89990234375,21510
2026-01-28 10:10:00+05:30,2362.60009765625,2376.0,2361.0,2374.5,32101
2026-01-28 10:15:00+05:30,2365.89990234375,2370.89990234375,2363.0,2363.0,24850
2026-01-28 10:20:00+05:30,2363.800048828125,2367.5,2363.199951171875,2366.10009765625,16268
2026-01-28 10:25:00+05:30,2353.300048828125,2366.39990234375,2353.300048828125,2363.800048828125,36343
2026-01-28 10:30:00+05:30,2355.800048828125,2358.0,2352.5,2353.0,18029
2026-01-28 10:35:00+05:30,2358.0,2362.60009765625,2354.10009765625,2356.699951171875,26617
2026-01-28 10:40:00+05:30,2347.39990234375,2360.39990234375,2346.300048828125,2358.0,39534
2026-01-28 10:45:00+05:30,2344.0,2348.800048828125,2340.60009765625,2347.300048828125,29536
2026-01-28 10:50:00+05:30,2348.0,2349.89990234375,2343.0,2344.699951171875,22000
2026-01-28 10:55:00+05:30,2349.39990234375,2349.89990234375,2345.89990234375,2349.0,12868
2026-01-28 11:00:00+05:30,2355.300048828125,2360.0,2348.5,2349.60009765625,29550
2026-01-28 11:05:00+05:30,2369.300048828125,2370.699951171875,2352.800048828125,2355.39990234375,24013
2026-01-28 11:10:00+05:30,2370.10009765625,2371.0,2365.5,2369.0,9917
2026-01-28 11:15:00+05:30,2369.800048828125,2371.0,2366.39990234375,2371.0,12059
2026-01-28 11:20:00+05:30,2367.0,2370.5,2367.0,2369.699951171875,8643
2026-01-28 11:25:00+05:30,2369.10009765625,2369.10009765625,2363.699951171875,2367.199951171875,12608
2026-01-28 11:30:00+05:30,2369.800048828125,2372.10009765625,2368.39990234375,2369.199951171875,23619
2026-01-28 11:35:00+05:30,2364.89990234375,2371.0,2361.300048828125,2369.800048828125,8945
2026-01-28 11:40:00+05:30,2363.89990234375,2366.89990234375,2359.5,2364.89990234375,8752
2026-01-28 11:45:00+05:30,2363.300048828125,2365.0,2362.199951171875,2364.0,5871
2026-01-28 11:50:00+05:30,2362.199951171875,2364.199951171875,2360.39990234375,2363.199951171875,7240
2026-01-28 11:55:00+05:30,2364.89990234375,2364.89990234375,2360.0,2362.199951171875,4687
2026-01-28 12:00:00+05:30,2357.800048828125,2364.89990234375,2357.800048828125,2364.5,10379
2026-01-28 12:05:00+05:30,2361.699951171875,2363.800048828125,2357.39990234375,2357.800048828125,7598
2026-01-28 12:10:00+05:30,2361.89990234375,2362.199951171875,2360.0,2360.699951171875,10758
2026-01-28 12:15:00+05:30,2360.89990234375,2362.699951171875,2359.0,2361.89990234375,20033
2026-01-28 12:20:00+05:30,2359.89990234375,2361.89990234375,2359.800048828125,2360.699951171875,17353
2026-01-28 12:25:00+05:30,2360.199951171875,2361.60009765625,2358.0,2358.699951171875,13744
2026-01-28 12:30:00+05:30,2358.300048828125,2360.300048828125,2357.10009765625,2359.60009765625,17312
2026-01-28 12:35:00+05:30,2361.699951171875,2361.89990234375,2356.5,2358.300048828125,27321
2026-01-28 12:40:00+05:30,2361.800048828125,2361.89990234375,2359.699951171875,2361.699951171875,23202
2026-01-28 12:45:00+05:30,2363.800048828125,2364.89990234375,2361.5,2361.89990234375,12804
2026-01-28 12:50:00+05:30,2361.0,2364.60009765625,2360.39990234375,2363.800048828125,8986
2026-01-28 12:55:00+05:30,2359.699951171875,2361.60009765625,2357.89990234375,2361.0,8539
2026-01-28 13:00:00+05:30,2363.0,2363.800048828125,2357.89990234375,2359.699951171875,8419
2026-01-28 13:05:00+05:30,2364.10009765625,2364.5,2361.699951171875,2363.0,7801
2026-01-28 13:10:00+05:30,2363.39990234375,2366.699951171875,2361.300048828125,2364.10009765625,14741
2026-01-28 13:15:00+05:30,2360.300048828125,2366.5,2358.699951171875,2363.39990234375,10905
2026-01-28 13:20:00+05:30,2359.300048828125,2361.39990234375,2356.60009765625,2360.300048828125,17556
2026-01-28 13:25:00+05:30,2359.89990234375,2361.89990234375,2357.0,2358.699951171875,21314
2026-01-28 13:30:00+05:30,2359.199951171875,2360.10009765625,2358.60009765625,2359.89990234375,5907
2026-01-28 13:35:00+05:30,2357.699951171875,2359.5,2355.800048828125,2359.199951171875,7937
2026-01-28 13:40:00+05:30,2352.39990234375,2357.699951171875,2352.0,2357.60009765625,13572
2026-01-28 13:45:00+05:30,2348.10009765625,2354.5,2347.5,2352.39990234375,17348
2026-01-28 13:50:00+05:30,2345.0,2348.10009765625,2343.5,2347.89990234375,13240
2026-01-28 13:55:00+05:30,2346.60009765625,2347.60009765625,2345.0,2346.0,7622
2026-01-28 14:00:00+05:30,2348.199951171875,2349.10009765625,2343.0,2347.5,28181
2026-01-28 14:05:00+05:30,2348.89990234375,2349.89990234375,2347.699951171875,2349.0,8049
2026-01-28 14:10:00+05:30,2348.89990234375,2351.60009765625,2348.199951171875,2348.89990234375,4760
2026-01-28 14:15:00+05:30,2352.300048828125,2355.5,2348.89990234375,2348.89990234375,39877
2026-01-28 14:20:00+05:30,2352.39990234375,2353.60009765625,2351.39990234375,2352.800048828125,7183
2026-01-28 14:25:00+05:30,2351.5,2352.0,2350.0,2351.0,8521
2026-01-28 14:30:00+05:30,2349.60009765625,2352.300048828125,2348.699951171875,2351.39990234375,17057
2026-01-28 14:35:00+05:30,2353.89990234375,2355.199951171875,2349.10009765625,2349.699951171875,14596
2026-01-28 14:40:00+05:30,2355.60009765625,2356.0,2353.0,2353.89990234375,15156
2026-01-28 14:45:00+05:30,2359.699951171875,2359.800048828125,2355.10009765625,2355.10009765625,8784
2026-01-28 14:50:00+05:30,2366.699951171875,2368.10009765625,2358.89990234375,2359.699951171875,17365
2026-01-28 14:55:00+05:30,2371.5,2371.89990234375,2366.60009765625,2366.699951171875,38607
2026-01-28 15:00:00+05:30,2371.0,2374.800048828125,2369.89990234375,2371.5,91273
2026-01-28 15:05:00+05:30,2374.39990234375,2375.0,2371.0,2371.0,83681
2026-01-28 15:10:00+05:30,2379.199951171875,2379.300048828125,2372.199951171875,2374.5,103533
2026-01-28 15:15:00+05:30,2382.300048828125,2382.5,2378.60009765625,2378.60009765625,73484
2026-01-28 15:20:00+05:30,2384.39990234375,2386.89990234375,2382.199951171875,2382.199951171875,100889
2026-01-28 15:25:00+05:30,2386.0,2386.5,2381.89990234375,2385.60009765625,65981
2026-01-29 09:15:00+05:30,2351.60009765625,2370.5,2350.39990234375,2370.5,73656
2026-01-29 09:20:00+05:30,2347.800048828125,2351.699951171875,2345.0,2351.699951171875,44017
2026-01-29 09:25:00+05:30,2346.10009765625,2353.0,2346.10009765625,2348.10009765625,13920
2026-01-29 09:30:00+05:30,2345.300048828125,2349.39990234375,2343.199951171875,2344.300048828125,19785
2026-01-29 09:35:00+05:30,2338.300048828125,2345.300048828125,2337.39990234375,2345.300048828125,29044
2026-01-29 09:40:00+05:30,2334.0,2338.300048828125,2332.0,2338.300048828125,25027
2026-01-29 09:45:00+05:30,2330.10009765625,2334.199951171875,2330.0,2332.39990234375,15614
2026-01-29 09:50:00+05:30,2327.10009765625,2336.10009765625,2327.10009765625,2329.10009765625,18138
2026-01-29 09:55:00+05:30,2328.199951171875,2329.699951171875,2325.89990234375,2327.5,14387
2026-01-29 10:00:00+05:30,2330.10009765625,2332.89990234375,2328.0,2328.0,11575
2026-01-29 10:05:00+05:30,2326.699951171875,2330.10009765625,2325.300048828125,2330.10009765625,10644
2026-01-29 10:10:00+05:30,2326.39990234375,2327.10009765625,2324.10009765625,2325.60009765625,9469
2026-01-29 10:15:00+05:30,2326.5,2327.5,2325.0,2326.0,8021
2026-01-29 10:20:00+05:30,2326.89990234375,2327.0,2319.0,2325.300048828125,21837
2026-01-29 10:25:00+05:30,2323.10009765625,2327.300048828125,2322.0,2326.800048828125,10092
2026-01-29 10:30:00+05:30,2322.800048828125,2324.10009765625,2320.800048828125,2322.199951171875,11037
2026-01-29 10:35:00+05:30,2319.699951171875,2325.60009765625,2319.5,2322.800048828125,23629
2026-01-29 10:40:00+05:30,2316.5,2320.10009765625,2315.89990234375,2319.699951171875,12078
2026-01-29 10:45:00+05:30,2313.300048828125,2317.0,2312.300048828125,2315.199951171875,14878
2026-01-29 10:50:00+05:30,2315.89990234375,2317.89990234375,2312.699951171875,2312.89990234375,12612
2026-01-29 10:55:00+05:30,2318.0,2319.89990234375,2315.0,2317.10009765625,16132
2026-01-29 11:00:00+05:30,2319.39990234375,2322.39990234375,2318.10009765625,2318.10009765625,11284
2026-01-29 11:05:00+05:30,2318.0,2322.60009765625,2317.699951171875,2319.300048828125,11627
2026-01-29 11:10:00+05:30,2323.10009765625,2323.39990234375,2316.0,2318.199951171875,12450
2026-01-29 11:15:00+05:30,2324.800048828125,2328.199951171875,2321.800048828125,2321.800048828125,15565
2026-01-29 11:20:00+05:30,2328.199951171875,2329.699951171875,2323.89990234375,2323.89990234375,22002
2026-01-29 11:25:00+05:30,2324.800048828125,2328.5,2324.699951171875,2328.10009765625,4831
2026-01-29 11:30:00+05:30,2323.5,2327.60009765625,2323.5,2323.699951171875,6693
2026-01-29 11:35:00+05:30,2323.10009765625,2324.60009765625,2321.5,2323.699951171875,5530
2026-01-29 11:40:00+05:30,2320.800048828125,2323.0,2320.0,2322.699951171875,5083
2026-01-29 11:45:00+05:30,2321.10009765625,2322.5,2319.0,2320.699951171875,9849
2026-01-29 11:50:00+05:30,2321.800048828125,2323.199951171875,2320.60009765625,2321.10009765625,3902
2026-01-29 11:55:00+05:30,2323.800048828125,2324.199951171875,2320.5,2321.800048828125,10200
2026-01-29 12:00:00+05:30,2324.800048828125,2326.699951171875,2323.800048828125,2323.89990234375,3422
2026-01-29 12:05:00+05:30,2328.39990234375,2330.0,2324.5,2324.89990234375,7788
2026-01-29 12:10:00+05:30,2330.0,2330.0,2326.0,2328.5,7524
2026-01-29 12:15:00+05:30,2326.89990234375,2330.0,2326.10009765625,2330.0,7996
2026-01-29 12:20:00+05:30,2328.39990234375,2328.39990234375,2324.300048828125,2326.800048828125,6924
2026-01-29 12:25:00+05:30,2330.300048828125,2330.300048828125,2328.0,2328.10009765625,8640
2026-01-29 12:30:00+05:30,2332.39990234375,2334.300048828125,2330.300048828125,2330.5,10502
2026-01-29 12:35:00+05:30,2334.699951171875,2335.0,2332.0,2332.10009765625,6625
2026-01-29 12:40:00+05:30,2332.0,2335.10009765625,2332.0,2334.60009765625,6364
2026-01-29 12:45:00+05:30,2332.0,2333.5,2330.89990234375,2332.0,12085
2026-01-29 12:50:00+05:30,2335.300048828125,2336.300048828125,2332.0,2332.39990234375,7248
2026-01-29 12:55:00+05:30,2335.39990234375,2336.10009765625,2335.0,2335.800048828125,6754
2026-01-29 13:00:00+05:30,2336.89990234375,2337.89990234375,2335.0,2335.39990234375,5113
2026-01-29 13:05:00+05:30,2338.0,2338.699951171875,2336.39990234375,2336.89990234375,4653
2026-01-29 13:10:00+05:30,2338.699951171875,2339.800048828125,2336.800048828125,2338.0,9370
2026-01-29 13:15:00+05:30,2340.699951171875,2342.5,2336.699951171875,2338.699951171875,56008
2026-01-29 13:20:00+05:30,2346.0,2347.300048828125,2339.800048828125,2340.699951171875,109827
2026-01-29 13:25:00+05:30,2345.10009765625,2349.0,2344.800048828125,2346.199951171875,52083
2026-01-29 13:30:00+05:30,2349.39990234375,2349.60009765625,2345.0,2345.0,13213
2026-01-29 13:35:00+05:30,2351.89990234375,2352.0,2349.199951171875,2349.39990234375,12325
2026-01-29 13:40:00+05:30,2353.89990234375,2353.89990234375,2351.199951171875,2351.800048828125,7427
2026-01-29 13:45:00+05:30,2355.39990234375,2356.0,2353.10009765625,2353.89990234375,8382
2026-01-29 13:50:00+05:30,2355.10009765625,2355.5,2354.39990234375,2354.60009765625,17187
2026-01-29 13:55:00+05:30,2355.39990234375,2356.89990234375,2355.0,2355.0,7118
2026-01-29 14:00:00+05:30,2355.199951171875,2358.199951171875,2355.0,2355.39990234375,13227
2026-01-29 14:05:00+05:30,2350.0,2356.300048828125,2349.0,2355.0,38938
2026-01-29 14:10:00+05:30,2352.0,2354.60009765625,2349.10009765625,2349.199951171875,14305
2026-01-29 14:15:00+05:30,2348.10009765625,2352.0,2348.10009765625,2351.60009765625,25834
2026-01-29 14:20:00+05:30,2352.300048828125,2352.89990234375,2348.10009765625,2348.10009765625,7701
2026-01-29 14:25:00+05:30,2354.300048828125,2354.300048828125,2351.300048828125,2352.0,10591
2026-01-29 14:30:00+05:30,2354.60009765625,2356.199951171875,2354.0,2355.0,24284
2026-01-29 14:35:00+05:30,2352.300048828125,2354.699951171875,2351.199951171875,2354.60009765625,9008
2026-01-29 14:40:00+05:30,2352.699951171875,2353.300048828125,2351.10009765625,2352.10009765625,9522
2026-01-29 14:45:00+05:30,2356.199951171875,2356.39990234375,2351.89990234375,2352.60009765625,14442
2026-01-29 14:50:00+05:30,2356.199951171875,2358.5,2356.0,2356.199951171875,15026
2026-01-29 14:55:00+05:30,2353.199951171875,2356.699951171875,2353.199951171875,2356.699951171875,35408
2026-01-29 15:00:00+05:30,2352.800048828125,2355.0,2351.89990234375,2355.0,37905
2026-01-29 15:05:00+05:30,2352.5,2353.800048828125,2351.10009765625,2352.800048828125,48137
2026-01-29 15:10:00+05:30,2356.0,2356.300048828125,2352.5,2352.60009765625,79670
2026-01-29 15:15:00+05:30,2351.89990234375,2356.10009765625,2351.89990234375,2356.0,68547
2026-01-29 15:20:00+05:30,2347.800048828125,2352.300048828125,2347.800048828125,2351.300048828125,57610
2026-01-29 15:25:00+05:30,2352.60009765625,2352.60009765625,2345.10009765625,2347.699951171875,39139
2026-01-30 09:20:00+05:30,2366.5,2366.89990234375,2346.300048828125,2350.199951171875,16208
2026-01-30 09:25:00+05:30,2363.300048828125,2369.39990234375,2362.89990234375,2365.0,25013
2026-01-30 09:30:00+05:30,2367.300048828125,2372.0,2359.300048828125,2363.5,25024
2026-01-30 09:35:00+05:30,2374.199951171875,2376.0,2364.800048828125,2367.300048828125,21633
2026-01-30 09:40:00+05:30,2373.60009765625,2378.0,2368.0,2375.10009765625,20641
2026-01-30 09:45:00+05:30,2366.699951171875,2373.10009765625,2363.89990234375,2373.0,15945
2026-01-30 09:50:00+05:30,2369.39990234375,2370.0,2365.699951171875,2366.300048828125,5320
2026-01-30 09:55:00+05:30,2375.5,2378.0,2368.699951171875,2369.699951171875,28533
2026-01-30 10:00:00+05:30,2381.699951171875,2381.699951171875,2374.699951171875,2374.699951171875,15632
2026-01-30 10:05:00+05:30,2376.5,2382.60009765625,2376.39990234375,2382.60009765625,45743
2026-01-30 10:10:00+05:30,2372.10009765625,2377.800048828125,2370.699951171875,2376.199951171875,9591
2026-01-30 10:15:00+05:30,2372.300048828125,2373.39990234375,2370.199951171875,2372.0,8418
2026-01-30 10:20:00+05:30,2370.699951171875,2372.800048828125,2369.5,2372.10009765625,13695
2026-01-30 10:25:00+05:30,2366.199951171875,2371.39990234375,2364.10009765625,2371.39990234375,21252
2026-01-30 10:30:00+05:30,2366.10009765625,2367.199951171875,2360.300048828125,2365.89990234375,14250
2026-01-30 10:35:00+05:30,2371.0,2371.0,2363.0,2366.0,12788
2026-01-30 10:40:00+05:30,2367.89990234375,2371.0,2366.89990234375,2370.0,7584
2026-01-30 10:45:00+05:30,2365.10009765625,2369.89990234375,2365.0,2369.89990234375,6800
2026-01-30 10:50:00+05:30,2368.300048828125,2369.0,2365.199951171875,2365.300048828125,6385
2026-01-30 10:55:00+05:30,2368.199951171875,2370.5,2367.10009765625,2368.300048828125,6186
2026-01-30 11:00:00+05:30,2366.699951171875,2368.60009765625,2365.699951171875,2368.10009765625,4886
2026-01-30 11:05:00+05:30,2361.300048828125,2366.60009765625,2360.89990234375,2366.60009765625,7433
2026-01-30 11:10:00+05:30,2361.300048828125,2365.0,2360.5,2360.89990234375,12607
2026-01-30 11:15:00+05:30,2358.699951171875,2362.89990234375,2358.39990234375,2361.199951171875,8557
2026-01-30 11:20:00+05:30,2364.5,2364.5,2357.300048828125,2357.300048828125,4655
2026-01-30 11:25:00+05:30,2359.10009765625,2368.0,2356.39990234375,2364.39990234375,29388
2026-01-30 11:30:00+05:30,2353.800048828125,2358.800048828125,2350.60009765625,2358.60009765625,12188
2026-01-30 11:35:00+05:30,2358.800048828125,2359.60009765625,2351.699951171875,2353.5,10351
2026-01-30 11:40:00+05:30,2355.5,2359.5,2355.0,2358.60009765625,6813
2026-01-30 11:45:00+05:30,2355.39990234375,2356.60009765625,2354.39990234375,2355.699951171875,4383
2026-01-30 11:50:00+05:30,2358.0,2358.60009765625,2354.89990234375,2355.0,5201
2026-01-30 11:55:00+05:30,2354.89990234375,2359.60009765625,2353.699951171875,2358.699951171875,4225
2026-01-30 12:00:00+05:30,2352.300048828125,2354.10009765625,2349.0,2354.10009765625,7951
2026-01-30 12:05:00+05:30,2356.60009765625,2359.89990234375,2351.5,2352.39990234375,4623
2026-01-30 12:10:00+05:30,2358.300048828125,2359.0,2355.89990234375,2356.0,9188
2026-01-30 12:15:00+05:30,2358.199951171875,2360.89990234375,2357.0,2358.89990234375,5304
2026-01-30 12:20:00+05:30,2368.39990234375,2368.699951171875,2358.60009765625,2358.60009765625,13699
2026-01-30 12:25:00+05:30,2365.0,2368.39990234375,2364.199951171875,2368.39990234375,10746
2026-01-30 12:30:00+05:30,2367.5,2368.39990234375,2365.0,2365.0,4646
2026-01-30 12:35:00+05:30,2368.60009765625,2368.60009765625,2365.60009765625,2368.0,4705
2026-01-30 12:40:00+05:30,2368.60009765625,2369.199951171875,2366.39990234375,2368.60009765625,25671
2026-01-30 12:45:00+05:30,2369.5,2370.0,2367.300048828125,2368.699951171875,15796
2026-01-30 12:50:00+05:30,2370.5,2371.60009765625,2368.0,2370.0,6045
2026-01-30 12:55:00+05:30,2370.0,2372.0,2370.0,2371.0,3347
2026-01-30 13:00:00+05:30,2370.800048828125,2371.699951171875,2364.300048828125,2370.5,30940
2026-01-30 13:05:00+05:30,2366.0,2371.5,2366.0,2371.0,20243
2026-01-30 13:10:00+05:30,2362.699951171875,2368.0,2360.89990234375,2366.300048828125,8806
2026-01-30 13:15:00+05:30,2353.300048828125,2362.699951171875,2353.10009765625,2361.39990234375,10092
2026-01-30 13:20:00+05:30,2353.10009765625,2356.5,2352.89990234375,2354.800048828125,7842
2026-01-30 13:25:00+05:30,2354.10009765625,2355.89990234375,2352.0,2352.89990234375,7122
2026-01-30 13:30:00+05:30,2356.89990234375,2357.699951171875,2354.39990234375,2355.0,3696
2026-01-30 13:35:00+05:30,2357.60009765625,2359.60009765625,2356.300048828125,2356.89990234375,3286
2026-01-30 13:40:00+05:30,2359.199951171875,2359.199951171875,2356.800048828125,2357.60009765625,6003
2026-01-30 13:45:00+05:30,2358.10009765625,2361.60009765625,2356.199951171875,2359.199951171875,3069
2026-01-30 13:50:00+05:30,2356.199951171875,2360.0,2350.300048828125,2358.199951171875,21257
2026-01-30 13:55:00+05:30,2357.60009765625,2357.89990234375,2352.699951171875,2356.0,6283
2026-01-30 14:00:00+05:30,2355.10009765625,2359.0,2352.60009765625,2357.60009765625,9208
2026-01-30 14:05:00+05:30,2361.800048828125,2361.800048828125,2353.89990234375,2354.699951171875,7871
2026-01-30 14:10:00+05:30,2359.300048828125,2363.10009765625,2357.0,2363.10009765625,10993
2026-01-30 14:15:00+05:30,2359.0,2361.39990234375,2358.39990234375,2361.0,7694
2026-01-30 14:20:00+05:30,2354.89990234375,2360.5,2353.0,2359.5,11775
2026-01-30 14:25:00+05:30,2356.300048828125,2356.5,2352.5,2355.199951171875,9266
2026-01-30 14:30:00+05:30,2353.300048828125,2356.699951171875,2352.60009765625,2355.300048828125,15476
2026-01-30 14:35:00+05:30,2353.199951171875,2354.89990234375,2351.0,2352.5,30498
2026-01-30 14:40:00+05:30,2358.300048828125,2360.0,2353.199951171875,2353.199951171875,51197
2026-01-30 14:45:00+05:30,2366.39990234375,2368.5,2357.0,2358.5,114086
2026-01-30 14:50:00+05:30,2375.39990234375,2377.60009765625,2366.10009765625,2366.39990234375,142804
2026-01-30 14:55:00+05:30,2374.0,2382.39990234375,2372.5,2376.199951171875,199226
2026-01-30 15:00:00+05:30,2372.5,2374.800048828125,2369.0,2373.0,148200
2026-01-30 15:05:00+05:30,2369.5,2373.5,2369.5,2372.10009765625,127517
2026-01-30 15:10:00+05:30,2370.60009765625,2371.800048828125,2368.699951171875,2369.300048828125,121142
2026-01-30 15:15:00+05:30,2374.10009765625,2376.800048828125,2370.5,2370.5,124736
2026-01-30 15:20:00+05:30,2374.199951171875,2377.0,2373.800048828125,2373.800048828125,131501
2026-01-30 15:25:00+05:30,2373.0,2381.89990234375,2365.0,2372.199951171875,103827
2026-02-03 09:15:00+05:30,2364.800048828125,2397.199951171875,2361.0,2397.199951171875,99166
2026-02-03 09:20:00+05:30,2369.60009765625,2379.699951171875,2368.0,2368.0,61455
2026-02-03 09:25:00+05:30,2361.699951171875,2370.5,2361.699951171875,2370.199951171875,31404
2026-02-03 09:30:00+05:30,2358.199951171875,2364.60009765625,2353.10009765625,2362.10009765625,32961
2026-02-03 09:35:00+05:30,2367.199951171875,2367.199951171875,2354.60009765625,2357.0,32125
2026-02-03 09:40:00+05:30,2362.10009765625,2370.10009765625,2360.0,2365.89990234375,28662
2026-02-03 09:45:00+05:30,2364.89990234375,2364.89990234375,2353.0,2362.39990234375,20273
2026-02-03 09:50:00+05:30,2358.699951171875,2365.89990234375,2358.0,2364.0,8702
2026-02-03 09:55:00+05:30,2356.10009765625,2363.0,2354.39990234375,2357.60009765625,10497
2026-02-03 10:00:00+05:30,2351.39990234375,2357.5,2351.39990234375,2356.10009765625,18751
2026-02-03 10:05:00+05:30,2348.60009765625,2351.39990234375,2343.5,2351.39990234375,15198
2026-02-03 10:10:00+05:30,2349.5,2349.89990234375,2343.60009765625,2347.800048828125,10943
2026-02-03 10:15:00+05:30,2359.5,2360.39990234375,2350.199951171875,2350.199951171875,10101
2026-02-03 10:20:00+05:30,2359.60009765625,2360.5,2358.300048828125,2359.39990234375,40447
2026-02-03 10:25:00+05:30,2357.699951171875,2360.0,2356.60009765625,2359.699951171875,4830
2026-02-03 10:30:00+05:30,2360.0,2361.699951171875,2356.300048828125,2357.10009765625,23329
2026-02-03 10:35:00+05:30,2358.699951171875,2361.39990234375,2358.60009765625,2360.0,62664
2026-02-03 10:40:00+05:30,2359.0,2360.0,2357.10009765625,2358.699951171875,19704
2026-02-03 10:45:00+05:30,2360.39990234375,2363.5,2359.39990234375,2359.39990234375,14038
2026-02-03 10:50:00+05:30,2361.800048828125,2363.0,2360.199951171875,2360.300048828125,1713
2026-02-03 10:55:00+05:30,2358.800048828125,2364.60009765625,2358.300048828125,2361.800048828125,24588
2026-02-03 11:00:00+05:30,2362.39990234375,2362.39990234375,2357.199951171875,2358.199951171875,28612
2026-02-03 11:05:00+05:30,2361.699951171875,2364.800048828125,2361.10009765625,2362.60009765625,3698
2026-02-03 11:10:00+05:30,2363.0,2363.300048828125,2360.199951171875,2361.199951171875,3849
2026-02-03 11:15:00+05:30,2360.89990234375,2363.800048828125,2360.0,2362.89990234375,2996
2026-02-03 11:20:00+05:30,2361.199951171875,2361.800048828125,2357.89990234375,2361.0,16046
2026-02-03 11:25:00+05:30,2362.89990234375,2365.0,2360.300048828125,2361.300048828125,11223
2026-02-03 11:30:00+05:30,2365.0,2365.800048828125,2361.0,2363.699951171875,11130
2026-02-03 11:35:00+05:30,2371.10009765625,2371.300048828125,2363.39990234375,2365.0,29623
2026-02-03 11:40:00+05:30,2376.89990234375,2377.0,2370.10009765625,2371.39990234375,12250
2026-02-03 11:45:00+05:30,2378.300048828125,2378.300048828125,2375.39990234375,2376.89990234375,22435
2026-02-03 11:50:00+05:30,2379.699951171875,2379.89990234375,2377.5,2377.699951171875,14806
2026-02-03 11:55:00+05:30,2381.10009765625,2381.300048828125,2378.5,2379.89990234375,19060
2026-02-03 12:00:00+05:30,2380.5,2381.89990234375,2379.10009765625,2381.10009765625,11826
2026-02-03 12:05:00+05:30,2383.0,2383.0,2380.60009765625,2381.0,10156
2026-02-03 12:10:00+05:30,2382.39990234375,2383.39990234375,2381.300048828125,2382.5,8237
2026-02-03 12:15:00+05:30,2381.10009765625,2383.199951171875,2380.60009765625,2382.39990234375,5622
2026-02-03 12:20:00+05:30,2379.39990234375,2383.5,2379.39990234375,2381.10009765625,10069
2026-02-03 12:25:00+05:30,2378.89990234375,2380.39990234375,2377.199951171875,2379.10009765625,10366
2026-02-03 12:30:00+05:30,2379.0,2379.800048828125,2377.699951171875,2378.699951171875,4462
2026-02-03 12:35:00+05:30,2383.300048828125,2383.699951171875,2377.10009765625,2379.10009765625,20321
2026-02-03 12:40:00+05:30,2381.0,2383.699951171875,2379.699951171875,2383.300048828125,2180
2026-02-03 12:45:00+05:30,2378.89990234375,2381.0,2378.10009765625,2381.0,3814
2026-02-03 12:50:00+05:30,2380.39990234375,2380.800048828125,2378.199951171875,2378.5,3659
2026-02-03 12:55:00+05:30,2380.0,2381.5,2379.10009765625,2380.60009765625,2050
2026-02-03 13:00:00+05:30,2383.89990234375,2385.0,2379.5,2379.5,4910
2026-02-03 13:05:00+05:30,2381.5,2383.800048828125,2380.0,2383.60009765625,8518
2026-02-03 13:10:00+05:30,2380.39990234375,2381.800048828125,2380.199951171875,2381.5,3067
2026-02-03 13:15:00+05:30,2380.699951171875,2381.10009765625,2379.199951171875,2381.0,6365
2026-02-03 13:20:00+05:30,2381.5,2382.60009765625,2378.800048828125,2381.0,3668
2026-02-03 13:25:00+05:30,2381.39990234375,2382.800048828125,2379.199951171875,2381.5,3316
2026-02-03 13:30:00+05:30,2382.0,2383.800048828125,2380.699951171875,2381.39990234375,5544
2026-02-03 13:35:00+05:30,2383.5,2384.39990234375,2380.0,2382.5,4747
2026-02-03 13:40:00+05:30,2385.10009765625,2387.39990234375,2382.699951171875,2384.300048828125,27016
2026-02-03 13:45:00+05:30,2384.199951171875,2385.800048828125,2384.199951171875,2385.60009765625,3901
2026-02-03 13:50:00+05:30,2385.60009765625,2387.199951171875,2383.39990234375,2384.800048828125,8255
2026-02-03 13:55:00+05:30,2386.0,2387.199951171875,2385.300048828125,2386.5,4014
2026-02-03 14:00:00+05:30,2384.89990234375,2386.0,2383.5,2384.39990234375,4173
2026-02-03 14:05:00+05:30,2385.10009765625,2387.89990234375,2383.0,2384.89990234375,34075
2026-02-03 14:10:00+05:30,2385.800048828125,2386.89990234375,2383.60009765625,2385.10009765625,16003
2026-02-03 14:15:00+05:30,2383.800048828125,2386.199951171875,2383.39990234375,2385.800048828125,16133
2026-02-03 14:20:00+05:30,2384.10009765625,2384.800048828125,2383.199951171875,2383.800048828125,10805
2026-02-03 14:25:00+05:30,2384.699951171875,2384.800048828125,2383.10009765625,2384.10009765625,8826
2026-02-03 14:30:00+05:30,2384.300048828125,2386.0,2382.39990234375,2384.199951171875,12453
2026-02-03 14:35:00+05:30,2382.39990234375,2385.5,2382.39990234375,2384.300048828125,11339
2026-02-03 14:40:00+05:30,2377.60009765625,2382.60009765625,2371.89990234375,2382.60009765625,45350
2026-02-03 14:45:00+05:30,2375.699951171875,2377.699951171875,2374.699951171875,2377.0,13024
2026-02-03 14:50:00+05:30,2374.89990234375,2376.10009765625,2373.0,2376.0,11455
2026-02-03 14:55:00+05:30,2377.199951171875,2378.0,2373.39990234375,2374.699951171875,17655
2026-02-03 15:00:00+05:30,2369.699951171875,2377.199951171875,2367.5,2377.199951171875,46372
2026-02-03 15:05:00+05:30,2366.5,2371.39990234375,2365.0,2368.300048828125,86192
2026-02-03 15:10:00+05:30,2365.0,2370.0,2365.0,2367.300048828125,95719
2026-02-03 15:15:00+05:30,2370.0,2374.89990234375,2363.10009765625,2365.89990234375,114873
2026-02-03 15:20:00+05:30,2369.39990234375,2371.199951171875,2368.39990234375,2370.0,50694
2026-02-03 15:25:00+05:30,2368.60009765625,2370.0,2367.10009765625,2369.39990234375,34646
2026-02-04 09:20:00+05:30,2382.699951171875,2387.0,2375.300048828125,2380.0,54227
2026-02-04 09:25:00+05:30,2381.10009765625,2386.0,2380.10009765625,2383.199951171875,25955
2026-02-04 09:30:00+05:30,2389.39990234375,2393.0,2378.39990234375,2379.60009765625,27189
2026-02-04 09:35:00+05:30,2386.300048828125,2390.10009765625,2385.0,2389.39990234375,27612
2026-02-04 09:40:00+05:30,2386.5,2390.300048828125,2386.300048828125,2386.300048828125,21104
2026-02-04 09:45:00+05:30,2385.300048828125,2388.699951171875,2385.10009765625,2388.699951171875,23279
2026-02-04 09:50:00+05:30,2382.89990234375,2386.5,2380.300048828125,2386.10009765625,16301
2026-02-04 09:55:00+05:30,2383.39990234375,2384.800048828125,2380.0,2382.89990234375,14625
2026-02-04 10:00:00+05:30,2382.89990234375,2385.10009765625,2380.0,2383.39990234375,26962
2026-02-04 10:05:00+05:30,2381.89990234375,2385.0,2381.89990234375,2382.89990234375,23714
2026-02-04 10:10:00+05:30,2378.60009765625,2381.300048828125,2376.60009765625,2381.0,9804
2026-02-04 10:15:00+05:30,2382.300048828125,2383.800048828125,2378.39990234375,2378.699951171875,22240
2026-02-04 10:20:00+05:30,2376.60009765625,2382.39990234375,2374.39990234375,2381.0,10868
2026-02-04 10:25:00+05:30,2374.89990234375,2376.89990234375,2373.300048828125,2376.89990234375,13125
2026-02-04 10:30:00+05:30,2372.699951171875,2375.300048828125,2372.39990234375,2374.800048828125,5192
2026-02-04 10:35:00+05:30,2372.39990234375,2373.300048828125,2371.60009765625,2372.699951171875,6484
2026-02-04 10:40:00+05:30,2379.10009765625,2379.10009765625,2371.5,2372.699951171875,24902
2026-02-04 10:45:00+05:30,2374.39990234375,2379.0,2374.0,2379.0,4419
2026-02-04 10:50:00+05:30,2372.199951171875,2375.0,2372.199951171875,2374.89990234375,4468
2026-02-04 10:55:00+05:30,2375.0,2375.0,2372.0,2372.89990234375,6853
2026-02-04 11:00:00+05:30,2373.300048828125,2375.89990234375,2372.39990234375,2375.0,2863
2026-02-04 11:05:00+05:30,2370.699951171875,2373.39990234375,2369.800048828125,2373.300048828125,4715
2026-02-04 11:10:00+05:30,2369.300048828125,2370.5,2368.800048828125,2370.0,3146
2026-02-04 11:15:00+05:30,2371.300048828125,2371.300048828125,2368.300048828125,2369.300048828125,9080
2026-02-04 11:20:00+05:30,2368.800048828125,2372.39990234375,2368.300048828125,2370.800048828125,5085
2026-02-04 11:25:00+05:30,2366.89990234375,2369.10009765625,2365.39990234375,2368.699951171875,9387
2026-02-04 11:30:00+05:30,2365.300048828125,2366.60009765625,2364.39990234375,2366.300048828125,6751
2026-02-04 11:35:00+05:30,2363.699951171875,2365.300048828125,2362.699951171875,2365.0,3937
2026-02-04 11:40:00+05:30,2362.0,2364.0,2362.0,2364.0,2572
2026-02-04 11:45:00+05:30,2360.199951171875,2364.10009765625,2359.300048828125,2362.0,10375
2026-02-04 11:50:00+05:30,2362.10009765625,2366.699951171875,2357.199951171875,2359.300048828125,23607
2026-02-04 11:55:00+05:30,2358.699951171875,2362.89990234375,2358.60009765625,2361.699951171875,7367
2026-02-04 12:00:00+05:30,2359.300048828125,2360.0,2358.800048828125,2359.60009765625,3541
2026-02-04 12:05:00+05:30,2358.199951171875,2359.89990234375,2357.60009765625,2359.699951171875,9942
2026-02-04 12:10:00+05:30,2363.800048828125,2363.800048828125,2358.199951171875,2358.199951171875,8658
2026-02-04 12:15:00+05:30,2362.0,2364.10009765625,2361.5,2363.800048828125,11381
2026-02-04 12:20:00+05:30,2365.0,2367.5,2361.89990234375,2361.89990234375,5759
2026-02-04 12:25:00+05:30,2367.199951171875,2368.89990234375,2364.199951171875,2365.0,9211
2026-02-04 12:30:00+05:30,2363.89990234375,2367.300048828125,2362.0,2367.199951171875,2549
2026-02-04 12:35:00+05:30,2364.800048828125,2364.800048828125,2363.10009765625,2363.699951171875,3414
2026-02-04 12:40:00+05:30,2364.60009765625,2367.39990234375,2364.0,2364.800048828125,7947
2026-02-04 12:45:00+05:30,2361.0,2364.5,2360.199951171875,2363.300048828125,3125
2026-02-04 12:50:00+05:30,2360.800048828125,2362.89990234375,2360.800048828125,2361.0,3399
2026-02-04 12:55:00+05:30,2362.10009765625,2362.800048828125,2361.0,2361.5,5413
2026-02-04 13:00:00+05:30,2363.800048828125,2364.0,2361.0,2362.10009765625,4737
2026-02-04 13:05:00+05:30,2366.5,2367.0,2363.800048828125,2363.800048828125,5567
2026-02-04 13:10:00+05:30,2368.10009765625,2368.89990234375,2365.300048828125,2366.5,6687
2026-02-04 13:15:00+05:30,2367.199951171875,2368.89990234375,2366.300048828125,2367.10009765625,4351
2026-02-04 13:20:00+05:30,2368.39990234375,2368.89990234375,2366.800048828125,2367.800048828125,3996
2026-02-04 13:25:00+05:30,2367.89990234375,2368.5,2367.10009765625,2368.10009765625,1656
2026-02-04 13:30:00+05:30,2365.199951171875,2368.0,2363.199951171875,2367.89990234375,33041
2026-02-04 13:35:00+05:30,2366.89990234375,2367.10009765625,2363.800048828125,2365.199951171875,2192
2026-02-04 13:40:00+05:30,2363.699951171875,2365.699951171875,2363.0,2365.699951171875,3160
2026-02-04 13:45:00+05:30,2362.39990234375,2363.699951171875,2362.300048828125,2363.699951171875,2297
2026-02-04 13:50:00+05:30,2366.89990234375,2367.5,2361.89990234375,2363.199951171875,52168
2026-02-04 13:55:00+05:30,2365.699951171875,2367.0,2365.0,2366.10009765625,2459
2026-02-04 14:00:00+05:30,2365.300048828125,2365.800048828125,2365.0,2365.699951171875,1548
2026-02-04 14:05:00+05:30,2367.39990234375,2368.60009765625,2365.0,2365.300048828125,11364
2026-02-04 14:10:00+05:30,2373.0,2373.0,2367.300048828125,2367.39990234375,6069
2026-02-04 14:15:00+05:30,2377.5,2377.5,2371.5,2373.0,30046
2026-02-04 14:20:00+05:30,2373.10009765625,2377.39990234375,2373.0,2377.39990234375,22265
2026-02-04 14:25:00+05:30,2372.800048828125,2374.39990234375,2371.800048828125,2373.199951171875,8599
2026-02-04 14:30:00+05:30,2370.89990234375,2372.800048828125,2370.5,2372.800048828125,3346
2026-02-04 14:35:00+05:30,2371.60009765625,2372.39990234375,2370.10009765625,2370.89990234375,19668
2026-02-04 14:40:00+05:30,2373.89990234375,2375.0,2371.199951171875,2371.60009765625,9332
2026-02-04 14:45:00+05:30,2371.60009765625,2375.0,2371.199951171875,2374.39990234375,9558
2026-02-04 14:50:00+05:30,2371.5,2372.199951171875,2371.199951171875,2371.5,16299
2026-02-04 14:55:00+05:30,2370.89990234375,2371.800048828125,2370.5,2371.60009765625,7290
2026-02-04 15:00:00+05:30,2373.0,2374.0,2371.699951171875,2371.699951171875,38935
2026-02-04 15:05:00+05:30,2371.0,2373.0,2370.89990234375,2373.0,27716
2026-02-04 15:10:00+05:30,2371.699951171875,2372.0,2370.89990234375,2371.10009765625,44419
2026-02-04 15:15:00+05:30,2371.39990234375,2373.10009765625,2370.5,2371.89990234375,72665
2026-02-04 15:20:00+05:30,2368.300048828125,2371.10009765625,2366.10009765625,2371.10009765625,87239
2026-02-04 15:25:00+05:30,2371.0,2371.300048828125,2365.800048828125,2369.0,47767
2026-02-05 09:20:00+05:30,2409.60009765625,2423.0,2408.199951171875,2413.699951171875,65949
2026-02-05 09:25:00+05:30,2412.10009765625,2412.10009765625,2401.10009765625,2409.300048828125,39973
2026-02-05 09:30:00+05:30,2417.199951171875,2420.89990234375,2410.699951171875,2412.699951171875,66634
2026-02-05 09:35:00+05:30,2407.199951171875,2417.89990234375,2404.60009765625,2417.199951171875,35224
2026-02-05 09:40:00+05:30,2395.89990234375,2407.0,2395.89990234375,2407.0,39184
2026-02-05 09:45:00+05:30,2401.300048828125,2402.5,2395.10009765625,2396.0,22361
2026-02-05 09:50:00+05:30,2397.39990234375,2404.10009765625,2397.39990234375,2401.60009765625,20545
2026-02-05 09:55:00+05:30,2397.0,2400.5,2397.0,2397.5,16722
2026-02-05 10:00:00+05:30,2401.39990234375,2402.10009765625,2397.10009765625,2397.199951171875,20821
2026-02-05 10:05:00+05:30,2407.800048828125,2409.800048828125,2401.10009765625,2401.39990234375,36079
2026-02-05 10:10:00+05:30,2408.800048828125,2409.800048828125,2405.699951171875,2407.800048828125,15993
2026-02-05 10:15:00+05:30,2403.89990234375,2409.0,2403.39990234375,2408.300048828125,19308
2026-02-05 10:20:00+05:30,2405.39990234375,2407.39990234375,2403.0,2403.39990234375,17453
2026-02-05 10:25:00+05:30,2392.800048828125,2405.800048828125,2392.800048828125,2405.800048828125,35951
2026-02-05 10:30:00+05:30,2391.5,2393.699951171875,2390.89990234375,2393.5,19162
2026-02-05 10:35:00+05:30,2386.39990234375,2391.300048828125,2386.0,2391.300048828125,21957
2026-02-05 10:40:00+05:30,2387.699951171875,2389.89990234375,2386.300048828125,2386.300048828125,14950
2026-02-05 10:45:00+05:30,2386.5,2388.0,2386.10009765625,2387.699951171875,10091
2026-02-05 10:50:00+05:30,2386.39990234375,2387.89990234375,2384.300048828125,2386.699951171875,9412
2026-02-05 10:55:00+05:30,2383.699951171875,2386.699951171875,2382.300048828125,2386.39990234375,16235
2026-02-05 11:00:00+05:30,2386.60009765625,2388.39990234375,2381.199951171875,2383.800048828125,16139
2026-02-05 11:05:00+05:30,2387.10009765625,2387.39990234375,2385.10009765625,2386.60009765625,13951
2026-02-05 11:10:00+05:30,2389.199951171875,2391.800048828125,2387.5,2387.89990234375,12705
2026-02-05 11:15:00+05:30,2386.60009765625,2390.5,2385.300048828125,2388.300048828125,14448
2026-02-05 11:20:00+05:30,2385.39990234375,2387.300048828125,2385.0,2386.10009765625,11007
2026-02-05 11:25:00+05:30,2385.300048828125,2387.89990234375,2385.0,2385.300048828125,8977
2026-02-05 11:30:00+05:30,2383.300048828125,2385.60009765625,2383.199951171875,2385.60009765625,11697
2026-02-05 11:35:00+05:30,2383.199951171875,2384.0,2381.199951171875,2383.39990234375,16072
2026-02-05 11:40:00+05:30,2378.39990234375,2382.800048828125,2378.10009765625,2382.800048828125,15833
2026-02-05 11:45:00+05:30,2377.699951171875,2379.199951171875,2376.300048828125,2378.89990234375,15885
2026-02-05 11:50:00+05:30,2379.800048828125,2379.800048828125,2376.199951171875,2377.699951171875,11236
2026-02-05 11:55:00+05:30,2373.800048828125,2382.89990234375,2372.199951171875,2378.60009765625,126001
2026-02-05 12:00:00+05:30,2373.699951171875,2374.0,2372.0,2373.800048828125,9560
2026-02-05 12:05:00+05:30,2373.60009765625,2377.89990234375,2372.5,2373.699951171875,19962
2026-02-05 12:10:00+05:30,2373.10009765625,2375.60009765625,2372.699951171875,2373.0,11132
2026-02-05 12:15:00+05:30,2374.60009765625,2376.39990234375,2372.89990234375,2373.10009765625,13518
2026-02-05 12:20:00+05:30,2374.39990234375,2376.60009765625,2374.10009765625,2374.89990234375,15972
2026-02-05 12:25:00+05:30,2373.699951171875,2376.89990234375,2373.300048828125,2374.5,13249
2026-02-05 12:30:00+05:30,2372.0,2374.800048828125,2371.10009765625,2373.89990234375,17067
2026-02-05 12:35:00+05:30,2373.89990234375,2374.699951171875,2372.0,2372.0,12721
2026-02-05 12:40:00+05:30,2375.39990234375,2377.699951171875,2372.699951171875,2373.89990234375,28521
2026-02-05 12:45:00+05:30,2374.300048828125,2376.300048828125,2373.0,2375.39990234375,13382
2026-02-05 12:50:00+05:30,2371.0,2375.199951171875,2370.800048828125,2374.699951171875,9149
2026-02-05 12:55:00+05:30,2370.0,2371.0,2370.0,2371.0,16596
2026-02-05 13:00:00+05:30,2373.60009765625,2374.199951171875,2368.300048828125,2370.60009765625,11166
2026-02-05 13:05:00+05:30,2370.0,2373.60009765625,2367.89990234375,2373.60009765625,11449
2026-02-05 13:10:00+05:30,2367.699951171875,2370.300048828125,2367.10009765625,2370.0,10154
2026-02-05 13:15:00+05:30,2369.300048828125,2372.39990234375,2366.10009765625,2367.89990234375,17275
2026-02-05 13:20:00+05:30,2368.60009765625,2369.5,2367.199951171875,2369.300048828125,10386
2026-02-05 13:25:00+05:30,2366.10009765625,2368.60009765625,2365.699951171875,2368.5,24810
2026-02-05 13:30:00+05:30,2365.5,2367.0,2365.0,2366.10009765625,18123
2026-02-05 13:35:00+05:30,2368.0,2368.0,2364.89990234375,2365.5,14442
2026-02-05 13:40:00+05:30,2367.10009765625,2368.39990234375,2366.89990234375,2368.0,10831
2026-02-05 13:45:00+05:30,2367.60009765625,2367.89990234375,2366.0,2367.0,13423
2026-02-05 13:50:00+05:30,2365.5,2367.60009765625,2365.0,2367.60009765625,13095
2026-02-05 13:55:00+05:30,2367.60009765625,2367.89990234375,2365.39990234375,2365.5,12364
2026-02-05 14:00:00+05:30,2361.89990234375,2368.5,2361.89990234375,2367.60009765625,36663
2026-02-05 14:05:00+05:30,2358.0,2362.39990234375,2357.89990234375,2361.89990234375,49627
2026-02-05 14:10:00+05:30,2353.39990234375,2358.0,2352.39990234375,2357.39990234375,33810
2026-02-05 14:15:00+05:30,2354.0,2354.300048828125,2351.699951171875,2353.89990234375,25400
2026-02-05 14:20:00+05:30,2355.800048828125,2355.800048828125,2353.39990234375,2354.800048828125,24350
2026-02-05 14:25:00+05:30,2358.39990234375,2358.699951171875,2354.199951171875,2355.60009765625,20025
2026-02-05 14:30:00+05:30,2359.89990234375,2359.89990234375,2356.300048828125,2358.39990234375,27473
2026-02-05 14:35:00+05:30,2359.10009765625,2360.300048828125,2357.10009765625,2359.89990234375,33236
2026-02-05 14:40:00+05:30,2359.10009765625,2360.60009765625,2356.199951171875,2359.10009765625,26209
2026-02-05 14:45:00+05:30,2359.60009765625,2359.89990234375,2355.89990234375,2359.39990234375,46646
2026-02-05 14:50:00+05:30,2357.89990234375,2360.0,2356.39990234375,2359.60009765625,23195
2026-02-05 14:55:00+05:30,2357.10009765625,2358.300048828125,2356.300048828125,2357.89990234375,32683
2026-02-05 15:00:00+05:30,2355.0,2358.199951171875,2353.0,2358.199951171875,39464
2026-02-05 15:05:00+05:30,2353.699951171875,2355.89990234375,2353.5,2355.0,35804
2026-02-05 15:10:00+05:30,2354.10009765625,2356.5,2353.39990234375,2353.60009765625,44258
2026-02-05 15:15:00+05:30,2354.39990234375,2354.89990234375,2353.699951171875,2354.10009765625,67215
2026-02-05 15:20:00+05:30,2355.0,2355.199951171875,2353.39990234375,2354.39990234375,57091
2026-02-05 15:25:00+05:30,2355.0,2356.0,2354.60009765625,2355.199951171875,50217
2026-02-06 09:20:00+05:30,2358.10009765625,2365.800048828125,2357.300048828125,2365.800048828125,9906
2026-02-06 09:25:00+05:30,2347.199951171875,2357.800048828125,2347.199951171875,2357.800048828125,14522
2026-02-06 09:30:00+05:30,2349.60009765625,2351.10009765625,2347.199951171875,2347.199951171875,9804
2026-02-06 09:35:00+05:30,2346.300048828125,2349.60009765625,2345.5,2349.60009765625,7269
2026-02-06 09:40:00+05:30,2343.300048828125,2347.199951171875,2343.300048828125,2346.300048828125,9474
2026-02-06 09:45:00+05:30,2347.39990234375,2349.60009765625,2343.39990234375,2343.39990234375,11517
2026-02-06 09:50:00+05:30,2348.89990234375,2351.800048828125,2347.39990234375,2347.39990234375,8903
2026-02-06 09:55:00+05:30,2349.0,2350.199951171875,2345.300048828125,2349.10009765625,5424
2026-02-06 10:00:00+05:30,2344.699951171875,2349.39990234375,2344.699951171875,2349.39990234375,8836
2026-02-06 10:05:00+05:30,2344.300048828125,2344.800048828125,2341.0,2343.699951171875,5159
2026-02-06 10:10:00+05:30,2338.0,2344.300048828125,2338.0,2344.300048828125,9199
2026-02-06 10:15:00+05:30,2346.5,2349.0,2338.5,2339.0,22118
2026-02-06 10:20:00+05:30,2346.300048828125,2347.60009765625,2345.0,2347.0,4305
2026-02-06 10:25:00+05:30,2347.39990234375,2350.89990234375,2346.199951171875,2346.199951171875,8886
2026-02-06 10:30:00+05:30,2348.60009765625,2349.39990234375,2346.39990234375,2347.0,7263
2026-02-06 10:35:00+05:30,2348.199951171875,2350.0,2347.60009765625,2347.60009765625,19955
2026-02-06 10:40:00+05:30,2348.0,2349.39990234375,2346.699951171875,2348.699951171875,4691
2026-02-06 10:45:00+05:30,2347.300048828125,2348.300048828125,2345.39990234375,2348.0,4089
2026-02-06 10:50:00+05:30,2344.10009765625,2347.199951171875,2341.699951171875,2347.0,4615
2026-02-06 10:55:00+05:30,2348.39990234375,2349.39990234375,2343.0,2344.10009765625,8327
2026-02-06 11:00:00+05:30,2353.199951171875,2353.89990234375,2348.699951171875,2349.199951171875,8549
2026-02-06 11:05:00+05:30,2359.0,2360.0,2353.0,2353.199951171875,11757
2026-02-06 11:10:00+05:30,2362.39990234375,2363.0,2359.0,2359.89990234375,11484
2026-02-06 11:15:00+05:30,2363.89990234375,2363.89990234375,2360.89990234375,2362.89990234375,7677
2026-02-06 11:20:00+05:30,2367.0,2368.0,2363.39990234375,2363.39990234375,26695
2026-02-06 11:25:00+05:30,2367.199951171875,2367.5,2364.800048828125,2366.39990234375,7849
2026-02-06 11:30:00+05:30,2368.0,2368.0,2365.0,2367.39990234375,4254
2026-02-06 11:35:00+05:30,2370.699951171875,2372.300048828125,2367.39990234375,2367.800048828125,9378
2026-02-06 11:40:00+05:30,2373.60009765625,2374.300048828125,2370.60009765625,2370.60009765625,7708
2026-02-06 11:45:00+05:30,2377.0,2379.300048828125,2371.5,2373.60009765625,34384
2026-02-06 11:50:00+05:30,2376.0,2378.0,2373.89990234375,2377.10009765625,37523
2026-02-06 11:55:00+05:30,2383.300048828125,2383.89990234375,2376.0,2376.0,26824
2026-02-06 12:00:00+05:30,2384.199951171875,2385.89990234375,2381.5,2382.5,11938
2026-02-06 12:05:00+05:30,2375.5,2384.89990234375,2375.0,2383.5,23712
2026-02-06 12:10:00+05:30,2377.300048828125,2377.699951171875,2374.199951171875,2375.5,7952
2026-02-06 12:15:00+05:30,2380.39990234375,2380.800048828125,2377.300048828125,2377.300048828125,6381
2026-02-06 12:20:00+05:30,2380.0,2380.60009765625,2378.5,2380.39990234375,4306
2026-02-06 12:25:00+05:30,2380.699951171875,2380.699951171875,2379.0,2379.89990234375,4838
2026-02-06 12:30:00+05:30,2378.89990234375,2381.5,2378.199951171875,2380.60009765625,4617
2026-02-06 12:35:00+05:30,2380.199951171875,2380.300048828125,2377.5,2379.0,5372
2026-02-06 12:40:00+05:30,2381.0,2381.0,2380.0,2380.10009765625,4393
2026-02-06 12:45:00+05:30,2380.300048828125,2383.300048828125,2380.199951171875,2381.10009765625,3876
2026-02-06 12:50:00+05:30,2378.10009765625,2380.300048828125,2378.0,2380.300048828125,4824
2026-02-06 12:55:00+05:30,2381.199951171875,2382.0,2377.800048828125,2377.800048828125,4156
2026-02-06 13:00:00+05:30,2381.5,2381.800048828125,2379.0,2381.0,5868
2026-02-06 13:05:00+05:30,2380.699951171875,2382.800048828125,2380.300048828125,2381.89990234375,3054
2026-02-06 13:10:00+05:30,2381.699951171875,2382.60009765625,2380.699951171875,2380.699951171875,7317
2026-02-06 13:15:00+05:30,2381.300048828125,2382.199951171875,2379.89990234375,2381.300048828125,3019
2026-02-06 13:20:00+05:30,2381.199951171875,2381.699951171875,2380.0,2381.39990234375,3362
2026-02-06 13:25:00+05:30,2381.10009765625,2381.39990234375,2381.0,2381.199951171875,471
2026-02-06 13:30:00+05:30,2385.0,2385.0,2380.199951171875,2380.89990234375,11807
2026-02-06 13:35:00+05:30,2384.300048828125,2385.0,2381.699951171875,2384.800048828125,6896
2026-02-06 13:40:00+05:30,2384.60009765625,2386.10009765625,2383.39990234375,2384.199951171875,8274
2026-02-06 13:45:00+05:30,2386.89990234375,2388.10009765625,2384.5,2385.0,22003
2026-02-06 13:50:00+05:30,2393.60009765625,2394.0,2386.89990234375,2387.0,25139
2026-02-06 13:55:00+05:30,2396.300048828125,2397.300048828125,2393.699951171875,2393.89990234375,14144
2026-02-06 14:00:00+05:30,2398.89990234375,2398.89990234375,2396.10009765625,2396.39990234375,9650
2026-02-06 14:05:00+05:30,2404.800048828125,2405.199951171875,2398.199951171875,2398.199951171875,25859
2026-02-06 14:10:00+05:30,2402.0,2405.0,2400.39990234375,2405.0,13111
2026-02-06 14:15:00+05:30,2405.0,2405.0,2401.300048828125,2401.300048828125,7397
2026-02-06 14:20:00+05:30,2405.300048828125,2405.300048828125,2404.199951171875,2404.199951171875,10165
2026-02-06 14:25:00+05:30,2405.0,2406.0,2404.0,2404.699951171875,9227
2026-02-06 14:30:00+05:30,2406.5,2408.300048828125,2404.800048828125,2405.5,12710
2026-02-06 14:35:00+05:30,2405.800048828125,2406.800048828125,2405.199951171875,2406.10009765625,5078
2026-02-06 14:40:00+05:30,2407.89990234375,2408.39990234375,2405.60009765625,2405.800048828125,8808
2026-02-06 14:45:00+05:30,2408.89990234375,2409.699951171875,2404.89990234375,2408.699951171875,18116
2026-02-06 14:50:00+05:30,2412.0,2413.0,2408.699951171875,2408.89990234375,31244
2026-02-06 14:55:00+05:30,2419.89990234375,2420.800048828125,2412.0,2412.800048828125,137866
2026-02-06 15:00:00+05:30,2421.39990234375,2423.5,2420.10009765625,2420.199951171875,92219
2026-02-06 15:05:00+05:30,2423.699951171875,2424.5,2420.0,2421.39990234375,74428
2026-02-06 15:10:00+05:30,2427.5,2429.0,2422.89990234375,2423.5,136225
2026-02-06 15:15:00+05:30,2423.60009765625,2428.0,2422.0,2427.699951171875,101779
2026-02-06 15:20:00+05:30,2423.60009765625,2425.300048828125,2422.800048828125,2423.60009765625,54859
2026-02-06 15:25:00+05:30,2419.699951171875,2423.5,2416.5,2422.60009765625,44373
2026-02-09 09:20:00+05:30,2418.0,2420.699951171875,2416.89990234375,2420.699951171875,13493
2026-02-09 09:25:00+05:30,2411.199951171875,2418.199951171875,2407.699951171875,2418.199951171875,20283
2026-02-09 09:30:00+05:30,2409.0,2413.300048828125,2407.300048828125,2411.0,11129
2026-02-09 09:35:00+05:30,2408.300048828125,2410.0,2408.0,2409.0,9217
2026-02-09 09:40:00+05:30,2405.300048828125,2410.0,2404.199951171875,2407.800048828125,10072
2026-02-09 09:45:00+05:30,2408.0,2409.60009765625,2405.10009765625,2405.10009765625,7268
2026-02-09 09:50:00+05:30,2411.5,2411.800048828125,2407.39990234375,2407.699951171875,5214
2026-02-09 09:55:00+05:30,2405.5,2411.0,2405.5,2411.0,8000
2026-02-09 10:00:00+05:30,2410.0,2410.0,2405.60009765625,2406.5,5738
2026-02-09 10:05:00+05:30,2404.0,2411.5,2404.0,2409.300048828125,12609
2026-02-09 10:10:00+05:30,2404.0,2407.300048828125,2403.10009765625,2404.199951171875,7759
2026-02-09 10:15:00+05:30,2406.10009765625,2407.89990234375,2402.800048828125,2404.0,7413
2026-02-09 10:20:00+05:30,2409.39990234375,2409.60009765625,2405.5,2406.699951171875,13596
2026-02-09 10:25:00+05:30,2411.5,2411.5,2408.800048828125,2409.39990234375,6892
2026-02-09 10:30:00+05:30,2410.10009765625,2411.5,2409.300048828125,2411.0,4552
2026-02-09 10:35:00+05:30,2417.199951171875,2419.0,2409.800048828125,2410.0,17449
2026-02-09 10:40:00+05:30,2418.10009765625,2420.0,2417.10009765625,2417.39990234375,7647
2026-02-09 10:45:00+05:30,2416.199951171875,2418.0,2415.39990234375,2418.0,3971
2026-02-09 10:50:00+05:30,2412.0,2416.699951171875,2410.10009765625,2416.39990234375,10175
2026-02-09 10:55:00+05:30,2412.800048828125,2414.300048828125,2412.0,2412.0,5382
2026-02-09 11:00:00+05:30,2415.39990234375,2416.5,2412.800048828125,2413.699951171875,9326
2026-02-09 11:05:00+05:30,2416.0,2419.300048828125,2415.39990234375,2415.89990234375,8110
2026-02-09 11:10:00+05:30,2415.0,2417.89990234375,2415.0,2416.800048828125,5175
2026-02-09 11:15:00+05:30,2416.89990234375,2417.0,2415.0,2415.699951171875,9638
2026-02-09 11:20:00+05:30,2417.0,2418.300048828125,2415.0,2416.39990234375,10326
2026-02-09 11:25:00+05:30,2413.300048828125,2418.0,2412.39990234375,2417.89990234375,21307
2026-02-09 11:30:00+05:30,2414.5,2416.10009765625,2412.0,2413.300048828125,36858
2026-02-09 11:35:00+05:30,2418.699951171875,2418.699951171875,2414.199951171875,2415.39990234375,5706
2026-02-09 11:40:00+05:30,2417.60009765625,2419.5,2416.0,2418.800048828125,18165
2026-02-09 11:45:00+05:30,2417.89990234375,2419.699951171875,2416.89990234375,2417.300048828125,13369
2026-02-09 11:50:00+05:30,2419.5,2420.0,2417.89990234375,2417.89990234375,2631
2026-02-09 11:55:00+05:30,2420.0,2421.89990234375,2419.300048828125,2419.300048828125,7636
2026-02-09 12:00:00+05:30,2420.199951171875,2421.0,2419.800048828125,2420.0,5411
2026-02-09 12:05:00+05:30,2421.199951171875,2421.39990234375,2420.300048828125,2420.39990234375,4628
2026-02-09 12:10:00+05:30,2424.0,2424.199951171875,2421.199951171875,2421.199951171875,11148
2026-02-09 12:15:00+05:30,2424.10009765625,2424.89990234375,2423.89990234375,2423.89990234375,6468
2026-02-09 12:20:00+05:30,2425.0,2425.0,2424.10009765625,2424.10009765625,4735
2026-02-09 12:25:00+05:30,2423.699951171875,2425.89990234375,2423.699951171875,2425.89990234375,12211
2026-02-09 12:30:00+05:30,2420.89990234375,2423.800048828125,2418.800048828125,2423.699951171875,6954
2026-02-09 12:35:00+05:30,2423.0,2425.60009765625,2421.39990234375,2421.39990234375,12948
2026-02-09 12:40:00+05:30,2424.0,2424.89990234375,2423.0,2423.39990234375,6189
2026-02-09 12:45:00+05:30,2424.60009765625,2425.0,2423.89990234375,2424.10009765625,4980
2026-02-09 12:50:00+05:30,2424.10009765625,2425.60009765625,2423.5,2425.0,5986
2026-02-09 12:55:00+05:30,2426.0,2426.0,2424.0,2424.5,6685
2026-02-09 13:00:00+05:30,2429.39990234375,2429.89990234375,2425.89990234375,2426.0,17200
2026-02-09 13:05:00+05:30,2431.300048828125,2432.0,2429.0,2430.0,14204
2026-02-09 13:10:00+05:30,2430.800048828125,2432.10009765625,2430.39990234375,2430.800048828125,6349
2026-02-09 13:15:00+05:30,2431.699951171875,2433.10009765625,2430.800048828125,2431.60009765625,7432
2026-02-09 13:20:00+05:30,2429.0,2431.699951171875,2428.5,2431.39990234375,8750
2026-02-09 13:25:00+05:30,2429.89990234375,2430.800048828125,2429.0,2429.0,6665
2026-02-09 13:30:00+05:30,2431.199951171875,2431.800048828125,2430.0,2430.300048828125,7360
2026-02-09 13:35:00+05:30,2429.89990234375,2431.60009765625,2429.199951171875,2431.10009765625,5468
2026-02-09 13:40:00+05:30,2426.300048828125,2429.800048828125,2425.199951171875,2429.199951171875,14522
2026-02-09 13:45:00+05:30,2426.89990234375,2427.0,2425.0,2426.89990234375,8011
2026-02-09 13:50:00+05:30,2425.699951171875,2427.0,2425.199951171875,2427.0,3536
2026-02-09 13:55:00+05:30,2428.60009765625,2430.0,2425.60009765625,2426.199951171875,17692
2026-02-09 14:00:00+05:30,2430.800048828125,2430.800048828125,2427.800048828125,2428.60009765625,7890
2026-02-09 14:05:00+05:30,2432.39990234375,2432.39990234375,2429.699951171875,2430.199951171875,5008
2026-02-09 14:10:00+05:30,2431.60009765625,2432.699951171875,2431.60009765625,2432.39990234375,4866
2026-02-09 14:15:00+05:30,2432.699951171875,2432.89990234375,2431.699951171875,2431.699951171875,3834
2026-02-09 14:20:00+05:30,2432.699951171875,2432.699951171875,2431.300048828125,2432.60009765625,9128
2026-02-09 14:25:00+05:30,2433.300048828125,2435.800048828125,2432.5,2432.699951171875,14607
2026-02-09 14:30:00+05:30,2432.39990234375,2433.5,2431.199951171875,2433.300048828125,7822
2026-02-09 14:35:00+05:30,2432.5,2433.0,2431.5,2432.39990234375,5953
2026-02-09 14:40:00+05:30,2433.0,2433.0,2431.0,2432.5,7342
2026-02-09 14:45:00+05:30,2436.199951171875,2436.800048828125,2433.10009765625,2433.5,18402
2026-02-09 14:50:00+05:30,2432.39990234375,2436.60009765625,2431.39990234375,2436.199951171875,17783
2026-02-09 14:55:00+05:30,2433.300048828125,2435.0,2432.5,2432.800048828125,10854
2026-02-09 15:00:00+05:30,2437.10009765625,2437.5,2433.10009765625,2434.0,37623
2026-02-09 15:05:00+05:30,2437.60009765625,2438.699951171875,2437.0,2437.10009765625,38151
2026-02-09 15:10:00+05:30,2435.699951171875,2438.800048828125,2434.89990234375,2437.60009765625,46661
2026-02-09 15:15:00+05:30,2435.60009765625,2436.5,2435.5,2435.800048828125,32978
2026-02-09 15:20:00+05:30,2430.0,2436.300048828125,2428.89990234375,2435.699951171875,73128
2026-02-09 15:25:00+05:30,2435.0,2435.0,2429.39990234375,2430.5,35119
2026-02-10 09:20:00+05:30,2431.199951171875,2434.5,2431.199951171875,2434.0,5940
2026-02-10 09:25:00+05:30,2434.60009765625,2435.60009765625,2431.300048828125,2431.300048828125,3938
2026-02-10 09:30:00+05:30,2443.10009765625,2443.60009765625,2433.300048828125,2434.89990234375,13498
2026-02-10 09:35:00+05:30,2443.89990234375,2445.39990234375,2443.10009765625,2443.300048828125,20044
2026-02-10 09:40:00+05:30,2443.60009765625,2446.39990234375,2443.10009765625,2444.699951171875,26661
2026-02-10 09:45:00+05:30,2444.60009765625,2445.5,2441.199951171875,2443.199951171875,17240
2026-02-10 09:50:00+05:30,2442.0,2445.60009765625,2441.800048828125,2444.60009765625,8133
2026-02-10 09:55:00+05:30,2441.699951171875,2442.0,2439.699951171875,2442.0,8036
2026-02-10 10:00:00+05:30,2446.10009765625,2446.89990234375,2441.699951171875,2441.699951171875,10029
2026-02-10 10:05:00+05:30,2448.0,2448.0,2445.60009765625,2446.800048828125,6415
2026-02-10 10:10:00+05:30,2449.0,2451.300048828125,2446.60009765625,2447.89990234375,26335
2026-02-10 10:15:00+05:30,2446.0,2449.89990234375,2445.5,2449.89990234375,5479
2026-02-10 10:20:00+05:30,2447.199951171875,2447.89990234375,2445.0,2446.0,3334
2026-02-10 10:25:00+05:30,2446.699951171875,2448.0,2445.699951171875,2447.800048828125,3478
2026-02-10 10:30:00+05:30,2448.5,2448.800048828125,2445.89990234375,2446.60009765625,5243
2026-02-10 10:35:00+05:30,2448.60009765625,2450.5,2448.0,2448.5,7843
2026-02-10 10:40:00+05:30,2444.10009765625,2448.60009765625,2444.0,2448.60009765625,7683
2026-02-10 10:45:00+05:30,2443.5,2446.699951171875,2443.199951171875,2444.10009765625,5548
2026-02-10 10:50:00+05:30,2443.0,2445.0,2442.10009765625,2444.0,5490
2026-02-10 10:55:00+05:30,2443.699951171875,2444.800048828125,2442.10009765625,2443.0,4143
2026-02-10 11:00:00+05:30,2443.699951171875,2444.5,2442.199951171875,2444.300048828125,2975
2026-02-10 11:05:00+05:30,2443.60009765625,2443.699951171875,2442.800048828125,2443.699951171875,4189
2026-02-10 11:10:00+05:30,2437.0,2444.0,2436.89990234375,2443.5,11803
2026-02-10 11:15:00+05:30,2437.10009765625,2440.0,2435.60009765625,2436.39990234375,9676
2026-02-10 11:20:00+05:30,2436.800048828125,2438.5,2436.10009765625,2436.699951171875,3118
2026-02-10 11:25:00+05:30,2436.89990234375,2438.10009765625,2435.5,2436.60009765625,3227
2026-02-10 11:30:00+05:30,2438.5,2438.5,2436.0,2436.89990234375,2989
2026-02-10 11:35:00+05:30,2433.60009765625,2438.10009765625,2432.0,2437.89990234375,11144
2026-02-10 11:40:00+05:30,2432.5,2434.0,2431.699951171875,2434.0,3992
2026-02-10 11:45:00+05:30,2434.699951171875,2435.0,2432.0,2432.0,2245
2026-02-10 11:50:00+05:30,2434.800048828125,2435.39990234375,2434.300048828125,2434.699951171875,2136
2026-02-10 11:55:00+05:30,2437.89990234375,2438.800048828125,2434.5,2434.800048828125,3441
2026-02-10 12:00:00+05:30,2437.89990234375,2438.0,2435.699951171875,2437.89990234375,2681
2026-02-10 12:05:00+05:30,2437.10009765625,2438.0,2436.39990234375,2437.800048828125,1426
2026-02-10 12:10:00+05:30,2438.0,2438.0,2437.10009765625,2438.0,1168
2026-02-10 12:15:00+05:30,2434.300048828125,2438.0,2433.199951171875,2437.89990234375,3855
2026-02-10 12:20:00+05:30,2434.199951171875,2434.5,2432.5,2434.300048828125,2824
2026-02-10 12:25:00+05:30,2436.89990234375,2437.10009765625,2433.5,2434.199951171875,2649
2026-02-10 12:30:00+05:30,2438.0,2438.0,2436.199951171875,2436.89990234375,2568
2026-02-10 12:35:00+05:30,2438.0,2438.10009765625,2436.10009765625,2438.0,2215
2026-02-10 12:40:00+05:30,2438.60009765625,2439.0,2437.0,2437.800048828125,2810
2026-02-10 12:45:00+05:30,2437.89990234375,2438.60009765625,2436.89990234375,2438.60009765625,3200
2026-02-10 12:50:00+05:30,2439.60009765625,2439.699951171875,2437.10009765625,2438.0,2482
2026-02-10 12:55:00+05:30,2440.800048828125,2441.60009765625,2438.39990234375,2439.60009765625,3483
2026-02-10 13:00:00+05:30,2440.0,2441.199951171875,2438.5,2440.89990234375,3466
2026-02-10 13:05:00+05:30,2442.39990234375,2442.699951171875,2439.5,2440.0,3803
2026-02-10 13:10:00+05:30,2442.0,2443.0,2441.5,2442.800048828125,1517
2026-02-10 13:15:00+05:30,2441.699951171875,2442.699951171875,2441.0,2442.0,1529
2026-02-10 13:20:00+05:30,2436.60009765625,2441.699951171875,2436.39990234375,2441.699951171875,4006
2026-02-10 13:25:00+05:30,2438.10009765625,2439.800048828125,2436.39990234375,2436.699951171875,5925
2026-02-10 13:30:00+05:30,2435.0,2439.0,2435.0,2438.10009765625,4136
2026-02-10 13:35:00+05:30,2439.39990234375,2439.60009765625,2434.10009765625,2435.0,18596
2026-02-10 13:40:00+05:30,2441.0,2441.800048828125,2438.5,2439.39990234375,18312
2026-02-10 13:45:00+05:30,2442.0,2443.0,2439.199951171875,2441.0,7073
2026-02-10 13:50:00+05:30,2444.5,2447.0,2441.699951171875,2442.0,7727
2026-02-10 13:55:00+05:30,2441.699951171875,2445.0,2441.5,2445.0,3600
2026-02-10 14:00:00+05:30,2443.60009765625,2443.89990234375,2441.5,2441.699951171875,3342
2026-02-10 14:05:00+05:30,2443.0,2444.5,2442.0,2442.89990234375,4559
2026-02-10 14:10:00+05:30,2446.0,2446.0,2443.199951171875,2443.199951171875,10866
2026-02-10 14:15:00+05:30,2448.199951171875,2449.89990234375,2447.0,2447.0,27417
2026-02-10 14:20:00+05:30,2446.5,2448.800048828125,2444.699951171875,2448.0,7113
2026-02-10 14:25:00+05:30,2446.199951171875,2448.199951171875,2446.0,2447.5,3142
2026-02-10 14:30:00+05:30,2449.10009765625,2449.10009765625,2446.199951171875,2446.199951171875,7962
2026-02-10 14:35:00+05:30,2447.5,2449.300048828125,2446.699951171875,2449.199951171875,22881
2026-02-10 14:40:00+05:30,2443.699951171875,2447.199951171875,2443.300048828125,2447.199951171875,23467
2026-02-10 14:45:00+05:30,2448.0,2449.0,2443.60009765625,2444.0,18848
2026-02-10 14:50:00+05:30,2453.10009765625,2453.10009765625,2447.5,2448.0,22401
2026-02-10 14:55:00+05:30,2453.60009765625,2453.60009765625,2451.300048828125,2453.10009765625,19167
2026-02-10 15:00:00+05:30,2455.800048828125,2458.10009765625,2453.800048828125,2453.800048828125,45549
2026-02-10 15:05:00+05:30,2456.89990234375,2457.199951171875,2455.300048828125,2455.89990234375,36556
2026-02-10 15:10:00+05:30,2455.300048828125,2456.699951171875,2455.10009765625,2456.699951171875,31899
2026-02-10 15:15:00+05:30,2451.199951171875,2455.199951171875,2451.199951171875,2455.199951171875,45701
2026-02-10 15:20:00+05:30,2448.39990234375,2451.699951171875,2448.39990234375,2451.300048828125,39857
2026-02-10 15:25:00+05:30,2448.5,2450.89990234375,2447.0,2447.60009765625,30096
2026-02-11 09:20:00+05:30,2456.5,2457.5,2452.10009765625,2455.199951171875,18391
2026-02-11 09:25:00+05:30,2462.0,2463.5,2455.39990234375,2456.5,10648
2026-02-11 09:30:00+05:30,2464.39990234375,2466.199951171875,2459.10009765625,2460.60009765625,37255
2026-02-11 09:35:00+05:30,2463.199951171875,2466.300048828125,2460.89990234375,2465.5,15550
2026-02-11 09:40:00+05:30,2459.0,2463.800048828125,2458.39990234375,2462.699951171875,21249
2026-02-11 09:45:00+05:30,2456.39990234375,2459.89990234375,2455.300048828125,2459.89990234375,6709
2026-02-11 09:50:00+05:30,2454.39990234375,2457.10009765625,2453.89990234375,2456.39990234375,9142
2026-02-11 09:55:00+05:30,2453.699951171875,2455.0,2452.60009765625,2454.5,6639
2026-02-11 10:00:00+05:30,2455.0,2455.0,2452.0,2453.5,5299
2026-02-11 10:05:00+05:30,2451.89990234375,2455.39990234375,2449.89990234375,2455.0,15873
2026-02-11 10:10:00+05:30,2448.5,2452.0,2447.10009765625,2451.89990234375,8919
2026-02-11 10:15:00+05:30,2456.89990234375,2459.0,2447.39990234375,2448.5,18598
2026-02-11 10:20:00+05:30,2457.0,2458.0,2455.0,2456.89990234375,6408
2026-02-11 10:25:00+05:30,2457.39990234375,2458.89990234375,2455.10009765625,2456.0,7062
2026-02-11 10:30:00+05:30,2457.89990234375,2458.5,2456.39990234375,2457.39990234375,4307
2026-02-11 10:35:00+05:30,2458.300048828125,2459.39990234375,2457.39990234375,2457.39990234375,6486
2026-02-11 10:40:00+05:30,2461.699951171875,2462.800048828125,2459.0,2459.199951171875,14616
2026-02-11 10:45:00+05:30,2461.89990234375,2462.800048828125,2460.0,2461.699951171875,6987
2026-02-11 10:50:00+05:30,2462.60009765625,2464.60009765625,2461.699951171875,2461.89990234375,9074
2026-02-11 10:55:00+05:30,2461.699951171875,2462.60009765625,2460.0,2462.60009765625,4484
2026-02-11 11:00:00+05:30,2469.199951171875,2469.199951171875,2461.5,2461.699951171875,23113
2026-02-11 11:05:00+05:30,2465.300048828125,2470.300048828125,2465.0,2469.199951171875,39439
2026-02-11 11:10:00+05:30,2466.39990234375,2467.699951171875,2462.199951171875,2465.300048828125,13156
2026-02-11 11:15:00+05:30,2465.300048828125,2467.0,2464.0,2466.10009765625,8733
2026-02-11 11:20:00+05:30,2465.10009765625,2465.5,2463.89990234375,2465.300048828125,10634
2026-02-11 11:25:00+05:30,2464.699951171875,2467.89990234375,2464.199951171875,2465.10009765625,19068
2026-02-11 11:30:00+05:30,2465.10009765625,2466.39990234375,2463.0,2464.10009765625,12465
2026-02-11 11:35:00+05:30,2465.10009765625,2465.699951171875,2465.0,2465.10009765625,5715
2026-02-11 11:40:00+05:30,2465.0,2465.199951171875,2465.0,2465.199951171875,25942
2026-02-11 11:45:00+05:30,2463.800048828125,2467.10009765625,2462.10009765625,2466.0,20668
2026-02-11 11:50:00+05:30,2462.0,2465.0,2461.60009765625,2463.800048828125,4372
2026-02-11 11:55:00+05:30,2462.0,2464.10009765625,2461.800048828125,2462.0,9514
2026-02-11 12:00:00+05:30,2464.0,2465.0,2462.0,2462.699951171875,13464
2026-02-11 12:05:00+05:30,2462.60009765625,2465.0,2461.10009765625,2464.10009765625,17355
2026-02-11 12:10:00+05:30,2463.0,2465.0,2462.60009765625,2462.60009765625,11159
2026-02-11 12:15:00+05:30,2464.5,2465.300048828125,2463.0,2463.300048828125,17757
2026-02-11 12:20:00+05:30,2465.89990234375,2466.0,2464.5,2464.89990234375,19256
2026-02-11 12:25:00+05:30,2464.10009765625,2466.0,2463.60009765625,2466.0,50866
2026-02-11 12:30:00+05:30,2464.0,2466.0,2463.199951171875,2464.0,34401
2026-02-11 12:35:00+05:30,2461.60009765625,2466.60009765625,2460.800048828125,2464.0,12612
2026-02-11 12:40:00+05:30,2456.5,2462.39990234375,2456.5,2461.60009765625,11246
2026-02-11 12:45:00+05:30,2455.0,2458.699951171875,2455.0,2457.10009765625,8459
2026-02-11 12:50:00+05:30,2457.0,2457.199951171875,2453.0,2455.0,11181
2026-02-11 12:55:00+05:30,2454.199951171875,2457.0,2453.0,2457.0,6752
2026-02-11 13:00:00+05:30,2458.5,2459.0,2454.300048828125,2455.0,3832
2026-02-11 13:05:00+05:30,2460.0,2460.0,2458.10009765625,2458.5,4885
2026-02-11 13:10:00+05:30,2460.10009765625,2463.5,2460.10009765625,2461.0,12014
2026-02-11 13:15:00+05:30,2462.0,2463.5,2460.10009765625,2460.60009765625,5367
2026-02-11 13:20:00+05:30,2463.89990234375,2463.89990234375,2462.0,2462.0,4070
2026-02-11 13:25:00+05:30,2463.300048828125,2464.800048828125,2462.699951171875,2463.89990234375,6448
2026-02-11 13:30:00+05:30,2462.800048828125,2464.89990234375,2462.800048828125,2464.0,7678
2026-02-11 13:35:00+05:30,2463.89990234375,2464.39990234375,2463.300048828125,2463.89990234375,4050
2026-02-11 13:40:00+05:30,2464.800048828125,2465.5,2463.89990234375,2464.199951171875,8155
2026-02-11 13:45:00+05:30,2464.5,2465.300048828125,2464.39990234375,2465.0,6258
2026-02-11 13:50:00+05:30,2464.0,2464.5,2463.300048828125,2464.5,5481
2026-02-11 13:55:00+05:30,2465.0,2465.0,2463.89990234375,2464.0,4862
2026-02-11 14:00:00+05:30,2465.0,2465.0,2464.89990234375,2464.89990234375,10414
2026-02-11 14:05:00+05:30,2464.89990234375,2465.0,2463.199951171875,2465.0,12098
2026-02-11 14:10:00+05:30,2465.0,2465.0,2464.800048828125,2465.0,16220
2026-02-11 14:15:00+05:30,2464.300048828125,2465.0,2463.60009765625,2465.0,12455
2026-02-11 14:20:00+05:30,2464.39990234375,2465.0,2463.39990234375,2464.39990234375,5879
2026-02-11 14:25:00+05:30,2465.0,2465.0,2464.10009765625,2464.39990234375,7515
2026-02-11 14:30:00+05:30,2462.5,2464.89990234375,2461.60009765625,2464.89990234375,10421
2026-02-11 14:35:00+05:30,2464.199951171875,2464.699951171875,2462.5,2462.800048828125,6214
2026-02-11 14:40:00+05:30,2463.800048828125,2464.699951171875,2463.39990234375,2463.89990234375,7282
2026-02-11 14:45:00+05:30,2463.5,2464.89990234375,2463.10009765625,2463.800048828125,8608
2026-02-11 14:50:00+05:30,2462.300048828125,2464.0,2461.89990234375,2463.60009765625,17068
2026-02-11 14:55:00+05:30,2463.0,2464.0,2462.300048828125,2462.300048828125,12175
2026-02-11 15:00:00+05:30,2462.0,2465.0,2461.800048828125,2463.0,63523
2026-02-11 15:05:00+05:30,2463.89990234375,2463.89990234375,2462.10009765625,2462.10009765625,19616
2026-02-11 15:10:00+05:30,2462.199951171875,2464.5,2462.10009765625,2463.800048828125,49380
2026-02-11 15:15:00+05:30,2463.39990234375,2463.5,2462.0,2462.0,26525
2026-02-11 15:20:00+05:30,2461.89990234375,2463.5,2461.699951171875,2463.5,57372
2026-02-11 15:25:00+05:30,2462.89990234375,2462.89990234375,2456.800048828125,2461.699951171875,51824
2026-02-12 09:20:00+05:30,2472.10009765625,2473.5,2465.699951171875,2469.0,15492
2026-02-12 09:25:00+05:30,2473.10009765625,2473.89990234375,2468.300048828125,2471.300048828125,9630
2026-02-12 09:30:00+05:30,2472.199951171875,2479.0,2472.0,2472.699951171875,22332
2026-02-12 09:35:00+05:30,2474.699951171875,2478.60009765625,2471.60009765625,2472.199951171875,20745
2026-02-12 09:40:00+05:30,2470.5,2477.0,2469.0,2474.0,11070
2026-02-12 09:45:00+05:30,2467.5,2472.699951171875,2467.5,2470.5,9898
2026-02-12 09:50:00+05:30,2466.300048828125,2467.89990234375,2464.10009765625,2467.0,10587
2026-02-12 09:55:00+05:30,2466.800048828125,2468.60009765625,2465.0,2466.5,7703
2026-02-12 10:00:00+05:30,2467.89990234375,2470.10009765625,2466.89990234375,2467.10009765625,16347
2026-02-12 10:05:00+05:30,2470.10009765625,2470.199951171875,2467.199951171875,2467.89990234375,7968
2026-02-12 10:10:00+05:30,2465.5,2470.10009765625,2465.0,2470.0,15243
2026-02-12 10:15:00+05:30,2461.89990234375,2469.0,2448.0,2466.89990234375,81034
2026-02-12 10:20:00+05:30,2437.699951171875,2472.199951171875,2432.0,2461.300048828125,275920
2026-02-12 10:25:00+05:30,2425.5,2442.800048828125,2410.39990234375,2436.5,211150
2026-02-12 10:30:00+05:30,2420.199951171875,2428.89990234375,2394.0,2426.699951171875,214711
2026-02-12 10:35:00+05:30,2422.0,2441.10009765625,2412.699951171875,2420.699951171875,168847
2026-02-12 10:40:00+05:30,2416.300048828125,2427.10009765625,2413.60009765625,2422.0,77867
2026-02-12 10:45:00+05:30,2412.300048828125,2418.0,2407.199951171875,2416.5,55440
2026-02-12 10:50:00+05:30,2400.0,2413.39990234375,2392.0,2412.39990234375,130716
2026-02-12 10:55:00+05:30,2391.699951171875,2402.699951171875,2384.199951171875,2400.10009765625,113773
2026-02-12 11:00:00+05:30,2394.89990234375,2400.800048828125,2391.300048828125,2391.39990234375,108210
2026-02-12 11:05:00+05:30,2374.39990234375,2395.199951171875,2374.199951171875,2394.800048828125,159941
2026-02-12 11:10:00+05:30,2376.699951171875,2379.10009765625,2369.89990234375,2374.300048828125,142516
2026-02-12 11:15:00+05:30,2361.699951171875,2376.699951171875,2357.10009765625,2376.699951171875,124883
2026-02-12 11:20:00+05:30,2358.60009765625,2363.300048828125,2350.10009765625,2362.60009765625,86921
2026-02-12 11:25:00+05:30,2376.800048828125,2383.0,2357.0,2359.800048828125,135750
2026-02-12 11:30:00+05:30,2383.5,2388.699951171875,2375.5,2375.5,142496
2026-02-12 11:35:00+05:30,2375.89990234375,2388.699951171875,2375.699951171875,2383.5,100063
2026-02-12 11:40:00+05:30,2386.0,2388.60009765625,2373.10009765625,2376.0,55865
2026-02-12 11:45:00+05:30,2400.0,2403.39990234375,2385.5,2386.39990234375,67975
2026-02-12 11:50:00+05:30,2396.39990234375,2401.300048828125,2395.300048828125,2400.89990234375,43533
2026-02-12 11:55:00+05:30,2395.0,2399.0,2389.0,2396.60009765625,52238
2026-02-12 12:00:00+05:30,2397.10009765625,2399.699951171875,2392.199951171875,2395.10009765625,40556
2026-02-12 12:05:00+05:30,2411.699951171875,2412.89990234375,2395.10009765625,2396.10009765625,73597
2026-02-12 12:10:00+05:30,2414.5,2426.300048828125,2407.199951171875,2411.699951171875,169299
2026-02-12 12:15:00+05:30,2409.699951171875,2422.0,2409.39990234375,2414.5,87750
2026-02-12 12:20:00+05:30,2417.699951171875,2419.800048828125,2407.5,2411.0,26632
2026-02-12 12:25:00+05:30,2423.0,2425.89990234375,2415.800048828125,2418.0,33186
2026-02-12 12:30:00+05:30,2422.0,2424.0,2416.800048828125,2423.0,26935
2026-02-12 12:35:00+05:30,2423.10009765625,2430.0,2420.699951171875,2422.39990234375,58204
2026-02-12 12:40:00+05:30,2426.0,2428.0,2422.39990234375,2423.0,19402
2026-02-12 12:45:00+05:30,2426.199951171875,2432.0,2424.0,2426.89990234375,47558
2026-02-12 12:50:00+05:30,2429.0,2429.0,2423.5,2426.199951171875,18343
2026-02-12 12:55:00+05:30,2425.300048828125,2428.39990234375,2424.10009765625,2428.39990234375,13424
2026-02-12 13:00:00+05:30,2423.0,2428.39990234375,2423.0,2425.199951171875,26864
2026-02-12 13:05:00+05:30,2422.39990234375,2426.0,2422.300048828125,2423.0,27016
2026-02-12 13:10:00+05:30,2418.60009765625,2423.800048828125,2415.199951171875,2422.89990234375,40908
2026-02-12 13:15:00+05:30,2424.60009765625,2425.0,2416.699951171875,2418.60009765625,17986
2026-02-12 13:20:00+05:30,2426.39990234375,2427.0,2419.89990234375,2423.5,21928
2026-02-12 13:25:00+05:30,2421.10009765625,2426.39990234375,2419.89990234375,2426.300048828125,24372
2026-02-12 13:30:00+05:30,2420.199951171875,2421.89990234375,2419.199951171875,2421.10009765625,11036
2026-02-12 13:35:00+05:30,2420.199951171875,2421.699951171875,2420.0,2421.0,4362
2026-02-12 13:40:00+05:30,2420.199951171875,2421.89990234375,2419.10009765625,2420.0,52189
2026-02-12 13:45:00+05:30,2420.0,2421.5,2418.699951171875,2420.10009765625,47634
2026-02-12 13:50:00+05:30,2427.10009765625,2428.0,2420.0,2420.10009765625,41334
2026-02-12 13:55:00+05:30,2410.60009765625,2426.800048828125,2410.0,2426.800048828125,50729
2026-02-12 14:00:00+05:30,2415.0,2416.0,2407.199951171875,2410.5,44709
2026-02-12 14:05:00+05:30,2421.699951171875,2421.800048828125,2414.5,2414.89990234375,56022
2026-02-12 14:10:00+05:30,2415.300048828125,2421.699951171875,2414.10009765625,2421.699951171875,70355
2026-02-12 14:15:00+05:30,2411.39990234375,2415.5,2410.5,2415.5,13215
2026-02-12 14:20:00+05:30,2418.5,2419.699951171875,2410.5,2411.39990234375,35541
2026-02-12 14:25:00+05:30,2414.699951171875,2418.5,2412.300048828125,2418.5,18790
2026-02-12 14:30:00+05:30,2402.0,2414.199951171875,2401.89990234375,2414.199951171875,24858
2026-02-12 14:35:00+05:30,2407.0,2409.800048828125,2402.699951171875,2402.699951171875,20078
2026-02-12 14:40:00+05:30,2407.0,2408.800048828125,2406.10009765625,2407.39990234375,31481
2026-02-12 14:45:00+05:30,2403.89990234375,2409.89990234375,2403.199951171875,2407.199951171875,42924
2026-02-12 14:50:00+05:30,2404.800048828125,2404.89990234375,2400.89990234375,2404.0,34157
2026-02-12 14:55:00+05:30,2408.5,2409.5,2404.0,2404.300048828125,46535
2026-02-12 15:00:00+05:30,2411.199951171875,2413.39990234375,2408.5,2409.60009765625,74449
2026-02-12 15:05:00+05:30,2410.89990234375,2414.199951171875,2409.60009765625,2411.199951171875,73460
2026-02-12 15:10:00+05:30,2410.5,2411.300048828125,2408.0,2410.800048828125,85193
2026-02-12 15:15:00+05:30,2410.5,2412.800048828125,2405.300048828125,2410.5,103425
2026-02-12 15:20:00+05:30,2409.199951171875,2411.60009765625,2406.39990234375,2410.5,82932
2026-02-12 15:25:00+05:30,2407.0,2410.0,2404.10009765625,2409.39990234375,68639
2026-02-13 09:20:00+05:30,2357.0,2370.0,2355.800048828125,2366.10009765625,40022
2026-02-13 09:25:00+05:30,2359.10009765625,2363.800048828125,2356.0,2358.0,30470
2026-02-13 09:30:00+05:30,2353.10009765625,2361.0,2353.0,2360.5,19556
2026-02-13 09:35:00+05:30,2357.0,2357.0,2351.0,2353.0,19183
2026-02-13 09:40:00+05:30,2352.0,2357.39990234375,2351.39990234375,2357.39990234375,12076
2026-02-13 09:45:00+05:30,2355.199951171875,2358.699951171875,2351.0,2353.5,18253
2026-02-13 09:50:00+05:30,2355.199951171875,2360.10009765625,2352.39990234375,2355.199951171875,22708
2026-02-13 09:55:00+05:30,2355.699951171875,2356.5,2354.10009765625,2355.199951171875,13279
2026-02-13 10:00:00+05:30,2349.0,2356.699951171875,2349.0,2355.60009765625,26076
2026-02-13 10:05:00+05:30,2351.10009765625,2353.0,2348.199951171875,2350.300048828125,9475
2026-02-13 10:10:00+05:30,2353.60009765625,2356.5,2349.699951171875,2351.699951171875,28686
2026-02-13 10:15:00+05:30,2355.0,2359.699951171875,2352.60009765625,2352.60009765625,45542
2026-02-13 10:20:00+05:30,2356.0,2360.0,2351.60009765625,2354.39990234375,21874
2026-02-13 10:25:00+05:30,2356.5,2360.300048828125,2353.39990234375,2356.0,22770
2026-02-13 10:30:00+05:30,2353.0,2359.199951171875,2353.0,2357.39990234375,33487
2026-02-13 10:35:00+05:30,2353.699951171875,2354.199951171875,2350.199951171875,2353.300048828125,35220
2026-02-13 10:40:00+05:30,2354.5,2356.5,2351.89990234375,2353.5,12337
2026-02-13 10:45:00+05:30,2355.300048828125,2357.199951171875,2352.5,2354.0,16748
2026-02-13 10:50:00+05:30,2370.0,2370.0,2354.199951171875,2356.0,34251
2026-02-13 10:55:00+05:30,2369.300048828125,2371.39990234375,2366.699951171875,2371.39990234375,37493
2026-02-13 11:00:00+05:30,2368.10009765625,2371.60009765625,2365.39990234375,2369.5,28797
2026-02-13 11:05:00+05:30,2360.0,2368.699951171875,2358.0,2368.10009765625,17611
2026-02-13 11:10:00+05:30,2358.199951171875,2360.5,2358.0,2359.800048828125,8534
2026-02-13 11:15:00+05:30,2359.10009765625,2360.800048828125,2357.10009765625,2358.0,10242
2026-02-13 11:20:00+05:30,2358.0,2361.0,2356.5,2359.10009765625,12974
2026-02-13 11:25:00+05:30,2359.199951171875,2359.89990234375,2356.699951171875,2357.5,6892
2026-02-13 11:30:00+05:30,2358.10009765625,2359.800048828125,2357.199951171875,2359.800048828125,6785
2026-02-13 11:35:00+05:30,2356.5,2358.800048828125,2355.60009765625,2357.800048828125,17893
2026-02-13 11:40:00+05:30,2361.800048828125,2363.699951171875,2355.699951171875,2356.199951171875,15512
2026-02-13 11:45:00+05:30,2358.0,2362.0,2358.0,2362.0,9025
2026-02-13 11:50:00+05:30,2358.10009765625,2358.89990234375,2356.10009765625,2358.300048828125,11937
2026-02-13 11:55:00+05:30,2358.10009765625,2359.0,2357.5,2358.10009765625,6609
2026-02-13 12:00:00+05:30,2355.60009765625,2358.10009765625,2355.300048828125,2358.10009765625,13556
2026-02-13 12:05:00+05:30,2352.10009765625,2355.39990234375,2351.10009765625,2355.39990234375,44864
2026-02-13 12:10:00+05:30,2352.5,2354.699951171875,2351.10009765625,2352.10009765625,41484
2026-02-13 12:15:00+05:30,2350.0,2354.5,2348.39990234375,2352.0,110809
2026-02-13 12:20:00+05:30,2348.0,2350.0,2343.699951171875,2350.0,70627
2026-02-13 12:25:00+05:30,2346.89990234375,2348.800048828125,2346.0,2348.0,72947
2026-02-13 12:30:00+05:30,2347.5,2347.5,2342.800048828125,2347.39990234375,97515
2026-02-13 12:35:00+05:30,2340.800048828125,2347.5,2338.0,2347.5,102115
2026-02-13 12:40:00+05:30,2334.10009765625,2341.699951171875,2333.699951171875,2341.39990234375,49332
2026-02-13 12:45:00+05:30,2328.5,2334.0,2327.60009765625,2334.0,29586
2026-02-13 12:50:00+05:30,2328.0,2331.199951171875,2327.0,2328.5,28773
2026-02-13 12:55:00+05:30,2323.300048828125,2331.10009765625,2322.300048828125,2328.89990234375,27233
2026-02-13 13:00:00+05:30,2322.199951171875,2326.39990234375,2319.60009765625,2323.89990234375,25690
2026-02-13 13:05:00+05:30,2320.5,2322.89990234375,2320.10009765625,2322.199951171875,11690
2026-02-13 13:10:00+05:30,2324.300048828125,2325.0,2319.0,2320.89990234375,43225
2026-02-13 13:15:00+05:30,2327.39990234375,2327.5,2322.800048828125,2324.800048828125,29022
2026-02-13 13:20:00+05:30,2326.39990234375,2330.5,2322.10009765625,2326.60009765625,46319
2026-02-13 13:25:00+05:30,2330.0,2330.199951171875,2325.5,2327.10009765625,109459
2026-02-13 13:30:00+05:30,2327.0,2330.0,2326.199951171875,2330.0,42828
2026-02-13 13:35:00+05:30,2326.89990234375,2327.699951171875,2324.300048828125,2327.0,45399
2026-02-13 13:40:00+05:30,2325.0,2327.0,2324.0,2327.0,9085
2026-02-13 13:45:00+05:30,2321.89990234375,2325.60009765625,2321.199951171875,2325.10009765625,14308
2026-02-13 13:50:00+05:30,2320.10009765625,2323.60009765625,2319.699951171875,2322.39990234375,17919
2026-02-13 13:55:00+05:30,2323.0,2323.89990234375,2320.0,2320.60009765625,16442
2026-02-13 14:00:00+05:30,2321.39990234375,2323.0,2320.0,2322.60009765625,11726
2026-02-13 14:05:00+05:30,2322.0,2323.300048828125,2321.10009765625,2321.60009765625,12567
2026-02-13 14:10:00+05:30,2323.5,2325.0,2321.0,2322.699951171875,10449
2026-02-13 14:15:00+05:30,2320.800048828125,2323.5,2320.199951171875,2323.5,18828
2026-02-13 14:20:00+05:30,2322.89990234375,2323.800048828125,2320.199951171875,2320.89990234375,12539
2026-02-13 14:25:00+05:30,2322.699951171875,2323.89990234375,2322.300048828125,2322.89990234375,20928
2026-02-13 14:30:00+05:30,2315.300048828125,2322.800048828125,2314.199951171875,2322.800048828125,33846
2026-02-13 14:35:00+05:30,2310.5,2316.0,2310.0,2315.300048828125,55773
2026-02-13 14:40:00+05:30,2310.5,2313.0,2308.10009765625,2310.0,27726
2026-02-13 14:45:00+05:30,2307.89990234375,2310.89990234375,2306.89990234375,2310.800048828125,26905
2026-02-13 14:50:00+05:30,2308.800048828125,2309.10009765625,2304.60009765625,2307.89990234375,148641
2026-02-13 14:55:00+05:30,2308.0,2311.0,2307.0,2309.0,28259
2026-02-13 15:00:00+05:30,2308.0,2310.10009765625,2303.89990234375,2308.699951171875,104499
2026-02-13 15:05:00+05:30,2304.300048828125,2308.800048828125,2303.60009765625,2308.0,49780
2026-02-13 15:10:00+05:30,2300.800048828125,2304.800048828125,2300.39990234375,2304.300048828125,63403
2026-02-13 15:15:00+05:30,2304.800048828125,2304.800048828125,2300.300048828125,2300.60009765625,99183
2026-02-13 15:20:00+05:30,2309.699951171875,2310.199951171875,2304.10009765625,2304.5,94963
2026-02-13 15:25:00+05:30,2301.199951171875,2312.0,2301.0,2309.699951171875,76459
2026-02-16 09:20:00+05:30,2294.800048828125,2301.0,2292.0,2301.0,36083
2026-02-16 09:25:00+05:30,2294.0,2294.699951171875,2290.60009765625,2293.0,19072
2026-02-16 09:30:00+05:30,2293.10009765625,2294.300048828125,2289.10009765625,2293.0,20838
2026-02-16 09:35:00+05:30,2295.60009765625,2295.60009765625,2289.89990234375,2293.89990234375,34654
2026-02-16 09:40:00+05:30,2290.89990234375,2297.199951171875,2290.0,2295.60009765625,30050
2026-02-16 09:45:00+05:30,2292.10009765625,2295.0,2290.300048828125,2290.300048828125,26725
2026-02-16 09:50:00+05:30,2295.0,2296.0,2292.300048828125,2292.300048828125,5192
2026-02-16 09:55:00+05:30,2295.800048828125,2296.800048828125,2294.0,2295.0,2312
2026-02-16 10:00:00+05:30,2298.800048828125,2299.300048828125,2294.699951171875,2296.39990234375,12392
2026-02-16 10:05:00+05:30,2295.60009765625,2298.89990234375,2293.89990234375,2297.89990234375,12499
2026-02-16 10:10:00+05:30,2296.0,2298.60009765625,2293.39990234375,2295.5,15143
2026-02-16 10:15:00+05:30,2299.699951171875,2301.0,2296.300048828125,2296.300048828125,11572
2026-02-16 10:20:00+05:30,2300.0,2300.800048828125,2298.10009765625,2298.10009765625,9895
2026-02-16 10:25:00+05:30,2298.10009765625,2299.89990234375,2297.199951171875,2299.89990234375,3494
2026-02-16 10:30:00+05:30,2299.60009765625,2299.60009765625,2297.0,2298.0,5432
2026-02-16 10:35:00+05:30,2302.39990234375,2302.39990234375,2300.0,2300.0,9061
2026-02-16 10:40:00+05:30,2306.10009765625,2307.0,2302.10009765625,2303.0,20155
2026-02-16 10:45:00+05:30,2305.60009765625,2308.39990234375,2303.199951171875,2307.39990234375,42409
2026-02-16 10:50:00+05:30,2305.89990234375,2308.60009765625,2302.199951171875,2306.0,77944
2026-02-16 10:55:00+05:30,2312.0,2312.0,2305.699951171875,2305.800048828125,27114
2026-02-16 11:00:00+05:30,2310.60009765625,2314.10009765625,2306.0,2311.10009765625,57845
2026-02-16 11:05:00+05:30,2311.89990234375,2312.89990234375,2309.0,2310.800048828125,23884
2026-02-16 11:10:00+05:30,2310.0,2314.5,2309.0,2310.89990234375,24551
2026-02-16 11:15:00+05:30,2313.0,2313.39990234375,2308.39990234375,2309.300048828125,28280
2026-02-16 11:20:00+05:30,2312.89990234375,2313.60009765625,2310.5,2312.0,9585
2026-02-16 11:25:00+05:30,2311.0,2313.0,2310.39990234375,2312.10009765625,9147
2026-02-16 11:30:00+05:30,2311.60009765625,2312.0,2309.10009765625,2311.89990234375,16101
2026-02-16 11:35:00+05:30,2309.300048828125,2311.89990234375,2309.300048828125,2311.0,21309
2026-02-16 11:40:00+05:30,2311.800048828125,2311.800048828125,2308.199951171875,2309.10009765625,22550
2026-02-16 11:45:00+05:30,2310.0,2312.300048828125,2309.10009765625,2310.800048828125,33105
2026-02-16 11:50:00+05:30,2309.5,2310.89990234375,2309.0,2310.89990234375,9258
2026-02-16 11:55:00+05:30,2311.0,2313.0,2309.39990234375,2310.0,11343
2026-02-16 12:00:00+05:30,2311.199951171875,2312.5,2309.800048828125,2311.10009765625,139675
2026-02-16 12:05:00+05:30,2309.10009765625,2313.199951171875,2308.0,2311.0,23034
2026-02-16 12:10:00+05:30,2316.0,2319.5,2309.0,2309.199951171875,126517
2026-02-16 12:15:00+05:30,2319.0,2321.800048828125,2313.0,2316.89990234375,22147
2026-02-16 12:20:00+05:30,2315.10009765625,2319.800048828125,2315.10009765625,2319.800048828125,6827
2026-02-16 12:25:00+05:30,2315.10009765625,2316.60009765625,2314.39990234375,2315.89990234375,13882
2026-02-16 12:30:00+05:30,2312.10009765625,2315.5,2309.5,2315.300048828125,55453
2026-02-16 12:35:00+05:30,2310.300048828125,2312.60009765625,2309.5,2312.60009765625,93941
2026-02-16 12:40:00+05:30,2311.5,2314.10009765625,2309.199951171875,2310.0,144157
2026-02-16 12:45:00+05:30,2311.0,2314.300048828125,2311.0,2312.0,5344
2026-02-16 12:50:00+05:30,2310.699951171875,2312.0,2309.39990234375,2311.699951171875,15703
2026-02-16 12:55:00+05:30,2309.800048828125,2311.10009765625,2308.199951171875,2310.699951171875,3597
2026-02-16 13:00:00+05:30,2312.199951171875,2313.0,2308.800048828125,2309.800048828125,12915
2026-02-16 13:05:00+05:30,2314.60009765625,2314.60009765625,2311.60009765625,2312.10009765625,3839
2026-02-16 13:10:00+05:30,2314.199951171875,2316.0,2313.0,2314.5,10233
2026-02-16 13:15:00+05:30,2314.800048828125,2315.0,2312.39990234375,2314.10009765625,3690
2026-02-16 13:20:00+05:30,2319.5,2319.89990234375,2314.0,2314.699951171875,7946
2026-02-16 13:25:00+05:30,2320.0,2321.0,2317.60009765625,2318.699951171875,7377
2026-02-16 13:30:00+05:30,2323.39990234375,2323.39990234375,2317.10009765625,2320.0,14198
2026-02-16 13:35:00+05:30,2323.0,2327.0,2322.39990234375,2323.39990234375,242369
2026-02-16 13:40:00+05:30,2320.39990234375,2323.10009765625,2319.0,2323.10009765625,7809
2026-02-16 13:45:00+05:30,2317.10009765625,2320.5,2317.10009765625,2320.39990234375,11111
2026-02-16 13:50:00+05:30,2312.5,2318.39990234375,2312.5,2318.199951171875,6560
2026-02-16 13:55:00+05:30,2315.5,2315.5,2311.5,2313.39990234375,8526
2026-02-16 14:00:00+05:30,2313.10009765625,2316.60009765625,2313.10009765625,2315.5,19512
2026-02-16 14:05:00+05:30,2311.10009765625,2313.89990234375,2311.10009765625,2313.10009765625,9998
2026-02-16 14:10:00+05:30,2312.0,2314.5,2310.60009765625,2311.39990234375,26260
2026-02-16 14:15:00+05:30,2313.39990234375,2314.10009765625,2311.300048828125,2311.5,34245
2026-02-16 14:20:00+05:30,2310.0,2314.89990234375,2310.0,2313.39990234375,17947
2026-02-16 14:25:00+05:30,2313.89990234375,2314.0,2310.0,2310.0,14430
2026-02-16 14:30:00+05:30,2314.0,2314.60009765625,2313.10009765625,2313.89990234375,3625
2026-02-16 14:35:00+05:30,2312.5,2314.10009765625,2311.0,2313.89990234375,15477
2026-02-16 14:40:00+05:30,2315.5,2315.5,2312.10009765625,2312.300048828125,14760
2026-02-16 14:45:00+05:30,2318.60009765625,2319.0,2315.5,2315.5,8358
2026-02-16 14:50:00+05:30,2316.800048828125,2318.800048828125,2316.5,2318.60009765625,19909
2026-02-16 14:55:00+05:30,2318.89990234375,2319.800048828125,2316.0,2316.0,13714
2026-02-16 15:00:00+05:30,2320.89990234375,2322.39990234375,2319.800048828125,2320.5,18028
2026-02-16 15:05:00+05:30,2317.800048828125,2320.699951171875,2316.699951171875,2320.699951171875,15642
2026-02-16 15:10:00+05:30,2317.39990234375,2318.39990234375,2316.800048828125,2317.60009765625,19181
2026-02-16 15:15:00+05:30,2319.39990234375,2319.60009765625,2317.199951171875,2317.199951171875,16215
2026-02-16 15:20:00+05:30,2319.89990234375,2320.800048828125,2319.199951171875,2319.39990234375,22738
2026-02-16 15:25:00+05:30,2316.0,2320.89990234375,2315.199951171875,2320.0,18734
2026-02-17 09:20:00+05:30,2312.699951171875,2315.199951171875,2307.300048828125,2307.5,10476
2026-02-17 09:25:00+05:30,2311.199951171875,2313.699951171875,2311.0,2312.800048828125,16520
2026-02-17 09:30:00+05:30,2307.10009765625,2310.5,2306.300048828125,2310.5,12843
2026-02-17 09:35:00+05:30,2307.699951171875,2308.39990234375,2306.10009765625,2307.0,10005
2026-02-17 09:40:00+05:30,2310.199951171875,2310.199951171875,2307.699951171875,2308.0,8908
2026-02-17 09:45:00+05:30,2310.800048828125,2312.0,2310.0,2310.300048828125,16468
2026-02-17 09:50:00+05:30,2310.5,2312.0,2309.199951171875,2310.699951171875,10306
2026-02-17 09:55:00+05:30,2310.89990234375,2313.10009765625,2310.199951171875,2310.5,15334
2026-02-17 10:00:00+05:30,2312.300048828125,2313.0,2310.60009765625,2310.89990234375,7063
2026-02-17 10:05:00+05:30,2312.10009765625,2313.800048828125,2311.0,2312.0,5256
2026-02-17 10:10:00+05:30,2312.199951171875,2313.199951171875,2311.199951171875,2312.0,3518
2026-02-17 10:15:00+05:30,2313.5,2314.0,2312.0,2312.60009765625,4645
2026-02-17 10:20:00+05:30,2314.10009765625,2314.5,2312.5,2313.5,8930
2026-02-17 10:25:00+05:30,2317.10009765625,2318.60009765625,2313.39990234375,2313.60009765625,7245
2026-02-17 10:30:00+05:30,2315.5,2319.89990234375,2315.5,2317.10009765625,5371
2026-02-17 10:35:00+05:30,2313.0,2316.5,2312.5,2315.5,12116
2026-02-17 10:40:00+05:30,2312.60009765625,2314.800048828125,2311.300048828125,2311.300048828125,6312
2026-02-17 10:45:00+05:30,2310.10009765625,2312.60009765625,2308.10009765625,2312.60009765625,12060
2026-02-17 10:50:00+05:30,2310.39990234375,2311.89990234375,2309.0,2310.300048828125,3262
2026-02-17 10:55:00+05:30,2309.89990234375,2311.0,2308.10009765625,2310.89990234375,2099
2026-02-17 11:00:00+05:30,2309.0,2310.60009765625,2308.10009765625,2310.39990234375,2624
2026-02-17 11:05:00+05:30,2307.89990234375,2310.60009765625,2307.0,2308.60009765625,9314
2026-02-17 11:10:00+05:30,2313.0,2313.5,2307.199951171875,2307.5,16009
2026-02-17 11:15:00+05:30,2312.0,2314.199951171875,2309.89990234375,2313.199951171875,31852
2026-02-17 11:20:00+05:30,2311.10009765625,2312.0,2311.0,2311.89990234375,3992
2026-02-17 11:25:00+05:30,2310.5,2312.0,2310.10009765625,2311.10009765625,2506
2026-02-17 11:30:00+05:30,2310.0,2310.89990234375,2308.0,2310.800048828125,5658
2026-02-17 11:35:00+05:30,2312.5,2314.0,2309.300048828125,2309.39990234375,21293
2026-02-17 11:40:00+05:30,2310.800048828125,2312.699951171875,2310.60009765625,2312.699951171875,3514
2026-02-17 11:45:00+05:30,2310.39990234375,2312.0,2310.39990234375,2310.800048828125,4132
2026-02-17 11:50:00+05:30,2311.300048828125,2311.300048828125,2310.0,2310.39990234375,2862
2026-02-17 11:55:00+05:30,2310.699951171875,2311.39990234375,2310.0,2311.300048828125,1180
2026-02-17 12:00:00+05:30,2309.0,2310.699951171875,2308.10009765625,2310.699951171875,8694
2026-02-17 12:05:00+05:30,2308.5,2309.39990234375,2307.89990234375,2309.10009765625,4507
2026-02-17 12:10:00+05:30,2308.5,2309.10009765625,2308.0,2308.300048828125,2560
2026-02-17 12:15:00+05:30,2309.800048828125,2309.800048828125,2308.0,2308.5,8675
2026-02-17 12:20:00+05:30,2312.10009765625,2312.39990234375,2309.0,2309.800048828125,21943
2026-02-17 12:25:00+05:30,2308.39990234375,2312.10009765625,2308.199951171875,2311.60009765625,7702
2026-02-17 12:30:00+05:30,2307.60009765625,2309.89990234375,2307.5,2308.39990234375,3939
2026-02-17 12:35:00+05:30,2306.89990234375,2308.199951171875,2306.0,2307.60009765625,4887
2026-02-17 12:40:00+05:30,2306.39990234375,2307.699951171875,2306.199951171875,2306.699951171875,2870
2026-02-17 12:45:00+05:30,2307.699951171875,2308.5,2306.10009765625,2306.39990234375,6423
2026-02-17 12:50:00+05:30,2308.60009765625,2308.89990234375,2307.199951171875,2307.699951171875,2245
2026-02-17 12:55:00+05:30,2307.800048828125,2309.10009765625,2307.300048828125,2308.60009765625,3223
2026-02-17 13:00:00+05:30,2306.199951171875,2307.800048828125,2305.300048828125,2307.800048828125,6610
2026-02-17 13:05:00+05:30,2309.89990234375,2310.0,2306.0,2306.199951171875,10949
2026-02-17 13:10:00+05:30,2307.10009765625,2310.0,2307.10009765625,2309.89990234375,12253
2026-02-17 13:15:00+05:30,2308.39990234375,2309.0,2307.10009765625,2307.89990234375,3724
2026-02-17 13:20:00+05:30,2307.5,2308.39990234375,2307.199951171875,2308.39990234375,2172
2026-02-17 13:25:00+05:30,2307.0,2307.60009765625,2305.800048828125,2307.300048828125,3440
2026-02-17 13:30:00+05:30,2308.5,2309.89990234375,2306.60009765625,2307.0,2457
2026-02-17 13:35:00+05:30,2309.199951171875,2309.800048828125,2308.39990234375,2308.39990234375,1992
2026-02-17 13:40:00+05:30,2310.5,2310.699951171875,2309.10009765625,2309.10009765625,4713
2026-02-17 13:45:00+05:30,2310.199951171875,2310.5,2310.0,2310.5,2843
2026-02-17 13:50:00+05:30,2310.5,2311.0,2309.5,2310.10009765625,3741
2026-02-17 13:55:00+05:30,2307.300048828125,2310.89990234375,2306.800048828125,2310.5,14363
2026-02-17 14:00:00+05:30,2309.89990234375,2310.0,2306.60009765625,2307.300048828125,17653
2026-02-17 14:05:00+05:30,2309.199951171875,2310.5,2309.199951171875,2309.800048828125,2610
2026-02-17 14:10:00+05:30,2304.10009765625,2309.199951171875,2304.0,2309.199951171875,13788
2026-02-17 14:15:00+05:30,2307.10009765625,2307.60009765625,2303.5,2304.0,7284
2026-02-17 14:20:00+05:30,2307.300048828125,2307.39990234375,2306.0,2307.0,2606
2026-02-17 14:25:00+05:30,2309.60009765625,2310.0,2306.89990234375,2307.5,18219
2026-02-17 14:30:00+05:30,2310.5,2310.5,2308.0,2309.60009765625,8534
2026-02-17 14:35:00+05:30,2314.199951171875,2314.5,2310.10009765625,2310.800048828125,17187
2026-02-17 14:40:00+05:30,2314.0,2316.0,2314.0,2314.199951171875,24624
2026-02-17 14:45:00+05:30,2315.199951171875,2316.10009765625,2312.89990234375,2314.0,235869
2026-02-17 14:50:00+05:30,2311.699951171875,2315.199951171875,2311.10009765625,2315.0,9012
2026-02-17 14:55:00+05:30,2311.0,2312.0,2309.199951171875,2311.60009765625,21508
2026-02-17 15:00:00+05:30,2310.300048828125,2311.800048828125,2309.0,2311.0,35568
2026-02-17 15:05:00+05:30,2310.800048828125,2310.89990234375,2309.39990234375,2310.300048828125,34798
2026-02-17 15:10:00+05:30,2312.89990234375,2313.10009765625,2309.89990234375,2310.300048828125,111080
2026-02-17 15:15:00+05:30,2313.89990234375,2314.0,2311.89990234375,2313.10009765625,176586
2026-02-17 15:20:00+05:30,2313.0,2314.0,2312.199951171875,2314.0,18791
2026-02-17 15:25:00+05:30,2310.0,2313.10009765625,2310.0,2312.89990234375,24484
2026-02-18 09:20:00+05:30,2317.0,2317.199951171875,2311.0,2312.699951171875,9505
2026-02-18 09:25:00+05:30,2317.0,2318.199951171875,2315.300048828125,2317.800048828125,6569
2026-02-18 09:30:00+05:30,2318.0,2318.0,2316.300048828125,2317.0,11966
2026-02-18 09:35:00+05:30,2318.0,2318.800048828125,2316.300048828125,2318.0,5531
2026-02-18 09:40:00+05:30,2316.10009765625,2318.800048828125,2313.800048828125,2317.800048828125,8469
2026-02-18 09:45:00+05:30,2314.10009765625,2317.699951171875,2314.0,2316.199951171875,7539
2026-02-18 09:50:00+05:30,2312.800048828125,2315.300048828125,2312.0,2314.0,3862
2026-02-18 09:55:00+05:30,2309.699951171875,2313.800048828125,2308.60009765625,2313.800048828125,5372
2026-02-18 10:00:00+05:30,2312.300048828125,2312.300048828125,2308.39990234375,2309.699951171875,3460
2026-02-18 10:05:00+05:30,2312.60009765625,2313.199951171875,2310.800048828125,2312.39990234375,10889
2026-02-18 10:10:00+05:30,2308.800048828125,2312.699951171875,2308.39990234375,2312.60009765625,6974
2026-02-18 10:15:00+05:30,2308.5,2311.0,2306.199951171875,2308.60009765625,9165
2026-02-18 10:20:00+05:30,2309.89990234375,2310.60009765625,2308.60009765625,2308.699951171875,3231
2026-02-18 10:25:00+05:30,2309.300048828125,2310.699951171875,2307.5,2310.699951171875,3688
2026-02-18 10:30:00+05:30,2309.39990234375,2310.0,2307.800048828125,2309.39990234375,3654
2026-02-18 10:35:00+05:30,2307.5,2310.0,2307.199951171875,2309.39990234375,3520
2026-02-18 10:40:00+05:30,2307.800048828125,2308.699951171875,2306.39990234375,2308.300048828125,3410
2026-02-18 10:45:00+05:30,2309.60009765625,2310.0,2307.10009765625,2307.800048828125,3751
2026-02-18 10:50:00+05:30,2309.0,2310.0,2308.300048828125,2309.300048828125,7335
2026-02-18 10:55:00+05:30,2312.0,2312.5,2308.199951171875,2309.60009765625,4296
2026-02-18 11:00:00+05:30,2313.5,2313.5,2311.199951171875,2312.5,3927
2026-02-18 11:05:00+05:30,2314.0,2314.39990234375,2312.60009765625,2313.5,3894
2026-02-18 11:10:00+05:30,2315.10009765625,2316.699951171875,2313.0,2314.0,10120
2026-02-18 11:15:00+05:30,2314.800048828125,2315.5,2314.0,2315.5,4348
2026-02-18 11:20:00+05:30,2315.39990234375,2315.39990234375,2313.10009765625,2315.300048828125,20309
2026-02-18 11:25:00+05:30,2313.89990234375,2315.0,2313.10009765625,2314.60009765625,13457
2026-02-18 11:30:00+05:30,2314.0,2315.39990234375,2313.39990234375,2313.89990234375,22475
2026-02-18 11:35:00+05:30,2313.60009765625,2314.0,2313.0,2314.0,1900
2026-02-18 11:40:00+05:30,2313.5,2313.60009765625,2312.5,2313.10009765625,2127
2026-02-18 11:45:00+05:30,2313.60009765625,2313.60009765625,2312.5,2313.60009765625,867
2026-02-18 11:50:00+05:30,2314.0,2314.0,2313.199951171875,2313.60009765625,1657
2026-02-18 11:55:00+05:30,2313.800048828125,2316.39990234375,2313.699951171875,2314.0,25087
2026-02-18 12:00:00+05:30,2312.5,2316.10009765625,2312.5,2314.0,13788
2026-02-18 12:05:00+05:30,2313.0,2314.0,2312.0,2312.5,23044
2026-02-18 12:10:00+05:30,2312.199951171875,2313.89990234375,2312.199951171875,2312.89990234375,50187
2026-02-18 12:15:00+05:30,2313.199951171875,2314.0,2312.199951171875,2312.199951171875,6164
2026-02-18 12:20:00+05:30,2314.0,2314.10009765625,2312.5,2313.199951171875,36696
2026-02-18 12:25:00+05:30,2315.199951171875,2315.199951171875,2312.300048828125,2314.0,37040
2026-02-18 12:30:00+05:30,2317.0,2317.89990234375,2314.0,2315.199951171875,4348
2026-02-18 12:35:00+05:30,2316.39990234375,2317.699951171875,2316.0,2317.39990234375,4420
2026-02-18 12:40:00+05:30,2316.0,2316.5,2315.199951171875,2316.39990234375,3167
2026-02-18 12:45:00+05:30,2315.699951171875,2316.5,2315.0,2316.10009765625,3709
2026-02-18 12:50:00+05:30,2317.800048828125,2317.89990234375,2315.0,2315.699951171875,4259
2026-02-18 12:55:00+05:30,2320.800048828125,2321.39990234375,2316.800048828125,2317.89990234375,9660
2026-02-18 13:00:00+05:30,2323.60009765625,2324.0,2320.0,2320.60009765625,19475
2026-02-18 13:05:00+05:30,2323.800048828125,2324.800048828125,2322.800048828125,2323.300048828125,7812
2026-02-18 13:10:00+05:30,2321.0,2323.800048828125,2320.0,2323.800048828125,13627
2026-02-18 13:15:00+05:30,2321.0,2321.699951171875,2320.0,2321.699951171875,4089
2026-02-18 13:20:00+05:30,2320.89990234375,2322.5,2320.0,2321.300048828125,5342
2026-02-18 13:25:00+05:30,2321.39990234375,2321.5,2320.0,2320.699951171875,6580
2026-02-18 13:30:00+05:30,2321.0,2322.0,2320.39990234375,2321.60009765625,5965
2026-02-18 13:35:00+05:30,2321.39990234375,2322.0,2320.10009765625,2321.0,6372
2026-02-18 13:40:00+05:30,2321.60009765625,2322.300048828125,2320.89990234375,2321.39990234375,4532
2026-02-18 13:45:00+05:30,2321.60009765625,2322.699951171875,2321.0,2321.60009765625,4364
2026-02-18 13:50:00+05:30,2320.699951171875,2322.199951171875,2320.0,2322.199951171875,10077
2026-02-18 13:55:00+05:30,2321.699951171875,2322.39990234375,2320.0,2320.699951171875,19433
2026-02-18 14:00:00+05:30,2321.199951171875,2322.300048828125,2320.5,2321.300048828125,4909
2026-02-18 14:05:00+05:30,2322.800048828125,2323.300048828125,2320.89990234375,2322.199951171875,4171
2026-02-18 14:10:00+05:30,2325.10009765625,2325.800048828125,2322.699951171875,2322.800048828125,8068
2026-02-18 14:15:00+05:30,2326.699951171875,2326.89990234375,2324.39990234375,2325.39990234375,13431
2026-02-18 14:20:00+05:30,2326.0,2326.89990234375,2325.0,2326.699951171875,7159
2026-02-18 14:25:00+05:30,2328.199951171875,2328.89990234375,2325.89990234375,2325.89990234375,7035
2026-02-18 14:30:00+05:30,2327.199951171875,2328.300048828125,2326.10009765625,2328.199951171875,5566
2026-02-18 14:35:00+05:30,2326.39990234375,2327.699951171875,2325.800048828125,2327.199951171875,6601
2026-02-18 14:40:00+05:30,2326.0,2328.0,2325.60009765625,2326.39990234375,4919
2026-02-18 14:45:00+05:30,2325.5,2327.10009765625,2325.10009765625,2326.0,7250
2026-02-18 14:50:00+05:30,2323.199951171875,2325.0,2321.699951171875,2324.39990234375,14900
2026-02-18 14:55:00+05:30,2321.60009765625,2323.39990234375,2321.199951171875,2322.800048828125,7190
2026-02-18 15:00:00+05:30,2324.0,2326.89990234375,2321.89990234375,2321.89990234375,35106
2026-02-18 15:05:00+05:30,2326.0,2326.199951171875,2322.10009765625,2324.0,37169
2026-02-18 15:10:00+05:30,2323.0,2326.300048828125,2321.60009765625,2326.300048828125,31611
2026-02-18 15:15:00+05:30,2323.0,2323.5,2321.89990234375,2321.89990234375,26511
2026-02-18 15:20:00+05:30,2323.0,2323.199951171875,2322.0,2323.0,25133
2026-02-18 15:25:00+05:30,2323.5,2327.699951171875,2322.60009765625,2323.0,23874
2026-02-19 09:20:00+05:30,2329.10009765625,2333.60009765625,2328.0,2332.199951171875,8797
2026-02-19 09:25:00+05:30,2330.89990234375,2331.199951171875,2327.0,2329.0,14362
2026-02-19 09:30:00+05:30,2328.5,2331.300048828125,2328.5,2331.300048828125,5381
2026-02-19 09:35:00+05:30,2326.699951171875,2330.0,2325.300048828125,2328.60009765625,9493
2026-02-19 09:40:00+05:30,2324.0,2327.800048828125,2324.0,2327.39990234375,7533
2026-02-19 09:45:00+05:30,2329.800048828125,2329.800048828125,2324.10009765625,2324.60009765625,6611
2026-02-19 09:50:00+05:30,2328.89990234375,2330.10009765625,2328.39990234375,2329.39990234375,5182
2026-02-19 09:55:00+05:30,2328.39990234375,2330.39990234375,2328.39990234375,2328.89990234375,5755
2026-02-19 10:00:00+05:30,2328.5,2328.5,2326.89990234375,2328.39990234375,4592
2026-02-19 10:05:00+05:30,2331.699951171875,2332.10009765625,2328.0,2328.0,11035
2026-02-19 10:10:00+05:30,2332.10009765625,2334.300048828125,2330.800048828125,2331.800048828125,12071
2026-02-19 10:15:00+05:30,2332.5,2337.39990234375,2331.0,2332.0,21299
2026-02-19 10:20:00+05:30,2330.60009765625,2333.0,2328.699951171875,2331.5,9077
2026-02-19 10:25:00+05:30,2328.199951171875,2331.0,2328.10009765625,2330.5,4646
2026-02-19 10:30:00+05:30,2327.5,2329.89990234375,2327.0,2328.10009765625,3351
2026-02-19 10:35:00+05:30,2323.800048828125,2327.5,2322.199951171875,2327.5,16213
2026-02-19 10:40:00+05:30,2326.300048828125,2326.800048828125,2323.800048828125,2323.800048828125,4456
2026-02-19 10:45:00+05:30,2324.0,2326.300048828125,2323.89990234375,2326.300048828125,2845
2026-02-19 10:50:00+05:30,2324.10009765625,2324.800048828125,2323.39990234375,2324.0,1241
2026-02-19 10:55:00+05:30,2323.800048828125,2324.89990234375,2323.60009765625,2324.800048828125,2373
2026-02-19 11:00:00+05:30,2321.0,2323.60009765625,2321.0,2323.199951171875,10801
2026-02-19 11:05:00+05:30,2323.300048828125,2323.800048828125,2320.10009765625,2321.0,11592
2026-02-19 11:10:00+05:30,2319.0,2323.300048828125,2319.0,2323.300048828125,6741
2026-02-19 11:15:00+05:30,2319.60009765625,2320.0,2319.0,2319.39990234375,3450
2026-02-19 11:20:00+05:30,2317.300048828125,2319.39990234375,2316.300048828125,2319.0,5707
2026-02-19 11:25:00+05:30,2314.10009765625,2317.300048828125,2314.10009765625,2317.300048828125,5655
2026-02-19 11:30:00+05:30,2311.89990234375,2314.60009765625,2311.0,2314.60009765625,7429
2026-02-19 11:35:00+05:30,2314.5,2314.800048828125,2311.0,2311.699951171875,7854
2026-02-19 11:40:00+05:30,2312.60009765625,2314.39990234375,2311.300048828125,2313.60009765625,4272
2026-02-19 11:45:00+05:30,2311.199951171875,2312.699951171875,2310.60009765625,2312.60009765625,7269
2026-02-19 11:50:00+05:30,2309.300048828125,2310.5,2308.0,2310.0,8302
2026-02-19 11:55:00+05:30,2309.60009765625,2310.0,2308.0,2309.39990234375,4409
2026-02-19 12:00:00+05:30,2309.300048828125,2310.0,2308.10009765625,2309.5,3294
2026-02-19 12:05:00+05:30,2307.10009765625,2309.300048828125,2306.199951171875,2309.300048828125,6231
2026-02-19 12:10:00+05:30,2306.39990234375,2306.699951171875,2304.10009765625,2306.699951171875,5541
2026-02-19 12:15:00+05:30,2306.10009765625,2307.5,2303.60009765625,2304.199951171875,8065
2026-02-19 12:20:00+05:30,2304.199951171875,2306.10009765625,2303.10009765625,2305.0,8183
2026-02-19 12:25:00+05:30,2304.5,2305.0,2303.0,2304.199951171875,7359
2026-02-19 12:30:00+05:30,2304.300048828125,2305.0,2303.199951171875,2304.800048828125,4119
2026-02-19 12:35:00+05:30,2304.0,2305.0,2303.60009765625,2304.300048828125,11051
2026-02-19 12:40:00+05:30,2303.60009765625,2304.199951171875,2302.0,2303.699951171875,6200
2026-02-19 12:45:00+05:30,2299.60009765625,2302.800048828125,2296.39990234375,2302.800048828125,20047
2026-02-19 12:50:00+05:30,2300.0,2302.199951171875,2299.300048828125,2299.60009765625,9555
2026-02-19 12:55:00+05:30,2302.5,2302.89990234375,2299.89990234375,2300.0,6720
2026-02-19 13:00:00+05:30,2302.300048828125,2302.5,2301.5,2302.0,4531
2026-02-19 13:05:00+05:30,2304.300048828125,2304.300048828125,2302.0,2302.300048828125,9229
2026-02-19 13:10:00+05:30,2303.89990234375,2306.0,2303.10009765625,2304.10009765625,23019
2026-02-19 13:15:00+05:30,2299.89990234375,2303.89990234375,2299.10009765625,2303.89990234375,6041
2026-02-19 13:20:00+05:30,2298.89990234375,2300.0,2297.800048828125,2299.89990234375,5718
2026-02-19 13:25:00+05:30,2297.5,2299.39990234375,2296.39990234375,2298.5,5879
2026-02-19 13:30:00+05:30,2290.199951171875,2297.60009765625,2288.199951171875,2297.5,32825
2026-02-19 13:35:00+05:30,2289.0,2290.60009765625,2288.0,2290.199951171875,10941
2026-02-19 13:40:00+05:30,2286.10009765625,2288.699951171875,2286.10009765625,2288.199951171875,8280
2026-02-19 13:45:00+05:30,2283.699951171875,2286.89990234375,2282.10009765625,2286.39990234375,16655
2026-02-19 13:50:00+05:30,2282.10009765625,2283.699951171875,2280.199951171875,2283.699951171875,10084
2026-02-19 13:55:00+05:30,2281.0,2282.39990234375,2280.199951171875,2282.10009765625,7085
2026-02-19 14:00:00+05:30,2280.0,2282.800048828125,2279.0,2281.0,23017
2026-02-19 14:05:00+05:30,2280.300048828125,2281.0,2279.10009765625,2280.0,5067
2026-02-19 14:10:00+05:30,2283.0,2283.89990234375,2280.0,2280.300048828125,7370
2026-02-19 14:15:00+05:30,2285.699951171875,2287.800048828125,2282.10009765625,2283.0,23926
2026-02-19 14:20:00+05:30,2287.89990234375,2288.0,2285.5,2285.5,17373
2026-02-19 14:25:00+05:30,2284.300048828125,2288.800048828125,2284.199951171875,2288.0,10854
2026-02-19 14:30:00+05:30,2284.800048828125,2286.39990234375,2284.300048828125,2284.300048828125,6324
2026-02-19 14:35:00+05:30,2284.60009765625,2285.5,2283.0,2284.800048828125,7820
2026-02-19 14:40:00+05:30,2280.10009765625,2285.0,2280.10009765625,2284.0,13025
2026-02-19 14:45:00+05:30,2281.5,2282.5,2279.699951171875,2280.10009765625,30250
2026-02-19 14:50:00+05:30,2283.39990234375,2284.800048828125,2282.10009765625,2282.39990234375,15934
2026-02-19 14:55:00+05:30,2282.699951171875,2284.0,2281.5,2283.39990234375,12984
2026-02-19 15:00:00+05:30,2277.10009765625,2282.60009765625,2276.10009765625,2282.60009765625,29309
2026-02-19 15:05:00+05:30,2279.39990234375,2279.89990234375,2275.800048828125,2277.10009765625,46628
2026-02-19 15:10:00+05:30,2280.0,2281.800048828125,2278.89990234375,2279.39990234375,51211
2026-02-19 15:15:00+05:30,2278.60009765625,2280.60009765625,2278.300048828125,2280.0,46262
2026-02-19 15:20:00+05:30,2280.0,2281.5,2278.39990234375,2278.39990234375,46337
2026-02-19 15:25:00+05:30,2281.0,2281.0,2279.89990234375,2280.0,34335
2026-02-20 09:20:00+05:30,2288.5,2291.699951171875,2285.89990234375,2287.800048828125,13122
2026-02-20 09:25:00+05:30,2285.10009765625,2290.60009765625,2285.10009765625,2287.699951171875,7164
2026-02-20 09:30:00+05:30,2293.5,2294.0,2285.300048828125,2285.300048828125,10853
2026-02-20 09:35:00+05:30,2293.5,2293.699951171875,2291.89990234375,2293.60009765625,8428
2026-02-20 09:40:00+05:30,2296.5,2297.60009765625,2292.199951171875,2293.5,13893
2026-02-20 09:45:00+05:30,2297.800048828125,2298.800048828125,2296.0,2296.5,6359
2026-02-20 09:50:00+05:30,2301.60009765625,2301.60009765625,2296.10009765625,2297.89990234375,13077
2026-02-20 09:55:00+05:30,2301.199951171875,2303.800048828125,2300.300048828125,2301.89990234375,17249
2026-02-20 10:00:00+05:30,2304.39990234375,2306.0,2300.60009765625,2302.0,17525
2026-02-20 10:05:00+05:30,2304.0,2306.89990234375,2303.300048828125,2304.800048828125,10141
2026-02-20 10:10:00+05:30,2304.0,2305.39990234375,2303.60009765625,2304.89990234375,6707
2026-02-20 10:15:00+05:30,2308.5,2309.89990234375,2304.0,2304.39990234375,10938
2026-02-20 10:20:00+05:30,2310.60009765625,2312.10009765625,2308.39990234375,2308.5,23321
2026-02-20 10:25:00+05:30,2311.60009765625,2312.89990234375,2310.0,2310.60009765625,8059
2026-02-20 10:30:00+05:30,2313.89990234375,2313.89990234375,2310.89990234375,2311.60009765625,7297
2026-02-20 10:35:00+05:30,2310.199951171875,2313.800048828125,2308.5,2313.800048828125,77129
2026-02-20 10:40:00+05:30,2314.0,2315.800048828125,2310.199951171875,2310.5,18443
2026-02-20 10:45:00+05:30,2314.199951171875,2315.89990234375,2313.10009765625,2314.199951171875,5316
2026-02-20 10:50:00+05:30,2314.199951171875,2314.699951171875,2311.800048828125,2314.699951171875,3260
2026-02-20 10:55:00+05:30,2316.199951171875,2316.199951171875,2314.300048828125,2314.300048828125,4954
2026-02-20 11:00:00+05:30,2314.199951171875,2317.0,2312.0,2316.199951171875,10301
2026-02-20 11:05:00+05:30,2312.5,2314.199951171875,2312.0,2314.199951171875,1919
2026-02-20 11:10:00+05:30,2312.0,2316.0,2311.89990234375,2312.0,14663
2026-02-20 11:15:00+05:30,2315.39990234375,2316.0,2312.5,2312.60009765625,7907
2026-02-20 11:20:00+05:30,2315.89990234375,2315.89990234375,2312.89990234375,2315.39990234375,8426
2026-02-20 11:25:00+05:30,2318.10009765625,2319.89990234375,2315.10009765625,2315.5,11591
2026-02-20 11:30:00+05:30,2321.60009765625,2322.39990234375,2318.60009765625,2318.60009765625,16102
2026-02-20 11:35:00+05:30,2322.199951171875,2322.800048828125,2320.0,2322.0,4350
2026-02-20 11:40:00+05:30,2322.60009765625,2324.0,2321.5,2321.699951171875,7068
2026-02-20 11:45:00+05:30,2324.39990234375,2325.300048828125,2322.699951171875,2322.800048828125,12919
2026-02-20 11:50:00+05:30,2324.0,2327.0,2323.800048828125,2324.699951171875,19899
2026-02-20 11:55:00+05:30,2321.10009765625,2324.0,2321.0,2324.0,5867
2026-02-20 12:00:00+05:30,2322.300048828125,2322.89990234375,2321.0,2321.10009765625,6281
2026-02-20 12:05:00+05:30,2328.10009765625,2328.10009765625,2320.0,2322.800048828125,40695
2026-02-20 12:10:00+05:30,2329.0,2329.0,2326.699951171875,2328.699951171875,17478
2026-02-20 12:15:00+05:30,2328.89990234375,2331.0,2327.39990234375,2329.0,27302
2026-02-20 12:20:00+05:30,2329.10009765625,2331.199951171875,2328.300048828125,2329.10009765625,10061
2026-02-20 12:25:00+05:30,2326.699951171875,2329.0,2325.0,2329.0,17628
2026-02-20 12:30:00+05:30,2325.5,2328.10009765625,2325.0,2326.699951171875,17563
2026-02-20 12:35:00+05:30,2325.199951171875,2326.5,2325.0,2325.199951171875,18316
2026-02-20 12:40:00+05:30,2325.10009765625,2326.0,2325.0,2325.300048828125,35755
2026-02-20 12:45:00+05:30,2326.0,2326.199951171875,2325.0,2325.300048828125,20141
2026-02-20 12:50:00+05:30,2326.0,2326.0,2325.0,2326.0,22732
2026-02-20 12:55:00+05:30,2326.699951171875,2327.89990234375,2324.699951171875,2326.0,45149
2026-02-20 13:00:00+05:30,2325.699951171875,2327.699951171875,2325.0,2327.60009765625,12094
2026-02-20 13:05:00+05:30,2325.699951171875,2327.0,2325.0,2325.60009765625,57025
2026-02-20 13:10:00+05:30,2325.300048828125,2326.89990234375,2325.0,2325.699951171875,5581
2026-02-20 13:15:00+05:30,2325.10009765625,2327.300048828125,2324.800048828125,2325.0,34255
2026-02-20 13:20:00+05:30,2321.300048828125,2325.699951171875,2321.0,2325.10009765625,42279
2026-02-20 13:25:00+05:30,2321.39990234375,2323.0,2320.10009765625,2320.800048828125,5505
2026-02-20 13:30:00+05:30,2320.5,2322.39990234375,2320.199951171875,2321.300048828125,4576
2026-02-20 13:35:00+05:30,2317.5,2322.10009765625,2317.5,2320.60009765625,15810
2026-02-20 13:40:00+05:30,2314.60009765625,2317.800048828125,2314.60009765625,2317.39990234375,14426
2026-02-20 13:45:00+05:30,2313.300048828125,2314.800048828125,2312.5,2314.5,8180
2026-02-20 13:50:00+05:30,2310.39990234375,2314.0,2310.0,2313.300048828125,3962
2026-02-20 13:55:00+05:30,2311.10009765625,2312.60009765625,2308.10009765625,2310.199951171875,9712
2026-02-20 14:00:00+05:30,2310.0,2313.89990234375,2308.5,2312.10009765625,35440
2026-02-20 14:05:00+05:30,2309.39990234375,2310.800048828125,2309.0,2310.0,22551
2026-02-20 14:10:00+05:30,2309.89990234375,2310.39990234375,2307.199951171875,2309.39990234375,60083
2026-02-20 14:15:00+05:30,2309.60009765625,2310.5,2307.60009765625,2309.89990234375,34480
2026-02-20 14:20:00+05:30,2310.199951171875,2311.60009765625,2309.60009765625,2309.60009765625,20876
2026-02-20 14:25:00+05:30,2310.0,2310.39990234375,2310.0,2310.0,16789
2026-02-20 14:30:00+05:30,2312.699951171875,2314.39990234375,2310.0,2310.0,10620
2026-02-20 14:35:00+05:30,2314.699951171875,2316.0,2312.699951171875,2313.0,28046
2026-02-20 14:40:00+05:30,2320.0,2322.699951171875,2314.5,2315.60009765625,16418
2026-02-20 14:45:00+05:30,2320.300048828125,2322.0,2320.0,2321.300048828125,9905
2026-02-20 14:50:00+05:30,2320.60009765625,2321.199951171875,2320.0,2320.300048828125,11510
2026-02-20 14:55:00+05:30,2319.10009765625,2321.699951171875,2318.699951171875,2321.0,22788
2026-02-20 15:00:00+05:30,2310.39990234375,2319.699951171875,2310.0,2319.10009765625,82487
2026-02-20 15:05:00+05:30,2313.300048828125,2316.0,2310.0,2310.39990234375,88283
2026-02-20 15:10:00+05:30,2313.60009765625,2315.300048828125,2312.300048828125,2313.800048828125,81865
2026-02-20 15:15:00+05:30,2313.300048828125,2314.5,2311.10009765625,2313.60009765625,87884
2026-02-20 15:20:00+05:30,2319.10009765625,2320.0,2313.10009765625,2313.5,94414
2026-02-20 15:25:00+05:30,2314.5,2320.800048828125,2314.5,2320.0,61486
2026-02-23 09:20:00+05:30,2328.60009765625,2329.199951171875,2321.800048828125,2323.0,6910
2026-02-23 09:25:00+05:30,2336.300048828125,2339.5,2326.800048828125,2327.60009765625,27600
2026-02-23 09:30:00+05:30,2336.39990234375,2338.0,2335.60009765625,2337.0,10816
2026-02-23 09:35:00+05:30,2341.300048828125,2342.800048828125,2336.39990234375,2336.39990234375,18898
2026-02-23 09:40:00+05:30,2338.39990234375,2342.5,2338.39990234375,2341.0,10696
2026-02-23 09:45:00+05:30,2334.89990234375,2339.300048828125,2334.10009765625,2338.0,17870
2026-02-23 09:50:00+05:30,2333.10009765625,2335.39990234375,2331.60009765625,2335.0,8960
2026-02-23 09:55:00+05:30,2334.699951171875,2336.89990234375,2332.0,2333.300048828125,6097
2026-02-23 10:00:00+05:30,2337.5,2337.5,2333.60009765625,2334.699951171875,4039
2026-02-23 10:05:00+05:30,2335.699951171875,2337.5,2334.0,2336.89990234375,4010
2026-02-23 10:10:00+05:30,2334.39990234375,2336.800048828125,2334.0,2334.39990234375,4290
2026-02-23 10:15:00+05:30,2335.199951171875,2338.10009765625,2334.699951171875,2334.699951171875,12779
2026-02-23 10:20:00+05:30,2337.800048828125,2338.5,2335.60009765625,2336.0,4916
2026-02-23 10:25:00+05:30,2335.300048828125,2337.699951171875,2332.10009765625,2337.699951171875,9117
2026-02-23 10:30:00+05:30,2335.5,2336.0,2333.699951171875,2334.5,5098
2026-02-23 10:35:00+05:30,2341.60009765625,2342.0,2334.300048828125,2335.5,15561
2026-02-23 10:40:00+05:30,2339.0,2341.800048828125,2337.800048828125,2341.800048828125,32913
2026-02-23 10:45:00+05:30,2336.800048828125,2339.10009765625,2335.5,2338.199951171875,36304
2026-02-23 10:50:00+05:30,2341.0,2341.800048828125,2335.800048828125,2336.199951171875,16290
2026-02-23 10:55:00+05:30,2344.699951171875,2345.0,2341.300048828125,2341.300048828125,22356
2026-02-23 11:00:00+05:30,2343.5,2345.89990234375,2343.0,2344.5,15776
2026-02-23 11:05:00+05:30,2343.0,2344.199951171875,2338.699951171875,2343.5,35705
2026-02-23 11:10:00+05:30,2342.39990234375,2344.60009765625,2341.60009765625,2343.800048828125,28506
2026-02-23 11:15:00+05:30,2341.699951171875,2343.300048828125,2340.60009765625,2342.5,4336
2026-02-23 11:20:00+05:30,2339.699951171875,2341.699951171875,2338.89990234375,2341.699951171875,6684
2026-02-23 11:25:00+05:30,2335.0,2339.699951171875,2333.0,2339.699951171875,53627
2026-02-23 11:30:00+05:30,2334.5,2336.10009765625,2333.0,2335.0,42299
2026-02-23 11:35:00+05:30,2339.0,2339.89990234375,2334.39990234375,2334.5,40496
2026-02-23 11:40:00+05:30,2335.0,2340.0,2334.699951171875,2339.60009765625,26075
2026-02-23 11:45:00+05:30,2333.10009765625,2336.60009765625,2331.89990234375,2335.0,15914
2026-02-23 11:50:00+05:30,2333.0,2333.89990234375,2328.0,2333.39990234375,44068
2026-02-23 11:55:00+05:30,2335.0,2337.0,2332.39990234375,2332.89990234375,61847
2026-02-23 12:00:00+05:30,2335.0,2337.89990234375,2334.800048828125,2335.199951171875,52656
2026-02-23 12:05:00+05:30,2335.0,2337.0,2334.60009765625,2335.0,6466
2026-02-23 12:10:00+05:30,2335.60009765625,2339.699951171875,2334.800048828125,2335.0,19076
2026-02-23 12:15:00+05:30,2338.199951171875,2340.0,2335.800048828125,2336.0,47084
2026-02-23 12:20:00+05:30,2335.0,2339.699951171875,2334.89990234375,2338.199951171875,24229
2026-02-23 12:25:00+05:30,2333.89990234375,2336.39990234375,2333.60009765625,2335.0,9048
2026-02-23 12:30:00+05:30,2339.0,2340.0,2332.5,2333.89990234375,23111
2026-02-23 12:35:00+05:30,2344.0,2345.5,2339.0,2339.0,17392
2026-02-23 12:40:00+05:30,2347.60009765625,2348.60009765625,2343.89990234375,2344.39990234375,16716
2026-02-23 12:45:00+05:30,2347.60009765625,2349.60009765625,2347.0,2347.39990234375,6624
2026-02-23 12:50:00+05:30,2346.0,2347.699951171875,2343.10009765625,2347.60009765625,11249
2026-02-23 12:55:00+05:30,2343.800048828125,2347.0,2343.300048828125,2345.89990234375,3908
2026-02-23 13:00:00+05:30,2341.5,2344.0,2341.199951171875,2343.800048828125,5856
2026-02-23 13:05:00+05:30,2343.300048828125,2344.10009765625,2341.800048828125,2341.800048828125,7712
2026-02-23 13:10:00+05:30,2340.800048828125,2343.60009765625,2340.0,2343.300048828125,6707
2026-02-23 13:15:00+05:30,2340.10009765625,2340.699951171875,2338.10009765625,2340.39990234375,5570
2026-02-23 13:20:00+05:30,2342.39990234375,2343.60009765625,2340.0,2340.0,3679
2026-02-23 13:25:00+05:30,2342.300048828125,2343.800048828125,2342.300048828125,2343.0,3579
2026-02-23 13:30:00+05:30,2342.0,2342.89990234375,2340.60009765625,2342.89990234375,3562
2026-02-23 13:35:00+05:30,2344.39990234375,2345.0,2341.699951171875,2342.0,4282
2026-02-23 13:40:00+05:30,2344.199951171875,2345.0,2340.39990234375,2344.89990234375,19290
2026-02-23 13:45:00+05:30,2342.800048828125,2345.0,2341.89990234375,2344.199951171875,5340
2026-02-23 13:50:00+05:30,2343.39990234375,2344.0,2342.699951171875,2343.300048828125,3388
2026-02-23 13:55:00+05:30,2342.300048828125,2343.60009765625,2342.300048828125,2343.39990234375,4187
2026-02-23 14:00:00+05:30,2337.300048828125,2342.800048828125,2336.89990234375,2342.199951171875,6202
2026-02-23 14:05:00+05:30,2338.800048828125,2339.699951171875,2336.0,2337.300048828125,10788
2026-02-23 14:10:00+05:30,2338.5,2339.199951171875,2336.10009765625,2338.800048828125,5219
2026-02-23 14:15:00+05:30,2337.0,2338.5,2334.800048828125,2338.5,8202
2026-02-23 14:20:00+05:30,2337.300048828125,2337.89990234375,2336.800048828125,2337.0,3053
2026-02-23 14:25:00+05:30,2340.300048828125,2340.5,2336.0,2337.5,7521
2026-02-23 14:30:00+05:30,2342.0,2342.0,2338.300048828125,2339.39990234375,7528
2026-02-23 14:35:00+05:30,2340.89990234375,2342.300048828125,2339.800048828125,2342.0,5593
2026-02-23 14:40:00+05:30,2338.800048828125,2341.199951171875,2337.199951171875,2340.89990234375,6608
2026-02-23 14:45:00+05:30,2341.39990234375,2342.0,2338.10009765625,2338.800048828125,8963
2026-02-23 14:50:00+05:30,2339.800048828125,2341.39990234375,2336.800048828125,2341.300048828125,6316
2026-02-23 14:55:00+05:30,2340.0,2341.0,2337.199951171875,2339.800048828125,9112
2026-02-23 15:00:00+05:30,2346.699951171875,2348.0,2340.60009765625,2340.89990234375,35482
2026-02-23 15:05:00+05:30,2344.60009765625,2347.800048828125,2343.300048828125,2346.800048828125,35333
2026-02-23 15:10:00+05:30,2345.699951171875,2345.699951171875,2343.0,2344.60009765625,37617
2026-02-23 15:15:00+05:30,2345.199951171875,2347.60009765625,2343.60009765625,2346.0,39475
2026-02-23 15:20:00+05:30,2345.199951171875,2345.199951171875,2345.0,2345.199951171875,36663
2026-02-23 15:25:00+05:30,2345.39990234375,2350.0,2342.39990234375,2345.89990234375,38620
2026-02-24 09:20:00+05:30,2340.0,2342.10009765625,2338.699951171875,2340.60009765625,6041
2026-02-24 09:25:00+05:30,2338.0,2341.0,2337.199951171875,2340.0,3777
2026-02-24 09:30:00+05:30,2335.39990234375,2339.800048828125,2335.0,2338.0,3110
2026-02-24 09:35:00+05:30,2339.39990234375,2339.39990234375,2336.0,2336.0,3026
2026-02-24 09:40:00+05:30,2342.0,2342.0,2338.10009765625,2339.300048828125,5069
2026-02-24 09:45:00+05:30,2339.0,2342.0,2339.0,2342.0,10087
2026-02-24 09:50:00+05:30,2339.199951171875,2340.10009765625,2336.10009765625,2339.0,3801
2026-02-24 09:55:00+05:30,2340.0,2340.0,2338.300048828125,2338.699951171875,2525
2026-02-24 10:00:00+05:30,2340.0,2340.39990234375,2339.0,2339.60009765625,9872
2026-02-24 10:05:00+05:30,2344.0,2347.0,2339.699951171875,2340.0,56598
2026-02-24 10:10:00+05:30,2342.89990234375,2344.0,2341.699951171875,2344.0,2676
2026-02-24 10:15:00+05:30,2346.60009765625,2346.89990234375,2342.39990234375,2343.0,27660
2026-02-24 10:20:00+05:30,2343.699951171875,2347.699951171875,2343.0,2346.300048828125,5741
2026-02-24 10:25:00+05:30,2349.39990234375,2349.5,2343.5,2343.5,7847
2026-02-24 10:30:00+05:30,2351.0,2351.800048828125,2348.5,2348.800048828125,9593
2026-02-24 10:35:00+05:30,2352.60009765625,2352.89990234375,2350.5,2351.0,6125
2026-02-24 10:40:00+05:30,2352.0,2353.5,2350.89990234375,2351.10009765625,6697
2026-02-24 10:45:00+05:30,2345.60009765625,2351.5,2344.60009765625,2351.5,11007
2026-02-24 10:50:00+05:30,2343.0,2345.60009765625,2343.0,2344.199951171875,4831
2026-02-24 10:55:00+05:30,2346.0,2347.0,2341.0,2343.199951171875,25196
2026-02-24 11:00:00+05:30,2351.300048828125,2351.5,2345.89990234375,2346.89990234375,14017
2026-02-24 11:05:00+05:30,2350.10009765625,2351.800048828125,2350.10009765625,2351.300048828125,3568
2026-02-24 11:10:00+05:30,2352.0,2352.89990234375,2350.0,2350.800048828125,7495
2026-02-24 11:15:00+05:30,2353.0,2353.0,2350.39990234375,2352.300048828125,4966
2026-02-24 11:20:00+05:30,2352.89990234375,2353.699951171875,2352.39990234375,2353.0,4280
2026-02-24 11:25:00+05:30,2351.5,2353.199951171875,2351.199951171875,2352.89990234375,3239
2026-02-24 11:30:00+05:30,2351.699951171875,2352.0,2350.699951171875,2351.5,4882
2026-02-24 11:35:00+05:30,2356.0,2356.199951171875,2350.300048828125,2351.699951171875,8955
2026-02-24 11:40:00+05:30,2355.10009765625,2356.199951171875,2354.39990234375,2356.0,5078
2026-02-24 11:45:00+05:30,2354.39990234375,2355.300048828125,2352.199951171875,2354.89990234375,15449
2026-02-24 11:50:00+05:30,2355.300048828125,2355.300048828125,2353.199951171875,2354.39990234375,3934
2026-02-24 11:55:00+05:30,2354.89990234375,2355.800048828125,2353.300048828125,2355.300048828125,27387
2026-02-24 12:00:00+05:30,2354.300048828125,2355.60009765625,2354.0,2354.800048828125,3683
2026-02-24 12:05:00+05:30,2354.89990234375,2355.89990234375,2354.199951171875,2354.300048828125,3687
2026-02-24 12:10:00+05:30,2360.10009765625,2360.199951171875,2354.300048828125,2355.0,30703
2026-02-24 12:15:00+05:30,2361.699951171875,2363.0,2359.0,2360.0,13512
2026-02-24 12:20:00+05:30,2357.300048828125,2361.699951171875,2356.89990234375,2361.699951171875,18751
2026-02-24 12:25:00+05:30,2360.39990234375,2361.0,2357.0,2357.300048828125,9874
2026-02-24 12:30:00+05:30,2361.89990234375,2363.0,2360.0,2360.5,16804
2026-02-24 12:35:00+05:30,2362.199951171875,2363.89990234375,2361.5,2361.89990234375,4672
2026-02-24 12:40:00+05:30,2362.800048828125,2362.800048828125,2361.0,2362.800048828125,3656
2026-02-24 12:45:00+05:30,2361.800048828125,2362.800048828125,2361.0,2362.699951171875,4263
2026-02-24 12:50:00+05:30,2361.5,2362.0,2361.0,2362.0,5298
2026-02-24 12:55:00+05:30,2366.89990234375,2368.800048828125,2361.199951171875,2361.89990234375,94695
2026-02-24 13:00:00+05:30,2366.699951171875,2369.5,2364.800048828125,2366.89990234375,95477
2026-02-24 13:05:00+05:30,2367.800048828125,2367.89990234375,2365.0,2367.39990234375,5860
2026-02-24 13:10:00+05:30,2367.800048828125,2367.89990234375,2365.89990234375,2367.800048828125,5277
2026-02-24 13:15:00+05:30,2368.5,2369.0,2366.699951171875,2367.5,5314
2026-02-24 13:20:00+05:30,2366.800048828125,2368.5,2366.5,2368.5,4255
2026-02-24 13:25:00+05:30,2364.699951171875,2366.800048828125,2364.0,2366.800048828125,7885
2026-02-24 13:30:00+05:30,2363.0,2365.800048828125,2361.10009765625,2365.0,14626
2026-02-24 13:35:00+05:30,2365.89990234375,2366.10009765625,2361.0,2363.0,14400
2026-02-24 13:40:00+05:30,2365.300048828125,2365.89990234375,2363.5,2365.800048828125,2449
2026-02-24 13:45:00+05:30,2365.800048828125,2366.699951171875,2364.5,2365.199951171875,5592
2026-02-24 13:50:00+05:30,2367.39990234375,2367.60009765625,2365.60009765625,2366.699951171875,5271
2026-02-24 13:55:00+05:30,2369.39990234375,2369.800048828125,2367.39990234375,2367.39990234375,29738
2026-02-24 14:00:00+05:30,2369.0,2371.39990234375,2368.0,2369.800048828125,22882
2026-02-24 14:05:00+05:30,2365.60009765625,2368.800048828125,2365.10009765625,2368.800048828125,57939
2026-02-24 14:10:00+05:30,2363.0,2365.0,2362.0,2365.0,37986
2026-02-24 14:15:00+05:30,2362.89990234375,2363.60009765625,2361.10009765625,2363.10009765625,44321
2026-02-24 14:20:00+05:30,2361.199951171875,2364.800048828125,2361.0,2362.89990234375,16324
2026-02-24 14:25:00+05:30,2363.39990234375,2365.0,2362.199951171875,2362.39990234375,7025
2026-02-24 14:30:00+05:30,2359.5,2365.5,2354.5,2364.0,72452
2026-02-24 14:35:00+05:30,2357.0,2360.89990234375,2357.0,2359.10009765625,12146
2026-02-24 14:40:00+05:30,2356.699951171875,2358.199951171875,2354.10009765625,2357.699951171875,35549
2026-02-24 14:45:00+05:30,2357.5,2359.0,2356.0,2356.89990234375,27182
2026-02-24 14:50:00+05:30,2358.199951171875,2359.0,2357.300048828125,2357.89990234375,52912
2026-02-24 14:55:00+05:30,2356.199951171875,2359.699951171875,2356.199951171875,2358.300048828125,36299
2026-02-24 15:00:00+05:30,2357.39990234375,2359.89990234375,2355.800048828125,2357.60009765625,59784
2026-02-24 15:05:00+05:30,2355.300048828125,2357.89990234375,2355.300048828125,2357.39990234375,48465
2026-02-24 15:10:00+05:30,2357.39990234375,2358.300048828125,2354.199951171875,2355.300048828125,66556
2026-02-24 15:15:00+05:30,2362.0,2362.0,2357.10009765625,2357.300048828125,73202
2026-02-24 15:20:00+05:30,2359.5,2361.39990234375,2357.699951171875,2361.39990234375,76048
2026-02-24 15:25:00+05:30,2358.60009765625,2365.800048828125,2357.199951171875,2359.5,59828
2026-02-25 09:20:00+05:30,2372.0,2378.89990234375,2370.89990234375,2377.699951171875,12995
2026-02-25 09:25:00+05:30,2371.5,2374.89990234375,2371.0,2372.10009765625,11333
2026-02-25 09:30:00+05:30,2372.39990234375,2374.0,2366.39990234375,2372.300048828125,9003
2026-02-25 09:35:00+05:30,2371.199951171875,2372.89990234375,2370.199951171875,2372.89990234375,3590
2026-02-25 09:40:00+05:30,2370.89990234375,2372.0,2369.300048828125,2370.300048828125,3945
2026-02-25 09:45:00+05:30,2372.5,2372.800048828125,2370.39990234375,2370.39990234375,2765
2026-02-25 09:50:00+05:30,2367.39990234375,2372.699951171875,2367.0,2372.199951171875,2592
2026-02-25 09:55:00+05:30,2365.89990234375,2368.300048828125,2365.0,2367.5,6685
2026-02-25 10:00:00+05:30,2366.199951171875,2368.10009765625,2363.800048828125,2365.89990234375,6007
2026-02-25 10:05:00+05:30,2365.0,2367.5,2365.0,2366.199951171875,4119
2026-02-25 10:10:00+05:30,2367.10009765625,2368.0,2365.0,2365.300048828125,2579
2026-02-25 10:15:00+05:30,2369.60009765625,2371.699951171875,2367.199951171875,2367.89990234375,7792
2026-02-25 10:20:00+05:30,2369.800048828125,2370.60009765625,2367.89990234375,2369.699951171875,3873
2026-02-25 10:25:00+05:30,2368.300048828125,2371.39990234375,2367.39990234375,2369.800048828125,7588
2026-02-25 10:30:00+05:30,2369.60009765625,2369.60009765625,2367.199951171875,2369.10009765625,2501
2026-02-25 10:35:00+05:30,2367.199951171875,2371.199951171875,2367.199951171875,2369.60009765625,4026
2026-02-25 10:40:00+05:30,2365.60009765625,2368.0,2364.300048828125,2368.0,4553
2026-02-25 10:45:00+05:30,2363.699951171875,2367.0,2362.0,2365.800048828125,6767
2026-02-25 10:50:00+05:30,2359.0,2363.699951171875,2359.0,2362.699951171875,5450
2026-02-25 10:55:00+05:30,2358.699951171875,2361.199951171875,2357.0,2359.0,12286
2026-02-25 11:00:00+05:30,2359.199951171875,2361.199951171875,2357.39990234375,2358.699951171875,4901
2026-02-25 11:05:00+05:30,2360.60009765625,2360.800048828125,2358.199951171875,2359.199951171875,3892
2026-02-25 11:10:00+05:30,2360.0,2360.800048828125,2358.0,2360.60009765625,3304
2026-02-25 11:15:00+05:30,2360.10009765625,2361.199951171875,2358.89990234375,2360.199951171875,3713
2026-02-25 11:20:00+05:30,2358.89990234375,2361.0,2358.5,2360.10009765625,2868
2026-02-25 11:25:00+05:30,2359.300048828125,2361.800048828125,2359.300048828125,2359.699951171875,2616
2026-02-25 11:30:00+05:30,2361.10009765625,2362.10009765625,2359.0,2360.10009765625,9569
2026-02-25 11:35:00+05:30,2363.800048828125,2363.800048828125,2361.10009765625,2361.10009765625,3374
2026-02-25 11:40:00+05:30,2363.0,2363.699951171875,2362.10009765625,2363.699951171875,12547
2026-02-25 11:45:00+05:30,2362.89990234375,2365.0,2362.699951171875,2362.800048828125,4580
2026-02-25 11:50:00+05:30,2358.0,2363.699951171875,2357.5,2362.89990234375,39453
2026-02-25 11:55:00+05:30,2354.10009765625,2358.0,2353.10009765625,2358.0,7848
2026-02-25 12:00:00+05:30,2356.800048828125,2357.0,2353.10009765625,2353.39990234375,4024
2026-02-25 12:05:00+05:30,2352.800048828125,2356.800048828125,2351.10009765625,2356.800048828125,14178
2026-02-25 12:10:00+05:30,2352.89990234375,2353.0,2349.0,2352.800048828125,17904
2026-02-25 12:15:00+05:30,2353.89990234375,2354.300048828125,2351.699951171875,2352.89990234375,4333
2026-02-25 12:20:00+05:30,2355.89990234375,2356.5,2352.699951171875,2354.10009765625,8041
2026-02-25 12:25:00+05:30,2357.39990234375,2357.699951171875,2355.800048828125,2356.0,3161
2026-02-25 12:30:00+05:30,2354.800048828125,2358.39990234375,2354.10009765625,2357.39990234375,20068
2026-02-25 12:35:00+05:30,2353.699951171875,2355.199951171875,2353.300048828125,2354.60009765625,6064
2026-02-25 12:40:00+05:30,2352.0,2353.699951171875,2352.0,2353.699951171875,4011
2026-02-25 12:45:00+05:30,2352.300048828125,2356.199951171875,2350.39990234375,2351.800048828125,47262
2026-02-25 12:50:00+05:30,2359.0,2359.39990234375,2352.0,2352.5,13261
2026-02-25 12:55:00+05:30,2360.5,2362.39990234375,2359.0,2359.0,12629
2026-02-25 13:00:00+05:30,2359.39990234375,2361.0,2358.5,2360.5,15278
2026-02-25 13:05:00+05:30,2357.60009765625,2359.39990234375,2357.39990234375,2359.39990234375,4081
2026-02-25 13:10:00+05:30,2359.5,2360.60009765625,2356.10009765625,2357.60009765625,15678
2026-02-25 13:15:00+05:30,2360.10009765625,2360.10009765625,2357.10009765625,2359.300048828125,21880
2026-02-25 13:20:00+05:30,2361.699951171875,2362.0,2361.0,2361.10009765625,10286
2026-02-25 13:25:00+05:30,2365.199951171875,2365.199951171875,2360.199951171875,2361.699951171875,32516
2026-02-25 13:30:00+05:30,2366.0,2366.800048828125,2363.300048828125,2365.0,24665
2026-02-25 13:35:00+05:30,2369.89990234375,2370.0,2365.300048828125,2365.89990234375,27233
2026-02-25 13:40:00+05:30,2370.300048828125,2371.39990234375,2368.300048828125,2370.0,20447
2026-02-25 13:45:00+05:30,2371.300048828125,2371.5,2368.199951171875,2370.0,33443
2026-02-25 13:50:00+05:30,2372.800048828125,2372.800048828125,2371.0,2371.0,7039
2026-02-25 13:55:00+05:30,2372.300048828125,2373.0,2371.800048828125,2373.0,4259
2026-02-25 14:00:00+05:30,2372.300048828125,2372.800048828125,2370.60009765625,2372.300048828125,24184
2026-02-25 14:05:00+05:30,2372.699951171875,2375.0,2369.300048828125,2372.199951171875,27945
2026-02-25 14:10:00+05:30,2371.5,2372.800048828125,2370.60009765625,2372.60009765625,4521
2026-02-25 14:15:00+05:30,2371.300048828125,2374.300048828125,2370.300048828125,2370.39990234375,31730
2026-02-25 14:20:00+05:30,2373.0,2374.89990234375,2370.39990234375,2371.89990234375,30401
2026-02-25 14:25:00+05:30,2377.800048828125,2378.0,2372.199951171875,2373.0,82127
2026-02-25 14:30:00+05:30,2378.0,2378.0,2374.89990234375,2378.0,28986
2026-02-25 14:35:00+05:30,2378.300048828125,2379.0,2376.5,2377.39990234375,18217
2026-02-25 14:40:00+05:30,2373.10009765625,2378.5,2371.800048828125,2378.5,21922
2026-02-25 14:45:00+05:30,2372.60009765625,2374.89990234375,2371.699951171875,2373.5,15007
2026-02-25 14:50:00+05:30,2370.699951171875,2372.699951171875,2369.300048828125,2372.5,14843
2026-02-25 14:55:00+05:30,2371.699951171875,2373.5,2371.199951171875,2372.5,11382
2026-02-25 15:00:00+05:30,2376.800048828125,2376.800048828125,2371.300048828125,2371.300048828125,32279
2026-02-25 15:05:00+05:30,2375.10009765625,2377.39990234375,2374.39990234375,2376.699951171875,47630
2026-02-25 15:10:00+05:30,2373.199951171875,2376.0,2373.199951171875,2375.10009765625,36235
2026-02-25 15:15:00+05:30,2374.89990234375,2375.0,2372.10009765625,2373.5,37899
2026-02-25 15:20:00+05:30,2374.0,2375.0,2372.800048828125,2375.0,45785
2026-02-25 15:25:00+05:30,2375.0,2378.5,2374.0,2374.0,40520
2026-02-26 09:20:00+05:30,2370.0,2372.300048828125,2367.60009765625,2371.800048828125,3535
2026-02-26 09:25:00+05:30,2367.10009765625,2370.199951171875,2364.60009765625,2370.199951171875,5481
2026-02-26 09:30:00+05:30,2365.800048828125,2368.800048828125,2364.0,2365.699951171875,7828
2026-02-26 09:35:00+05:30,2366.300048828125,2367.199951171875,2364.800048828125,2365.0,4027
2026-02-26 09:40:00+05:30,2370.0,2370.0,2366.0,2366.300048828125,8233
2026-02-26 09:45:00+05:30,2365.699951171875,2370.89990234375,2365.300048828125,2369.39990234375,5414
2026-02-26 09:50:00+05:30,2357.300048828125,2366.89990234375,2357.300048828125,2366.89990234375,10024
2026-02-26 09:55:00+05:30,2357.300048828125,2358.300048828125,2355.89990234375,2357.10009765625,9425
2026-02-26 10:00:00+05:30,2359.0,2359.0,2356.199951171875,2357.300048828125,4148
2026-02-26 10:05:00+05:30,2363.699951171875,2365.199951171875,2358.5,2358.800048828125,10375
2026-02-26 10:10:00+05:30,2364.39990234375,2364.89990234375,2362.60009765625,2363.60009765625,3823
2026-02-26 10:15:00+05:30,2368.199951171875,2368.300048828125,2363.0,2364.300048828125,4677
2026-02-26 10:20:00+05:30,2366.39990234375,2369.300048828125,2366.300048828125,2367.89990234375,5329
2026-02-26 10:25:00+05:30,2363.800048828125,2369.300048828125,2363.0,2367.0,7988
2026-02-26 10:30:00+05:30,2361.89990234375,2363.800048828125,2360.0,2363.10009765625,2736
2026-02-26 10:35:00+05:30,2364.89990234375,2366.60009765625,2364.699951171875,2365.0,5477
2026-02-26 10:40:00+05:30,2365.0,2365.5,2363.699951171875,2364.89990234375,7878
2026-02-26 10:45:00+05:30,2365.39990234375,2366.39990234375,2364.60009765625,2365.10009765625,2993
2026-02-26 10:50:00+05:30,2366.89990234375,2366.89990234375,2365.0,2365.89990234375,4662
2026-02-26 10:55:00+05:30,2365.0,2367.0,2365.0,2366.89990234375,5012
2026-02-26 11:00:00+05:30,2368.199951171875,2368.5,2361.89990234375,2365.0,20695
2026-02-26 11:05:00+05:30,2371.199951171875,2371.89990234375,2367.300048828125,2368.800048828125,10956
2026-02-26 11:10:00+05:30,2371.89990234375,2372.800048828125,2371.0,2371.199951171875,4731
2026-02-26 11:15:00+05:30,2373.5,2374.5,2372.300048828125,2372.300048828125,8631
2026-02-26 11:20:00+05:30,2375.5,2375.5,2372.89990234375,2373.10009765625,5214
2026-02-26 11:25:00+05:30,2375.199951171875,2378.300048828125,2375.199951171875,2375.89990234375,5907
2026-02-26 11:30:00+05:30,2375.5,2376.0,2375.0,2375.199951171875,6715
2026-02-26 11:35:00+05:30,2375.5,2375.699951171875,2374.89990234375,2375.699951171875,24804
2026-02-26 11:40:00+05:30,2375.39990234375,2375.89990234375,2374.39990234375,2375.5,60083
2026-02-26 11:45:00+05:30,2372.0,2375.5,2369.800048828125,2375.5,70556
2026-02-26 11:50:00+05:30,2370.89990234375,2373.89990234375,2369.0,2371.5,8981
2026-02-26 11:55:00+05:30,2370.60009765625,2371.800048828125,2370.300048828125,2370.89990234375,4863
2026-02-26 12:00:00+05:30,2370.39990234375,2370.89990234375,2370.300048828125,2370.60009765625,10198
2026-02-26 12:05:00+05:30,2370.300048828125,2371.300048828125,2370.0,2370.39990234375,24574
2026-02-26 12:10:00+05:30,2369.300048828125,2370.39990234375,2365.0,2370.10009765625,34151
2026-02-26 12:15:00+05:30,2371.60009765625,2371.800048828125,2369.300048828125,2369.300048828125,6832
2026-02-26 12:20:00+05:30,2365.0,2371.699951171875,2364.10009765625,2371.60009765625,25700
2026-02-26 12:25:00+05:30,2366.800048828125,2367.60009765625,2364.699951171875,2366.0,36687
2026-02-26 12:30:00+05:30,2371.0,2371.60009765625,2365.800048828125,2367.5,33959
2026-02-26 12:35:00+05:30,2367.0,2372.0,2366.699951171875,2371.0,45286
2026-02-26 12:40:00+05:30,2366.89990234375,2370.0,2365.300048828125,2367.0,34053
2026-02-26 12:45:00+05:30,2367.699951171875,2369.60009765625,2365.0,2366.89990234375,41644
2026-02-26 12:50:00+05:30,2370.89990234375,2371.60009765625,2367.699951171875,2367.699951171875,7525
2026-02-26 12:55:00+05:30,2372.10009765625,2372.10009765625,2370.0,2370.0,9546
2026-02-26 13:00:00+05:30,2372.60009765625,2372.60009765625,2371.0,2372.10009765625,5892
2026-02-26 13:05:00+05:30,2371.0,2373.89990234375,2371.0,2372.699951171875,4479
2026-02-26 13:10:00+05:30,2372.60009765625,2373.39990234375,2370.89990234375,2371.699951171875,6133
2026-02-26 13:15:00+05:30,2371.60009765625,2372.5,2369.800048828125,2372.5,36269
2026-02-26 13:20:00+05:30,2372.10009765625,2372.199951171875,2370.0,2371.60009765625,10988
2026-02-26 13:25:00+05:30,2372.60009765625,2375.5,2371.300048828125,2371.300048828125,21774
2026-02-26 13:30:00+05:30,2372.5,2374.199951171875,2371.300048828125,2372.60009765625,9154
2026-02-26 13:35:00+05:30,2371.699951171875,2375.199951171875,2371.199951171875,2373.60009765625,11640
2026-02-26 13:40:00+05:30,2372.89990234375,2373.0,2370.0,2371.699951171875,4040
2026-02-26 13:45:00+05:30,2370.5,2372.89990234375,2370.0,2371.89990234375,30860
2026-02-26 13:50:00+05:30,2370.10009765625,2372.60009765625,2369.60009765625,2370.5,18206
2026-02-26 13:55:00+05:30,2370.699951171875,2372.89990234375,2369.5,2370.699951171875,22607
2026-02-26 14:00:00+05:30,2371.89990234375,2372.300048828125,2370.0,2370.699951171875,21746
2026-02-26 14:05:00+05:30,2373.199951171875,2373.39990234375,2370.10009765625,2371.300048828125,26841
2026-02-26 14:10:00+05:30,2372.699951171875,2374.39990234375,2371.0,2373.199951171875,24721
2026-02-26 14:15:00+05:30,2372.0,2374.5,2371.89990234375,2372.699951171875,21396
2026-02-26 14:20:00+05:30,2371.199951171875,2373.39990234375,2370.199951171875,2372.300048828125,21425
2026-02-26 14:25:00+05:30,2372.10009765625,2372.5,2370.0,2370.699951171875,25777
2026-02-26 14:30:00+05:30,2374.300048828125,2375.300048828125,2371.10009765625,2372.10009765625,35035
2026-02-26 14:35:00+05:30,2375.60009765625,2376.39990234375,2373.0,2374.300048828125,23150
2026-02-26 14:40:00+05:30,2379.0,2379.5,2375.89990234375,2375.89990234375,31314
2026-02-26 14:45:00+05:30,2380.800048828125,2382.39990234375,2379.10009765625,2379.199951171875,52116
2026-02-26 14:50:00+05:30,2380.89990234375,2382.0,2379.10009765625,2380.800048828125,30259
2026-02-26 14:55:00+05:30,2382.300048828125,2384.0,2380.10009765625,2380.89990234375,30363
2026-02-26 15:00:00+05:30,2382.199951171875,2383.0,2380.699951171875,2382.199951171875,42603
2026-02-26 15:05:00+05:30,2384.199951171875,2385.300048828125,2382.10009765625,2382.300048828125,60949
2026-02-26 15:10:00+05:30,2383.699951171875,2384.89990234375,2383.300048828125,2383.89990234375,59752
2026-02-26 15:15:00+05:30,2384.0,2384.300048828125,2382.0,2383.60009765625,38367
2026-02-26 15:20:00+05:30,2382.699951171875,2384.300048828125,2382.10009765625,2384.0,37564
2026-02-26 15:25:00+05:30,2383.300048828125,2383.300048828125,2380.0,2382.699951171875,31633
2026-02-27 09:20:00+05:30,2362.60009765625,2363.5,2360.199951171875,2361.300048828125,16388
2026-02-27 09:25:00+05:30,2356.699951171875,2363.60009765625,2356.10009765625,2362.10009765625,16157
2026-02-27 09:30:00+05:30,2354.5,2356.699951171875,2354.10009765625,2355.199951171875,11127
2026-02-27 09:35:00+05:30,2352.0,2354.10009765625,2351.10009765625,2354.10009765625,15496
2026-02-27 09:40:00+05:30,2351.699951171875,2352.39990234375,2351.0,2352.10009765625,6344
2026-02-27 09:45:00+05:30,2348.10009765625,2351.199951171875,2347.199951171875,2350.5,9282
2026-02-27 09:50:00+05:30,2343.10009765625,2348.10009765625,2343.10009765625,2348.10009765625,32416
2026-02-27 09:55:00+05:30,2344.300048828125,2345.60009765625,2340.0,2343.0,23488
2026-02-27 10:00:00+05:30,2342.60009765625,2345.300048828125,2342.10009765625,2344.300048828125,10279
2026-02-27 10:05:00+05:30,2342.0,2343.5,2339.199951171875,2342.0,17685
2026-02-27 10:10:00+05:30,2343.300048828125,2346.300048828125,2342.10009765625,2343.0,16477
2026-02-27 10:15:00+05:30,2342.800048828125,2344.199951171875,2341.199951171875,2343.300048828125,9622
2026-02-27 10:20:00+05:30,2342.800048828125,2343.60009765625,2340.0,2342.60009765625,12169
2026-02-27 10:25:00+05:30,2346.10009765625,2348.0,2343.0,2343.0,19199
2026-02-27 10:30:00+05:30,2348.89990234375,2349.89990234375,2346.699951171875,2347.699951171875,14830
2026-02-27 10:35:00+05:30,2351.60009765625,2352.5,2348.0,2348.89990234375,15725
2026-02-27 10:40:00+05:30,2347.0,2351.699951171875,2345.699951171875,2351.39990234375,7780
2026-02-27 10:45:00+05:30,2347.60009765625,2349.39990234375,2346.199951171875,2347.199951171875,5837
2026-02-27 10:50:00+05:30,2346.0,2347.5,2344.5,2347.5,6577
2026-02-27 10:55:00+05:30,2350.699951171875,2352.0,2346.0,2346.0,31708
2026-02-27 11:00:00+05:30,2351.0,2352.300048828125,2350.0,2351.5,9310
2026-02-27 11:05:00+05:30,2351.10009765625,2352.699951171875,2350.10009765625,2351.5,6193
2026-02-27 11:10:00+05:30,2351.5,2351.89990234375,2350.0,2351.60009765625,2816
2026-02-27 11:15:00+05:30,2351.10009765625,2351.5,2350.0,2351.300048828125,4720
2026-02-27 11:20:00+05:30,2350.60009765625,2351.10009765625,2350.0,2350.10009765625,7068
2026-02-27 11:25:00+05:30,2347.5,2350.5,2346.10009765625,2350.199951171875,30045
2026-02-27 11:30:00+05:30,2349.800048828125,2349.89990234375,2346.10009765625,2347.39990234375,25242
2026-02-27 11:35:00+05:30,2347.300048828125,2350.300048828125,2346.60009765625,2349.800048828125,21032
2026-02-27 11:40:00+05:30,2350.5,2351.300048828125,2346.0,2347.300048828125,39985
2026-02-27 11:45:00+05:30,2351.300048828125,2352.0,2349.199951171875,2350.39990234375,9597
2026-02-27 11:50:00+05:30,2350.300048828125,2351.199951171875,2350.0,2351.199951171875,6905
2026-02-27 11:55:00+05:30,2352.10009765625,2352.699951171875,2350.0,2350.0,7484
2026-02-27 12:00:00+05:30,2349.300048828125,2352.0,2349.0,2352.0,20825
2026-02-27 12:05:00+05:30,2349.10009765625,2350.199951171875,2345.699951171875,2350.199951171875,24226
2026-02-27 12:10:00+05:30,2347.10009765625,2349.39990234375,2347.0,2349.39990234375,26425
2026-02-27 12:15:00+05:30,2347.39990234375,2347.39990234375,2343.300048828125,2347.10009765625,23849
2026-02-27 12:20:00+05:30,2348.199951171875,2350.199951171875,2345.60009765625,2347.300048828125,24535
2026-02-27 12:25:00+05:30,2354.300048828125,2357.699951171875,2347.89990234375,2347.89990234375,27501
2026-02-27 12:30:00+05:30,2355.199951171875,2356.199951171875,2351.800048828125,2353.5,13433
2026-02-27 12:35:00+05:30,2357.10009765625,2357.10009765625,2353.0,2355.199951171875,22808
2026-02-27 12:40:00+05:30,2355.0,2358.89990234375,2354.89990234375,2357.10009765625,15476
2026-02-27 12:45:00+05:30,2351.60009765625,2355.5,2350.89990234375,2355.5,25101
2026-02-27 12:50:00+05:30,2355.0,2355.0,2351.60009765625,2352.0,38746
2026-02-27 12:55:00+05:30,2352.699951171875,2355.199951171875,2352.199951171875,2355.0,33817
2026-02-27 13:00:00+05:30,2358.0,2358.300048828125,2352.800048828125,2353.699951171875,29047
2026-02-27 13:05:00+05:30,2361.0,2361.199951171875,2357.89990234375,2358.0,12408
2026-02-27 13:10:00+05:30,2360.89990234375,2361.10009765625,2360.0,2360.10009765625,5603
2026-02-27 13:15:00+05:30,2360.10009765625,2360.800048828125,2356.89990234375,2360.60009765625,9115
2026-02-27 13:20:00+05:30,2360.0,2360.10009765625,2359.89990234375,2360.0,6185
2026-02-27 13:25:00+05:30,2360.300048828125,2360.300048828125,2359.5,2360.10009765625,13770
2026-02-27 13:30:00+05:30,2358.300048828125,2360.199951171875,2357.300048828125,2360.199951171875,7868
2026-02-27 13:35:00+05:30,2358.39990234375,2360.39990234375,2356.60009765625,2357.5,13734
2026-02-27 13:40:00+05:30,2356.699951171875,2360.10009765625,2355.800048828125,2358.199951171875,7700
2026-02-27 13:45:00+05:30,2358.5,2358.699951171875,2356.300048828125,2357.39990234375,9703
2026-02-27 13:50:00+05:30,2357.300048828125,2358.5,2357.0,2358.5,5336
2026-02-27 13:55:00+05:30,2359.300048828125,2359.39990234375,2357.199951171875,2357.5,4941
2026-02-27 14:00:00+05:30,2356.89990234375,2360.5,2356.89990234375,2359.39990234375,16223
2026-02-27 14:05:00+05:30,2358.10009765625,2358.10009765625,2355.0,2356.60009765625,7703
2026-02-27 14:10:00+05:30,2356.39990234375,2359.0,2356.39990234375,2357.89990234375,6141
2026-02-27 14:15:00+05:30,2356.89990234375,2356.89990234375,2356.0,2356.39990234375,7231
2026-02-27 14:20:00+05:30,2356.89990234375,2358.300048828125,2356.10009765625,2356.89990234375,6110
2026-02-27 14:25:00+05:30,2355.10009765625,2357.800048828125,2354.0,2356.89990234375,18123
2026-02-27 14:30:00+05:30,2351.300048828125,2354.10009765625,2351.10009765625,2354.0,16142
2026-02-27 14:35:00+05:30,2352.300048828125,2354.0,2351.10009765625,2351.300048828125,32449
2026-02-27 14:40:00+05:30,2349.39990234375,2352.300048828125,2348.10009765625,2352.300048828125,15563
2026-02-27 14:45:00+05:30,2346.300048828125,2349.39990234375,2342.89990234375,2349.39990234375,19068
2026-02-27 14:50:00+05:30,2348.800048828125,2348.800048828125,2345.5,2347.199951171875,11299
2026-02-27 14:55:00+05:30,2349.699951171875,2349.699951171875,2346.0,2347.800048828125,13856
2026-02-27 15:00:00+05:30,2334.800048828125,2349.10009765625,2334.800048828125,2349.10009765625,349340
2026-02-27 15:05:00+05:30,2341.300048828125,2341.5,2331.10009765625,2334.89990234375,362820
2026-02-27 15:10:00+05:30,2339.5,2343.60009765625,2338.199951171875,2340.89990234375,325212
2026-02-27 15:15:00+05:30,2335.699951171875,2342.10009765625,2334.300048828125,2339.60009765625,347633
2026-02-27 15:20:00+05:30,2335.5,2338.5,2334.300048828125,2335.5,361680
2026-02-27 15:25:00+05:30,2338.10009765625,2344.39990234375,2335.300048828125,2335.300048828125,216552
2026-03-02 09:20:00+05:30,2315.5,2322.89990234375,2312.0,2320.60009765625,57168
2026-03-02 09:25:00+05:30,2314.39990234375,2319.89990234375,2311.10009765625,2315.60009765625,47063
2026-03-02 09:30:00+05:30,2320.60009765625,2321.10009765625,2313.800048828125,2313.800048828125,29605
2026-03-02 09:35:00+05:30,2320.60009765625,2322.0,2316.39990234375,2322.0,18785
2026-03-02 09:40:00+05:30,2318.5,2324.0,2318.5,2320.60009765625,26239
2026-03-02 09:45:00+05:30,2320.699951171875,2326.699951171875,2317.699951171875,2318.5,16080
2026-03-02 09:50:00+05:30,2313.199951171875,2321.60009765625,2313.199951171875,2320.60009765625,15428
2026-03-02 09:55:00+05:30,2319.199951171875,2320.0,2312.199951171875,2312.800048828125,13683
2026-03-02 10:00:00+05:30,2314.60009765625,2320.89990234375,2313.800048828125,2320.0,12455
2026-03-02 10:05:00+05:30,2316.300048828125,2318.39990234375,2313.699951171875,2315.699951171875,8228
2026-03-02 10:10:00+05:30,2315.300048828125,2319.0,2314.800048828125,2316.699951171875,14649
2026-03-02 10:15:00+05:30,2320.199951171875,2321.300048828125,2314.39990234375,2315.300048828125,105620
2026-03-02 10:20:00+05:30,2311.10009765625,2320.300048828125,2309.5,2320.0,39262
2026-03-02 10:25:00+05:30,2305.199951171875,2311.300048828125,2305.0,2311.300048828125,16201
2026-03-02 10:30:00+05:30,2305.5,2306.0,2303.699951171875,2305.10009765625,11420
2026-03-02 10:35:00+05:30,2307.10009765625,2307.60009765625,2301.39990234375,2304.39990234375,23068
2026-03-02 10:40:00+05:30,2303.800048828125,2307.5,2302.199951171875,2306.5,17390
2026-03-02 10:45:00+05:30,2302.10009765625,2304.10009765625,2302.0,2302.800048828125,10527
2026-03-02 10:50:00+05:30,2305.0,2305.60009765625,2300.39990234375,2302.10009765625,19149
2026-03-02 10:55:00+05:30,2306.699951171875,2308.0,2304.199951171875,2305.0,40183
2026-03-02 11:00:00+05:30,2303.39990234375,2307.5,2303.39990234375,2307.10009765625,8368
2026-03-02 11:05:00+05:30,2305.60009765625,2305.60009765625,2300.5,2303.89990234375,12718
2026-03-02 11:10:00+05:30,2304.0,2308.699951171875,2302.800048828125,2305.60009765625,40872
2026-03-02 11:15:00+05:30,2307.199951171875,2308.89990234375,2302.300048828125,2304.0,40855
2026-03-02 11:20:00+05:30,2309.300048828125,2310.800048828125,2305.0,2305.60009765625,10833
2026-03-02 11:25:00+05:30,2307.0,2310.699951171875,2305.39990234375,2309.10009765625,7384
2026-03-02 11:30:00+05:30,2313.10009765625,2313.5,2306.199951171875,2307.0,9921
2026-03-02 11:35:00+05:30,2312.699951171875,2315.300048828125,2309.699951171875,2312.699951171875,37795
2026-03-02 11:40:00+05:30,2312.39990234375,2315.60009765625,2311.0,2312.699951171875,40575
2026-03-02 11:45:00+05:30,2313.10009765625,2315.0,2309.60009765625,2312.39990234375,50795
2026-03-02 11:50:00+05:30,2312.5,2314.199951171875,2308.199951171875,2313.10009765625,75478
2026-03-02 11:55:00+05:30,2311.300048828125,2315.5,2311.0,2312.5,41322
2026-03-02 12:00:00+05:30,2312.60009765625,2313.699951171875,2308.300048828125,2311.39990234375,18137
2026-03-02 12:05:00+05:30,2313.0,2313.39990234375,2310.60009765625,2312.60009765625,13445
2026-03-02 12:10:00+05:30,2312.39990234375,2314.10009765625,2311.199951171875,2313.0,11287
2026-03-02 12:15:00+05:30,2311.0,2313.5,2307.0,2311.800048828125,21807
2026-03-02 12:20:00+05:30,2304.300048828125,2311.60009765625,2304.300048828125,2310.800048828125,9386
2026-03-02 12:25:00+05:30,2305.800048828125,2307.10009765625,2301.199951171875,2304.10009765625,15870
2026-03-02 12:30:00+05:30,2302.199951171875,2306.5,2302.0,2305.800048828125,11418
2026-03-02 12:35:00+05:30,2299.800048828125,2303.89990234375,2299.0,2302.199951171875,18991
2026-03-02 12:40:00+05:30,2300.0,2303.0,2298.89990234375,2299.800048828125,19171
2026-03-02 12:45:00+05:30,2300.199951171875,2302.39990234375,2298.89990234375,2299.39990234375,13798
2026-03-02 12:50:00+05:30,2301.10009765625,2303.300048828125,2299.199951171875,2299.5,14243
2026-03-02 12:55:00+05:30,2301.5,2302.699951171875,2299.39990234375,2301.10009765625,13877
2026-03-02 13:00:00+05:30,2301.199951171875,2302.800048828125,2299.5,2301.5,9645
2026-03-02 13:05:00+05:30,2301.60009765625,2303.300048828125,2300.0,2300.39990234375,6809
2026-03-02 13:10:00+05:30,2299.699951171875,2303.699951171875,2299.39990234375,2301.60009765625,12756
2026-03-02 13:15:00+05:30,2298.0,2302.800048828125,2298.0,2301.10009765625,12988
2026-03-02 13:20:00+05:30,2300.89990234375,2300.89990234375,2297.10009765625,2298.300048828125,8366
2026-03-02 13:25:00+05:30,2292.39990234375,2300.89990234375,2291.699951171875,2300.89990234375,16240
2026-03-02 13:30:00+05:30,2295.10009765625,2297.0,2291.0,2292.39990234375,11817
2026-03-02 13:35:00+05:30,2294.300048828125,2296.0,2294.0,2295.10009765625,10034
2026-03-02 13:40:00+05:30,2295.300048828125,2296.0,2293.60009765625,2295.0,12060
2026-03-02 13:45:00+05:30,2295.10009765625,2295.60009765625,2293.5,2294.5,15124
2026-03-02 13:50:00+05:30,2295.10009765625,2295.300048828125,2293.39990234375,2295.0,15797
2026-03-02 13:55:00+05:30,2294.10009765625,2295.10009765625,2290.699951171875,2295.0,80097
2026-03-02 14:00:00+05:30,2295.89990234375,2302.699951171875,2292.199951171875,2294.10009765625,56471
2026-03-02 14:05:00+05:30,2302.699951171875,2304.800048828125,2295.800048828125,2295.800048828125,31103
2026-03-02 14:10:00+05:30,2313.60009765625,2314.0,2302.300048828125,2303.5,19353
2026-03-02 14:15:00+05:30,2311.60009765625,2315.699951171875,2309.5,2315.699951171875,16028
2026-03-02 14:20:00+05:30,2311.5,2314.5,2310.699951171875,2311.60009765625,20292
2026-03-02 14:25:00+05:30,2311.0,2313.0,2310.5,2311.89990234375,87914
2026-03-02 14:30:00+05:30,2314.0,2314.60009765625,2311.199951171875,2311.800048828125,23946
2026-03-02 14:35:00+05:30,2324.300048828125,2326.699951171875,2318.60009765625,2318.60009765625,44148
2026-03-02 14:40:00+05:30,2325.39990234375,2329.89990234375,2324.199951171875,2325.60009765625,37538
2026-03-02 14:45:00+05:30,2322.0,2326.10009765625,2320.300048828125,2325.699951171875,19815
2026-03-02 14:50:00+05:30,2320.5,2323.0,2319.300048828125,2321.89990234375,11538
2026-03-02 14:55:00+05:30,2315.699951171875,2320.89990234375,2315.699951171875,2320.300048828125,8397
2026-03-02 15:00:00+05:30,2319.39990234375,2320.699951171875,2314.199951171875,2316.199951171875,37868
2026-03-02 15:05:00+05:30,2321.300048828125,2321.89990234375,2317.199951171875,2319.39990234375,79697
2026-03-02 15:10:00+05:30,2324.60009765625,2324.89990234375,2321.300048828125,2321.5,68195
2026-03-02 15:15:00+05:30,2319.300048828125,2324.5,2318.89990234375,2324.5,55028
2026-03-02 15:20:00+05:30,2318.800048828125,2323.199951171875,2317.199951171875,2320.10009765625,117140
2026-03-02 15:25:00+05:30,2320.60009765625,2321.60009765625,2317.0,2319.0,74787
2026-03-04 09:20:00+05:30,2285.300048828125,2294.60009765625,2285.199951171875,2292.89990234375,31034
2026-03-04 09:25:00+05:30,2290.5,2290.5,2285.300048828125,2285.300048828125,19221
2026-03-04 09:30:00+05:30,2302.699951171875,2303.199951171875,2290.800048828125,2291.10009765625,28895
2026-03-04 09:35:00+05:30,2300.0,2302.699951171875,2298.10009765625,2302.699951171875,19377
2026-03-04 09:40:00+05:30,2308.300048828125,2311.0,2300.10009765625,2300.10009765625,19081
2026-03-04 09:45:00+05:30,2301.10009765625,2309.0,2299.800048828125,2307.699951171875,19420
2026-03-04 09:50:00+05:30,2300.39990234375,2302.60009765625,2300.0,2301.10009765625,12580
2026-03-04 09:55:00+05:30,2300.5,2301.5,2297.5,2301.199951171875,16070
2026-03-04 10:00:00+05:30,2296.10009765625,2300.300048828125,2294.10009765625,2300.199951171875,18383
2026-03-04 10:05:00+05:30,2297.39990234375,2298.800048828125,2296.5,2296.60009765625,15230
2026-03-04 10:10:00+05:30,2298.39990234375,2301.800048828125,2295.199951171875,2297.39990234375,238085
2026-03-04 10:15:00+05:30,2300.10009765625,2302.800048828125,2299.800048828125,2299.800048828125,18546
2026-03-04 10:20:00+05:30,2301.699951171875,2304.300048828125,2299.300048828125,2300.10009765625,29504
2026-03-04 10:25:00+05:30,2303.10009765625,2310.0,2303.0,2303.60009765625,25032
2026-03-04 10:30:00+05:30,2300.699951171875,2303.699951171875,2300.5,2303.699951171875,22033
2026-03-04 10:35:00+05:30,2300.199951171875,2302.89990234375,2299.60009765625,2301.10009765625,24163
2026-03-04 10:40:00+05:30,2300.0,2301.10009765625,2299.199951171875,2300.199951171875,73462
2026-03-04 10:45:00+05:30,2300.39990234375,2306.0,2297.199951171875,2300.0,119487
2026-03-04 10:50:00+05:30,2299.10009765625,2302.699951171875,2297.60009765625,2300.89990234375,44550
2026-03-04 10:55:00+05:30,2300.5,2300.60009765625,2299.0,2299.10009765625,22902
2026-03-04 11:00:00+05:30,2303.89990234375,2305.0,2299.39990234375,2300.300048828125,37898
2026-03-04 11:05:00+05:30,2307.800048828125,2308.800048828125,2303.699951171875,2304.0,28944
2026-03-04 11:10:00+05:30,2300.39990234375,2307.39990234375,2300.39990234375,2307.39990234375,17978
2026-03-04 11:15:00+05:30,2300.10009765625,2300.800048828125,2297.5,2300.5,28824
2026-03-04 11:20:00+05:30,2300.39990234375,2304.199951171875,2298.5,2300.10009765625,52256
2026-03-04 11:25:00+05:30,2299.300048828125,2300.699951171875,2298.199951171875,2299.800048828125,17073
2026-03-04 11:30:00+05:30,2299.199951171875,2301.0,2298.39990234375,2299.5,20723
2026-03-04 11:35:00+05:30,2299.300048828125,2300.5,2297.800048828125,2300.10009765625,22118
2026-03-04 11:40:00+05:30,2299.199951171875,2301.300048828125,2298.699951171875,2299.300048828125,24453
2026-03-04 11:45:00+05:30,2300.10009765625,2302.0,2299.300048828125,2300.10009765625,11716
2026-03-04 11:50:00+05:30,2299.0,2305.699951171875,2299.0,2300.10009765625,12617
2026-03-04 11:55:00+05:30,2300.800048828125,2301.800048828125,2298.699951171875,2299.199951171875,11323
2026-03-04 12:00:00+05:30,2303.0,2304.89990234375,2300.89990234375,2301.199951171875,7740
2026-03-04 12:05:00+05:30,2303.800048828125,2303.800048828125,2301.300048828125,2303.0,6826
2026-03-04 12:10:00+05:30,2302.60009765625,2304.60009765625,2301.89990234375,2303.800048828125,8446
2026-03-04 12:15:00+05:30,2301.0,2302.89990234375,2299.60009765625,2302.699951171875,17719
2026-03-04 12:20:00+05:30,2297.699951171875,2301.10009765625,2296.89990234375,2300.800048828125,20220
2026-03-04 12:25:00+05:30,2284.300048828125,2298.10009765625,2278.89990234375,2297.699951171875,54779
2026-03-04 12:30:00+05:30,2280.60009765625,2290.5,2280.0,2285.5,25072
2026-03-04 12:35:00+05:30,2281.10009765625,2283.300048828125,2280.10009765625,2280.800048828125,11365
2026-03-04 12:40:00+05:30,2281.699951171875,2283.10009765625,2280.5,2281.10009765625,10215
2026-03-04 12:45:00+05:30,2281.0,2283.60009765625,2280.0,2281.699951171875,12982
2026-03-04 12:50:00+05:30,2284.10009765625,2284.300048828125,2280.89990234375,2280.89990234375,7061
2026-03-04 12:55:00+05:30,2283.300048828125,2284.89990234375,2282.39990234375,2284.10009765625,5894
2026-03-04 13:00:00+05:30,2281.39990234375,2283.199951171875,2280.89990234375,2283.0,5938
2026-03-04 13:05:00+05:30,2282.89990234375,2284.10009765625,2281.0,2281.39990234375,7311
2026-03-04 13:10:00+05:30,2281.800048828125,2282.89990234375,2280.800048828125,2282.89990234375,7801
2026-03-04 13:15:00+05:30,2280.5,2281.89990234375,2278.10009765625,2281.800048828125,24520
2026-03-04 13:20:00+05:30,2281.10009765625,2281.89990234375,2278.699951171875,2280.300048828125,15577
2026-03-04 13:25:00+05:30,2280.89990234375,2282.60009765625,2280.0,2280.800048828125,11050
2026-03-04 13:30:00+05:30,2280.60009765625,2284.699951171875,2279.800048828125,2280.89990234375,26608
2026-03-04 13:35:00+05:30,2282.89990234375,2282.89990234375,2280.199951171875,2280.60009765625,6215
2026-03-04 13:40:00+05:30,2282.5,2283.5,2280.60009765625,2282.89990234375,7337
2026-03-04 13:45:00+05:30,2281.39990234375,2282.199951171875,2280.300048828125,2282.0,5994
2026-03-04 13:50:00+05:30,2281.60009765625,2282.800048828125,2280.699951171875,2281.800048828125,9572
2026-03-04 13:55:00+05:30,2281.5,2282.39990234375,2279.60009765625,2281.60009765625,16938
2026-03-04 14:00:00+05:30,2273.300048828125,2282.5,2271.300048828125,2282.0,33921
2026-03-04 14:05:00+05:30,2275.5,2276.300048828125,2273.199951171875,2273.300048828125,28270
2026-03-04 14:10:00+05:30,2283.800048828125,2284.0,2275.800048828125,2275.89990234375,11406
2026-03-04 14:15:00+05:30,2283.300048828125,2284.60009765625,2280.0,2284.0,13585
2026-03-04 14:20:00+05:30,2281.60009765625,2283.199951171875,2281.60009765625,2283.10009765625,11892
2026-03-04 14:25:00+05:30,2281.800048828125,2283.300048828125,2281.0,2282.0,41615
2026-03-04 14:30:00+05:30,2283.699951171875,2284.800048828125,2280.800048828125,2281.60009765625,46803
2026-03-04 14:35:00+05:30,2284.5,2284.60009765625,2282.0,2283.699951171875,13607
2026-03-04 14:40:00+05:30,2285.0,2287.300048828125,2283.39990234375,2284.5,16387
2026-03-04 14:45:00+05:30,2285.199951171875,2286.699951171875,2284.89990234375,2285.10009765625,10892
2026-03-04 14:50:00+05:30,2283.89990234375,2285.5,2283.699951171875,2285.0,10790
2026-03-04 14:55:00+05:30,2283.699951171875,2284.5,2281.5,2284.0,112339
2026-03-04 15:00:00+05:30,2269.10009765625,2284.0,2268.60009765625,2282.800048828125,113035
2026-03-04 15:05:00+05:30,2260.89990234375,2269.199951171875,2260.300048828125,2269.199951171875,98236
2026-03-04 15:10:00+05:30,2260.0,2261.89990234375,2258.89990234375,2260.800048828125,112044
2026-03-04 15:15:00+05:30,2260.10009765625,2261.10009765625,2259.0,2260.0,101194
2026-03-04 15:20:00+05:30,2255.699951171875,2260.0,2252.89990234375,2260.0,179854
2026-03-04 15:25:00+05:30,2261.300048828125,2262.0,2252.60009765625,2254.699951171875,109613
2026-03-05 09:20:00+05:30,2251.39990234375,2260.39990234375,2250.89990234375,2259.300048828125,27727
2026-03-05 09:25:00+05:30,2252.0,2254.10009765625,2248.199951171875,2251.199951171875,20749
2026-03-05 09:30:00+05:30,2247.800048828125,2252.300048828125,2247.0,2251.0,31403
2026-03-05 09:35:00+05:30,2243.0,2249.0,2242.800048828125,2247.800048828125,22646
2026-03-05 09:40:00+05:30,2244.0,2246.60009765625,2240.5,2242.800048828125,14709
2026-03-05 09:45:00+05:30,2241.60009765625,2246.5,2240.39990234375,2244.800048828125,13659
2026-03-05 09:50:00+05:30,2250.0,2250.0,2240.60009765625,2241.60009765625,29856
2026-03-05 09:55:00+05:30,2249.699951171875,2250.0,2246.199951171875,2249.39990234375,10340
2026-03-05 10:00:00+05:30,2247.199951171875,2250.89990234375,2247.0,2249.60009765625,5120
2026-03-05 10:05:00+05:30,2238.5,2248.39990234375,2238.5,2247.300048828125,19801
2026-03-05 10:10:00+05:30,2232.199951171875,2239.0,2230.60009765625,2239.0,29380
2026-03-05 10:15:00+05:30,2235.300048828125,2236.10009765625,2232.199951171875,2232.300048828125,61651
2026-03-05 10:20:00+05:30,2236.89990234375,2237.39990234375,2233.300048828125,2235.699951171875,101487
2026-03-05 10:25:00+05:30,2232.10009765625,2237.39990234375,2231.699951171875,2237.39990234375,56604
2026-03-05 10:30:00+05:30,2231.89990234375,2234.800048828125,2231.0,2232.39990234375,8982
2026-03-05 10:35:00+05:30,2234.800048828125,2235.0,2230.39990234375,2231.60009765625,12415
2026-03-05 10:40:00+05:30,2239.0,2240.0,2233.60009765625,2233.89990234375,9320
2026-03-05 10:45:00+05:30,2238.39990234375,2243.199951171875,2238.39990234375,2239.0,13831
2026-03-05 10:50:00+05:30,2237.5,2239.0,2236.300048828125,2237.800048828125,6609
2026-03-05 10:55:00+05:30,2240.0,2242.89990234375,2238.0,2238.0,7418
2026-03-05 11:00:00+05:30,2235.300048828125,2241.0,2231.0,2240.89990234375,28331
2026-03-05 11:05:00+05:30,2236.10009765625,2238.0,2233.0,2234.10009765625,14671
2026-03-05 11:10:00+05:30,2235.39990234375,2237.800048828125,2235.39990234375,2237.0,7085
2026-03-05 11:15:00+05:30,2235.0,2237.0,2235.0,2236.10009765625,5923
2026-03-05 11:20:00+05:30,2231.89990234375,2235.5,2230.39990234375,2235.39990234375,6082
2026-03-05 11:25:00+05:30,2231.199951171875,2232.800048828125,2230.0,2232.10009765625,16020
2026-03-05 11:30:00+05:30,2234.699951171875,2235.39990234375,2230.39990234375,2231.699951171875,6544
2026-03-05 11:35:00+05:30,2234.89990234375,2237.0,2233.0,2234.0,18716
2026-03-05 11:40:00+05:30,2232.800048828125,2237.5,2232.0,2234.800048828125,45417
2026-03-05 11:45:00+05:30,2234.699951171875,2236.39990234375,2232.0,2232.800048828125,6276
2026-03-05 11:50:00+05:30,2236.0,2236.300048828125,2234.199951171875,2234.699951171875,5648
2026-03-05 11:55:00+05:30,2235.0,2237.10009765625,2232.89990234375,2236.39990234375,33780
2026-03-05 12:00:00+05:30,2235.10009765625,2238.60009765625,2233.800048828125,2235.0,33200
2026-03-05 12:05:00+05:30,2243.0,2244.199951171875,2234.0,2235.89990234375,35911
2026-03-05 12:10:00+05:30,2249.199951171875,2249.199951171875,2242.5,2243.300048828125,31225
2026-03-05 12:15:00+05:30,2249.300048828125,2250.699951171875,2247.300048828125,2249.10009765625,24225
2026-03-05 12:20:00+05:30,2245.800048828125,2249.5,2245.699951171875,2249.5,15370
2026-03-05 12:25:00+05:30,2246.10009765625,2246.60009765625,2244.199951171875,2245.699951171875,7382
2026-03-05 12:30:00+05:30,2246.60009765625,2247.800048828125,2245.800048828125,2246.60009765625,4193
2026-03-05 12:35:00+05:30,2244.5,2247.300048828125,2243.800048828125,2247.300048828125,11208
2026-03-05 12:40:00+05:30,2243.39990234375,2244.5,2243.199951171875,2244.0,3887
2026-03-05 12:45:00+05:30,2241.39990234375,2243.800048828125,2240.199951171875,2243.39990234375,6656
2026-03-05 12:50:00+05:30,2241.5,2242.199951171875,2241.0,2241.39990234375,6049
2026-03-05 12:55:00+05:30,2241.10009765625,2242.39990234375,2240.0,2241.10009765625,12155
2026-03-05 13:00:00+05:30,2238.300048828125,2243.10009765625,2237.89990234375,2241.39990234375,7166
2026-03-05 13:05:00+05:30,2238.89990234375,2239.300048828125,2237.60009765625,2237.699951171875,5266
2026-03-05 13:10:00+05:30,2238.300048828125,2240.0,2237.60009765625,2238.699951171875,6299
2026-03-05 13:15:00+05:30,2237.800048828125,2239.0,2237.10009765625,2238.300048828125,5675
2026-03-05 13:20:00+05:30,2237.5,2240.300048828125,2236.5,2238.300048828125,13895
2026-03-05 13:25:00+05:30,2237.0,2237.699951171875,2235.0,2236.800048828125,8765
2026-03-05 13:30:00+05:30,2242.199951171875,2245.0,2237.699951171875,2237.699951171875,9016
2026-03-05 13:35:00+05:30,2238.0,2242.5,2237.699951171875,2242.199951171875,6095
2026-03-05 13:40:00+05:30,2248.39990234375,2248.60009765625,2237.800048828125,2238.89990234375,15693
2026-03-05 13:45:00+05:30,2246.199951171875,2248.60009765625,2245.199951171875,2248.0,8364
2026-03-05 13:50:00+05:30,2243.60009765625,2245.89990234375,2243.0,2245.5,4966
2026-03-05 13:55:00+05:30,2236.60009765625,2243.800048828125,2236.10009765625,2243.800048828125,15218
2026-03-05 14:00:00+05:30,2237.300048828125,2237.60009765625,2235.199951171875,2236.800048828125,10413
2026-03-05 14:05:00+05:30,2235.0,2238.699951171875,2235.0,2237.10009765625,8266
2026-03-05 14:10:00+05:30,2235.10009765625,2236.10009765625,2234.89990234375,2235.0,8444
2026-03-05 14:15:00+05:30,2235.0,2236.10009765625,2234.5,2235.0,27312
2026-03-05 14:20:00+05:30,2237.0,2237.60009765625,2232.0,2235.0,44291
2026-03-05 14:25:00+05:30,2237.5,2237.800048828125,2235.10009765625,2237.0,7735
2026-03-05 14:30:00+05:30,2239.800048828125,2240.699951171875,2236.89990234375,2237.10009765625,7849
2026-03-05 14:35:00+05:30,2244.300048828125,2246.300048828125,2239.300048828125,2239.300048828125,15262
2026-03-05 14:40:00+05:30,2251.800048828125,2254.0,2244.199951171875,2244.89990234375,53940
2026-03-05 14:45:00+05:30,2252.5,2252.5,2249.300048828125,2251.89990234375,18917
2026-03-05 14:50:00+05:30,2255.300048828125,2256.60009765625,2250.60009765625,2252.5,48940
2026-03-05 14:55:00+05:30,2259.800048828125,2259.89990234375,2252.39990234375,2255.10009765625,30068
2026-03-05 15:00:00+05:30,2254.300048828125,2259.60009765625,2252.0,2259.60009765625,63406
2026-03-05 15:05:00+05:30,2260.300048828125,2260.60009765625,2253.5,2254.0,66882
2026-03-05 15:10:00+05:30,2252.5,2261.5,2252.5,2260.300048828125,61016
2026-03-05 15:15:00+05:30,2252.60009765625,2256.300048828125,2251.699951171875,2253.5,54881
2026-03-05 15:20:00+05:30,2252.89990234375,2254.699951171875,2249.10009765625,2252.800048828125,79239
2026-03-05 15:25:00+05:30,2255.0,2258.5,2251.0,2252.0,67045
