Datetime,Open,High,Low,Close,Volume
2025-12-11 09:20:00+05:30,831.0999755859375,834.4500122070312,830.2000122070312,833.2999877929688,59350
2025-12-11 09:25:00+05:30,833.3499755859375,834.4500122070312,832.7000122070312,833.4500122070312,51422
2025-12-11 09:30:00+05:30,834.3499755859375,835.4000244140625,833.2000122070312,834.0999755859375,64550
2025-12-11 09:35:00+05:30,834.1500244140625,834.9500122070312,832.5999755859375,834.4500122070312,98360
2025-12-11 09:40:00+05:30,834.9000244140625,834.9500122070312,831.3499755859375,831.9500122070312,54950
2025-12-11 09:45:00+05:30,831.9000244140625,831.9000244140625,827.6500244140625,831.1500244140625,46841
2025-12-11 09:50:00+05:30,829.5,832.9500122070312,829.0,832.25,70682
2025-12-11 09:55:00+05:30,832.25,833.25,831.2000122070312,831.9500122070312,21204
2025-12-11 10:00:00+05:30,831.9500122070312,832.9000244140625,831.4500122070312,832.5999755859375,28890
2025-12-11 10:05:00+05:30,832.5499877929688,835.4500122070312,832.3499755859375,835.2000122070312,49552
2025-12-11 10:10:00+05:30,835.3499755859375,838.5499877929688,834.5499877929688,838.25,85764
2025-12-11 10:15:00+05:30,838.2000122070312,839.5999755859375,838.2000122070312,839.4000244140625,53355
2025-12-11 10:20:00+05:30,839.0499877929688,840.3499755859375,837.2000122070312,839.4000244140625,45468
2025-12-11 10:25:00+05:30,839.5999755859375,841.7999877929688,839.0,840.75,52205
2025-12-11 10:30:00+05:30,840.75,841.6500244140625,840.2999877929688,840.6500244140625,38817
2025-12-11 10:35:00+05:30,840.7000122070312,840.8499755859375,839.0,839.3499755859375,42962
2025-12-11 10:40:00+05:30,839.5,839.5,834.7999877929688,835.4500122070312,60216
2025-12-11 10:45:00+05:30,835.6500244140625,835.7999877929688,834.0999755859375,834.3499755859375,44307
2025-12-11 10:50:00+05:30,834.4500122070312,835.9000244140625,834.0999755859375,834.3499755859375,32665
2025-12-11 10:55:00+05:30,834.4000244140625,835.2000122070312,832.5999755859375,833.2000122070312,22865
2025-12-11 11:00:00+05:30,833.2000122070312,833.2999877929688,832.2000122070312,832.2000122070312,13606
2025-12-11 11:05:00+05:30,831.6500244140625,833.2999877929688,831.6500244140625,833.2999877929688,29651
2025-12-11 11:10:00+05:30,833.2999877929688,833.5499877929688,833.0999755859375,833.2000122070312,8936
2025-12-11 11:15:00+05:30,833.0999755859375,835.5,833.0999755859375,835.3499755859375,46876
2025-12-11 11:20:00+05:30,835.1500244140625,836.8499755859375,835.1500244140625,836.5,19989
2025-12-11 11:25:00+05:30,836.7000122070312,838.3499755859375,836.5,837.0,21084
2025-12-11 11:30:00+05:30,837.0999755859375,838.8499755859375,836.8499755859375,838.7999877929688,58558
2025-12-11 11:35:00+05:30,838.7999877929688,838.8499755859375,836.6500244140625,838.1500244140625,36341
2025-12-11 11:40:00+05:30,838.2999877929688,838.4000244140625,836.5499877929688,836.6500244140625,20834
2025-12-11 11:45:00+05:30,836.7000122070312,836.7000122070312,836.0,836.3499755859375,7487
2025-12-11 11:50:00+05:30,836.25,836.9500122070312,835.9500122070312,836.9000244140625,18051
2025-12-11 11:55:00+05:30,836.8499755859375,836.8499755859375,836.1500244140625,836.3499755859375,12761
2025-12-11 12:00:00+05:30,836.2999877929688,841.5999755859375,836.2999877929688,841.3499755859375,32144
2025-12-11 12:05:00+05:30,841.3499755859375,842.7000122070312,840.5499877929688,841.0,42151
2025-12-11 12:10:00+05:30,841.0499877929688,841.9500122070312,840.7000122070312,841.5,19267
2025-12-11 12:15:00+05:30,841.5,842.6500244140625,841.25,841.3499755859375,26472
2025-12-11 12:20:00+05:30,841.3499755859375,842.0,840.3499755859375,841.0,30829
2025-12-11 12:25:00+05:30,840.9000244140625,841.3499755859375,840.0,841.0,33516
2025-12-11 12:30:00+05:30,841.0,841.5999755859375,840.2000122070312,840.2000122070312,17766
2025-12-11 12:35:00+05:30,840.2999877929688,840.3499755859375,839.0499877929688,839.7000122070312,36262
2025-12-11 12:40:00+05:30,839.7000122070312,841.4500122070312,839.7000122070312,841.0499877929688,19129
2025-12-11 12:45:00+05:30,841.1500244140625,841.5999755859375,840.4000244140625,840.75,27199
2025-12-11 12:50:00+05:30,840.9500122070312,841.0,840.0499877929688,840.9500122070312,20076
2025-12-11 12:55:00+05:30,840.9500122070312,840.9500122070312,838.5999755859375,838.5999755859375,6544
2025-12-11 13:00:00+05:30,838.5999755859375,839.4000244140625,838.25,838.25,31160
2025-12-11 13:05:00+05:30,838.5,838.5499877929688,836.6500244140625,837.1500244140625,65207
2025-12-11 13:10:00+05:30,837.1500244140625,837.4000244140625,834.25,835.1500244140625,82143
2025-12-11 13:15:00+05:30,835.1500244140625,836.7999877929688,834.2999877929688,836.4500122070312,30533
2025-12-11 13:20:00+05:30,836.5999755859375,837.2000122070312,835.0,836.3499755859375,30104
2025-12-11 13:25:00+05:30,836.2999877929688,836.5499877929688,835.4000244140625,835.9500122070312,14556
2025-12-11 13:30:00+05:30,835.9000244140625,836.9000244140625,835.6500244140625,836.9000244140625,13669
2025-12-11 13:35:00+05:30,836.9000244140625,837.3499755859375,835.4000244140625,835.9000244140625,18818
2025-12-11 13:40:00+05:30,835.9000244140625,836.4000244140625,835.2000122070312,835.75,17553
2025-12-11 13:45:00+05:30,835.75,837.0,835.5999755859375,836.75,20853
2025-12-11 13:50:00+05:30,836.75,837.25,836.0,836.25,13593
2025-12-11 13:55:00+05:30,836.25,836.9500122070312,835.7999877929688,835.7999877929688,23342
2025-12-11 14:00:00+05:30,835.75,835.75,833.7999877929688,833.7999877929688,11146
2025-12-11 14:05:00+05:30,834.0499877929688,835.7000122070312,833.5999755859375,835.5999755859375,38003
2025-12-11 14:10:00+05:30,835.2999877929688,836.2999877929688,834.9500122070312,835.25,12215
2025-12-11 14:15:00+05:30,835.25,836.5999755859375,835.0999755859375,836.2999877929688,23560
2025-12-11 14:20:00+05:30,836.2999877929688,837.4500122070312,836.1500244140625,836.25,20736
2025-12-11 14:25:00+05:30,836.25,837.6500244140625,836.25,836.4500122070312,28341
2025-12-11 14:30:00+05:30,836.3499755859375,836.4500122070312,835.0999755859375,835.0999755859375,20899
2025-12-11 14:35:00+05:30,835.0999755859375,835.1500244140625,834.0,834.0,36229
2025-12-11 14:40:00+05:30,834.0499877929688,834.0499877929688,832.9000244140625,833.1500244140625,46761
2025-12-11 14:45:00+05:30,833.25,833.8499755859375,832.7000122070312,832.7000122070312,31467
2025-12-11 14:50:00+05:30,832.7000122070312,833.5499877929688,832.5,832.9000244140625,50247
2025-12-11 14:55:00+05:30,833.0,834.2999877929688,832.7000122070312,833.7999877929688,37646
2025-12-11 15:00:00+05:30,833.7999877929688,835.5,833.7999877929688,834.9000244140625,63671
2025-12-11 15:05:00+05:30,834.9500122070312,835.4500122070312,834.5499877929688,835.1500244140625,40203
2025-12-11 15:10:00+05:30,835.2000122070312,836.0,835.2000122070312,835.9000244140625,46940
2025-12-11 15:15:00+05:30,835.9000244140625,836.5,835.5999755859375,836.5,58665
2025-12-11 15:20:00+05:30,836.4500122070312,836.5,835.3499755859375,836.2000122070312,86471
2025-12-11 15:25:00+05:30,836.2000122070312,837.25,833.9500122070312,833.9500122070312,76349
2025-12-12 09:20:00+05:30,840.0,841.7000122070312,840.0,841.3499755859375,44042
2025-12-12 09:25:00+05:30,841.0999755859375,843.5499877929688,840.4500122070312,843.5499877929688,35708
2025-12-12 09:30:00+05:30,843.2999877929688,850.2999877929688,843.2999877929688,850.25,113432
2025-12-12 09:35:00+05:30,850.0999755859375,851.0,846.1500244140625,846.5,86761
2025-12-12 09:40:00+05:30,846.5,850.0,846.5,849.0,53463
2025-12-12 09:45:00+05:30,848.9000244140625,850.9000244140625,848.9000244140625,849.9000244140625,58920
2025-12-12 09:50:00+05:30,850.0,851.2000122070312,849.2000122070312,850.2999877929688,73918
2025-12-12 09:55:00+05:30,850.2999877929688,850.2999877929688,848.0499877929688,848.9000244140625,47088
2025-12-12 10:00:00+05:30,848.4000244140625,850.7999877929688,848.0,849.0,70946
2025-12-12 10:05:00+05:30,849.2000122070312,849.3499755859375,848.2000122070312,848.7999877929688,30253
2025-12-12 10:10:00+05:30,848.7999877929688,848.9500122070312,847.25,847.7999877929688,34056
2025-12-12 10:15:00+05:30,848.25,848.9500122070312,846.9000244140625,847.5,47816
2025-12-12 10:20:00+05:30,847.2000122070312,847.75,843.7000122070312,844.25,50354
2025-12-12 10:25:00+05:30,844.25,844.2999877929688,842.7000122070312,844.0,33200
2025-12-12 10:30:00+05:30,843.5,845.6500244140625,843.4500122070312,845.5999755859375,21876
2025-12-12 10:35:00+05:30,845.5999755859375,845.5999755859375,842.2000122070312,842.3499755859375,19009
2025-12-12 10:40:00+05:30,842.2000122070312,843.1500244140625,842.0499877929688,842.7999877929688,18122
2025-12-12 10:45:00+05:30,842.6500244140625,844.75,842.4500122070312,842.8499755859375,34312
2025-12-12 10:50:00+05:30,842.75,843.0,841.5999755859375,841.9000244140625,50695
2025-12-12 10:55:00+05:30,841.9000244140625,842.5,840.2999877929688,840.4000244140625,34555
2025-12-12 11:00:00+05:30,840.4000244140625,841.3499755859375,840.4000244140625,840.9000244140625,33776
2025-12-12 11:05:00+05:30,840.9000244140625,840.9000244140625,840.0,840.5499877929688,44909
2025-12-12 11:10:00+05:30,840.5499877929688,841.2000122070312,840.0,840.0,37159
2025-12-12 11:15:00+05:30,840.0,840.5999755859375,839.7000122070312,840.2999877929688,56717
2025-12-12 11:20:00+05:30,840.3499755859375,842.8499755859375,840.0499877929688,842.5999755859375,38365
2025-12-12 11:25:00+05:30,842.2000122070312,846.2000122070312,842.2000122070312,843.8499755859375,65245
2025-12-12 11:30:00+05:30,843.8499755859375,844.9000244140625,843.5999755859375,844.4000244140625,32873
2025-12-12 11:35:00+05:30,844.4000244140625,844.8499755859375,843.0,843.0499877929688,40231
2025-12-12 11:40:00+05:30,842.9500122070312,844.1500244140625,842.7999877929688,844.0,33103
2025-12-12 11:45:00+05:30,844.0,844.7999877929688,843.2000122070312,843.2999877929688,30162
2025-12-12 11:50:00+05:30,843.2999877929688,844.5,843.0,844.5,34139
2025-12-12 11:55:00+05:30,844.2999877929688,844.6500244140625,843.0,843.1500244140625,32974
2025-12-12 12:00:00+05:30,843.1500244140625,843.75,841.25,841.3499755859375,33513
2025-12-12 12:05:00+05:30,841.5,841.5,840.0999755859375,840.5499877929688,34600
2025-12-12 12:10:00+05:30,840.5499877929688,840.9000244140625,839.5999755859375,840.7999877929688,46019
2025-12-12 12:15:00+05:30,840.7999877929688,841.4500122070312,840.25,840.3499755859375,39684
2025-12-12 12:20:00+05:30,840.4000244140625,841.5,840.25,841.2000122070312,31528
2025-12-12 12:25:00+05:30,841.3499755859375,842.5999755859375,841.0499877929688,842.0999755859375,34762
2025-12-12 12:30:00+05:30,842.0499877929688,842.5499877929688,841.3499755859375,841.9500122070312,29821
2025-12-12 12:35:00+05:30,842.0,842.5499877929688,840.9500122070312,841.25,37921
2025-12-12 12:40:00+05:30,841.2000122070312,842.0999755859375,840.6500244140625,841.4000244140625,29479
2025-12-12 12:45:00+05:30,841.4000244140625,841.5,840.2999877929688,841.5,27265
2025-12-12 12:50:00+05:30,841.0999755859375,845.4500122070312,840.7000122070312,842.5,54361
2025-12-12 12:55:00+05:30,842.4500122070312,842.7999877929688,841.8499755859375,841.8499755859375,29107
2025-12-12 13:00:00+05:30,841.7999877929688,843.4500122070312,841.7999877929688,842.3499755859375,36356
2025-12-12 13:05:00+05:30,842.3499755859375,843.6500244140625,841.8499755859375,843.1500244140625,39157
2025-12-12 13:10:00+05:30,843.1500244140625,843.8499755859375,842.7999877929688,843.8499755859375,35193
2025-12-12 13:15:00+05:30,843.8499755859375,844.9000244140625,843.2000122070312,843.75,38416
2025-12-12 13:20:00+05:30,844.1500244140625,844.75,843.5499877929688,844.3499755859375,40385
2025-12-12 13:25:00+05:30,844.3499755859375,844.7999877929688,844.0,844.25,40384
2025-12-12 13:30:00+05:30,844.1500244140625,844.5,843.5999755859375,843.9500122070312,31779
2025-12-12 13:35:00+05:30,843.9500122070312,845.25,843.5999755859375,845.25,42618
2025-12-12 13:40:00+05:30,845.2999877929688,846.0999755859375,844.8499755859375,845.1500244140625,43718
2025-12-12 13:45:00+05:30,845.1500244140625,847.7999877929688,844.5,846.3499755859375,54090
2025-12-12 13:50:00+05:30,846.3499755859375,847.75,846.3499755859375,847.3499755859375,66281
2025-12-12 13:55:00+05:30,847.3499755859375,848.5,845.0999755859375,845.0999755859375,45505
2025-12-12 14:00:00+05:30,845.0999755859375,846.9000244140625,845.0999755859375,845.9500122070312,37535
2025-12-12 14:05:00+05:30,845.7999877929688,847.6500244140625,845.3499755859375,847.4000244140625,33408
2025-12-12 14:10:00+05:30,847.5,848.0,846.2000122070312,846.2999877929688,37916
2025-12-12 14:15:00+05:30,846.2999877929688,847.0999755859375,846.1500244140625,846.9500122070312,30861
2025-12-12 14:20:00+05:30,846.9000244140625,847.5,846.5499877929688,847.0999755859375,42859
2025-12-12 14:25:00+05:30,847.0999755859375,847.4000244140625,846.3499755859375,846.5999755859375,30584
2025-12-12 14:30:00+05:30,846.75,847.5,845.2999877929688,845.7999877929688,52219
2025-12-12 14:35:00+05:30,845.7999877929688,846.4500122070312,845.2999877929688,845.5,49963
2025-12-12 14:40:00+05:30,845.9000244140625,847.75,845.0499877929688,847.5,70446
2025-12-12 14:45:00+05:30,847.5,847.9500122070312,846.6500244140625,846.6500244140625,37132
2025-12-12 14:50:00+05:30,846.6500244140625,847.5,846.1500244140625,846.5,56692
2025-12-12 14:55:00+05:30,846.0,846.2999877929688,844.4500122070312,844.4500122070312,59644
2025-12-12 15:00:00+05:30,845.0,846.5,845.0,845.6500244140625,52463
2025-12-12 15:05:00+05:30,845.6500244140625,847.4000244140625,845.4500122070312,846.7999877929688,62973
2025-12-12 15:10:00+05:30,846.7999877929688,847.5,846.2000122070312,846.5,77717
2025-12-12 15:15:00+05:30,846.5,846.9000244140625,845.5999755859375,845.75,106781
2025-12-12 15:20:00+05:30,846.0,846.4500122070312,845.5499877929688,846.0,105094
2025-12-12 15:25:00+05:30,845.7999877929688,846.0,845.2000122070312,845.75,89631
2025-12-15 09:20:00+05:30,842.5499877929688,843.5,841.5999755859375,842.5999755859375,41235
2025-12-15 09:25:00+05:30,842.2000122070312,842.4000244140625,840.8499755859375,841.8499755859375,29058
2025-12-15 09:30:00+05:30,841.5999755859375,841.5999755859375,838.7999877929688,839.2000122070312,43127
2025-12-15 09:35:00+05:30,839.25,841.5,838.1500244140625,839.2999877929688,30067
2025-12-15 09:40:00+05:30,839.2999877929688,840.4500122070312,838.25,838.75,16524
2025-12-15 09:45:00+05:30,838.75,839.0,837.25,837.6500244140625,34358
2025-12-15 09:50:00+05:30,837.8499755859375,838.7999877929688,837.6500244140625,838.5999755859375,17160
2025-12-15 09:55:00+05:30,838.2999877929688,838.3499755859375,836.4000244140625,837.1500244140625,30240
2025-12-15 10:00:00+05:30,837.0499877929688,837.9500122070312,835.7000122070312,837.2999877929688,30900
2025-12-15 10:05:00+05:30,837.5,837.7000122070312,836.0,837.5,38758
2025-12-15 10:10:00+05:30,837.7000122070312,838.0,837.0999755859375,837.9500122070312,21046
2025-12-15 10:15:00+05:30,837.9500122070312,838.9500122070312,837.3499755859375,838.9500122070312,24321
2025-12-15 10:20:00+05:30,838.9500122070312,842.2999877929688,838.8499755859375,841.5,46213
2025-12-15 10:25:00+05:30,841.5,842.5,841.0,841.4000244140625,22472
2025-12-15 10:30:00+05:30,841.4000244140625,841.7000122070312,840.5499877929688,840.7999877929688,13898
2025-12-15 10:35:00+05:30,840.9500122070312,840.9500122070312,838.25,838.5999755859375,18661
2025-12-15 10:40:00+05:30,838.75,840.7999877929688,838.5999755859375,840.0,9513
2025-12-15 10:45:00+05:30,839.9500122070312,841.7999877929688,839.5999755859375,840.9500122070312,55621
2025-12-15 10:50:00+05:30,840.9500122070312,842.5,840.75,841.8499755859375,20758
2025-12-15 10:55:00+05:30,841.8499755859375,842.5,840.75,841.2000122070312,12388
2025-12-15 11:00:00+05:30,841.9000244140625,842.0,841.1500244140625,841.4000244140625,11657
2025-12-15 11:05:00+05:30,841.4500122070312,841.9000244140625,840.8499755859375,841.6500244140625,11706
2025-12-15 11:10:00+05:30,841.7000122070312,842.9000244140625,841.4500122070312,842.4000244140625,9722
2025-12-15 11:15:00+05:30,842.4500122070312,842.7999877929688,841.5,842.0,9830
2025-12-15 11:20:00+05:30,842.0,842.0,840.5,841.25,12004
2025-12-15 11:25:00+05:30,841.4000244140625,842.5499877929688,841.4000244140625,842.5499877929688,7423
2025-12-15 11:30:00+05:30,842.5499877929688,843.7000122070312,842.0,843.0499877929688,18419
2025-12-15 11:35:00+05:30,843.0499877929688,844.6500244140625,842.5499877929688,843.7000122070312,67644
2025-12-15 11:40:00+05:30,843.7000122070312,846.4000244140625,843.7000122070312,846.0999755859375,98278
2025-12-15 11:45:00+05:30,846.1500244140625,848.6500244140625,845.5999755859375,848.0999755859375,94239
2025-12-15 11:50:00+05:30,848.4500122070312,849.8499755859375,848.0499877929688,848.9500122070312,45538
2025-12-15 11:55:00+05:30,848.9500122070312,850.4000244140625,848.7000122070312,849.0,47840
2025-12-15 12:00:00+05:30,848.9500122070312,849.5,848.2000122070312,849.0,26392
2025-12-15 12:05:00+05:30,848.7999877929688,849.5,848.0999755859375,848.0999755859375,20301
2025-12-15 12:10:00+05:30,848.0,849.5,848.0,848.3499755859375,99249
2025-12-15 12:15:00+05:30,848.3499755859375,849.1500244140625,846.9500122070312,847.0999755859375,30553
2025-12-15 12:20:00+05:30,846.9500122070312,848.6500244140625,846.7999877929688,847.7000122070312,20096
2025-12-15 12:25:00+05:30,847.5999755859375,848.25,847.2000122070312,847.4000244140625,17814
2025-12-15 12:30:00+05:30,847.2999877929688,848.0,847.0499877929688,847.7999877929688,17014
2025-12-15 12:35:00+05:30,847.7999877929688,847.9000244140625,847.2000122070312,847.4000244140625,10542
2025-12-15 12:40:00+05:30,847.2999877929688,847.7999877929688,846.7999877929688,847.25,13763
2025-12-15 12:45:00+05:30,847.25,847.5,846.5499877929688,847.5,20410
2025-12-15 12:50:00+05:30,847.5,848.9500122070312,847.2999877929688,847.7000122070312,21971
2025-12-15 12:55:00+05:30,847.9000244140625,848.0999755859375,847.1500244140625,847.2999877929688,10535
2025-12-15 13:00:00+05:30,847.2999877929688,848.7000122070312,847.2999877929688,848.7000122070312,12309
2025-12-15 13:05:00+05:30,848.7000122070312,849.3499755859375,848.7000122070312,849.1500244140625,12250
2025-12-15 13:10:00+05:30,849.1500244140625,849.4500122070312,848.75,849.4500122070312,11524
2025-12-15 13:15:00+05:30,849.4500122070312,849.7999877929688,849.0499877929688,849.25,14505
2025-12-15 13:20:00+05:30,849.25,851.5,849.25,851.25,29186
2025-12-15 13:25:00+05:30,851.5,851.5,850.0,850.75,22457
2025-12-15 13:30:00+05:30,850.7999877929688,851.7999877929688,850.0,851.7999877929688,24581
2025-12-15 13:35:00+05:30,851.9000244140625,852.5499877929688,851.5,851.6500244140625,40164
2025-12-15 13:40:00+05:30,851.6500244140625,852.1500244140625,850.7000122070312,850.9500122070312,23478
2025-12-15 13:45:00+05:30,850.9500122070312,852.3499755859375,850.8499755859375,851.6500244140625,22601
2025-12-15 13:50:00+05:30,851.75,851.9500122070312,850.9500122070312,851.9000244140625,14223
2025-12-15 13:55:00+05:30,851.75,851.75,850.75,850.8499755859375,13046
2025-12-15 14:00:00+05:30,850.8499755859375,851.75,850.7000122070312,851.6500244140625,15700
2025-12-15 14:05:00+05:30,851.5,851.7000122070312,850.9000244140625,850.9000244140625,12655
2025-12-15 14:10:00+05:30,850.9000244140625,851.0499877929688,850.4000244140625,850.75,22627
2025-12-15 14:15:00+05:30,850.75,851.4000244140625,850.2999877929688,850.9500122070312,15017
2025-12-15 14:20:00+05:30,850.9500122070312,851.7999877929688,850.8499755859375,851.6500244140625,13490
2025-12-15 14:25:00+05:30,851.5999755859375,852.9500122070312,851.2000122070312,852.75,29500
2025-12-15 14:30:00+05:30,852.75,853.5,852.4000244140625,852.8499755859375,37234
2025-12-15 14:35:00+05:30,852.5999755859375,853.0999755859375,851.5999755859375,852.3499755859375,34870
2025-12-15 14:40:00+05:30,852.3499755859375,853.0999755859375,852.2000122070312,853.0999755859375,15755
2025-12-15 14:45:00+05:30,853.0999755859375,853.0999755859375,851.6500244140625,851.6500244140625,24957
2025-12-15 14:50:00+05:30,851.9500122070312,852.0,851.4000244140625,851.75,12325
2025-12-15 14:55:00+05:30,851.9500122070312,851.9500122070312,851.4000244140625,851.4000244140625,13761
2025-12-15 15:00:00+05:30,851.5,852.9000244140625,851.5,852.25,82955
2025-12-15 15:05:00+05:30,852.25,852.6500244140625,851.0,851.9500122070312,133125
2025-12-15 15:10:00+05:30,851.9000244140625,852.1500244140625,850.9500122070312,851.0999755859375,77353
2025-12-15 15:15:00+05:30,851.3499755859375,851.6500244140625,850.4000244140625,850.5499877929688,66913
2025-12-15 15:20:00+05:30,850.5499877929688,850.7999877929688,849.4000244140625,850.2000122070312,112275
2025-12-15 15:25:00+05:30,850.5999755859375,851.25,849.0499877929688,851.25,61166
2025-12-16 09:20:00+05:30,852.4000244140625,852.8499755859375,848.4500122070312,849.4500122070312,125328
2025-12-16 09:25:00+05:30,849.0,849.9000244140625,846.0999755859375,846.9500122070312,123362
2025-12-16 09:30:00+05:30,846.5999755859375,847.75,845.0999755859375,846.3499755859375,69662
2025-12-16 09:35:00+05:30,846.4000244140625,846.5,845.2000122070312,846.5,43167
2025-12-16 09:40:00+05:30,847.25,849.5999755859375,846.5,848.1500244140625,73123
2025-12-16 09:45:00+05:30,848.0,848.2999877929688,845.7999877929688,847.6500244140625,60438
2025-12-16 09:50:00+05:30,847.7000122070312,848.6500244140625,845.5499877929688,846.0,33064
2025-12-16 09:55:00+05:30,846.0499877929688,847.5,845.25,846.3499755859375,26286
2025-12-16 10:00:00+05:30,846.4500122070312,846.9000244140625,844.2000122070312,845.2999877929688,52916
2025-12-16 10:05:00+05:30,845.7000122070312,848.4500122070312,845.25,847.7999877929688,28874
2025-12-16 10:10:00+05:30,847.75,848.9500122070312,846.5499877929688,848.3499755859375,31619
2025-12-16 10:15:00+05:30,848.3499755859375,848.7000122070312,846.4000244140625,846.5499877929688,26767
2025-12-16 10:20:00+05:30,846.5499877929688,847.2000122070312,846.2999877929688,846.5499877929688,18951
2025-12-16 10:25:00+05:30,846.5,846.8499755859375,845.6500244140625,845.9000244140625,22684
2025-12-16 10:30:00+05:30,845.9000244140625,847.2000122070312,845.5999755859375,845.5999755859375,37421
2025-12-16 10:35:00+05:30,845.7000122070312,847.3499755859375,844.9500122070312,846.1500244140625,49359
2025-12-16 10:40:00+05:30,846.1500244140625,848.0,846.1500244140625,847.8499755859375,30597
2025-12-16 10:45:00+05:30,847.8499755859375,848.9000244140625,847.8499755859375,848.0,26434
2025-12-16 10:50:00+05:30,848.0499877929688,848.0499877929688,846.5,846.5999755859375,14618
2025-12-16 10:55:00+05:30,846.5999755859375,846.6500244140625,845.2000122070312,845.4500122070312,38353
2025-12-16 11:00:00+05:30,845.4500122070312,845.6500244140625,844.0999755859375,845.2999877929688,38662
2025-12-16 11:05:00+05:30,845.3499755859375,845.5499877929688,844.6500244140625,845.3499755859375,24418
2025-12-16 11:10:00+05:30,845.3499755859375,845.5,844.3499755859375,844.3499755859375,26435
2025-12-16 11:15:00+05:30,844.3499755859375,844.4500122070312,843.2999877929688,843.2999877929688,18337
2025-12-16 11:20:00+05:30,843.2999877929688,844.7000122070312,843.25,844.4000244140625,21201
2025-12-16 11:25:00+05:30,844.4000244140625,844.4000244140625,844.1500244140625,844.3499755859375,11804
2025-12-16 11:30:00+05:30,844.3499755859375,844.4500122070312,842.6500244140625,843.2000122070312,36572
2025-12-16 11:35:00+05:30,843.25,843.25,842.1500244140625,842.3499755859375,21901
2025-12-16 11:40:00+05:30,842.3499755859375,843.0999755859375,842.3499755859375,842.9000244140625,15138
2025-12-16 11:45:00+05:30,842.9000244140625,843.1500244140625,842.1500244140625,842.7999877929688,23618
2025-12-16 11:50:00+05:30,843.2000122070312,843.5999755859375,842.8499755859375,843.5999755859375,18026
2025-12-16 11:55:00+05:30,843.5999755859375,844.0499877929688,843.25,843.7999877929688,26019
2025-12-16 12:00:00+05:30,843.8499755859375,843.8499755859375,843.0499877929688,843.0499877929688,11755
2025-12-16 12:05:00+05:30,843.0,844.5,842.7999877929688,843.0,40798
2025-12-16 12:10:00+05:30,843.0,845.75,842.7999877929688,845.5999755859375,33887
2025-12-16 12:15:00+05:30,845.5999755859375,846.4000244140625,845.5999755859375,846.4000244140625,26193
2025-12-16 12:20:00+05:30,846.4000244140625,846.4000244140625,845.0499877929688,845.8499755859375,36678
2025-12-16 12:25:00+05:30,845.8499755859375,845.8499755859375,845.25,845.2999877929688,11185
2025-12-16 12:30:00+05:30,845.2999877929688,845.2999877929688,844.3499755859375,844.3499755859375,19992
2025-12-16 12:35:00+05:30,844.3499755859375,844.3499755859375,843.5,843.75,9113
2025-12-16 12:40:00+05:30,843.75,844.25,843.5999755859375,844.2000122070312,15691
2025-12-16 12:45:00+05:30,844.2000122070312,844.25,843.4500122070312,843.75,9767
2025-12-16 12:50:00+05:30,843.75,843.8499755859375,843.5999755859375,843.75,9987
2025-12-16 12:55:00+05:30,843.75,843.7999877929688,843.25,843.5499877929688,12052
2025-12-16 13:00:00+05:30,843.5499877929688,843.9500122070312,843.0499877929688,843.5499877929688,16475
2025-12-16 13:05:00+05:30,843.5499877929688,843.5499877929688,842.4500122070312,843.0499877929688,22525
2025-12-16 13:10:00+05:30,843.0499877929688,843.25,842.7999877929688,843.1500244140625,13805
2025-12-16 13:15:00+05:30,842.9500122070312,843.0,842.0499877929688,842.25,27201
2025-12-16 13:20:00+05:30,842.25,842.3499755859375,841.9000244140625,842.2000122070312,19285
2025-12-16 13:25:00+05:30,842.1500244140625,842.9000244140625,841.9000244140625,842.75,22590
2025-12-16 13:30:00+05:30,842.75,842.8499755859375,842.5,842.8499755859375,11686
2025-12-16 13:35:00+05:30,842.8499755859375,844.1500244140625,842.75,844.1500244140625,27931
2025-12-16 13:40:00+05:30,844.2000122070312,844.2999877929688,844.0,844.1500244140625,13470
2025-12-16 13:45:00+05:30,844.1500244140625,845.0,844.0999755859375,844.75,11805
2025-12-16 13:50:00+05:30,844.75,844.75,844.3499755859375,844.5499877929688,12951
2025-12-16 13:55:00+05:30,844.5999755859375,844.6500244140625,843.0,843.2000122070312,27271
2025-12-16 14:00:00+05:30,843.2000122070312,843.7000122070312,842.9000244140625,843.7000122070312,30463
2025-12-16 14:05:00+05:30,843.6500244140625,843.8499755859375,842.9000244140625,843.25,18671
2025-12-16 14:10:00+05:30,843.25,843.5499877929688,843.0,843.5499877929688,23982
2025-12-16 14:15:00+05:30,843.7000122070312,844.2999877929688,843.5,843.5,16381
2025-12-16 14:20:00+05:30,843.0499877929688,844.2999877929688,843.0499877929688,844.2999877929688,13924
2025-12-16 14:25:00+05:30,844.2999877929688,844.5,843.0999755859375,843.4500122070312,31901
2025-12-16 14:30:00+05:30,843.4500122070312,844.4000244140625,843.2999877929688,843.4500122070312,15495
2025-12-16 14:35:00+05:30,843.7000122070312,844.5,843.0999755859375,843.9500122070312,16954
2025-12-16 14:40:00+05:30,843.9500122070312,844.3499755859375,843.4500122070312,843.9500122070312,21681
2025-12-16 14:45:00+05:30,843.75,844.0,843.5,844.0,20540
2025-12-16 14:50:00+05:30,844.0,844.5,843.9000244140625,844.5,26252
2025-12-16 14:55:00+05:30,844.5,844.5,844.0,844.0999755859375,32851
2025-12-16 15:00:00+05:30,844.9500122070312,846.0,844.9500122070312,845.4000244140625,82128
2025-12-16 15:05:00+05:30,845.4000244140625,845.9000244140625,845.2999877929688,845.7999877929688,33881
2025-12-16 15:10:00+05:30,845.5999755859375,845.7000122070312,845.0,845.0,69501
2025-12-16 15:15:00+05:30,844.7000122070312,846.0999755859375,844.3499755859375,845.0999755859375,181822
2025-12-16 15:20:00+05:30,845.0999755859375,845.8499755859375,844.4500122070312,845.0499877929688,180078
2025-12-16 15:25:00+05:30,844.9500122070312,845.9000244140625,844.1500244140625,845.0499877929688,64144
2025-12-17 09:20:00+05:30,843.9000244140625,845.9500122070312,842.4500122070312,845.0,134291
2025-12-17 09:25:00+05:30,844.9500122070312,845.0,840.9500122070312,841.5999755859375,57006
2025-12-17 09:30:00+05:30,841.3499755859375,841.4500122070312,838.5999755859375,839.6500244140625,68178
2025-12-17 09:35:00+05:30,838.7999877929688,839.0499877929688,838.0,838.3499755859375,58529
2025-12-17 09:40:00+05:30,838.0499877929688,838.7999877929688,835.0499877929688,835.0499877929688,77931
2025-12-17 09:45:00+05:30,835.0499877929688,836.5999755859375,833.4000244140625,833.4000244140625,84321
2025-12-17 09:50:00+05:30,833.4500122070312,835.4000244140625,831.75,835.4000244140625,123553
2025-12-17 09:55:00+05:30,835.2000122070312,841.4000244140625,835.2000122070312,840.6500244140625,92359
2025-12-17 10:00:00+05:30,840.7999877929688,840.7999877929688,836.1500244140625,837.0,55612
2025-12-17 10:05:00+05:30,837.0,839.6500244140625,836.75,837.5999755859375,95364
2025-12-17 10:10:00+05:30,837.4000244140625,838.75,836.7999877929688,838.7000122070312,28169
2025-12-17 10:15:00+05:30,838.2999877929688,839.0,837.0499877929688,837.6500244140625,29303
2025-12-17 10:20:00+05:30,837.7000122070312,837.9500122070312,837.0,837.2999877929688,12223
2025-12-17 10:25:00+05:30,837.2999877929688,837.4500122070312,836.0,836.4000244140625,21319
2025-12-17 10:30:00+05:30,836.2000122070312,836.7999877929688,835.8499755859375,836.25,25780
2025-12-17 10:35:00+05:30,836.25,836.25,834.25,834.8499755859375,29206
2025-12-17 10:40:00+05:30,834.9000244140625,834.9000244140625,834.0999755859375,834.4000244140625,21028
2025-12-17 10:45:00+05:30,834.4000244140625,836.0,834.0499877929688,835.5999755859375,27640
2025-12-17 10:50:00+05:30,835.5999755859375,836.1500244140625,835.25,835.4000244140625,22345
2025-12-17 10:55:00+05:30,835.3499755859375,835.7999877929688,834.3499755859375,834.9500122070312,26556
2025-12-17 11:00:00+05:30,834.9500122070312,837.7000122070312,834.3499755859375,837.25,43899
2025-12-17 11:05:00+05:30,837.5999755859375,838.0,836.75,837.8499755859375,23325
2025-12-17 11:10:00+05:30,837.9000244140625,839.0999755859375,837.9000244140625,838.9500122070312,28633
2025-12-17 11:15:00+05:30,838.9500122070312,839.9500122070312,838.9000244140625,839.0,31713
2025-12-17 11:20:00+05:30,839.0,839.0999755859375,838.2000122070312,838.75,20911
2025-12-17 11:25:00+05:30,838.75,838.9500122070312,837.4000244140625,837.5499877929688,22987
2025-12-17 11:30:00+05:30,837.7999877929688,838.25,836.5,837.5999755859375,20317
2025-12-17 11:35:00+05:30,837.5999755859375,838.3499755859375,837.0,837.2000122070312,10305
2025-12-17 11:40:00+05:30,837.2000122070312,838.1500244140625,836.9500122070312,837.7999877929688,7195
2025-12-17 11:45:00+05:30,837.4500122070312,837.9000244140625,837.2999877929688,837.5,8222
2025-12-17 11:50:00+05:30,837.4500122070312,838.4000244140625,837.4500122070312,837.9500122070312,10525
2025-12-17 11:55:00+05:30,837.9500122070312,837.9500122070312,836.4500122070312,837.25,24421
2025-12-17 12:00:00+05:30,837.0,837.4000244140625,835.5999755859375,835.9500122070312,20570
2025-12-17 12:05:00+05:30,835.5499877929688,835.9000244140625,835.3499755859375,835.4500122070312,12751
2025-12-17 12:10:00+05:30,835.4500122070312,836.4000244140625,835.4000244140625,835.7999877929688,17223
2025-12-17 12:15:00+05:30,836.1500244140625,836.9500122070312,835.4000244140625,835.7999877929688,9080
2025-12-17 12:20:00+05:30,835.5,835.9500122070312,835.2000122070312,835.4500122070312,13888
2025-12-17 12:25:00+05:30,835.4000244140625,835.8499755859375,834.7999877929688,835.75,24999
2025-12-17 12:30:00+05:30,835.75,836.0999755859375,834.9500122070312,836.0,16754
2025-12-17 12:35:00+05:30,836.0,836.2000122070312,835.1500244140625,835.7999877929688,10068
2025-12-17 12:40:00+05:30,835.7999877929688,838.0,835.3499755859375,837.5999755859375,28760
2025-12-17 12:45:00+05:30,837.5,837.6500244140625,836.3499755859375,836.4500122070312,10513
2025-12-17 12:50:00+05:30,836.4500122070312,837.5,835.7999877929688,836.0,9448
2025-12-17 12:55:00+05:30,835.8499755859375,837.0,835.5,836.4500122070312,12716
2025-12-17 13:00:00+05:30,836.4500122070312,837.0,835.6500244140625,836.9000244140625,12234
2025-12-17 13:05:00+05:30,837.0999755859375,837.9500122070312,836.25,837.8499755859375,17446
2025-12-17 13:10:00+05:30,837.8499755859375,838.4500122070312,837.4000244140625,838.2000122070312,16521
2025-12-17 13:15:00+05:30,838.0999755859375,838.1500244140625,835.8499755859375,837.2000122070312,47479
2025-12-17 13:20:00+05:30,837.0,837.8499755859375,836.0999755859375,837.7000122070312,38926
2025-12-17 13:25:00+05:30,837.3499755859375,838.3499755859375,837.0999755859375,837.25,20656
2025-12-17 13:30:00+05:30,837.25,837.5999755859375,836.2999877929688,836.75,14089
2025-12-17 13:35:00+05:30,836.75,836.9000244140625,835.4000244140625,835.6500244140625,16381
2025-12-17 13:40:00+05:30,835.7000122070312,836.2999877929688,834.0,834.2999877929688,39770
2025-12-17 13:45:00+05:30,834.6500244140625,834.6500244140625,831.2000122070312,832.5499877929688,105446
2025-12-17 13:50:00+05:30,832.1500244140625,832.9000244140625,830.0,830.5499877929688,66578
2025-12-17 13:55:00+05:30,830.4000244140625,830.7999877929688,827.9000244140625,829.5,153885
2025-12-17 14:00:00+05:30,829.5,830.5999755859375,828.75,830.5999755859375,57093
2025-12-17 14:05:00+05:30,830.5999755859375,831.2000122070312,830.1500244140625,830.6500244140625,30951
2025-12-17 14:10:00+05:30,830.5499877929688,831.75,830.0499877929688,830.4000244140625,41228
2025-12-17 14:15:00+05:30,830.2999877929688,830.5499877929688,829.5499877929688,830.1500244140625,22419
2025-12-17 14:20:00+05:30,830.1500244140625,830.7000122070312,829.1500244140625,829.2999877929688,23260
2025-12-17 14:25:00+05:30,829.25,831.2000122070312,829.0999755859375,830.1500244140625,21997
2025-12-17 14:30:00+05:30,830.0999755859375,830.7999877929688,829.2999877929688,830.6500244140625,19631
2025-12-17 14:35:00+05:30,830.6500244140625,830.9500122070312,829.4500122070312,829.9500122070312,30552
2025-12-17 14:40:00+05:30,829.7999877929688,830.75,829.4000244140625,830.1500244140625,17698
2025-12-17 14:45:00+05:30,830.2000122070312,830.9500122070312,829.5499877929688,830.7999877929688,14964
2025-12-17 14:50:00+05:30,830.4500122070312,831.5,830.0,831.2000122070312,20824
2025-12-17 14:55:00+05:30,831.1500244140625,831.5,830.25,831.4000244140625,30504
2025-12-17 15:00:00+05:30,831.4000244140625,833.9500122070312,831.4000244140625,833.0,97557
2025-12-17 15:05:00+05:30,832.9500122070312,833.9500122070312,832.75,833.5,47622
2025-12-17 15:10:00+05:30,833.4000244140625,834.5,833.4000244140625,833.75,52785
2025-12-17 15:15:00+05:30,833.8499755859375,834.0,833.2999877929688,833.75,95381
2025-12-17 15:20:00+05:30,833.75,834.9000244140625,833.75,834.6500244140625,98068
2025-12-17 15:25:00+05:30,834.75,835.9000244140625,834.4000244140625,835.5,62213
2025-12-18 09:15:00+05:30,829.0999755859375,829.0999755859375,828.0499877929688,828.75,182187
2025-12-18 09:20:00+05:30,828.7000122070312,829.25,826.0,829.25,82864
2025-12-18 09:25:00+05:30,829.2999877929688,829.8499755859375,828.0999755859375,828.8499755859375,55031
2025-12-18 09:30:00+05:30,828.6500244140625,828.6500244140625,826.0999755859375,826.4500122070312,41598
2025-12-18 09:35:00+05:30,826.2999877929688,828.75,826.0,827.5999755859375,17387
2025-12-18 09:40:00+05:30,827.5499877929688,829.0,827.5499877929688,828.7999877929688,41632
2025-12-18 09:45:00+05:30,828.7000122070312,830.7000122070312,828.2000122070312,830.6500244140625,20329
2025-12-18 09:50:00+05:30,830.7000122070312,830.9000244140625,829.6500244140625,830.0999755859375,26247
2025-12-18 09:55:00+05:30,830.2000122070312,832.2999877929688,830.0,831.7000122070312,36490
2025-12-18 10:00:00+05:30,832.0,832.2000122070312,831.5999755859375,832.2000122070312,9434
2025-12-18 10:05:00+05:30,832.1500244140625,837.0499877929688,832.0499877929688,837.0499877929688,65564
2025-12-18 10:10:00+05:30,837.0499877929688,839.2999877929688,835.8499755859375,838.5,67176
2025-12-18 10:15:00+05:30,838.5999755859375,838.5999755859375,836.0499877929688,836.9500122070312,28049
2025-12-18 10:20:00+05:30,836.7000122070312,838.6500244140625,836.5,838.2999877929688,20247
2025-12-18 10:25:00+05:30,838.0,839.0999755859375,837.4500122070312,838.7999877929688,15374
2025-12-18 10:30:00+05:30,838.9500122070312,842.2000122070312,838.9500122070312,840.2000122070312,42187
2025-12-18 10:35:00+05:30,840.2000122070312,840.6500244140625,839.4500122070312,840.6500244140625,18332
2025-12-18 10:40:00+05:30,840.6500244140625,842.0,840.2000122070312,841.3499755859375,16781
2025-12-18 10:45:00+05:30,841.25,842.5,840.75,840.7999877929688,11686
2025-12-18 10:50:00+05:30,840.75,840.75,837.1500244140625,837.8499755859375,19673
2025-12-18 10:55:00+05:30,837.9500122070312,840.0999755859375,837.5499877929688,840.0999755859375,15189
2025-12-18 11:00:00+05:30,839.8499755859375,840.0499877929688,837.9500122070312,838.2999877929688,11640
2025-12-18 11:05:00+05:30,838.2999877929688,839.0,838.0999755859375,838.8499755859375,4295
2025-12-18 11:10:00+05:30,838.9000244140625,838.9000244140625,838.2000122070312,838.4500122070312,6272
2025-12-18 11:15:00+05:30,838.2000122070312,838.4000244140625,838.0,838.3499755859375,4086
2025-12-18 11:20:00+05:30,838.3499755859375,839.1500244140625,838.1500244140625,839.1500244140625,3433
2025-12-18 11:25:00+05:30,839.0999755859375,839.25,838.25,838.75,8888
2025-12-18 11:30:00+05:30,838.7000122070312,839.0999755859375,838.25,838.6500244140625,3395
2025-12-18 11:35:00+05:30,838.5,838.7999877929688,837.9500122070312,838.5,9448
2025-12-18 11:40:00+05:30,838.4500122070312,838.5999755859375,837.9500122070312,838.2999877929688,4055
2025-12-18 11:45:00+05:30,838.1500244140625,839.4500122070312,838.0999755859375,838.9500122070312,4479
2025-12-18 11:50:00+05:30,838.9500122070312,839.5499877929688,838.2999877929688,839.5,7544
2025-12-18 11:55:00+05:30,839.4500122070312,840.0,839.0999755859375,839.9000244140625,7461
2025-12-18 12:00:00+05:30,840.0,840.2000122070312,839.25,839.75,5820
2025-12-18 12:05:00+05:30,839.7999877929688,840.6500244140625,839.5499877929688,840.0,7460
2025-12-18 12:10:00+05:30,839.9000244140625,840.9000244140625,839.9000244140625,840.0999755859375,8090
2025-12-18 12:15:00+05:30,840.1500244140625,840.9000244140625,840.0,840.7999877929688,7324
2025-12-18 12:20:00+05:30,840.9500122070312,841.0,838.5,838.9500122070312,21515
2025-12-18 12:25:00+05:30,838.75,839.4000244140625,838.2999877929688,839.25,6957
2025-12-18 12:30:00+05:30,839.1500244140625,839.9000244140625,839.1500244140625,839.5999755859375,6620
2025-12-18 12:35:00+05:30,839.5999755859375,840.3499755859375,839.3499755859375,840.2000122070312,5362
2025-12-18 12:40:00+05:30,840.0,840.0,838.5499877929688,839.0,6550
2025-12-18 12:45:00+05:30,839.0,839.9500122070312,838.8499755859375,839.2000122070312,4943
2025-12-18 12:50:00+05:30,839.2999877929688,839.5,838.5,838.7000122070312,7386
2025-12-18 12:55:00+05:30,838.7000122070312,839.1500244140625,838.4000244140625,838.9500122070312,4883
2025-12-18 13:00:00+05:30,838.7000122070312,839.1500244140625,838.5499877929688,838.7999877929688,1482
2025-12-18 13:05:00+05:30,838.7000122070312,839.5499877929688,838.5999755859375,839.2999877929688,4207
2025-12-18 13:10:00+05:30,839.25,839.2999877929688,837.5999755859375,838.0,7870
2025-12-18 13:15:00+05:30,837.8499755859375,838.3499755859375,837.5999755859375,837.9500122070312,2946
2025-12-18 13:20:00+05:30,838.1500244140625,838.1500244140625,837.25,837.5,6226
2025-12-18 13:25:00+05:30,837.5,837.7000122070312,836.8499755859375,836.9000244140625,7446
2025-12-18 13:30:00+05:30,836.9000244140625,837.4000244140625,835.5999755859375,835.5999755859375,13455
2025-12-18 13:35:00+05:30,835.5499877929688,835.9000244140625,835.3499755859375,835.5999755859375,7975
2025-12-18 13:40:00+05:30,835.6500244140625,835.7000122070312,834.5999755859375,835.4500122070312,14549
2025-12-18 13:45:00+05:30,835.4500122070312,835.7000122070312,834.3499755859375,834.5499877929688,15607
2025-12-18 13:50:00+05:30,834.5499877929688,835.8499755859375,834.5499877929688,835.5999755859375,8662
2025-12-18 13:55:00+05:30,835.5,835.5499877929688,833.4000244140625,833.7999877929688,13978
2025-12-18 14:00:00+05:30,833.5999755859375,834.1500244140625,833.5499877929688,833.6500244140625,10507
2025-12-18 14:05:00+05:30,833.5999755859375,833.7999877929688,832.4000244140625,833.5,9969
2025-12-18 14:10:00+05:30,833.4500122070312,833.4500122070312,832.5499877929688,833.0999755859375,11038
2025-12-18 14:15:00+05:30,833.0999755859375,833.25,832.1500244140625,832.8499755859375,11011
2025-12-18 14:20:00+05:30,832.9500122070312,833.1500244140625,831.4000244140625,831.4000244140625,16474
2025-12-18 14:25:00+05:30,831.2000122070312,831.9500122070312,831.0,831.9000244140625,11273
2025-12-18 14:30:00+05:30,831.75,833.0999755859375,831.2999877929688,832.8499755859375,17740
2025-12-18 14:35:00+05:30,832.5499877929688,832.9000244140625,831.0999755859375,831.5999755859375,15127
2025-12-18 14:40:00+05:30,831.4000244140625,833.0,831.4000244140625,833.0,25599
2025-12-18 14:45:00+05:30,832.7000122070312,833.4500122070312,832.25,832.6500244140625,20654
2025-12-18 14:50:00+05:30,832.5999755859375,832.9500122070312,831.6500244140625,832.2999877929688,25153
2025-12-18 14:55:00+05:30,832.9500122070312,834.0,832.1500244140625,833.7999877929688,25526
2025-12-18 15:00:00+05:30,834.6500244140625,836.2000122070312,834.25,836.2000122070312,40190
2025-12-18 15:05:00+05:30,835.4000244140625,836.1500244140625,834.75,835.0499877929688,37759
2025-12-18 15:10:00+05:30,835.4500122070312,836.2999877929688,835.0499877929688,835.5,40743
2025-12-18 15:15:00+05:30,835.5,835.7999877929688,833.75,834.3499755859375,51920
2025-12-18 15:20:00+05:30,834.4000244140625,835.1500244140625,834.1500244140625,834.3499755859375,29964
2025-12-18 15:25:00+05:30,834.25,834.9000244140625,832.3499755859375,834.9000244140625,30979
2025-12-19 09:20:00+05:30,834.9500122070312,835.2999877929688,833.75,834.4000244140625,32612
2025-12-19 09:25:00+05:30,834.4000244140625,836.0,833.5999755859375,835.8499755859375,34306
2025-12-19 09:30:00+05:30,836.3499755859375,837.2000122070312,835.5499877929688,836.5999755859375,27074
2025-12-19 09:35:00+05:30,836.8499755859375,836.8499755859375,835.5999755859375,835.9000244140625,15034
2025-12-19 09:40:00+05:30,836.0,836.2999877929688,835.0,835.25,29875
2025-12-19 09:45:00+05:30,835.4000244140625,836.0,834.2000122070312,834.2000122070312,11646
2025-12-19 09:50:00+05:30,834.3499755859375,835.4000244140625,833.5,834.0499877929688,20721
2025-12-19 09:55:00+05:30,834.0,834.1500244140625,832.5999755859375,833.9500122070312,40810
2025-12-19 10:00:00+05:30,834.0,834.8499755859375,833.5999755859375,833.5999755859375,12724
2025-12-19 10:05:00+05:30,833.6500244140625,833.9000244140625,832.5,833.4000244140625,22280
2025-12-19 10:10:00+05:30,833.4000244140625,833.4000244140625,831.25,831.8499755859375,26301
2025-12-19 10:15:00+05:30,831.7999877929688,832.2000122070312,831.5,831.7000122070312,14321
2025-12-19 10:20:00+05:30,831.5999755859375,832.7999877929688,831.0499877929688,832.6500244140625,37068
2025-12-19 10:25:00+05:30,832.6500244140625,834.6500244140625,832.4000244140625,834.3499755859375,23828
2025-12-19 10:30:00+05:30,834.3499755859375,835.0,834.0,834.2000122070312,12481
2025-12-19 10:35:00+05:30,834.1500244140625,834.1500244140625,833.2000122070312,833.8499755859375,10907
2025-12-19 10:40:00+05:30,834.0,834.5,833.7000122070312,833.9500122070312,9900
2025-12-19 10:45:00+05:30,833.9500122070312,833.9500122070312,832.7000122070312,833.0499877929688,2813
2025-12-19 10:50:00+05:30,832.9500122070312,833.0,832.2000122070312,832.2000122070312,6360
2025-12-19 10:55:00+05:30,832.4000244140625,832.4000244140625,831.5,832.0999755859375,18059
2025-12-19 11:00:00+05:30,832.0999755859375,832.4000244140625,831.4500122070312,831.5999755859375,12122
2025-12-19 11:05:00+05:30,831.7000122070312,831.9500122070312,831.2000122070312,831.8499755859375,11664
2025-12-19 11:10:00+05:30,831.9000244140625,831.9000244140625,831.2000122070312,831.4000244140625,6328
2025-12-19 11:15:00+05:30,831.4000244140625,832.0,831.2999877929688,831.7000122070312,8866
2025-12-19 11:20:00+05:30,831.7000122070312,832.25,831.2000122070312,831.4500122070312,6107
2025-12-19 11:25:00+05:30,831.4000244140625,832.3499755859375,831.0,831.7000122070312,12274
2025-12-19 11:30:00+05:30,831.6500244140625,832.3499755859375,831.2999877929688,832.0999755859375,6030
2025-12-19 11:35:00+05:30,831.7999877929688,833.9000244140625,831.7999877929688,833.8499755859375,16859
2025-12-19 11:40:00+05:30,833.9000244140625,833.9000244140625,833.2000122070312,833.3499755859375,9109
2025-12-19 11:45:00+05:30,833.5,833.7000122070312,833.0499877929688,833.5999755859375,10336
2025-12-19 11:50:00+05:30,833.25,834.6500244140625,833.25,834.1500244140625,15044
2025-12-19 11:55:00+05:30,834.1500244140625,834.9000244140625,834.1500244140625,834.5999755859375,16515
2025-12-19 12:00:00+05:30,834.5999755859375,835.25,834.5,835.1500244140625,13436
2025-12-19 12:05:00+05:30,835.1500244140625,835.5,834.75,835.4000244140625,15256
2025-12-19 12:10:00+05:30,835.4000244140625,836.5,833.9000244140625,836.1500244140625,58812
2025-12-19 12:15:00+05:30,836.0999755859375,837.1500244140625,836.0999755859375,836.7999877929688,57498
2025-12-19 12:20:00+05:30,836.8499755859375,837.0,836.0999755859375,836.9000244140625,24895
2025-12-19 12:25:00+05:30,836.9000244140625,838.0,836.8499755859375,837.9000244140625,32450
2025-12-19 12:30:00+05:30,838.0,838.9500122070312,838.0,838.75,29081
2025-12-19 12:35:00+05:30,838.75,839.7999877929688,838.3499755859375,839.3499755859375,42563
2025-12-19 12:40:00+05:30,839.3499755859375,839.5999755859375,838.9500122070312,839.0999755859375,18616
2025-12-19 12:45:00+05:30,838.8499755859375,839.0,838.0,838.1500244140625,18815
2025-12-19 12:50:00+05:30,838.1500244140625,838.7000122070312,837.4500122070312,838.0499877929688,23331
2025-12-19 12:55:00+05:30,838.0999755859375,838.2999877929688,837.1500244140625,837.7999877929688,16630
2025-12-19 13:00:00+05:30,837.75,838.8499755859375,837.5499877929688,838.7999877929688,16347
2025-12-19 13:05:00+05:30,838.7999877929688,839.0,838.5,839.0,16494
2025-12-19 13:10:00+05:30,839.0,839.3499755859375,838.5,838.9000244140625,19276
2025-12-19 13:15:00+05:30,838.8499755859375,839.0,838.5999755859375,838.8499755859375,6703
2025-12-19 13:20:00+05:30,839.3499755859375,839.8499755859375,839.1500244140625,839.5,18168
2025-12-19 13:25:00+05:30,839.4500122070312,839.8499755859375,839.2999877929688,839.4500122070312,8019
2025-12-19 13:30:00+05:30,839.4000244140625,840.6500244140625,839.2000122070312,840.5499877929688,21587
2025-12-19 13:35:00+05:30,840.4500122070312,841.0,840.25,840.9000244140625,12611
2025-12-19 13:40:00+05:30,840.8499755859375,841.5,840.5,841.0499877929688,21873
2025-12-19 13:45:00+05:30,841.0499877929688,842.0,841.0499877929688,841.9500122070312,17689
2025-12-19 13:50:00+05:30,841.9500122070312,843.0499877929688,841.8499755859375,843.0499877929688,34790
2025-12-19 13:55:00+05:30,843.0999755859375,844.0,842.7999877929688,843.5999755859375,36933
2025-12-19 14:00:00+05:30,843.9000244140625,845.2999877929688,843.25,845.0999755859375,45513
2025-12-19 14:05:00+05:30,845.0499877929688,845.7999877929688,845.0,845.25,29176
2025-12-19 14:10:00+05:30,845.25,846.5999755859375,844.75,846.3499755859375,37908
2025-12-19 14:15:00+05:30,846.2999877929688,846.5,845.5999755859375,845.9500122070312,32619
2025-12-19 14:20:00+05:30,846.0499877929688,846.0999755859375,844.0,844.7000122070312,44867
2025-12-19 14:25:00+05:30,844.7000122070312,844.7999877929688,842.75,842.75,36270
2025-12-19 14:30:00+05:30,842.6500244140625,843.4500122070312,842.4000244140625,842.7999877929688,27186
2025-12-19 14:35:00+05:30,842.7999877929688,844.0,842.6500244140625,843.9500122070312,39738
2025-12-19 14:40:00+05:30,843.9500122070312,844.0,843.1500244140625,843.5999755859375,17887
2025-12-19 14:45:00+05:30,843.75,845.2999877929688,843.75,845.25,26735
2025-12-19 14:50:00+05:30,845.1500244140625,845.25,843.8499755859375,844.3499755859375,88836
2025-12-19 14:55:00+05:30,844.4500122070312,844.5,842.8499755859375,843.5499877929688,40168
2025-12-19 15:00:00+05:30,842.7000122070312,846.2000122070312,842.7000122070312,846.0999755859375,1043208
2025-12-19 15:05:00+05:30,846.25,846.4000244140625,844.2000122070312,844.9000244140625,849921
2025-12-19 15:10:00+05:30,844.9000244140625,845.9000244140625,843.9000244140625,844.0499877929688,847127
2025-12-19 15:15:00+05:30,843.9500122070312,844.0999755859375,843.4000244140625,843.5999755859375,802263
2025-12-19 15:20:00+05:30,843.6500244140625,845.0,843.5,843.5,930330
2025-12-19 15:25:00+05:30,843.5,847.1500244140625,840.7999877929688,844.7000122070312,864285
2025-12-22 09:20:00+05:30,845.5499877929688,849.1500244140625,845.2000122070312,847.7999877929688,64076
2025-12-22 09:25:00+05:30,847.8499755859375,849.7999877929688,847.25,848.9500122070312,44381
2025-12-22 09:30:00+05:30,849.2000122070312,849.2000122070312,847.9000244140625,848.0999755859375,17161
2025-12-22 09:35:00+05:30,848.3499755859375,850.9500122070312,848.0,850.5999755859375,40962
2025-12-22 09:40:00+05:30,850.6500244140625,850.7000122070312,848.3499755859375,848.8499755859375,19718
2025-12-22 09:45:00+05:30,848.9000244140625,848.9000244140625,847.4000244140625,847.9500122070312,21853
2025-12-22 09:50:00+05:30,848.0,848.9000244140625,847.7000122070312,847.7000122070312,4816
2025-12-22 09:55:00+05:30,847.7000122070312,848.0,847.2999877929688,847.9500122070312,4816
2025-12-22 10:00:00+05:30,847.25,847.9000244140625,847.0999755859375,847.5,14631
2025-12-22 10:05:00+05:30,847.2000122070312,847.5999755859375,847.0999755859375,847.3499755859375,4210
2025-12-22 10:10:00+05:30,847.25,847.8499755859375,847.0,847.8499755859375,5789
2025-12-22 10:15:00+05:30,847.8499755859375,847.9000244140625,846.1500244140625,846.2000122070312,17825
2025-12-22 10:20:00+05:30,846.5,849.9000244140625,846.3499755859375,848.2000122070312,31091
2025-12-22 10:25:00+05:30,847.8499755859375,851.4000244140625,847.8499755859375,851.4000244140625,228054
2025-12-22 10:30:00+05:30,851.25,854.8499755859375,851.25,852.5,61147
2025-12-22 10:35:00+05:30,852.7000122070312,855.3499755859375,852.5499877929688,854.9000244140625,53067
2025-12-22 10:40:00+05:30,854.9000244140625,856.3499755859375,854.0,856.0499877929688,61868
2025-12-22 10:45:00+05:30,856.75,861.2999877929688,856.25,861.0,113476
2025-12-22 10:50:00+05:30,861.0,862.7999877929688,860.75,862.4000244140625,73044
2025-12-22 10:55:00+05:30,862.4000244140625,862.7999877929688,860.2000122070312,860.6500244140625,56979
2025-12-22 11:00:00+05:30,861.1500244140625,861.2999877929688,859.4500122070312,860.8499755859375,32145
2025-12-22 11:05:00+05:30,861.0,861.25,859.1500244140625,859.3499755859375,26986
2025-12-22 11:10:00+05:30,859.2999877929688,860.0,858.4000244140625,858.4000244140625,19089
2025-12-22 11:15:00+05:30,858.4000244140625,859.5,858.0,859.0999755859375,12920
2025-12-22 11:20:00+05:30,859.0,861.2000122070312,858.0999755859375,861.2000122070312,23954
2025-12-22 11:25:00+05:30,861.2000122070312,861.2000122070312,859.5999755859375,859.9500122070312,56714
2025-12-22 11:30:00+05:30,860.0,860.0,858.6500244140625,859.0999755859375,23921
2025-12-22 11:35:00+05:30,859.0,860.0,859.0,859.0999755859375,18947
2025-12-22 11:40:00+05:30,859.0999755859375,860.0,858.9000244140625,859.0999755859375,16972
2025-12-22 11:45:00+05:30,859.0999755859375,859.5999755859375,858.2000122070312,859.5999755859375,26269
2025-12-22 11:50:00+05:30,859.5999755859375,859.7999877929688,858.7999877929688,859.7000122070312,19107
2025-12-22 11:55:00+05:30,859.7000122070312,859.9500122070312,859.25,859.7999877929688,16433
2025-12-22 12:00:00+05:30,859.75,859.7999877929688,859.0499877929688,859.25,20040
2025-12-22 12:05:00+05:30,859.0499877929688,859.5999755859375,858.2000122070312,858.75,46904
2025-12-22 12:10:00+05:30,858.75,859.0499877929688,856.8499755859375,857.6500244140625,52937
2025-12-22 12:15:00+05:30,857.5999755859375,858.2000122070312,856.7999877929688,857.7999877929688,21672
2025-12-22 12:20:00+05:30,857.75,858.2000122070312,857.2999877929688,857.3499755859375,17072
2025-12-22 12:25:00+05:30,857.3499755859375,858.5999755859375,857.3499755859375,858.2999877929688,25375
2025-12-22 12:30:00+05:30,858.2999877929688,859.5999755859375,858.0499877929688,859.0999755859375,18638
2025-12-22 12:35:00+05:30,859.0999755859375,859.5,858.75,859.3499755859375,19516
2025-12-22 12:40:00+05:30,859.25,859.9500122070312,859.2000122070312,859.2999877929688,18332
2025-12-22 12:45:00+05:30,859.2999877929688,859.5499877929688,858.8499755859375,859.0,17047
2025-12-22 12:50:00+05:30,859.0,859.5999755859375,858.9500122070312,859.5,15543
2025-12-22 12:55:00+05:30,859.5,859.7000122070312,859.0999755859375,859.4500122070312,13822
2025-12-22 13:00:00+05:30,859.4500122070312,859.75,859.2000122070312,859.75,11318
2025-12-22 13:05:00+05:30,859.8499755859375,859.8499755859375,858.7999877929688,859.0999755859375,16716
2025-12-22 13:10:00+05:30,859.0999755859375,859.5,858.7000122070312,859.0,19137
2025-12-22 13:15:00+05:30,859.0,859.9500122070312,859.0,859.4500122070312,21670
2025-12-22 13:20:00+05:30,859.3499755859375,861.4000244140625,859.3499755859375,861.2000122070312,28000
2025-12-22 13:25:00+05:30,860.9000244140625,861.25,860.0,860.5499877929688,18447
2025-12-22 13:30:00+05:30,860.5499877929688,860.9000244140625,860.0,860.0999755859375,15824
2025-12-22 13:35:00+05:30,860.0999755859375,860.8499755859375,859.0499877929688,859.2000122070312,82839
2025-12-22 13:40:00+05:30,859.2000122070312,860.2999877929688,859.2000122070312,859.5999755859375,20827
2025-12-22 13:45:00+05:30,859.5999755859375,859.9000244140625,858.4000244140625,858.8499755859375,18510
2025-12-22 13:50:00+05:30,858.5499877929688,858.9500122070312,857.5499877929688,857.7000122070312,14635
2025-12-22 13:55:00+05:30,857.5,858.5499877929688,857.4000244140625,857.8499755859375,15477
2025-12-22 14:00:00+05:30,858.0,858.9500122070312,857.5999755859375,858.4500122070312,11832
2025-12-22 14:05:00+05:30,858.4500122070312,858.75,857.7000122070312,858.2999877929688,11653
2025-12-22 14:10:00+05:30,858.2999877929688,858.5499877929688,857.7999877929688,858.5,9523
2025-12-22 14:15:00+05:30,858.5,858.75,857.75,858.1500244140625,11086
2025-12-22 14:20:00+05:30,858.1500244140625,858.5499877929688,857.7000122070312,858.4000244140625,11039
2025-12-22 14:25:00+05:30,858.2000122070312,858.7000122070312,857.8499755859375,858.2000122070312,11544
2025-12-22 14:30:00+05:30,858.0999755859375,859.0499877929688,857.9000244140625,858.6500244140625,17538
2025-12-22 14:35:00+05:30,858.6500244140625,859.1500244140625,858.0499877929688,858.3499755859375,15133
2025-12-22 14:40:00+05:30,858.25,858.7000122070312,857.25,857.5499877929688,19107
2025-12-22 14:45:00+05:30,857.5,857.9500122070312,857.1500244140625,857.2999877929688,14279
2025-12-22 14:50:00+05:30,857.2999877929688,857.75,856.7000122070312,856.8499755859375,12484
2025-12-22 14:55:00+05:30,856.6500244140625,857.1500244140625,856.5,857.0999755859375,25884
2025-12-22 15:00:00+05:30,857.7000122070312,858.0,857.0499877929688,857.3499755859375,38682
2025-12-22 15:05:00+05:30,857.2999877929688,857.5999755859375,857.1500244140625,857.5499877929688,23022
2025-12-22 15:10:00+05:30,857.5,857.7000122070312,857.0,857.0999755859375,27013
2025-12-22 15:15:00+05:30,857.0499877929688,857.2999877929688,856.5,856.5,57023
2025-12-22 15:20:00+05:30,856.5,856.5,855.5499877929688,855.75,110354
2025-12-22 15:25:00+05:30,855.7999877929688,856.5,855.4000244140625,856.0,91274
2025-12-23 09:20:00+05:30,857.5499877929688,857.9000244140625,855.25,857.0,41616
2025-12-23 09:25:00+05:30,857.4000244140625,858.4000244140625,855.2999877929688,855.2999877929688,40725
2025-12-23 09:30:00+05:30,855.6500244140625,855.6500244140625,851.5499877929688,851.5499877929688,47491
2025-12-23 09:35:00+05:30,851.5499877929688,851.75,850.0,850.7999877929688,57926
2025-12-23 09:40:00+05:30,850.7999877929688,851.4000244140625,849.5499877929688,849.6500244140625,34772
2025-12-23 09:45:00+05:30,849.7000122070312,851.0999755859375,849.6500244140625,851.0,44191
2025-12-23 09:50:00+05:30,851.0,851.2999877929688,850.7000122070312,851.0999755859375,21722
2025-12-23 09:55:00+05:30,851.0,851.5,850.7000122070312,851.5,11010
2025-12-23 10:00:00+05:30,851.5,851.75,851.1500244140625,851.75,9819
2025-12-23 10:05:00+05:30,851.4500122070312,853.4000244140625,851.4500122070312,853.2000122070312,16444
2025-12-23 10:10:00+05:30,853.2000122070312,853.7999877929688,852.4000244140625,852.5499877929688,13409
2025-12-23 10:15:00+05:30,852.5499877929688,853.4500122070312,851.9500122070312,852.1500244140625,27125
2025-12-23 10:20:00+05:30,851.7999877929688,852.7999877929688,851.7000122070312,852.5499877929688,12513
2025-12-23 10:25:00+05:30,852.4000244140625,853.0499877929688,851.75,852.3499755859375,16324
2025-12-23 10:30:00+05:30,852.2000122070312,853.0,852.2000122070312,852.8499755859375,9545
2025-12-23 10:35:00+05:30,852.5999755859375,852.9000244140625,851.9000244140625,852.8499755859375,5507
2025-12-23 10:40:00+05:30,852.7999877929688,852.9500122070312,852.5,852.5999755859375,6085
2025-12-23 10:45:00+05:30,852.5999755859375,852.5999755859375,851.7999877929688,852.5,8631
2025-12-23 10:50:00+05:30,852.5,852.5,851.3499755859375,851.3499755859375,3901
2025-12-23 10:55:00+05:30,851.5,851.5,850.9500122070312,851.1500244140625,7445
2025-12-23 11:00:00+05:30,851.1500244140625,852.4000244140625,850.9500122070312,851.8499755859375,6303
2025-12-23 11:05:00+05:30,851.7000122070312,854.4500122070312,851.5,854.0499877929688,49541
2025-12-23 11:10:00+05:30,854.2999877929688,855.1500244140625,854.2999877929688,854.7000122070312,57648
2025-12-23 11:15:00+05:30,854.7000122070312,855.1500244140625,854.5499877929688,854.7999877929688,33705
2025-12-23 11:20:00+05:30,854.7999877929688,854.7999877929688,853.75,854.5499877929688,65365
2025-12-23 11:25:00+05:30,854.5499877929688,854.8499755859375,854.0,854.5999755859375,51657
2025-12-23 11:30:00+05:30,854.5999755859375,855.0,852.2999877929688,852.6500244140625,36073
2025-12-23 11:35:00+05:30,853.0,853.2000122070312,851.0499877929688,851.0499877929688,46933
2025-12-23 11:40:00+05:30,851.0999755859375,851.4000244140625,850.0,850.1500244140625,14919
2025-12-23 11:45:00+05:30,850.0999755859375,850.6500244140625,849.0,849.4000244140625,23268
2025-12-23 11:50:00+05:30,849.3499755859375,850.2000122070312,849.3499755859375,850.0,11510
2025-12-23 11:55:00+05:30,849.8499755859375,850.3499755859375,849.5999755859375,850.3499755859375,4043
2025-12-23 12:00:00+05:30,850.3499755859375,850.5,850.0,850.4000244140625,3746
2025-12-23 12:05:00+05:30,850.4000244140625,851.3499755859375,850.25,851.1500244140625,5286
2025-12-23 12:10:00+05:30,851.3499755859375,851.5,850.5,850.5999755859375,3051
2025-12-23 12:15:00+05:30,850.5999755859375,851.0,850.0,850.1500244140625,3890
2025-12-23 12:20:00+05:30,850.2999877929688,850.6500244140625,849.9500122070312,850.5,4864
2025-12-23 12:25:00+05:30,850.5,850.6500244140625,850.0,850.5499877929688,4057
2025-12-23 12:30:00+05:30,850.5,850.5,849.1500244140625,849.1500244140625,6611
2025-12-23 12:35:00+05:30,849.2000122070312,850.0999755859375,848.3499755859375,849.9500122070312,15307
2025-12-23 12:40:00+05:30,849.9500122070312,850.4500122070312,849.5499877929688,849.8499755859375,6168
2025-12-23 12:45:00+05:30,849.8499755859375,850.2000122070312,849.3499755859375,849.5999755859375,7781
2025-12-23 12:50:00+05:30,849.5999755859375,849.7999877929688,849.2999877929688,849.75,2364
2025-12-23 12:55:00+05:30,849.75,850.0,849.0999755859375,849.4500122070312,3998
2025-12-23 13:00:00+05:30,849.4500122070312,849.75,848.5,849.0499877929688,7214
2025-12-23 13:05:00+05:30,848.75,850.0499877929688,848.5999755859375,850.0499877929688,14778
2025-12-23 13:10:00+05:30,850.2999877929688,850.6500244140625,850.0,850.1500244140625,12701
2025-12-23 13:15:00+05:30,850.1500244140625,850.5999755859375,850.0,850.2999877929688,6864
2025-12-23 13:20:00+05:30,850.5,850.7999877929688,850.0499877929688,850.0499877929688,5282
2025-12-23 13:25:00+05:30,850.2000122070312,850.2999877929688,850.0,850.0999755859375,3189
2025-12-23 13:30:00+05:30,850.0999755859375,850.25,849.4500122070312,849.4500122070312,3794
2025-12-23 13:35:00+05:30,849.4500122070312,849.4500122070312,848.75,848.9000244140625,15829
2025-12-23 13:40:00+05:30,848.9000244140625,849.0499877929688,848.75,849.0499877929688,5814
2025-12-23 13:45:00+05:30,848.9000244140625,849.2000122070312,848.7000122070312,849.0499877929688,5563
2025-12-23 13:50:00+05:30,849.0,849.8499755859375,848.5499877929688,849.8499755859375,8630
2025-12-23 13:55:00+05:30,849.8499755859375,850.2999877929688,849.5999755859375,849.7000122070312,3683
2025-12-23 14:00:00+05:30,849.7000122070312,849.7000122070312,849.4000244140625,849.5,3455
2025-12-23 14:05:00+05:30,849.5,849.6500244140625,849.0499877929688,849.1500244140625,2765
2025-12-23 14:10:00+05:30,849.1500244140625,849.2999877929688,848.7999877929688,849.1500244140625,5159
2025-12-23 14:15:00+05:30,849.1500244140625,849.5,848.9000244140625,849.2999877929688,3550
2025-12-23 14:20:00+05:30,849.2999877929688,849.4000244140625,848.2999877929688,849.0,22720
2025-12-23 14:25:00+05:30,849.0,849.0999755859375,848.0,848.3499755859375,14088
2025-12-23 14:30:00+05:30,848.3499755859375,848.3499755859375,847.5,847.7000122070312,11760
2025-12-23 14:35:00+05:30,847.7000122070312,848.4500122070312,847.5,848.2000122070312,5442
2025-12-23 14:40:00+05:30,848.4000244140625,848.4000244140625,847.4000244140625,847.5,6438
2025-12-23 14:45:00+05:30,847.1500244140625,848.4500122070312,846.8499755859375,848.2999877929688,19010
2025-12-23 14:50:00+05:30,848.2999877929688,848.5,847.8499755859375,848.2999877929688,16603
2025-12-23 14:55:00+05:30,848.2000122070312,848.7999877929688,847.9500122070312,848.5,23111
2025-12-23 15:00:00+05:30,849.4000244140625,850.8499755859375,849.2000122070312,849.7000122070312,45007
2025-12-23 15:05:00+05:30,850.1500244140625,851.6500244140625,850.0499877929688,850.5,82123
2025-12-23 15:10:00+05:30,850.5,851.1500244140625,850.3499755859375,850.9500122070312,44956
2025-12-23 15:15:00+05:30,850.9500122070312,851.0999755859375,850.0,850.0499877929688,74078
2025-12-23 15:20:00+05:30,850.25,850.5,848.5,848.7000122070312,48965
2025-12-23 15:25:00+05:30,848.6500244140625,848.7000122070312,846.25,846.4000244140625,77711
2025-12-24 09:20:00+05:30,847.1500244140625,850.25,846.5,848.9000244140625,44419
2025-12-24 09:25:00+05:30,848.9500122070312,849.2999877929688,847.0499877929688,847.75,48123
2025-12-24 09:30:00+05:30,847.75,850.7999877929688,847.5,850.6500244140625,50252
2025-12-24 09:35:00+05:30,850.5499877929688,850.75,849.5,849.7000122070312,50461
2025-12-24 09:40:00+05:30,849.75,850.4500122070312,849.25,849.7000122070312,13810
2025-12-24 09:45:00+05:30,849.7999877929688,851.5999755859375,849.2999877929688,849.9000244140625,32470
2025-12-24 09:50:00+05:30,849.75,850.0,848.5999755859375,849.5499877929688,19204
2025-12-24 09:55:00+05:30,849.5,850.25,848.5499877929688,849.5499877929688,23675
2025-12-24 10:00:00+05:30,849.75,850.0,848.9500122070312,849.3499755859375,8263
2025-12-24 10:05:00+05:30,849.0999755859375,849.6500244140625,848.7999877929688,849.5499877929688,10102
2025-12-24 10:10:00+05:30,849.0,850.4000244140625,849.0,850.2999877929688,12938
2025-12-24 10:15:00+05:30,850.2999877929688,853.5999755859375,850.0499877929688,853.0,39113
2025-12-24 10:20:00+05:30,853.0,853.0,852.25,852.25,8236
2025-12-24 10:25:00+05:30,852.2000122070312,853.7999877929688,852.2000122070312,852.5499877929688,31722
2025-12-24 10:30:00+05:30,852.5499877929688,853.8499755859375,852.2999877929688,853.4000244140625,26964
2025-12-24 10:35:00+05:30,853.0,854.0,852.6500244140625,853.5499877929688,26979
2025-12-24 10:40:00+05:30,853.5499877929688,853.7999877929688,852.9000244140625,853.0499877929688,15211
2025-12-24 10:45:00+05:30,853.0,853.1500244140625,852.9500122070312,853.0,10711
2025-12-24 10:50:00+05:30,853.1500244140625,853.6500244140625,852.75,853.6500244140625,15667
2025-12-24 10:55:00+05:30,853.5,858.8499755859375,853.5,857.7999877929688,174755
2025-12-24 11:00:00+05:30,858.8499755859375,858.8499755859375,856.25,856.25,90225
2025-12-24 11:05:00+05:30,856.5,857.4000244140625,855.2999877929688,855.4500122070312,86681
2025-12-24 11:10:00+05:30,855.8499755859375,855.9000244140625,855.0,855.0,30640
2025-12-24 11:15:00+05:30,855.0999755859375,855.0999755859375,853.2999877929688,854.2000122070312,32670
2025-12-24 11:20:00+05:30,854.2000122070312,855.0999755859375,851.0999755859375,851.1500244140625,68298
2025-12-24 11:25:00+05:30,851.1500244140625,851.75,850.5,850.5999755859375,23117
2025-12-24 11:30:00+05:30,850.6500244140625,851.4000244140625,850.0499877929688,851.0,29882
2025-12-24 11:35:00+05:30,851.2000122070312,851.6500244140625,850.7999877929688,851.0499877929688,14934
2025-12-24 11:40:00+05:30,851.1500244140625,851.1500244140625,849.5,849.5999755859375,32310
2025-12-24 11:45:00+05:30,849.5999755859375,850.0499877929688,849.0,849.8499755859375,27178
2025-12-24 11:50:00+05:30,849.7000122070312,850.0,849.4000244140625,849.7999877929688,5034
2025-12-24 11:55:00+05:30,849.5,850.3499755859375,849.5,850.25,6811
2025-12-24 12:00:00+05:30,850.2000122070312,850.3499755859375,849.25,849.9000244140625,19703
2025-12-24 12:05:00+05:30,849.7999877929688,849.9500122070312,848.9500122070312,849.3499755859375,12083
2025-12-24 12:10:00+05:30,849.3499755859375,849.3499755859375,848.5999755859375,849.0999755859375,6284
2025-12-24 12:15:00+05:30,849.0999755859375,849.2999877929688,848.4500122070312,848.5,8810
2025-12-24 12:20:00+05:30,848.7999877929688,848.9000244140625,848.0,848.5,11140
2025-12-24 12:25:00+05:30,848.5,848.9000244140625,848.0999755859375,848.5,16497
2025-12-24 12:30:00+05:30,848.5,849.1500244140625,848.25,848.5999755859375,3518
2025-12-24 12:35:00+05:30,848.2999877929688,848.75,848.25,848.4000244140625,6502
2025-12-24 12:40:00+05:30,848.5,848.8499755859375,848.2999877929688,848.5499877929688,5877
2025-12-24 12:45:00+05:30,848.3499755859375,848.8499755859375,847.7999877929688,848.0499877929688,13997
2025-12-24 12:50:00+05:30,848.4000244140625,848.75,847.6500244140625,847.7999877929688,21378
2025-12-24 12:55:00+05:30,848.0,848.7000122070312,847.7999877929688,848.2999877929688,5762
2025-12-24 13:00:00+05:30,848.2999877929688,849.25,848.0499877929688,849.0,19290
2025-12-24 13:05:00+05:30,848.75,850.9000244140625,848.75,850.4000244140625,45053
2025-12-24 13:10:00+05:30,850.4000244140625,850.9500122070312,849.5,850.6500244140625,11462
2025-12-24 13:15:00+05:30,850.2000122070312,850.4000244140625,849.2000122070312,849.9000244140625,11164
2025-12-24 13:20:00+05:30,849.8499755859375,850.2000122070312,849.5,849.9500122070312,8756
2025-12-24 13:25:00+05:30,849.9500122070312,851.0,849.5999755859375,850.7999877929688,10473
2025-12-24 13:30:00+05:30,850.7999877929688,850.7999877929688,849.1500244140625,849.6500244140625,8841
2025-12-24 13:35:00+05:30,849.7000122070312,850.0,849.4000244140625,849.5499877929688,6156
2025-12-24 13:40:00+05:30,849.5499877929688,849.9500122070312,849.2999877929688,849.75,2852
2025-12-24 13:45:00+05:30,849.75,850.3499755859375,849.4500122070312,850.3499755859375,4713
2025-12-24 13:50:00+05:30,850.4500122070312,850.75,850.0,850.1500244140625,16896
2025-12-24 13:55:00+05:30,850.5999755859375,850.5999755859375,849.4500122070312,849.4500122070312,21517
2025-12-24 14:00:00+05:30,849.4500122070312,849.5,848.2000122070312,849.0,11549
2025-12-24 14:05:00+05:30,849.0,849.2000122070312,847.9000244140625,849.0,13055
2025-12-24 14:10:00+05:30,848.6500244140625,848.9500122070312,848.2000122070312,848.5499877929688,6842
2025-12-24 14:15:00+05:30,848.9500122070312,849.0499877929688,848.3499755859375,848.5499877929688,4277
2025-12-24 14:20:00+05:30,848.5499877929688,848.75,847.5999755859375,847.6500244140625,21657
2025-12-24 14:25:00+05:30,847.9000244140625,848.0499877929688,847.2999877929688,847.5999755859375,8653
2025-12-24 14:30:00+05:30,847.5999755859375,847.7999877929688,846.4000244140625,846.7000122070312,21442
2025-12-24 14:35:00+05:30,846.7999877929688,847.2999877929688,846.0,846.5,31055
2025-12-24 14:40:00+05:30,846.0999755859375,848.0,845.9000244140625,847.75,22821
2025-12-24 14:45:00+05:30,847.8499755859375,848.0,847.2999877929688,847.5999755859375,21028
2025-12-24 14:50:00+05:30,847.2999877929688,848.7000122070312,847.2999877929688,848.25,37917
2025-12-24 14:55:00+05:30,848.4000244140625,848.9000244140625,847.8499755859375,848.5999755859375,38206
2025-12-24 15:00:00+05:30,849.25,849.2999877929688,848.1500244140625,848.5,28145
2025-12-24 15:05:00+05:30,848.4000244140625,848.5,846.6500244140625,847.1500244140625,20706
2025-12-24 15:10:00+05:30,847.25,848.1500244140625,846.4000244140625,847.5499877929688,21040
2025-12-24 15:15:00+05:30,847.7999877929688,848.4500122070312,847.2000122070312,848.4500122070312,66885
2025-12-24 15:20:00+05:30,848.5,848.5,847.9500122070312,848.3499755859375,39808
2025-12-24 15:25:00+05:30,848.3499755859375,849.0,847.9500122070312,848.2000122070312,53226
2025-12-26 09:20:00+05:30,846.2999877929688,847.0,844.0,844.25,63865
2025-12-26 09:25:00+05:30,844.3499755859375,844.9000244140625,843.5499877929688,844.0,28766
2025-12-26 09:30:00+05:30,844.1500244140625,846.0,842.0999755859375,845.9000244140625,30105
2025-12-26 09:35:00+05:30,845.9500122070312,851.3499755859375,845.5999755859375,849.3499755859375,91210
2025-12-26 09:40:00+05:30,849.0,852.5,848.2999877929688,851.5999755859375,70228
2025-12-26 09:45:00+05:30,851.0,852.5,851.0,852.5,31608
2025-12-26 09:50:00+05:30,852.9500122070312,855.2000122070312,852.7999877929688,854.1500244140625,78174
2025-12-26 09:55:00+05:30,854.1500244140625,857.0499877929688,853.7999877929688,855.5999755859375,111245
2025-12-26 10:00:00+05:30,855.5999755859375,857.75,855.5,857.5,224504
2025-12-26 10:05:00+05:30,857.9500122070312,858.8499755859375,854.0,854.5999755859375,183218
2025-12-26 10:10:00+05:30,854.5499877929688,854.7999877929688,852.7999877929688,853.3499755859375,85331
2025-12-26 10:15:00+05:30,853.25,853.4000244140625,851.5,852.0499877929688,72829
2025-12-26 10:20:00+05:30,852.0499877929688,855.5,851.5,854.7999877929688,46483
2025-12-26 10:25:00+05:30,854.5999755859375,854.8499755859375,853.2999877929688,854.4000244140625,40906
2025-12-26 10:30:00+05:30,854.4000244140625,854.5999755859375,852.2000122070312,852.5999755859375,71164
2025-12-26 10:35:00+05:30,852.5999755859375,853.9000244140625,852.5999755859375,853.4000244140625,29455
2025-12-26 10:40:00+05:30,853.4500122070312,854.5,852.7999877929688,853.1500244140625,31203
2025-12-26 10:45:00+05:30,853.1500244140625,853.7000122070312,852.5999755859375,853.1500244140625,6907
2025-12-26 10:50:00+05:30,853.1500244140625,853.2999877929688,851.7000122070312,852.4000244140625,23429
2025-12-26 10:55:00+05:30,852.4000244140625,853.4000244140625,852.4000244140625,853.0999755859375,10787
2025-12-26 11:00:00+05:30,853.1500244140625,853.4500122070312,852.75,853.0499877929688,7083
2025-12-26 11:05:00+05:30,852.8499755859375,853.0,852.4000244140625,852.5999755859375,7227
2025-12-26 11:10:00+05:30,852.4000244140625,852.8499755859375,851.5999755859375,852.3499755859375,561685
2025-12-26 11:15:00+05:30,852.5,854.9500122070312,852.3499755859375,854.4000244140625,40460
2025-12-26 11:20:00+05:30,854.25,855.1500244140625,854.0,854.25,41377
2025-12-26 11:25:00+05:30,854.5499877929688,856.7999877929688,854.4000244140625,856.1500244140625,48735
2025-12-26 11:30:00+05:30,856.3499755859375,856.3499755859375,853.75,853.75,12928
2025-12-26 11:35:00+05:30,853.9500122070312,855.5499877929688,853.6500244140625,853.9500122070312,375832
2025-12-26 11:40:00+05:30,853.9500122070312,854.0,852.4000244140625,852.9500122070312,21269
2025-12-26 11:45:00+05:30,852.8499755859375,852.9500122070312,851.75,852.25,25686
2025-12-26 11:50:00+05:30,852.4000244140625,853.3499755859375,852.0499877929688,853.0999755859375,14628
2025-12-26 11:55:00+05:30,853.0,853.5499877929688,852.5,853.0499877929688,10167
2025-12-26 12:00:00+05:30,853.3499755859375,853.5499877929688,852.9500122070312,853.0,6380
2025-12-26 12:05:00+05:30,853.0,853.25,852.25,852.5999755859375,34855
2025-12-26 12:10:00+05:30,852.4500122070312,853.8499755859375,852.4000244140625,853.5,10672
2025-12-26 12:15:00+05:30,853.5999755859375,854.1500244140625,853.0,853.0499877929688,17663
2025-12-26 12:20:00+05:30,853.2999877929688,853.5999755859375,852.2999877929688,853.4000244140625,20451
2025-12-26 12:25:00+05:30,853.2999877929688,854.0,853.0,853.3499755859375,36364
2025-12-26 12:30:00+05:30,853.3499755859375,854.4000244140625,852.7999877929688,853.7999877929688,17823
2025-12-26 12:35:00+05:30,853.8499755859375,853.9500122070312,853.0499877929688,853.4000244140625,5751
2025-12-26 12:40:00+05:30,853.3499755859375,853.6500244140625,853.0499877929688,853.5999755859375,7800
2025-12-26 12:45:00+05:30,853.5,853.7999877929688,853.0999755859375,853.3499755859375,5079
2025-12-26 12:50:00+05:30,853.3499755859375,853.3499755859375,852.5,852.5999755859375,11811
2025-12-26 12:55:00+05:30,852.5999755859375,857.4500122070312,852.5999755859375,856.2999877929688,273888
2025-12-26 13:00:00+05:30,856.2999877929688,857.7999877929688,855.5999755859375,856.7999877929688,45120
2025-12-26 13:05:00+05:30,856.7999877929688,856.7999877929688,855.2000122070312,855.5499877929688,26633
2025-12-26 13:10:00+05:30,855.4500122070312,856.4500122070312,855.0,855.4500122070312,25619
2025-12-26 13:15:00+05:30,855.4500122070312,855.9000244140625,855.2000122070312,855.2999877929688,16377
2025-12-26 13:20:00+05:30,855.25,855.7000122070312,855.25,855.4000244140625,10853
2025-12-26 13:25:00+05:30,855.25,856.7999877929688,854.6500244140625,856.2999877929688,22846
2025-12-26 13:30:00+05:30,856.5,856.5,854.7000122070312,855.0999755859375,12742
2025-12-26 13:35:00+05:30,855.2000122070312,855.8499755859375,855.0999755859375,855.7999877929688,11592
2025-12-26 13:40:00+05:30,855.7000122070312,856.4000244140625,855.2000122070312,855.6500244140625,15871
2025-12-26 13:45:00+05:30,855.5999755859375,856.25,854.8499755859375,855.0,13653
2025-12-26 13:50:00+05:30,855.1500244140625,855.4000244140625,854.2000122070312,854.5,15067
2025-12-26 13:55:00+05:30,854.8499755859375,855.25,854.2999877929688,854.75,9889
2025-12-26 14:00:00+05:30,854.75,855.4500122070312,854.5,855.0499877929688,11789
2025-12-26 14:05:00+05:30,855.2000122070312,855.5499877929688,854.8499755859375,854.9500122070312,18382
2025-12-26 14:10:00+05:30,855.1500244140625,855.3499755859375,853.5999755859375,853.7000122070312,39306
2025-12-26 14:15:00+05:30,853.5999755859375,853.75,852.7000122070312,852.9000244140625,22255
2025-12-26 14:20:00+05:30,852.7999877929688,853.0,850.4000244140625,850.8499755859375,134170
2025-12-26 14:25:00+05:30,850.9000244140625,852.2999877929688,850.9000244140625,851.75,66119
2025-12-26 14:30:00+05:30,851.9000244140625,852.4000244140625,851.3499755859375,851.3499755859375,38369
2025-12-26 14:35:00+05:30,851.2999877929688,851.9000244140625,850.5999755859375,851.0,39510
2025-12-26 14:40:00+05:30,850.8499755859375,851.5999755859375,850.8499755859375,851.2000122070312,16247
2025-12-26 14:45:00+05:30,850.8499755859375,850.8499755859375,849.6500244140625,850.2000122070312,33957
2025-12-26 14:50:00+05:30,850.2000122070312,850.25,849.4500122070312,850.0,46893
2025-12-26 14:55:00+05:30,850.0,850.9500122070312,849.75,850.9500122070312,20973
2025-12-26 15:00:00+05:30,850.9000244140625,852.9000244140625,850.7000122070312,851.25,41354
2025-12-26 15:05:00+05:30,851.25,851.7999877929688,850.2999877929688,850.7000122070312,25061
2025-12-26 15:10:00+05:30,850.5499877929688,851.7000122070312,850.5499877929688,851.25,37363
2025-12-26 15:15:00+05:30,851.2000122070312,851.25,848.7000122070312,848.7000122070312,75010
2025-12-26 15:20:00+05:30,848.5499877929688,849.0,848.0499877929688,848.2000122070312,54122
2025-12-26 15:25:00+05:30,848.4500122070312,849.8499755859375,846.1500244140625,849.8499755859375,64042
2025-12-29 09:20:00+05:30,848.2999877929688,849.5499877929688,847.5,849.4000244140625,29441
2025-12-29 09:25:00+05:30,849.25,851.8499755859375,848.8499755859375,851.7999877929688,54152
2025-12-29 09:30:00+05:30,852.4000244140625,854.5,851.2999877929688,852.4000244140625,60697
2025-12-29 09:35:00+05:30,852.0499877929688,853.2000122070312,852.0499877929688,852.5,29747
2025-12-29 09:40:00+05:30,852.7999877929688,852.7999877929688,851.4500122070312,851.5999755859375,27856
2025-12-29 09:45:00+05:30,851.4000244140625,852.0,851.0,852.0,21824
2025-12-29 09:50:00+05:30,852.0,852.0,849.0999755859375,849.75,61188
2025-12-29 09:55:00+05:30,849.5499877929688,850.3499755859375,848.4500122070312,849.25,26186
2025-12-29 10:00:00+05:30,848.4000244140625,848.5,847.0999755859375,848.2999877929688,35188
2025-12-29 10:05:00+05:30,848.25,848.75,847.5499877929688,848.75,17485
2025-12-29 10:10:00+05:30,848.75,852.1500244140625,848.75,850.6500244140625,51867
2025-12-29 10:15:00+05:30,851.0,851.0,847.3499755859375,848.2000122070312,25782
2025-12-29 10:20:00+05:30,848.1500244140625,850.0,847.7000122070312,850.0,11816
2025-12-29 10:25:00+05:30,849.9000244140625,850.25,848.8499755859375,849.5999755859375,15073
2025-12-29 10:30:00+05:30,849.2999877929688,850.4000244140625,848.8499755859375,849.9000244140625,20743
2025-12-29 10:35:00+05:30,849.7999877929688,850.6500244140625,849.5,849.7999877929688,10759
2025-12-29 10:40:00+05:30,849.7999877929688,850.5999755859375,849.5999755859375,850.3499755859375,13675
2025-12-29 10:45:00+05:30,850.3499755859375,850.4000244140625,849.5499877929688,850.0999755859375,12063
2025-12-29 10:50:00+05:30,850.0999755859375,852.0,849.8499755859375,851.7000122070312,33883
2025-12-29 10:55:00+05:30,851.5,851.5,849.7999877929688,849.9500122070312,25505
2025-12-29 11:00:00+05:30,849.9500122070312,850.2000122070312,849.25,849.75,21007
2025-12-29 11:05:00+05:30,849.7000122070312,849.7000122070312,848.0999755859375,848.75,30131
2025-12-29 11:10:00+05:30,848.75,848.9500122070312,848.0499877929688,848.5499877929688,20387
2025-12-29 11:15:00+05:30,848.5499877929688,849.0,846.5999755859375,846.5999755859375,28997
2025-12-29 11:20:00+05:30,846.9000244140625,847.1500244140625,845.0,845.0499877929688,31407
2025-12-29 11:25:00+05:30,845.0,845.0499877929688,841.9500122070312,842.0,46930
2025-12-29 11:30:00+05:30,842.0,842.1500244140625,841.4000244140625,841.7000122070312,18784
2025-12-29 11:35:00+05:30,841.5999755859375,841.9000244140625,840.25,840.7999877929688,22364
2025-12-29 11:40:00+05:30,840.5499877929688,840.8499755859375,840.2000122070312,840.5499877929688,25199
2025-12-29 11:45:00+05:30,840.0499877929688,841.25,840.0499877929688,840.5,31682
2025-12-29 11:50:00+05:30,840.2999877929688,841.2000122070312,840.0999755859375,840.7000122070312,33894
2025-12-29 11:55:00+05:30,840.6500244140625,840.6500244140625,840.0,840.25,18275
2025-12-29 12:00:00+05:30,840.0999755859375,840.4000244140625,838.4500122070312,838.6500244140625,23771
2025-12-29 12:05:00+05:30,838.6500244140625,839.0,838.0999755859375,838.4000244140625,15563
2025-12-29 12:10:00+05:30,838.4000244140625,839.2999877929688,838.1500244140625,838.5,28508
2025-12-29 12:15:00+05:30,838.2000122070312,839.0,837.5499877929688,837.5499877929688,21249
2025-12-29 12:20:00+05:30,837.5499877929688,837.6500244140625,836.75,836.7999877929688,20166
2025-12-29 12:25:00+05:30,836.7999877929688,837.6500244140625,836.6500244140625,837.6500244140625,13951
2025-12-29 12:30:00+05:30,837.2999877929688,838.7999877929688,837.2000122070312,837.5,23702
2025-12-29 12:35:00+05:30,837.5499877929688,839.25,837.3499755859375,838.5499877929688,30274
2025-12-29 12:40:00+05:30,838.4000244140625,838.75,837.75,838.3499755859375,12367
2025-12-29 12:45:00+05:30,838.3499755859375,839.0499877929688,838.1500244140625,838.4500122070312,11252
2025-12-29 12:50:00+05:30,838.5999755859375,840.5,838.5499877929688,840.0,51680
2025-12-29 12:55:00+05:30,840.0,840.5,839.1500244140625,839.5,53823
2025-12-29 13:00:00+05:30,839.4000244140625,840.3499755859375,839.3499755859375,840.0,18437
2025-12-29 13:05:00+05:30,840.0,840.4000244140625,839.0999755859375,839.7000122070312,22621
2025-12-29 13:10:00+05:30,839.7000122070312,840.5,839.4000244140625,840.2000122070312,10669
2025-12-29 13:15:00+05:30,840.4000244140625,840.5,840.2000122070312,840.4500122070312,8351
2025-12-29 13:20:00+05:30,840.2999877929688,840.4500122070312,839.8499755859375,839.9500122070312,8285
2025-12-29 13:25:00+05:30,839.75,840.25,839.2000122070312,839.9500122070312,10206
2025-12-29 13:30:00+05:30,839.9500122070312,840.0,838.7999877929688,839.1500244140625,15904
2025-12-29 13:35:00+05:30,839.2000122070312,840.9500122070312,838.7000122070312,840.4500122070312,15759
2025-12-29 13:40:00+05:30,840.25,841.2000122070312,840.0,840.5,12027
2025-12-29 13:45:00+05:30,840.5,840.7999877929688,839.75,839.7999877929688,8279
2025-12-29 13:50:00+05:30,839.7999877929688,840.5499877929688,839.4500122070312,839.9500122070312,15991
2025-12-29 13:55:00+05:30,839.9000244140625,840.0999755859375,839.75,840.0999755859375,7983
2025-12-29 14:00:00+05:30,840.0999755859375,840.2999877929688,839.7000122070312,840.0999755859375,8632
2025-12-29 14:05:00+05:30,840.0499877929688,843.25,840.0499877929688,842.2000122070312,33613
2025-12-29 14:10:00+05:30,842.25,842.25,840.25,840.3499755859375,10360
2025-12-29 14:15:00+05:30,840.2000122070312,840.2999877929688,839.0999755859375,839.4000244140625,12472
2025-12-29 14:20:00+05:30,839.3499755859375,839.9000244140625,839.1500244140625,839.4500122070312,9188
2025-12-29 14:25:00+05:30,839.5,840.4500122070312,839.4000244140625,840.0,11761
2025-12-29 14:30:00+05:30,840.0,840.5999755859375,839.4500122070312,840.5499877929688,15363
2025-12-29 14:35:00+05:30,840.5499877929688,840.8499755859375,840.0,840.3499755859375,17933
2025-12-29 14:40:00+05:30,840.6500244140625,840.9500122070312,840.0,840.2999877929688,16673
2025-12-29 14:45:00+05:30,840.2999877929688,840.5999755859375,839.7000122070312,839.9500122070312,15263
2025-12-29 14:50:00+05:30,839.9500122070312,839.9500122070312,838.1500244140625,838.5,18653
2025-12-29 14:55:00+05:30,838.4500122070312,840.5499877929688,838.0,840.2000122070312,39967
2025-12-29 15:00:00+05:30,840.0999755859375,840.9000244140625,839.4500122070312,840.0999755859375,44890
2025-12-29 15:05:00+05:30,840.0,840.25,839.25,839.4500122070312,35852
2025-12-29 15:10:00+05:30,839.5,840.0999755859375,839.25,839.7999877929688,44100
2025-12-29 15:15:00+05:30,839.9000244140625,840.0499877929688,839.4000244140625,839.75,52514
2025-12-29 15:20:00+05:30,839.0499877929688,839.9000244140625,838.9000244140625,839.25,51567
2025-12-29 15:25:00+05:30,838.6500244140625,839.2000122070312,838.0999755859375,839.2000122070312,41547
2025-12-30 09:20:00+05:30,840.4000244140625,841.4000244140625,839.8499755859375,839.9500122070312,25515
2025-12-30 09:25:00+05:30,839.6500244140625,840.5,838.8499755859375,838.8499755859375,16371
2025-12-30 09:30:00+05:30,839.0,840.7999877929688,838.2999877929688,840.6500244140625,14464
2025-12-30 09:35:00+05:30,840.2999877929688,841.0,840.2999877929688,840.5499877929688,12290
2025-12-30 09:40:00+05:30,840.5499877929688,841.1500244140625,840.25,840.7000122070312,11750
2025-12-30 09:45:00+05:30,840.7000122070312,841.2000122070312,840.0,840.0999755859375,12006
2025-12-30 09:50:00+05:30,840.0999755859375,840.9500122070312,839.6500244140625,840.9500122070312,14709
2025-12-30 09:55:00+05:30,840.7999877929688,842.3499755859375,840.2000122070312,841.7000122070312,29997
2025-12-30 10:00:00+05:30,841.9000244140625,842.5,841.2000122070312,841.9000244140625,19966
2025-12-30 10:05:00+05:30,841.7999877929688,841.7999877929688,840.0,840.0,15502
2025-12-30 10:10:00+05:30,840.0999755859375,840.7999877929688,838.3499755859375,840.1500244140625,60183
2025-12-30 10:15:00+05:30,840.1500244140625,841.0999755859375,840.1500244140625,840.2999877929688,40931
2025-12-30 10:20:00+05:30,840.2999877929688,840.8499755859375,839.75,839.8499755859375,36451
2025-12-30 10:25:00+05:30,839.8499755859375,840.0499877929688,839.2000122070312,839.6500244140625,20378
2025-12-30 10:30:00+05:30,839.6500244140625,840.9500122070312,839.6500244140625,840.5,50139
2025-12-30 10:35:00+05:30,840.5,840.5,839.5499877929688,840.0,8910
2025-12-30 10:40:00+05:30,840.0999755859375,840.0999755859375,838.4000244140625,838.4000244140625,10419
2025-12-30 10:45:00+05:30,838.2000122070312,838.3499755859375,837.0999755859375,837.9500122070312,18339
2025-12-30 10:50:00+05:30,838.0999755859375,838.1500244140625,836.3499755859375,836.6500244140625,43436
2025-12-30 10:55:00+05:30,836.5,838.0999755859375,836.25,837.5499877929688,29141
2025-12-30 11:00:00+05:30,837.5499877929688,837.8499755859375,836.7999877929688,837.0499877929688,43188
2025-12-30 11:05:00+05:30,836.9500122070312,837.9000244140625,836.8499755859375,837.25,17617
2025-12-30 11:10:00+05:30,837.25,837.7000122070312,836.0499877929688,837.2000122070312,39879
2025-12-30 11:15:00+05:30,837.1500244140625,838.4000244140625,837.0,837.9500122070312,28373
2025-12-30 11:20:00+05:30,837.9000244140625,838.9500122070312,837.6500244140625,838.5999755859375,12619
2025-12-30 11:25:00+05:30,838.5499877929688,839.2999877929688,838.2000122070312,839.25,5627
2025-12-30 11:30:00+05:30,839.2999877929688,839.75,838.6500244140625,838.9500122070312,23118
2025-12-30 11:35:00+05:30,839.0,839.1500244140625,838.1500244140625,838.2999877929688,13972
2025-12-30 11:40:00+05:30,838.3499755859375,838.7000122070312,837.9000244140625,838.5499877929688,24595
2025-12-30 11:45:00+05:30,838.7000122070312,838.7000122070312,837.8499755859375,838.2999877929688,17219
2025-12-30 11:50:00+05:30,838.2000122070312,838.4000244140625,836.2999877929688,836.6500244140625,48476
2025-12-30 11:55:00+05:30,836.6500244140625,836.6500244140625,835.0,835.1500244140625,29633
2025-12-30 12:00:00+05:30,835.25,836.0,834.2000122070312,834.9500122070312,26718
2025-12-30 12:05:00+05:30,834.9500122070312,835.0,833.9500122070312,834.9500122070312,32274
2025-12-30 12:10:00+05:30,834.8499755859375,835.4500122070312,833.2999877929688,833.2999877929688,38805
2025-12-30 12:15:00+05:30,833.2999877929688,834.4500122070312,833.2999877929688,834.0999755859375,18324
2025-12-30 12:20:00+05:30,834.0999755859375,835.0999755859375,833.9500122070312,835.0999755859375,25912
2025-12-30 12:25:00+05:30,835.0,835.1500244140625,834.2000122070312,835.0,34380
2025-12-30 12:30:00+05:30,834.9500122070312,835.9000244140625,834.3499755859375,834.3499755859375,27225
2025-12-30 12:35:00+05:30,834.2999877929688,836.2999877929688,834.2999877929688,836.2999877929688,62732
2025-12-30 12:40:00+05:30,836.2000122070312,836.4500122070312,834.7000122070312,835.6500244140625,110085
2025-12-30 12:45:00+05:30,835.5999755859375,836.2999877929688,835.2999877929688,836.2000122070312,26260
2025-12-30 12:50:00+05:30,836.0,836.2999877929688,835.1500244140625,835.7000122070312,23198
2025-12-30 12:55:00+05:30,835.5499877929688,836.1500244140625,834.0,834.5,89716
2025-12-30 13:00:00+05:30,834.4500122070312,834.9000244140625,833.2999877929688,833.5,25679
2025-12-30 13:05:00+05:30,833.5,835.4000244140625,833.3499755859375,835.25,43554
2025-12-30 13:10:00+05:30,835.1500244140625,836.0499877929688,834.5999755859375,834.6500244140625,33778
2025-12-30 13:15:00+05:30,834.7999877929688,835.4000244140625,834.5,835.0,44090
2025-12-30 13:20:00+05:30,835.0,835.2000122070312,834.4500122070312,834.7999877929688,23313
2025-12-30 13:25:00+05:30,834.7999877929688,835.1500244140625,834.0,834.6500244140625,30286
2025-12-30 13:30:00+05:30,834.7000122070312,835.0,833.75,834.9500122070312,43758
2025-12-30 13:35:00+05:30,834.6500244140625,835.9500122070312,834.6500244140625,835.7000122070312,31679
2025-12-30 13:40:00+05:30,835.7000122070312,837.5999755859375,835.4500122070312,836.1500244140625,47064
2025-12-30 13:45:00+05:30,836.0999755859375,840.6500244140625,835.7000122070312,840.5499877929688,144727
2025-12-30 13:50:00+05:30,840.8499755859375,841.5499877929688,839.4500122070312,840.0499877929688,62666
2025-12-30 13:55:00+05:30,840.2000122070312,841.0,839.5999755859375,839.8499755859375,30261
2025-12-30 14:00:00+05:30,839.7000122070312,840.9500122070312,839.25,840.75,56848
2025-12-30 14:05:00+05:30,840.9000244140625,840.9000244140625,838.5499877929688,839.2999877929688,35875
2025-12-30 14:10:00+05:30,839.25,839.9500122070312,838.75,839.5,32788
2025-12-30 14:15:00+05:30,839.5,840.5,839.0,839.5,42413
2025-12-30 14:20:00+05:30,839.2999877929688,840.1500244140625,838.4500122070312,839.6500244140625,54945
2025-12-30 14:25:00+05:30,839.25,839.8499755859375,838.4500122070312,839.0999755859375,33257
2025-12-30 14:30:00+05:30,839.2000122070312,840.3499755859375,838.7999877929688,840.3499755859375,35295
2025-12-30 14:35:00+05:30,840.3499755859375,840.3499755859375,838.9000244140625,839.0999755859375,30796
2025-12-30 14:40:00+05:30,839.0499877929688,841.7000122070312,839.0,841.7000122070312,35841
2025-12-30 14:45:00+05:30,841.4000244140625,844.0499877929688,841.0999755859375,842.8499755859375,55147
2025-12-30 14:50:00+05:30,842.9000244140625,843.0,842.1500244140625,842.4500122070312,23863
2025-12-30 14:55:00+05:30,842.5499877929688,843.5,842.25,842.4000244140625,39564
2025-12-30 15:00:00+05:30,841.0999755859375,842.4000244140625,840.4500122070312,840.4500122070312,332673
2025-12-30 15:05:00+05:30,840.2999877929688,843.5,840.2999877929688,843.2000122070312,328827
2025-12-30 15:10:00+05:30,843.1500244140625,843.7999877929688,841.5999755859375,841.5999755859375,369028
2025-12-30 15:15:00+05:30,841.5999755859375,842.4000244140625,840.7999877929688,841.6500244140625,327144
2025-12-30 15:20:00+05:30,841.4500122070312,841.7999877929688,840.0,841.25,332705
2025-12-30 15:25:00+05:30,841.25,842.6500244140625,838.0999755859375,841.5,278331
2025-12-31 09:20:00+05:30,848.2999877929688,852.7000122070312,848.0999755859375,849.7000122070312,108043
2025-12-31 09:25:00+05:30,849.5499877929688,852.25,848.9500122070312,849.75,38677
2025-12-31 09:30:00+05:30,849.3499755859375,851.5,849.25,851.4500122070312,27541
2025-12-31 09:35:00+05:30,852.2999877929688,852.8499755859375,848.0,849.3499755859375,58041
2025-12-31 09:40:00+05:30,849.75,849.75,846.2999877929688,846.2999877929688,26518
2025-12-31 09:45:00+05:30,846.4000244140625,848.2000122070312,846.2999877929688,848.2000122070312,7047
2025-12-31 09:50:00+05:30,848.2000122070312,851.4000244140625,848.2000122070312,849.5,30358
2025-12-31 09:55:00+05:30,849.7000122070312,851.7000122070312,849.7000122070312,850.7999877929688,16729
2025-12-31 10:00:00+05:30,851.1500244140625,851.2999877929688,849.75,850.9000244140625,5927
2025-12-31 10:05:00+05:30,850.6500244140625,851.5999755859375,850.0499877929688,851.1500244140625,11990
2025-12-31 10:10:00+05:30,851.4500122070312,852.9500122070312,851.0999755859375,851.1500244140625,40085
2025-12-31 10:15:00+05:30,851.5,852.5,850.5999755859375,851.1500244140625,36230
2025-12-31 10:20:00+05:30,851.1500244140625,851.2000122070312,850.25,850.7999877929688,13876
2025-12-31 10:25:00+05:30,850.8499755859375,850.8499755859375,850.0,850.5499877929688,8157
2025-12-31 10:30:00+05:30,850.5499877929688,851.0,849.9000244140625,850.7000122070312,6121
2025-12-31 10:35:00+05:30,851.0,851.0,850.0499877929688,850.2999877929688,4593
2025-12-31 10:40:00+05:30,850.2999877929688,851.4500122070312,849.9500122070312,850.9000244140625,7966
2025-12-31 10:45:00+05:30,851.0,851.2999877929688,849.5,849.5,10164
2025-12-31 10:50:00+05:30,849.7000122070312,849.75,848.5499877929688,849.75,16227
2025-12-31 10:55:00+05:30,849.5499877929688,854.1500244140625,849.5499877929688,852.7000122070312,46195
2025-12-31 11:00:00+05:30,853.0,854.5,852.75,854.3499755859375,45946
2025-12-31 11:05:00+05:30,854.3499755859375,856.5,854.2999877929688,855.5,50223
2025-12-31 11:10:00+05:30,855.5,856.9000244140625,855.4000244140625,856.7000122070312,42956
2025-12-31 11:15:00+05:30,856.6500244140625,858.25,856.0,857.4500122070312,50267
2025-12-31 11:20:00+05:30,857.4000244140625,857.5,855.75,856.4000244140625,32793
2025-12-31 11:25:00+05:30,856.5999755859375,856.6500244140625,855.6500244140625,856.4000244140625,16913
2025-12-31 11:30:00+05:30,856.0499877929688,858.7999877929688,856.0499877929688,858.7999877929688,39016
2025-12-31 11:35:00+05:30,858.4000244140625,858.7000122070312,857.75,857.9500122070312,22793
2025-12-31 11:40:00+05:30,857.9000244140625,858.0,856.3499755859375,856.3499755859375,8124
2025-12-31 11:45:00+05:30,856.4000244140625,856.7000122070312,855.0499877929688,856.0,15733
2025-12-31 11:50:00+05:30,856.25,857.0,856.0,856.75,5353
2025-12-31 11:55:00+05:30,857.0,857.2999877929688,856.7000122070312,857.0999755859375,6510
2025-12-31 12:00:00+05:30,857.2000122070312,857.5999755859375,856.8499755859375,857.0,13075
2025-12-31 12:05:00+05:30,856.7000122070312,857.9000244140625,856.0,857.7999877929688,19623
2025-12-31 12:10:00+05:30,857.7000122070312,858.3499755859375,857.3499755859375,858.3499755859375,38293
2025-12-31 12:15:00+05:30,858.4000244140625,858.5999755859375,857.7999877929688,858.0,10164
2025-12-31 12:20:00+05:30,858.2000122070312,858.2999877929688,856.25,857.25,16151
2025-12-31 12:25:00+05:30,857.3499755859375,861.5,857.1500244140625,860.7999877929688,74854
2025-12-31 12:30:00+05:30,860.7000122070312,861.0,859.4000244140625,860.3499755859375,26518
2025-12-31 12:35:00+05:30,860.3499755859375,862.2000122070312,860.2999877929688,860.5499877929688,46741
2025-12-31 12:40:00+05:30,860.5499877929688,862.9000244140625,860.5499877929688,862.5999755859375,40960
2025-12-31 12:45:00+05:30,862.5999755859375,865.6500244140625,862.5499877929688,864.5,95605
2025-12-31 12:50:00+05:30,864.5499877929688,866.25,864.25,865.4000244140625,56182
2025-12-31 12:55:00+05:30,865.6500244140625,867.0,865.0499877929688,866.6500244140625,94203
2025-12-31 13:00:00+05:30,867.1500244140625,867.4500122070312,864.5999755859375,864.9500122070312,71419
2025-12-31 13:05:00+05:30,864.7000122070312,865.5,864.6500244140625,865.0499877929688,26180
2025-12-31 13:10:00+05:30,865.0,865.9000244140625,865.0,865.25,26551
2025-12-31 13:15:00+05:30,865.0,865.4500122070312,863.2999877929688,865.0,44833
2025-12-31 13:20:00+05:30,865.0999755859375,868.3499755859375,865.0499877929688,867.5499877929688,43537
2025-12-31 13:25:00+05:30,867.4500122070312,867.5499877929688,865.5,866.3499755859375,17556
2025-12-31 13:30:00+05:30,866.4000244140625,867.0,865.5999755859375,865.7999877929688,28621
2025-12-31 13:35:00+05:30,865.7999877929688,866.7999877929688,865.4000244140625,865.6500244140625,93073
2025-12-31 13:40:00+05:30,865.6500244140625,868.0,865.5,867.75,48808
2025-12-31 13:45:00+05:30,867.9500122070312,868.7000122070312,867.5499877929688,868.6500244140625,39196
2025-12-31 13:50:00+05:30,868.4000244140625,869.0999755859375,867.9000244140625,869.0999755859375,52549
2025-12-31 13:55:00+05:30,869.0999755859375,869.5499877929688,868.2999877929688,868.7000122070312,41620
2025-12-31 14:00:00+05:30,868.7000122070312,868.8499755859375,865.7999877929688,866.0499877929688,35275
2025-12-31 14:05:00+05:30,866.25,866.25,864.4500122070312,865.6500244140625,45530
2025-12-31 14:10:00+05:30,865.7999877929688,866.5,865.1500244140625,865.5,18379
2025-12-31 14:15:00+05:30,865.5,865.9500122070312,863.5999755859375,863.8499755859375,57171
2025-12-31 14:20:00+05:30,863.8499755859375,864.25,861.7999877929688,861.9000244140625,46379
2025-12-31 14:25:00+05:30,862.0,863.2999877929688,861.7999877929688,862.0,39072
2025-12-31 14:30:00+05:30,862.0499877929688,862.75,861.9500122070312,862.25,23458
2025-12-31 14:35:00+05:30,862.4000244140625,863.5,861.7999877929688,863.5,33155
2025-12-31 14:40:00+05:30,862.9500122070312,863.5,862.2999877929688,862.75,23813
2025-12-31 14:45:00+05:30,862.75,864.5,862.5499877929688,864.0,13264
2025-12-31 14:50:00+05:30,864.0499877929688,865.9000244140625,864.0,864.8499755859375,34446
2025-12-31 14:55:00+05:30,864.5999755859375,865.4500122070312,862.9000244140625,863.7000122070312,26970
2025-12-31 15:00:00+05:30,864.2999877929688,864.2999877929688,862.5,862.9500122070312,61992
2025-12-31 15:05:00+05:30,862.9500122070312,863.4000244140625,862.6500244140625,863.25,50091
2025-12-31 15:10:00+05:30,863.4000244140625,863.7999877929688,863.1500244140625,863.4000244140625,54987
2025-12-31 15:15:00+05:30,863.4500122070312,864.75,863.4500122070312,864.0999755859375,97480
2025-12-31 15:20:00+05:30,864.0499877929688,865.0499877929688,864.0,865.0499877929688,108613
2025-12-31 15:25:00+05:30,865.4500122070312,866.3499755859375,865.0,865.5,82045
2026-01-01 09:20:00+05:30,865.2999877929688,869.0499877929688,864.5999755859375,865.4000244140625,74114
2026-01-01 09:25:00+05:30,864.5,866.4500122070312,863.9000244140625,866.4500122070312,38614
2026-01-01 09:30:00+05:30,865.7999877929688,866.3499755859375,864.7999877929688,865.6500244140625,17959
2026-01-01 09:35:00+05:30,865.9500122070312,866.0,865.0,865.25,9823
2026-01-01 09:40:00+05:30,865.6500244140625,869.9500122070312,865.6500244140625,868.0,44183
2026-01-01 09:45:00+05:30,867.6500244140625,867.6500244140625,865.7000122070312,866.5999755859375,14862
2026-01-01 09:50:00+05:30,866.9500122070312,867.7000122070312,865.0999755859375,865.2999877929688,14292
2026-01-01 09:55:00+05:30,865.7999877929688,867.5,865.5499877929688,867.5,45375
2026-01-01 10:00:00+05:30,867.6500244140625,869.0,866.5999755859375,868.25,17037
2026-01-01 10:05:00+05:30,868.2999877929688,868.5499877929688,867.0,867.25,5505
2026-01-01 10:10:00+05:30,867.25,867.9500122070312,866.8499755859375,867.5,7272
2026-01-01 10:15:00+05:30,867.5,867.5,865.5999755859375,866.5499877929688,21949
2026-01-01 10:20:00+05:30,866.5499877929688,867.5999755859375,866.0,867.0,12299
2026-01-01 10:25:00+05:30,866.8499755859375,869.9500122070312,866.8499755859375,869.9500122070312,36224
2026-01-01 10:30:00+05:30,869.9500122070312,871.4500122070312,869.0999755859375,870.8499755859375,98509
2026-01-01 10:35:00+05:30,871.0499877929688,873.8499755859375,870.2999877929688,872.75,55557
2026-01-01 10:40:00+05:30,872.7999877929688,879.6500244140625,871.2999877929688,878.9000244140625,91490
2026-01-01 10:45:00+05:30,879.5,879.5,876.0999755859375,877.0,80841
2026-01-01 10:50:00+05:30,877.0,880.4500122070312,876.0,880.0499877929688,52308
2026-01-01 10:55:00+05:30,880.4000244140625,880.5999755859375,877.0,877.1500244140625,131738
2026-01-01 11:00:00+05:30,877.1500244140625,878.0,875.4000244140625,877.0999755859375,46332
2026-01-01 11:05:00+05:30,877.5999755859375,878.8499755859375,877.0999755859375,878.7999877929688,41437
2026-01-01 11:10:00+05:30,879.0,879.5499877929688,877.0499877929688,878.5,48807
2026-01-01 11:15:00+05:30,878.3499755859375,881.2999877929688,877.75,881.0,57795
2026-01-01 11:20:00+05:30,881.0999755859375,882.9000244140625,881.0999755859375,882.9000244140625,88667
2026-01-01 11:25:00+05:30,883.0,884.0,881.3499755859375,883.8499755859375,70680
2026-01-01 11:30:00+05:30,883.9500122070312,884.9500122070312,882.5999755859375,884.0,89019
2026-01-01 11:35:00+05:30,883.8499755859375,884.7999877929688,883.2999877929688,884.7000122070312,35694
2026-01-01 11:40:00+05:30,884.75,885.7000122070312,884.25,884.9500122070312,93301
2026-01-01 11:45:00+05:30,885.0,885.5999755859375,884.0999755859375,884.4500122070312,49811
2026-01-01 11:50:00+05:30,884.3499755859375,885.5,883.0999755859375,885.2999877929688,64974
2026-01-01 11:55:00+05:30,884.6500244140625,885.7999877929688,884.6500244140625,885.75,49619
2026-01-01 12:00:00+05:30,885.7999877929688,886.9500122070312,885.5999755859375,886.9500122070312,84418
2026-01-01 12:05:00+05:30,887.0,888.5999755859375,886.5,886.7999877929688,104719
2026-01-01 12:10:00+05:30,887.0,887.0,885.5499877929688,886.0,58691
2026-01-01 12:15:00+05:30,886.2000122070312,886.75,886.0,886.5,53610
2026-01-01 12:20:00+05:30,886.0999755859375,886.5999755859375,885.0999755859375,885.0999755859375,41007
2026-01-01 12:25:00+05:30,885.4500122070312,886.2999877929688,885.2000122070312,885.5499877929688,79137
2026-01-01 12:30:00+05:30,885.5499877929688,886.0,885.0,885.9500122070312,28690
2026-01-01 12:35:00+05:30,885.9500122070312,886.2999877929688,885.0499877929688,885.1500244140625,31765
2026-01-01 12:40:00+05:30,885.0499877929688,885.25,882.5999755859375,883.5,93656
2026-01-01 12:45:00+05:30,883.4500122070312,884.8499755859375,883.0,884.5,22498
2026-01-01 12:50:00+05:30,884.5999755859375,884.9500122070312,883.3499755859375,883.9000244140625,30504
2026-01-01 12:55:00+05:30,883.9500122070312,885.9000244140625,883.6500244140625,885.0499877929688,56625
2026-01-01 13:00:00+05:30,885.1500244140625,885.5499877929688,885.0,885.0999755859375,27546
2026-01-01 13:05:00+05:30,885.25,886.5,885.0999755859375,886.2999877929688,35886
2026-01-01 13:10:00+05:30,886.2999877929688,886.9500122070312,886.2999877929688,886.7999877929688,22533
2026-01-01 13:15:00+05:30,886.7999877929688,888.25,885.0499877929688,885.6500244140625,79574
2026-01-01 13:20:00+05:30,885.25,886.0,885.2000122070312,885.4500122070312,16808
2026-01-01 13:25:00+05:30,885.75,887.2999877929688,885.4000244140625,885.9000244140625,53696
2026-01-01 13:30:00+05:30,885.75,886.4000244140625,885.4500122070312,885.5999755859375,17899
2026-01-01 13:35:00+05:30,885.9000244140625,886.2999877929688,885.25,885.4000244140625,32440
2026-01-01 13:40:00+05:30,885.25,886.2999877929688,885.25,885.8499755859375,18657
2026-01-01 13:45:00+05:30,885.8499755859375,886.0,885.6500244140625,885.7999877929688,19957
2026-01-01 13:50:00+05:30,886.0,886.2000122070312,885.5,885.9500122070312,18856
2026-01-01 13:55:00+05:30,885.9500122070312,886.0,885.0999755859375,885.5,32089
2026-01-01 14:00:00+05:30,885.9000244140625,886.2000122070312,885.3499755859375,885.9000244140625,33192
2026-01-01 14:05:00+05:30,886.2000122070312,886.5,885.5499877929688,885.5499877929688,30052
2026-01-01 14:10:00+05:30,885.5499877929688,886.0999755859375,885.0499877929688,885.2999877929688,24540
2026-01-01 14:15:00+05:30,885.0499877929688,886.0,885.0,885.7000122070312,49549
2026-01-01 14:20:00+05:30,885.75,886.2000122070312,885.0999755859375,886.0,57096
2026-01-01 14:25:00+05:30,886.0,886.7999877929688,885.7999877929688,886.0,32384
2026-01-01 14:30:00+05:30,885.9000244140625,886.4500122070312,885.9000244140625,886.0,66213
2026-01-01 14:35:00+05:30,886.0,886.75,886.0,886.5499877929688,36375
2026-01-01 14:40:00+05:30,886.5999755859375,888.5,886.5,887.8499755859375,81480
2026-01-01 14:45:00+05:30,887.5,888.8499755859375,886.4500122070312,888.2000122070312,70137
2026-01-01 14:50:00+05:30,888.0,889.75,887.3499755859375,889.0999755859375,96866
2026-01-01 14:55:00+05:30,889.0999755859375,891.4000244140625,888.3499755859375,890.6500244140625,234603
2026-01-01 15:00:00+05:30,890.5499877929688,891.25,890.0,890.2000122070312,82979
2026-01-01 15:05:00+05:30,890.2999877929688,890.5999755859375,889.9500122070312,890.2000122070312,107414
2026-01-01 15:10:00+05:30,890.5999755859375,890.6500244140625,890.0,890.2999877929688,104574
2026-01-01 15:15:00+05:30,890.3499755859375,891.5499877929688,890.0,890.8499755859375,167944
2026-01-01 15:20:00+05:30,890.6500244140625,890.8499755859375,889.0999755859375,889.5999755859375,104269
2026-01-01 15:25:00+05:30,889.9500122070312,891.25,888.5,890.2000122070312,107598
2026-01-02 09:20:00+05:30,894.9000244140625,898.7000122070312,894.0,898.2999877929688,140648
2026-01-02 09:25:00+05:30,898.7000122070312,904.9500122070312,898.2999877929688,904.9000244140625,221135
2026-01-02 09:30:00+05:30,904.9500122070312,908.8499755859375,904.2999877929688,906.8499755859375,202829
2026-01-02 09:35:00+05:30,906.6500244140625,909.6500244140625,904.5499877929688,905.0999755859375,149966
2026-01-02 09:40:00+05:30,904.9500122070312,906.7999877929688,903.4500122070312,904.2000122070312,121146
2026-01-02 09:45:00+05:30,904.2000122070312,906.3499755859375,903.0999755859375,904.7999877929688,279970
2026-01-02 09:50:00+05:30,905.0,905.2000122070312,902.3499755859375,903.6500244140625,79943
2026-01-02 09:55:00+05:30,903.5499877929688,905.5999755859375,902.5,903.0,55699
2026-01-02 10:00:00+05:30,902.7000122070312,904.0,900.4500122070312,902.7999877929688,144977
2026-01-02 10:05:00+05:30,902.7000122070312,903.4000244140625,896.7999877929688,899.0499877929688,151529
2026-01-02 10:10:00+05:30,899.0499877929688,902.9000244140625,896.5,902.0499877929688,160314
2026-01-02 10:15:00+05:30,902.25,902.25,899.0,900.5,108605
2026-01-02 10:20:00+05:30,900.5,905.0,900.5,904.4500122070312,75374
2026-01-02 10:25:00+05:30,904.5,904.5,902.4500122070312,904.5,53018
2026-01-02 10:30:00+05:30,904.7000122070312,905.5999755859375,904.0,905.4000244140625,171275
2026-01-02 10:35:00+05:30,905.5499877929688,907.9000244140625,905.5499877929688,907.2999877929688,52565
2026-01-02 10:40:00+05:30,907.5999755859375,909.75,906.5,908.9500122070312,105478
2026-01-02 10:45:00+05:30,908.9000244140625,908.9000244140625,907.2000122070312,907.7999877929688,44565
2026-01-02 10:50:00+05:30,907.9500122070312,908.0,906.9000244140625,907.5999755859375,39791
2026-01-02 10:55:00+05:30,907.7000122070312,908.5,907.0999755859375,907.7999877929688,40305
2026-01-02 11:00:00+05:30,908.0499877929688,908.4000244140625,907.0499877929688,907.5,36439
2026-01-02 11:05:00+05:30,907.5,907.9500122070312,906.0,906.9500122070312,49670
2026-01-02 11:10:00+05:30,907.0,907.2999877929688,906.2000122070312,906.6500244140625,37760
2026-01-02 11:15:00+05:30,906.5999755859375,907.0999755859375,904.4000244140625,905.9000244140625,51858
2026-01-02 11:20:00+05:30,905.9000244140625,908.75,905.7999877929688,908.2999877929688,51301
2026-01-02 11:25:00+05:30,908.3499755859375,909.75,907.4000244140625,908.3499755859375,69558
2026-01-02 11:30:00+05:30,908.4500122070312,909.4000244140625,907.4500122070312,908.8499755859375,47203
2026-01-02 11:35:00+05:30,908.8499755859375,909.5,908.1500244140625,909.0999755859375,34527
2026-01-02 11:40:00+05:30,908.5999755859375,909.2000122070312,908.0999755859375,908.1500244140625,36286
2026-01-02 11:45:00+05:30,908.6500244140625,909.5,908.0499877929688,909.0,65505
2026-01-02 11:50:00+05:30,909.0,909.2000122070312,906.5,907.0499877929688,63526
2026-01-02 11:55:00+05:30,907.0499877929688,907.2000122070312,905.0499877929688,905.7999877929688,47728
2026-01-02 12:00:00+05:30,905.7999877929688,907.25,905.5999755859375,906.9500122070312,37907
2026-01-02 12:05:00+05:30,906.9500122070312,906.9500122070312,905.25,906.25,33493
2026-01-02 12:10:00+05:30,906.2999877929688,907.1500244140625,906.0499877929688,906.75,37380
2026-01-02 12:15:00+05:30,906.7000122070312,906.7000122070312,904.0499877929688,904.1500244140625,61506
2026-01-02 12:20:00+05:30,904.4000244140625,905.5999755859375,903.5499877929688,903.5499877929688,57337
2026-01-02 12:25:00+05:30,903.5499877929688,903.5499877929688,900.3499755859375,900.7999877929688,94974
2026-01-02 12:30:00+05:30,900.9500122070312,901.7000122070312,899.7999877929688,900.5999755859375,86840
2026-01-02 12:35:00+05:30,900.5999755859375,900.6500244140625,897.8499755859375,900.2000122070312,112435
2026-01-02 12:40:00+05:30,900.0,900.0,897.7999877929688,898.75,62580
2026-01-02 12:45:00+05:30,898.75,901.9500122070312,898.0,901.25,59768
2026-01-02 12:50:00+05:30,901.7000122070312,902.4000244140625,899.8499755859375,901.0,48688
2026-01-02 12:55:00+05:30,901.0,901.3499755859375,900.3499755859375,900.6500244140625,29315
2026-01-02 13:00:00+05:30,900.2999877929688,900.75,899.9500122070312,900.2999877929688,23329
2026-01-02 13:05:00+05:30,900.2000122070312,901.7000122070312,900.1500244140625,901.2000122070312,40554
2026-01-02 13:10:00+05:30,901.25,902.0499877929688,900.9000244140625,901.7000122070312,28420
2026-01-02 13:15:00+05:30,901.7000122070312,902.7000122070312,901.25,902.4500122070312,33615
2026-01-02 13:20:00+05:30,902.4500122070312,903.9500122070312,902.4500122070312,903.9000244140625,52940
2026-01-02 13:25:00+05:30,903.8499755859375,904.25,903.0499877929688,903.4000244140625,44265
2026-01-02 13:30:00+05:30,903.4000244140625,904.4000244140625,903.0499877929688,904.0,14225
2026-01-02 13:35:00+05:30,904.2000122070312,904.5999755859375,902.25,902.8499755859375,50059
2026-01-02 13:40:00+05:30,903.1500244140625,903.9500122070312,902.25,903.0499877929688,40300
2026-01-02 13:45:00+05:30,902.9500122070312,903.8499755859375,901.0,901.5,58220
2026-01-02 13:50:00+05:30,901.7000122070312,902.7999877929688,900.7000122070312,902.7999877929688,22777
2026-01-02 13:55:00+05:30,902.7999877929688,902.9000244140625,901.9500122070312,902.3499755859375,38253
2026-01-02 14:00:00+05:30,902.1500244140625,902.9000244140625,902.0,902.2999877929688,40243
2026-01-02 14:05:00+05:30,902.2999877929688,903.8499755859375,902.25,903.8499755859375,31222
2026-01-02 14:10:00+05:30,903.9500122070312,904.0499877929688,903.2999877929688,904.0,26814
2026-01-02 14:15:00+05:30,904.5999755859375,904.5999755859375,902.7999877929688,903.6500244140625,33989
2026-01-02 14:20:00+05:30,903.6500244140625,904.4500122070312,902.7999877929688,902.9000244140625,46509
2026-01-02 14:25:00+05:30,903.4000244140625,906.2999877929688,903.1500244140625,903.9500122070312,76472
2026-01-02 14:30:00+05:30,903.9500122070312,903.9500122070312,901.25,901.5,52118
2026-01-02 14:35:00+05:30,901.5499877929688,903.5499877929688,901.4000244140625,902.9500122070312,45850
2026-01-02 14:40:00+05:30,903.0,904.2999877929688,902.25,904.0999755859375,34101
2026-01-02 14:45:00+05:30,903.7999877929688,904.25,901.75,902.75,75005
2026-01-02 14:50:00+05:30,902.75,903.75,902.4000244140625,903.5,44449
2026-01-02 14:55:00+05:30,903.5999755859375,904.0,902.4000244140625,903.7999877929688,52286
2026-01-02 15:00:00+05:30,904.5,904.7999877929688,902.0499877929688,902.5499877929688,126146
2026-01-02 15:05:00+05:30,902.4500122070312,903.0,902.4000244140625,902.9500122070312,56620
2026-01-02 15:10:00+05:30,903.75,903.75,902.2999877929688,902.6500244140625,160925
2026-01-02 15:15:00+05:30,902.5,902.9500122070312,900.6500244140625,902.4000244140625,221535
2026-01-02 15:20:00+05:30,902.75,902.9500122070312,900.75,902.1500244140625,328282
2026-01-02 15:25:00+05:30,902.0999755859375,904.25,901.0999755859375,901.8499755859375,307824
2026-01-05 09:20:00+05:30,901.0,902.4000244140625,899.7999877929688,902.4000244140625,39941
2026-01-05 09:25:00+05:30,902.8499755859375,905.8499755859375,902.7999877929688,903.9000244140625,50200
2026-01-05 09:30:00+05:30,903.4500122070312,903.7999877929688,901.0,901.2999877929688,28811
2026-01-05 09:35:00+05:30,900.75,900.9000244140625,898.6500244140625,900.2000122070312,45271
2026-01-05 09:40:00+05:30,900.1500244140625,902.0499877929688,900.1500244140625,900.8499755859375,16642
2026-01-05 09:45:00+05:30,901.0,901.75,898.2999877929688,900.8499755859375,20887
2026-01-05 09:50:00+05:30,901.0499877929688,903.3499755859375,901.0,903.0,18980
2026-01-05 09:55:00+05:30,903.25,904.75,903.0499877929688,903.4000244140625,16107
2026-01-05 10:00:00+05:30,903.7000122070312,904.75,902.5499877929688,902.7999877929688,45883
2026-01-05 10:05:00+05:30,902.7000122070312,903.7000122070312,902.1500244140625,902.9000244140625,16689
2026-01-05 10:10:00+05:30,902.9000244140625,902.9000244140625,901.25,902.2000122070312,29317
2026-01-05 10:15:00+05:30,902.4500122070312,902.4500122070312,901.0999755859375,901.4000244140625,8383
2026-01-05 10:20:00+05:30,901.0499877929688,901.2999877929688,900.4000244140625,900.9000244140625,8321
2026-01-05 10:25:00+05:30,900.5499877929688,901.5,900.3499755859375,901.25,9379
2026-01-05 10:30:00+05:30,901.2000122070312,904.3499755859375,900.2999877929688,902.0,19013
2026-01-05 10:35:00+05:30,902.25,902.5,901.0,901.0499877929688,20602
2026-01-05 10:40:00+05:30,901.0499877929688,901.75,900.0999755859375,901.75,44999
2026-01-05 10:45:00+05:30,902.0,902.5,901.5499877929688,902.2000122070312,15774
2026-01-05 10:50:00+05:30,902.0999755859375,903.4000244140625,902.0499877929688,902.75,12019
2026-01-05 10:55:00+05:30,902.9000244140625,903.2999877929688,901.8499755859375,901.8499755859375,13298
2026-01-05 11:00:00+05:30,901.8499755859375,903.0,901.8499755859375,903.0,12994
2026-01-05 11:05:00+05:30,903.0999755859375,903.0999755859375,901.9000244140625,902.9000244140625,8808
2026-01-05 11:10:00+05:30,903.1500244140625,904.0,902.5999755859375,903.9000244140625,10981
2026-01-05 11:15:00+05:30,903.5999755859375,905.9000244140625,903.25,904.1500244140625,75442
2026-01-05 11:20:00+05:30,904.7000122070312,904.75,902.5,903.2999877929688,63515
2026-01-05 11:25:00+05:30,903.25,905.4500122070312,903.0,905.0,23430
2026-01-05 11:30:00+05:30,905.0,906.75,905.0,906.4000244140625,27974
2026-01-05 11:35:00+05:30,906.75,910.0,906.75,907.5,62713
2026-01-05 11:40:00+05:30,907.5,909.4500122070312,907.3499755859375,908.9000244140625,41505
2026-01-05 11:45:00+05:30,908.9000244140625,909.4000244140625,905.6500244140625,906.9000244140625,49519
2026-01-05 11:50:00+05:30,906.9500122070312,907.0,904.3499755859375,905.0999755859375,34744
2026-01-05 11:55:00+05:30,905.1500244140625,907.25,904.7999877929688,907.1500244140625,25725
2026-01-05 12:00:00+05:30,907.0999755859375,909.2000122070312,906.5499877929688,908.7000122070312,22136
2026-01-05 12:05:00+05:30,908.7000122070312,909.9000244140625,908.0499877929688,908.9500122070312,38869
2026-01-05 12:10:00+05:30,908.9500122070312,909.25,907.6500244140625,908.75,27148
2026-01-05 12:15:00+05:30,908.75,909.25,907.9500122070312,908.4500122070312,13122
2026-01-05 12:20:00+05:30,908.0999755859375,909.0,907.7999877929688,908.6500244140625,10899
2026-01-05 12:25:00+05:30,908.6500244140625,908.9000244140625,908.0999755859375,908.25,11492
2026-01-05 12:30:00+05:30,907.0,907.5,905.75,905.75,56916
2026-01-05 12:35:00+05:30,905.6500244140625,906.6500244140625,904.9500122070312,905.8499755859375,35870
2026-01-05 12:40:00+05:30,906.2000122070312,906.8499755859375,905.0499877929688,905.0499877929688,9789
2026-01-05 12:45:00+05:30,905.3499755859375,906.0,905.0999755859375,905.9000244140625,8461
2026-01-05 12:50:00+05:30,905.9000244140625,906.5999755859375,905.9000244140625,906.2999877929688,6539
2026-01-05 12:55:00+05:30,906.2999877929688,906.4500122070312,905.4000244140625,905.4000244140625,8319
2026-01-05 13:00:00+05:30,905.5,905.6500244140625,903.7000122070312,904.0999755859375,13437
2026-01-05 13:05:00+05:30,904.0999755859375,904.9000244140625,903.7000122070312,903.7000122070312,10568
2026-01-05 13:10:00+05:30,903.7000122070312,904.0999755859375,902.9000244140625,903.2999877929688,12772
2026-01-05 13:15:00+05:30,903.2000122070312,903.2000122070312,901.9000244140625,902.5999755859375,35086
2026-01-05 13:20:00+05:30,902.5999755859375,903.3499755859375,902.3499755859375,903.3499755859375,8956
2026-01-05 13:25:00+05:30,903.4500122070312,903.7000122070312,901.5499877929688,901.9500122070312,26815
2026-01-05 13:30:00+05:30,901.9500122070312,902.2999877929688,900.4500122070312,901.0999755859375,35545
2026-01-05 13:35:00+05:30,900.8499755859375,901.2000122070312,899.5499877929688,900.0,36044
2026-01-05 13:40:00+05:30,900.0,900.4000244140625,899.2999877929688,900.2000122070312,13871
2026-01-05 13:45:00+05:30,900.2000122070312,900.2000122070312,897.7999877929688,897.7999877929688,26466
2026-01-05 13:50:00+05:30,897.9000244140625,897.9500122070312,896.6500244140625,897.7000122070312,24622
2026-01-05 13:55:00+05:30,897.75,897.8499755859375,896.2000122070312,896.7999877929688,21746
2026-01-05 14:00:00+05:30,896.5999755859375,897.0,894.7000122070312,895.6500244140625,42378
2026-01-05 14:05:00+05:30,895.5999755859375,896.4500122070312,894.9000244140625,896.4500122070312,15027
2026-01-05 14:10:00+05:30,896.25,897.5999755859375,896.0999755859375,896.9000244140625,23068
2026-01-05 14:15:00+05:30,897.1500244140625,898.0499877929688,896.7999877929688,897.75,11590
2026-01-05 14:20:00+05:30,898.0499877929688,898.4000244140625,897.0,897.5999755859375,11405
2026-01-05 14:25:00+05:30,897.5999755859375,898.0,896.9000244140625,896.9500122070312,11751
2026-01-05 14:30:00+05:30,896.9500122070312,898.5,896.7999877929688,898.0499877929688,15102
2026-01-05 14:35:00+05:30,898.0499877929688,898.4000244140625,897.25,897.25,16523
2026-01-05 14:40:00+05:30,897.5499877929688,901.5,897.5499877929688,901.5,42338
2026-01-05 14:45:00+05:30,901.6500244140625,902.5,901.0,902.2999877929688,30566
2026-01-05 14:50:00+05:30,902.2000122070312,902.75,901.2000122070312,902.2999877929688,22861
2026-01-05 14:55:00+05:30,902.4000244140625,902.7999877929688,902.0,902.25,44077
2026-01-05 15:00:00+05:30,902.25,902.75,901.6500244140625,902.0,29766
2026-01-05 15:05:00+05:30,902.1500244140625,902.75,901.25,901.7000122070312,42215
2026-01-05 15:10:00+05:30,901.9500122070312,902.5,901.5999755859375,901.9000244140625,52857
2026-01-05 15:15:00+05:30,901.9500122070312,901.9500122070312,900.25,900.75,54075
2026-01-05 15:20:00+05:30,900.75,900.9000244140625,899.7000122070312,900.0499877929688,376688
2026-01-05 15:25:00+05:30,899.25,900.0,892.8499755859375,899.9500122070312,111921
2026-01-06 09:20:00+05:30,900.0,901.75,895.7000122070312,895.9000244140625,155781
2026-01-06 09:25:00+05:30,896.0,900.6500244140625,895.25,898.9000244140625,137114
2026-01-06 09:30:00+05:30,899.25,899.5,895.2000122070312,895.9000244140625,68284
2026-01-06 09:35:00+05:30,895.9000244140625,897.0999755859375,893.25,894.0999755859375,67655
2026-01-06 09:40:00+05:30,893.9500122070312,897.0,893.6500244140625,893.7999877929688,45602
2026-01-06 09:45:00+05:30,893.7999877929688,898.9000244140625,892.6500244140625,897.8499755859375,60613
2026-01-06 09:50:00+05:30,897.8499755859375,905.9000244140625,896.7000122070312,905.5,106840
2026-01-06 09:55:00+05:30,906.2000122070312,910.5999755859375,906.2000122070312,909.2999877929688,308045
2026-01-06 10:00:00+05:30,909.25,912.0,906.2000122070312,911.6500244140625,108680
2026-01-06 10:05:00+05:30,911.6500244140625,912.4000244140625,909.5999755859375,911.2999877929688,67531
2026-01-06 10:10:00+05:30,911.8499755859375,911.8499755859375,908.9000244140625,910.0999755859375,53315
2026-01-06 10:15:00+05:30,910.25,914.2999877929688,909.75,913.5499877929688,121589
2026-01-06 10:20:00+05:30,913.75,914.0,909.2999877929688,909.6500244140625,66607
2026-01-06 10:25:00+05:30,909.6500244140625,913.1500244140625,909.6500244140625,912.2000122070312,38459
2026-01-06 10:30:00+05:30,912.2999877929688,915.8499755859375,912.2999877929688,912.75,106887
2026-01-06 10:35:00+05:30,913.0,915.0,912.2999877929688,915.0,33874
2026-01-06 10:40:00+05:30,915.0,918.0,914.2000122070312,917.5999755859375,114968
2026-01-06 10:45:00+05:30,917.4000244140625,918.6500244140625,916.7999877929688,918.2000122070312,61535
2026-01-06 10:50:00+05:30,918.1500244140625,922.0,918.0499877929688,921.4500122070312,181960
2026-01-06 10:55:00+05:30,920.9000244140625,921.2000122070312,917.2000122070312,918.4000244140625,90338
2026-01-06 11:00:00+05:30,918.9500122070312,921.7999877929688,918.3499755859375,920.9500122070312,63024
2026-01-06 11:05:00+05:30,921.0,922.0,919.9500122070312,920.5999755859375,30214
2026-01-06 11:10:00+05:30,920.75,922.5,919.2000122070312,919.5499877929688,49980
2026-01-06 11:15:00+05:30,919.1500244140625,920.7000122070312,917.5,920.7000122070312,119815
2026-01-06 11:20:00+05:30,920.5499877929688,920.7000122070312,917.75,919.7000122070312,81771
2026-01-06 11:25:00+05:30,919.6500244140625,919.7000122070312,916.5999755859375,917.8499755859375,100009
2026-01-06 11:30:00+05:30,918.0,918.5,915.0499877929688,917.6500244140625,56528
2026-01-06 11:35:00+05:30,917.6500244140625,918.2999877929688,915.7000122070312,916.5499877929688,27392
2026-01-06 11:40:00+05:30,916.7000122070312,917.0,913.5999755859375,914.7000122070312,67913
2026-01-06 11:45:00+05:30,914.7000122070312,918.0,914.5,917.9000244140625,30089
2026-01-06 11:50:00+05:30,918.0,918.5999755859375,916.3499755859375,917.2000122070312,28179
2026-01-06 11:55:00+05:30,917.25,917.4000244140625,912.8499755859375,912.9500122070312,57949
2026-01-06 12:00:00+05:30,913.0499877929688,914.1500244140625,911.75,913.75,84883
2026-01-06 12:05:00+05:30,915.0,915.8499755859375,913.0,915.4000244140625,69196
2026-01-06 12:10:00+05:30,915.6500244140625,918.9000244140625,915.0499877929688,918.2000122070312,35465
2026-01-06 12:15:00+05:30,918.2000122070312,919.9500122070312,918.0999755859375,918.5499877929688,57527
2026-01-06 12:20:00+05:30,918.6500244140625,918.75,916.25,916.5999755859375,25989
2026-01-06 12:25:00+05:30,916.5999755859375,917.75,915.4500122070312,915.7000122070312,21871
2026-01-06 12:30:00+05:30,915.9500122070312,916.9500122070312,915.5999755859375,916.5,14488
2026-01-06 12:35:00+05:30,916.5,917.4500122070312,916.5,916.7999877929688,13870
2026-01-06 12:40:00+05:30,916.8499755859375,918.5,916.5999755859375,917.8499755859375,18025
2026-01-06 12:45:00+05:30,918.4500122070312,918.5,917.25,917.25,13781
2026-01-06 12:50:00+05:30,917.25,918.25,916.7999877929688,918.0999755859375,18087
2026-01-06 12:55:00+05:30,918.0499877929688,919.0,917.25,917.75,24357
2026-01-06 13:00:00+05:30,917.7999877929688,919.5,917.2999877929688,919.2999877929688,45325
2026-01-06 13:05:00+05:30,919.4500122070312,920.7000122070312,918.4500122070312,919.6500244140625,125984
2026-01-06 13:10:00+05:30,919.6500244140625,920.25,918.7999877929688,919.8499755859375,23387
2026-01-06 13:15:00+05:30,919.9000244140625,919.9000244140625,918.7999877929688,919.0,17024
2026-01-06 13:20:00+05:30,919.25,919.5999755859375,918.0999755859375,918.4500122070312,32287
2026-01-06 13:25:00+05:30,918.6500244140625,919.0,916.75,918.1500244140625,62077
2026-01-06 13:30:00+05:30,918.25,919.5999755859375,917.75,918.7999877929688,84170
2026-01-06 13:35:00+05:30,918.9000244140625,921.2999877929688,918.7999877929688,921.2000122070312,149695
2026-01-06 13:40:00+05:30,921.2000122070312,924.0,920.7999877929688,923.25,165761
2026-01-06 13:45:00+05:30,923.2000122070312,923.25,920.0499877929688,922.5999755859375,99677
2026-01-06 13:50:00+05:30,922.5999755859375,922.5999755859375,920.4000244140625,921.2000122070312,101677
2026-01-06 13:55:00+05:30,921.1500244140625,921.4500122070312,920.2999877929688,921.0499877929688,40231
2026-01-06 14:00:00+05:30,921.0499877929688,921.4000244140625,918.0999755859375,918.4500122070312,195146
2026-01-06 14:05:00+05:30,918.5,918.7999877929688,915.0,916.0,408897
2026-01-06 14:10:00+05:30,916.1500244140625,916.7000122070312,914.7000122070312,915.0,246800
2026-01-06 14:15:00+05:30,915.0,915.5,914.7999877929688,915.0499877929688,325801
2026-01-06 14:20:00+05:30,915.0999755859375,915.0999755859375,913.5999755859375,914.4000244140625,238251
2026-01-06 14:25:00+05:30,914.75,915.0999755859375,914.1500244140625,914.8499755859375,91701
2026-01-06 14:30:00+05:30,914.5499877929688,914.5499877929688,913.75,914.0499877929688,117469
2026-01-06 14:35:00+05:30,914.0,917.0999755859375,913.8499755859375,915.0499877929688,325346
2026-01-06 14:40:00+05:30,915.0499877929688,919.6500244140625,915.0499877929688,917.0499877929688,436076
2026-01-06 14:45:00+05:30,917.0999755859375,918.1500244140625,915.5999755859375,916.0999755859375,259234
2026-01-06 14:50:00+05:30,916.0999755859375,916.0999755859375,914.9500122070312,914.9500122070312,93620
2026-01-06 14:55:00+05:30,914.9500122070312,915.1500244140625,913.5499877929688,913.9500122070312,74613
2026-01-06 15:00:00+05:30,914.3499755859375,914.7000122070312,913.5999755859375,914.0999755859375,121486
2026-01-06 15:05:00+05:30,914.0499877929688,914.9500122070312,914.0,914.0999755859375,151137
2026-01-06 15:10:00+05:30,914.0499877929688,914.0999755859375,914.0,914.0999755859375,158526
2026-01-06 15:15:00+05:30,914.0,914.0999755859375,913.9500122070312,914.0999755859375,202628
2026-01-06 15:20:00+05:30,914.0499877929688,914.0999755859375,914.0,914.0499877929688,212517
2026-01-06 15:25:00+05:30,914.0499877929688,919.0,914.0,914.25,118486
2026-01-07 09:20:00+05:30,917.5,920.5999755859375,915.3499755859375,920.5999755859375,63177
2026-01-07 09:25:00+05:30,920.8499755859375,921.0499877929688,917.4500122070312,918.7999877929688,67357
2026-01-07 09:30:00+05:30,918.5,918.9000244140625,916.3499755859375,917.2999877929688,18763
2026-01-07 09:35:00+05:30,916.8499755859375,917.6500244140625,915.2999877929688,915.75,19207
2026-01-07 09:40:00+05:30,915.4000244140625,915.8499755859375,912.9000244140625,912.9000244140625,42288
2026-01-07 09:45:00+05:30,913.4000244140625,917.0999755859375,913.4000244140625,915.7999877929688,29821
2026-01-07 09:50:00+05:30,915.2000122070312,915.2000122070312,909.5499877929688,909.7999877929688,79717
2026-01-07 09:55:00+05:30,909.75,910.2999877929688,909.4500122070312,909.4500122070312,50521
2026-01-07 10:00:00+05:30,908.4500122070312,909.0,907.25,907.4000244140625,57142
2026-01-07 10:05:00+05:30,907.75,908.7999877929688,907.4000244140625,907.4500122070312,39004
2026-01-07 10:10:00+05:30,907.3499755859375,908.4500122070312,907.0,907.3499755859375,16793
2026-01-07 10:15:00+05:30,907.4500122070312,908.4500122070312,906.2000122070312,906.4500122070312,23526
2026-01-07 10:20:00+05:30,906.75,908.0,906.5999755859375,906.9000244140625,9857
2026-01-07 10:25:00+05:30,906.5999755859375,906.8499755859375,904.0,906.0,52713
2026-01-07 10:30:00+05:30,906.2000122070312,906.6500244140625,905.2000122070312,905.5999755859375,13786
2026-01-07 10:35:00+05:30,905.5499877929688,908.0999755859375,905.0499877929688,906.9500122070312,13619
2026-01-07 10:40:00+05:30,906.9500122070312,907.5,906.5999755859375,906.9000244140625,7608
2026-01-07 10:45:00+05:30,906.9000244140625,907.3499755859375,904.8499755859375,906.1500244140625,11295
2026-01-07 10:50:00+05:30,906.2000122070312,906.2999877929688,904.1500244140625,905.1500244140625,23660
2026-01-07 10:55:00+05:30,905.1500244140625,905.25,902.9000244140625,903.2999877929688,30929
2026-01-07 11:00:00+05:30,903.4000244140625,904.1500244140625,902.9500122070312,904.1500244140625,46429
2026-01-07 11:05:00+05:30,903.8499755859375,904.2000122070312,903.0499877929688,903.3499755859375,13467
2026-01-07 11:10:00+05:30,903.4500122070312,903.5,902.0,902.7999877929688,50124
2026-01-07 11:15:00+05:30,902.75,903.7000122070312,902.6500244140625,903.0,17461
2026-01-07 11:20:00+05:30,902.7000122070312,903.0499877929688,902.0999755859375,902.4000244140625,21402
2026-01-07 11:25:00+05:30,902.6500244140625,902.9000244140625,900.3499755859375,900.7999877929688,56030
2026-01-07 11:30:00+05:30,900.75,904.3499755859375,900.75,903.7000122070312,129986
2026-01-07 11:35:00+05:30,903.7000122070312,906.3499755859375,903.4000244140625,903.9000244140625,52738
2026-01-07 11:40:00+05:30,903.9000244140625,903.9000244140625,902.4500122070312,903.2999877929688,20558
2026-01-07 11:45:00+05:30,902.9500122070312,903.0,899.0,899.3499755859375,42991
2026-01-07 11:50:00+05:30,899.3499755859375,900.6500244140625,899.0499877929688,899.75,42477
2026-01-07 11:55:00+05:30,899.5,900.7999877929688,899.1500244140625,900.6500244140625,11478
2026-01-07 12:00:00+05:30,900.4000244140625,900.4000244140625,897.5499877929688,898.0,59553
2026-01-07 12:05:00+05:30,897.75,898.0,895.1500244140625,895.5499877929688,68606
2026-01-07 12:10:00+05:30,895.4500122070312,897.0499877929688,895.4500122070312,896.25,57427
2026-01-07 12:15:00+05:30,896.0,896.3499755859375,895.5999755859375,895.6500244140625,21339
2026-01-07 12:20:00+05:30,896.0,896.0999755859375,895.2000122070312,895.6500244140625,16497
2026-01-07 12:25:00+05:30,895.7000122070312,896.5,895.0999755859375,896.2999877929688,16576
2026-01-07 12:30:00+05:30,896.2000122070312,896.9000244140625,895.2000122070312,895.9000244140625,42904
2026-01-07 12:35:00+05:30,895.9000244140625,896.5999755859375,894.5499877929688,895.6500244140625,35277
2026-01-07 12:40:00+05:30,895.5499877929688,895.8499755859375,894.5,894.75,32868
2026-01-07 12:45:00+05:30,894.8499755859375,895.3499755859375,894.0,894.4000244140625,23630
2026-01-07 12:50:00+05:30,894.5499877929688,895.9500122070312,894.5499877929688,895.5,12621
2026-01-07 12:55:00+05:30,895.5999755859375,895.9500122070312,895.0,895.4000244140625,10266
2026-01-07 13:00:00+05:30,895.75,895.8499755859375,894.1500244140625,895.7999877929688,15396
2026-01-07 13:05:00+05:30,895.9000244140625,898.75,895.9000244140625,898.1500244140625,48604
2026-01-07 13:10:00+05:30,898.3499755859375,898.3499755859375,896.3499755859375,897.7000122070312,30119
2026-01-07 13:15:00+05:30,898.0,898.1500244140625,897.0999755859375,897.7000122070312,37174
2026-01-07 13:20:00+05:30,897.6500244140625,897.6500244140625,895.5,897.0,28854
2026-01-07 13:25:00+05:30,897.0999755859375,897.0999755859375,893.0999755859375,893.0999755859375,61705
2026-01-07 13:30:00+05:30,893.5,894.7999877929688,892.8499755859375,894.75,42528
2026-01-07 13:35:00+05:30,894.75,897.5,894.5499877929688,896.4500122070312,41514
2026-01-07 13:40:00+05:30,896.5,897.5999755859375,896.0,896.0499877929688,15774
2026-01-07 13:45:00+05:30,896.0,896.7999877929688,895.7999877929688,896.7999877929688,17593
2026-01-07 13:50:00+05:30,896.8499755859375,896.8499755859375,895.2999877929688,896.2000122070312,11972
2026-01-07 13:55:00+05:30,896.0999755859375,896.2999877929688,894.9500122070312,895.7999877929688,19179
2026-01-07 14:00:00+05:30,895.8499755859375,896.75,895.8499755859375,896.4000244140625,11352
2026-01-07 14:05:00+05:30,896.5999755859375,897.5,896.2000122070312,897.2000122070312,18565
2026-01-07 14:10:00+05:30,897.2000122070312,899.0,897.0999755859375,898.2000122070312,36349
2026-01-07 14:15:00+05:30,898.4500122070312,900.0,898.0499877929688,898.8499755859375,70855
2026-01-07 14:20:00+05:30,898.5499877929688,899.4500122070312,898.5,898.6500244140625,26579
2026-01-07 14:25:00+05:30,898.5499877929688,899.9500122070312,898.5499877929688,899.0,20350
2026-01-07 14:30:00+05:30,898.9000244140625,899.6500244140625,897.9500122070312,898.5,25466
2026-01-07 14:35:00+05:30,898.75,899.0,898.25,898.5999755859375,16947
2026-01-07 14:40:00+05:30,898.9500122070312,899.75,898.5999755859375,899.1500244140625,31533
2026-01-07 14:45:00+05:30,899.2000122070312,899.8499755859375,898.2999877929688,898.7000122070312,42324
2026-01-07 14:50:00+05:30,898.7000122070312,899.8499755859375,898.5999755859375,899.5,15763
2026-01-07 14:55:00+05:30,899.5999755859375,900.1500244140625,899.2000122070312,899.7999877929688,39593
2026-01-07 15:00:00+05:30,899.9500122070312,900.4500122070312,898.4000244140625,898.4000244140625,38890
2026-01-07 15:05:00+05:30,898.4000244140625,899.4000244140625,897.9000244140625,898.2999877929688,59938
2026-01-07 15:10:00+05:30,898.2999877929688,898.7999877929688,897.2999877929688,898.1500244140625,67381
2026-01-07 15:15:00+05:30,898.0,898.2000122070312,897.0499877929688,897.9500122070312,105681
2026-01-07 15:20:00+05:30,897.6500244140625,898.0,896.2000122070312,897.4500122070312,77816
2026-01-07 15:25:00+05:30,897.8499755859375,899.0999755859375,895.7999877929688,897.8499755859375,64815
2026-01-08 09:20:00+05:30,892.5,898.5499877929688,892.4500122070312,897.9000244140625,49940
2026-01-08 09:25:00+05:30,898.0,898.7000122070312,893.25,893.25,21041
2026-01-08 09:30:00+05:30,894.0499877929688,894.0499877929688,891.9500122070312,893.2000122070312,41368
2026-01-08 09:35:00+05:30,893.0,900.5,892.7000122070312,900.0499877929688,40614
2026-01-08 09:40:00+05:30,899.25,902.75,898.9500122070312,901.0,43986
2026-01-08 09:45:00+05:30,900.5499877929688,900.9000244140625,897.1500244140625,898.6500244140625,26677
2026-01-08 09:50:00+05:30,898.25,899.7000122070312,896.0999755859375,899.7000122070312,41393
2026-01-08 09:55:00+05:30,899.25,900.75,898.2999877929688,899.0,19209
2026-01-08 10:00:00+05:30,899.5499877929688,899.9500122070312,898.5,899.0,7540
2026-01-08 10:05:00+05:30,899.5,899.5,894.0,895.0,28204
2026-01-08 10:10:00+05:30,895.0,895.0,893.5,894.4000244140625,8679
2026-01-08 10:15:00+05:30,894.4000244140625,895.7999877929688,893.9000244140625,894.5,17218
2026-01-08 10:20:00+05:30,893.75,894.25,892.5499877929688,893.5499877929688,15371
2026-01-08 10:25:00+05:30,893.75,894.4000244140625,892.5999755859375,894.4000244140625,9202
2026-01-08 10:30:00+05:30,894.5,894.6500244140625,892.4500122070312,892.7000122070312,14895
2026-01-08 10:35:00+05:30,892.8499755859375,894.4500122070312,892.7999877929688,893.0499877929688,11001
2026-01-08 10:40:00+05:30,893.25,893.2999877929688,891.3499755859375,892.5999755859375,17304
2026-01-08 10:45:00+05:30,892.75,894.75,890.6500244140625,890.7000122070312,60320
2026-01-08 10:50:00+05:30,890.7999877929688,891.0499877929688,889.5499877929688,890.5499877929688,32869
2026-01-08 10:55:00+05:30,890.6500244140625,890.7000122070312,888.4000244140625,888.4000244140625,13524
2026-01-08 11:00:00+05:30,888.5,888.9000244140625,885.4500122070312,886.2000122070312,43166
2026-01-08 11:05:00+05:30,886.0,886.4000244140625,883.7999877929688,884.3499755859375,82593
2026-01-08 11:10:00+05:30,884.5999755859375,884.5999755859375,882.7999877929688,883.7000122070312,67935
2026-01-08 11:15:00+05:30,884.8499755859375,885.8499755859375,882.7000122070312,883.5,74645
2026-01-08 11:20:00+05:30,883.2000122070312,883.4500122070312,879.7999877929688,879.9000244140625,61558
2026-01-08 11:25:00+05:30,879.8499755859375,881.4000244140625,879.0,879.0999755859375,59949
2026-01-08 11:30:00+05:30,879.5499877929688,879.5999755859375,878.9000244140625,879.2000122070312,9334
2026-01-08 11:35:00+05:30,879.0999755859375,881.4000244140625,878.25,881.4000244140625,78618
2026-01-08 11:40:00+05:30,881.2999877929688,882.4500122070312,879.3499755859375,880.4500122070312,175178
2026-01-08 11:45:00+05:30,880.25,881.9000244140625,879.5,880.4000244140625,14964
2026-01-08 11:50:00+05:30,880.1500244140625,880.6500244140625,878.0,879.7000122070312,64927
2026-01-08 11:55:00+05:30,880.5499877929688,881.0499877929688,877.0499877929688,877.4500122070312,61006
2026-01-08 12:00:00+05:30,877.4500122070312,877.9000244140625,876.3499755859375,876.5999755859375,23814
2026-01-08 12:05:00+05:30,876.5999755859375,880.0999755859375,876.25,880.0,18667
2026-01-08 12:10:00+05:30,880.0999755859375,881.4000244140625,879.4000244140625,881.4000244140625,10739
2026-01-08 12:15:00+05:30,881.6500244140625,883.5999755859375,881.2999877929688,882.4000244140625,26009
2026-01-08 12:20:00+05:30,882.2999877929688,882.2999877929688,880.5499877929688,880.7999877929688,10156
2026-01-08 12:25:00+05:30,880.9500122070312,882.5499877929688,880.9000244140625,881.9500122070312,13632
2026-01-08 12:30:00+05:30,881.75,882.4000244140625,879.2999877929688,879.7999877929688,4852
2026-01-08 12:35:00+05:30,879.2000122070312,879.9500122070312,878.75,879.0999755859375,8235
2026-01-08 12:40:00+05:30,879.2999877929688,879.2999877929688,877.6500244140625,879.0,24362
2026-01-08 12:45:00+05:30,879.0,879.9000244140625,878.3499755859375,879.9000244140625,38592
2026-01-08 12:50:00+05:30,879.9000244140625,880.0499877929688,878.0,879.5999755859375,21858
2026-01-08 12:55:00+05:30,879.7000122070312,880.2000122070312,878.75,879.0,24165
2026-01-08 13:00:00+05:30,878.7999877929688,880.2999877929688,877.2999877929688,880.2999877929688,301763
2026-01-08 13:05:00+05:30,880.0,882.7000122070312,879.9000244140625,882.7000122070312,29369
2026-01-08 13:10:00+05:30,883.5,883.75,882.0499877929688,882.7999877929688,42021
2026-01-08 13:15:00+05:30,882.7000122070312,883.0,880.7000122070312,881.9500122070312,22128
2026-01-08 13:20:00+05:30,882.1500244140625,882.8499755859375,881.5,881.8499755859375,20182
2026-01-08 13:25:00+05:30,881.7999877929688,884.4000244140625,881.0,883.3499755859375,40243
2026-01-08 13:30:00+05:30,883.3499755859375,884.9500122070312,883.0,884.9000244140625,19923
2026-01-08 13:35:00+05:30,884.9000244140625,885.5,884.4500122070312,885.4500122070312,22414
2026-01-08 13:40:00+05:30,885.0999755859375,885.9500122070312,884.7000122070312,884.75,15454
2026-01-08 13:45:00+05:30,885.0,887.1500244140625,885.0,886.4000244140625,157259
2026-01-08 13:50:00+05:30,886.4000244140625,887.0499877929688,885.8499755859375,886.7000122070312,21841
2026-01-08 13:55:00+05:30,886.5999755859375,886.8499755859375,884.8499755859375,885.2999877929688,17744
2026-01-08 14:00:00+05:30,885.4500122070312,885.5999755859375,884.9000244140625,885.1500244140625,5316
2026-01-08 14:05:00+05:30,885.2999877929688,886.5,885.1500244140625,886.4000244140625,13778
2026-01-08 14:10:00+05:30,886.0499877929688,886.6500244140625,885.0,885.7000122070312,16071
2026-01-08 14:15:00+05:30,885.9500122070312,886.2999877929688,885.1500244140625,885.4000244140625,14813
2026-01-08 14:20:00+05:30,886.0,886.2999877929688,884.8499755859375,885.2000122070312,106090
2026-01-08 14:25:00+05:30,884.9500122070312,885.3499755859375,883.2000122070312,883.2000122070312,180183
2026-01-08 14:30:00+05:30,883.75,886.0499877929688,882.9000244140625,885.4000244140625,51376
2026-01-08 14:35:00+05:30,885.2999877929688,885.5,883.0,883.6500244140625,20859
2026-01-08 14:40:00+05:30,883.6500244140625,884.7999877929688,883.2000122070312,884.1500244140625,13663
2026-01-08 14:45:00+05:30,884.3499755859375,885.2000122070312,883.2999877929688,885.1500244140625,20698
2026-01-08 14:50:00+05:30,885.1500244140625,886.75,885.0,886.25,32690
2026-01-08 14:55:00+05:30,886.1500244140625,886.75,885.5,886.5499877929688,33555
2026-01-08 15:00:00+05:30,886.5,886.5,883.5,883.8499755859375,305021
2026-01-08 15:05:00+05:30,883.9500122070312,883.9500122070312,881.9500122070312,882.4000244140625,71570
2026-01-08 15:10:00+05:30,882.1500244140625,883.1500244140625,880.0999755859375,881.5499877929688,97515
2026-01-08 15:15:00+05:30,881.5,882.4000244140625,880.9500122070312,881.9500122070312,61677
2026-01-08 15:20:00+05:30,882.0,883.0,880.5999755859375,881.9000244140625,120546
2026-01-08 15:25:00+05:30,881.75,884.0,880.5499877929688,882.3499755859375,98447
2026-01-09 09:20:00+05:30,886.9500122070312,888.2000122070312,883.9000244140625,883.9000244140625,59491
2026-01-09 09:25:00+05:30,884.0,884.9500122070312,882.75,884.2000122070312,55536
2026-01-09 09:30:00+05:30,884.25,885.4500122070312,881.2000122070312,882.0,56212
2026-01-09 09:35:00+05:30,882.0499877929688,882.75,880.0,881.1500244140625,31035
2026-01-09 09:40:00+05:30,881.7999877929688,884.0999755859375,880.5999755859375,884.0999755859375,17377
2026-01-09 09:45:00+05:30,884.4000244140625,889.0,884.0999755859375,888.6500244140625,65472
2026-01-09 09:50:00+05:30,889.0,889.0,887.0499877929688,888.9000244140625,68051
2026-01-09 09:55:00+05:30,888.9500122070312,890.0,888.5,889.0999755859375,35366
2026-01-09 10:00:00+05:30,889.25,890.7000122070312,887.9000244140625,888.75,66053
2026-01-09 10:05:00+05:30,888.8499755859375,889.2000122070312,886.75,887.4500122070312,37764
2026-01-09 10:10:00+05:30,887.5499877929688,890.0,887.2999877929688,888.4000244140625,53480
2026-01-09 10:15:00+05:30,888.5,889.0,887.5499877929688,888.1500244140625,37712
2026-01-09 10:20:00+05:30,888.4500122070312,890.7000122070312,888.4500122070312,890.2999877929688,26643
2026-01-09 10:25:00+05:30,890.2999877929688,891.7999877929688,888.75,891.2999877929688,62609
2026-01-09 10:30:00+05:30,891.25,891.5,888.5,888.5,24316
2026-01-09 10:35:00+05:30,889.0,889.0,885.7999877929688,887.7000122070312,25058
2026-01-09 10:40:00+05:30,887.7000122070312,888.5999755859375,887.0999755859375,888.0499877929688,12706
2026-01-09 10:45:00+05:30,888.0499877929688,889.5,887.5999755859375,887.9500122070312,17175
2026-01-09 10:50:00+05:30,887.9500122070312,889.5,887.5499877929688,887.5999755859375,35870
2026-01-09 10:55:00+05:30,887.5999755859375,888.5499877929688,886.25,887.3499755859375,76651
2026-01-09 11:00:00+05:30,887.3499755859375,887.3499755859375,884.4500122070312,884.5999755859375,34619
2026-01-09 11:05:00+05:30,884.5999755859375,887.8499755859375,884.5,887.8499755859375,23487
2026-01-09 11:10:00+05:30,887.6500244140625,888.5,887.5,887.8499755859375,22368
2026-01-09 11:15:00+05:30,887.5999755859375,888.1500244140625,885.7999877929688,886.6500244140625,13507
2026-01-09 11:20:00+05:30,886.5,886.9000244140625,885.3499755859375,886.5499877929688,36222
2026-01-09 11:25:00+05:30,886.9000244140625,887.9500122070312,884.4000244140625,887.5,21641
2026-01-09 11:30:00+05:30,887.7999877929688,889.9500122070312,887.5999755859375,888.8499755859375,15275
2026-01-09 11:35:00+05:30,888.4000244140625,888.5,886.0499877929688,887.1500244140625,8395
2026-01-09 11:40:00+05:30,887.0999755859375,887.5499877929688,885.5999755859375,886.3499755859375,20096
2026-01-09 11:45:00+05:30,886.0999755859375,886.6500244140625,885.0499877929688,886.3499755859375,18284
2026-01-09 11:50:00+05:30,886.3499755859375,886.4000244140625,884.7999877929688,885.6500244140625,11273
2026-01-09 11:55:00+05:30,885.8499755859375,886.5,885.0999755859375,886.0,7146
2026-01-09 12:00:00+05:30,886.0,887.0,885.2999877929688,886.9500122070312,9014
2026-01-09 12:05:00+05:30,886.9500122070312,887.2999877929688,886.2000122070312,886.9500122070312,6879
2026-01-09 12:10:00+05:30,886.9500122070312,887.0,885.3499755859375,886.1500244140625,18563
2026-01-09 12:15:00+05:30,886.4500122070312,887.2999877929688,886.0999755859375,886.2000122070312,2800
2026-01-09 12:20:00+05:30,886.3499755859375,886.9500122070312,885.7000122070312,886.9500122070312,5920
2026-01-09 12:25:00+05:30,886.9500122070312,887.2000122070312,884.4500122070312,884.75,12742
2026-01-09 12:30:00+05:30,884.5,885.0,883.0,883.5,14798
2026-01-09 12:35:00+05:30,883.9000244140625,884.2000122070312,882.1500244140625,883.5999755859375,15908
2026-01-09 12:40:00+05:30,883.5999755859375,883.8499755859375,883.0,883.5499877929688,8491
2026-01-09 12:45:00+05:30,883.75,884.5,883.5,884.2000122070312,7448
2026-01-09 12:50:00+05:30,884.2000122070312,885.5999755859375,883.5999755859375,884.8499755859375,8639
2026-01-09 12:55:00+05:30,884.9000244140625,885.4000244140625,884.25,884.6500244140625,4463
2026-01-09 13:00:00+05:30,885.3499755859375,886.4000244140625,884.5999755859375,885.0999755859375,12817
2026-01-09 13:05:00+05:30,885.0999755859375,885.5,884.4000244140625,884.8499755859375,8057
2026-01-09 13:10:00+05:30,884.7999877929688,885.1500244140625,883.8499755859375,883.8499755859375,2787
2026-01-09 13:15:00+05:30,883.7999877929688,885.8499755859375,883.5,885.4000244140625,81178
2026-01-09 13:20:00+05:30,885.5,886.0,884.8499755859375,884.9500122070312,8825
2026-01-09 13:25:00+05:30,885.25,885.5999755859375,884.4500122070312,885.5999755859375,8967
2026-01-09 13:30:00+05:30,885.7999877929688,886.0999755859375,884.1500244140625,884.7999877929688,9572
2026-01-09 13:35:00+05:30,884.9000244140625,886.75,884.9000244140625,886.3499755859375,9001
2026-01-09 13:40:00+05:30,886.3499755859375,886.3499755859375,883.0999755859375,883.5999755859375,12246
2026-01-09 13:45:00+05:30,883.0999755859375,883.7999877929688,882.0,883.2999877929688,19316
2026-01-09 13:50:00+05:30,883.4000244140625,883.6500244140625,882.3499755859375,882.9000244140625,13192
2026-01-09 13:55:00+05:30,883.0,883.7000122070312,882.5999755859375,883.5999755859375,15624
2026-01-09 14:00:00+05:30,883.5999755859375,883.5999755859375,882.3499755859375,883.0,9903
2026-01-09 14:05:00+05:30,883.0,883.25,882.2999877929688,883.2000122070312,11609
2026-01-09 14:10:00+05:30,883.2000122070312,883.2000122070312,881.4000244140625,881.5,62672
2026-01-09 14:15:00+05:30,881.5,881.7999877929688,878.5499877929688,880.0,257225
2026-01-09 14:20:00+05:30,879.4500122070312,881.0999755859375,878.0999755859375,879.0999755859375,37614
2026-01-09 14:25:00+05:30,879.0499877929688,880.0,878.9500122070312,878.9500122070312,18374
2026-01-09 14:30:00+05:30,878.8499755859375,879.6500244140625,878.4000244140625,879.6500244140625,17338
2026-01-09 14:35:00+05:30,880.0,881.0999755859375,879.5999755859375,880.1500244140625,14373
2026-01-09 14:40:00+05:30,880.1500244140625,880.9500122070312,878.0999755859375,879.1500244140625,66622
2026-01-09 14:45:00+05:30,878.9500122070312,880.7000122070312,878.0999755859375,880.7000122070312,123144
2026-01-09 14:50:00+05:30,881.0,882.4000244140625,880.4500122070312,882.2000122070312,55135
2026-01-09 14:55:00+05:30,882.3499755859375,884.5999755859375,881.9500122070312,883.7000122070312,33744
2026-01-09 15:00:00+05:30,883.7000122070312,883.7000122070312,881.25,882.9500122070312,35632
2026-01-09 15:05:00+05:30,882.75,884.0999755859375,882.4500122070312,882.8499755859375,26621
2026-01-09 15:10:00+05:30,882.9000244140625,883.5,882.2000122070312,883.0999755859375,34307
2026-01-09 15:15:00+05:30,882.5,882.7000122070312,881.2999877929688,881.6500244140625,52667
2026-01-09 15:20:00+05:30,881.7000122070312,883.0,881.5,882.4500122070312,59210
2026-01-09 15:25:00+05:30,882.0999755859375,883.2000122070312,880.0,882.25,50675
2026-01-12 09:20:00+05:30,880.7000122070312,882.2999877929688,880.0499877929688,880.9500122070312,186339
2026-01-12 09:25:00+05:30,880.9500122070312,884.0999755859375,880.9500122070312,881.4500122070312,79645
2026-01-12 09:30:00+05:30,881.4500122070312,887.5999755859375,881.0499877929688,887.5999755859375,101445
2026-01-12 09:35:00+05:30,886.9500122070312,892.5,886.8499755859375,891.8499755859375,107063
2026-01-12 09:40:00+05:30,891.5,891.5999755859375,888.2999877929688,888.5999755859375,50134
2026-01-12 09:45:00+05:30,889.2999877929688,889.5499877929688,886.7000122070312,888.0999755859375,50028
2026-01-12 09:50:00+05:30,887.9000244140625,890.4500122070312,887.5999755859375,890.3499755859375,34334
2026-01-12 09:55:00+05:30,890.2999877929688,891.5499877929688,889.7000122070312,890.5,130881
2026-01-12 10:00:00+05:30,890.25,890.9000244140625,887.5499877929688,890.9000244140625,59284
2026-01-12 10:05:00+05:30,891.5999755859375,893.2999877929688,891.5999755859375,891.9500122070312,53181
2026-01-12 10:10:00+05:30,891.7000122070312,891.7000122070312,888.1500244140625,888.2000122070312,36868
2026-01-12 10:15:00+05:30,888.2999877929688,888.9000244140625,886.6500244140625,888.5999755859375,39415
2026-01-12 10:20:00+05:30,888.4000244140625,891.0,888.25,891.0,27766
2026-01-12 10:25:00+05:30,891.0,891.2999877929688,888.7000122070312,891.0999755859375,11821
2026-01-12 10:30:00+05:30,891.2999877929688,891.6500244140625,889.2999877929688,889.2999877929688,9702
2026-01-12 10:35:00+05:30,889.0499877929688,890.3499755859375,888.75,889.7000122070312,24180
2026-01-12 10:40:00+05:30,889.0499877929688,890.4500122070312,887.9500122070312,888.4500122070312,36706
2026-01-12 10:45:00+05:30,888.4000244140625,889.4500122070312,886.5,889.4000244140625,18108
2026-01-12 10:50:00+05:30,889.3499755859375,890.2999877929688,888.7000122070312,889.3499755859375,11764
2026-01-12 10:55:00+05:30,889.25,889.5999755859375,887.5999755859375,887.8499755859375,21762
2026-01-12 11:00:00+05:30,887.6500244140625,887.9500122070312,886.5499877929688,887.0999755859375,17880
2026-01-12 11:05:00+05:30,886.9500122070312,887.9500122070312,886.7000122070312,887.4000244140625,32321
2026-01-12 11:10:00+05:30,887.1500244140625,887.2000122070312,885.0999755859375,886.0499877929688,95824
2026-01-12 11:15:00+05:30,886.0,888.0,886.0,888.0,25062
2026-01-12 11:20:00+05:30,887.7999877929688,888.2000122070312,885.5999755859375,887.0,302045
2026-01-12 11:25:00+05:30,886.7000122070312,887.6500244140625,886.5999755859375,887.5499877929688,53778
2026-01-12 11:30:00+05:30,887.0,887.0,886.4500122070312,886.9000244140625,68025
2026-01-12 11:35:00+05:30,887.0,888.4500122070312,886.8499755859375,887.0,53667
2026-01-12 11:40:00+05:30,887.2000122070312,887.5999755859375,886.4000244140625,886.9000244140625,58524
2026-01-12 11:45:00+05:30,887.0499877929688,888.0499877929688,886.5,888.0499877929688,34008
2026-01-12 11:50:00+05:30,888.0499877929688,888.2999877929688,887.3499755859375,887.5,10068
2026-01-12 11:55:00+05:30,887.7999877929688,889.5,887.5999755859375,889.0999755859375,32193
2026-01-12 12:00:00+05:30,889.0999755859375,891.1500244140625,888.5,889.8499755859375,19692
2026-01-12 12:05:00+05:30,889.2999877929688,890.3499755859375,888.0499877929688,888.5999755859375,31460
2026-01-12 12:10:00+05:30,888.7000122070312,890.7000122070312,888.3499755859375,890.5499877929688,17251
2026-01-12 12:15:00+05:30,891.1500244140625,893.0,890.1500244140625,892.0999755859375,42020
2026-01-12 12:20:00+05:30,892.25,896.4500122070312,892.0999755859375,893.3499755859375,86367
2026-01-12 12:25:00+05:30,893.3499755859375,897.5999755859375,892.9500122070312,896.25,81496
2026-01-12 12:30:00+05:30,896.25,903.5,896.0,903.2000122070312,126748
2026-01-12 12:35:00+05:30,903.1500244140625,904.7999877929688,900.7000122070312,900.9500122070312,140854
2026-01-12 12:40:00+05:30,901.25,904.5,900.0999755859375,902.5,77080
2026-01-12 12:45:00+05:30,902.9500122070312,903.6500244140625,901.8499755859375,902.25,31583
2026-01-12 12:50:00+05:30,902.25,903.9500122070312,901.75,903.9500122070312,43151
2026-01-12 12:55:00+05:30,903.9500122070312,905.0,903.4000244140625,904.2999877929688,56324
2026-01-12 13:00:00+05:30,904.1500244140625,904.2000122070312,900.9500122070312,902.1500244140625,54985
2026-01-12 13:05:00+05:30,901.0,903.25,900.7000122070312,903.0999755859375,54649
2026-01-12 13:10:00+05:30,903.0999755859375,904.75,902.7000122070312,903.5999755859375,41915
2026-01-12 13:15:00+05:30,903.5999755859375,904.5999755859375,902.3499755859375,902.5,22643
2026-01-12 13:20:00+05:30,902.25,902.4000244140625,901.0,901.7000122070312,30361
2026-01-12 13:25:00+05:30,901.5499877929688,902.0,899.7000122070312,899.9500122070312,33586
2026-01-12 13:30:00+05:30,899.9500122070312,902.0,899.9500122070312,901.5999755859375,20048
2026-01-12 13:35:00+05:30,901.75,903.0999755859375,901.0,902.4000244140625,23242
2026-01-12 13:40:00+05:30,902.3499755859375,903.75,902.3499755859375,902.6500244140625,15844
2026-01-12 13:45:00+05:30,902.7000122070312,903.8499755859375,902.7000122070312,903.5,12635
2026-01-12 13:50:00+05:30,903.25,903.5,902.2000122070312,903.1500244140625,12632
2026-01-12 13:55:00+05:30,903.1500244140625,903.3499755859375,901.9500122070312,903.2000122070312,12729
2026-01-12 14:00:00+05:30,903.0999755859375,903.0999755859375,900.0,901.4500122070312,24637
2026-01-12 14:05:00+05:30,901.3499755859375,902.3499755859375,900.4500122070312,902.3499755859375,13870
2026-01-12 14:10:00+05:30,902.25,902.5,901.3499755859375,901.5999755859375,8042
2026-01-12 14:15:00+05:30,901.7000122070312,902.5999755859375,901.5,901.7000122070312,9968
2026-01-12 14:20:00+05:30,901.6500244140625,903.0999755859375,901.3499755859375,903.0499877929688,10926
2026-01-12 14:25:00+05:30,903.0,904.2000122070312,901.2000122070312,902.3499755859375,79897
2026-01-12 14:30:00+05:30,902.75,902.8499755859375,900.3499755859375,900.7999877929688,20905
2026-01-12 14:35:00+05:30,900.2999877929688,900.7000122070312,897.5999755859375,900.6500244140625,58650
2026-01-12 14:40:00+05:30,900.7000122070312,901.9500122070312,899.8499755859375,901.7999877929688,16165
2026-01-12 14:45:00+05:30,901.6500244140625,902.4000244140625,900.6500244140625,901.5,23371
2026-01-12 14:50:00+05:30,901.7999877929688,903.0,901.3499755859375,902.9000244140625,46403
2026-01-12 14:55:00+05:30,902.8499755859375,905.5499877929688,902.6500244140625,905.4000244140625,66334
2026-01-12 15:00:00+05:30,905.0,905.0499877929688,903.5,904.3499755859375,71142
2026-01-12 15:05:00+05:30,904.2999877929688,905.0,904.1500244140625,905.0,51684
2026-01-12 15:10:00+05:30,904.9500122070312,905.4500122070312,904.6500244140625,904.7999877929688,86339
2026-01-12 15:15:00+05:30,904.7999877929688,907.0,904.7999877929688,905.0,153138
2026-01-12 15:20:00+05:30,904.9500122070312,906.2000122070312,904.7999877929688,905.5999755859375,88996
2026-01-12 15:25:00+05:30,905.7000122070312,907.9000244140625,905.4000244140625,907.9000244140625,98021
2026-01-13 09:20:00+05:30,905.4000244140625,906.5499877929688,903.5499877929688,903.8499755859375,182585
2026-01-13 09:25:00+05:30,903.8499755859375,903.8499755859375,899.4500122070312,899.5,111068
2026-01-13 09:30:00+05:30,899.5,902.0,899.5,901.7000122070312,36759
2026-01-13 09:35:00+05:30,901.7000122070312,903.9000244140625,901.0499877929688,901.4500122070312,34979
2026-01-13 09:40:00+05:30,901.5,902.0,900.3499755859375,902.0,32573
2026-01-13 09:45:00+05:30,903.4500122070312,905.5499877929688,902.3499755859375,902.9500122070312,41234
2026-01-13 09:50:00+05:30,902.6500244140625,903.5999755859375,901.8499755859375,903.0999755859375,41994
2026-01-13 09:55:00+05:30,903.0499877929688,903.1500244140625,900.0,900.0999755859375,63388
2026-01-13 10:00:00+05:30,900.0999755859375,903.7999877929688,899.0499877929688,903.4500122070312,46892
2026-01-13 10:05:00+05:30,903.25,904.4000244140625,901.9000244140625,904.4000244140625,16839
2026-01-13 10:10:00+05:30,904.3499755859375,904.3499755859375,901.9500122070312,902.0,6015
2026-01-13 10:15:00+05:30,901.5,903.0,901.4000244140625,902.4500122070312,7349
2026-01-13 10:20:00+05:30,902.3499755859375,904.7000122070312,902.3499755859375,903.75,11548
2026-01-13 10:25:00+05:30,903.9000244140625,905.9500122070312,903.9000244140625,905.8499755859375,25851
2026-01-13 10:30:00+05:30,905.9500122070312,905.9500122070312,902.5999755859375,902.7999877929688,16780
2026-01-13 10:35:00+05:30,902.7000122070312,904.0999755859375,901.9000244140625,903.7000122070312,47882
2026-01-13 10:40:00+05:30,903.5999755859375,903.5999755859375,901.25,902.1500244140625,43445
2026-01-13 10:45:00+05:30,902.1500244140625,902.2000122070312,901.0999755859375,902.2000122070312,9090
2026-01-13 10:50:00+05:30,902.2000122070312,902.7000122070312,901.25,901.25,13512
2026-01-13 10:55:00+05:30,901.2999877929688,902.7999877929688,900.0499877929688,902.7999877929688,21881
2026-01-13 11:00:00+05:30,902.8499755859375,902.9500122070312,901.3499755859375,902.2000122070312,21540
2026-01-13 11:05:00+05:30,902.2999877929688,902.4500122070312,901.0,902.2000122070312,41287
2026-01-13 11:10:00+05:30,902.0499877929688,903.1500244140625,902.0499877929688,902.9000244140625,6532
2026-01-13 11:15:00+05:30,902.7999877929688,904.0999755859375,902.4500122070312,904.0,7572
2026-01-13 11:20:00+05:30,904.0499877929688,904.9500122070312,903.6500244140625,904.2999877929688,10911
2026-01-13 11:25:00+05:30,904.2999877929688,905.7000122070312,904.0999755859375,905.7000122070312,13350
2026-01-13 11:30:00+05:30,905.7000122070312,905.9000244140625,904.9500122070312,905.8499755859375,7118
2026-01-13 11:35:00+05:30,906.3499755859375,907.25,903.0999755859375,904.4500122070312,70266
2026-01-13 11:40:00+05:30,903.8499755859375,904.6500244140625,902.8499755859375,903.0499877929688,15895
2026-01-13 11:45:00+05:30,903.2000122070312,904.8499755859375,903.0499877929688,904.0,59542
2026-01-13 12:00:00+05:30,902.6500244140625,902.6500244140625,901.0999755859375,901.75,91144
2026-01-13 12:05:00+05:30,901.5999755859375,902.4000244140625,900.75,901.7999877929688,65170
2026-01-13 12:10:00+05:30,901.7999877929688,902.25,900.75,900.9000244140625,10992
2026-01-13 12:15:00+05:30,900.1500244140625,902.4500122070312,900.1500244140625,902.25,52508
2026-01-13 12:20:00+05:30,902.0,902.1500244140625,900.0499877929688,900.2000122070312,27787
2026-01-13 12:25:00+05:30,900.2999877929688,902.2999877929688,900.1500244140625,902.2999877929688,32482
2026-01-13 12:30:00+05:30,902.2999877929688,902.3499755859375,901.0999755859375,901.5499877929688,13443
2026-01-13 12:35:00+05:30,901.5499877929688,901.6500244140625,900.9000244140625,900.9000244140625,24137
2026-01-13 12:40:00+05:30,900.9000244140625,902.5,900.5499877929688,902.1500244140625,76166
2026-01-13 12:45:00+05:30,901.9000244140625,901.9000244140625,900.2999877929688,900.75,25864
2026-01-13 12:50:00+05:30,900.7999877929688,901.25,899.5499877929688,901.25,78055
2026-01-13 12:55:00+05:30,901.4000244140625,901.4000244140625,899.0499877929688,900.2999877929688,158876
2026-01-13 13:00:00+05:30,900.0,900.8499755859375,899.25,900.6500244140625,104111
2026-01-13 13:05:00+05:30,900.5,901.9500122070312,900.1500244140625,901.9500122070312,66201
2026-01-13 13:10:00+05:30,901.7999877929688,903.5,901.7999877929688,902.0999755859375,17779
2026-01-13 13:15:00+05:30,902.0,902.7999877929688,900.5999755859375,902.5499877929688,109271
2026-01-13 13:20:00+05:30,902.0499877929688,902.9000244140625,900.5999755859375,901.6500244140625,51392
2026-01-13 13:25:00+05:30,901.0499877929688,901.3499755859375,899.6500244140625,900.7999877929688,124234
2026-01-13 13:30:00+05:30,900.7999877929688,901.4500122070312,897.5999755859375,899.7999877929688,109568
2026-01-13 13:35:00+05:30,900.1500244140625,901.3499755859375,899.5499877929688,900.0999755859375,37451
2026-01-13 13:40:00+05:30,900.25,901.75,900.0,901.5,34205
2026-01-13 13:45:00+05:30,901.6500244140625,903.0,901.4500122070312,902.8499755859375,27594
2026-01-13 13:50:00+05:30,903.0999755859375,905.0,902.6500244140625,904.0999755859375,36743
2026-01-13 13:55:00+05:30,903.6500244140625,905.9000244140625,902.5499877929688,905.0499877929688,81802
2026-01-13 14:00:00+05:30,905.2000122070312,905.25,902.5,902.9000244140625,48383
2026-01-13 14:05:00+05:30,902.6500244140625,903.1500244140625,901.2999877929688,901.6500244140625,37330
2026-01-13 14:10:00+05:30,901.0499877929688,901.5499877929688,898.5,899.75,58345
2026-01-13 14:15:00+05:30,900.0999755859375,900.5999755859375,899.2999877929688,900.0,32049
2026-01-13 14:20:00+05:30,900.2999877929688,900.4000244140625,898.7000122070312,898.7000122070312,33921
2026-01-13 14:25:00+05:30,898.5999755859375,899.7999877929688,897.9500122070312,898.4500122070312,40952
2026-01-13 14:30:00+05:30,898.5999755859375,901.6500244140625,898.0999755859375,901.5,45499
2026-01-13 14:35:00+05:30,901.2000122070312,903.0999755859375,900.8499755859375,903.0499877929688,64201
2026-01-13 14:40:00+05:30,902.75,904.4500122070312,902.5499877929688,904.2000122070312,46962
2026-01-13 14:45:00+05:30,904.1500244140625,906.0,904.0999755859375,905.4000244140625,44557
2026-01-13 14:50:00+05:30,905.5,908.4500122070312,905.25,906.8499755859375,118446
2026-01-13 14:55:00+05:30,907.2000122070312,909.9000244140625,907.0499877929688,908.5499877929688,122535
2026-01-13 15:00:00+05:30,908.7000122070312,909.4500122070312,908.0,908.9000244140625,74990
2026-01-13 15:05:00+05:30,908.9000244140625,909.6500244140625,908.5499877929688,908.75,80861
2026-01-13 15:10:00+05:30,908.75,910.6500244140625,908.2999877929688,910.25,120110
2026-01-13 15:15:00+05:30,910.5,913.0,909.9500122070312,911.75,132895
2026-01-13 15:20:00+05:30,910.9500122070312,913.0999755859375,910.4000244140625,912.8499755859375,125223
2026-01-13 15:25:00+05:30,912.8499755859375,913.0,910.4000244140625,911.0,56769
2026-01-14 09:20:00+05:30,914.4000244140625,920.9000244140625,913.5999755859375,920.2999877929688,265863
2026-01-14 09:25:00+05:30,920.8499755859375,923.7000122070312,918.0499877929688,923.7000122070312,131501
2026-01-14 09:30:00+05:30,923.4000244140625,926.0999755859375,922.0,925.25,211471
2026-01-14 09:35:00+05:30,924.2000122070312,928.5,924.2000122070312,926.3499755859375,125425
2026-01-14 09:40:00+05:30,926.5,931.7999877929688,925.7000122070312,930.0999755859375,239176
2026-01-14 09:45:00+05:30,930.3499755859375,932.6500244140625,929.7999877929688,931.8499755859375,120905
2026-01-14 09:50:00+05:30,932.2000122070312,933.2000122070312,931.25,932.9500122070312,73825
2026-01-14 09:55:00+05:30,932.9500122070312,936.5999755859375,931.0999755859375,934.9500122070312,153017
2026-01-14 10:00:00+05:30,935.0,935.4500122070312,931.4500122070312,932.4500122070312,91463
2026-01-14 10:05:00+05:30,932.4500122070312,937.4000244140625,931.0999755859375,935.4500122070312,106167
2026-01-14 10:10:00+05:30,935.5,937.7000122070312,932.0,933.25,187557
2026-01-14 10:15:00+05:30,932.8499755859375,937.75,932.75,937.4500122070312,669319
2026-01-14 10:20:00+05:30,937.4500122070312,941.0,936.9000244140625,941.0,277466
2026-01-14 10:25:00+05:30,941.3499755859375,943.3499755859375,937.5499877929688,941.2999877929688,319664
2026-01-14 10:30:00+05:30,941.5,945.0,940.0999755859375,943.75,342390
2026-01-14 10:35:00+05:30,943.25,945.4000244140625,943.25,945.0,175946
2026-01-14 10:40:00+05:30,945.0,946.5,943.9000244140625,945.6500244140625,73830
2026-01-14 10:45:00+05:30,946.0,946.5,943.6500244140625,944.9500122070312,79965
2026-01-14 10:50:00+05:30,944.75,947.0,944.0499877929688,944.9500122070312,73542
2026-01-14 10:55:00+05:30,944.9500122070312,948.0,944.5,946.9500122070312,132848
2026-01-14 11:00:00+05:30,947.25,947.5999755859375,942.7000122070312,943.9000244140625,94996
2026-01-14 11:05:00+05:30,943.7000122070312,944.5499877929688,939.9500122070312,944.5499877929688,118167
2026-01-14 11:10:00+05:30,943.75,944.7000122070312,942.7000122070312,944.7000122070312,58142
2026-01-14 11:15:00+05:30,944.7000122070312,945.2999877929688,942.7000122070312,943.0499877929688,80865
2026-01-14 11:20:00+05:30,943.0499877929688,943.9500122070312,941.4500122070312,941.4500122070312,36299
2026-01-14 11:25:00+05:30,942.0,943.6500244140625,939.5,942.7000122070312,104119
2026-01-14 11:30:00+05:30,942.7000122070312,944.0,941.7999877929688,943.5999755859375,32178
2026-01-14 11:35:00+05:30,943.5999755859375,943.9500122070312,943.0,943.7999877929688,23014
2026-01-14 11:40:00+05:30,943.9500122070312,945.0,942.7999877929688,943.5999755859375,81728
2026-01-14 11:45:00+05:30,943.5999755859375,943.75,939.6500244140625,940.7999877929688,170091
2026-01-14 11:50:00+05:30,940.7999877929688,941.5,939.7999877929688,941.1500244140625,185991
2026-01-14 11:55:00+05:30,941.0999755859375,941.9000244140625,940.0,941.25,109502
2026-01-14 12:00:00+05:30,941.25,942.5,940.6500244140625,941.7999877929688,37576
2026-01-14 12:05:00+05:30,941.8499755859375,942.2000122070312,940.0,940.4500122070312,34265
2026-01-14 12:10:00+05:30,940.4500122070312,940.9500122070312,940.0,940.7999877929688,33498
2026-01-14 12:15:00+05:30,940.8499755859375,941.0,940.0,940.6500244140625,57894
2026-01-14 12:20:00+05:30,941.0,943.7000122070312,940.75,942.8499755859375,78918
2026-01-14 12:25:00+05:30,943.4000244140625,943.5999755859375,942.5499877929688,943.4000244140625,26132
2026-01-14 12:30:00+05:30,943.5,946.6500244140625,943.4500122070312,946.1500244140625,109267
2026-01-14 12:35:00+05:30,946.1500244140625,947.9500122070312,945.2999877929688,947.3499755859375,92198
2026-01-14 12:40:00+05:30,947.3499755859375,947.4000244140625,945.0,946.7999877929688,84220
2026-01-14 12:45:00+05:30,946.7999877929688,947.0,945.4500122070312,946.0,53164
2026-01-14 12:50:00+05:30,945.9000244140625,946.3499755859375,944.4500122070312,945.0,233078
2026-01-14 12:55:00+05:30,945.0,945.3499755859375,943.1500244140625,943.6500244140625,223643
2026-01-14 13:00:00+05:30,943.6500244140625,944.2000122070312,941.5999755859375,941.9000244140625,87292
2026-01-14 13:05:00+05:30,941.9000244140625,942.8499755859375,941.7999877929688,942.2000122070312,37892
2026-01-14 13:10:00+05:30,942.1500244140625,944.4500122070312,942.0999755859375,944.0999755859375,118666
2026-01-14 13:15:00+05:30,944.0,945.9000244140625,943.8499755859375,945.25,90358
2026-01-14 13:20:00+05:30,945.25,946.8499755859375,943.5499877929688,945.5,388794
2026-01-14 13:25:00+05:30,945.5,946.6500244140625,943.0,945.2999877929688,321018
2026-01-14 13:30:00+05:30,945.2999877929688,945.9000244140625,943.4500122070312,944.7999877929688,270884
2026-01-14 13:35:00+05:30,944.7999877929688,945.9000244140625,943.0,943.7999877929688,108548
2026-01-14 13:40:00+05:30,943.0999755859375,944.9500122070312,943.0499877929688,944.5999755859375,131766
2026-01-14 13:45:00+05:30,944.6500244140625,947.4000244140625,944.0999755859375,946.7999877929688,70059
2026-01-14 13:50:00+05:30,946.9000244140625,947.7000122070312,944.5999755859375,945.6500244140625,103686
2026-01-14 13:55:00+05:30,945.5,945.7999877929688,942.25,944.3499755859375,147035
2026-01-14 14:00:00+05:30,944.3499755859375,945.25,942.9000244140625,943.5,79264
2026-01-14 14:05:00+05:30,943.5499877929688,944.4500122070312,942.9500122070312,943.75,97257
2026-01-14 14:10:00+05:30,943.75,945.2999877929688,943.0,945.2999877929688,74304
2026-01-14 14:15:00+05:30,945.2999877929688,948.7999877929688,943.5999755859375,948.5,292156
2026-01-14 14:20:00+05:30,948.5999755859375,948.9000244140625,946.7999877929688,947.25,75275
2026-01-14 14:25:00+05:30,947.4000244140625,947.4000244140625,945.0,946.0,94359
2026-01-14 14:30:00+05:30,946.0,946.2000122070312,945.0499877929688,945.9000244140625,65941
2026-01-14 14:35:00+05:30,945.9000244140625,946.8499755859375,944.9500122070312,945.2999877929688,169125
2026-01-14 14:40:00+05:30,945.0,945.4500122070312,943.2999877929688,944.5,346957
2026-01-14 14:45:00+05:30,944.3499755859375,947.5999755859375,944.0999755859375,945.9500122070312,203329
2026-01-14 14:50:00+05:30,946.0499877929688,947.0999755859375,945.0999755859375,946.4000244140625,103813
2026-01-14 14:55:00+05:30,946.6500244140625,947.7000122070312,946.1500244140625,946.7999877929688,82173
2026-01-14 15:00:00+05:30,947.0499877929688,947.0499877929688,945.5,946.0,140843
2026-01-14 15:05:00+05:30,945.9000244140625,946.5499877929688,942.5,942.75,583841
2026-01-14 15:10:00+05:30,942.75,945.7999877929688,942.4500122070312,945.4000244140625,369484
2026-01-14 15:15:00+05:30,945.4000244140625,946.5499877929688,945.0,945.7999877929688,215311
2026-01-14 15:20:00+05:30,945.4500122070312,945.9500122070312,943.4000244140625,943.7999877929688,261588
2026-01-14 15:25:00+05:30,943.7999877929688,945.4500122070312,938.5999755859375,943.0499877929688,232781
2026-01-16 09:20:00+05:30,949.8499755859375,951.5999755859375,944.75,945.0,115250
2026-01-16 09:25:00+05:30,945.0,946.5499877929688,940.0,940.0,81846
2026-01-16 09:30:00+05:30,940.0,941.25,938.0499877929688,939.0,73947
2026-01-16 09:35:00+05:30,939.3499755859375,947.7000122070312,938.7999877929688,946.7999877929688,187709
2026-01-16 09:40:00+05:30,947.0,951.5,946.0,950.2999877929688,241873
2026-01-16 09:45:00+05:30,950.7999877929688,951.5499877929688,947.7000122070312,949.5,245280
2026-01-16 09:50:00+05:30,949.0,950.4500122070312,946.5499877929688,947.8499755859375,228112
2026-01-16 09:55:00+05:30,948.0999755859375,949.6500244140625,947.0499877929688,948.2999877929688,97490
2026-01-16 10:00:00+05:30,948.75,952.0999755859375,948.4500122070312,952.0999755859375,141606
2026-01-16 10:05:00+05:30,951.7999877929688,953.4500122070312,950.4500122070312,953.3499755859375,104502
2026-01-16 10:10:00+05:30,953.3499755859375,954.0,951.0,951.5,93595
2026-01-16 10:15:00+05:30,951.4000244140625,953.5999755859375,950.0,950.0499877929688,203187
2026-01-16 10:20:00+05:30,950.2999877929688,950.3499755859375,946.0,948.0,352915
2026-01-16 10:25:00+05:30,948.0,953.0,946.7999877929688,953.0,126770
2026-01-16 10:30:00+05:30,952.9000244140625,953.7000122070312,951.0999755859375,952.0999755859375,43753
2026-01-16 10:35:00+05:30,952.4500122070312,954.4500122070312,951.3499755859375,951.5,68671
2026-01-16 10:40:00+05:30,951.5,952.25,946.25,946.6500244140625,203718
2026-01-16 10:45:00+05:30,946.0999755859375,949.9500122070312,946.0499877929688,949.0999755859375,301888
2026-01-16 10:50:00+05:30,949.0999755859375,953.9500122070312,948.5499877929688,953.0,84859
2026-01-16 10:55:00+05:30,953.0,956.2000122070312,952.7000122070312,952.7000122070312,198883
2026-01-16 11:00:00+05:30,953.1500244140625,953.9500122070312,951.25,951.4000244140625,62060
2026-01-16 11:05:00+05:30,951.3499755859375,952.75,950.6500244140625,951.2000122070312,90873
2026-01-16 11:10:00+05:30,950.7999877929688,951.9000244140625,950.5999755859375,951.3499755859375,54725
2026-01-16 11:15:00+05:30,951.4500122070312,952.7000122070312,951.0,951.0499877929688,48154
2026-01-16 11:20:00+05:30,951.0,951.2999877929688,950.5,951.1500244140625,31346
2026-01-16 11:25:00+05:30,951.1500244140625,951.5499877929688,950.6500244140625,951.3499755859375,28889
2026-01-16 11:30:00+05:30,951.2999877929688,951.8499755859375,950.2999877929688,951.2999877929688,79655
2026-01-16 11:35:00+05:30,951.25,951.7999877929688,950.4000244140625,951.6500244140625,38511
2026-01-16 11:40:00+05:30,951.1500244140625,953.0999755859375,951.0,952.2000122070312,41443
2026-01-16 11:45:00+05:30,952.3499755859375,955.4000244140625,951.8499755859375,954.8499755859375,399352
2026-01-16 11:50:00+05:30,954.8499755859375,958.0,954.7000122070312,956.7000122070312,79341
2026-01-16 11:55:00+05:30,956.7000122070312,957.6500244140625,956.0,957.2000122070312,34116
2026-01-16 12:00:00+05:30,957.4500122070312,959.0,955.3499755859375,957.4500122070312,55218
2026-01-16 12:05:00+05:30,957.5,957.5,955.0,956.0,47113
2026-01-16 12:10:00+05:30,955.9500122070312,957.7999877929688,955.25,957.0,59409
2026-01-16 12:15:00+05:30,957.4500122070312,957.5,955.25,956.9500122070312,219673
2026-01-16 12:20:00+05:30,957.0,958.0,956.75,957.3499755859375,80843
2026-01-16 12:25:00+05:30,957.4000244140625,959.9500122070312,956.9000244140625,957.8499755859375,314251
2026-01-16 12:30:00+05:30,957.8499755859375,958.0,956.75,957.3499755859375,61270
2026-01-16 12:35:00+05:30,957.4500122070312,959.7000122070312,957.25,958.5,87708
2026-01-16 12:40:00+05:30,958.7000122070312,959.5,958.2000122070312,959.2000122070312,48488
2026-01-16 12:45:00+05:30,958.9000244140625,959.0,956.9000244140625,957.1500244140625,71619
2026-01-16 12:50:00+05:30,957.3499755859375,958.5999755859375,956.5499877929688,957.7999877929688,74806
2026-01-16 12:55:00+05:30,957.75,958.0,956.9500122070312,957.2000122070312,49808
2026-01-16 13:00:00+05:30,957.4000244140625,957.7999877929688,956.9000244140625,957.6500244140625,40060
2026-01-16 13:05:00+05:30,957.5,958.0,954.0499877929688,954.2000122070312,70793
2026-01-16 13:10:00+05:30,954.3499755859375,955.4500122070312,952.4500122070312,954.2999877929688,127857
2026-01-16 13:15:00+05:30,954.2999877929688,954.5999755859375,951.0999755859375,953.5,111096
2026-01-16 13:20:00+05:30,953.5999755859375,953.7999877929688,951.5,951.75,104249
2026-01-16 13:25:00+05:30,952.1500244140625,952.1500244140625,949.8499755859375,950.9000244140625,120723
2026-01-16 13:30:00+05:30,951.25,952.0999755859375,949.6500244140625,950.0,94805
2026-01-16 13:35:00+05:30,950.2000122070312,951.2999877929688,950.0,950.5,78722
2026-01-16 13:40:00+05:30,950.5499877929688,951.5499877929688,949.7000122070312,951.5499877929688,121291
2026-01-16 13:45:00+05:30,951.5499877929688,953.2000122070312,951.0,952.3499755859375,137465
2026-01-16 13:50:00+05:30,952.3499755859375,952.8499755859375,949.2999877929688,949.5,89947
2026-01-16 13:55:00+05:30,950.0,950.6500244140625,949.4000244140625,950.0,533778
2026-01-16 14:00:00+05:30,950.2999877929688,950.5,949.2999877929688,950.0499877929688,90302
2026-01-16 14:05:00+05:30,949.5999755859375,951.2000122070312,949.4000244140625,951.0499877929688,102109
2026-01-16 14:10:00+05:30,951.2000122070312,952.7999877929688,950.5999755859375,951.25,183226
2026-01-16 14:15:00+05:30,951.5499877929688,952.0,950.6500244140625,951.9500122070312,93384
2026-01-16 14:20:00+05:30,952.0999755859375,952.75,950.7000122070312,951.7000122070312,85616
2026-01-16 14:25:00+05:30,951.7000122070312,952.0,949.9000244140625,950.5,114713
2026-01-16 14:30:00+05:30,950.3499755859375,950.5499877929688,944.3499755859375,945.25,244020
2026-01-16 14:35:00+05:30,945.5,947.25,944.2999877929688,946.7000122070312,177254
2026-01-16 14:40:00+05:30,946.7000122070312,949.75,945.6500244140625,947.5999755859375,294908
2026-01-16 14:45:00+05:30,947.7000122070312,949.7000122070312,947.0,948.9000244140625,159251
2026-01-16 14:50:00+05:30,948.7999877929688,951.5999755859375,948.7999877929688,951.25,174716
2026-01-16 14:55:00+05:30,951.25,953.0499877929688,950.9000244140625,952.25,215436
2026-01-16 15:00:00+05:30,952.1500244140625,954.9000244140625,952.0,953.7999877929688,193676
2026-01-16 15:05:00+05:30,953.8499755859375,955.4000244140625,952.8499755859375,955.4000244140625,263396
2026-01-16 15:10:00+05:30,955.2999877929688,956.0,953.5,954.0999755859375,274611
2026-01-16 15:15:00+05:30,954.0999755859375,954.7999877929688,952.5999755859375,953.5499877929688,232949
2026-01-16 15:20:00+05:30,953.4000244140625,954.2999877929688,952.2999877929688,952.5499877929688,137706
2026-01-16 15:25:00+05:30,952.2999877929688,953.0499877929688,951.2000122070312,951.5,139824
2026-01-19 09:20:00+05:30,950.5499877929688,953.0,946.0,946.6500244140625,75441
2026-01-19 09:25:00+05:30,946.5999755859375,947.9500122070312,944.5999755859375,944.5999755859375,33742
2026-01-19 09:30:00+05:30,944.5999755859375,945.25,942.5999755859375,944.8499755859375,67063
2026-01-19 09:35:00+05:30,944.8499755859375,945.5499877929688,943.5,943.7000122070312,282236
2026-01-19 09:40:00+05:30,943.9000244140625,946.7999877929688,943.0,946.5999755859375,51374
2026-01-19 09:45:00+05:30,946.5999755859375,946.75,945.2000122070312,945.9000244140625,52091
2026-01-19 09:50:00+05:30,945.9500122070312,948.4000244140625,945.9000244140625,947.75,32700
2026-01-19 09:55:00+05:30,947.75,948.25,946.5999755859375,948.0499877929688,26429
2026-01-19 10:00:00+05:30,948.0,953.2000122070312,948.0,952.9500122070312,58784
2026-01-19 10:05:00+05:30,952.9000244140625,957.3499755859375,952.3499755859375,957.0,96282
2026-01-19 10:10:00+05:30,957.0,957.5999755859375,951.25,952.2000122070312,45944
2026-01-19 10:15:00+05:30,952.2000122070312,953.0499877929688,951.9000244140625,952.4000244140625,25339
2026-01-19 10:20:00+05:30,952.25,955.3499755859375,951.7999877929688,954.9500122070312,55799
2026-01-19 10:25:00+05:30,955.0,956.9000244140625,954.3499755859375,956.9000244140625,142251
2026-01-19 10:30:00+05:30,956.5999755859375,956.6500244140625,954.9500122070312,955.4000244140625,26390
2026-01-19 10:35:00+05:30,955.5999755859375,955.5999755859375,954.25,954.9500122070312,84927
2026-01-19 10:40:00+05:30,954.75,956.1500244140625,953.9500122070312,955.0499877929688,217724
2026-01-19 10:45:00+05:30,955.0499877929688,955.4000244140625,952.7999877929688,954.2000122070312,116832
2026-01-19 10:50:00+05:30,954.3499755859375,957.8499755859375,954.3499755859375,957.4500122070312,50939
2026-01-19 10:55:00+05:30,957.4500122070312,961.4000244140625,957.4000244140625,961.0,82704
2026-01-19 11:00:00+05:30,961.0,961.0999755859375,958.6500244140625,958.6500244140625,48556
2026-01-19 11:05:00+05:30,958.4500122070312,960.7999877929688,958.1500244140625,959.5999755859375,68497
2026-01-19 11:10:00+05:30,960.0999755859375,961.3499755859375,959.7999877929688,960.2000122070312,40740
2026-01-19 11:15:00+05:30,953.8499755859375,961.1500244140625,953.8499755859375,960.7999877929688,126367
2026-01-19 11:20:00+05:30,960.9500122070312,961.9000244140625,960.5499877929688,960.5499877929688,38759
2026-01-19 11:25:00+05:30,960.7999877929688,960.9500122070312,954.3499755859375,955.8499755859375,93818
2026-01-19 11:30:00+05:30,955.7999877929688,955.7999877929688,950.9500122070312,951.7000122070312,40866
2026-01-19 11:35:00+05:30,951.8499755859375,952.4000244140625,951.0999755859375,951.8499755859375,22118
2026-01-19 11:40:00+05:30,951.75,952.5,948.5499877929688,948.5499877929688,49449
2026-01-19 11:45:00+05:30,948.6500244140625,949.7000122070312,947.8499755859375,948.25,98134
2026-01-19 11:50:00+05:30,948.3499755859375,950.7999877929688,948.25,949.25,48983
2026-01-19 11:55:00+05:30,949.2000122070312,949.4500122070312,948.0,948.7000122070312,24943
2026-01-19 12:00:00+05:30,948.7000122070312,950.0499877929688,948.25,948.4000244140625,26609
2026-01-19 12:05:00+05:30,948.4000244140625,949.6500244140625,948.3499755859375,948.5,27932
2026-01-19 12:10:00+05:30,948.5,948.7999877929688,947.5,948.1500244140625,16868
2026-01-19 12:15:00+05:30,947.75,950.9500122070312,947.5999755859375,950.9000244140625,29023
2026-01-19 12:20:00+05:30,950.9000244140625,951.75,949.7999877929688,950.7999877929688,28823
2026-01-19 12:25:00+05:30,950.7999877929688,952.0499877929688,950.5499877929688,951.4000244140625,18669
2026-01-19 12:30:00+05:30,951.4500122070312,951.9500122070312,949.2000122070312,950.25,20559
2026-01-19 12:35:00+05:30,950.3499755859375,950.4000244140625,947.8499755859375,948.0,23498
2026-01-19 12:40:00+05:30,947.7000122070312,949.0999755859375,947.3499755859375,947.9000244140625,25007
2026-01-19 12:45:00+05:30,947.5,948.8499755859375,947.0999755859375,947.5999755859375,18289
2026-01-19 12:50:00+05:30,947.2999877929688,948.2999877929688,947.2999877929688,947.8499755859375,21313
2026-01-19 12:55:00+05:30,947.8499755859375,948.2000122070312,947.4500122070312,947.7000122070312,21037
2026-01-19 13:00:00+05:30,947.7000122070312,948.5499877929688,947.4500122070312,947.4500122070312,16460
2026-01-19 13:05:00+05:30,947.4500122070312,948.4500122070312,947.4000244140625,947.4000244140625,21016
2026-01-19 13:10:00+05:30,947.4500122070312,949.8499755859375,946.0,949.0499877929688,54676
2026-01-19 13:15:00+05:30,949.0499877929688,949.5,948.2000122070312,948.25,30298
2026-01-19 13:20:00+05:30,948.25,949.6500244140625,948.25,948.6500244140625,25408
2026-01-19 13:25:00+05:30,948.6500244140625,949.0499877929688,947.5499877929688,948.1500244140625,26155
2026-01-19 13:30:00+05:30,948.2000122070312,948.5,943.5,944.3499755859375,62735
2026-01-19 13:35:00+05:30,944.3499755859375,944.4500122070312,941.4500122070312,942.2000122070312,59659
2026-01-19 13:40:00+05:30,942.2000122070312,945.0999755859375,942.0499877929688,945.0499877929688,45720
2026-01-19 13:45:00+05:30,945.0499877929688,945.5499877929688,944.0499877929688,944.0499877929688,27853
2026-01-19 13:50:00+05:30,943.6500244140625,946.7000122070312,943.6500244140625,946.2000122070312,32045
2026-01-19 13:55:00+05:30,946.2000122070312,946.7999877929688,945.0,945.5999755859375,27582
2026-01-19 14:00:00+05:30,945.5999755859375,946.5999755859375,945.4500122070312,945.8499755859375,30698
2026-01-19 14:05:00+05:30,945.5999755859375,947.0,945.5999755859375,946.0999755859375,29381
2026-01-19 14:10:00+05:30,945.7999877929688,946.3499755859375,944.4500122070312,944.8499755859375,37255
2026-01-19 14:15:00+05:30,944.8499755859375,945.7000122070312,944.4500122070312,945.7000122070312,36611
2026-01-19 14:20:00+05:30,945.5499877929688,945.7999877929688,943.4500122070312,943.9500122070312,37713
2026-01-19 14:25:00+05:30,943.9500122070312,944.4000244140625,942.5,943.4500122070312,38855
2026-01-19 14:30:00+05:30,943.8499755859375,944.9500122070312,943.5999755859375,944.5,29177
2026-01-19 14:35:00+05:30,944.5,945.7999877929688,944.0999755859375,945.25,38360
2026-01-19 14:40:00+05:30,945.25,949.9000244140625,945.25,949.1500244140625,131399
2026-01-19 14:45:00+05:30,949.0,951.6500244140625,949.0,949.8499755859375,180491
2026-01-19 14:50:00+05:30,950.0,951.0,949.0,949.8499755859375,156434
2026-01-19 14:55:00+05:30,949.9000244140625,951.0,948.25,950.0,303030
2026-01-19 15:00:00+05:30,950.0,950.5499877929688,949.5499877929688,950.25,215848
2026-01-19 15:05:00+05:30,950.2999877929688,950.2999877929688,948.6500244140625,949.9000244140625,207664
2026-01-19 15:10:00+05:30,949.9000244140625,950.0,949.25,950.0,209672
2026-01-19 15:15:00+05:30,949.9500122070312,950.0,948.5,949.5999755859375,232278
2026-01-19 15:20:00+05:30,949.7000122070312,950.0,949.1500244140625,949.7999877929688,232405
2026-01-19 15:25:00+05:30,949.7999877929688,950.0,946.0,949.7999877929688,145868
2026-01-20 09:20:00+05:30,942.1500244140625,942.9500122070312,939.0999755859375,939.0999755859375,99153
2026-01-20 09:25:00+05:30,939.7000122070312,939.7000122070312,937.4000244140625,937.7000122070312,38610
2026-01-20 09:30:00+05:30,936.4500122070312,936.4500122070312,933.0,933.0999755859375,136488
2026-01-20 09:35:00+05:30,932.5,933.9500122070312,927.7999877929688,928.0,690944
2026-01-20 09:40:00+05:30,927.1500244140625,928.5499877929688,924.9000244140625,925.2000122070312,390445
2026-01-20 09:45:00+05:30,925.0,925.7000122070312,920.9000244140625,921.9500122070312,422782
2026-01-20 09:50:00+05:30,921.9000244140625,924.7999877929688,920.2999877929688,920.8499755859375,74756
2026-01-20 09:55:00+05:30,920.9500122070312,924.3499755859375,920.9500122070312,921.2000122070312,61037
2026-01-20 10:00:00+05:30,921.25,923.4500122070312,919.5,922.4000244140625,60973
2026-01-20 10:05:00+05:30,923.0,923.0,918.2000122070312,918.9500122070312,57074
2026-01-20 10:10:00+05:30,919.2000122070312,921.5999755859375,917.3499755859375,919.0,58041
2026-01-20 10:15:00+05:30,918.7000122070312,923.9000244140625,918.7000122070312,921.0499877929688,80927
2026-01-20 10:20:00+05:30,921.2999877929688,922.2999877929688,919.0499877929688,920.3499755859375,51319
2026-01-20 10:25:00+05:30,920.2999877929688,922.6500244140625,918.5999755859375,918.5999755859375,51232
2026-01-20 10:30:00+05:30,918.5999755859375,919.0499877929688,916.5999755859375,918.3499755859375,79831
2026-01-20 10:35:00+05:30,918.3499755859375,921.5,917.5999755859375,921.5,42129
2026-01-20 10:40:00+05:30,921.5,923.0,920.0499877929688,920.9000244140625,42889
2026-01-20 10:45:00+05:30,920.5,921.7999877929688,919.7999877929688,921.5,27629
2026-01-20 10:50:00+05:30,921.5499877929688,922.2999877929688,920.25,921.9000244140625,41036
2026-01-20 10:55:00+05:30,921.9500122070312,923.0999755859375,920.1500244140625,920.75,76682
2026-01-20 11:00:00+05:30,920.2000122070312,920.25,917.0499877929688,919.6500244140625,210419
2026-01-20 11:05:00+05:30,919.6500244140625,921.0999755859375,919.1500244140625,920.5999755859375,26257
2026-01-20 11:10:00+05:30,920.7999877929688,923.0,920.5,922.5,25526
2026-01-20 11:15:00+05:30,922.7000122070312,925.4000244140625,922.1500244140625,922.75,97979
2026-01-20 11:20:00+05:30,922.8499755859375,923.7000122070312,922.2999877929688,922.2999877929688,24683
2026-01-20 11:25:00+05:30,922.2999877929688,922.7999877929688,921.0,922.6500244140625,26190
2026-01-20 11:30:00+05:30,922.4500122070312,923.2999877929688,921.0,923.2999877929688,31464
2026-01-20 11:35:00+05:30,923.0499877929688,924.5999755859375,922.5,923.0,27988
2026-01-20 11:40:00+05:30,922.9500122070312,922.9500122070312,919.2999877929688,919.9500122070312,138502
2026-01-20 11:45:00+05:30,919.9500122070312,922.0,919.0999755859375,921.25,122001
2026-01-20 11:50:00+05:30,921.2999877929688,923.0999755859375,920.0,922.3499755859375,172826
2026-01-20 11:55:00+05:30,922.1500244140625,922.1500244140625,919.2000122070312,919.5999755859375,38066
2026-01-20 12:00:00+05:30,919.5999755859375,920.4500122070312,918.5,920.4000244140625,125516
2026-01-20 12:05:00+05:30,920.4000244140625,920.4000244140625,917.8499755859375,917.8499755859375,203611
2026-01-20 12:10:00+05:30,917.2999877929688,918.7000122070312,917.0999755859375,918.5,22711
2026-01-20 12:15:00+05:30,918.9000244140625,918.9000244140625,917.2000122070312,917.4500122070312,25612
2026-01-20 12:20:00+05:30,917.4500122070312,918.5499877929688,916.2000122070312,918.2000122070312,27044
2026-01-20 12:25:00+05:30,918.1500244140625,919.1500244140625,917.5,918.7000122070312,17574
2026-01-20 12:30:00+05:30,918.7000122070312,918.8499755859375,917.0,917.9000244140625,18665
2026-01-20 12:35:00+05:30,917.9000244140625,918.0,915.2000122070312,915.5999755859375,43993
2026-01-20 12:40:00+05:30,915.4000244140625,915.5,914.0,915.2000122070312,30883
2026-01-20 12:45:00+05:30,915.0499877929688,917.0,914.5999755859375,917.0,12762
2026-01-20 12:50:00+05:30,916.8499755859375,917.3499755859375,915.2999877929688,916.0,14602
2026-01-20 12:55:00+05:30,916.0,917.6500244140625,915.9500122070312,917.2999877929688,15617
2026-01-20 13:00:00+05:30,917.2999877929688,918.4000244140625,916.75,917.9500122070312,11923
2026-01-20 13:05:00+05:30,918.0,918.7999877929688,917.4500122070312,918.25,15855
2026-01-20 13:10:00+05:30,917.8499755859375,918.4500122070312,917.4000244140625,917.7999877929688,12313
2026-01-20 13:15:00+05:30,917.6500244140625,917.6500244140625,916.2999877929688,916.7999877929688,13560
2026-01-20 13:20:00+05:30,916.7999877929688,917.9000244140625,916.5,917.4500122070312,59448
2026-01-20 13:25:00+05:30,917.4000244140625,917.5,916.4000244140625,916.6500244140625,12574
2026-01-20 13:30:00+05:30,916.6500244140625,916.6500244140625,913.0499877929688,913.2000122070312,46546
2026-01-20 13:35:00+05:30,913.0999755859375,913.9000244140625,911.0499877929688,911.4000244140625,37696
2026-01-20 13:40:00+05:30,911.4000244140625,911.7000122070312,910.0,910.3499755859375,42533
2026-01-20 13:45:00+05:30,910.4500122070312,910.5999755859375,907.0,907.3499755859375,54992
2026-01-20 13:50:00+05:30,907.7000122070312,909.8499755859375,907.1500244140625,909.0999755859375,19564
2026-01-20 13:55:00+05:30,909.1500244140625,910.4000244140625,908.8499755859375,910.3499755859375,20085
2026-01-20 14:00:00+05:30,910.5999755859375,910.7999877929688,908.0,910.3499755859375,32254
2026-01-20 14:05:00+05:30,910.1500244140625,910.25,906.0999755859375,906.5,43406
2026-01-20 14:10:00+05:30,906.5,906.75,905.25,905.4000244140625,38321
2026-01-20 14:15:00+05:30,905.5499877929688,906.2999877929688,904.3499755859375,905.0,56795
2026-01-20 14:20:00+05:30,904.9500122070312,905.9000244140625,899.25,900.0,573334
2026-01-20 14:25:00+05:30,900.7999877929688,905.5499877929688,900.0999755859375,905.0,113616
2026-01-20 14:30:00+05:30,905.0,905.6500244140625,903.2999877929688,903.2999877929688,67516
2026-01-20 14:35:00+05:30,903.5,906.4000244140625,903.2000122070312,905.7000122070312,72053
2026-01-20 14:40:00+05:30,906.0,907.9500122070312,905.0999755859375,907.0,69299
2026-01-20 14:45:00+05:30,907.25,908.7999877929688,906.5499877929688,908.4500122070312,64053
2026-01-20 14:50:00+05:30,908.0499877929688,909.7000122070312,907.1500244140625,909.1500244140625,61958
2026-01-20 14:55:00+05:30,908.9000244140625,911.0,908.25,908.2999877929688,103602
2026-01-20 15:00:00+05:30,908.3499755859375,909.7000122070312,907.6500244140625,908.0,116669
2026-01-20 15:05:00+05:30,908.2999877929688,908.7999877929688,907.0499877929688,908.0,107955
2026-01-20 15:10:00+05:30,907.7000122070312,907.75,904.2999877929688,905.5999755859375,165036
2026-01-20 15:15:00+05:30,905.25,905.5999755859375,903.7000122070312,905.0,156479
2026-01-20 15:20:00+05:30,905.0,905.0,900.2000122070312,902.2000122070312,191091
2026-01-20 15:25:00+05:30,901.7999877929688,905.1500244140625,900.5999755859375,905.1500244140625,165249
2026-01-21 09:20:00+05:30,910.7000122070312,911.6500244140625,906.8499755859375,911.25,116244
2026-01-21 09:25:00+05:30,911.7999877929688,916.7999877929688,911.2000122070312,913.0,71712
2026-01-21 09:30:00+05:30,912.5,919.1500244140625,911.9000244140625,916.0999755859375,68383
2026-01-21 09:35:00+05:30,916.0999755859375,917.0,913.2999877929688,913.9500122070312,47076
2026-01-21 09:40:00+05:30,913.4500122070312,916.4500122070312,911.9000244140625,913.0,102749
2026-01-21 09:45:00+05:30,913.2000122070312,915.4500122070312,909.2999877929688,909.2999877929688,66514
2026-01-21 09:50:00+05:30,909.2000122070312,911.25,908.4500122070312,909.4500122070312,32324
2026-01-21 09:55:00+05:30,909.5999755859375,913.9500122070312,909.4500122070312,910.25,30426
2026-01-21 10:00:00+05:30,910.5,911.5999755859375,908.7999877929688,908.8499755859375,16222
2026-01-21 10:05:00+05:30,909.3499755859375,911.5,908.7999877929688,910.0,17892
2026-01-21 10:10:00+05:30,909.0499877929688,910.2000122070312,907.0,907.0,46920
2026-01-21 10:15:00+05:30,907.0,909.7999877929688,906.6500244140625,907.6500244140625,15373
2026-01-21 10:20:00+05:30,908.1500244140625,909.7000122070312,906.5999755859375,907.6500244140625,11130
2026-01-21 10:25:00+05:30,907.75,910.5,907.3499755859375,908.5999755859375,46636
2026-01-21 10:30:00+05:30,908.6500244140625,908.9500122070312,905.0999755859375,905.1500244140625,31163
2026-01-21 10:35:00+05:30,905.7999877929688,906.0,903.0,903.0999755859375,34620
2026-01-21 10:40:00+05:30,903.7000122070312,904.4000244140625,902.0,903.25,28187
2026-01-21 10:45:00+05:30,903.1500244140625,904.3499755859375,901.0,902.1500244140625,39812
2026-01-21 10:50:00+05:30,901.5999755859375,901.5999755859375,895.0,895.0999755859375,33474
2026-01-21 10:55:00+05:30,895.6500244140625,898.7999877929688,891.9000244140625,898.7000122070312,100802
2026-01-21 11:00:00+05:30,898.7000122070312,900.6500244140625,897.5999755859375,898.25,44860
2026-01-21 11:05:00+05:30,898.4000244140625,898.75,896.75,898.4000244140625,21283
2026-01-21 11:10:00+05:30,898.0999755859375,900.2999877929688,896.1500244140625,897.25,34967
2026-01-21 11:15:00+05:30,896.5499877929688,898.5,895.9000244140625,898.5,28546
2026-01-21 11:20:00+05:30,898.2000122070312,898.5,895.5999755859375,896.5999755859375,22405
2026-01-21 11:25:00+05:30,896.2000122070312,898.5499877929688,895.7999877929688,896.6500244140625,28314
2026-01-21 11:30:00+05:30,897.0,898.6500244140625,896.75,897.5499877929688,7282
2026-01-21 11:35:00+05:30,897.25,898.4500122070312,895.5499877929688,895.9000244140625,23053
2026-01-21 11:40:00+05:30,895.25,896.5499877929688,894.3499755859375,894.9500122070312,12445
2026-01-21 11:45:00+05:30,894.9500122070312,898.5,894.3499755859375,895.2999877929688,13823
2026-01-21 11:50:00+05:30,895.25,895.5,894.0499877929688,895.0499877929688,18162
2026-01-21 11:55:00+05:30,895.1500244140625,896.7999877929688,894.0,895.1500244140625,9806
2026-01-21 12:00:00+05:30,895.2999877929688,901.0,894.5999755859375,900.1500244140625,115707
2026-01-21 12:05:00+05:30,900.5499877929688,903.4000244140625,900.2000122070312,902.7000122070312,76511
2026-01-21 12:10:00+05:30,902.7000122070312,903.8499755859375,901.9500122070312,903.5,25057
2026-01-21 12:15:00+05:30,903.3499755859375,904.9500122070312,902.0999755859375,903.5999755859375,77307
2026-01-21 12:20:00+05:30,903.8499755859375,905.0,902.0,904.4500122070312,62455
2026-01-21 12:25:00+05:30,903.6500244140625,904.4500122070312,902.0,902.7999877929688,23628
2026-01-21 12:30:00+05:30,903.5,909.4000244140625,903.5,908.5999755859375,23712
2026-01-21 12:35:00+05:30,908.5499877929688,911.9500122070312,908.0,910.0,55356
2026-01-21 12:40:00+05:30,910.5499877929688,911.0,908.3499755859375,908.8499755859375,57305
2026-01-21 12:45:00+05:30,909.0499877929688,911.9500122070312,909.0499877929688,911.3499755859375,185446
2026-01-21 12:50:00+05:30,911.3499755859375,911.4000244140625,909.4000244140625,909.7000122070312,93149
2026-01-21 12:55:00+05:30,909.2999877929688,913.4000244140625,907.0999755859375,912.7000122070312,148881
2026-01-21 13:00:00+05:30,913.0499877929688,914.9000244140625,912.6500244140625,914.2999877929688,119997
2026-01-21 13:05:00+05:30,914.5,914.7999877929688,910.0,910.1500244140625,106365
2026-01-21 13:10:00+05:30,910.0999755859375,910.0999755859375,907.5,908.0,23713
2026-01-21 13:15:00+05:30,908.4000244140625,908.4500122070312,906.0499877929688,907.0999755859375,12652
2026-01-21 13:20:00+05:30,906.75,907.0999755859375,903.75,903.75,21708
2026-01-21 13:25:00+05:30,904.25,904.7999877929688,902.9000244140625,903.7000122070312,15870
2026-01-21 13:30:00+05:30,903.5,907.2000122070312,903.4500122070312,906.5,147955
2026-01-21 13:35:00+05:30,906.7000122070312,907.6500244140625,905.1500244140625,906.9500122070312,121542
2026-01-21 13:40:00+05:30,906.75,906.75,904.3499755859375,905.4500122070312,14932
2026-01-21 13:45:00+05:30,905.4000244140625,905.6500244140625,902.8499755859375,904.5,14168
2026-01-21 13:50:00+05:30,904.2999877929688,904.5999755859375,900.9000244140625,901.9500122070312,31789
2026-01-21 13:55:00+05:30,901.9500122070312,903.4000244140625,901.7000122070312,902.5499877929688,18593
2026-01-21 14:00:00+05:30,902.2999877929688,903.5999755859375,900.9500122070312,902.0,17145
2026-01-21 14:05:00+05:30,902.0,902.7000122070312,900.75,902.0,17021
2026-01-21 14:10:00+05:30,902.0499877929688,903.4000244140625,901.5,902.25,14047
2026-01-21 14:15:00+05:30,902.4500122070312,905.7999877929688,901.9000244140625,905.0499877929688,26287
2026-01-21 14:20:00+05:30,904.7000122070312,906.5999755859375,904.1500244140625,905.0,16454
2026-01-21 14:25:00+05:30,904.8499755859375,905.4500122070312,902.5,902.9500122070312,10646
2026-01-21 14:30:00+05:30,902.9500122070312,904.75,902.5499877929688,903.8499755859375,9187
2026-01-21 14:35:00+05:30,904.3499755859375,906.8499755859375,903.1500244140625,906.6500244140625,14865
2026-01-21 14:40:00+05:30,906.5,908.2000122070312,905.9500122070312,907.0499877929688,22901
2026-01-21 14:45:00+05:30,907.2999877929688,908.3499755859375,906.0,906.8499755859375,28107
2026-01-21 14:50:00+05:30,906.8499755859375,908.4500122070312,906.5499877929688,907.8499755859375,15948
2026-01-21 14:55:00+05:30,907.8499755859375,908.5999755859375,905.7000122070312,906.2999877929688,19707
2026-01-21 15:00:00+05:30,905.9500122070312,908.7999877929688,905.9500122070312,908.7999877929688,57937
2026-01-21 15:05:00+05:30,908.6500244140625,908.7000122070312,906.4000244140625,907.0999755859375,61867
2026-01-21 15:10:00+05:30,907.0999755859375,907.3499755859375,906.1500244140625,907.0,55699
2026-01-21 15:15:00+05:30,906.9000244140625,907.6500244140625,905.7000122070312,907.5,70324
2026-01-21 15:20:00+05:30,907.5999755859375,907.7999877929688,905.4000244140625,906.5499877929688,97601
2026-01-21 15:25:00+05:30,906.5,909.5999755859375,905.0,907.1500244140625,65246
2026-01-22 09:20:00+05:30,909.0,911.1500244140625,907.25,908.75,126062
2026-01-22 09:25:00+05:30,908.75,910.0,907.5,909.0999755859375,61988
2026-01-22 09:30:00+05:30,909.6500244140625,910.25,908.9000244140625,909.0,52001
2026-01-22 09:35:00+05:30,909.6500244140625,912.7000122070312,908.7999877929688,912.0499877929688,66273
2026-01-22 09:40:00+05:30,912.5999755859375,912.5999755859375,907.5,907.6500244140625,118262
2026-01-22 09:45:00+05:30,907.75,909.0,907.6500244140625,907.9500122070312,25261
2026-01-22 09:50:00+05:30,907.7999877929688,908.1500244140625,904.0499877929688,905.4000244140625,52615
2026-01-22 09:55:00+05:30,905.25,905.4000244140625,903.5,903.7999877929688,21414
2026-01-22 10:00:00+05:30,903.9500122070312,904.5999755859375,897.75,899.5999755859375,73520
2026-01-22 10:05:00+05:30,899.5499877929688,900.75,897.5999755859375,898.9000244140625,45078
2026-01-22 10:10:00+05:30,898.4000244140625,903.7999877929688,897.5999755859375,903.7999877929688,70257
2026-01-22 10:15:00+05:30,903.3499755859375,905.4000244140625,903.3499755859375,903.8499755859375,54733
2026-01-22 10:20:00+05:30,904.0,905.2999877929688,903.8499755859375,904.7999877929688,47863
2026-01-22 10:25:00+05:30,904.8499755859375,904.9000244140625,898.3499755859375,898.8499755859375,49692
2026-01-22 10:30:00+05:30,898.7999877929688,898.7999877929688,893.7999877929688,897.0999755859375,102947
2026-01-22 10:35:00+05:30,897.7000122070312,898.1500244140625,896.5,896.6500244140625,15179
2026-01-22 10:40:00+05:30,897.0,897.4500122070312,895.2999877929688,896.0999755859375,10871
2026-01-22 10:45:00+05:30,895.5999755859375,896.2999877929688,892.9000244140625,894.6500244140625,24731
2026-01-22 10:50:00+05:30,894.6500244140625,895.3499755859375,893.1500244140625,895.2999877929688,20916
2026-01-22 10:55:00+05:30,895.25,896.0499877929688,894.5,894.5,26018
2026-01-22 11:00:00+05:30,893.7999877929688,896.0,893.3499755859375,893.9000244140625,17012
2026-01-22 11:05:00+05:30,893.9500122070312,895.0499877929688,893.9000244140625,894.75,8940
2026-01-22 11:10:00+05:30,894.9000244140625,896.2000122070312,894.75,895.6500244140625,23705
2026-01-22 11:15:00+05:30,895.9000244140625,896.9500122070312,895.0,895.0,10347
2026-01-22 11:20:00+05:30,894.9500122070312,898.0,894.5499877929688,896.9000244140625,20950
2026-01-22 11:25:00+05:30,897.0,901.9500122070312,897.0,900.3499755859375,39051
2026-01-22 11:30:00+05:30,900.3499755859375,900.4000244140625,898.2000122070312,898.7999877929688,40784
2026-01-22 11:35:00+05:30,898.75,900.0,898.3499755859375,899.1500244140625,20499
2026-01-22 11:40:00+05:30,899.1500244140625,899.1500244140625,896.5,896.8499755859375,10128
2026-01-22 11:45:00+05:30,896.8499755859375,897.0,895.4000244140625,896.7999877929688,15197
2026-01-22 11:50:00+05:30,897.5,898.9000244140625,897.1500244140625,897.7999877929688,16429
2026-01-22 11:55:00+05:30,897.7999877929688,899.1500244140625,897.7000122070312,898.2999877929688,11160
2026-01-22 12:00:00+05:30,898.0499877929688,899.2999877929688,897.5999755859375,898.4000244140625,17801
2026-01-22 12:05:00+05:30,898.4000244140625,902.2000122070312,898.25,901.4500122070312,23738
2026-01-22 12:10:00+05:30,901.0,902.7999877929688,900.5,901.7000122070312,18471
2026-01-22 12:15:00+05:30,901.8499755859375,902.2000122070312,900.75,902.0,12882
2026-01-22 12:20:00+05:30,901.5999755859375,902.7999877929688,901.0999755859375,901.5999755859375,14481
2026-01-22 12:25:00+05:30,901.5999755859375,902.7000122070312,901.5,902.0499877929688,10895
2026-01-22 12:30:00+05:30,901.9000244140625,901.9000244140625,898.4000244140625,899.0,26733
2026-01-22 12:35:00+05:30,898.9500122070312,899.9500122070312,898.5,899.5,4849
2026-01-22 12:40:00+05:30,899.5,899.9000244140625,898.0999755859375,899.75,7277
2026-01-22 12:45:00+05:30,899.7000122070312,900.0,899.0499877929688,899.5999755859375,5271
2026-01-22 12:50:00+05:30,899.5999755859375,900.0,898.1500244140625,898.2999877929688,5808
2026-01-22 12:55:00+05:30,898.4500122070312,898.4500122070312,897.4000244140625,897.8499755859375,8942
2026-01-22 13:00:00+05:30,897.9500122070312,898.5499877929688,896.5499877929688,898.1500244140625,9221
2026-01-22 13:05:00+05:30,898.0499877929688,898.2999877929688,897.0,897.75,4336
2026-01-22 13:10:00+05:30,897.2999877929688,898.5999755859375,897.1500244140625,897.4000244140625,6031
2026-01-22 13:15:00+05:30,897.4000244140625,897.7000122070312,895.7999877929688,895.7999877929688,18970
2026-01-22 13:20:00+05:30,895.9500122070312,897.5999755859375,895.0999755859375,896.7000122070312,7334
2026-01-22 13:25:00+05:30,897.0999755859375,897.5999755859375,896.2000122070312,896.5499877929688,6747
2026-01-22 13:30:00+05:30,896.5499877929688,898.5499877929688,895.75,898.5,6764
2026-01-22 13:35:00+05:30,898.5,898.8499755859375,897.4000244140625,898.25,14457
2026-01-22 13:40:00+05:30,898.0,898.9500122070312,897.1500244140625,897.5,13579
2026-01-22 13:45:00+05:30,897.5,898.2999877929688,896.8499755859375,898.0,8976
2026-01-22 13:50:00+05:30,897.9500122070312,900.0,897.7000122070312,899.9500122070312,23092
2026-01-22 13:55:00+05:30,899.8499755859375,900.0,897.6500244140625,898.1500244140625,20088
2026-01-22 14:00:00+05:30,898.2000122070312,899.0,897.6500244140625,898.4500122070312,19615
2026-01-22 14:05:00+05:30,898.0499877929688,898.7999877929688,897.5999755859375,897.9000244140625,6376
2026-01-22 14:10:00+05:30,898.5499877929688,898.7999877929688,897.3499755859375,897.6500244140625,2988
2026-01-22 14:15:00+05:30,897.3499755859375,898.9500122070312,897.2999877929688,898.5,17328
2026-01-22 14:20:00+05:30,898.5999755859375,901.4000244140625,898.5999755859375,900.1500244140625,24169
2026-01-22 14:25:00+05:30,900.1500244140625,901.0,900.0499877929688,901.0,14365
2026-01-22 14:30:00+05:30,900.75,902.0,900.5999755859375,901.7000122070312,27164
2026-01-22 14:35:00+05:30,901.7000122070312,902.4000244140625,900.5999755859375,901.2999877929688,40111
2026-01-22 14:40:00+05:30,901.5,902.0,898.1500244140625,899.0999755859375,12803
2026-01-22 14:45:00+05:30,899.1500244140625,900.2999877929688,898.0499877929688,898.0499877929688,6836
2026-01-22 14:50:00+05:30,898.4000244140625,898.9500122070312,897.5499877929688,897.8499755859375,7816
2026-01-22 14:55:00+05:30,898.3499755859375,900.7999877929688,897.6500244140625,900.25,20689
2026-01-22 15:00:00+05:30,900.75,900.7999877929688,898.7999877929688,900.5999755859375,37238
2026-01-22 15:05:00+05:30,900.2999877929688,904.3499755859375,900.2000122070312,903.8499755859375,67329
2026-01-22 15:10:00+05:30,903.3499755859375,904.4500122070312,902.5499877929688,904.0,59171
2026-01-22 15:15:00+05:30,903.9000244140625,903.9000244140625,902.4000244140625,902.5499877929688,76488
2026-01-22 15:20:00+05:30,902.4000244140625,903.0499877929688,902.0999755859375,902.5,80560
2026-01-22 15:25:00+05:30,902.5,903.0,900.5,902.0,77288
2026-01-23 09:20:00+05:30,903.4500122070312,909.9500122070312,902.0999755859375,908.0999755859375,225312
2026-01-23 09:25:00+05:30,907.6500244140625,913.6500244140625,905.7999877929688,913.25,186819
2026-01-23 09:30:00+05:30,914.0,914.4500122070312,909.0,909.4500122070312,193343
2026-01-23 09:35:00+05:30,909.4000244140625,913.0,909.4000244140625,911.4000244140625,254336
2026-01-23 09:40:00+05:30,911.4000244140625,912.0499877929688,905.2999877929688,906.2000122070312,82002
2026-01-23 09:45:00+05:30,906.2000122070312,910.0,904.6500244140625,906.9000244140625,103810
2026-01-23 09:50:00+05:30,906.9000244140625,909.4000244140625,906.5,908.6500244140625,29977
2026-01-23 09:55:00+05:30,908.7000122070312,910.9000244140625,908.2000122070312,910.0499877929688,63968
2026-01-23 10:00:00+05:30,910.0499877929688,910.7999877929688,907.0499877929688,907.3499755859375,83170
2026-01-23 10:05:00+05:30,908.1500244140625,909.9500122070312,906.9000244140625,907.2999877929688,40089
2026-01-23 10:10:00+05:30,907.25,909.6500244140625,906.0499877929688,908.9500122070312,31427
2026-01-23 10:15:00+05:30,909.7999877929688,911.0999755859375,908.5999755859375,909.5,72684
2026-01-23 10:20:00+05:30,909.7000122070312,911.5499877929688,909.0,910.25,184463
2026-01-23 10:25:00+05:30,910.5999755859375,911.75,909.9000244140625,910.25,203364
2026-01-23 10:30:00+05:30,910.2999877929688,911.9500122070312,909.7000122070312,910.2999877929688,121699
2026-01-23 10:35:00+05:30,910.2999877929688,911.9000244140625,909.7000122070312,910.8499755859375,161663
2026-01-23 10:40:00+05:30,911.1500244140625,911.4500122070312,909.5499877929688,909.9000244140625,146905
2026-01-23 10:45:00+05:30,909.75,911.5999755859375,909.5499877929688,909.9000244140625,230608
2026-01-23 10:50:00+05:30,910.1500244140625,911.5999755859375,909.6500244140625,910.0,286359
2026-01-23 10:55:00+05:30,909.9000244140625,910.7000122070312,908.9500122070312,909.9000244140625,451145
2026-01-23 11:00:00+05:30,909.9500122070312,910.0,909.0499877929688,909.3499755859375,40530
2026-01-23 11:05:00+05:30,909.2999877929688,909.5499877929688,907.7999877929688,909.0499877929688,39359
2026-01-23 11:10:00+05:30,908.7999877929688,910.0,908.1500244140625,909.0999755859375,73265
2026-01-23 11:15:00+05:30,908.7000122070312,909.5499877929688,907.0499877929688,909.25,53652
2026-01-23 11:20:00+05:30,909.0999755859375,910.0,907.5,909.7000122070312,58286
2026-01-23 11:25:00+05:30,910.0,910.2999877929688,908.5499877929688,908.7000122070312,90567
2026-01-23 11:30:00+05:30,908.75,909.0499877929688,906.5,907.5,29811
2026-01-23 11:35:00+05:30,907.0499877929688,908.7999877929688,905.9000244140625,905.9000244140625,40402
2026-01-23 11:40:00+05:30,905.9000244140625,908.5,905.5,907.2999877929688,28263
2026-01-23 11:45:00+05:30,907.0999755859375,907.7000122070312,904.5,904.5,39788
2026-01-23 11:50:00+05:30,904.5999755859375,906.8499755859375,904.3499755859375,906.2999877929688,27292
2026-01-23 11:55:00+05:30,906.0,907.7000122070312,905.2999877929688,906.6500244140625,45704
2026-01-23 12:00:00+05:30,906.9500122070312,907.9000244140625,906.5,907.4500122070312,23061
2026-01-23 12:05:00+05:30,907.5,907.75,906.4000244140625,907.2000122070312,22412
2026-01-23 12:10:00+05:30,906.8499755859375,907.4500122070312,905.3499755859375,905.7000122070312,31848
2026-01-23 12:15:00+05:30,905.5999755859375,906.8499755859375,904.7999877929688,906.6500244140625,37312
2026-01-23 12:20:00+05:30,906.4000244140625,907.4000244140625,905.5,906.0499877929688,45134
2026-01-23 12:25:00+05:30,905.7000122070312,906.25,904.75,904.75,30655
2026-01-23 12:30:00+05:30,904.7000122070312,905.7000122070312,904.0,904.9500122070312,28440
2026-01-23 12:35:00+05:30,904.9500122070312,906.7999877929688,904.7000122070312,905.6500244140625,32784
2026-01-23 12:40:00+05:30,905.7000122070312,907.4500122070312,904.2999877929688,906.0,37424
2026-01-23 12:45:00+05:30,906.0499877929688,908.0,906.0499877929688,906.25,38243
2026-01-23 12:50:00+05:30,906.2999877929688,906.6500244140625,905.0499877929688,905.4500122070312,28636
2026-01-23 12:55:00+05:30,905.4500122070312,905.5499877929688,901.25,901.25,57363
2026-01-23 13:00:00+05:30,901.5499877929688,904.5,901.0999755859375,903.5499877929688,33941
2026-01-23 13:05:00+05:30,903.3499755859375,903.7000122070312,902.5,902.75,57427
2026-01-23 13:10:00+05:30,903.1500244140625,904.0,902.7000122070312,903.1500244140625,38528
2026-01-23 13:15:00+05:30,903.0999755859375,904.2999877929688,901.7999877929688,902.4500122070312,55630
2026-01-23 13:20:00+05:30,902.4500122070312,902.7999877929688,899.25,899.25,96406
2026-01-23 13:25:00+05:30,899.3499755859375,900.5499877929688,897.5,898.0,43255
2026-01-23 13:30:00+05:30,898.5999755859375,901.0,896.6500244140625,899.0999755859375,69705
2026-01-23 13:35:00+05:30,900.0,900.5,896.4500122070312,896.7999877929688,45008
2026-01-23 13:40:00+05:30,897.25,897.7999877929688,896.0,896.9000244140625,22529
2026-01-23 13:45:00+05:30,896.5499877929688,898.0,896.2000122070312,897.25,30643
2026-01-23 13:50:00+05:30,897.0999755859375,898.2999877929688,896.5999755859375,897.9500122070312,29256
2026-01-23 13:55:00+05:30,897.8499755859375,898.0999755859375,895.5,896.75,27475
2026-01-23 14:00:00+05:30,896.4500122070312,898.0499877929688,896.0999755859375,897.5,25015
2026-01-23 14:05:00+05:30,897.5,897.9000244140625,896.75,897.0,22639
2026-01-23 14:10:00+05:30,896.8499755859375,897.0,895.5499877929688,896.0,26495
2026-01-23 14:15:00+05:30,895.8499755859375,897.0,894.0499877929688,895.0,39369
2026-01-23 14:20:00+05:30,895.0,895.5,891.5999755859375,892.0499877929688,50827
2026-01-23 14:25:00+05:30,892.0499877929688,895.0,891.7999877929688,894.5,25719
2026-01-23 14:30:00+05:30,894.9500122070312,899.0499877929688,894.5499877929688,899.0,60846
2026-01-23 14:35:00+05:30,899.0,899.0999755859375,896.5,897.5,44851
2026-01-23 14:40:00+05:30,897.9000244140625,899.2999877929688,897.1500244140625,897.1500244140625,37219
2026-01-23 14:45:00+05:30,897.6500244140625,898.1500244140625,895.75,895.7999877929688,40774
2026-01-23 14:50:00+05:30,896.0,897.8499755859375,894.5499877929688,897.6500244140625,45249
2026-01-23 14:55:00+05:30,898.3499755859375,899.3499755859375,896.9000244140625,898.5,50165
2026-01-23 15:00:00+05:30,897.2999877929688,898.5,895.75,896.4500122070312,68696
2026-01-23 15:05:00+05:30,896.3499755859375,896.3499755859375,891.2999877929688,892.2999877929688,116452
2026-01-23 15:10:00+05:30,892.0499877929688,893.5499877929688,890.0,891.4500122070312,118113
2026-01-23 15:15:00+05:30,891.7000122070312,892.9500122070312,888.5999755859375,890.4000244140625,132592
2026-01-23 15:20:00+05:30,890.4000244140625,892.0,889.0999755859375,891.0999755859375,53853
2026-01-23 15:25:00+05:30,890.6500244140625,896.4000244140625,890.0,896.0,53006
2026-01-27 09:20:00+05:30,858.8499755859375,861.75,855.0,860.4000244140625,284572
2026-01-27 09:25:00+05:30,860.5999755859375,870.5,860.5999755859375,869.75,347530
2026-01-27 09:30:00+05:30,869.5999755859375,870.2999877929688,865.5999755859375,869.2000122070312,508606
2026-01-27 09:35:00+05:30,869.3499755859375,881.75,869.2000122070312,878.9500122070312,253276
2026-01-27 09:40:00+05:30,878.6500244140625,881.2000122070312,876.8499755859375,880.5999755859375,135734
2026-01-27 09:45:00+05:30,880.4500122070312,885.3499755859375,878.5999755859375,883.5,110749
2026-01-27 09:50:00+05:30,883.5,885.0,881.75,884.5999755859375,107525
2026-01-27 09:55:00+05:30,884.0999755859375,884.1500244140625,880.8499755859375,883.1500244140625,101736
2026-01-27 10:00:00+05:30,883.2000122070312,887.4000244140625,883.2000122070312,886.5499877929688,67536
2026-01-27 10:05:00+05:30,886.2000122070312,887.2999877929688,882.0,883.9000244140625,94637
2026-01-27 10:10:00+05:30,883.8499755859375,889.7999877929688,882.25,886.5499877929688,94274
2026-01-27 10:15:00+05:30,886.4000244140625,886.7999877929688,885.4500122070312,885.9500122070312,53744
2026-01-27 10:20:00+05:30,887.25,891.5999755859375,887.25,888.7000122070312,97139
2026-01-27 10:25:00+05:30,888.9500122070312,889.5,886.1500244140625,887.2000122070312,62894
2026-01-27 10:30:00+05:30,887.4500122070312,888.9000244140625,884.5,886.5,70393
2026-01-27 10:35:00+05:30,886.5,888.8499755859375,886.1500244140625,886.7000122070312,46591
2026-01-27 10:40:00+05:30,886.75,886.9000244140625,882.5999755859375,883.25,77848
2026-01-27 10:45:00+05:30,883.25,885.4000244140625,883.25,885.4000244140625,37329
2026-01-27 10:50:00+05:30,885.4000244140625,885.4000244140625,883.2000122070312,885.1500244140625,28536
2026-01-27 10:55:00+05:30,885.1500244140625,887.2000122070312,884.2999877929688,886.4500122070312,56972
2026-01-27 11:00:00+05:30,886.2999877929688,889.4000244140625,886.2999877929688,888.2000122070312,51595
2026-01-27 11:05:00+05:30,888.4500122070312,888.7999877929688,885.9000244140625,887.2000122070312,79121
2026-01-27 11:10:00+05:30,886.9500122070312,887.9500122070312,885.75,887.9500122070312,22568
2026-01-27 11:15:00+05:30,888.0,890.2000122070312,886.25,889.1500244140625,52654
2026-01-27 11:20:00+05:30,889.3499755859375,891.4500122070312,888.9000244140625,889.1500244140625,45579
2026-01-27 11:25:00+05:30,889.0999755859375,891.4000244140625,888.5999755859375,891.4000244140625,47744
2026-01-27 11:30:00+05:30,891.25,896.0,890.5999755859375,894.4500122070312,80657
2026-01-27 11:35:00+05:30,894.5,895.7999877929688,893.0,893.4000244140625,174383
2026-01-27 11:40:00+05:30,893.7999877929688,894.7999877929688,891.4000244140625,892.4500122070312,161542
2026-01-27 11:45:00+05:30,892.4500122070312,894.9000244140625,888.1500244140625,888.4000244140625,108208
2026-01-27 11:50:00+05:30,888.3499755859375,889.7000122070312,886.5,887.2000122070312,66391
2026-01-27 11:55:00+05:30,887.0,888.9000244140625,886.7000122070312,888.0499877929688,24689
2026-01-27 12:00:00+05:30,888.0499877929688,888.2999877929688,886.0499877929688,887.25,232250
2026-01-27 12:05:00+05:30,887.25,887.25,885.4000244140625,885.75,39600
2026-01-27 12:10:00+05:30,885.75,887.25,885.5,886.6500244140625,28277
2026-01-27 12:15:00+05:30,886.75,887.0999755859375,885.2000122070312,885.5,21927
2026-01-27 12:20:00+05:30,885.4000244140625,887.4500122070312,884.2999877929688,887.2000122070312,40307
2026-01-27 12:25:00+05:30,887.4000244140625,887.4500122070312,885.5999755859375,886.0999755859375,29471
2026-01-27 12:30:00+05:30,885.9000244140625,887.3499755859375,884.7999877929688,886.6500244140625,24747
2026-01-27 12:35:00+05:30,886.9500122070312,887.5999755859375,885.0999755859375,887.4000244140625,21043
2026-01-27 12:40:00+05:30,886.4000244140625,887.4500122070312,885.2000122070312,885.7999877929688,32471
2026-01-27 12:45:00+05:30,885.9500122070312,886.2999877929688,884.4500122070312,884.4500122070312,20661
2026-01-27 12:50:00+05:30,884.7000122070312,886.9500122070312,884.2999877929688,886.7999877929688,34753
2026-01-27 12:55:00+05:30,886.7999877929688,888.2999877929688,886.0999755859375,888.25,42954
2026-01-27 13:00:00+05:30,888.25,888.25,885.5499877929688,885.9000244140625,61737
2026-01-27 13:05:00+05:30,885.9500122070312,886.5999755859375,885.5499877929688,886.3499755859375,29245
2026-01-27 13:10:00+05:30,885.9000244140625,886.2000122070312,884.4500122070312,884.7999877929688,39485
2026-01-27 13:15:00+05:30,884.9000244140625,885.4000244140625,884.5499877929688,884.5499877929688,24322
2026-01-27 13:20:00+05:30,884.2999877929688,884.9500122070312,883.7999877929688,884.9000244140625,34122
2026-01-27 13:25:00+05:30,884.9000244140625,885.2000122070312,884.0,884.9000244140625,37427
2026-01-27 13:30:00+05:30,884.9000244140625,886.9500122070312,883.9500122070312,886.9500122070312,83202
2026-01-27 13:35:00+05:30,886.9500122070312,887.2999877929688,883.6500244140625,884.2999877929688,62723
2026-01-27 13:40:00+05:30,884.75,887.4000244140625,884.75,885.2000122070312,43988
2026-01-27 13:45:00+05:30,885.2000122070312,885.2999877929688,883.5999755859375,884.9000244140625,65508
2026-01-27 13:50:00+05:30,884.9000244140625,885.8499755859375,884.2000122070312,884.5999755859375,37477
2026-01-27 13:55:00+05:30,884.5999755859375,885.0499877929688,884.0,884.2999877929688,84620
2026-01-27 14:00:00+05:30,884.2999877929688,884.75,883.0999755859375,884.5499877929688,59676
2026-01-27 14:05:00+05:30,884.5999755859375,885.4000244140625,884.1500244140625,885.3499755859375,61684
2026-01-27 14:10:00+05:30,885.3499755859375,886.5,885.1500244140625,885.3499755859375,75744
2026-01-27 14:15:00+05:30,885.5,886.1500244140625,884.8499755859375,885.5499877929688,74087
2026-01-27 14:20:00+05:30,885.9500122070312,887.0499877929688,884.9000244140625,886.5,115022
2026-01-27 14:25:00+05:30,886.5499877929688,888.2999877929688,885.9500122070312,888.1500244140625,81626
2026-01-27 14:30:00+05:30,888.1500244140625,889.0999755859375,887.75,889.0499877929688,77477
2026-01-27 14:35:00+05:30,888.9500122070312,889.25,888.1500244140625,889.0,65007
2026-01-27 14:40:00+05:30,889.0499877929688,890.2000122070312,888.8499755859375,889.9000244140625,102307
2026-01-27 14:45:00+05:30,889.9500122070312,891.4000244140625,889.5,891.3499755859375,107006
2026-01-27 14:50:00+05:30,891.3499755859375,894.9000244140625,891.3499755859375,894.4500122070312,114903
2026-01-27 14:55:00+05:30,894.5,895.6500244140625,893.4000244140625,894.8499755859375,87173
2026-01-27 15:00:00+05:30,894.5499877929688,895.0,892.0999755859375,894.0,124313
2026-01-27 15:05:00+05:30,894.0999755859375,894.9000244140625,893.9500122070312,894.5999755859375,120478
2026-01-27 15:10:00+05:30,894.2999877929688,896.0999755859375,893.6500244140625,894.5999755859375,220207
2026-01-27 15:15:00+05:30,894.5,896.3499755859375,893.0,895.5499877929688,307463
2026-01-27 15:20:00+05:30,895.5499877929688,896.7000122070312,894.6500244140625,895.5499877929688,178927
2026-01-27 15:25:00+05:30,895.5999755859375,896.9000244140625,893.0,894.75,118999
2026-01-28 09:20:00+05:30,887.5999755859375,889.1500244140625,884.0,884.3499755859375,60062
2026-01-28 09:25:00+05:30,884.0999755859375,885.25,882.4500122070312,885.1500244140625,47634
2026-01-28 09:30:00+05:30,885.1500244140625,886.4500122070312,883.5,883.5,35264
2026-01-28 09:35:00+05:30,882.5499877929688,883.0999755859375,878.75,880.7999877929688,65861
2026-01-28 09:40:00+05:30,880.6500244140625,882.25,879.0,879.0999755859375,42740
2026-01-28 09:45:00+05:30,879.2999877929688,880.0499877929688,877.9000244140625,880.0499877929688,44442
2026-01-28 09:50:00+05:30,880.9500122070312,883.0499877929688,880.2000122070312,882.9500122070312,59450
2026-01-28 09:55:00+05:30,883.1500244140625,885.0,883.0499877929688,885.0,46493
2026-01-28 10:00:00+05:30,885.2999877929688,885.4000244140625,883.7999877929688,884.2999877929688,44497
2026-01-28 10:05:00+05:30,884.3499755859375,884.9000244140625,882.9500122070312,884.4000244140625,93360
2026-01-28 10:10:00+05:30,884.4000244140625,885.0,883.5499877929688,884.25,27909
2026-01-28 10:15:00+05:30,884.1500244140625,886.4000244140625,882.4500122070312,886.4000244140625,36525
2026-01-28 10:20:00+05:30,886.2999877929688,887.1500244140625,885.8499755859375,886.25,28498
2026-01-28 10:25:00+05:30,886.4500122070312,886.5,882.75,883.0,33863
2026-01-28 10:30:00+05:30,883.0,884.0499877929688,882.3499755859375,882.7999877929688,35180
2026-01-28 10:35:00+05:30,882.7999877929688,885.4500122070312,882.7999877929688,884.9500122070312,28035
2026-01-28 10:40:00+05:30,884.9500122070312,885.5499877929688,883.4000244140625,884.5499877929688,24178
2026-01-28 10:45:00+05:30,884.5499877929688,884.5499877929688,881.9000244140625,883.25,50570
2026-01-28 10:50:00+05:30,883.25,887.7999877929688,882.0,887.5,64158
2026-01-28 10:55:00+05:30,887.5999755859375,889.2000122070312,886.4000244140625,887.9000244140625,45144
2026-01-28 11:00:00+05:30,887.9000244140625,889.5999755859375,887.2999877929688,889.5999755859375,26444
2026-01-28 11:05:00+05:30,889.6500244140625,889.6500244140625,888.0,888.75,12329
2026-01-28 11:10:00+05:30,888.9500122070312,889.2999877929688,888.4000244140625,888.9000244140625,6558
2026-01-28 11:15:00+05:30,889.2999877929688,889.7000122070312,888.75,889.5499877929688,11602
2026-01-28 11:20:00+05:30,889.3499755859375,892.2000122070312,889.2000122070312,892.0999755859375,22254
2026-01-28 11:25:00+05:30,892.0999755859375,892.9500122070312,891.2999877929688,892.4000244140625,17692
2026-01-28 11:30:00+05:30,892.5499877929688,892.5499877929688,891.0,891.9500122070312,9703
2026-01-28 11:35:00+05:30,891.4500122070312,891.6500244140625,889.9500122070312,890.4500122070312,12906
2026-01-28 11:40:00+05:30,890.4500122070312,890.7000122070312,890.0,890.4500122070312,3491
2026-01-28 11:45:00+05:30,890.6500244140625,893.7000122070312,890.4500122070312,893.0,16773
2026-01-28 11:50:00+05:30,893.0,899.5,892.75,898.8499755859375,284270
2026-01-28 11:55:00+05:30,899.0499877929688,901.8499755859375,899.0,900.25,64096
2026-01-28 12:00:00+05:30,900.2000122070312,901.25,895.7000122070312,896.4500122070312,39029
2026-01-28 12:05:00+05:30,896.3499755859375,896.7999877929688,895.5999755859375,896.2000122070312,14493
2026-01-28 12:10:00+05:30,896.0,896.2000122070312,893.75,894.0,37797
2026-01-28 12:15:00+05:30,894.1500244140625,894.4000244140625,892.5,893.0,23679
2026-01-28 12:20:00+05:30,893.0499877929688,893.5,892.4000244140625,892.7000122070312,15447
2026-01-28 12:25:00+05:30,892.7000122070312,892.7000122070312,891.5,891.75,16308
2026-01-28 12:30:00+05:30,891.75,893.9000244140625,891.5999755859375,892.9500122070312,34298
2026-01-28 12:35:00+05:30,892.9500122070312,893.2999877929688,892.5499877929688,892.8499755859375,2367
2026-01-28 12:40:00+05:30,892.8499755859375,893.8499755859375,892.75,893.75,6086
2026-01-28 12:45:00+05:30,893.7000122070312,893.7999877929688,892.2999877929688,892.2999877929688,6515
2026-01-28 12:50:00+05:30,892.2999877929688,893.5,892.0499877929688,893.25,21662
2026-01-28 12:55:00+05:30,893.3499755859375,894.1500244140625,893.0499877929688,894.0499877929688,4245
2026-01-28 13:00:00+05:30,894.1500244140625,895.7999877929688,894.0499877929688,895.7000122070312,9274
2026-01-28 13:05:00+05:30,895.7000122070312,896.7000122070312,894.7999877929688,894.7999877929688,86147
2026-01-28 13:10:00+05:30,895.0499877929688,895.4500122070312,893.9000244140625,895.1500244140625,52230
2026-01-28 13:15:00+05:30,895.1500244140625,897.6500244140625,895.1500244140625,897.6500244140625,13949
2026-01-28 13:20:00+05:30,897.6500244140625,897.7999877929688,893.0999755859375,893.7999877929688,23503
2026-01-28 13:25:00+05:30,893.75,893.9000244140625,892.9000244140625,893.0499877929688,15821
2026-01-28 13:30:00+05:30,892.9500122070312,893.5499877929688,891.5499877929688,891.9500122070312,25168
2026-01-28 13:35:00+05:30,891.9500122070312,892.5499877929688,890.7000122070312,891.7999877929688,41779
2026-01-28 13:40:00+05:30,892.0499877929688,892.5,890.9500122070312,891.2000122070312,17225
2026-01-28 13:45:00+05:30,891.1500244140625,891.9500122070312,890.5999755859375,891.75,10540
2026-01-28 13:50:00+05:30,891.75,892.7999877929688,891.4000244140625,892.7999877929688,19214
2026-01-28 13:55:00+05:30,892.75,896.4500122070312,892.75,896.1500244140625,30433
2026-01-28 14:00:00+05:30,896.3499755859375,896.5999755859375,894.2999877929688,895.2999877929688,37116
2026-01-28 14:05:00+05:30,895.3499755859375,895.7000122070312,894.3499755859375,894.5499877929688,12889
2026-01-28 14:10:00+05:30,894.5499877929688,895.7000122070312,893.7999877929688,895.25,20778
2026-01-28 14:15:00+05:30,895.0,895.1500244140625,893.7999877929688,895.1500244140625,15744
2026-01-28 14:20:00+05:30,895.1500244140625,895.6500244140625,893.75,895.5499877929688,15119
2026-01-28 14:25:00+05:30,895.2999877929688,897.6500244140625,895.0499877929688,897.25,18587
2026-01-28 14:30:00+05:30,897.25,897.5499877929688,895.5499877929688,895.5499877929688,12423
2026-01-28 14:35:00+05:30,895.4000244140625,896.5999755859375,895.25,896.1500244140625,14157
2026-01-28 14:40:00+05:30,896.1500244140625,898.0,896.0999755859375,896.5,71322
2026-01-28 14:45:00+05:30,896.5,897.5999755859375,896.5,897.3499755859375,41688
2026-01-28 14:50:00+05:30,896.6500244140625,900.6500244140625,896.6500244140625,900.2999877929688,71481
2026-01-28 14:55:00+05:30,900.5,901.0,899.5499877929688,900.0,47249
2026-01-28 15:00:00+05:30,900.7999877929688,902.9500122070312,900.3499755859375,902.75,106080
2026-01-28 15:05:00+05:30,902.75,902.7999877929688,901.2000122070312,901.5999755859375,69796
2026-01-28 15:10:00+05:30,901.5999755859375,902.4000244140625,901.4500122070312,901.9000244140625,90379
2026-01-28 15:15:00+05:30,901.9000244140625,902.75,900.8499755859375,901.2000122070312,95866
2026-01-28 15:20:00+05:30,901.9000244140625,902.9500122070312,901.0,902.6500244140625,87493
2026-01-28 15:25:00+05:30,902.7000122070312,903.0,900.0,902.4500122070312,73875
2026-01-29 09:15:00+05:30,898.9500122070312,903.9000244140625,895.25,896.4500122070312,148730
2026-01-29 09:20:00+05:30,896.5499877929688,896.5499877929688,893.7999877929688,894.7000122070312,59402
2026-01-29 09:25:00+05:30,895.2999877929688,895.2999877929688,892.8499755859375,893.1500244140625,45483
2026-01-29 09:30:00+05:30,893.0,893.0,890.75,892.5,37894
2026-01-29 09:35:00+05:30,893.0,897.3499755859375,892.1500244140625,897.0,34762
2026-01-29 09:40:00+05:30,897.7999877929688,897.7999877929688,893.9000244140625,893.9000244140625,41712
2026-01-29 09:45:00+05:30,894.2000122070312,896.0999755859375,892.5499877929688,893.7000122070312,28286
2026-01-29 09:50:00+05:30,893.75,894.6500244140625,891.5499877929688,892.2999877929688,53839
2026-01-29 09:55:00+05:30,892.25,894.5499877929688,892.25,893.75,67966
2026-01-29 10:00:00+05:30,894.0499877929688,896.7000122070312,891.5999755859375,895.2000122070312,236999
2026-01-29 10:05:00+05:30,895.6500244140625,897.4000244140625,894.9500122070312,897.0,31988
2026-01-29 10:10:00+05:30,896.8499755859375,897.4000244140625,896.0,896.25,11290
2026-01-29 10:15:00+05:30,896.2000122070312,896.8499755859375,895.2000122070312,896.8499755859375,196779
2026-01-29 10:20:00+05:30,896.9500122070312,900.0,896.0499877929688,900.0,72274
2026-01-29 10:25:00+05:30,900.0,901.0,897.1500244140625,897.2999877929688,121308
2026-01-29 10:30:00+05:30,897.2999877929688,897.4000244140625,896.2999877929688,896.7999877929688,24736
2026-01-29 10:35:00+05:30,896.4000244140625,897.0999755859375,895.8499755859375,896.2999877929688,10174
2026-01-29 10:40:00+05:30,895.7000122070312,897.0999755859375,895.7000122070312,896.9500122070312,21827
2026-01-29 10:45:00+05:30,896.1500244140625,897.3499755859375,896.1500244140625,896.4500122070312,11664
2026-01-29 10:50:00+05:30,896.75,897.25,896.1500244140625,896.3499755859375,20688
2026-01-29 10:55:00+05:30,896.4000244140625,897.4500122070312,896.0,896.5,27698
2026-01-29 11:00:00+05:30,896.9500122070312,898.0499877929688,896.5,896.5499877929688,23552
2026-01-29 11:05:00+05:30,896.1500244140625,897.0,895.9000244140625,896.5,14106
2026-01-29 11:10:00+05:30,896.0499877929688,896.9500122070312,895.7000122070312,896.9500122070312,17058
2026-01-29 11:15:00+05:30,896.3499755859375,897.25,896.0999755859375,897.0,10847
2026-01-29 11:20:00+05:30,896.9500122070312,897.0,896.0999755859375,896.5,3886
2026-01-29 11:25:00+05:30,896.5499877929688,896.7000122070312,895.7999877929688,896.2000122070312,17357
2026-01-29 11:30:00+05:30,896.2999877929688,897.0999755859375,896.1500244140625,896.5499877929688,9210
2026-01-29 11:35:00+05:30,896.5499877929688,896.7000122070312,895.7000122070312,896.0999755859375,69790
2026-01-29 11:40:00+05:30,896.0,899.0,895.8499755859375,898.4000244140625,97276
2026-01-29 11:45:00+05:30,898.5499877929688,898.9500122070312,897.5999755859375,898.7000122070312,6401
2026-01-29 11:50:00+05:30,898.9500122070312,898.9500122070312,896.9000244140625,896.9000244140625,9566
2026-01-29 11:55:00+05:30,896.8499755859375,897.75,896.6500244140625,896.7999877929688,12329
2026-01-29 12:00:00+05:30,896.7999877929688,897.0,895.0,895.4500122070312,188371
2026-01-29 12:05:00+05:30,895.3499755859375,897.75,894.75,897.5,28147
2026-01-29 12:10:00+05:30,897.75,897.75,896.0999755859375,896.2000122070312,21638
2026-01-29 12:15:00+05:30,896.6500244140625,896.6500244140625,895.5,896.0,19342
2026-01-29 12:20:00+05:30,896.0,897.0,895.7999877929688,896.4000244140625,14278
2026-01-29 12:25:00+05:30,896.2000122070312,897.1500244140625,896.0,896.0,11762
2026-01-29 12:30:00+05:30,896.0,897.2999877929688,895.7999877929688,896.4000244140625,11669
2026-01-29 12:35:00+05:30,896.5,896.9000244140625,895.7000122070312,896.0,21552
2026-01-29 12:40:00+05:30,896.0,896.9500122070312,896.0,896.5,13217
2026-01-29 12:45:00+05:30,896.5,896.7000122070312,895.9500122070312,895.9500122070312,10925
2026-01-29 12:50:00+05:30,895.9500122070312,897.7000122070312,895.9500122070312,897.25,12279
2026-01-29 12:55:00+05:30,897.2999877929688,898.0,896.8499755859375,897.0499877929688,28714
2026-01-29 13:00:00+05:30,897.0499877929688,899.8499755859375,896.9500122070312,899.6500244140625,56080
2026-01-29 13:05:00+05:30,899.6500244140625,901.2999877929688,899.5499877929688,900.4500122070312,43048
2026-01-29 13:10:00+05:30,900.5,900.9000244140625,899.4500122070312,900.9000244140625,20750
2026-01-29 13:15:00+05:30,900.4000244140625,901.7000122070312,899.6500244140625,900.4000244140625,33293
2026-01-29 13:20:00+05:30,900.5499877929688,900.9500122070312,898.75,900.75,29027
2026-01-29 13:25:00+05:30,900.0499877929688,901.2000122070312,900.0499877929688,900.2000122070312,12903
2026-01-29 13:30:00+05:30,900.2000122070312,902.9500122070312,900.2000122070312,902.4000244140625,45207
2026-01-29 13:35:00+05:30,902.4000244140625,904.5,902.1500244140625,903.5999755859375,25622
2026-01-29 13:40:00+05:30,903.2999877929688,903.6500244140625,901.7999877929688,902.8499755859375,15022
2026-01-29 13:45:00+05:30,902.7000122070312,903.4500122070312,901.5999755859375,901.7999877929688,26721
2026-01-29 13:50:00+05:30,901.9500122070312,901.9500122070312,899.5499877929688,899.5499877929688,18661
2026-01-29 13:55:00+05:30,899.5,899.5499877929688,898.2000122070312,899.0,20054
2026-01-29 14:00:00+05:30,899.3499755859375,899.5,898.25,898.5499877929688,16916
2026-01-29 14:05:00+05:30,899.4500122070312,899.5499877929688,898.0999755859375,898.75,54541
2026-01-29 14:10:00+05:30,898.2000122070312,900.3499755859375,898.0999755859375,899.75,17614
2026-01-29 14:15:00+05:30,899.4500122070312,899.4500122070312,897.7000122070312,897.75,29713
2026-01-29 14:20:00+05:30,897.9500122070312,898.0,897.0499877929688,897.9000244140625,17459
2026-01-29 14:25:00+05:30,897.5499877929688,898.0,897.1500244140625,897.5499877929688,10474
2026-01-29 14:30:00+05:30,897.75,898.0,897.3499755859375,897.6500244140625,9945
2026-01-29 14:35:00+05:30,897.5999755859375,898.0,896.0999755859375,896.5,15866
2026-01-29 14:40:00+05:30,896.8499755859375,897.0,896.5,896.7999877929688,14177
2026-01-29 14:45:00+05:30,896.7999877929688,897.25,896.1500244140625,897.25,25489
2026-01-29 14:50:00+05:30,897.0,897.25,896.0999755859375,896.9500122070312,34218
2026-01-29 14:55:00+05:30,896.5,897.2999877929688,895.75,897.2000122070312,50070
2026-01-29 15:00:00+05:30,898.2999877929688,899.6500244140625,898.25,899.6500244140625,340300
2026-01-29 15:05:00+05:30,899.5999755859375,900.2000122070312,897.2000122070312,897.8499755859375,316347
2026-01-29 15:10:00+05:30,898.0,898.5499877929688,897.25,898.4500122070312,271699
2026-01-29 15:15:00+05:30,898.3499755859375,898.7999877929688,896.5,897.0,358860
2026-01-29 15:20:00+05:30,897.3499755859375,899.0499877929688,896.75,898.9000244140625,276559
2026-01-29 15:25:00+05:30,898.9000244140625,899.1500244140625,895.0,898.4000244140625,196678
2026-01-30 09:15:00+05:30,892.0,897.9500122070312,892.0,897.0,37823
2026-01-30 09:20:00+05:30,896.5499877929688,897.2000122070312,894.1500244140625,895.3499755859375,24834
2026-01-30 09:25:00+05:30,894.6500244140625,896.0499877929688,894.0999755859375,894.4500122070312,24117
2026-01-30 09:30:00+05:30,894.25,894.75,889.5,891.9500122070312,48279
2026-01-30 09:35:00+05:30,892.2999877929688,893.0,890.0,892.0499877929688,38886
2026-01-30 09:40:00+05:30,891.75,894.8499755859375,889.5999755859375,893.0999755859375,69755
2026-01-30 09:45:00+05:30,892.9000244140625,894.0,891.2999877929688,891.5499877929688,28445
2026-01-30 09:50:00+05:30,892.0999755859375,894.5999755859375,891.5,894.4000244140625,28255
2026-01-30 09:55:00+05:30,893.7000122070312,897.5999755859375,892.5,897.2000122070312,90338
2026-01-30 10:00:00+05:30,897.0,897.5499877929688,895.0,895.0,39483
2026-01-30 10:05:00+05:30,895.4000244140625,896.0,895.0,895.75,9896
2026-01-30 10:10:00+05:30,895.7999877929688,896.2999877929688,895.0,896.2999877929688,96953
2026-01-30 10:15:00+05:30,896.5,896.5,895.0,895.7000122070312,7925
2026-01-30 10:20:00+05:30,895.2999877929688,895.5,894.9500122070312,895.4000244140625,14657
2026-01-30 10:25:00+05:30,894.9500122070312,895.4500122070312,894.9500122070312,895.0499877929688,43835
2026-01-30 10:30:00+05:30,895.3499755859375,898.0,895.0,898.0,83266
2026-01-30 10:35:00+05:30,897.5999755859375,897.6500244140625,895.6500244140625,897.0,9639
2026-01-30 10:40:00+05:30,897.0,897.6500244140625,896.0,897.5999755859375,5579
2026-01-30 10:45:00+05:30,897.5999755859375,898.0,896.5,896.5,7314
2026-01-30 10:50:00+05:30,896.5,897.5,896.4000244140625,897.5,10639
2026-01-30 10:55:00+05:30,897.5999755859375,900.7000122070312,897.3499755859375,899.75,46861
2026-01-30 11:00:00+05:30,899.5999755859375,902.75,899.2999877929688,902.2999877929688,68598
2026-01-30 11:05:00+05:30,901.9500122070312,902.4500122070312,900.7000122070312,901.0,24268
2026-01-30 11:10:00+05:30,901.0,901.3499755859375,899.2000122070312,899.7000122070312,30454
2026-01-30 11:15:00+05:30,899.7000122070312,900.5499877929688,898.0999755859375,900.4000244140625,25502
2026-01-30 11:20:00+05:30,900.3499755859375,900.7999877929688,899.4000244140625,899.5,14389
2026-01-30 11:25:00+05:30,899.5,900.5999755859375,898.7999877929688,899.8499755859375,19944
2026-01-30 11:30:00+05:30,899.7999877929688,900.5999755859375,899.0,899.75,19054
2026-01-30 11:35:00+05:30,899.75,901.4000244140625,899.2000122070312,901.4000244140625,16018
2026-01-30 11:40:00+05:30,901.3499755859375,901.6500244140625,900.5499877929688,901.0999755859375,7916
2026-01-30 11:45:00+05:30,901.0999755859375,901.1500244140625,899.75,900.5,10422
2026-01-30 11:50:00+05:30,900.4500122070312,901.2999877929688,899.1500244140625,899.9000244140625,18127
2026-01-30 11:55:00+05:30,899.4000244140625,899.9000244140625,897.5999755859375,898.4500122070312,18172
2026-01-30 12:00:00+05:30,898.6500244140625,899.7000122070312,898.5,899.0,32577
2026-01-30 12:05:00+05:30,899.0499877929688,899.5,898.3499755859375,898.7999877929688,46078
2026-01-30 12:10:00+05:30,898.7000122070312,899.7000122070312,898.7000122070312,899.5,17412
2026-01-30 12:15:00+05:30,899.7000122070312,899.8499755859375,897.3499755859375,897.4500122070312,18800
2026-01-30 12:20:00+05:30,897.3499755859375,898.6500244140625,897.3499755859375,898.4000244140625,40778
2026-01-30 12:25:00+05:30,898.4000244140625,899.0999755859375,897.8499755859375,898.5999755859375,10133
2026-01-30 12:30:00+05:30,898.2999877929688,899.6500244140625,898.2000122070312,899.1500244140625,6016
2026-01-30 12:35:00+05:30,899.3499755859375,899.3499755859375,898.2000122070312,898.5,16924
2026-01-30 12:40:00+05:30,898.4500122070312,898.9000244140625,897.5499877929688,898.5499877929688,18386
2026-01-30 12:45:00+05:30,898.6500244140625,899.2999877929688,898.25,899.0499877929688,21621
2026-01-30 12:50:00+05:30,899.0,899.1500244140625,898.2000122070312,899.1500244140625,15526
2026-01-30 12:55:00+05:30,899.1500244140625,901.5,898.9000244140625,901.4500122070312,34300
2026-01-30 13:00:00+05:30,901.5,902.4000244140625,900.7000122070312,901.3499755859375,18664
2026-01-30 13:05:00+05:30,901.5,901.8499755859375,894.2999877929688,896.1500244140625,66701
2026-01-30 13:10:00+05:30,895.7999877929688,897.0,894.6500244140625,895.0499877929688,33241
2026-01-30 13:15:00+05:30,895.0499877929688,895.25,892.2999877929688,892.5999755859375,146632
2026-01-30 13:20:00+05:30,893.0,893.0,891.5,891.7999877929688,34358
2026-01-30 13:25:00+05:30,891.7999877929688,892.4500122070312,890.0999755859375,890.5,32831
2026-01-30 13:30:00+05:30,890.2999877929688,892.6500244140625,890.0999755859375,892.0499877929688,13186
2026-01-30 13:35:00+05:30,892.0499877929688,894.75,891.8499755859375,894.1500244140625,29022
2026-01-30 13:40:00+05:30,894.1500244140625,895.0,894.0499877929688,895.0,7507
2026-01-30 13:45:00+05:30,895.2999877929688,896.2000122070312,893.25,893.25,21669
2026-01-30 13:50:00+05:30,893.4000244140625,894.5499877929688,893.0,893.2000122070312,31156
2026-01-30 13:55:00+05:30,893.3499755859375,894.0,893.2999877929688,893.7000122070312,8825
2026-01-30 14:00:00+05:30,893.8499755859375,898.4000244140625,892.7999877929688,892.9500122070312,9748
2026-01-30 14:05:00+05:30,893.5999755859375,895.5,893.5499877929688,895.3499755859375,35998
2026-01-30 14:10:00+05:30,895.7000122070312,895.75,894.5999755859375,894.7999877929688,10425
2026-01-30 14:15:00+05:30,895.2000122070312,896.2000122070312,894.5999755859375,896.0999755859375,8837
2026-01-30 14:20:00+05:30,896.25,896.5,895.0999755859375,895.7000122070312,16562
2026-01-30 14:25:00+05:30,895.7000122070312,895.75,893.7999877929688,894.4500122070312,8000
2026-01-30 14:30:00+05:30,894.3499755859375,894.7999877929688,893.4500122070312,894.0499877929688,13197
2026-01-30 14:35:00+05:30,893.7999877929688,896.0999755859375,893.75,895.9500122070312,18350
2026-01-30 14:40:00+05:30,895.7999877929688,897.9000244140625,894.1500244140625,894.8499755859375,49148
2026-01-30 14:45:00+05:30,894.8499755859375,895.5,893.3499755859375,895.1500244140625,15076
2026-01-30 14:50:00+05:30,894.7999877929688,895.3499755859375,893.9500122070312,894.9000244140625,8887
2026-01-30 14:55:00+05:30,894.8499755859375,896.9000244140625,894.0,895.9500122070312,15891
2026-01-30 15:00:00+05:30,895.2999877929688,899.0,894.4500122070312,897.8499755859375,161109
2026-01-30 15:05:00+05:30,897.2999877929688,898.2000122070312,897.2000122070312,898.0,110222
2026-01-30 15:10:00+05:30,897.7000122070312,898.4500122070312,896.7000122070312,897.0,129158
2026-01-30 15:15:00+05:30,897.0499877929688,897.25,896.2000122070312,896.2000122070312,155186
2026-01-30 15:20:00+05:30,896.4500122070312,896.4500122070312,891.4500122070312,893.0,205572
2026-01-30 15:25:00+05:30,892.9000244140625,900.9000244140625,891.4500122070312,897.0,133917
2026-02-03 09:15:00+05:30,951.2999877929688,955.2999877929688,930.6500244140625,949.1500244140625,4505160
2026-02-03 09:20:00+05:30,950.0,951.5,931.7999877929688,936.4500122070312,1119991
2026-02-03 09:25:00+05:30,936.1500244140625,937.2000122070312,927.4500122070312,929.8499755859375,396292
2026-02-03 09:30:00+05:30,929.4000244140625,932.9500122070312,925.2999877929688,925.7999877929688,179437
2026-02-03 09:35:00+05:30,925.75,927.1500244140625,923.1500244140625,923.4500122070312,109697
2026-02-03 09:40:00+05:30,924.2000122070312,925.1500244140625,918.3499755859375,918.3499755859375,81780
2026-02-03 09:45:00+05:30,917.9000244140625,923.0999755859375,916.7000122070312,922.5499877929688,86184
2026-02-03 09:50:00+05:30,923.6500244140625,925.0,921.0999755859375,921.0999755859375,88062
2026-02-03 09:55:00+05:30,921.0,924.2999877929688,919.0999755859375,919.0999755859375,50043
2026-02-03 10:00:00+05:30,919.25,920.2999877929688,918.6500244140625,918.75,38363
2026-02-03 10:05:00+05:30,918.6500244140625,922.3499755859375,918.0999755859375,922.3499755859375,64158
2026-02-03 10:10:00+05:30,921.7999877929688,923.5,918.9000244140625,919.0,41761
2026-02-03 10:15:00+05:30,919.4000244140625,920.6500244140625,918.2999877929688,919.0499877929688,54601
2026-02-03 10:20:00+05:30,918.7999877929688,921.7000122070312,918.5,921.3499755859375,37633
2026-02-03 10:25:00+05:30,920.5499877929688,923.9000244140625,918.5499877929688,921.0,59239
2026-02-03 10:30:00+05:30,921.1500244140625,922.9500122070312,920.5,922.9500122070312,33849
2026-02-03 10:35:00+05:30,922.9000244140625,925.0,921.8499755859375,923.2000122070312,31546
2026-02-03 10:40:00+05:30,923.0,924.7000122070312,921.7000122070312,922.0499877929688,52456
2026-02-03 10:45:00+05:30,922.0499877929688,923.6500244140625,921.5,923.0999755859375,44903
2026-02-03 10:50:00+05:30,922.8499755859375,925.0,922.8499755859375,924.5499877929688,46229
2026-02-03 10:55:00+05:30,924.5,925.0,922.2999877929688,924.8499755859375,22620
2026-02-03 11:00:00+05:30,924.9000244140625,928.5499877929688,923.5499877929688,926.7000122070312,63331
2026-02-03 11:05:00+05:30,926.5499877929688,928.0,925.4000244140625,927.0,53584
2026-02-03 11:10:00+05:30,926.9000244140625,929.7000122070312,926.2000122070312,928.9000244140625,48244
2026-02-03 11:15:00+05:30,929.1500244140625,933.0999755859375,928.5999755859375,932.2000122070312,56753
2026-02-03 11:20:00+05:30,932.0499877929688,932.0499877929688,929.75,931.0499877929688,33513
2026-02-03 11:25:00+05:30,931.25,932.4000244140625,930.1500244140625,932.0,28951
2026-02-03 11:30:00+05:30,931.9500122070312,931.9500122070312,926.75,929.0,144122
2026-02-03 11:35:00+05:30,929.0,929.6500244140625,928.0999755859375,929.5,67732
2026-02-03 11:40:00+05:30,929.5499877929688,931.5999755859375,929.0,930.5,38767
2026-02-03 11:45:00+05:30,930.2000122070312,931.2999877929688,926.2999877929688,926.75,41461
2026-02-03 11:50:00+05:30,926.25,928.5999755859375,925.8499755859375,927.0999755859375,27390
2026-02-03 11:55:00+05:30,927.0,933.1500244140625,926.4000244140625,933.0,62728
2026-02-03 12:00:00+05:30,933.1500244140625,936.25,932.0,934.0,67067
2026-02-03 12:05:00+05:30,934.0499877929688,934.0499877929688,930.5,930.5,34132
2026-02-03 12:10:00+05:30,929.9000244140625,932.2000122070312,929.5,931.0,24315
2026-02-03 12:15:00+05:30,931.0,932.9500122070312,931.0,932.4500122070312,23158
2026-02-03 12:20:00+05:30,932.0499877929688,933.5999755859375,931.5999755859375,932.0,21789
2026-02-03 12:25:00+05:30,932.1500244140625,933.0,931.0,931.6500244140625,23553
2026-02-03 12:30:00+05:30,931.2999877929688,932.75,931.0,931.5499877929688,23014
2026-02-03 12:35:00+05:30,932.0,932.0,931.0,931.2999877929688,13891
2026-02-03 12:40:00+05:30,931.5499877929688,931.7999877929688,931.0,931.3499755859375,11240
2026-02-03 12:45:00+05:30,931.4500122070312,931.4500122070312,929.0999755859375,929.5,100510
2026-02-03 12:50:00+05:30,929.8499755859375,930.0,926.7000122070312,926.7000122070312,21257
2026-02-03 12:55:00+05:30,927.5,928.0,926.0999755859375,926.4500122070312,20492
2026-02-03 13:00:00+05:30,926.9000244140625,927.1500244140625,925.25,925.2999877929688,11872
2026-02-03 13:05:00+05:30,925.4000244140625,925.4000244140625,924.0,924.7000122070312,20407
2026-02-03 13:10:00+05:30,924.4500122070312,924.7999877929688,923.9000244140625,924.25,14127
2026-02-03 13:15:00+05:30,924.2000122070312,924.9000244140625,923.2000122070312,924.0,11763
2026-02-03 13:20:00+05:30,924.2000122070312,925.0,923.6500244140625,923.7999877929688,16664
2026-02-03 13:25:00+05:30,924.0499877929688,925.0,922.2000122070312,923.5,43442
2026-02-03 13:30:00+05:30,923.75,924.7000122070312,923.0,923.75,14880
2026-02-03 13:35:00+05:30,924.2000122070312,925.75,922.7999877929688,925.5999755859375,20916
2026-02-03 13:40:00+05:30,925.2999877929688,926.75,924.5999755859375,926.2999877929688,17723
2026-02-03 13:45:00+05:30,926.4000244140625,927.9000244140625,925.7999877929688,927.7999877929688,19374
2026-02-03 13:50:00+05:30,927.3499755859375,928.5499877929688,926.5999755859375,926.5999755859375,15218
2026-02-03 13:55:00+05:30,926.9000244140625,928.0499877929688,926.5999755859375,927.0999755859375,18479
2026-02-03 14:00:00+05:30,926.9500122070312,929.9500122070312,926.9500122070312,929.4000244140625,21691
2026-02-03 14:05:00+05:30,929.4000244140625,929.5999755859375,928.2999877929688,929.3499755859375,14279
2026-02-03 14:10:00+05:30,929.2999877929688,929.4500122070312,928.2000122070312,928.7000122070312,30076
2026-02-03 14:15:00+05:30,928.4000244140625,929.9000244140625,928.0499877929688,928.5999755859375,53364
2026-02-03 14:20:00+05:30,928.5999755859375,929.75,926.0999755859375,926.5499877929688,130312
2026-02-03 14:25:00+05:30,926.5499877929688,926.5499877929688,922.5999755859375,924.25,151639
2026-02-03 14:30:00+05:30,923.8499755859375,924.5,922.0,923.0,156952
2026-02-03 14:35:00+05:30,923.0,925.5499877929688,919.2999877929688,924.7000122070312,184526
2026-02-03 14:40:00+05:30,924.5,925.5,923.7999877929688,924.0,17015
2026-02-03 14:45:00+05:30,924.25,924.75,922.7999877929688,923.4000244140625,32919
2026-02-03 14:50:00+05:30,923.0,924.1500244140625,922.9500122070312,923.5,20457
2026-02-03 14:55:00+05:30,923.5499877929688,923.7999877929688,922.0999755859375,923.5499877929688,50277
2026-02-03 15:00:00+05:30,923.4000244140625,924.3499755859375,921.0,921.4000244140625,87802
2026-02-03 15:05:00+05:30,921.5,922.0,920.3499755859375,921.1500244140625,55868
2026-02-03 15:10:00+05:30,921.4500122070312,923.5,921.4500122070312,923.3499755859375,48204
2026-02-03 15:15:00+05:30,923.0499877929688,923.9000244140625,923.0,923.1500244140625,35952
2026-02-03 15:20:00+05:30,922.9500122070312,923.4500122070312,921.8499755859375,922.9500122070312,50831
2026-02-03 15:25:00+05:30,922.9500122070312,923.5999755859375,921.0499877929688,923.0,45974
2026-02-04 09:20:00+05:30,921.5,922.9500122070312,919.25,919.75,82526
2026-02-04 09:25:00+05:30,917.7000122070312,920.5,917.7000122070312,918.9000244140625,125083
2026-02-04 09:30:00+05:30,918.8499755859375,929.75,918.8499755859375,928.75,190589
2026-02-04 09:35:00+05:30,928.9500122070312,930.0999755859375,928.75,929.5999755859375,76777
2026-02-04 09:40:00+05:30,929.2999877929688,931.2999877929688,928.75,930.7000122070312,52319
2026-02-04 09:45:00+05:30,930.5999755859375,932.0,929.7999877929688,930.5999755859375,33055
2026-02-04 09:50:00+05:30,930.9000244140625,931.9500122070312,929.7000122070312,929.7000122070312,18193
2026-02-04 09:55:00+05:30,929.7000122070312,930.9000244140625,929.25,930.9000244140625,17419
2026-02-04 10:00:00+05:30,930.7000122070312,930.8499755859375,928.9000244140625,929.5,19082
2026-02-04 10:05:00+05:30,929.7999877929688,929.9500122070312,929.0999755859375,929.5499877929688,7504
2026-02-04 10:10:00+05:30,929.4000244140625,930.6500244140625,928.75,928.75,16680
2026-02-04 10:15:00+05:30,929.0999755859375,929.25,927.0499877929688,928.6500244140625,66369
2026-02-04 10:20:00+05:30,928.1500244140625,929.0,926.5,927.25,17704
2026-02-04 10:25:00+05:30,927.2000122070312,927.9500122070312,926.0,926.0499877929688,10663
2026-02-04 10:30:00+05:30,926.4000244140625,927.5,926.0,926.4000244140625,12694
2026-02-04 10:35:00+05:30,926.5,926.7000122070312,925.5499877929688,926.5999755859375,12387
2026-02-04 10:40:00+05:30,926.7999877929688,927.7999877929688,923.7999877929688,924.6500244140625,18735
2026-02-04 10:45:00+05:30,924.6500244140625,924.6500244140625,924.1500244140625,924.1500244140625,4948
2026-02-04 10:50:00+05:30,924.4000244140625,926.3499755859375,924.4000244140625,925.0499877929688,8317
2026-02-04 10:55:00+05:30,924.7999877929688,925.5,924.0,924.9000244140625,9475
2026-02-04 11:00:00+05:30,924.7000122070312,925.25,924.0,924.75,5606
2026-02-04 11:05:00+05:30,924.9500122070312,924.9500122070312,924.4500122070312,924.9500122070312,5392
2026-02-04 11:10:00+05:30,924.75,924.75,923.4500122070312,924.0,10388
2026-02-04 11:15:00+05:30,924.0,924.0,922.75,923.0499877929688,9992
2026-02-04 11:20:00+05:30,923.0,923.4500122070312,922.25,922.5999755859375,8761
2026-02-04 11:25:00+05:30,922.5999755859375,923.4000244140625,922.0,922.9500122070312,7366
2026-02-04 11:30:00+05:30,922.75,924.3499755859375,922.2999877929688,923.7000122070312,12477
2026-02-04 11:35:00+05:30,924.25,924.2999877929688,923.5499877929688,923.7999877929688,4630
2026-02-04 11:40:00+05:30,923.6500244140625,925.5999755859375,923.6500244140625,924.6500244140625,6705
2026-02-04 11:45:00+05:30,924.6500244140625,924.6500244140625,923.7000122070312,923.75,4444
2026-02-04 11:50:00+05:30,923.7000122070312,923.9000244140625,923.5,923.9000244140625,6643
2026-02-04 11:55:00+05:30,923.7999877929688,924.5499877929688,923.6500244140625,923.9500122070312,9268
2026-02-04 12:00:00+05:30,923.9000244140625,924.2000122070312,922.2000122070312,923.25,14298
2026-02-04 12:05:00+05:30,922.8499755859375,924.3499755859375,922.6500244140625,924.25,5998
2026-02-04 12:10:00+05:30,924.1500244140625,924.5,923.1500244140625,923.4500122070312,4632
2026-02-04 12:15:00+05:30,923.2999877929688,923.8499755859375,922.7000122070312,922.7000122070312,15924
2026-02-04 12:20:00+05:30,922.7000122070312,923.5499877929688,922.3499755859375,923.4500122070312,7132
2026-02-04 12:25:00+05:30,923.4500122070312,924.2999877929688,922.75,923.8499755859375,5785
2026-02-04 12:30:00+05:30,923.5,923.7999877929688,922.9000244140625,922.9000244140625,6458
2026-02-04 12:35:00+05:30,922.5,922.5,921.0999755859375,921.9500122070312,15643
2026-02-04 12:40:00+05:30,921.6500244140625,922.4000244140625,921.3499755859375,921.3499755859375,7266
2026-02-04 12:45:00+05:30,921.3499755859375,925.5,921.0499877929688,925.0499877929688,42198
2026-02-04 12:50:00+05:30,925.0,925.0499877929688,925.0,925.0499877929688,34450
2026-02-04 12:55:00+05:30,925.0,925.0499877929688,925.0,925.0499877929688,23139
2026-02-04 13:00:00+05:30,925.0,926.0,925.0,925.7000122070312,44967
2026-02-04 13:05:00+05:30,925.8499755859375,927.0,925.8499755859375,926.0999755859375,9101
2026-02-04 13:10:00+05:30,926.0999755859375,926.1500244140625,925.0,925.0999755859375,11418
2026-02-04 13:15:00+05:30,925.1500244140625,926.0,921.8499755859375,922.25,104307
2026-02-04 13:20:00+05:30,921.9000244140625,921.9500122070312,920.75,921.7000122070312,14789
2026-02-04 13:25:00+05:30,922.0,924.9500122070312,921.3499755859375,924.5499877929688,11471
2026-02-04 13:30:00+05:30,924.5499877929688,926.2000122070312,924.2000122070312,926.2000122070312,96940
2026-02-04 13:35:00+05:30,925.8499755859375,927.0,925.0999755859375,925.5,53132
2026-02-04 13:40:00+05:30,925.5,925.75,923.5999755859375,923.8499755859375,134835
2026-02-04 13:45:00+05:30,923.9000244140625,925.0,922.4500122070312,923.2000122070312,53711
2026-02-04 13:50:00+05:30,923.2000122070312,923.2000122070312,922.2000122070312,922.2999877929688,12538
2026-02-04 13:55:00+05:30,922.25,922.4500122070312,921.6500244140625,922.0,22678
2026-02-04 14:00:00+05:30,922.0,922.1500244140625,920.2999877929688,921.6500244140625,20709
2026-02-04 14:05:00+05:30,921.6500244140625,921.9000244140625,920.9500122070312,921.7999877929688,13293
2026-02-04 14:10:00+05:30,921.8499755859375,923.0,921.8499755859375,923.0,11422
2026-02-04 14:15:00+05:30,922.8499755859375,924.7000122070312,922.8499755859375,924.2000122070312,11094
2026-02-04 14:20:00+05:30,924.3499755859375,924.75,923.2999877929688,923.2999877929688,13865
2026-02-04 14:25:00+05:30,923.2999877929688,923.75,922.9000244140625,923.2999877929688,9905
2026-02-04 14:30:00+05:30,923.2999877929688,923.2999877929688,922.0,922.25,14096
2026-02-04 14:35:00+05:30,922.2000122070312,924.9500122070312,922.1500244140625,924.9500122070312,37026
2026-02-04 14:40:00+05:30,924.9500122070312,925.0,923.5499877929688,924.4500122070312,94405
2026-02-04 14:45:00+05:30,924.4500122070312,924.6500244140625,922.0,923.5499877929688,85033
2026-02-04 14:50:00+05:30,923.5499877929688,924.2999877929688,922.8499755859375,922.9500122070312,68925
2026-02-04 14:55:00+05:30,923.4000244140625,923.6500244140625,922.0,922.2000122070312,55697
2026-02-04 15:00:00+05:30,922.5,923.0999755859375,919.4500122070312,920.6500244140625,256748
2026-02-04 15:05:00+05:30,920.9000244140625,920.9000244140625,919.3499755859375,919.9500122070312,66107
2026-02-04 15:10:00+05:30,920.0999755859375,924.0,919.8499755859375,924.0,86580
2026-02-04 15:15:00+05:30,923.5,923.9000244140625,922.0,922.0999755859375,118064
2026-02-04 15:20:00+05:30,922.0999755859375,923.2999877929688,921.6500244140625,922.25,91896
2026-02-04 15:25:00+05:30,922.0,922.25,918.5999755859375,920.0,75152
2026-02-05 09:20:00+05:30,920.5,921.0999755859375,919.0,921.0499877929688,21790
2026-02-05 09:25:00+05:30,920.9000244140625,922.0,919.4500122070312,920.25,66804
2026-02-05 09:30:00+05:30,920.5,921.5,916.2000122070312,916.5999755859375,83785
2026-02-05 09:35:00+05:30,916.5499877929688,917.5,914.6500244140625,914.8499755859375,49581
2026-02-05 09:40:00+05:30,915.0999755859375,915.2999877929688,913.2000122070312,914.0499877929688,38226
2026-02-05 09:45:00+05:30,914.0,914.4000244140625,912.6500244140625,912.9500122070312,39564
2026-02-05 09:50:00+05:30,913.25,913.7000122070312,911.3499755859375,911.7000122070312,19955
2026-02-05 09:55:00+05:30,911.75,912.5499877929688,911.2999877929688,912.1500244140625,7828
2026-02-05 10:00:00+05:30,912.5499877929688,912.5999755859375,910.0499877929688,910.4500122070312,24247
2026-02-05 10:05:00+05:30,910.8499755859375,910.8499755859375,909.0,909.25,12943
2026-02-05 10:10:00+05:30,909.7000122070312,910.0999755859375,909.1500244140625,909.5999755859375,23658
2026-02-05 10:15:00+05:30,909.9000244140625,910.0499877929688,909.25,910.0,7443
2026-02-05 10:20:00+05:30,910.0,912.5,909.5999755859375,912.4500122070312,16695
2026-02-05 10:25:00+05:30,912.5,913.7000122070312,909.0999755859375,909.0999755859375,29711
2026-02-05 10:30:00+05:30,909.0,909.5999755859375,907.7000122070312,907.75,36511
2026-02-05 10:35:00+05:30,908.2999877929688,908.2999877929688,907.0,907.0,25462
2026-02-05 10:40:00+05:30,906.9000244140625,907.0,905.0,905.0,36363
2026-02-05 10:45:00+05:30,905.0,906.5999755859375,904.6500244140625,905.0,25410
2026-02-05 10:50:00+05:30,905.0,906.0499877929688,904.0499877929688,904.1500244140625,20865
2026-02-05 10:55:00+05:30,904.1500244140625,905.4000244140625,904.1500244140625,904.25,16056
2026-02-05 11:00:00+05:30,904.25,904.5,903.0999755859375,903.9500122070312,10175
2026-02-05 11:05:00+05:30,903.9500122070312,905.3499755859375,903.7000122070312,905.0,7283
2026-02-05 11:10:00+05:30,904.75,906.9500122070312,904.3499755859375,906.2000122070312,17173
2026-02-05 11:15:00+05:30,906.75,906.75,904.5999755859375,904.5999755859375,21437
2026-02-05 11:20:00+05:30,904.9500122070312,905.0,904.5,904.75,7099
2026-02-05 11:25:00+05:30,904.7999877929688,906.9000244140625,904.5,905.4500122070312,14850
2026-02-05 11:30:00+05:30,905.9500122070312,905.9500122070312,904.7000122070312,905.0999755859375,11137
2026-02-05 11:35:00+05:30,905.0999755859375,906.25,904.7000122070312,904.9500122070312,14060
2026-02-05 11:40:00+05:30,905.0,906.3499755859375,904.75,906.3499755859375,28383
2026-02-05 11:45:00+05:30,905.75,906.2000122070312,904.9000244140625,905.0,16830
2026-02-05 11:50:00+05:30,905.0,906.0999755859375,904.9000244140625,905.5499877929688,33349
2026-02-05 11:55:00+05:30,905.5499877929688,905.8499755859375,904.5,905.0,14912
2026-02-05 12:00:00+05:30,905.0,905.4500122070312,904.5999755859375,905.4000244140625,1504
2026-02-05 12:05:00+05:30,905.0499877929688,905.0499877929688,902.6500244140625,903.5999755859375,19705
2026-02-05 12:10:00+05:30,904.0,904.0,902.5,903.4000244140625,7043
2026-02-05 12:15:00+05:30,903.5999755859375,903.5999755859375,902.5499877929688,902.75,5170
2026-02-05 12:20:00+05:30,902.75,903.1500244140625,902.5999755859375,902.5999755859375,3926
2026-02-05 12:25:00+05:30,902.9500122070312,903.25,902.5,902.8499755859375,3992
2026-02-05 12:30:00+05:30,903.2000122070312,904.0999755859375,902.4500122070312,903.1500244140625,8403
2026-02-05 12:35:00+05:30,902.7999877929688,903.9500122070312,902.7999877929688,903.9000244140625,8668
2026-02-05 12:40:00+05:30,903.9000244140625,904.5,903.0999755859375,904.0,3869
2026-02-05 12:45:00+05:30,903.7000122070312,904.25,903.6500244140625,904.0,2161
2026-02-05 12:50:00+05:30,903.8499755859375,904.0999755859375,903.4500122070312,903.7000122070312,3592
2026-02-05 12:55:00+05:30,903.9500122070312,905.4500122070312,903.3499755859375,905.4500122070312,8353
2026-02-05 13:00:00+05:30,905.75,905.7999877929688,904.7000122070312,904.7999877929688,6339
2026-02-05 13:05:00+05:30,904.7999877929688,905.25,904.5999755859375,904.8499755859375,1975
2026-02-05 13:10:00+05:30,905.0999755859375,905.75,904.5,904.5499877929688,4046
2026-02-05 13:15:00+05:30,904.7000122070312,905.9000244140625,904.3499755859375,905.3499755859375,3615
2026-02-05 13:20:00+05:30,905.0499877929688,905.1500244140625,904.5499877929688,904.9500122070312,7041
2026-02-05 13:25:00+05:30,904.9500122070312,905.7000122070312,904.5,905.0,8027
2026-02-05 13:30:00+05:30,905.0,905.7999877929688,904.9000244140625,904.9000244140625,38602
2026-02-05 13:35:00+05:30,904.9000244140625,905.4500122070312,904.2999877929688,904.9500122070312,59492
2026-02-05 13:40:00+05:30,904.9500122070312,905.7999877929688,904.0499877929688,905.1500244140625,9581
2026-02-05 13:45:00+05:30,905.1500244140625,905.5,904.9000244140625,905.0,19571
2026-02-05 13:50:00+05:30,905.0,905.9000244140625,904.7999877929688,905.0,21293
2026-02-05 13:55:00+05:30,904.9000244140625,905.0,904.4500122070312,905.0,22370
2026-02-05 14:00:00+05:30,905.0,905.5,904.0,904.0,15009
2026-02-05 14:05:00+05:30,904.0,904.75,903.75,904.4500122070312,15917
2026-02-05 14:10:00+05:30,904.3499755859375,905.4000244140625,904.0,905.3499755859375,11256
2026-02-05 14:15:00+05:30,905.2999877929688,905.7999877929688,904.7999877929688,905.0,28671
2026-02-05 14:20:00+05:30,905.0,907.4500122070312,904.8499755859375,905.75,44590
2026-02-05 14:25:00+05:30,905.0999755859375,906.0999755859375,905.0,905.7999877929688,71870
2026-02-05 14:30:00+05:30,906.0999755859375,908.9000244140625,905.2999877929688,907.25,80355
2026-02-05 14:35:00+05:30,907.2999877929688,908.1500244140625,905.7000122070312,907.7000122070312,89931
2026-02-05 14:40:00+05:30,907.7000122070312,908.0999755859375,906.3499755859375,906.7000122070312,77583
2026-02-05 14:45:00+05:30,907.2000122070312,908.75,906.0999755859375,908.0499877929688,91628
2026-02-05 14:50:00+05:30,908.0,912.8499755859375,907.8499755859375,912.3499755859375,132767
2026-02-05 14:55:00+05:30,912.8499755859375,917.5,912.25,915.25,110612
2026-02-05 15:00:00+05:30,914.8499755859375,916.7999877929688,914.8499755859375,915.75,99515
2026-02-05 15:05:00+05:30,915.7000122070312,917.75,914.4500122070312,915.0999755859375,131353
2026-02-05 15:10:00+05:30,915.6500244140625,915.6500244140625,913.3499755859375,913.75,92887
2026-02-05 15:15:00+05:30,913.4500122070312,914.3499755859375,912.5,913.9500122070312,99038
2026-02-05 15:20:00+05:30,913.75,914.0499877929688,912.5499877929688,913.2000122070312,115998
2026-02-05 15:25:00+05:30,913.2999877929688,915.0,912.1500244140625,914.4000244140625,72979
2026-02-06 09:20:00+05:30,911.0,912.0999755859375,909.4500122070312,909.75,14993
2026-02-06 09:25:00+05:30,910.2000122070312,910.2000122070312,908.3499755859375,908.8499755859375,15797
2026-02-06 09:30:00+05:30,908.7000122070312,908.7000122070312,905.7999877929688,906.0499877929688,17446
2026-02-06 09:35:00+05:30,906.5499877929688,907.0499877929688,904.1500244140625,905.7999877929688,16858
2026-02-06 09:40:00+05:30,906.0,906.4500122070312,904.5499877929688,905.2000122070312,9166
2026-02-06 09:45:00+05:30,905.2000122070312,907.9000244140625,905.2000122070312,906.2000122070312,19905
2026-02-06 09:50:00+05:30,906.4000244140625,906.9000244140625,903.1500244140625,903.1500244140625,44050
2026-02-06 09:55:00+05:30,902.9000244140625,904.9500122070312,902.25,904.5499877929688,10700
2026-02-06 10:00:00+05:30,905.3499755859375,905.3499755859375,903.0,903.9500122070312,11200
2026-02-06 10:05:00+05:30,904.2000122070312,904.7999877929688,902.9000244140625,903.5,15233
2026-02-06 10:10:00+05:30,903.4500122070312,903.7999877929688,902.1500244140625,902.9500122070312,12150
2026-02-06 10:15:00+05:30,902.9500122070312,904.7000122070312,901.7000122070312,904.0,24104
2026-02-06 10:20:00+05:30,903.6500244140625,904.0,902.5499877929688,902.5499877929688,41652
2026-02-06 10:25:00+05:30,903.0499877929688,903.7000122070312,901.0,901.5,51186
2026-02-06 10:30:00+05:30,901.2000122070312,901.7999877929688,897.8499755859375,898.0999755859375,58820
2026-02-06 10:35:00+05:30,898.2000122070312,898.2999877929688,896.25,897.4000244140625,33879
2026-02-06 10:40:00+05:30,897.9500122070312,897.9500122070312,895.5999755859375,895.5999755859375,28794
2026-02-06 10:45:00+05:30,896.0499877929688,896.8499755859375,895.0999755859375,895.8499755859375,29677
2026-02-06 10:50:00+05:30,895.8499755859375,898.8499755859375,895.8499755859375,896.4000244140625,45226
2026-02-06 10:55:00+05:30,896.4000244140625,897.6500244140625,895.2000122070312,895.7999877929688,38135
2026-02-06 11:00:00+05:30,896.0499877929688,897.6500244140625,895.0999755859375,897.0499877929688,29308
2026-02-06 11:05:00+05:30,897.7000122070312,898.7999877929688,896.7999877929688,898.7000122070312,27302
2026-02-06 11:10:00+05:30,898.2000122070312,900.3499755859375,898.0499877929688,899.7999877929688,33101
2026-02-06 11:15:00+05:30,900.0,900.25,898.2000122070312,899.9500122070312,33211
2026-02-06 11:20:00+05:30,899.8499755859375,901.0,899.5499877929688,899.8499755859375,28854
2026-02-06 11:25:00+05:30,900.2000122070312,900.4000244140625,899.0999755859375,899.3499755859375,24590
2026-02-06 11:30:00+05:30,899.9500122070312,901.0499877929688,899.0,900.4500122070312,32542
2026-02-06 11:35:00+05:30,900.4500122070312,902.6500244140625,900.0,902.4500122070312,27101
2026-02-06 11:40:00+05:30,902.5,902.75,900.5499877929688,900.5499877929688,24304
2026-02-06 11:45:00+05:30,900.7999877929688,902.2000122070312,900.2000122070312,901.25,24349
2026-02-06 11:50:00+05:30,901.25,902.25,900.0499877929688,900.0499877929688,23268
2026-02-06 11:55:00+05:30,900.5499877929688,901.1500244140625,899.7000122070312,900.5999755859375,31322
2026-02-06 12:00:00+05:30,900.8499755859375,902.2999877929688,900.7000122070312,900.8499755859375,31953
2026-02-06 12:05:00+05:30,900.8499755859375,901.3499755859375,899.7000122070312,899.9500122070312,24803
2026-02-06 12:10:00+05:30,899.7999877929688,901.2000122070312,899.5999755859375,900.4500122070312,23884
2026-02-06 12:15:00+05:30,900.4500122070312,900.75,899.3499755859375,900.0,23218
2026-02-06 12:20:00+05:30,900.0,900.2000122070312,898.5999755859375,899.4500122070312,27738
2026-02-06 12:25:00+05:30,899.4500122070312,899.4500122070312,897.5,897.5,52990
2026-02-06 12:30:00+05:30,898.0,898.2000122070312,896.1500244140625,898.2000122070312,110723
2026-02-06 12:35:00+05:30,899.2000122070312,899.2000122070312,897.0,898.4500122070312,126262
2026-02-06 12:40:00+05:30,898.4500122070312,898.5999755859375,897.25,897.75,28250
2026-02-06 12:45:00+05:30,897.7999877929688,898.4000244140625,897.25,898.4000244140625,30808
2026-02-06 12:50:00+05:30,898.4000244140625,898.9000244140625,897.4500122070312,897.5999755859375,28789
2026-02-06 12:55:00+05:30,897.5999755859375,898.5,897.1500244140625,898.4500122070312,27969
2026-02-06 13:00:00+05:30,898.0,898.4500122070312,896.4500122070312,897.4000244140625,28430
2026-02-06 13:05:00+05:30,897.7999877929688,898.1500244140625,897.2000122070312,897.7999877929688,26909
2026-02-06 13:10:00+05:30,897.7999877929688,897.9000244140625,896.25,896.3499755859375,26704
2026-02-06 13:15:00+05:30,896.75,897.4000244140625,896.2000122070312,896.5499877929688,29385
2026-02-06 13:20:00+05:30,896.5499877929688,896.8499755859375,895.7999877929688,896.2999877929688,25270
2026-02-06 13:25:00+05:30,896.2999877929688,896.7999877929688,896.0499877929688,896.0999755859375,3893
2026-02-06 13:30:00+05:30,896.5,896.8499755859375,896.0,896.5,60329
2026-02-06 13:35:00+05:30,896.5,898.5499877929688,896.0999755859375,897.6500244140625,28828
2026-02-06 13:40:00+05:30,897.9000244140625,898.75,897.4500122070312,898.6500244140625,30741
2026-02-06 13:45:00+05:30,898.6500244140625,900.0999755859375,897.8499755859375,899.9000244140625,32435
2026-02-06 13:50:00+05:30,899.9000244140625,901.1500244140625,899.4500122070312,900.3499755859375,27281
2026-02-06 13:55:00+05:30,900.7000122070312,901.5,899.75,901.0999755859375,33115
2026-02-06 14:00:00+05:30,901.0999755859375,902.2000122070312,900.4500122070312,900.75,35991
2026-02-06 14:05:00+05:30,900.8499755859375,901.0,900.0999755859375,900.6500244140625,33396
2026-02-06 14:10:00+05:30,900.2999877929688,900.2999877929688,899.2000122070312,899.5999755859375,31045
2026-02-06 14:15:00+05:30,899.5999755859375,900.5,899.0499877929688,900.1500244140625,31168
2026-02-06 14:20:00+05:30,900.0,900.9500122070312,899.3499755859375,899.5999755859375,52269
2026-02-06 14:25:00+05:30,899.5999755859375,900.4000244140625,899.3499755859375,899.4000244140625,31880
2026-02-06 14:30:00+05:30,899.4000244140625,900.3499755859375,899.0,899.9500122070312,41846
2026-02-06 14:35:00+05:30,899.75,900.9500122070312,899.25,900.25,39083
2026-02-06 14:40:00+05:30,900.25,901.5999755859375,900.25,900.5499877929688,31914
2026-02-06 14:45:00+05:30,900.5499877929688,902.4000244140625,900.5,900.7999877929688,48710
2026-02-06 14:50:00+05:30,900.7999877929688,901.0499877929688,899.7000122070312,900.75,23679
2026-02-06 14:55:00+05:30,900.75,903.9000244140625,900.75,902.0,62782
2026-02-06 15:00:00+05:30,903.0,905.0999755859375,902.9500122070312,902.9500122070312,96583
2026-02-06 15:05:00+05:30,903.0,904.4500122070312,902.6500244140625,903.0999755859375,45131
2026-02-06 15:10:00+05:30,902.5499877929688,904.25,902.0,903.0999755859375,59671
2026-02-06 15:15:00+05:30,903.0,904.2000122070312,902.7999877929688,902.9000244140625,73712
2026-02-06 15:20:00+05:30,902.7999877929688,905.6500244140625,901.8499755859375,904.7000122070312,84547
2026-02-06 15:25:00+05:30,904.7000122070312,905.75,903.4000244140625,903.5999755859375,43367
2026-02-09 09:20:00+05:30,903.2999877929688,909.4000244140625,902.2000122070312,909.1500244140625,73359
2026-02-09 09:25:00+05:30,909.5,910.9500122070312,907.75,907.75,51973
2026-02-09 09:30:00+05:30,908.0499877929688,908.7000122070312,905.1500244140625,905.9500122070312,50705
2026-02-09 09:35:00+05:30,905.5999755859375,910.9000244140625,905.0,910.5999755859375,78340
2026-02-09 09:40:00+05:30,910.4000244140625,912.5999755859375,909.1500244140625,909.1500244140625,37446
2026-02-09 09:45:00+05:30,908.9000244140625,910.7999877929688,908.25,910.7999877929688,45379
2026-02-09 09:50:00+05:30,910.6500244140625,912.5,910.25,912.2999877929688,66845
2026-02-09 09:55:00+05:30,912.5499877929688,922.9500122070312,912.5499877929688,922.1500244140625,145818
2026-02-09 10:00:00+05:30,922.25,931.9000244140625,922.25,929.5499877929688,175534
2026-02-09 10:05:00+05:30,929.5999755859375,934.7999877929688,927.2000122070312,933.8499755859375,525063
2026-02-09 10:10:00+05:30,933.8499755859375,935.0,926.7999877929688,926.9000244140625,119569
2026-02-09 10:15:00+05:30,926.9000244140625,928.2000122070312,924.5499877929688,926.8499755859375,50745
2026-02-09 10:20:00+05:30,926.9000244140625,927.0,925.5999755859375,925.7000122070312,19210
2026-02-09 10:25:00+05:30,925.5499877929688,930.8499755859375,925.25,930.5,68488
2026-02-09 10:30:00+05:30,930.5,932.4000244140625,930.0,932.0,119054
2026-02-09 10:35:00+05:30,932.4000244140625,935.5,931.9500122070312,934.4000244140625,148443
2026-02-09 10:40:00+05:30,934.4000244140625,936.9500122070312,932.5,935.5,135194
2026-02-09 10:45:00+05:30,936.3499755859375,936.9000244140625,933.4000244140625,933.5499877929688,78147
2026-02-09 10:50:00+05:30,933.0499877929688,934.5,931.0999755859375,933.25,55652
2026-02-09 10:55:00+05:30,932.4500122070312,933.1500244140625,929.7000122070312,931.9000244140625,40170
2026-02-09 11:00:00+05:30,931.5,931.9000244140625,928.8499755859375,929.2000122070312,21805
2026-02-09 11:05:00+05:30,929.2000122070312,929.7000122070312,928.5,928.9000244140625,14359
2026-02-09 11:10:00+05:30,928.9000244140625,928.9500122070312,927.5,928.0,19351
2026-02-09 11:15:00+05:30,928.0499877929688,928.9500122070312,925.25,927.3499755859375,47868
2026-02-09 11:20:00+05:30,927.2999877929688,928.0,926.7000122070312,927.5999755859375,18598
2026-02-09 11:25:00+05:30,927.9500122070312,928.9500122070312,926.5,926.5499877929688,571304
2026-02-09 11:30:00+05:30,926.9500122070312,927.0,925.5,926.7000122070312,19084
2026-02-09 11:35:00+05:30,926.5499877929688,928.5,926.2999877929688,928.3499755859375,23113
2026-02-09 11:40:00+05:30,928.3499755859375,928.5999755859375,926.0,926.3499755859375,15078
2026-02-09 11:45:00+05:30,926.0999755859375,926.0999755859375,924.5,925.3499755859375,27335
2026-02-09 11:50:00+05:30,925.25,926.5999755859375,924.75,925.4500122070312,10865
2026-02-09 11:55:00+05:30,925.2999877929688,926.2000122070312,924.9500122070312,926.1500244140625,10480
2026-02-09 12:00:00+05:30,925.9000244140625,927.0,925.6500244140625,926.1500244140625,23700
2026-02-09 12:05:00+05:30,926.0499877929688,926.5,926.0,926.4000244140625,14959
2026-02-09 12:10:00+05:30,926.3499755859375,926.5,925.6500244140625,926.3499755859375,19870
2026-02-09 12:15:00+05:30,926.3499755859375,928.9000244140625,926.3499755859375,928.7999877929688,25915
2026-02-09 12:20:00+05:30,928.75,928.9500122070312,927.1500244140625,927.9000244140625,18770
2026-02-09 12:25:00+05:30,927.9000244140625,928.1500244140625,926.7999877929688,927.1500244140625,16679
2026-02-09 12:30:00+05:30,927.1500244140625,927.9000244140625,925.4000244140625,926.9500122070312,119908
2026-02-09 12:35:00+05:30,927.0999755859375,927.0999755859375,921.25,921.75,711682
2026-02-09 12:40:00+05:30,921.2999877929688,924.7000122070312,921.0,923.6500244140625,107647
2026-02-09 12:45:00+05:30,923.6500244140625,924.3499755859375,921.5999755859375,921.9500122070312,54158
2026-02-09 12:50:00+05:30,921.9500122070312,922.0,918.9000244140625,919.3499755859375,49131
2026-02-09 12:55:00+05:30,919.2999877929688,921.5,918.7999877929688,921.3499755859375,51717
2026-02-09 13:00:00+05:30,921.2000122070312,924.5499877929688,921.0,924.0999755859375,91400
2026-02-09 13:05:00+05:30,924.2000122070312,924.5,922.2000122070312,924.0,40410
2026-02-09 13:10:00+05:30,924.0,924.0,921.75,923.3499755859375,69350
2026-02-09 13:15:00+05:30,923.3499755859375,924.2000122070312,923.3499755859375,923.9500122070312,22704
2026-02-09 13:20:00+05:30,923.7999877929688,924.1500244140625,923.1500244140625,923.4500122070312,21659
2026-02-09 13:25:00+05:30,923.4500122070312,923.9500122070312,923.1500244140625,923.7999877929688,15371
2026-02-09 13:30:00+05:30,923.7999877929688,924.9000244140625,923.4000244140625,923.75,10197
2026-02-09 13:35:00+05:30,923.7999877929688,924.4500122070312,923.4500122070312,924.4500122070312,10642
2026-02-09 13:40:00+05:30,924.4500122070312,925.0,923.75,924.2999877929688,8270
2026-02-09 13:45:00+05:30,924.6500244140625,924.9000244140625,924.0499877929688,924.0499877929688,7306
2026-02-09 13:50:00+05:30,924.3499755859375,926.1500244140625,924.0,926.0499877929688,10097
2026-02-09 13:55:00+05:30,926.0499877929688,927.25,926.0,927.25,25742
2026-02-09 14:00:00+05:30,927.4000244140625,927.9000244140625,926.25,926.6500244140625,9884
2026-02-09 14:05:00+05:30,926.6500244140625,927.0,926.0,927.0,8692
2026-02-09 14:10:00+05:30,926.5999755859375,927.0,925.3499755859375,925.9500122070312,10163
2026-02-09 14:15:00+05:30,925.9500122070312,926.3499755859375,925.5,926.0499877929688,17965
2026-02-09 14:20:00+05:30,926.1500244140625,930.0,925.7000122070312,929.0,542575
2026-02-09 14:25:00+05:30,929.0,930.7000122070312,928.9500122070312,929.9500122070312,540490
2026-02-09 14:30:00+05:30,929.9000244140625,931.8499755859375,926.8499755859375,926.8499755859375,65547
2026-02-09 14:35:00+05:30,927.25,928.2999877929688,924.6500244140625,925.5999755859375,63645
2026-02-09 14:40:00+05:30,925.5499877929688,927.0999755859375,925.1500244140625,926.5,51637
2026-02-09 14:45:00+05:30,926.5,927.8499755859375,926.0,927.6500244140625,45361
2026-02-09 14:50:00+05:30,927.7000122070312,927.8499755859375,926.2000122070312,926.9500122070312,54870
2026-02-09 14:55:00+05:30,927.1500244140625,927.2999877929688,925.9500122070312,926.25,53102
2026-02-09 15:00:00+05:30,926.2999877929688,931.7999877929688,926.0499877929688,929.9500122070312,182982
2026-02-09 15:05:00+05:30,930.1500244140625,930.2999877929688,927.0,927.2000122070312,115896
2026-02-09 15:10:00+05:30,927.0999755859375,927.7000122070312,926.5,927.5499877929688,132002
2026-02-09 15:15:00+05:30,927.5999755859375,928.0999755859375,926.6500244140625,927.9000244140625,129450
2026-02-09 15:20:00+05:30,927.75,927.75,925.5,926.5999755859375,133672
2026-02-09 15:25:00+05:30,926.5499877929688,930.4000244140625,926.4500122070312,927.9000244140625,94180
2026-02-10 09:20:00+05:30,931.0,932.7999877929688,928.5999755859375,932.4500122070312,31043
2026-02-10 09:25:00+05:30,932.9000244140625,932.9000244140625,928.4500122070312,930.6500244140625,535998
2026-02-10 09:30:00+05:30,930.2999877929688,930.8499755859375,928.25,929.4000244140625,14813
2026-02-10 09:35:00+05:30,929.5,930.0999755859375,928.0499877929688,929.5,29893
2026-02-10 09:40:00+05:30,929.0499877929688,929.7000122070312,928.0999755859375,928.5,7826
2026-02-10 09:45:00+05:30,928.4500122070312,928.5999755859375,926.0499877929688,926.2000122070312,30894
2026-02-10 09:50:00+05:30,926.4000244140625,926.4500122070312,924.0,924.0,15995
2026-02-10 09:55:00+05:30,923.9000244140625,925.2999877929688,923.5,924.7000122070312,17061
2026-02-10 10:00:00+05:30,924.3499755859375,924.9500122070312,923.7999877929688,924.0999755859375,12536
2026-02-10 10:05:00+05:30,924.2999877929688,924.7000122070312,923.5,924.1500244140625,7773
2026-02-10 10:10:00+05:30,924.7000122070312,924.7000122070312,922.7999877929688,923.2000122070312,11406
2026-02-10 10:15:00+05:30,923.7000122070312,924.0,922.1500244140625,923.2999877929688,22791
2026-02-10 10:20:00+05:30,923.2999877929688,923.7000122070312,922.2999877929688,923.7000122070312,8633
2026-02-10 10:25:00+05:30,924.0,928.2999877929688,924.0,925.8499755859375,28697
2026-02-10 10:30:00+05:30,926.4000244140625,926.4000244140625,923.7000122070312,924.1500244140625,16645
2026-02-10 10:35:00+05:30,924.8499755859375,927.9000244140625,924.8499755859375,926.25,18879
2026-02-10 10:40:00+05:30,926.25,926.2999877929688,923.5999755859375,924.5999755859375,11208
2026-02-10 10:45:00+05:30,924.1500244140625,925.0499877929688,923.7000122070312,923.8499755859375,13200
2026-02-10 10:50:00+05:30,924.0499877929688,924.6500244140625,923.0499877929688,923.5,11542
2026-02-10 10:55:00+05:30,923.3499755859375,924.0,923.0,923.0999755859375,3555
2026-02-10 11:00:00+05:30,922.8499755859375,924.2999877929688,922.4500122070312,923.4000244140625,8671
2026-02-10 11:05:00+05:30,923.4500122070312,923.9500122070312,922.8499755859375,923.0499877929688,7037
2026-02-10 11:10:00+05:30,922.5999755859375,926.2999877929688,922.5999755859375,926.0,4055
2026-02-10 11:15:00+05:30,926.0,926.2999877929688,925.1500244140625,925.4500122070312,3165
2026-02-10 11:20:00+05:30,925.3499755859375,927.25,925.3499755859375,925.3499755859375,39752
2026-02-10 11:25:00+05:30,925.2000122070312,927.2999877929688,925.2000122070312,926.2000122070312,99717
2026-02-10 11:30:00+05:30,925.9000244140625,926.6500244140625,925.6500244140625,926.25,8507
2026-02-10 11:35:00+05:30,925.8499755859375,926.2999877929688,924.7999877929688,925.5,10697
2026-02-10 11:40:00+05:30,925.0499877929688,927.0,923.5999755859375,926.75,19852
2026-02-10 11:45:00+05:30,926.4000244140625,926.8499755859375,925.25,925.5499877929688,11419
2026-02-10 11:50:00+05:30,925.0999755859375,925.8499755859375,924.3499755859375,925.0,7796
2026-02-10 11:55:00+05:30,924.7000122070312,926.0,924.7000122070312,926.0,9245
2026-02-10 12:00:00+05:30,925.5999755859375,925.5999755859375,923.4000244140625,923.6500244140625,11726
2026-02-10 12:05:00+05:30,923.7999877929688,924.4500122070312,923.7000122070312,924.4000244140625,14516
2026-02-10 12:10:00+05:30,924.0,924.3499755859375,923.0,923.9000244140625,18036
2026-02-10 12:15:00+05:30,923.9000244140625,924.0499877929688,923.0,923.9500122070312,18402
2026-02-10 12:20:00+05:30,923.4500122070312,923.4500122070312,922.6500244140625,922.6500244140625,13177
2026-02-10 12:25:00+05:30,922.75,923.4500122070312,921.0,921.7999877929688,19163
2026-02-10 12:30:00+05:30,921.7999877929688,922.9500122070312,921.5499877929688,922.0,262326
2026-02-10 12:35:00+05:30,922.4500122070312,922.75,921.7999877929688,922.5,7947
2026-02-10 12:40:00+05:30,922.5,924.0,922.5,923.5999755859375,4824
2026-02-10 12:45:00+05:30,923.2999877929688,924.0,922.7999877929688,923.6500244140625,5574
2026-02-10 12:50:00+05:30,923.2999877929688,923.7999877929688,922.9500122070312,923.5,6781
2026-02-10 12:55:00+05:30,923.5,925.2000122070312,923.1500244140625,925.0,13150
2026-02-10 13:00:00+05:30,924.7999877929688,924.9500122070312,923.2999877929688,923.5499877929688,12143
2026-02-10 13:05:00+05:30,923.2999877929688,925.0999755859375,923.25,924.5499877929688,8532
2026-02-10 13:10:00+05:30,924.8499755859375,925.5499877929688,924.25,924.9500122070312,9342
2026-02-10 13:15:00+05:30,925.0,925.2999877929688,924.0999755859375,924.2000122070312,9421
2026-02-10 13:20:00+05:30,924.2000122070312,924.9000244140625,923.0999755859375,923.0999755859375,14181
2026-02-10 13:25:00+05:30,923.0,924.0499877929688,922.6500244140625,922.8499755859375,15410
2026-02-10 13:30:00+05:30,922.8499755859375,923.25,922.0,922.6500244140625,15618
2026-02-10 13:35:00+05:30,922.9000244140625,922.9000244140625,921.0999755859375,921.9000244140625,15566
2026-02-10 13:40:00+05:30,921.5,923.0,921.5,923.0,8754
2026-02-10 13:45:00+05:30,923.0,923.4500122070312,922.4500122070312,922.8499755859375,7211
2026-02-10 13:50:00+05:30,923.1500244140625,924.25,921.4500122070312,922.0499877929688,38793
2026-02-10 13:55:00+05:30,921.9500122070312,922.0,920.8499755859375,921.0,22907
2026-02-10 14:00:00+05:30,921.0,922.4500122070312,920.2999877929688,922.4500122070312,20491
2026-02-10 14:05:00+05:30,922.5499877929688,923.3499755859375,922.0,922.3499755859375,13339
2026-02-10 14:10:00+05:30,922.6500244140625,922.75,922.2999877929688,922.4500122070312,5372
2026-02-10 14:15:00+05:30,922.5,922.9000244140625,922.3499755859375,922.4000244140625,7908
2026-02-10 14:20:00+05:30,922.4000244140625,923.8499755859375,922.4000244140625,923.4500122070312,11979
2026-02-10 14:25:00+05:30,923.0999755859375,923.0999755859375,921.5,922.0,13194
2026-02-10 14:30:00+05:30,921.5999755859375,922.4000244140625,921.0499877929688,922.0499877929688,18084
2026-02-10 14:35:00+05:30,922.0,924.5,920.6500244140625,924.5,80136
2026-02-10 14:40:00+05:30,924.5,925.0,924.0999755859375,924.5499877929688,69661
2026-02-10 14:45:00+05:30,924.5499877929688,928.7999877929688,924.5499877929688,928.7999877929688,89608
2026-02-10 14:50:00+05:30,928.9500122070312,929.7999877929688,928.0499877929688,929.7999877929688,61375
2026-02-10 14:55:00+05:30,929.6500244140625,930.0,928.8499755859375,929.2999877929688,62446
2026-02-10 15:00:00+05:30,929.4500122070312,931.3499755859375,928.0499877929688,928.5,125471
2026-02-10 15:05:00+05:30,928.5999755859375,928.8499755859375,926.9000244140625,926.9500122070312,87135
2026-02-10 15:10:00+05:30,926.7000122070312,927.5,926.1500244140625,926.5,85324
2026-02-10 15:15:00+05:30,926.5499877929688,927.8499755859375,926.1500244140625,927.0499877929688,102864
2026-02-10 15:20:00+05:30,927.0999755859375,927.4500122070312,926.2000122070312,926.4500122070312,115000
2026-02-10 15:25:00+05:30,926.4000244140625,927.75,925.25,927.5999755859375,75089
2026-02-11 09:20:00+05:30,925.5,925.7000122070312,923.3499755859375,924.4500122070312,22932
2026-02-11 09:25:00+05:30,924.4500122070312,925.9000244140625,924.0,925.5999755859375,225020
2026-02-11 09:30:00+05:30,925.5999755859375,925.5999755859375,923.2000122070312,923.2000122070312,101258
2026-02-11 09:35:00+05:30,923.7000122070312,924.7000122070312,923.1500244140625,923.7000122070312,12675
2026-02-11 09:40:00+05:30,923.5999755859375,925.4000244140625,923.5,924.7999877929688,14076
2026-02-11 09:45:00+05:30,925.0,925.4500122070312,924.2000122070312,924.4500122070312,8684
2026-02-11 09:50:00+05:30,924.7000122070312,924.9500122070312,923.6500244140625,924.8499755859375,19222
2026-02-11 09:55:00+05:30,924.5999755859375,925.2999877929688,923.6500244140625,923.9500122070312,9988
2026-02-11 10:00:00+05:30,923.9500122070312,923.9500122070312,920.0499877929688,920.0999755859375,35940
2026-02-11 10:05:00+05:30,920.6500244140625,920.6500244140625,918.0,918.9000244140625,20017
2026-02-11 10:10:00+05:30,918.5999755859375,919.4000244140625,916.6500244140625,917.6500244140625,13194
2026-02-11 10:15:00+05:30,917.6500244140625,919.4500122070312,917.5,919.4500122070312,5648
2026-02-11 10:20:00+05:30,919.8499755859375,920.6500244140625,919.4500122070312,919.5499877929688,10781
2026-02-11 10:25:00+05:30,919.4500122070312,921.4000244140625,919.0,921.0499877929688,7316
2026-02-11 10:30:00+05:30,921.0999755859375,921.6500244140625,920.3499755859375,920.9000244140625,6807
2026-02-11 10:35:00+05:30,920.9000244140625,921.5,919.25,919.25,14592
2026-02-11 10:40:00+05:30,919.4000244140625,921.5,919.4000244140625,920.7999877929688,4758
2026-02-11 10:45:00+05:30,921.0499877929688,922.9000244140625,920.7000122070312,921.9000244140625,9443
2026-02-11 10:50:00+05:30,921.9000244140625,922.7999877929688,921.2000122070312,921.5999755859375,5451
2026-02-11 10:55:00+05:30,921.75,922.0999755859375,921.0,922.0999755859375,7223
2026-02-11 11:00:00+05:30,922.75,922.7999877929688,921.1500244140625,921.5499877929688,14027
2026-02-11 11:05:00+05:30,922.3499755859375,922.3499755859375,920.4000244140625,920.7000122070312,5995
2026-02-11 11:10:00+05:30,921.0,922.0,920.9000244140625,921.0999755859375,3367
2026-02-11 11:15:00+05:30,921.4000244140625,921.5999755859375,919.0999755859375,919.0999755859375,10121
2026-02-11 11:20:00+05:30,918.4000244140625,920.4000244140625,918.4000244140625,920.4000244140625,14656
2026-02-11 11:25:00+05:30,920.25,920.25,918.0999755859375,918.9000244140625,12439
2026-02-11 11:30:00+05:30,918.9000244140625,921.75,918.9000244140625,920.6500244140625,15755
2026-02-11 11:35:00+05:30,920.75,921.0,920.0,920.5,5111
2026-02-11 11:40:00+05:30,920.9000244140625,920.9000244140625,919.7999877929688,919.7999877929688,3519
2026-02-11 11:45:00+05:30,919.7000122070312,919.7000122070312,918.0499877929688,918.5999755859375,7930
2026-02-11 11:50:00+05:30,918.6500244140625,919.2000122070312,918.0,918.5499877929688,11355
2026-02-11 11:55:00+05:30,918.2000122070312,919.0999755859375,918.0999755859375,918.1500244140625,5264
2026-02-11 12:00:00+05:30,918.1500244140625,918.9000244140625,918.0999755859375,918.2000122070312,4965
2026-02-11 12:05:00+05:30,918.3499755859375,918.5,916.25,917.4000244140625,19625
2026-02-11 12:10:00+05:30,917.4000244140625,917.5,916.0999755859375,916.0999755859375,9431
2026-02-11 12:15:00+05:30,916.4500122070312,916.8499755859375,915.7000122070312,916.2999877929688,7712
2026-02-11 12:20:00+05:30,916.3499755859375,917.2000122070312,916.3499755859375,917.0,3583
2026-02-11 12:25:00+05:30,917.0,917.3499755859375,916.5499877929688,916.5999755859375,8646
2026-02-11 12:30:00+05:30,916.5,918.25,916.5,916.7999877929688,6437
2026-02-11 12:35:00+05:30,916.7999877929688,916.7999877929688,915.8499755859375,916.0,8019
2026-02-11 12:40:00+05:30,916.0,916.9500122070312,915.7000122070312,916.0999755859375,14588
2026-02-11 12:45:00+05:30,915.9000244140625,916.9500122070312,915.6500244140625,916.9500122070312,6034
2026-02-11 12:50:00+05:30,916.6500244140625,917.5,916.5,917.2000122070312,11202
2026-02-11 12:55:00+05:30,917.1500244140625,917.4000244140625,916.5,916.6500244140625,7283
2026-02-11 13:00:00+05:30,917.0499877929688,917.0499877929688,915.25,916.0999755859375,10932
2026-02-11 13:05:00+05:30,916.0999755859375,916.9500122070312,915.0,916.25,41681
2026-02-11 13:10:00+05:30,916.2999877929688,916.6500244140625,915.5999755859375,915.8499755859375,5772
2026-02-11 13:15:00+05:30,915.8499755859375,916.75,915.8499755859375,916.75,4524
2026-02-11 13:20:00+05:30,916.75,918.4000244140625,916.5,917.2000122070312,12128
2026-02-11 13:25:00+05:30,917.2000122070312,918.7999877929688,916.8499755859375,918.75,12232
2026-02-11 13:30:00+05:30,918.7999877929688,919.75,918.5,918.9000244140625,13095
2026-02-11 13:35:00+05:30,918.7999877929688,919.2999877929688,917.6500244140625,918.0,5251
2026-02-11 13:40:00+05:30,918.4500122070312,918.6500244140625,917.4500122070312,917.4500122070312,6910
2026-02-11 13:45:00+05:30,917.4500122070312,918.4000244140625,917.4500122070312,917.7000122070312,6317
2026-02-11 13:50:00+05:30,917.7000122070312,918.0,916.7999877929688,916.7999877929688,6927
2026-02-11 13:55:00+05:30,916.7999877929688,917.4500122070312,915.7000122070312,917.0999755859375,35512
2026-02-11 14:00:00+05:30,917.0499877929688,917.3499755859375,915.25,915.5999755859375,23769
2026-02-11 14:05:00+05:30,915.5999755859375,916.3499755859375,915.0999755859375,915.7999877929688,5677
2026-02-11 14:10:00+05:30,916.25,916.75,915.8499755859375,916.5999755859375,8792
2026-02-11 14:15:00+05:30,916.5999755859375,917.9500122070312,915.7999877929688,917.25,17375
2026-02-11 14:20:00+05:30,917.6500244140625,918.0,917.0,917.5,25764
2026-02-11 14:25:00+05:30,917.9500122070312,918.6500244140625,917.5499877929688,918.0,21998
2026-02-11 14:30:00+05:30,918.0,919.7000122070312,917.9000244140625,919.5999755859375,20607
2026-02-11 14:35:00+05:30,919.4500122070312,920.7000122070312,918.9000244140625,920.2000122070312,35270
2026-02-11 14:40:00+05:30,920.1500244140625,924.7000122070312,920.1500244140625,924.25,123367
2026-02-11 14:45:00+05:30,923.8499755859375,926.0999755859375,922.8499755859375,925.6500244140625,139888
2026-02-11 14:50:00+05:30,925.7000122070312,926.4000244140625,924.0,924.7000122070312,136320
2026-02-11 14:55:00+05:30,925.0999755859375,925.8499755859375,924.0,925.6500244140625,110347
2026-02-11 15:00:00+05:30,925.5999755859375,926.2000122070312,924.7000122070312,924.7999877929688,166681
2026-02-11 15:05:00+05:30,924.7999877929688,925.2999877929688,923.9500122070312,924.5499877929688,152454
2026-02-11 15:10:00+05:30,924.7000122070312,925.4500122070312,924.0,925.0,139825
2026-02-11 15:15:00+05:30,925.0,926.0,924.4000244140625,924.7000122070312,183249
2026-02-11 15:20:00+05:30,924.5999755859375,926.4500122070312,923.0,926.0499877929688,108239
2026-02-11 15:25:00+05:30,926.25,926.2999877929688,924.0,925.0,57705
2026-02-12 09:20:00+05:30,919.9500122070312,921.0999755859375,918.1500244140625,918.1500244140625,55583
2026-02-12 09:25:00+05:30,918.0,919.2999877929688,916.2000122070312,916.2999877929688,41421
2026-02-12 09:30:00+05:30,916.2000122070312,917.0,915.0,916.5499877929688,31701
2026-02-12 09:35:00+05:30,917.0999755859375,921.75,916.5499877929688,921.4000244140625,68925
2026-02-12 09:40:00+05:30,921.2000122070312,925.3499755859375,920.9000244140625,924.5,60292
2026-02-12 09:45:00+05:30,924.5999755859375,925.5999755859375,923.5,924.5499877929688,50112
2026-02-12 09:50:00+05:30,924.7999877929688,925.7999877929688,923.7000122070312,923.8499755859375,19699
2026-02-12 09:55:00+05:30,924.0,925.0,923.3499755859375,923.5,21943
2026-02-12 10:00:00+05:30,923.6500244140625,924.5,922.75,924.2999877929688,20259
2026-02-12 10:05:00+05:30,924.25,924.4000244140625,923.0499877929688,924.4000244140625,14995
2026-02-12 10:10:00+05:30,923.8499755859375,924.75,923.0,924.6500244140625,12529
2026-02-12 10:15:00+05:30,924.2000122070312,924.9500122070312,923.5,924.0,18225
2026-02-12 10:20:00+05:30,923.75,925.0499877929688,923.0499877929688,925.0499877929688,10918
2026-02-12 10:25:00+05:30,924.9500122070312,927.1500244140625,924.5999755859375,927.1500244140625,32996
2026-02-12 10:30:00+05:30,927.1500244140625,927.7000122070312,925.6500244140625,926.5,21077
2026-02-12 10:35:00+05:30,926.5,929.2999877929688,925.6500244140625,927.3499755859375,28260
2026-02-12 10:40:00+05:30,927.3499755859375,929.0999755859375,926.8499755859375,928.5999755859375,56182
2026-02-12 10:45:00+05:30,928.4000244140625,930.9000244140625,927.9000244140625,930.9000244140625,63550
2026-02-12 10:50:00+05:30,930.9500122070312,932.0,928.9500122070312,931.7999877929688,68561
2026-02-12 10:55:00+05:30,931.5999755859375,933.5499877929688,929.75,932.2999877929688,84752
2026-02-12 11:00:00+05:30,932.2999877929688,934.25,931.7999877929688,932.7000122070312,53001
2026-02-12 11:05:00+05:30,932.7000122070312,934.5999755859375,932.7000122070312,934.0999755859375,31413
2026-02-12 11:10:00+05:30,934.5,934.5,932.1500244140625,932.7000122070312,20242
2026-02-12 11:15:00+05:30,932.4500122070312,934.0,932.0,932.5999755859375,33730
2026-02-12 11:20:00+05:30,932.7000122070312,934.0,929.9500122070312,930.5,33175
2026-02-12 11:25:00+05:30,930.2000122070312,931.8499755859375,930.0,930.5,14267
2026-02-12 11:30:00+05:30,930.7999877929688,931.7000122070312,929.5,929.6500244140625,16887
2026-02-12 11:35:00+05:30,929.7000122070312,931.0,929.6500244140625,930.5499877929688,10131
2026-02-12 11:40:00+05:30,930.5499877929688,936.0,930.3499755859375,936.0,183510
2026-02-12 11:45:00+05:30,935.9500122070312,936.9500122070312,933.75,934.0,128653
2026-02-12 11:50:00+05:30,933.7999877929688,935.6500244140625,933.7999877929688,934.4500122070312,41353
2026-02-12 11:55:00+05:30,935.0,936.9500122070312,934.8499755859375,936.1500244140625,35975
2026-02-12 12:00:00+05:30,934.4000244140625,934.4000244140625,932.0,932.3499755859375,22283
2026-02-12 12:05:00+05:30,932.0999755859375,933.5,932.0499877929688,932.9500122070312,28061
2026-02-12 12:10:00+05:30,933.2999877929688,933.5999755859375,931.0,931.0999755859375,20394
2026-02-12 12:15:00+05:30,931.5,932.75,931.2000122070312,932.3499755859375,17993
2026-02-12 12:20:00+05:30,931.9000244140625,934.0,931.9000244140625,933.5,9128
2026-02-12 12:25:00+05:30,933.5499877929688,934.75,932.7000122070312,933.5499877929688,14550
2026-02-12 12:30:00+05:30,933.5499877929688,935.6500244140625,933.2999877929688,935.0499877929688,17076
2026-02-12 12:35:00+05:30,934.7999877929688,934.9000244140625,933.2999877929688,934.4000244140625,16236
2026-02-12 12:40:00+05:30,933.9500122070312,935.0499877929688,933.1500244140625,934.25,17808
2026-02-12 12:45:00+05:30,933.9000244140625,935.5,933.9000244140625,935.0,7078
2026-02-12 12:50:00+05:30,935.0499877929688,935.7000122070312,935.0,935.5,12094
2026-02-12 12:55:00+05:30,935.0999755859375,936.75,935.0,936.0,18580
2026-02-12 13:00:00+05:30,936.2000122070312,936.25,934.5999755859375,935.0499877929688,10274
2026-02-12 13:05:00+05:30,934.7999877929688,935.0,933.2000122070312,933.4000244140625,6939
2026-02-12 13:10:00+05:30,933.4000244140625,933.7999877929688,932.2000122070312,932.2999877929688,5442
2026-02-12 13:15:00+05:30,932.25,934.3499755859375,932.25,934.1500244140625,15400
2026-02-12 13:20:00+05:30,934.0999755859375,934.3499755859375,933.0999755859375,933.6500244140625,16016
2026-02-12 13:25:00+05:30,934.0999755859375,934.0999755859375,933.0,933.0499877929688,9170
2026-02-12 13:30:00+05:30,933.0499877929688,934.2000122070312,933.0499877929688,933.8499755859375,9097
2026-02-12 13:35:00+05:30,934.2000122070312,935.0,934.0,934.9000244140625,13115
2026-02-12 13:40:00+05:30,934.7999877929688,935.4000244140625,934.4500122070312,934.75,16679
2026-02-12 13:45:00+05:30,934.5499877929688,935.5,933.7000122070312,934.75,15446
2026-02-12 13:50:00+05:30,934.75,935.1500244140625,931.2999877929688,931.5,29186
2026-02-12 13:55:00+05:30,931.5,932.5999755859375,931.5,932.2000122070312,9157
2026-02-12 14:00:00+05:30,932.3499755859375,932.7999877929688,931.2999877929688,931.4500122070312,11122
2026-02-12 14:05:00+05:30,931.5,931.5999755859375,931.0,931.0999755859375,9816
2026-02-12 14:10:00+05:30,931.25,931.25,930.0499877929688,930.0999755859375,24730
2026-02-12 14:15:00+05:30,930.0999755859375,930.4000244140625,929.4500122070312,929.9000244140625,16655
2026-02-12 14:20:00+05:30,929.5499877929688,929.9000244140625,928.5,929.5,51598
2026-02-12 14:25:00+05:30,929.5,929.5,926.2999877929688,927.5,69091
2026-02-12 14:30:00+05:30,927.5999755859375,929.2000122070312,927.5,928.7000122070312,38865
2026-02-12 14:35:00+05:30,928.4500122070312,929.0499877929688,928.1500244140625,928.5499877929688,47714
2026-02-12 14:40:00+05:30,928.5499877929688,928.6500244140625,925.3499755859375,925.7999877929688,86639
2026-02-12 14:45:00+05:30,925.7000122070312,925.8499755859375,923.0999755859375,924.0,51763
2026-02-12 14:50:00+05:30,923.7000122070312,924.9500122070312,923.25,923.75,42740
2026-02-12 14:55:00+05:30,924.2999877929688,925.1500244140625,923.7000122070312,924.5999755859375,95216
2026-02-12 15:00:00+05:30,924.5999755859375,926.2000122070312,923.5999755859375,923.7999877929688,139916
2026-02-12 15:05:00+05:30,923.7999877929688,924.1500244140625,921.7000122070312,922.0499877929688,77857
2026-02-12 15:10:00+05:30,922.0499877929688,922.75,921.0,921.4000244140625,81329
2026-02-12 15:15:00+05:30,921.7999877929688,922.5,920.7000122070312,922.5,104521
2026-02-12 15:20:00+05:30,922.2000122070312,922.5,920.5999755859375,921.6500244140625,124400
2026-02-12 15:25:00+05:30,921.7000122070312,923.5999755859375,920.4500122070312,922.7000122070312,102631
2026-02-13 09:20:00+05:30,917.4000244140625,917.4500122070312,913.8499755859375,915.6500244140625,30724
2026-02-13 09:25:00+05:30,915.6500244140625,916.5999755859375,913.0,913.2999877929688,30054
2026-02-13 09:30:00+05:30,913.25,913.3499755859375,908.6500244140625,908.7000122070312,41873
2026-02-13 09:35:00+05:30,908.4000244140625,909.5,907.0499877929688,907.2000122070312,33420
2026-02-13 09:40:00+05:30,907.7999877929688,911.0,906.5999755859375,910.0,27119
2026-02-13 09:45:00+05:30,909.5499877929688,910.9000244140625,908.9000244140625,909.5,23228
2026-02-13 09:50:00+05:30,909.5,911.7000122070312,909.0,911.4500122070312,9456
2026-02-13 09:55:00+05:30,911.2999877929688,913.1500244140625,911.2999877929688,912.0499877929688,19340
2026-02-13 10:00:00+05:30,912.0499877929688,913.5499877929688,911.1500244140625,912.9500122070312,28743
2026-02-13 10:05:00+05:30,912.7999877929688,912.9500122070312,910.0,910.1500244140625,14464
2026-02-13 10:10:00+05:30,910.1500244140625,910.1500244140625,908.0999755859375,908.5499877929688,19244
2026-02-13 10:15:00+05:30,908.0499877929688,908.2000122070312,905.4500122070312,906.75,37952
2026-02-13 10:20:00+05:30,906.9500122070312,907.2999877929688,905.7000122070312,906.9000244140625,18698
2026-02-13 10:25:00+05:30,906.9000244140625,908.2000122070312,906.7999877929688,907.8499755859375,11143
2026-02-13 10:30:00+05:30,907.5999755859375,909.9000244140625,907.5999755859375,909.75,18220
2026-02-13 10:35:00+05:30,909.7000122070312,912.75,909.25,911.5,21989
2026-02-13 10:40:00+05:30,911.5,912.4500122070312,910.4000244140625,910.8499755859375,13380
2026-02-13 10:45:00+05:30,910.8499755859375,911.0,909.0499877929688,909.0499877929688,26025
2026-02-13 10:50:00+05:30,909.3499755859375,911.0,908.5499877929688,909.9000244140625,20194
2026-02-13 10:55:00+05:30,909.9500122070312,910.3499755859375,908.5,909.4500122070312,21503
2026-02-13 11:00:00+05:30,909.3499755859375,909.3499755859375,903.4000244140625,904.0,87226
2026-02-13 11:05:00+05:30,903.5,905.6500244140625,903.5,905.0,35432
2026-02-13 11:10:00+05:30,904.9500122070312,906.3499755859375,904.5499877929688,906.3499755859375,14031
2026-02-13 11:15:00+05:30,906.0499877929688,906.4500122070312,904.5499877929688,904.7000122070312,14794
2026-02-13 11:20:00+05:30,904.7999877929688,905.7000122070312,904.0499877929688,904.75,22670
2026-02-13 11:25:00+05:30,904.75,907.0,904.5499877929688,906.2999877929688,23656
2026-02-13 11:30:00+05:30,906.2999877929688,906.6500244140625,905.75,906.0499877929688,10715
2026-02-13 11:35:00+05:30,905.7999877929688,907.0,903.5999755859375,906.2000122070312,23009
2026-02-13 11:40:00+05:30,906.4500122070312,906.9000244140625,904.9000244140625,906.7999877929688,10759
2026-02-13 11:45:00+05:30,906.7000122070312,908.5999755859375,906.5499877929688,907.5499877929688,24461
2026-02-13 11:50:00+05:30,907.7000122070312,909.9000244140625,906.75,909.5,27623
2026-02-13 11:55:00+05:30,909.75,910.4000244140625,909.0,910.25,17299
2026-02-13 12:00:00+05:30,910.6500244140625,912.5999755859375,910.6500244140625,912.4000244140625,30129
2026-02-13 12:05:00+05:30,912.3499755859375,913.75,912.25,912.9500122070312,16113
2026-02-13 12:10:00+05:30,913.1500244140625,915.9000244140625,912.9500122070312,915.9000244140625,25868
2026-02-13 12:15:00+05:30,915.8499755859375,916.2999877929688,914.6500244140625,915.4000244140625,9975
2026-02-13 12:20:00+05:30,915.4000244140625,918.5,915.4000244140625,918.25,35120
2026-02-13 12:25:00+05:30,918.5,920.8499755859375,917.6500244140625,919.5999755859375,52665
2026-02-13 12:30:00+05:30,919.5999755859375,919.75,918.5999755859375,919.75,19478
2026-02-13 12:35:00+05:30,919.5999755859375,919.7999877929688,918.4500122070312,919.0999755859375,26232
2026-02-13 12:40:00+05:30,919.0999755859375,919.1500244140625,918.4500122070312,918.5499877929688,5429
2026-02-13 12:45:00+05:30,917.8499755859375,919.4500122070312,917.2000122070312,917.25,17932
2026-02-13 12:50:00+05:30,917.1500244140625,918.4500122070312,916.8499755859375,918.25,11754
2026-02-13 12:55:00+05:30,918.2000122070312,918.5499877929688,917.0,917.0,7987
2026-02-13 13:00:00+05:30,917.0,917.6500244140625,916.7000122070312,917.5,6383
2026-02-13 13:05:00+05:30,917.5,918.9000244140625,917.0999755859375,918.7000122070312,23072
2026-02-13 13:10:00+05:30,918.7000122070312,919.7000122070312,918.7000122070312,919.4000244140625,12923
2026-02-13 13:15:00+05:30,919.4000244140625,921.5999755859375,918.7000122070312,921.1500244140625,21997
2026-02-13 13:20:00+05:30,921.1500244140625,921.2000122070312,918.9000244140625,920.2000122070312,23566
2026-02-13 13:25:00+05:30,920.1500244140625,921.0,919.7999877929688,920.8499755859375,5274
2026-02-13 13:30:00+05:30,920.75,920.75,919.8499755859375,920.4000244140625,23654
2026-02-13 13:35:00+05:30,920.5499877929688,922.0,920.5499877929688,921.5999755859375,36302
2026-02-13 13:40:00+05:30,921.5499877929688,922.0,921.0499877929688,921.3499755859375,12997
2026-02-13 13:45:00+05:30,921.3499755859375,921.3499755859375,919.0499877929688,919.0499877929688,17318
2026-02-13 13:50:00+05:30,919.25,919.25,918.0,918.5999755859375,13556
2026-02-13 13:55:00+05:30,918.9500122070312,920.0,918.8499755859375,919.8499755859375,18212
2026-02-13 14:00:00+05:30,919.8499755859375,920.7000122070312,918.4000244140625,920.0,13259
2026-02-13 14:05:00+05:30,920.0,922.8499755859375,920.0,922.4000244140625,51267
2026-02-13 14:10:00+05:30,922.4500122070312,923.0,921.9500122070312,922.0499877929688,29574
2026-02-13 14:15:00+05:30,922.5499877929688,922.5499877929688,921.9500122070312,922.5,22424
2026-02-13 14:20:00+05:30,922.2000122070312,923.3499755859375,922.2000122070312,922.7000122070312,22060
2026-02-13 14:25:00+05:30,922.75,923.2999877929688,921.75,922.4000244140625,17448
2026-02-13 14:30:00+05:30,922.5499877929688,922.5499877929688,921.3499755859375,922.0,54346
2026-02-13 14:35:00+05:30,922.0,924.3499755859375,921.7000122070312,924.2000122070312,159213
2026-02-13 14:40:00+05:30,924.25,925.75,923.2000122070312,925.5499877929688,190083
2026-02-13 14:45:00+05:30,925.5499877929688,925.5499877929688,922.6500244140625,922.6500244140625,73681
2026-02-13 14:50:00+05:30,922.5499877929688,925.3499755859375,922.5499877929688,924.9000244140625,71650
2026-02-13 14:55:00+05:30,924.9000244140625,926.7999877929688,924.9000244140625,926.5999755859375,44831
2026-02-13 15:00:00+05:30,926.4500122070312,926.8499755859375,925.0999755859375,926.3499755859375,47401
2026-02-13 15:05:00+05:30,926.3499755859375,926.3499755859375,925.2000122070312,925.5499877929688,21998
2026-02-13 15:10:00+05:30,925.5999755859375,926.1500244140625,925.0499877929688,925.5499877929688,37199
2026-02-13 15:15:00+05:30,925.5,926.75,924.8499755859375,926.2000122070312,191500
2026-02-13 15:20:00+05:30,926.25,926.9000244140625,925.9000244140625,926.6500244140625,150157
2026-02-13 15:25:00+05:30,927.0,929.9500122070312,922.5,926.0499877929688,346730
2026-02-16 09:20:00+05:30,920.5,922.2000122070312,916.25,921.9000244140625,56342
2026-02-16 09:25:00+05:30,921.9500122070312,921.9500122070312,917.9000244140625,918.4000244140625,19099
2026-02-16 09:30:00+05:30,918.0,919.2999877929688,916.2999877929688,916.5,19086
2026-02-16 09:35:00+05:30,916.0,917.2999877929688,915.2000122070312,917.2999877929688,20397
2026-02-16 09:40:00+05:30,917.0,917.0,913.25,913.4500122070312,24498
2026-02-16 09:45:00+05:30,913.7000122070312,914.5999755859375,912.5499877929688,913.0999755859375,41971
2026-02-16 09:50:00+05:30,913.5499877929688,917.25,913.2999877929688,916.7000122070312,33958
2026-02-16 09:55:00+05:30,916.5999755859375,918.4000244140625,916.3499755859375,917.0,28313
2026-02-16 10:00:00+05:30,917.5999755859375,918.0499877929688,917.0,918.0499877929688,9219
2026-02-16 10:05:00+05:30,918.0499877929688,918.4500122070312,916.0999755859375,917.5999755859375,14531
2026-02-16 10:10:00+05:30,917.6500244140625,920.1500244140625,917.6500244140625,919.9500122070312,19627
2026-02-16 10:15:00+05:30,919.9000244140625,920.9000244140625,919.75,920.8499755859375,13332
2026-02-16 10:20:00+05:30,920.25,921.4000244140625,919.2000122070312,921.4000244140625,16732
2026-02-16 10:25:00+05:30,921.0999755859375,922.3499755859375,921.0,922.2999877929688,33376
2026-02-16 10:30:00+05:30,922.25,922.3499755859375,921.0499877929688,921.0999755859375,11647
2026-02-16 10:35:00+05:30,921.0,921.5999755859375,920.2999877929688,920.7999877929688,17327
2026-02-16 10:40:00+05:30,921.25,921.4500122070312,920.5,920.5499877929688,11212
2026-02-16 10:45:00+05:30,921.0,921.8499755859375,920.5,920.5999755859375,8333
2026-02-16 10:50:00+05:30,920.5999755859375,921.5999755859375,920.0,921.4000244140625,11005
2026-02-16 10:55:00+05:30,921.0999755859375,921.3499755859375,920.2999877929688,920.9500122070312,7425
2026-02-16 11:00:00+05:30,920.4500122070312,923.0,920.4500122070312,922.9500122070312,20341
2026-02-16 11:05:00+05:30,923.25,923.2999877929688,921.75,921.9000244140625,7417
2026-02-16 11:10:00+05:30,922.25,922.5,921.2999877929688,921.2999877929688,11278
2026-02-16 11:15:00+05:30,921.4500122070312,923.25,921.4500122070312,923.25,9566
2026-02-16 11:20:00+05:30,923.2000122070312,923.8499755859375,922.4000244140625,923.8499755859375,32250
2026-02-16 11:25:00+05:30,924.0,924.0,921.0,921.4000244140625,30888
2026-02-16 11:30:00+05:30,921.4000244140625,922.0499877929688,920.9500122070312,921.4000244140625,10133
2026-02-16 11:35:00+05:30,921.2999877929688,922.0499877929688,920.75,921.9500122070312,6394
2026-02-16 11:40:00+05:30,921.9500122070312,922.5499877929688,921.2999877929688,922.3499755859375,7529
2026-02-16 11:45:00+05:30,922.0999755859375,924.9000244140625,921.5,923.5,33145
2026-02-16 11:50:00+05:30,923.4500122070312,923.5999755859375,922.4000244140625,922.9000244140625,15053
2026-02-16 11:55:00+05:30,922.9000244140625,924.5,922.7000122070312,924.0499877929688,16387
2026-02-16 12:00:00+05:30,924.4500122070312,924.5,923.0,923.4000244140625,13288
2026-02-16 12:05:00+05:30,923.3499755859375,923.75,921.9000244140625,923.2999877929688,21062
2026-02-16 12:10:00+05:30,923.0,924.0499877929688,922.4500122070312,923.4000244140625,15048
2026-02-16 12:15:00+05:30,923.0,923.5999755859375,922.5,923.5999755859375,8723
2026-02-16 12:20:00+05:30,923.5999755859375,924.5,923.5999755859375,924.4500122070312,13012
2026-02-16 12:25:00+05:30,924.0499877929688,925.5999755859375,924.0499877929688,925.0999755859375,20467
2026-02-16 12:30:00+05:30,925.9000244140625,928.0999755859375,925.5499877929688,927.25,36981
2026-02-16 12:35:00+05:30,927.1500244140625,928.4000244140625,926.5,926.5,13204
2026-02-16 12:40:00+05:30,926.6500244140625,927.7000122070312,926.6500244140625,927.2999877929688,10035
2026-02-16 12:45:00+05:30,927.25,927.4500122070312,926.0499877929688,926.2000122070312,9413
2026-02-16 12:50:00+05:30,926.2000122070312,927.2999877929688,926.2000122070312,927.1500244140625,8727
2026-02-16 12:55:00+05:30,927.1500244140625,927.5,925.5999755859375,926.5499877929688,9926
2026-02-16 13:00:00+05:30,926.5499877929688,927.2999877929688,926.0,926.4000244140625,6822
2026-02-16 13:05:00+05:30,926.4000244140625,927.3499755859375,926.0,926.9000244140625,17190
2026-02-16 13:10:00+05:30,926.7999877929688,928.0,926.7999877929688,927.7999877929688,13955
2026-02-16 13:15:00+05:30,927.7999877929688,928.0,927.0999755859375,927.4500122070312,8251
2026-02-16 13:20:00+05:30,927.4000244140625,927.9500122070312,926.1500244140625,926.9500122070312,35623
2026-02-16 13:25:00+05:30,926.7999877929688,927.5499877929688,926.5,927.25,13658
2026-02-16 13:30:00+05:30,927.4000244140625,930.25,927.0,929.5,37068
2026-02-16 13:35:00+05:30,929.9500122070312,930.25,929.5999755859375,930.0999755859375,22727
2026-02-16 13:40:00+05:30,930.1500244140625,931.8499755859375,929.7000122070312,930.0,378748
2026-02-16 13:45:00+05:30,930.3499755859375,930.5499877929688,928.5,929.3499755859375,48306
2026-02-16 13:50:00+05:30,929.3499755859375,930.7999877929688,928.9500122070312,929.9000244140625,77352
2026-02-16 13:55:00+05:30,929.5,930.0,927.9500122070312,929.0999755859375,17090
2026-02-16 14:00:00+05:30,928.25,929.0999755859375,926.5,927.1500244140625,31550
2026-02-16 14:05:00+05:30,927.1500244140625,927.3499755859375,926.1500244140625,926.8499755859375,16697
2026-02-16 14:10:00+05:30,927.0499877929688,928.6500244140625,926.9000244140625,927.7999877929688,23187
2026-02-16 14:15:00+05:30,927.7999877929688,928.7000122070312,926.6500244140625,927.25,20970
2026-02-16 14:20:00+05:30,927.25,927.7000122070312,926.9000244140625,927.1500244140625,8164
2026-02-16 14:25:00+05:30,927.1500244140625,927.7000122070312,926.9000244140625,927.1500244140625,6809
2026-02-16 14:30:00+05:30,927.0,929.0,926.6500244140625,929.0,14030
2026-02-16 14:35:00+05:30,929.5,929.9000244140625,927.2000122070312,928.0999755859375,11102
2026-02-16 14:40:00+05:30,927.8499755859375,928.25,926.25,928.25,34377
2026-02-16 14:45:00+05:30,929.5499877929688,929.9500122070312,927.7000122070312,929.7000122070312,71662
2026-02-16 14:50:00+05:30,929.7000122070312,929.7000122070312,928.6500244140625,929.2999877929688,15652
2026-02-16 14:55:00+05:30,929.2999877929688,931.75,929.2999877929688,931.75,29097
2026-02-16 15:00:00+05:30,932.1500244140625,932.5499877929688,931.2999877929688,932.0,36516
2026-02-16 15:05:00+05:30,932.3499755859375,933.6500244140625,931.5999755859375,933.0499877929688,44119
2026-02-16 15:10:00+05:30,933.4000244140625,933.5,931.7999877929688,932.2999877929688,29478
2026-02-16 15:15:00+05:30,932.5,932.9000244140625,931.1500244140625,931.7999877929688,48431
2026-02-16 15:20:00+05:30,931.7999877929688,932.0,930.2000122070312,930.9000244140625,42768
2026-02-16 15:25:00+05:30,930.9000244140625,932.0,930.0,931.9000244140625,48899
2026-02-17 09:20:00+05:30,935.4500122070312,939.9500122070312,934.4000244140625,934.4000244140625,124238
2026-02-17 09:25:00+05:30,934.5,937.5999755859375,933.8499755859375,936.0499877929688,66160
2026-02-17 09:30:00+05:30,936.2000122070312,936.5,933.2000122070312,934.3499755859375,32431
2026-02-17 09:35:00+05:30,934.75,944.9000244140625,934.75,944.25,238812
2026-02-17 09:40:00+05:30,944.5,947.2000122070312,944.5,945.2999877929688,121034
2026-02-17 09:45:00+05:30,945.0499877929688,946.0499877929688,942.9000244140625,942.9000244140625,300055
2026-02-17 09:50:00+05:30,942.9500122070312,943.0,939.2999877929688,942.2999877929688,114980
2026-02-17 09:55:00+05:30,942.5,943.9500122070312,940.6500244140625,942.5999755859375,44891
2026-02-17 10:00:00+05:30,942.75,948.9000244140625,942.5999755859375,947.5,409586
2026-02-17 10:05:00+05:30,947.4000244140625,949.0,947.0,948.5,44118
2026-02-17 10:10:00+05:30,948.5,950.7999877929688,945.7000122070312,950.5,576513
2026-02-17 10:15:00+05:30,950.7000122070312,952.1500244140625,949.6500244140625,950.4000244140625,92089
2026-02-17 10:20:00+05:30,950.5499877929688,951.5499877929688,949.0,949.25,59155
2026-02-17 10:25:00+05:30,948.6500244140625,949.4000244140625,948.0,949.0999755859375,81010
2026-02-17 10:30:00+05:30,949.4000244140625,951.7999877929688,948.3499755859375,949.7000122070312,192757
2026-02-17 10:35:00+05:30,949.2000122070312,951.4000244140625,949.2000122070312,951.0499877929688,46462
2026-02-17 10:40:00+05:30,951.2000122070312,951.2000122070312,947.8499755859375,948.25,83665
2026-02-17 10:45:00+05:30,948.5499877929688,949.2000122070312,946.4500122070312,946.4500122070312,54168
2026-02-17 10:50:00+05:30,946.5999755859375,947.0499877929688,945.4500122070312,945.6500244140625,42231
2026-02-17 10:55:00+05:30,945.8499755859375,946.5499877929688,944.25,944.5499877929688,28371
2026-02-17 11:00:00+05:30,944.7999877929688,945.0,944.0999755859375,944.5999755859375,27147
2026-02-17 11:05:00+05:30,944.6500244140625,945.0,944.0499877929688,944.7999877929688,24978
2026-02-17 11:10:00+05:30,944.75,945.4500122070312,943.9000244140625,945.4500122070312,22256
2026-02-17 11:15:00+05:30,945.2000122070312,945.75,944.8499755859375,944.9500122070312,20157
2026-02-17 11:20:00+05:30,944.9500122070312,945.0,944.1500244140625,944.4500122070312,13308
2026-02-17 11:25:00+05:30,944.0999755859375,947.4000244140625,942.2000122070312,945.75,82403
2026-02-17 11:30:00+05:30,945.6500244140625,947.25,945.0499877929688,946.0,72406
2026-02-17 11:35:00+05:30,946.0,950.0,945.0499877929688,945.0499877929688,67598
2026-02-17 11:40:00+05:30,945.0999755859375,946.2000122070312,942.1500244140625,942.5999755859375,107700
2026-02-17 11:45:00+05:30,942.5,943.5,939.7000122070312,939.9500122070312,689936
2026-02-17 11:50:00+05:30,939.4000244140625,945.9500122070312,939.2000122070312,945.1500244140625,78840
2026-02-17 11:55:00+05:30,945.2000122070312,945.25,942.7000122070312,943.5499877929688,21645
2026-02-17 12:00:00+05:30,943.5,943.8499755859375,942.5999755859375,943.0,19904
2026-02-17 12:05:00+05:30,943.0,944.5999755859375,943.0,944.0999755859375,18259
2026-02-17 12:10:00+05:30,944.3499755859375,944.5499877929688,943.7999877929688,944.5,16052
2026-02-17 12:15:00+05:30,944.5,946.7999877929688,943.9500122070312,945.5999755859375,31171
2026-02-17 12:20:00+05:30,945.5999755859375,946.0999755859375,944.7999877929688,944.7999877929688,26417
2026-02-17 12:25:00+05:30,945.3499755859375,945.5,943.6500244140625,943.6500244140625,26910
2026-02-17 12:30:00+05:30,944.4500122070312,945.0999755859375,943.2000122070312,944.5,27392
2026-02-17 12:35:00+05:30,944.5499877929688,944.8499755859375,943.4500122070312,943.5999755859375,17822
2026-02-17 12:40:00+05:30,943.5999755859375,944.0499877929688,943.0999755859375,943.4500122070312,17721
2026-02-17 12:45:00+05:30,943.75,944.0,943.2999877929688,943.7999877929688,14732
2026-02-17 12:50:00+05:30,943.7999877929688,944.5499877929688,943.5999755859375,944.1500244140625,16994
2026-02-17 12:55:00+05:30,944.4500122070312,945.4500122070312,944.0,944.6500244140625,448685
2026-02-17 13:00:00+05:30,945.0,946.1500244140625,944.0,944.4500122070312,25236
2026-02-17 13:05:00+05:30,944.4500122070312,945.75,944.0499877929688,944.5,33233
2026-02-17 13:10:00+05:30,944.3499755859375,944.75,943.75,944.75,51675
2026-02-17 13:15:00+05:30,944.75,945.2999877929688,944.0,944.4000244140625,29902
2026-02-17 13:20:00+05:30,944.4000244140625,944.7999877929688,944.0,944.3499755859375,34917
2026-02-17 13:25:00+05:30,944.3499755859375,944.5499877929688,944.0999755859375,944.5,17449
2026-02-17 13:30:00+05:30,944.5,946.5999755859375,944.4500122070312,946.5,34157
2026-02-17 13:35:00+05:30,946.5999755859375,946.7000122070312,944.0999755859375,944.2999877929688,44478
2026-02-17 13:40:00+05:30,944.5,945.3499755859375,944.1500244140625,944.7999877929688,18023
2026-02-17 13:45:00+05:30,944.6500244140625,944.7000122070312,942.9500122070312,943.1500244140625,32319
2026-02-17 13:50:00+05:30,943.0,943.4500122070312,942.0999755859375,942.0999755859375,24156
2026-02-17 13:55:00+05:30,941.5,941.9500122070312,940.5999755859375,940.8499755859375,23032
2026-02-17 14:00:00+05:30,940.5999755859375,941.9000244140625,940.4500122070312,941.2000122070312,21558
2026-02-17 14:05:00+05:30,941.3499755859375,942.4000244140625,941.0499877929688,941.1500244140625,32808
2026-02-17 14:10:00+05:30,941.0999755859375,941.6500244140625,939.2999877929688,939.7000122070312,38222
2026-02-17 14:15:00+05:30,939.6500244140625,941.2000122070312,939.25,940.4000244140625,18175
2026-02-17 14:20:00+05:30,940.2999877929688,942.0,940.25,941.6500244140625,30882
2026-02-17 14:25:00+05:30,940.7000122070312,941.4000244140625,940.3499755859375,940.7999877929688,37527
2026-02-17 14:30:00+05:30,940.8499755859375,942.0,940.5499877929688,941.25,37093
2026-02-17 14:35:00+05:30,941.7000122070312,942.0,940.7999877929688,942.0,61838
2026-02-17 14:40:00+05:30,941.7000122070312,942.7000122070312,941.2999877929688,941.5999755859375,44023
2026-02-17 14:45:00+05:30,941.5999755859375,942.2000122070312,941.0,941.4500122070312,52764
2026-02-17 14:50:00+05:30,941.2000122070312,941.9500122070312,939.9000244140625,940.5999755859375,54979
2026-02-17 14:55:00+05:30,940.5999755859375,941.6500244140625,940.2999877929688,941.6500244140625,54322
2026-02-17 15:00:00+05:30,942.1500244140625,943.5,942.1500244140625,943.5,73556
2026-02-17 15:05:00+05:30,943.8499755859375,943.9000244140625,943.0,943.5499877929688,99610
2026-02-17 15:10:00+05:30,944.1500244140625,944.25,943.3499755859375,944.0,122230
2026-02-17 15:15:00+05:30,943.9500122070312,944.8499755859375,943.9000244140625,944.1500244140625,156070
2026-02-17 15:20:00+05:30,944.2000122070312,945.0,942.6500244140625,944.0499877929688,174122
2026-02-17 15:25:00+05:30,944.0499877929688,945.0,942.9500122070312,943.7999877929688,86598
2026-02-18 09:20:00+05:30,939.8499755859375,939.8499755859375,936.75,936.8499755859375,31811
2026-02-18 09:25:00+05:30,936.0,939.25,936.0,937.0499877929688,42406
2026-02-18 09:30:00+05:30,937.0999755859375,939.4000244140625,937.0999755859375,937.7999877929688,10765
2026-02-18 09:35:00+05:30,937.75,938.25,937.0499877929688,937.7999877929688,10597
2026-02-18 09:40:00+05:30,937.9500122070312,938.25,937.5,937.5,8549
2026-02-18 09:45:00+05:30,937.5,937.5,934.0999755859375,934.0999755859375,37954
2026-02-18 09:50:00+05:30,934.0499877929688,937.2000122070312,934.0499877929688,935.0,73662
2026-02-18 09:55:00+05:30,935.0,935.75,934.0,934.5,36207
2026-02-18 10:00:00+05:30,934.6500244140625,935.9500122070312,934.0999755859375,935.6500244140625,15341
2026-02-18 10:05:00+05:30,935.7999877929688,936.7999877929688,933.5,935.1500244140625,37130
2026-02-18 10:10:00+05:30,935.75,936.6500244140625,933.2000122070312,934.6500244140625,25078
2026-02-18 10:15:00+05:30,934.5,938.0999755859375,934.0499877929688,938.0999755859375,45803
2026-02-18 10:20:00+05:30,938.2000122070312,940.8499755859375,937.7999877929688,940.75,44449
2026-02-18 10:25:00+05:30,940.4500122070312,940.75,938.3499755859375,939.0499877929688,15690
2026-02-18 10:30:00+05:30,939.4000244140625,942.9000244140625,939.4000244140625,940.0499877929688,41181
2026-02-18 10:35:00+05:30,940.0999755859375,943.9000244140625,939.7999877929688,943.0999755859375,29501
2026-02-18 10:40:00+05:30,943.0,944.0,942.7000122070312,942.7000122070312,414691
2026-02-18 10:45:00+05:30,942.7000122070312,943.0999755859375,941.5999755859375,943.0,15436
2026-02-18 10:50:00+05:30,943.0999755859375,943.7999877929688,942.5499877929688,943.2999877929688,13372
2026-02-18 10:55:00+05:30,943.2999877929688,944.5999755859375,942.5499877929688,944.3499755859375,14159
2026-02-18 11:00:00+05:30,944.5999755859375,944.5999755859375,942.4000244140625,943.3499755859375,19704
2026-02-18 11:05:00+05:30,943.1500244140625,943.5,942.5,943.2999877929688,4748
2026-02-18 11:10:00+05:30,943.2999877929688,943.5999755859375,942.5499877929688,943.2999877929688,8395
2026-02-18 11:15:00+05:30,943.2999877929688,943.4500122070312,942.0999755859375,943.0499877929688,108297
2026-02-18 11:20:00+05:30,943.0499877929688,943.0499877929688,942.0,942.4500122070312,12780
2026-02-18 11:25:00+05:30,942.4000244140625,943.5499877929688,941.6500244140625,943.0999755859375,11600
2026-02-18 11:30:00+05:30,943.1500244140625,943.2999877929688,941.0999755859375,942.0,9344
2026-02-18 11:35:00+05:30,942.25,942.6500244140625,941.0999755859375,942.3499755859375,409943
2026-02-18 11:40:00+05:30,942.25,942.9500122070312,941.75,942.9000244140625,4726
2026-02-18 11:45:00+05:30,942.9000244140625,942.9000244140625,941.5999755859375,941.9000244140625,3429
2026-02-18 11:50:00+05:30,941.9000244140625,942.0499877929688,941.2999877929688,941.7999877929688,2498
2026-02-18 11:55:00+05:30,941.7999877929688,942.2000122070312,940.2999877929688,942.2000122070312,9239
2026-02-18 12:00:00+05:30,942.2999877929688,942.4500122070312,940.9500122070312,941.2000122070312,7540
2026-02-18 12:05:00+05:30,941.5499877929688,942.0,941.0,942.0,3696
2026-02-18 12:10:00+05:30,942.0,942.4000244140625,941.7999877929688,941.8499755859375,3558
2026-02-18 12:15:00+05:30,942.3499755859375,942.4500122070312,941.5,941.9500122070312,2599
2026-02-18 12:20:00+05:30,941.9000244140625,942.7999877929688,941.3499755859375,942.2999877929688,23996
2026-02-18 12:25:00+05:30,942.2999877929688,943.75,942.2999877929688,943.25,23255
2026-02-18 12:30:00+05:30,943.1500244140625,943.1500244140625,941.9500122070312,942.4000244140625,27113
2026-02-18 12:35:00+05:30,942.4000244140625,943.0499877929688,942.2999877929688,942.75,39016
2026-02-18 12:40:00+05:30,942.6500244140625,942.7000122070312,941.3499755859375,942.2000122070312,15726
2026-02-18 12:45:00+05:30,942.2000122070312,942.2999877929688,941.2999877929688,942.0499877929688,14772
2026-02-18 12:50:00+05:30,942.0499877929688,942.25,941.0999755859375,942.2000122070312,16808
2026-02-18 12:55:00+05:30,942.1500244140625,942.3499755859375,941.5,942.0499877929688,14545
2026-02-18 13:00:00+05:30,942.0499877929688,942.5499877929688,941.0999755859375,941.75,14444
2026-02-18 13:05:00+05:30,941.75,942.0,940.9500122070312,941.7000122070312,15612
2026-02-18 13:10:00+05:30,941.5999755859375,943.0499877929688,941.2999877929688,942.0999755859375,228962
2026-02-18 13:15:00+05:30,942.0,942.8499755859375,941.75,942.25,30597
2026-02-18 13:20:00+05:30,941.9000244140625,942.4000244140625,941.7000122070312,942.0,12069
2026-02-18 13:25:00+05:30,942.25,942.2999877929688,940.4000244140625,940.9500122070312,18653
2026-02-18 13:30:00+05:30,940.7000122070312,941.3499755859375,940.5,941.25,14000
2026-02-18 13:35:00+05:30,941.5,941.5999755859375,940.5,941.2999877929688,12829
2026-02-18 13:40:00+05:30,941.4500122070312,941.4500122070312,940.0999755859375,940.7999877929688,18042
2026-02-18 13:45:00+05:30,940.8499755859375,942.2999877929688,938.9500122070312,941.9000244140625,47864
2026-02-18 13:50:00+05:30,941.9500122070312,942.25,940.75,940.75,18594
2026-02-18 13:55:00+05:30,941.25,942.2999877929688,940.7000122070312,942.0499877929688,16680
2026-02-18 14:00:00+05:30,942.0499877929688,942.5,941.6500244140625,942.2999877929688,20493
2026-02-18 14:05:00+05:30,942.25,943.7999877929688,942.0,943.5,32330
2026-02-18 14:10:00+05:30,943.6500244140625,943.75,942.4500122070312,942.9000244140625,22120
2026-02-18 14:15:00+05:30,943.0,943.4000244140625,942.7000122070312,943.25,16099
2026-02-18 14:20:00+05:30,943.25,944.9500122070312,942.9000244140625,944.9500122070312,30554
2026-02-18 14:25:00+05:30,944.8499755859375,945.4000244140625,944.25,944.8499755859375,59457
2026-02-18 14:30:00+05:30,944.9500122070312,945.0,943.4000244140625,943.5,24923
2026-02-18 14:35:00+05:30,943.75,945.75,943.7000122070312,945.0,34837
2026-02-18 14:40:00+05:30,945.0999755859375,947.7000122070312,945.0999755859375,947.3499755859375,435602
2026-02-18 14:45:00+05:30,947.6500244140625,947.75,946.5,947.7000122070312,32423
2026-02-18 14:50:00+05:30,947.7000122070312,949.5999755859375,947.6500244140625,949.0,40561
2026-02-18 14:55:00+05:30,948.75,950.0,946.6500244140625,947.9000244140625,103895
2026-02-18 15:00:00+05:30,947.4500122070312,948.0,946.0,946.4000244140625,45546
2026-02-18 15:05:00+05:30,946.7000122070312,946.7000122070312,945.0499877929688,945.9500122070312,39859
2026-02-18 15:10:00+05:30,945.6500244140625,946.4000244140625,945.5999755859375,945.9500122070312,27302
2026-02-18 15:15:00+05:30,946.2000122070312,946.4000244140625,945.0,945.0,50739
2026-02-18 15:20:00+05:30,944.3499755859375,944.7999877929688,942.25,942.8499755859375,75904
2026-02-18 15:25:00+05:30,942.5999755859375,944.7000122070312,941.5,944.6500244140625,60048
2026-02-19 09:20:00+05:30,937.9500122070312,938.9500122070312,936.4000244140625,937.5,27725
2026-02-19 09:25:00+05:30,937.25,938.5,935.0499877929688,937.0999755859375,27195
2026-02-19 09:30:00+05:30,937.0,937.2999877929688,935.5499877929688,937.0499877929688,10733
2026-02-19 09:35:00+05:30,937.0,939.5499877929688,936.0999755859375,936.0999755859375,20062
2026-02-19 09:40:00+05:30,936.2999877929688,936.5499877929688,935.0999755859375,935.0999755859375,7234
2026-02-19 09:45:00+05:30,935.0999755859375,937.4000244140625,933.5999755859375,936.5999755859375,23118
2026-02-19 09:50:00+05:30,936.8499755859375,936.8499755859375,935.7000122070312,936.1500244140625,8311
2026-02-19 09:55:00+05:30,936.1500244140625,937.1500244140625,935.8499755859375,937.0499877929688,6268
2026-02-19 10:00:00+05:30,938.5,939.5,937.9500122070312,939.4500122070312,48828
2026-02-19 10:05:00+05:30,939.4500122070312,940.75,938.5499877929688,939.5,23217
2026-02-19 10:10:00+05:30,939.2000122070312,940.5499877929688,938.4500122070312,939.0499877929688,11725
2026-02-19 10:15:00+05:30,938.3499755859375,939.1500244140625,937.4500122070312,938.25,34344
2026-02-19 10:20:00+05:30,938.2000122070312,939.4000244140625,937.4500122070312,938.6500244140625,17991
2026-02-19 10:25:00+05:30,938.5999755859375,939.7999877929688,938.2000122070312,939.7999877929688,7978
2026-02-19 10:30:00+05:30,939.7999877929688,940.4000244140625,939.0999755859375,939.25,7976
2026-02-19 10:35:00+05:30,939.0,940.7999877929688,937.9500122070312,938.0,483114
2026-02-19 10:40:00+05:30,937.9500122070312,938.75,935.6500244140625,935.6500244140625,17641
2026-02-19 10:45:00+05:30,935.5999755859375,936.5999755859375,934.4000244140625,934.5,22261
2026-02-19 10:50:00+05:30,934.7999877929688,938.5,934.4000244140625,938.2000122070312,9355
2026-02-19 10:55:00+05:30,938.4000244140625,940.9000244140625,938.0999755859375,940.0499877929688,29251
2026-02-19 11:00:00+05:30,940.3499755859375,940.7999877929688,939.0,939.9500122070312,454443
2026-02-19 11:05:00+05:30,940.1500244140625,940.1500244140625,937.5999755859375,938.2999877929688,8998
2026-02-19 11:10:00+05:30,938.3499755859375,939.6500244140625,937.5499877929688,938.4000244140625,15843
2026-02-19 11:15:00+05:30,937.9500122070312,938.7000122070312,937.4000244140625,937.5,11202
2026-02-19 11:20:00+05:30,937.5999755859375,938.0,936.9000244140625,937.7000122070312,11553
2026-02-19 11:25:00+05:30,937.5999755859375,939.25,937.25,937.9000244140625,29290
2026-02-19 11:30:00+05:30,937.8499755859375,938.2999877929688,937.0,937.25,13385
2026-02-19 11:35:00+05:30,937.25,937.5499877929688,935.7000122070312,937.1500244140625,20804
2026-02-19 11:40:00+05:30,937.1500244140625,937.5,936.75,937.5,15080
2026-02-19 11:45:00+05:30,937.5499877929688,938.4500122070312,937.2000122070312,937.2000122070312,14255
2026-02-19 11:50:00+05:30,937.5,938.6500244140625,936.4500122070312,938.5999755859375,14962
2026-02-19 11:55:00+05:30,938.3499755859375,939.7999877929688,938.3499755859375,939.5999755859375,13430
2026-02-19 12:00:00+05:30,939.75,939.75,939.0499877929688,939.5,11861
2026-02-19 12:05:00+05:30,939.6500244140625,941.4000244140625,939.4000244140625,939.9000244140625,21656
2026-02-19 12:10:00+05:30,939.9500122070312,940.0499877929688,937.7000122070312,938.0,17157
2026-02-19 12:15:00+05:30,937.9500122070312,938.5999755859375,936.9000244140625,937.7999877929688,21695
2026-02-19 12:20:00+05:30,938.0499877929688,939.0999755859375,937.1500244140625,937.6500244140625,18010
2026-02-19 12:25:00+05:30,937.7000122070312,938.3499755859375,937.0,937.5,38231
2026-02-19 12:30:00+05:30,937.5,938.0999755859375,937.0499877929688,938.0499877929688,21378
2026-02-19 12:35:00+05:30,937.9500122070312,937.9500122070312,934.1500244140625,934.7000122070312,31062
2026-02-19 12:40:00+05:30,934.5999755859375,934.6500244140625,931.2999877929688,931.5999755859375,49552
2026-02-19 12:45:00+05:30,931.9000244140625,933.4000244140625,931.4000244140625,933.4000244140625,22064
2026-02-19 12:50:00+05:30,933.4000244140625,933.5499877929688,931.9500122070312,932.4000244140625,49353
2026-02-19 12:55:00+05:30,932.4000244140625,932.7000122070312,931.7000122070312,932.4500122070312,20958
2026-02-19 13:00:00+05:30,932.3499755859375,934.0,931.75,933.9500122070312,12557
2026-02-19 13:05:00+05:30,933.9000244140625,935.7999877929688,933.7000122070312,935.7999877929688,21463
2026-02-19 13:10:00+05:30,935.7999877929688,936.5999755859375,935.0499877929688,935.9500122070312,11606
2026-02-19 13:15:00+05:30,935.9000244140625,935.9000244140625,933.25,934.0499877929688,16033
2026-02-19 13:20:00+05:30,934.0999755859375,934.1500244140625,932.7999877929688,934.0499877929688,11810
2026-02-19 13:25:00+05:30,934.1500244140625,934.5,933.0,934.2999877929688,13170
2026-02-19 13:30:00+05:30,933.75,934.2999877929688,932.7999877929688,934.0,11255
2026-02-19 13:35:00+05:30,933.7999877929688,934.2000122070312,933.25,933.5499877929688,10486
2026-02-19 13:40:00+05:30,933.9500122070312,935.6500244140625,933.5499877929688,934.7999877929688,13289
2026-02-19 13:45:00+05:30,934.8499755859375,935.5499877929688,934.2999877929688,934.2999877929688,23240
2026-02-19 13:50:00+05:30,934.7999877929688,935.3499755859375,933.9000244140625,934.9500122070312,12641
2026-02-19 13:55:00+05:30,935.25,935.5999755859375,933.5999755859375,933.5999755859375,13258
2026-02-19 14:00:00+05:30,933.8499755859375,934.7999877929688,932.4000244140625,933.0999755859375,14169
2026-02-19 14:05:00+05:30,933.0999755859375,934.1500244140625,932.7000122070312,934.1500244140625,13412
2026-02-19 14:10:00+05:30,934.1500244140625,934.9000244140625,932.5,934.4500122070312,14189
2026-02-19 14:15:00+05:30,934.9000244140625,935.8499755859375,934.2999877929688,935.75,10837
2026-02-19 14:20:00+05:30,935.5,936.25,934.9000244140625,935.2999877929688,20381
2026-02-19 14:25:00+05:30,935.0999755859375,935.5999755859375,932.5999755859375,932.7000122070312,11564
2026-02-19 14:30:00+05:30,932.7999877929688,934.0999755859375,932.7999877929688,933.7000122070312,11692
2026-02-19 14:35:00+05:30,933.5,934.4500122070312,932.6500244140625,933.75,18695
2026-02-19 14:40:00+05:30,933.7999877929688,933.9000244140625,930.7000122070312,930.8499755859375,20854
2026-02-19 14:45:00+05:30,930.7999877929688,932.1500244140625,929.25,932.1500244140625,47698
2026-02-19 14:50:00+05:30,932.4000244140625,932.6500244140625,930.7999877929688,932.0,40183
2026-02-19 14:55:00+05:30,932.2000122070312,933.25,931.1500244140625,931.1500244140625,54670
2026-02-19 15:00:00+05:30,931.0,931.0499877929688,929.5499877929688,930.4000244140625,47623
2026-02-19 15:05:00+05:30,930.75,930.7999877929688,928.4500122070312,929.7999877929688,46428
2026-02-19 15:10:00+05:30,929.9500122070312,930.0,927.7000122070312,927.9500122070312,52358
2026-02-19 15:15:00+05:30,928.4000244140625,928.4000244140625,926.5,926.75,58517
2026-02-19 15:20:00+05:30,926.8499755859375,927.25,923.7999877929688,925.6500244140625,93603
2026-02-19 15:25:00+05:30,925.25,928.6500244140625,925.0,928.6500244140625,53603
2026-02-20 09:20:00+05:30,938.9500122070312,944.25,934.0499877929688,939.0999755859375,602080
2026-02-20 09:25:00+05:30,938.7000122070312,946.0999755859375,936.2000122070312,940.8499755859375,233296
2026-02-20 09:30:00+05:30,940.7000122070312,945.7999877929688,938.0499877929688,944.1500244140625,1221304
2026-02-20 09:35:00+05:30,944.0999755859375,944.3499755859375,937.4500122070312,937.5,968202
2026-02-20 09:40:00+05:30,937.1500244140625,945.75,936.2000122070312,943.0999755859375,153585
2026-02-20 09:45:00+05:30,943.0999755859375,947.75,943.0999755859375,945.9000244140625,222351
2026-02-20 09:50:00+05:30,945.8499755859375,947.0,940.5999755859375,940.5999755859375,183521
2026-02-20 09:55:00+05:30,940.5999755859375,942.9000244140625,938.8499755859375,940.3499755859375,149843
2026-02-20 10:00:00+05:30,940.3499755859375,941.4500122070312,936.3499755859375,937.5999755859375,187901
2026-02-20 10:05:00+05:30,936.9500122070312,942.0,936.8499755859375,940.0,64866
2026-02-20 10:10:00+05:30,940.0,940.7999877929688,936.1500244140625,937.3499755859375,27234
2026-02-20 10:15:00+05:30,937.0999755859375,939.5499877929688,936.7000122070312,938.7999877929688,17962
2026-02-20 10:20:00+05:30,938.4500122070312,939.0,936.5,936.5,28754
2026-02-20 10:25:00+05:30,936.5499877929688,938.0499877929688,936.0999755859375,936.9000244140625,27140
2026-02-20 10:30:00+05:30,937.25,938.75,936.9000244140625,938.4000244140625,26074
2026-02-20 10:35:00+05:30,938.5999755859375,938.5999755859375,936.75,938.1500244140625,57354
2026-02-20 10:40:00+05:30,938.0,939.9500122070312,937.5,937.8499755859375,29822
2026-02-20 10:45:00+05:30,937.8499755859375,939.9500122070312,937.8499755859375,939.7999877929688,24941
2026-02-20 10:50:00+05:30,939.5999755859375,939.8499755859375,937.2999877929688,937.4000244140625,10697
2026-02-20 10:55:00+05:30,937.4000244140625,938.9000244140625,937.1500244140625,937.7999877929688,10325
2026-02-20 11:00:00+05:30,937.7999877929688,938.4000244140625,936.5999755859375,937.25,10644
2026-02-20 11:05:00+05:30,937.25,938.1500244140625,936.3499755859375,937.0999755859375,14908
2026-02-20 11:10:00+05:30,937.0999755859375,937.0999755859375,932.75,934.0,56859
2026-02-20 11:15:00+05:30,933.8499755859375,935.2000122070312,933.8499755859375,935.0,13956
2026-02-20 11:20:00+05:30,935.0,936.25,935.0,935.4500122070312,9182
2026-02-20 11:25:00+05:30,935.0999755859375,935.9000244140625,934.2999877929688,935.5999755859375,21961
2026-02-20 11:30:00+05:30,935.1500244140625,935.9500122070312,934.2999877929688,935.75,34468
2026-02-20 11:35:00+05:30,935.5999755859375,935.5999755859375,934.2000122070312,934.5,8878
2026-02-20 11:40:00+05:30,934.2999877929688,935.4000244140625,933.7000122070312,933.7000122070312,11112
2026-02-20 11:45:00+05:30,933.5,934.4000244140625,930.5,931.5999755859375,128959
2026-02-20 11:50:00+05:30,931.5999755859375,932.5,930.4500122070312,930.5499877929688,52185
2026-02-20 11:55:00+05:30,930.6500244140625,931.9500122070312,930.1500244140625,930.75,10995
2026-02-20 12:00:00+05:30,930.7000122070312,931.4500122070312,929.1500244140625,931.3499755859375,23815
2026-02-20 12:05:00+05:30,931.3499755859375,931.3499755859375,929.5,929.5,7193
2026-02-20 12:10:00+05:30,930.25,930.5999755859375,929.5,930.0999755859375,13845
2026-02-20 12:15:00+05:30,930.5999755859375,933.5999755859375,929.5,932.9500122070312,21414
2026-02-20 12:20:00+05:30,932.7000122070312,933.7000122070312,930.9000244140625,932.0,18042
2026-02-20 12:25:00+05:30,932.25,933.0,930.9000244140625,931.6500244140625,14481
2026-02-20 12:30:00+05:30,931.6500244140625,933.3499755859375,931.4000244140625,931.7000122070312,28190
2026-02-20 12:35:00+05:30,931.8499755859375,932.7000122070312,931.5,932.2000122070312,21263
2026-02-20 12:40:00+05:30,932.2000122070312,933.2000122070312,931.5,932.0,18706
2026-02-20 12:45:00+05:30,931.7999877929688,932.0,929.8499755859375,930.4000244140625,22187
2026-02-20 12:50:00+05:30,930.0,931.0999755859375,929.7000122070312,930.1500244140625,11838
2026-02-20 12:55:00+05:30,930.1500244140625,930.1500244140625,927.3499755859375,928.4500122070312,21986
2026-02-20 13:00:00+05:30,928.4500122070312,929.3499755859375,927.0999755859375,927.4000244140625,16478
2026-02-20 13:05:00+05:30,927.3499755859375,927.3499755859375,925.7999877929688,925.7999877929688,32552
2026-02-20 13:10:00+05:30,925.7999877929688,926.0,923.6500244140625,924.0999755859375,32786
2026-02-20 13:15:00+05:30,924.5,925.4500122070312,922.7000122070312,925.4500122070312,34280
2026-02-20 13:20:00+05:30,925.75,927.2000122070312,925.0999755859375,927.1500244140625,10244
2026-02-20 13:25:00+05:30,926.8499755859375,929.9500122070312,926.5,929.0999755859375,26338
2026-02-20 13:30:00+05:30,929.1500244140625,930.0,928.7000122070312,929.6500244140625,11525
2026-02-20 13:35:00+05:30,929.6500244140625,930.9000244140625,929.4000244140625,929.4000244140625,14019
2026-02-20 13:40:00+05:30,928.4000244140625,929.25,927.3499755859375,928.7999877929688,17724
2026-02-20 13:45:00+05:30,928.7000122070312,929.75,928.6500244140625,929.5999755859375,11890
2026-02-20 13:50:00+05:30,929.6500244140625,929.8499755859375,927.9500122070312,927.9500122070312,14561
2026-02-20 13:55:00+05:30,927.9500122070312,929.5,927.5,929.1500244140625,9655
2026-02-20 14:00:00+05:30,929.4500122070312,929.9500122070312,928.8499755859375,929.0999755859375,14504
2026-02-20 14:05:00+05:30,929.0999755859375,930.7000122070312,928.4000244140625,929.9500122070312,20449
2026-02-20 14:10:00+05:30,930.5999755859375,930.5999755859375,928.7999877929688,929.0499877929688,10069
2026-02-20 14:15:00+05:30,929.5,929.5,928.0,928.0999755859375,9207
2026-02-20 14:20:00+05:30,928.0999755859375,928.0999755859375,927.0,927.2999877929688,11395
2026-02-20 14:25:00+05:30,927.2999877929688,929.5,926.7999877929688,928.2999877929688,49005
2026-02-20 14:30:00+05:30,928.2999877929688,929.5,928.0,928.25,11582
2026-02-20 14:35:00+05:30,928.25,928.7000122070312,926.2000122070312,926.75,47337
2026-02-20 14:40:00+05:30,926.75,927.3499755859375,925.75,927.0999755859375,16743
2026-02-20 14:45:00+05:30,927.0999755859375,929.5,926.25,929.5,17841
2026-02-20 14:50:00+05:30,929.5,929.5,926.75,927.9000244140625,18290
2026-02-20 14:55:00+05:30,927.9000244140625,929.5,927.4000244140625,929.5,19182
2026-02-20 15:00:00+05:30,929.8499755859375,931.4500122070312,927.9500122070312,928.0499877929688,61579
2026-02-20 15:05:00+05:30,927.9000244140625,928.0499877929688,925.2999877929688,926.7000122070312,64466
2026-02-20 15:10:00+05:30,926.7000122070312,926.9000244140625,924.1500244140625,925.2000122070312,81083
2026-02-20 15:15:00+05:30,925.7000122070312,926.5499877929688,924.5,924.5,75998
2026-02-20 15:20:00+05:30,925.0499877929688,926.3499755859375,924.0,925.9000244140625,92975
2026-02-20 15:25:00+05:30,926.2999877929688,926.8499755859375,924.3499755859375,924.7000122070312,109602
2026-02-23 09:20:00+05:30,929.9500122070312,934.5499877929688,929.0,930.4000244140625,130184
2026-02-23 09:25:00+05:30,930.25,930.9000244140625,926.4000244140625,929.0,58740
2026-02-23 09:30:00+05:30,929.0,929.0999755859375,925.2999877929688,925.2999877929688,97648
2026-02-23 09:35:00+05:30,925.0999755859375,931.5999755859375,925.0999755859375,929.75,98722
2026-02-23 09:40:00+05:30,929.5499877929688,929.5499877929688,924.25,924.5499877929688,101134
2026-02-23 09:45:00+05:30,924.5,925.6500244140625,924.2999877929688,925.6500244140625,31928
2026-02-23 09:50:00+05:30,925.5999755859375,928.7999877929688,923.2000122070312,923.8499755859375,122821
2026-02-23 09:55:00+05:30,923.3499755859375,923.4000244140625,919.7000122070312,920.6500244140625,58990
2026-02-23 10:00:00+05:30,920.5499877929688,923.9000244140625,920.0999755859375,921.5999755859375,30368
2026-02-23 10:05:00+05:30,921.25,923.0499877929688,921.0,921.6500244140625,34220
2026-02-23 10:10:00+05:30,921.4500122070312,922.5,917.6500244140625,918.1500244140625,95681
2026-02-23 10:15:00+05:30,918.9500122070312,922.5,918.9500122070312,922.5,453555
2026-02-23 10:20:00+05:30,922.2999877929688,923.0,920.6500244140625,922.0499877929688,261428
2026-02-23 10:25:00+05:30,921.7000122070312,921.7000122070312,918.7000122070312,921.1500244140625,91138
2026-02-23 10:30:00+05:30,920.8499755859375,921.0,919.0499877929688,919.2999877929688,35375
2026-02-23 10:35:00+05:30,919.2999877929688,920.0,917.7000122070312,918.2000122070312,36940
2026-02-23 10:40:00+05:30,918.0999755859375,918.2000122070312,914.0,914.75,35393
2026-02-23 10:45:00+05:30,914.7999877929688,915.25,912.7999877929688,915.2000122070312,46467
2026-02-23 10:50:00+05:30,915.0,917.7000122070312,915.0,915.9000244140625,20061
2026-02-23 10:55:00+05:30,916.1500244140625,920.0,916.1500244140625,919.5999755859375,33429
2026-02-23 11:00:00+05:30,919.5999755859375,919.5999755859375,918.7000122070312,919.2000122070312,21865
2026-02-23 11:05:00+05:30,919.0,919.25,918.0499877929688,919.0499877929688,18833
2026-02-23 11:10:00+05:30,919.0,920.0,918.25,920.0,10474
2026-02-23 11:15:00+05:30,920.0,920.0,918.0,918.5499877929688,114893
2026-02-23 11:20:00+05:30,918.75,919.0,915.7999877929688,916.0,45379
2026-02-23 11:25:00+05:30,915.8499755859375,917.9500122070312,915.5999755859375,916.2000122070312,17926
2026-02-23 11:30:00+05:30,916.2000122070312,916.6500244140625,915.3499755859375,916.1500244140625,11764
2026-02-23 11:35:00+05:30,916.1500244140625,917.4000244140625,915.9000244140625,916.5,18694
2026-02-23 11:40:00+05:30,916.4500122070312,916.6500244140625,913.9000244140625,914.5,30300
2026-02-23 11:45:00+05:30,914.5,915.0,914.25,914.6500244140625,23041
2026-02-23 11:50:00+05:30,914.6500244140625,915.0,913.4500122070312,914.5,117656
2026-02-23 11:55:00+05:30,914.5,915.0,913.5999755859375,914.5499877929688,23223
2026-02-23 12:00:00+05:30,914.5499877929688,917.0,913.5,917.0,89342
2026-02-23 12:05:00+05:30,917.2000122070312,918.9000244140625,915.9000244140625,918.25,63875
2026-02-23 12:10:00+05:30,918.0999755859375,918.7000122070312,915.6500244140625,916.0999755859375,14778
2026-02-23 12:15:00+05:30,916.0499877929688,916.75,916.0499877929688,916.2000122070312,9085
2026-02-23 12:20:00+05:30,916.1500244140625,916.7999877929688,914.7999877929688,915.6500244140625,129520
2026-02-23 12:25:00+05:30,915.6500244140625,916.0,914.1500244140625,914.5499877929688,17612
2026-02-23 12:30:00+05:30,914.4500122070312,914.4500122070312,912.25,914.3499755859375,46929
2026-02-23 12:35:00+05:30,914.4000244140625,915.4500122070312,914.0499877929688,915.0,14077
2026-02-23 12:40:00+05:30,915.0,917.4000244140625,914.7000122070312,917.4000244140625,32158
2026-02-23 12:45:00+05:30,917.0499877929688,918.5999755859375,916.0999755859375,916.2000122070312,29547
2026-02-23 12:50:00+05:30,916.0999755859375,916.9500122070312,915.2999877929688,916.7999877929688,34359
2026-02-23 12:55:00+05:30,916.4500122070312,916.5499877929688,914.75,915.0,50790
2026-02-23 13:00:00+05:30,914.9500122070312,915.0,913.9000244140625,914.0,19157
2026-02-23 13:05:00+05:30,914.0,916.4500122070312,914.0,915.7000122070312,33024
2026-02-23 13:10:00+05:30,915.5,916.3499755859375,915.0499877929688,915.5,12630
2026-02-23 13:15:00+05:30,915.5,916.0999755859375,914.3499755859375,915.5499877929688,82469
2026-02-23 13:20:00+05:30,915.5,916.4500122070312,914.9000244140625,916.4000244140625,43284
2026-02-23 13:25:00+05:30,916.3499755859375,917.6500244140625,916.0,917.4000244140625,14781
2026-02-23 13:30:00+05:30,917.3499755859375,917.7999877929688,916.4000244140625,917.0,15355
2026-02-23 13:35:00+05:30,916.9500122070312,918.5,916.7000122070312,918.4500122070312,14376
2026-02-23 13:40:00+05:30,918.0,918.75,917.2000122070312,918.4000244140625,16238
2026-02-23 13:45:00+05:30,918.2000122070312,918.9000244140625,917.5,917.9000244140625,31242
2026-02-23 13:50:00+05:30,917.7999877929688,918.75,917.4000244140625,918.5,17445
2026-02-23 13:55:00+05:30,918.4000244140625,919.6500244140625,917.9500122070312,919.4500122070312,22563
2026-02-23 14:00:00+05:30,919.3499755859375,919.4000244140625,914.7999877929688,915.7999877929688,45271
2026-02-23 14:05:00+05:30,915.9500122070312,917.0,915.25,915.7999877929688,10842
2026-02-23 14:10:00+05:30,915.75,916.0,915.25,915.75,10253
2026-02-23 14:15:00+05:30,915.7000122070312,916.7999877929688,915.5,916.7000122070312,18831
2026-02-23 14:20:00+05:30,916.75,917.0999755859375,916.0499877929688,916.0999755859375,21150
2026-02-23 14:25:00+05:30,916.1500244140625,917.5,914.2000122070312,917.5,20285
2026-02-23 14:30:00+05:30,917.8499755859375,918.9500122070312,916.3499755859375,916.5,16993
2026-02-23 14:35:00+05:30,916.5,916.5499877929688,915.0499877929688,915.1500244140625,17987
2026-02-23 14:40:00+05:30,915.1500244140625,916.75,914.4500122070312,916.0499877929688,40312
2026-02-23 14:45:00+05:30,916.0499877929688,917.25,915.5999755859375,917.0999755859375,41663
2026-02-23 14:50:00+05:30,916.9500122070312,917.4000244140625,916.5499877929688,917.1500244140625,34622
2026-02-23 14:55:00+05:30,917.0999755859375,918.2999877929688,916.7000122070312,917.6500244140625,82895
2026-02-23 15:00:00+05:30,918.5,920.7000122070312,917.6500244140625,920.0,91001
2026-02-23 15:05:00+05:30,920.0999755859375,920.5,918.9000244140625,919.2999877929688,66786
2026-02-23 15:10:00+05:30,919.2000122070312,921.7000122070312,919.1500244140625,921.0,71575
2026-02-23 15:15:00+05:30,921.0,922.5499877929688,920.1500244140625,920.1500244140625,65633
2026-02-23 15:20:00+05:30,919.0,920.7000122070312,916.75,920.6500244140625,147872
2026-02-23 15:25:00+05:30,920.6500244140625,922.0,919.0,920.0,77158
2026-02-24 09:20:00+05:30,914.2999877929688,919.0,913.6500244140625,917.0499877929688,62878
2026-02-24 09:25:00+05:30,917.0499877929688,917.5499877929688,915.0,915.2999877929688,25329
2026-02-24 09:30:00+05:30,915.8499755859375,917.0,914.7000122070312,915.7000122070312,23156
2026-02-24 09:35:00+05:30,916.0,917.0999755859375,915.9500122070312,916.5,17766
2026-02-24 09:40:00+05:30,916.2000122070312,916.9000244140625,915.5999755859375,916.8499755859375,10075
2026-02-24 09:45:00+05:30,917.25,921.0,917.25,920.25,29941
2026-02-24 09:50:00+05:30,921.0,921.25,920.0,920.9000244140625,37524
2026-02-24 09:55:00+05:30,921.25,921.5,920.2000122070312,920.5999755859375,37968
2026-02-24 10:00:00+05:30,920.7999877929688,923.0,920.7999877929688,922.5499877929688,61098
2026-02-24 10:05:00+05:30,922.5999755859375,926.7000122070312,922.5499877929688,925.9500122070312,81795
2026-02-24 10:10:00+05:30,926.5499877929688,927.2999877929688,925.25,925.7999877929688,78253
2026-02-24 10:15:00+05:30,925.7999877929688,926.0,923.9500122070312,925.75,49834
2026-02-24 10:20:00+05:30,925.5999755859375,926.4000244140625,925.0,925.6500244140625,46319
2026-02-24 10:25:00+05:30,925.5999755859375,926.4000244140625,924.0,925.4000244140625,76900
2026-02-24 10:30:00+05:30,925.2000122070312,925.4000244140625,924.1500244140625,924.75,19126
2026-02-24 10:35:00+05:30,925.0499877929688,925.4000244140625,924.0,925.4000244140625,23417
2026-02-24 10:40:00+05:30,925.4000244140625,926.9000244140625,925.0999755859375,925.5999755859375,56044
2026-02-24 10:45:00+05:30,925.25,925.75,924.2000122070312,924.8499755859375,19333
2026-02-24 10:50:00+05:30,924.5499877929688,925.5499877929688,924.0,924.2000122070312,20710
2026-02-24 10:55:00+05:30,924.4000244140625,925.0499877929688,923.1500244140625,924.2000122070312,25072
2026-02-24 11:00:00+05:30,924.25,925.0499877929688,923.4500122070312,923.9000244140625,24477
2026-02-24 11:05:00+05:30,923.4500122070312,925.25,923.4500122070312,924.9500122070312,17439
2026-02-24 11:10:00+05:30,924.9500122070312,925.9000244140625,924.4500122070312,925.8499755859375,13522
2026-02-24 11:15:00+05:30,925.5499877929688,925.9000244140625,924.7999877929688,925.2999877929688,28860
2026-02-24 11:20:00+05:30,925.2000122070312,927.25,924.7999877929688,927.25,35113
2026-02-24 11:25:00+05:30,927.0,932.9000244140625,926.75,932.9000244140625,187090
2026-02-24 11:30:00+05:30,932.9500122070312,934.4000244140625,931.8499755859375,932.2999877929688,248214
2026-02-24 11:35:00+05:30,932.2999877929688,932.5,930.1500244140625,932.2999877929688,39170
2026-02-24 11:40:00+05:30,932.1500244140625,933.5,930.1500244140625,930.7999877929688,50670
2026-02-24 11:45:00+05:30,930.4000244140625,931.0499877929688,930.0,930.7999877929688,22441
2026-02-24 11:50:00+05:30,930.5999755859375,930.8499755859375,928.7000122070312,929.2999877929688,25523
2026-02-24 11:55:00+05:30,928.7999877929688,929.6500244140625,928.5499877929688,928.6500244140625,16989
2026-02-24 12:00:00+05:30,928.75,929.6500244140625,927.2000122070312,929.0,43727
2026-02-24 12:05:00+05:30,929.2000122070312,931.1500244140625,928.7999877929688,930.7000122070312,20863
2026-02-24 12:10:00+05:30,930.2999877929688,930.75,929.75,930.0499877929688,16335
2026-02-24 12:15:00+05:30,929.9000244140625,929.9000244140625,926.0,926.4000244140625,32396
2026-02-24 12:20:00+05:30,926.25,927.0999755859375,925.5499877929688,926.8499755859375,29389
2026-02-24 12:25:00+05:30,926.5999755859375,927.2000122070312,926.1500244140625,926.9500122070312,16807
2026-02-24 12:30:00+05:30,926.9500122070312,927.2000122070312,925.5499877929688,926.0,17521
2026-02-24 12:35:00+05:30,925.6500244140625,925.9500122070312,924.4500122070312,925.3499755859375,22984
2026-02-24 12:40:00+05:30,925.3499755859375,925.3499755859375,922.75,923.3499755859375,18258
2026-02-24 12:45:00+05:30,923.2999877929688,923.3499755859375,919.7999877929688,920.0,34463
2026-02-24 12:50:00+05:30,920.0,921.5,919.9500122070312,921.5,26275
2026-02-24 12:55:00+05:30,921.4000244140625,922.2000122070312,921.0,922.0,18411
2026-02-24 13:00:00+05:30,921.7999877929688,922.9500122070312,921.0499877929688,922.9500122070312,15656
2026-02-24 13:05:00+05:30,922.9500122070312,923.7000122070312,922.3499755859375,923.5,19289
2026-02-24 13:10:00+05:30,923.5999755859375,924.9000244140625,923.4000244140625,923.9000244140625,13816
2026-02-24 13:15:00+05:30,923.7999877929688,923.8499755859375,921.3499755859375,922.0,31975
2026-02-24 13:20:00+05:30,922.0,922.0499877929688,921.0499877929688,921.0499877929688,11226
2026-02-24 13:25:00+05:30,920.7000122070312,921.3499755859375,920.25,920.4500122070312,12213
2026-02-24 13:30:00+05:30,920.0,920.0,918.6500244140625,919.7000122070312,16912
2026-02-24 13:35:00+05:30,919.5,921.8499755859375,918.5499877929688,921.4000244140625,22321
2026-02-24 13:40:00+05:30,921.6500244140625,922.75,921.2000122070312,922.5,16929
2026-02-24 13:45:00+05:30,922.5,922.7999877929688,920.9000244140625,922.0,16975
2026-02-24 13:50:00+05:30,922.0,923.75,920.9500122070312,923.0,52871
2026-02-24 13:55:00+05:30,923.75,927.7999877929688,923.25,927.5499877929688,52739
2026-02-24 14:00:00+05:30,927.7000122070312,928.0,924.7000122070312,924.9000244140625,17897
2026-02-24 14:05:00+05:30,924.9000244140625,927.5,924.0,927.4000244140625,15464
2026-02-24 14:10:00+05:30,927.4000244140625,929.7999877929688,926.9500122070312,929.0,18247
2026-02-24 14:15:00+05:30,929.0,929.7000122070312,928.3499755859375,929.0,10825
2026-02-24 14:20:00+05:30,929.0,931.6500244140625,928.7000122070312,929.75,77352
2026-02-24 14:25:00+05:30,929.7000122070312,931.9000244140625,929.7000122070312,930.9000244140625,18014
2026-02-24 14:30:00+05:30,930.5999755859375,931.3499755859375,929.3499755859375,929.5999755859375,13186
2026-02-24 14:35:00+05:30,929.6500244140625,931.4500122070312,929.5,931.0499877929688,18445
2026-02-24 14:40:00+05:30,930.5999755859375,931.0999755859375,929.6500244140625,930.0,8838
2026-02-24 14:45:00+05:30,929.5499877929688,930.25,929.2999877929688,929.8499755859375,6852
2026-02-24 14:50:00+05:30,929.8499755859375,931.7999877929688,929.8499755859375,931.4500122070312,84258
2026-02-24 14:55:00+05:30,931.0499877929688,932.0,930.5,931.5,18989
2026-02-24 15:00:00+05:30,932.0,932.5,930.4000244140625,930.9500122070312,55069
2026-02-24 15:05:00+05:30,930.8499755859375,930.8499755859375,929.6500244140625,930.4500122070312,70885
2026-02-24 15:10:00+05:30,930.3499755859375,930.5499877929688,929.5999755859375,930.0,48624
2026-02-24 15:15:00+05:30,930.0499877929688,930.9500122070312,929.25,930.2999877929688,73432
2026-02-24 15:20:00+05:30,929.75,933.7999877929688,929.5999755859375,933.3499755859375,114936
2026-02-24 15:25:00+05:30,932.7999877929688,933.7999877929688,930.9000244140625,931.4000244140625,140295
2026-02-25 09:20:00+05:30,936.9000244140625,937.7999877929688,936.8499755859375,937.2999877929688,24674
2026-02-25 09:25:00+05:30,937.25,938.5,934.25,934.4500122070312,20584
2026-02-25 09:30:00+05:30,934.5,935.7999877929688,933.5999755859375,934.7000122070312,20179
2026-02-25 09:35:00+05:30,934.75,935.6500244140625,933.8499755859375,935.1500244140625,13320
2026-02-25 09:40:00+05:30,935.1500244140625,937.0,934.8499755859375,935.5,24615
2026-02-25 09:45:00+05:30,935.2000122070312,936.8499755859375,935.2000122070312,936.8499755859375,4576
2026-02-25 09:50:00+05:30,936.8499755859375,937.7999877929688,935.7999877929688,936.25,20413
2026-02-25 09:55:00+05:30,936.25,936.8499755859375,936.25,936.2999877929688,5330
2026-02-25 10:00:00+05:30,936.0999755859375,937.7999877929688,936.0499877929688,937.7999877929688,6723
2026-02-25 10:05:00+05:30,937.8499755859375,940.5,937.8499755859375,940.4500122070312,26909
2026-02-25 10:10:00+05:30,940.1500244140625,940.4500122070312,938.7000122070312,939.25,13297
2026-02-25 10:15:00+05:30,939.1500244140625,940.5,939.1500244140625,940.0,33779
2026-02-25 10:20:00+05:30,940.0,940.1500244140625,937.9500122070312,938.0499877929688,22195
2026-02-25 10:25:00+05:30,938.0499877929688,938.0499877929688,936.75,937.9000244140625,5649
2026-02-25 10:30:00+05:30,937.6500244140625,938.2999877929688,937.0499877929688,937.0499877929688,6818
2026-02-25 10:35:00+05:30,937.2999877929688,937.2999877929688,935.0999755859375,935.2999877929688,17266
2026-02-25 10:40:00+05:30,935.75,935.9500122070312,935.3499755859375,935.6500244140625,7016
2026-02-25 10:45:00+05:30,935.6500244140625,936.25,934.6500244140625,935.5999755859375,11697
2026-02-25 10:50:00+05:30,935.5999755859375,936.3499755859375,935.0499877929688,935.5499877929688,6732
2026-02-25 10:55:00+05:30,935.5499877929688,936.7999877929688,935.0,936.0499877929688,8173
2026-02-25 11:00:00+05:30,936.1500244140625,938.0,936.0499877929688,937.0,8426
2026-02-25 11:05:00+05:30,937.0,938.5999755859375,937.0,938.0999755859375,5700
2026-02-25 11:10:00+05:30,938.5999755859375,939.3499755859375,938.0499877929688,939.2999877929688,7647
2026-02-25 11:15:00+05:30,939.2999877929688,939.5499877929688,938.6500244140625,938.9500122070312,10092
2026-02-25 11:20:00+05:30,938.9500122070312,939.8499755859375,938.9500122070312,939.8499755859375,11534
2026-02-25 11:25:00+05:30,939.5,941.4500122070312,939.1500244140625,941.4500122070312,16944
2026-02-25 11:30:00+05:30,941.4500122070312,941.4500122070312,939.9500122070312,940.75,12696
2026-02-25 11:35:00+05:30,941.1500244140625,941.4000244140625,940.75,941.25,5627
2026-02-25 11:40:00+05:30,941.2999877929688,941.8499755859375,940.9500122070312,940.9500122070312,9669
2026-02-25 11:45:00+05:30,940.9500122070312,941.7999877929688,940.25,940.25,16384
2026-02-25 11:50:00+05:30,939.7999877929688,940.75,937.5,938.0499877929688,25385
2026-02-25 11:55:00+05:30,938.0499877929688,938.9500122070312,936.5999755859375,936.8499755859375,35957
2026-02-25 12:00:00+05:30,937.2000122070312,938.0,937.0999755859375,937.8499755859375,7123
2026-02-25 12:05:00+05:30,937.5999755859375,937.9500122070312,936.0,937.0,22574
2026-02-25 12:10:00+05:30,937.4500122070312,937.5,935.4500122070312,936.0,14602
2026-02-25 12:15:00+05:30,935.7000122070312,937.25,935.6500244140625,936.25,16446
2026-02-25 12:20:00+05:30,936.4000244140625,937.3499755859375,936.3499755859375,936.9000244140625,1647
2026-02-25 12:25:00+05:30,936.9500122070312,937.2999877929688,936.9500122070312,937.2999877929688,1656
2026-02-25 12:30:00+05:30,937.0,938.9500122070312,935.2000122070312,935.4000244140625,10639
2026-02-25 12:35:00+05:30,935.4000244140625,935.5499877929688,933.6500244140625,934.9000244140625,14954
2026-02-25 12:40:00+05:30,934.5999755859375,935.5,934.5,934.9500122070312,6186
2026-02-25 12:45:00+05:30,934.75,934.75,933.5999755859375,933.7000122070312,13845
2026-02-25 12:50:00+05:30,933.6500244140625,935.0499877929688,933.5,934.4000244140625,11194
2026-02-25 12:55:00+05:30,934.2999877929688,935.4000244140625,934.0,934.2999877929688,5409
2026-02-25 13:00:00+05:30,934.0499877929688,934.5,933.0999755859375,934.25,24304
2026-02-25 13:05:00+05:30,934.25,934.2999877929688,933.0999755859375,934.25,12385
2026-02-25 13:10:00+05:30,934.25,935.1500244140625,933.75,933.75,7005
2026-02-25 13:15:00+05:30,933.7000122070312,934.9000244140625,933.2999877929688,934.0499877929688,11138
2026-02-25 13:20:00+05:30,933.9000244140625,934.2000122070312,932.5999755859375,933.2999877929688,11420
2026-02-25 13:25:00+05:30,933.4000244140625,933.4000244140625,932.5499877929688,933.0999755859375,7963
2026-02-25 13:30:00+05:30,933.25,935.4000244140625,933.25,934.75,8979
2026-02-25 13:35:00+05:30,935.0,935.5499877929688,934.0,934.2999877929688,18442
2026-02-25 13:40:00+05:30,935.0,935.9000244140625,934.7000122070312,934.8499755859375,7023
2026-02-25 13:45:00+05:30,934.7000122070312,936.6500244140625,934.5,936.25,10564
2026-02-25 13:50:00+05:30,936.25,937.6500244140625,936.25,936.9500122070312,7702
2026-02-25 13:55:00+05:30,936.7000122070312,937.25,936.7000122070312,937.25,6918
2026-02-25 14:00:00+05:30,936.9500122070312,937.5,936.5,936.5,8364
2026-02-25 14:05:00+05:30,936.5999755859375,937.2000122070312,935.8499755859375,936.3499755859375,11563
2026-02-25 14:10:00+05:30,936.2999877929688,938.0499877929688,936.2999877929688,937.0,18130
2026-02-25 14:15:00+05:30,937.3499755859375,939.3499755859375,936.9000244140625,939.3499755859375,9906
2026-02-25 14:20:00+05:30,939.0999755859375,939.8499755859375,938.2000122070312,938.5,13559
2026-02-25 14:25:00+05:30,938.3499755859375,939.0,937.3499755859375,937.5,9723
2026-02-25 14:30:00+05:30,937.7000122070312,938.5,937.4500122070312,937.75,4003
2026-02-25 14:35:00+05:30,937.75,938.5,937.6500244140625,937.7000122070312,5688
2026-02-25 14:40:00+05:30,937.7000122070312,937.75,936.7000122070312,937.5999755859375,10306
2026-02-25 14:45:00+05:30,937.2999877929688,937.9500122070312,936.3499755859375,936.3499755859375,10475
2026-02-25 14:50:00+05:30,936.3499755859375,937.1500244140625,935.6500244140625,937.1500244140625,10205
2026-02-25 14:55:00+05:30,936.8499755859375,937.9500122070312,936.0999755859375,937.1500244140625,13539
2026-02-25 15:00:00+05:30,937.25,938.4000244140625,937.25,937.2999877929688,32730
2026-02-25 15:05:00+05:30,936.75,938.25,936.5499877929688,937.2999877929688,34908
2026-02-25 15:10:00+05:30,937.2999877929688,937.7000122070312,937.0499877929688,937.3499755859375,24113
2026-02-25 15:15:00+05:30,937.4000244140625,937.5499877929688,936.9000244140625,937.5499877929688,42965
2026-02-25 15:20:00+05:30,937.2999877929688,937.3499755859375,936.5,937.25,46976
2026-02-25 15:25:00+05:30,937.2999877929688,938.4500122070312,936.2999877929688,937.9000244140625,70314
2026-02-26 09:20:00+05:30,939.4500122070312,940.7999877929688,938.75,939.1500244140625,42941
2026-02-26 09:25:00+05:30,940.5,946.7000122070312,940.5,946.5999755859375,112864
2026-02-26 09:30:00+05:30,945.9500122070312,951.1500244140625,945.9500122070312,949.8499755859375,163909
2026-02-26 09:35:00+05:30,949.75,957.4500122070312,949.5999755859375,956.3499755859375,180623
2026-02-26 09:40:00+05:30,956.5999755859375,959.9500122070312,956.5999755859375,959.2000122070312,191089
2026-02-26 09:45:00+05:30,959.5,964.2000122070312,958.25,963.2000122070312,626870
2026-02-26 09:50:00+05:30,963.2000122070312,963.2000122070312,959.25,961.0,99440
2026-02-26 09:55:00+05:30,961.25,961.25,959.7000122070312,960.4500122070312,42062
2026-02-26 10:00:00+05:30,960.0,960.0999755859375,956.0999755859375,956.5499877929688,92686
2026-02-26 10:05:00+05:30,956.9500122070312,957.9000244140625,949.0999755859375,949.2999877929688,181262
2026-02-26 10:10:00+05:30,949.4500122070312,951.9000244140625,946.2999877929688,949.9500122070312,141374
2026-02-26 10:15:00+05:30,949.9500122070312,949.9500122070312,944.1500244140625,944.5999755859375,125226
2026-02-26 10:20:00+05:30,944.5,945.6500244140625,943.4000244140625,944.75,92564
2026-02-26 10:25:00+05:30,944.5999755859375,946.75,944.5,946.0,28782
2026-02-26 10:30:00+05:30,945.0499877929688,946.7000122070312,945.0,946.4500122070312,29664
2026-02-26 10:35:00+05:30,946.6500244140625,947.9500122070312,946.0,947.5,36690
2026-02-26 10:40:00+05:30,947.5,947.5499877929688,945.4000244140625,946.2999877929688,24652
2026-02-26 10:45:00+05:30,946.2999877929688,948.7000122070312,945.1500244140625,948.0,28273
2026-02-26 10:50:00+05:30,948.5,955.5499877929688,948.2000122070312,954.75,464426
2026-02-26 10:55:00+05:30,955.0,955.3499755859375,952.4000244140625,953.4500122070312,132379
2026-02-26 11:00:00+05:30,953.0999755859375,953.6500244140625,950.5,950.7000122070312,42826
2026-02-26 11:05:00+05:30,950.7000122070312,951.75,949.9000244140625,950.4000244140625,23454
2026-02-26 11:10:00+05:30,950.25,950.5,949.5,950.0,19877
2026-02-26 11:15:00+05:30,949.5999755859375,950.9000244140625,948.7000122070312,950.2999877929688,38254
2026-02-26 11:20:00+05:30,950.3499755859375,950.9500122070312,949.5999755859375,950.5,13749
2026-02-26 11:25:00+05:30,951.1500244140625,951.4000244140625,949.4500122070312,950.8499755859375,553687
2026-02-26 11:30:00+05:30,950.8499755859375,950.8499755859375,946.4500122070312,947.2000122070312,120592
2026-02-26 11:35:00+05:30,947.3499755859375,948.1500244140625,946.6500244140625,947.4500122070312,25586
2026-02-26 11:40:00+05:30,947.4500122070312,948.9000244140625,946.2999877929688,948.9000244140625,37177
2026-02-26 11:45:00+05:30,948.5,948.5,947.0,947.5,28276
2026-02-26 11:50:00+05:30,947.5999755859375,948.5499877929688,946.25,947.4500122070312,23026
2026-02-26 11:55:00+05:30,947.4000244140625,947.75,945.0,945.7000122070312,47676
2026-02-26 12:00:00+05:30,945.6500244140625,946.75,945.6500244140625,946.1500244140625,15803
2026-02-26 12:05:00+05:30,945.8499755859375,947.0,945.4000244140625,947.0,17910
2026-02-26 12:10:00+05:30,947.0,947.0,944.7999877929688,945.1500244140625,16883
2026-02-26 12:15:00+05:30,945.2000122070312,945.9500122070312,944.75,945.0999755859375,17507
2026-02-26 12:20:00+05:30,945.0999755859375,945.5,941.0999755859375,942.0,48465
2026-02-26 12:25:00+05:30,942.0,942.4000244140625,941.0,941.0,22609
2026-02-26 12:30:00+05:30,940.7999877929688,940.9500122070312,939.4000244140625,939.4000244140625,48095
2026-02-26 12:35:00+05:30,939.5,940.9000244140625,939.4500122070312,939.4500122070312,15434
2026-02-26 12:40:00+05:30,939.6500244140625,941.9000244140625,939.5499877929688,941.5499877929688,15194
2026-02-26 12:45:00+05:30,941.4000244140625,946.2000122070312,940.7000122070312,944.9500122070312,29892
2026-02-26 12:50:00+05:30,945.25,946.5999755859375,945.1500244140625,945.2999877929688,18374
2026-02-26 12:55:00+05:30,945.4000244140625,945.7000122070312,944.25,945.4500122070312,9870
2026-02-26 13:00:00+05:30,945.5499877929688,946.5999755859375,945.3499755859375,946.1500244140625,11667
2026-02-26 13:05:00+05:30,946.1500244140625,946.7999877929688,946.1500244140625,946.5499877929688,7806
2026-02-26 13:10:00+05:30,946.5499877929688,947.4000244140625,946.5,946.7000122070312,19264
2026-02-26 13:15:00+05:30,946.7000122070312,946.9000244140625,945.1500244140625,945.9500122070312,19072
2026-02-26 13:20:00+05:30,945.6500244140625,949.4000244140625,945.1500244140625,949.4000244140625,13452
2026-02-26 13:25:00+05:30,949.5,951.0,949.0499877929688,950.4500122070312,35138
2026-02-26 13:30:00+05:30,950.4000244140625,950.7999877929688,948.6500244140625,950.2999877929688,682002
2026-02-26 13:35:00+05:30,950.3499755859375,953.25,950.3499755859375,952.8499755859375,48517
2026-02-26 13:40:00+05:30,952.8499755859375,954.9500122070312,950.4000244140625,952.7999877929688,77779
2026-02-26 13:45:00+05:30,953.5999755859375,954.5,950.7999877929688,951.0,171337
2026-02-26 13:50:00+05:30,951.0,952.75,949.2999877929688,949.8499755859375,263997
2026-02-26 13:55:00+05:30,949.8499755859375,950.0,948.0999755859375,949.5999755859375,27273
2026-02-26 14:00:00+05:30,949.25,952.2999877929688,948.5999755859375,950.0499877929688,23831
2026-02-26 14:05:00+05:30,950.0499877929688,952.9000244140625,950.0,952.75,32926
2026-02-26 14:10:00+05:30,953.0,953.0,950.9000244140625,952.9500122070312,255542
2026-02-26 14:15:00+05:30,952.9000244140625,953.25,951.7999877929688,951.9500122070312,21587
2026-02-26 14:20:00+05:30,951.9500122070312,952.75,951.3499755859375,952.3499755859375,10748
2026-02-26 14:25:00+05:30,952.4500122070312,953.6500244140625,952.3499755859375,953.5499877929688,26482
2026-02-26 14:30:00+05:30,953.5499877929688,957.0,953.5499877929688,956.5,45689
2026-02-26 14:35:00+05:30,956.5499877929688,956.5499877929688,955.0,955.0,46471
2026-02-26 14:40:00+05:30,955.0,956.25,955.0,956.0,39810
2026-02-26 14:45:00+05:30,956.9000244140625,958.0,956.4000244140625,957.5999755859375,63390
2026-02-26 14:50:00+05:30,957.6500244140625,959.2000122070312,957.3499755859375,957.8499755859375,37095
2026-02-26 14:55:00+05:30,958.0499877929688,958.75,957.1500244140625,957.25,25249
2026-02-26 15:00:00+05:30,957.5,960.7999877929688,957.5,959.25,325043
2026-02-26 15:05:00+05:30,958.9500122070312,963.6500244140625,958.1500244140625,963.25,372370
2026-02-26 15:10:00+05:30,963.2000122070312,964.9000244140625,962.6500244140625,963.6500244140625,388029
2026-02-26 15:15:00+05:30,963.9500122070312,968.0499877929688,962.2999877929688,966.5499877929688,938769
2026-02-26 15:20:00+05:30,966.6500244140625,968.5499877929688,965.8499755859375,967.7000122070312,463928
2026-02-26 15:25:00+05:30,967.8499755859375,968.5,961.2999877929688,965.5,342579
2026-02-27 09:20:00+05:30,960.9500122070312,966.7999877929688,960.5499877929688,966.75,108901
2026-02-27 09:25:00+05:30,966.7000122070312,967.9500122070312,965.0,967.0499877929688,58264
2026-02-27 09:30:00+05:30,967.5,967.5499877929688,962.5,962.5,82289
2026-02-27 09:35:00+05:30,962.9500122070312,962.9500122070312,959.2000122070312,960.5499877929688,42529
2026-02-27 09:40:00+05:30,961.7000122070312,961.7000122070312,958.75,958.75,40803
2026-02-27 09:45:00+05:30,958.8499755859375,958.8499755859375,956.5,956.8499755859375,27247
2026-02-27 09:50:00+05:30,956.2999877929688,956.5999755859375,953.0,953.2999877929688,67379
2026-02-27 09:55:00+05:30,953.4500122070312,955.0999755859375,952.0499877929688,952.7000122070312,74529
2026-02-27 10:00:00+05:30,952.3499755859375,955.7999877929688,952.3499755859375,954.9500122070312,35551
2026-02-27 10:05:00+05:30,954.9500122070312,957.0499877929688,953.5,955.9000244140625,53021
2026-02-27 10:10:00+05:30,955.5999755859375,956.4000244140625,954.2000122070312,954.2000122070312,10886
2026-02-27 10:15:00+05:30,954.5,954.5,952.0499877929688,953.9500122070312,28799
2026-02-27 10:20:00+05:30,954.0,956.9500122070312,954.0,956.4500122070312,22608
2026-02-27 10:25:00+05:30,956.25,958.4500122070312,956.0999755859375,958.4500122070312,24096
2026-02-27 10:30:00+05:30,958.3499755859375,959.7000122070312,957.4000244140625,959.7000122070312,35145
2026-02-27 10:35:00+05:30,959.75,961.4000244140625,958.7000122070312,959.0499877929688,45370
2026-02-27 10:40:00+05:30,959.0499877929688,959.25,958.2000122070312,958.7000122070312,18386
2026-02-27 10:45:00+05:30,958.5499877929688,959.9000244140625,958.25,959.7999877929688,8581
2026-02-27 10:50:00+05:30,959.7000122070312,959.9000244140625,958.2999877929688,959.25,25296
2026-02-27 10:55:00+05:30,959.5999755859375,959.9000244140625,958.9000244140625,959.6500244140625,14030
2026-02-27 11:00:00+05:30,960.0,960.4500122070312,958.75,958.9500122070312,12763
2026-02-27 11:05:00+05:30,958.9500122070312,959.0,958.5999755859375,958.7000122070312,8715
2026-02-27 11:10:00+05:30,959.75,961.5,959.75,960.5999755859375,21385
2026-02-27 11:15:00+05:30,960.5,961.0999755859375,956.5,957.6500244140625,90049
2026-02-27 11:20:00+05:30,958.0,958.8499755859375,957.6500244140625,958.7999877929688,37103
2026-02-27 11:25:00+05:30,958.5,958.5,956.75,957.0,37367
2026-02-27 11:30:00+05:30,957.0,957.5,952.9000244140625,954.0,25228
2026-02-27 11:35:00+05:30,952.5999755859375,955.7000122070312,952.0,955.4500122070312,63016
2026-02-27 11:40:00+05:30,955.6500244140625,959.0,954.5,958.5999755859375,39672
2026-02-27 11:45:00+05:30,958.6500244140625,958.6500244140625,957.5499877929688,957.5499877929688,24629
2026-02-27 11:50:00+05:30,957.5499877929688,959.0,957.0,958.0499877929688,21547
2026-02-27 11:55:00+05:30,958.0999755859375,959.0999755859375,957.5,958.9500122070312,10678
2026-02-27 12:00:00+05:30,958.6500244140625,959.4000244140625,958.0,958.0499877929688,26733
2026-02-27 12:05:00+05:30,957.9500122070312,959.0,957.9500122070312,958.75,11631
2026-02-27 12:10:00+05:30,958.6500244140625,958.6500244140625,958.0,958.2999877929688,14923
2026-02-27 12:15:00+05:30,958.2999877929688,959.4000244140625,958.1500244140625,959.2999877929688,9175
2026-02-27 12:20:00+05:30,959.25,959.5999755859375,958.5499877929688,959.2000122070312,20428
2026-02-27 12:25:00+05:30,959.25,960.3499755859375,958.9500122070312,959.0,64247
2026-02-27 12:30:00+05:30,959.0,959.0,958.2000122070312,958.5,10460
2026-02-27 12:35:00+05:30,958.4000244140625,958.5,957.0,957.0999755859375,31508
2026-02-27 12:40:00+05:30,957.1500244140625,957.4000244140625,956.75,957.2000122070312,14248
2026-02-27 12:45:00+05:30,957.2000122070312,958.0999755859375,957.0,957.3499755859375,9726
2026-02-27 12:50:00+05:30,957.5499877929688,958.25,957.25,957.2999877929688,18499
2026-02-27 12:55:00+05:30,957.4000244140625,958.1500244140625,957.25,957.8499755859375,4377
2026-02-27 13:00:00+05:30,957.8499755859375,958.7000122070312,957.5499877929688,958.3499755859375,6898
2026-02-27 13:05:00+05:30,958.4500122070312,958.5,958.0,958.2999877929688,7381
2026-02-27 13:10:00+05:30,958.2999877929688,958.2999877929688,957.2999877929688,957.8499755859375,8283
2026-02-27 13:15:00+05:30,957.5999755859375,957.8499755859375,957.0,957.4500122070312,6516
2026-02-27 13:20:00+05:30,957.2999877929688,957.9500122070312,957.25,957.5999755859375,3901
2026-02-27 13:25:00+05:30,957.5999755859375,958.25,957.5499877929688,957.8499755859375,7217
2026-02-27 13:30:00+05:30,957.7999877929688,958.4000244140625,957.25,957.25,17554
2026-02-27 13:35:00+05:30,957.25,958.2999877929688,957.25,957.6500244140625,10552
2026-02-27 13:40:00+05:30,957.6500244140625,958.0999755859375,957.5,957.5,7408
2026-02-27 13:45:00+05:30,957.4000244140625,958.7999877929688,957.2999877929688,958.2999877929688,16115
2026-02-27 13:50:00+05:30,958.2999877929688,958.5,957.5,958.1500244140625,20115
2026-02-27 13:55:00+05:30,958.1500244140625,959.4000244140625,958.0,959.4000244140625,24282
2026-02-27 14:00:00+05:30,959.4000244140625,961.5499877929688,959.0999755859375,961.2000122070312,121314
2026-02-27 14:05:00+05:30,960.7000122070312,961.2000122070312,960.0999755859375,961.0,7841
2026-02-27 14:10:00+05:30,960.7999877929688,961.8499755859375,960.5,960.6500244140625,13655
2026-02-27 14:15:00+05:30,960.5999755859375,961.5499877929688,960.5499877929688,961.1500244140625,9787
2026-02-27 14:20:00+05:30,960.9500122070312,961.4500122070312,959.4500122070312,960.2999877929688,14280
2026-02-27 14:25:00+05:30,960.1500244140625,960.3499755859375,958.2000122070312,959.0,14746
2026-02-27 14:30:00+05:30,959.0,959.6500244140625,958.6500244140625,959.0,8009
2026-02-27 14:35:00+05:30,958.9000244140625,960.6500244140625,958.9000244140625,960.3499755859375,23125
2026-02-27 14:40:00+05:30,961.4000244140625,961.9500122070312,961.4000244140625,961.4500122070312,26495
2026-02-27 14:45:00+05:30,961.4500122070312,963.0,961.2999877929688,963.0,44318
2026-02-27 14:50:00+05:30,963.4000244140625,963.9500122070312,961.8499755859375,962.1500244140625,111137
2026-02-27 14:55:00+05:30,962.4000244140625,963.0,960.2999877929688,960.75,148057
2026-02-27 15:00:00+05:30,960.25,960.25,953.5999755859375,956.7000122070312,303069
2026-02-27 15:05:00+05:30,956.9500122070312,957.2000122070312,954.2999877929688,957.2000122070312,225606
2026-02-27 15:10:00+05:30,956.9500122070312,958.1500244140625,955.7000122070312,957.2000122070312,237280
2026-02-27 15:15:00+05:30,956.7000122070312,957.5499877929688,955.3499755859375,955.7000122070312,238484
2026-02-27 15:20:00+05:30,955.7000122070312,959.1500244140625,955.7000122070312,958.0499877929688,318736
2026-02-27 15:25:00+05:30,957.5499877929688,958.0499877929688,952.5,956.75,176830
2026-03-02 09:20:00+05:30,948.5,951.4500122070312,948.5,949.2000122070312,42777
2026-03-02 09:25:00+05:30,950.0,952.9500122070312,949.2999877929688,951.5999755859375,50482
2026-03-02 09:30:00+05:30,952.0,953.9500122070312,951.9500122070312,952.7000122070312,76746
2026-03-02 09:35:00+05:30,952.7000122070312,955.5,951.4000244140625,953.3499755859375,35729
2026-03-02 09:40:00+05:30,953.3499755859375,953.5,951.4500122070312,952.75,14566
2026-03-02 09:45:00+05:30,952.3499755859375,952.7000122070312,949.7000122070312,950.2000122070312,20538
2026-03-02 09:50:00+05:30,949.7999877929688,950.4000244140625,948.5,950.3499755859375,23812
2026-03-02 09:55:00+05:30,951.0,952.7000122070312,949.9500122070312,952.6500244140625,16282
2026-03-02 10:00:00+05:30,953.0,953.0,950.4000244140625,951.25,8208
2026-03-02 10:05:00+05:30,951.25,951.25,948.0,948.25,9515
2026-03-02 10:10:00+05:30,948.25,949.8499755859375,948.0,949.5,8857
2026-03-02 10:15:00+05:30,949.1500244140625,949.1500244140625,947.0999755859375,947.9500122070312,21662
2026-03-02 10:20:00+05:30,947.8499755859375,947.8499755859375,946.0,946.0999755859375,16942
2026-03-02 10:25:00+05:30,946.2999877929688,946.9500122070312,945.0,945.25,8951
2026-03-02 10:30:00+05:30,945.25,945.5,944.0999755859375,944.2999877929688,10109
2026-03-02 10:35:00+05:30,944.5999755859375,944.8499755859375,942.2999877929688,942.5,9826
2026-03-02 10:40:00+05:30,942.6500244140625,942.6500244140625,941.2000122070312,941.5,10900
2026-03-02 10:45:00+05:30,941.5499877929688,941.9000244140625,939.0,939.0,29321
2026-03-02 10:50:00+05:30,939.5,940.0,937.7999877929688,938.0999755859375,16682
2026-03-02 10:55:00+05:30,938.0999755859375,945.0,938.0999755859375,944.25,166045
2026-03-02 11:00:00+05:30,944.2000122070312,945.6500244140625,943.5499877929688,945.6500244140625,45995
2026-03-02 11:05:00+05:30,945.5999755859375,946.9500122070312,944.7000122070312,945.4000244140625,8973
2026-03-02 11:10:00+05:30,945.3499755859375,945.4000244140625,944.7000122070312,945.25,6423
2026-03-02 11:15:00+05:30,945.2999877929688,945.3499755859375,944.5499877929688,945.0,9265
2026-03-02 11:20:00+05:30,945.0999755859375,946.4500122070312,944.9500122070312,945.6500244140625,28286
2026-03-02 11:25:00+05:30,945.6500244140625,946.0,944.5999755859375,945.0,17991
2026-03-02 11:30:00+05:30,944.7999877929688,945.0999755859375,942.0499877929688,943.5499877929688,122285
2026-03-02 11:35:00+05:30,944.0,944.5499877929688,943.0,944.3499755859375,3109
2026-03-02 11:40:00+05:30,944.5,944.5,942.0,943.2000122070312,7887
2026-03-02 11:45:00+05:30,943.5499877929688,943.8499755859375,942.4500122070312,943.0,15146
2026-03-02 11:50:00+05:30,943.1500244140625,946.7999877929688,943.0499877929688,945.4000244140625,21126
2026-03-02 11:55:00+05:30,946.0499877929688,947.4000244140625,945.9000244140625,947.0,3896
2026-03-02 12:00:00+05:30,946.9000244140625,947.0,943.5999755859375,944.4000244140625,16859
2026-03-02 12:05:00+05:30,944.3499755859375,944.3499755859375,942.5999755859375,943.9500122070312,3218
2026-03-02 12:10:00+05:30,943.9500122070312,945.0999755859375,943.75,944.4000244140625,3868
2026-03-02 12:15:00+05:30,944.5499877929688,944.7000122070312,943.0,943.0499877929688,2026
2026-03-02 12:20:00+05:30,943.3499755859375,944.4000244140625,943.0,944.0,3766
2026-03-02 12:25:00+05:30,944.5,944.75,943.1500244140625,944.5,2153
2026-03-02 12:30:00+05:30,944.0999755859375,944.0999755859375,943.0999755859375,943.7000122070312,4600
2026-03-02 12:35:00+05:30,944.1500244140625,944.7999877929688,939.75,941.0499877929688,31503
2026-03-02 12:40:00+05:30,941.0999755859375,941.9500122070312,940.5999755859375,941.75,9001
2026-03-02 12:45:00+05:30,941.4000244140625,943.0,941.0,942.5999755859375,19042
2026-03-02 12:50:00+05:30,942.5,944.0,941.9500122070312,943.5499877929688,2741
2026-03-02 12:55:00+05:30,943.5499877929688,943.5499877929688,942.0,942.5999755859375,3689
2026-03-02 13:00:00+05:30,943.0,943.0,941.5,941.5,2022
2026-03-02 13:05:00+05:30,941.4500122070312,942.0499877929688,941.2000122070312,941.2000122070312,1990
2026-03-02 13:10:00+05:30,941.3499755859375,942.0,941.0,941.7000122070312,5447
2026-03-02 13:15:00+05:30,941.9500122070312,942.5,941.0999755859375,941.4000244140625,4340
2026-03-02 13:20:00+05:30,941.4000244140625,941.7999877929688,941.0999755859375,941.4000244140625,1187
2026-03-02 13:25:00+05:30,941.8499755859375,941.8499755859375,939.7999877929688,939.7999877929688,9062
2026-03-02 13:30:00+05:30,940.0499877929688,940.0499877929688,938.5499877929688,939.5499877929688,6251
2026-03-02 13:35:00+05:30,939.1500244140625,940.2999877929688,939.0999755859375,939.9000244140625,3634
2026-03-02 13:40:00+05:30,939.8499755859375,939.8499755859375,938.3499755859375,939.0999755859375,4447
2026-03-02 13:45:00+05:30,939.25,939.75,937.25,937.4000244140625,6347
2026-03-02 13:50:00+05:30,937.4500122070312,937.4500122070312,934.0999755859375,934.9000244140625,18133
2026-03-02 13:55:00+05:30,935.2000122070312,935.7999877929688,933.9000244140625,934.3499755859375,19666
2026-03-02 14:00:00+05:30,934.3499755859375,940.2000122070312,933.5,938.5999755859375,23903
2026-03-02 14:05:00+05:30,938.8499755859375,943.3499755859375,938.4000244140625,942.0,18003
2026-03-02 14:10:00+05:30,941.9000244140625,942.0,939.0499877929688,942.0,7467
2026-03-02 14:15:00+05:30,942.0,942.9500122070312,941.0999755859375,941.7999877929688,4813
2026-03-02 14:20:00+05:30,941.8499755859375,942.6500244140625,940.4500122070312,942.2999877929688,18012
2026-03-02 14:25:00+05:30,942.1500244140625,942.3499755859375,940.5,941.4500122070312,4567
2026-03-02 14:30:00+05:30,941.2000122070312,943.0,940.4500122070312,943.0,20393
2026-03-02 14:35:00+05:30,943.4000244140625,944.8499755859375,942.9500122070312,944.5,21224
2026-03-02 14:40:00+05:30,944.5,946.5,944.1500244140625,945.5,14123
2026-03-02 14:45:00+05:30,945.5,945.75,944.2999877929688,944.7000122070312,11797
2026-03-02 14:50:00+05:30,944.5999755859375,944.75,942.9000244140625,943.0499877929688,15590
2026-03-02 14:55:00+05:30,943.0499877929688,943.4500122070312,940.5499877929688,940.5499877929688,53345
2026-03-02 15:00:00+05:30,942.0,943.5,941.4000244140625,942.5999755859375,21815
2026-03-02 15:05:00+05:30,942.2999877929688,942.7000122070312,941.2000122070312,941.5999755859375,10797
2026-03-02 15:10:00+05:30,942.2999877929688,942.7999877929688,941.6500244140625,942.1500244140625,25431
2026-03-02 15:15:00+05:30,942.3499755859375,943.5999755859375,941.75,941.75,24207
2026-03-02 15:20:00+05:30,941.75,943.75,941.25,943.75,39025
2026-03-02 15:25:00+05:30,944.0,944.2000122070312,941.9500122070312,943.9500122070312,33635
2026-03-04 09:20:00+05:30,934.75,935.0499877929688,927.0,927.0999755859375,88694
2026-03-04 09:25:00+05:30,926.7999877929688,927.2999877929688,924.2000122070312,925.5999755859375,41002
2026-03-04 09:30:00+05:30,925.5999755859375,926.7000122070312,924.25,925.9500122070312,46365
2026-03-04 09:35:00+05:30,925.8499755859375,926.4000244140625,923.5999755859375,925.0499877929688,50215
2026-03-04 09:40:00+05:30,924.9500122070312,926.0499877929688,924.5999755859375,925.6500244140625,27937
2026-03-04 09:45:00+05:30,925.5999755859375,927.2000122070312,924.2000122070312,924.5,26800
2026-03-04 09:50:00+05:30,924.9000244140625,926.0,923.5999755859375,924.2999877929688,17697
2026-03-04 09:55:00+05:30,924.5,924.6500244140625,923.0,924.5499877929688,21283
2026-03-04 10:00:00+05:30,924.2000122070312,924.2000122070312,917.2000122070312,920.1500244140625,67336
2026-03-04 10:05:00+05:30,920.6500244140625,922.25,919.0999755859375,919.8499755859375,33058
2026-03-04 10:10:00+05:30,920.0,921.1500244140625,918.0499877929688,921.0999755859375,60031
2026-03-04 10:15:00+05:30,920.6500244140625,922.2999877929688,919.0999755859375,921.1500244140625,31715
2026-03-04 10:20:00+05:30,921.2000122070312,922.8499755859375,920.4000244140625,922.5999755859375,72302
2026-03-04 10:25:00+05:30,922.2999877929688,922.2999877929688,919.2000122070312,919.5999755859375,106713
2026-03-04 10:30:00+05:30,919.5,923.75,919.5,922.0499877929688,44524
2026-03-04 10:35:00+05:30,921.75,923.7999877929688,920.7999877929688,921.9000244140625,16358
2026-03-04 10:40:00+05:30,921.9000244140625,923.4000244140625,921.2999877929688,923.0999755859375,12471
2026-03-04 10:45:00+05:30,922.9500122070312,924.5499877929688,920.2000122070312,920.4500122070312,20629
2026-03-04 10:50:00+05:30,920.4500122070312,920.5,919.0,920.25,17767
2026-03-04 10:55:00+05:30,920.0999755859375,920.5,918.4000244140625,919.6500244140625,24617
2026-03-04 11:00:00+05:30,919.7000122070312,922.8499755859375,919.2999877929688,922.25,15298
2026-03-04 11:05:00+05:30,922.3499755859375,926.0,921.5999755859375,925.75,21393
2026-03-04 11:10:00+05:30,925.75,926.9000244140625,925.0999755859375,925.0999755859375,35684
2026-03-04 11:15:00+05:30,925.5499877929688,925.5999755859375,922.9000244140625,924.3499755859375,23285
2026-03-04 11:20:00+05:30,924.0,925.25,922.9000244140625,923.5,14054
2026-03-04 11:25:00+05:30,923.4500122070312,925.0999755859375,922.0999755859375,924.7999877929688,28656
2026-03-04 11:30:00+05:30,924.8499755859375,927.8499755859375,924.2000122070312,927.3499755859375,20113
2026-03-04 11:35:00+05:30,927.3499755859375,927.4500122070312,926.3499755859375,927.2000122070312,12417
2026-03-04 11:40:00+05:30,927.1500244140625,928.0,926.6500244140625,927.0,45507
2026-03-04 11:45:00+05:30,927.0499877929688,927.9500122070312,926.7000122070312,927.8499755859375,17486
2026-03-04 11:50:00+05:30,927.9000244140625,927.9000244140625,925.5,926.6500244140625,8587
2026-03-04 11:55:00+05:30,926.2999877929688,927.9000244140625,926.1500244140625,927.9000244140625,11524
2026-03-04 12:00:00+05:30,927.8499755859375,927.9000244140625,926.8499755859375,927.3499755859375,9400
2026-03-04 12:05:00+05:30,927.6500244140625,927.6500244140625,926.2999877929688,926.9000244140625,3631
2026-03-04 12:10:00+05:30,926.75,927.0,925.8499755859375,925.9500122070312,9049
2026-03-04 12:15:00+05:30,925.9000244140625,926.1500244140625,925.1500244140625,925.5,6121
2026-03-04 12:20:00+05:30,925.5,927.0,925.4000244140625,926.9500122070312,9612
2026-03-04 12:25:00+05:30,927.0,927.4000244140625,926.4000244140625,927.0999755859375,1606
2026-03-04 12:30:00+05:30,927.2000122070312,927.2999877929688,924.7999877929688,925.75,11553
2026-03-04 12:35:00+05:30,925.75,926.4500122070312,924.5499877929688,924.9000244140625,18489
2026-03-04 12:40:00+05:30,924.75,924.9000244140625,923.2999877929688,924.25,31657
2026-03-04 12:45:00+05:30,924.4500122070312,925.2999877929688,923.5999755859375,924.2000122070312,26184
2026-03-04 12:50:00+05:30,923.9500122070312,925.1500244140625,923.8499755859375,924.5499877929688,14470
2026-03-04 12:55:00+05:30,924.5499877929688,925.9500122070312,924.1500244140625,925.1500244140625,29044
2026-03-04 13:00:00+05:30,924.9500122070312,925.5,924.4500122070312,925.0999755859375,2687
2026-03-04 13:05:00+05:30,925.1500244140625,926.2000122070312,924.5499877929688,925.9500122070312,5339
2026-03-04 13:10:00+05:30,926.0499877929688,926.2999877929688,925.0999755859375,925.9000244140625,5688
2026-03-04 13:15:00+05:30,925.9000244140625,926.75,925.8499755859375,926.6500244140625,13600
2026-03-04 13:20:00+05:30,926.6500244140625,927.9000244140625,926.0999755859375,927.9000244140625,7106
2026-03-04 13:25:00+05:30,927.7999877929688,928.5,926.7000122070312,926.7000122070312,10501
2026-03-04 13:30:00+05:30,926.5999755859375,927.25,926.2000122070312,926.2000122070312,8586
2026-03-04 13:35:00+05:30,926.2000122070312,927.1500244140625,925.75,927.0,8462
2026-03-04 13:40:00+05:30,927.0,927.25,926.0,926.7999877929688,4361
2026-03-04 13:45:00+05:30,926.8499755859375,927.5,926.0999755859375,927.2000122070312,9230
2026-03-04 13:50:00+05:30,927.1500244140625,927.1500244140625,926.0999755859375,926.2000122070312,6696
2026-03-04 13:55:00+05:30,926.2999877929688,927.2999877929688,926.0499877929688,927.2999877929688,9424
2026-03-04 14:00:00+05:30,927.2999877929688,929.9500122070312,927.2999877929688,929.4000244140625,23858
2026-03-04 14:05:00+05:30,929.4000244140625,929.4000244140625,926.5499877929688,928.1500244140625,19899
2026-03-04 14:10:00+05:30,927.8499755859375,929.2000122070312,927.25,928.6500244140625,22016
2026-03-04 14:15:00+05:30,929.0999755859375,929.7000122070312,927.7999877929688,929.0499877929688,24426
2026-03-04 14:20:00+05:30,928.8499755859375,928.9000244140625,927.7000122070312,928.0999755859375,12059
2026-03-04 14:25:00+05:30,928.0,928.1500244140625,926.2000122070312,927.5999755859375,24575
2026-03-04 14:30:00+05:30,927.4500122070312,928.7999877929688,926.4000244140625,928.5,17001
2026-03-04 14:35:00+05:30,928.5,929.0,927.7999877929688,928.0499877929688,28584
2026-03-04 14:40:00+05:30,927.8499755859375,929.25,927.5,929.25,42701
2026-03-04 14:45:00+05:30,929.0,929.25,927.3499755859375,928.7999877929688,19996
2026-03-04 14:50:00+05:30,928.8499755859375,929.9000244140625,928.0999755859375,928.9500122070312,36816
2026-03-04 14:55:00+05:30,929.0499877929688,929.25,927.9000244140625,928.4000244140625,21420
2026-03-04 15:00:00+05:30,928.75,928.75,926.9000244140625,926.9000244140625,57749
2026-03-04 15:05:00+05:30,926.9000244140625,927.7999877929688,926.6500244140625,927.4500122070312,74656
2026-03-04 15:10:00+05:30,926.9500122070312,927.5,926.5499877929688,927.0,132520
2026-03-04 15:15:00+05:30,927.1500244140625,928.1500244140625,926.8499755859375,927.4000244140625,118077
2026-03-04 15:20:00+05:30,927.75,931.0999755859375,927.0,930.75,104296
2026-03-04 15:25:00+05:30,930.75,931.75,925.0,927.5499877929688,56136
2026-03-05 09:20:00+05:30,938.0499877929688,942.5,938.0499877929688,941.6500244140625,27201
2026-03-05 09:25:00+05:30,942.1500244140625,942.9500122070312,939.4000244140625,942.5,56794
2026-03-05 09:30:00+05:30,942.5,942.7999877929688,940.7000122070312,940.9500122070312,23625
2026-03-05 09:35:00+05:30,941.2999877929688,943.2999877929688,940.3499755859375,942.5499877929688,21146
2026-03-05 09:40:00+05:30,942.4500122070312,942.4500122070312,939.6500244140625,942.2000122070312,12844
2026-03-05 09:45:00+05:30,942.1500244140625,944.6500244140625,941.6500244140625,944.0,22927
2026-03-05 09:50:00+05:30,943.9500122070312,944.0,941.2000122070312,941.7999877929688,15800
2026-03-05 09:55:00+05:30,941.75,942.1500244140625,938.5,938.75,28339
2026-03-05 10:00:00+05:30,939.0,940.0999755859375,938.75,940.0,9630
2026-03-05 10:05:00+05:30,939.9000244140625,941.3499755859375,939.6500244140625,941.0,7136
2026-03-05 10:10:00+05:30,941.0,941.9000244140625,940.3499755859375,940.6500244140625,18975
2026-03-05 10:15:00+05:30,940.7999877929688,942.5,940.6500244140625,942.0,15358
2026-03-05 10:20:00+05:30,942.0999755859375,942.5,941.7000122070312,942.5,9758
2026-03-05 10:25:00+05:30,942.4000244140625,942.9000244140625,938.5,939.0999755859375,20012
2026-03-05 10:30:00+05:30,939.0999755859375,939.6500244140625,938.4000244140625,938.75,12639
2026-03-05 10:35:00+05:30,938.5,939.7999877929688,937.5,939.3499755859375,20172
2026-03-05 10:40:00+05:30,939.3499755859375,942.0999755859375,938.7999877929688,941.5499877929688,12012
2026-03-05 10:45:00+05:30,941.9500122070312,942.0499877929688,940.3499755859375,940.3499755859375,8576
2026-03-05 10:50:00+05:30,940.0999755859375,940.9500122070312,940.0,940.9000244140625,5294
2026-03-05 10:55:00+05:30,940.7000122070312,941.7999877929688,940.2999877929688,941.3499755859375,5610
2026-03-05 11:00:00+05:30,941.3499755859375,945.0,941.2000122070312,944.9000244140625,16726
2026-03-05 11:05:00+05:30,944.9500122070312,947.5499877929688,944.9000244140625,946.7999877929688,27324
2026-03-05 11:10:00+05:30,946.7999877929688,946.9000244140625,944.6500244140625,944.6500244140625,13756
2026-03-05 11:15:00+05:30,944.9500122070312,946.6500244140625,944.0499877929688,946.6500244140625,13211
2026-03-05 11:20:00+05:30,946.6500244140625,947.0,945.3499755859375,946.5499877929688,11998
2026-03-05 11:25:00+05:30,946.4000244140625,946.5,943.8499755859375,944.8499755859375,8830
2026-03-05 11:30:00+05:30,944.75,944.7999877929688,939.2000122070312,940.2000122070312,26272
2026-03-05 11:35:00+05:30,940.0,940.2999877929688,937.1500244140625,937.6500244140625,27350
2026-03-05 11:40:00+05:30,937.75,938.4000244140625,936.5,937.9000244140625,17976
2026-03-05 11:45:00+05:30,937.75,938.0,936.6500244140625,936.8499755859375,10290
2026-03-05 11:50:00+05:30,936.8499755859375,937.5,935.5,937.5,20813
2026-03-05 11:55:00+05:30,938.0,938.0999755859375,935.7000122070312,936.4000244140625,10942
2026-03-05 12:00:00+05:30,936.0499877929688,936.75,935.6500244140625,936.75,9275
2026-03-05 12:05:00+05:30,936.5,940.0,936.5,939.0999755859375,40262
2026-03-05 12:10:00+05:30,939.4500122070312,942.0,939.0999755859375,941.5999755859375,12920
2026-03-05 12:15:00+05:30,941.5,941.9000244140625,941.0,941.25,12080
2026-03-05 12:20:00+05:30,941.25,942.5999755859375,940.9500122070312,941.8499755859375,9187
2026-03-05 12:25:00+05:30,941.9500122070312,943.5499877929688,941.6500244140625,943.2999877929688,9268
2026-03-05 12:30:00+05:30,942.25,944.4000244140625,941.9500122070312,943.2999877929688,8193
2026-03-05 12:35:00+05:30,943.5,943.5999755859375,942.3499755859375,943.5,8976
2026-03-05 12:40:00+05:30,943.5,943.5999755859375,942.5999755859375,942.8499755859375,6992
2026-03-05 12:45:00+05:30,942.8499755859375,943.0499877929688,935.2000122070312,938.9500122070312,48143
2026-03-05 12:50:00+05:30,938.9500122070312,940.5,936.9500122070312,940.5,11813
2026-03-05 12:55:00+05:30,940.5499877929688,941.2000122070312,932.4500122070312,932.7999877929688,93721
2026-03-05 13:00:00+05:30,933.1500244140625,934.25,929.7000122070312,929.7000122070312,70741
2026-03-05 13:05:00+05:30,930.0,930.5,927.5999755859375,928.5,44431
2026-03-05 13:10:00+05:30,928.5,931.5999755859375,927.4000244140625,931.4000244140625,73973
2026-03-05 13:15:00+05:30,931.4000244140625,932.0,930.7999877929688,931.6500244140625,17649
2026-03-05 13:20:00+05:30,931.4000244140625,935.25,930.7999877929688,933.75,28097
2026-03-05 13:25:00+05:30,933.7000122070312,934.9000244140625,932.9000244140625,934.4000244140625,17221
2026-03-05 13:30:00+05:30,934.9000244140625,934.9000244140625,931.4500122070312,932.0,17227
2026-03-05 13:35:00+05:30,932.0,932.0999755859375,929.7999877929688,930.2999877929688,20567
2026-03-05 13:40:00+05:30,930.0499877929688,932.2000122070312,930.0,931.1500244140625,5726
2026-03-05 13:45:00+05:30,931.0,931.0,929.25,929.5,38649
2026-03-05 13:50:00+05:30,929.5,929.75,928.1500244140625,928.7000122070312,14872
2026-03-05 13:55:00+05:30,928.7999877929688,929.9000244140625,928.2000122070312,929.25,13761
2026-03-05 14:00:00+05:30,929.5,931.25,929.25,931.2000122070312,26236
2026-03-05 14:05:00+05:30,930.9500122070312,931.9000244140625,929.4500122070312,929.5999755859375,25525
2026-03-05 14:10:00+05:30,929.6500244140625,929.6500244140625,927.9000244140625,928.9000244140625,13658
2026-03-05 14:15:00+05:30,928.8499755859375,929.9000244140625,928.0,928.0,9814
2026-03-05 14:20:00+05:30,928.0999755859375,932.1500244140625,927.7999877929688,932.1500244140625,23497
2026-03-05 14:25:00+05:30,931.6500244140625,932.4000244140625,930.25,932.0,19143
2026-03-05 14:30:00+05:30,931.9500122070312,931.9500122070312,928.2999877929688,929.0499877929688,13269
2026-03-05 14:35:00+05:30,929.4000244140625,934.7999877929688,929.0999755859375,934.5499877929688,28690
2026-03-05 14:40:00+05:30,934.4500122070312,938.3499755859375,934.4500122070312,937.9500122070312,48285
2026-03-05 14:45:00+05:30,937.0999755859375,938.7999877929688,936.1500244140625,937.8499755859375,40921
2026-03-05 14:50:00+05:30,938.2000122070312,940.9500122070312,937.8499755859375,940.7999877929688,113089
2026-03-05 14:55:00+05:30,941.5,941.75,938.7999877929688,940.0499877929688,60258
2026-03-05 15:00:00+05:30,940.1500244140625,940.7000122070312,938.4000244140625,938.7999877929688,46308
2026-03-05 15:05:00+05:30,938.5999755859375,939.4500122070312,938.25,938.3499755859375,41286
2026-03-05 15:10:00+05:30,938.6500244140625,938.6500244140625,935.0,935.0999755859375,43690
2026-03-05 15:15:00+05:30,935.4000244140625,937.2999877929688,935.4000244140625,935.5999755859375,47338
2026-03-05 15:20:00+05:30,936.0,936.0,934.5,935.8499755859375,59236
2026-03-05 15:25:00+05:30,935.8499755859375,937.8499755859375,935.7000122070312,936.5499877929688,35768
2026-03-06 09:20:00+05:30,940.0,942.7999877929688,937.3499755859375,939.0499877929688,59580
2026-03-06 09:25:00+05:30,939.0999755859375,942.7999877929688,939.0999755859375,941.8499755859375,25222
2026-03-06 09:30:00+05:30,941.4500122070312,941.8499755859375,939.2999877929688,939.2999877929688,18262
2026-03-06 09:35:00+05:30,939.5,939.5,936.5,936.7999877929688,35742
2026-03-06 09:40:00+05:30,936.5,937.7000122070312,935.0,935.5999755859375,26681
2026-03-06 09:45:00+05:30,935.75,938.0,935.2000122070312,936.5499877929688,16864
2026-03-06 09:50:00+05:30,936.5,940.0499877929688,936.5,939.5499877929688,25102
2026-03-06 09:55:00+05:30,940.0,942.4000244140625,939.7000122070312,941.7000122070312,21263
2026-03-06 10:00:00+05:30,941.2999877929688,941.2999877929688,938.0999755859375,939.4000244140625,24292
2026-03-06 10:05:00+05:30,939.4000244140625,939.7999877929688,936.7999877929688,938.5,24899
2026-03-06 10:10:00+05:30,938.8499755859375,939.0,936.7000122070312,937.2999877929688,14040
2026-03-06 10:15:00+05:30,937.2999877929688,937.9000244140625,936.6500244140625,937.0999755859375,16858
2026-03-06 10:20:00+05:30,937.5,937.5,936.0,937.0,12474
2026-03-06 10:25:00+05:30,937.0,938.0,936.25,936.7999877929688,8359
2026-03-06 10:30:00+05:30,937.2000122070312,937.2000122070312,935.5999755859375,936.2999877929688,6026
2026-03-06 10:35:00+05:30,936.2000122070312,937.0999755859375,935.5,936.0,8273
2026-03-06 10:40:00+05:30,936.4500122070312,937.6500244140625,935.75,937.6500244140625,8367
2026-03-06 10:45:00+05:30,938.0,939.4500122070312,935.75,935.75,20987
2026-03-06 10:50:00+05:30,935.4500122070312,936.4000244140625,935.4500122070312,936.0,6620
2026-03-06 10:55:00+05:30,936.0,936.0,934.7999877929688,935.8499755859375,16838
2026-03-06 11:00:00+05:30,935.2999877929688,936.0999755859375,932.5999755859375,935.2000122070312,11136
2026-03-06 11:05:00+05:30,935.5,937.9000244140625,935.25,937.5499877929688,16274
2026-03-06 11:10:00+05:30,937.9000244140625,937.9000244140625,935.25,936.2000122070312,4371
2026-03-06 11:15:00+05:30,936.2000122070312,936.2000122070312,935.2999877929688,935.75,4564
2026-03-06 11:20:00+05:30,936.0,936.5,934.0,934.0499877929688,12437
2026-03-06 11:25:00+05:30,934.0499877929688,934.9000244140625,933.4500122070312,934.7000122070312,5593
2026-03-06 11:30:00+05:30,935.0,935.2000122070312,934.0,934.7000122070312,3084
2026-03-06 11:35:00+05:30,934.7000122070312,935.8499755859375,934.7000122070312,935.7999877929688,2497
2026-03-06 11:40:00+05:30,936.0499877929688,936.75,934.4000244140625,934.4000244140625,4706
2026-03-06 11:45:00+05:30,934.7999877929688,936.1500244140625,934.5,936.1500244140625,3140
2026-03-06 11:50:00+05:30,935.6500244140625,936.7999877929688,935.6500244140625,936.0999755859375,2229
2026-03-06 11:55:00+05:30,936.4500122070312,936.4500122070312,935.2999877929688,935.5999755859375,5094
2026-03-06 12:00:00+05:30,935.5999755859375,936.5499877929688,935.1500244140625,936.0,4683
2026-03-06 12:05:00+05:30,936.25,939.0,936.0,938.7000122070312,11027
2026-03-06 12:10:00+05:30,939.0,939.0,938.0,938.0,8094
2026-03-06 12:15:00+05:30,938.2000122070312,938.2000122070312,936.9000244140625,936.9000244140625,4438
2026-03-06 12:20:00+05:30,936.5,937.4500122070312,936.1500244140625,937.25,4118
2026-03-06 12:25:00+05:30,937.0999755859375,939.0,936.5,936.5999755859375,11183
2026-03-06 12:30:00+05:30,936.5999755859375,938.0,933.75,934.5999755859375,29663
2026-03-06 12:35:00+05:30,934.5,935.3499755859375,934.1500244140625,934.4500122070312,6656
2026-03-06 12:40:00+05:30,934.1500244140625,936.0,933.5,935.4500122070312,6273
2026-03-06 12:45:00+05:30,935.6500244140625,935.9500122070312,934.2999877929688,934.9000244140625,1313
2026-03-06 12:50:00+05:30,935.3499755859375,936.0,935.0999755859375,935.4500122070312,3311
2026-03-06 12:55:00+05:30,935.4500122070312,935.4500122070312,934.9000244140625,935.2000122070312,4932
2026-03-06 13:00:00+05:30,935.4500122070312,936.0,934.0999755859375,934.9500122070312,4356
2026-03-06 13:05:00+05:30,934.4500122070312,934.9000244140625,933.0499877929688,933.5,8666
2026-03-06 13:10:00+05:30,933.4000244140625,934.4000244140625,933.4000244140625,933.9000244140625,2160
2026-03-06 13:15:00+05:30,933.9000244140625,934.7000122070312,933.8499755859375,934.0,2057
2026-03-06 13:20:00+05:30,934.0,935.0999755859375,933.5999755859375,934.8499755859375,3255
2026-03-06 13:25:00+05:30,934.5,934.9000244140625,934.0499877929688,934.25,3548
2026-03-06 13:30:00+05:30,934.25,934.9500122070312,932.9500122070312,933.4500122070312,7407
2026-03-06 13:35:00+05:30,933.5999755859375,935.5,932.9500122070312,934.6500244140625,4268
2026-03-06 13:40:00+05:30,934.2999877929688,935.2999877929688,934.2999877929688,934.7999877929688,3259
2026-03-06 13:45:00+05:30,934.7999877929688,934.9000244140625,933.5999755859375,934.5,4506
2026-03-06 13:50:00+05:30,934.0499877929688,935.9500122070312,934.0,934.0,18457
2026-03-06 13:55:00+05:30,934.0,934.4500122070312,932.5,932.8499755859375,11540
2026-03-06 14:00:00+05:30,932.8499755859375,934.0,931.5999755859375,932.9000244140625,12951
2026-03-06 14:05:00+05:30,932.5499877929688,933.5,932.0999755859375,933.5,10029
2026-03-06 14:10:00+05:30,933.25,934.0,932.25,932.6500244140625,4281
2026-03-06 14:15:00+05:30,932.5999755859375,933.4500122070312,932.1500244140625,933.1500244140625,5457
2026-03-06 14:20:00+05:30,933.25,933.25,931.6500244140625,932.5499877929688,6373
2026-03-06 14:25:00+05:30,932.6500244140625,933.2999877929688,932.0,932.5499877929688,10293
2026-03-06 14:30:00+05:30,932.8499755859375,932.9000244140625,931.8499755859375,932.5,10024
2026-03-06 14:35:00+05:30,932.5,932.5499877929688,930.4500122070312,930.7999877929688,5010
2026-03-06 14:40:00+05:30,930.75,930.7999877929688,929.2999877929688,930.2000122070312,14920
2026-03-06 14:45:00+05:30,930.2000122070312,931.25,926.0499877929688,927.25,46218
2026-03-06 14:50:00+05:30,927.2000122070312,928.5499877929688,926.25,928.0,16389
2026-03-06 14:55:00+05:30,927.75,927.9000244140625,924.5,924.8499755859375,22585
2026-03-06 15:00:00+05:30,924.9000244140625,924.9000244140625,922.5499877929688,922.9000244140625,41338
2026-03-06 15:05:00+05:30,923.2000122070312,923.2000122070312,920.0499877929688,920.25,42043
2026-03-06 15:10:00+05:30,920.25,920.4500122070312,917.5,918.25,35880
2026-03-06 15:15:00+05:30,918.4500122070312,918.4500122070312,916.0,916.0,41789
2026-03-06 15:20:00+05:30,916.2999877929688,917.2999877929688,912.5999755859375,913.6500244140625,59347
2026-03-06 15:25:00+05:30,913.75,917.0499877929688,912.6500244140625,915.0,52767
