Datetime,Close,High,Low,Open,Volume
2025-12-10 09:20:00+05:30,1537.800048828125,1539.4000244140625,1537.0999755859375,1539.199951171875,124923
2025-12-10 09:25:00+05:30,1539.300048828125,1539.4000244140625,1537.0,1537.800048828125,117526
2025-12-10 09:30:00+05:30,1539.0,1540.4000244140625,1537.800048828125,1539.4000244140625,108603
2025-12-10 09:35:00+05:30,1538.300048828125,1541.0,1538.0999755859375,1539.0,170641
2025-12-10 09:40:00+05:30,1537.5999755859375,1538.5,1537.0999755859375,1538.5,54286
2025-12-10 09:45:00+05:30,1536.699951171875,1539.5,1536.300048828125,1537.5999755859375,75243
2025-12-10 09:50:00+05:30,1536.699951171875,1537.199951171875,1535.699951171875,1536.199951171875,45802
2025-12-10 09:55:00+05:30,1533.9000244140625,1536.699951171875,1533.199951171875,1536.699951171875,45230
2025-12-10 10:00:00+05:30,1535.0999755859375,1535.5,1534.0,1534.0999755859375,32485
2025-12-10 10:05:00+05:30,1537.699951171875,1539.0999755859375,1535.0999755859375,1535.0999755859375,75960
2025-12-10 10:10:00+05:30,1541.699951171875,1542.9000244140625,1537.9000244140625,1538.199951171875,160999
2025-12-10 10:15:00+05:30,1541.0,1544.5,1540.4000244140625,1541.699951171875,149869
2025-12-10 10:20:00+05:30,1542.0,1542.5,1540.9000244140625,1541.5999755859375,33237
2025-12-10 10:25:00+05:30,1539.5,1543.0,1539.0999755859375,1541.5999755859375,88439
2025-12-10 10:30:00+05:30,1546.300048828125,1547.199951171875,1539.0999755859375,1539.5999755859375,299853
2025-12-10 10:35:00+05:30,1545.300048828125,1547.5,1545.300048828125,1546.5,143952
2025-12-10 10:40:00+05:30,1546.0,1546.5,1543.5999755859375,1545.5,117099
2025-12-10 10:45:00+05:30,1545.0,1546.699951171875,1544.199951171875,1546.0,75350
2025-12-10 10:50:00+05:30,1543.5,1545.199951171875,1543.0,1545.0,53259
2025-12-10 10:55:00+05:30,1541.0999755859375,1543.5,1541.0999755859375,1543.5,69388
2025-12-10 11:00:00+05:30,1544.5999755859375,1545.0999755859375,1540.5999755859375,1541.300048828125,112753
2025-12-10 11:05:00+05:30,1545.4000244140625,1545.5999755859375,1544.0,1544.300048828125,97717
2025-12-10 11:10:00+05:30,1546.5,1546.9000244140625,1545.0,1545.4000244140625,124335
2025-12-10 11:15:00+05:30,1545.199951171875,1546.5,1545.0,1546.5,66844
2025-12-10 11:20:00+05:30,1545.0,1545.800048828125,1544.9000244140625,1545.5,84276
2025-12-10 11:25:00+05:30,1545.0,1545.5,1545.0,1545.0,108061
2025-12-10 11:30:00+05:30,1545.0999755859375,1545.5,1544.9000244140625,1545.0999755859375,89899
2025-12-10 11:35:00+05:30,1545.0,1546.0,1545.0,1545.0999755859375,164488
2025-12-10 11:40:00+05:30,1543.699951171875,1546.0,1542.699951171875,1545.0999755859375,107744
2025-12-10 11:45:00+05:30,1542.199951171875,1544.0,1542.0,1543.699951171875,55863
2025-12-10 11:50:00+05:30,1542.4000244140625,1543.5,1542.0,1542.199951171875,85923
2025-12-10 11:55:00+05:30,1542.4000244140625,1543.0,1541.9000244140625,1542.4000244140625,72054
2025-12-10 12:00:00+05:30,1540.5999755859375,1542.4000244140625,1539.300048828125,1542.300048828125,96297
2025-12-10 12:05:00+05:30,1539.199951171875,1542.9000244140625,1539.199951171875,1540.5999755859375,84367
2025-12-10 12:10:00+05:30,1538.300048828125,1540.199951171875,1537.5,1539.199951171875,76445
2025-12-10 12:15:00+05:30,1538.699951171875,1538.9000244140625,1537.5,1538.5,46018
2025-12-10 12:20:00+05:30,1539.0,1539.5,1538.0999755859375,1538.5999755859375,52713
2025-12-10 12:25:00+05:30,1538.5,1539.300048828125,1537.5,1539.0999755859375,60759
2025-12-10 12:30:00+05:30,1537.300048828125,1538.800048828125,1536.5999755859375,1538.4000244140625,79849
2025-12-10 12:35:00+05:30,1536.0999755859375,1537.5,1535.5,1537.300048828125,85053
2025-12-10 12:40:00+05:30,1536.199951171875,1537.199951171875,1535.5,1535.9000244140625,61804
2025-12-10 12:45:00+05:30,1537.800048828125,1538.0,1535.9000244140625,1536.199951171875,62740
2025-12-10 12:50:00+05:30,1537.199951171875,1538.0,1536.5,1537.5,34822
2025-12-10 12:55:00+05:30,1538.0,1538.5,1537.300048828125,1537.300048828125,51070
2025-12-10 13:00:00+05:30,1537.9000244140625,1538.300048828125,1537.5,1537.9000244140625,22470
2025-12-10 13:05:00+05:30,1537.9000244140625,1538.0,1537.0,1537.9000244140625,38366
2025-12-10 13:10:00+05:30,1537.199951171875,1538.0999755859375,1537.0,1537.9000244140625,32259
2025-12-10 13:15:00+05:30,1538.5999755859375,1538.5999755859375,1537.0,1537.4000244140625,47904
2025-12-10 13:20:00+05:30,1539.0,1539.4000244140625,1537.699951171875,1538.5999755859375,74232
2025-12-10 13:25:00+05:30,1539.699951171875,1539.800048828125,1538.0999755859375,1538.9000244140625,70601
2025-12-10 13:30:00+05:30,1539.5,1540.0,1539.199951171875,1539.5,48605
2025-12-10 13:35:00+05:30,1541.0999755859375,1542.699951171875,1539.199951171875,1539.4000244140625,150696
2025-12-10 13:40:00+05:30,1541.0999755859375,1543.0,1541.0999755859375,1541.4000244140625,65463
2025-12-10 13:45:00+05:30,1541.5999755859375,1542.300048828125,1540.800048828125,1541.5,68885
2025-12-10 13:50:00+05:30,1541.699951171875,1542.5,1540.300048828125,1541.5999755859375,121147
2025-12-10 13:55:00+05:30,1540.199951171875,1541.9000244140625,1539.9000244140625,1541.9000244140625,55393
2025-12-10 14:00:00+05:30,1538.0,1540.5,1537.699951171875,1540.199951171875,181433
2025-12-10 14:05:00+05:30,1538.4000244140625,1538.9000244140625,1537.0999755859375,1538.199951171875,104094
2025-12-10 14:10:00+05:30,1538.0999755859375,1538.699951171875,1537.5,1538.4000244140625,59872
2025-12-10 14:15:00+05:30,1537.5999755859375,1539.0999755859375,1537.5,1538.0,77466
2025-12-10 14:20:00+05:30,1536.5,1538.0,1536.199951171875,1538.0,72967
2025-12-10 14:25:00+05:30,1536.0,1537.0999755859375,1535.5,1536.9000244140625,81096
2025-12-10 14:30:00+05:30,1538.800048828125,1539.0999755859375,1535.9000244140625,1535.9000244140625,268196
2025-12-10 14:35:00+05:30,1538.0,1539.0,1537.199951171875,1538.800048828125,90058
2025-12-10 14:40:00+05:30,1538.0999755859375,1538.4000244140625,1537.5,1538.0,84916
2025-12-10 14:45:00+05:30,1538.5999755859375,1538.9000244140625,1537.800048828125,1538.199951171875,76468
2025-12-10 14:50:00+05:30,1537.699951171875,1539.199951171875,1537.5,1538.699951171875,106249
2025-12-10 14:55:00+05:30,1537.9000244140625,1538.4000244140625,1536.5,1537.699951171875,84439
2025-12-10 15:00:00+05:30,1538.300048828125,1539.199951171875,1537.9000244140625,1537.9000244140625,249613
2025-12-10 15:05:00+05:30,1537.800048828125,1538.800048828125,1537.5999755859375,1538.300048828125,243009
2025-12-10 15:10:00+05:30,1538.300048828125,1538.5,1537.699951171875,1537.699951171875,209071
2025-12-10 15:15:00+05:30,1537.0999755859375,1538.699951171875,1537.0,1538.4000244140625,252224
2025-12-10 15:20:00+05:30,1533.5999755859375,1537.199951171875,1533.0,1537.0,299824
2025-12-10 15:25:00+05:30,1533.5,1534.9000244140625,1532.0999755859375,1533.5,253238
2025-12-11 09:20:00+05:30,1532.199951171875,1535.800048828125,1531.5,1535.0999755859375,70341
2025-12-11 09:25:00+05:30,1531.199951171875,1532.5999755859375,1530.5,1531.9000244140625,80456
2025-12-11 09:30:00+05:30,1532.199951171875,1532.199951171875,1528.5,1531.5999755859375,92477
2025-12-11 09:35:00+05:30,1525.800048828125,1532.300048828125,1525.800048828125,1531.9000244140625,111628
2025-12-11 09:40:00+05:30,1526.800048828125,1527.0,1524.0999755859375,1525.5999755859375,65658
2025-12-11 09:45:00+05:30,1527.5,1527.699951171875,1525.0,1526.5,57548
2025-12-11 09:50:00+05:30,1526.300048828125,1527.0,1524.0,1527.0,42858
2025-12-11 09:55:00+05:30,1526.199951171875,1527.300048828125,1525.0999755859375,1526.199951171875,45449
2025-12-11 10:00:00+05:30,1528.0,1528.0,1526.0,1526.0999755859375,33793
2025-12-11 10:05:00+05:30,1530.4000244140625,1530.800048828125,1528.0,1528.0999755859375,50671
2025-12-11 10:10:00+05:30,1533.0999755859375,1533.0999755859375,1530.0,1530.0999755859375,49335
2025-12-11 10:15:00+05:30,1532.699951171875,1534.0,1532.199951171875,1533.5999755859375,57385
2025-12-11 10:20:00+05:30,1533.5999755859375,1534.0,1531.5999755859375,1533.0,50747
2025-12-11 10:25:00+05:30,1533.800048828125,1533.800048828125,1532.800048828125,1533.0999755859375,28395
2025-12-11 10:30:00+05:30,1534.5,1535.0,1533.0,1533.699951171875,40686
2025-12-11 10:35:00+05:30,1534.5,1535.0,1534.0,1534.5,42568
2025-12-11 10:40:00+05:30,1534.0999755859375,1535.5999755859375,1533.800048828125,1535.0,30210
2025-12-11 10:45:00+05:30,1535.0,1535.0,1534.0999755859375,1534.4000244140625,15944
2025-12-11 10:50:00+05:30,1533.5999755859375,1535.0999755859375,1533.5,1535.0,40173
2025-12-11 10:55:00+05:30,1533.9000244140625,1535.4000244140625,1533.199951171875,1534.0,21790
2025-12-11 11:00:00+05:30,1533.0,1535.0,1531.5999755859375,1533.9000244140625,37357
2025-12-11 11:05:00+05:30,1534.699951171875,1535.0,1533.0,1533.300048828125,26617
2025-12-11 11:10:00+05:30,1535.0,1536.5,1534.199951171875,1534.800048828125,56698
2025-12-11 11:15:00+05:30,1535.300048828125,1536.199951171875,1534.5,1535.5999755859375,22879
2025-12-11 11:20:00+05:30,1536.699951171875,1537.5,1535.0,1535.699951171875,33737
2025-12-11 11:25:00+05:30,1537.800048828125,1538.9000244140625,1536.300048828125,1537.300048828125,61525
2025-12-11 11:30:00+05:30,1538.0999755859375,1539.5999755859375,1537.4000244140625,1537.5,34445
2025-12-11 11:35:00+05:30,1538.0,1538.800048828125,1536.800048828125,1538.4000244140625,29649
2025-12-11 11:40:00+05:30,1537.300048828125,1537.699951171875,1536.5999755859375,1537.699951171875,26946
2025-12-11 11:45:00+05:30,1537.699951171875,1538.0,1535.4000244140625,1537.4000244140625,134270
2025-12-11 11:50:00+05:30,1538.199951171875,1539.199951171875,1536.5999755859375,1537.800048828125,33942
2025-12-11 11:55:00+05:30,1539.199951171875,1539.9000244140625,1538.0,1538.0,38215
2025-12-11 12:00:00+05:30,1544.0999755859375,1544.0999755859375,1539.0999755859375,1539.300048828125,87161
2025-12-11 12:05:00+05:30,1543.5,1544.699951171875,1542.300048828125,1544.0999755859375,90240
2025-12-11 12:10:00+05:30,1543.0999755859375,1544.0,1542.699951171875,1543.9000244140625,35907
2025-12-11 12:15:00+05:30,1544.800048828125,1545.0,1542.300048828125,1543.4000244140625,48777
2025-12-11 12:20:00+05:30,1545.800048828125,1546.800048828125,1544.4000244140625,1544.800048828125,125148
2025-12-11 12:25:00+05:30,1548.0999755859375,1550.0,1545.5,1545.5,234303
2025-12-11 12:30:00+05:30,1548.0,1549.5999755859375,1547.5999755859375,1548.699951171875,36342
2025-12-11 12:35:00+05:30,1547.4000244140625,1548.9000244140625,1547.300048828125,1548.0999755859375,36815
2025-12-11 12:40:00+05:30,1547.5999755859375,1548.0,1546.300048828125,1547.5999755859375,39425
2025-12-11 12:45:00+05:30,1548.0,1548.9000244140625,1547.4000244140625,1548.0,34049
2025-12-11 12:50:00+05:30,1547.0,1548.199951171875,1545.800048828125,1547.9000244140625,48104
2025-12-11 12:55:00+05:30,1546.199951171875,1547.199951171875,1545.5999755859375,1547.0,33170
2025-12-11 13:00:00+05:30,1546.4000244140625,1548.300048828125,1545.5999755859375,1546.4000244140625,50505
2025-12-11 13:05:00+05:30,1545.5,1547.0,1545.0999755859375,1546.4000244140625,36769
2025-12-11 13:10:00+05:30,1546.4000244140625,1546.800048828125,1544.5999755859375,1545.5,43015
2025-12-11 13:15:00+05:30,1546.199951171875,1547.800048828125,1546.0999755859375,1546.4000244140625,41072
2025-12-11 13:20:00+05:30,1545.5,1546.9000244140625,1544.9000244140625,1546.5,38795
2025-12-11 13:25:00+05:30,1544.9000244140625,1546.0,1544.300048828125,1545.5999755859375,32050
2025-12-11 13:30:00+05:30,1545.199951171875,1546.0999755859375,1544.5999755859375,1545.199951171875,84252
2025-12-11 13:35:00+05:30,1545.5,1546.4000244140625,1545.0,1545.199951171875,34751
2025-12-11 13:40:00+05:30,1545.4000244140625,1546.0999755859375,1545.0,1545.5,37451
2025-12-11 13:45:00+05:30,1546.4000244140625,1546.4000244140625,1544.5,1545.4000244140625,37805
2025-12-11 13:50:00+05:30,1545.5999755859375,1546.4000244140625,1544.5999755859375,1546.4000244140625,48726
2025-12-11 13:55:00+05:30,1546.199951171875,1546.9000244140625,1545.699951171875,1545.9000244140625,49968
2025-12-11 14:00:00+05:30,1543.800048828125,1546.199951171875,1543.5999755859375,1546.199951171875,34921
2025-12-11 14:05:00+05:30,1544.5,1545.0,1543.300048828125,1543.5999755859375,43107
2025-12-11 14:10:00+05:30,1543.5,1545.0,1543.0,1544.5,33849
2025-12-11 14:15:00+05:30,1544.199951171875,1544.699951171875,1543.0,1543.5999755859375,53087
2025-12-11 14:20:00+05:30,1543.5999755859375,1545.0999755859375,1543.4000244140625,1544.199951171875,25689
2025-12-11 14:25:00+05:30,1546.0,1546.0,1543.4000244140625,1544.199951171875,205021
2025-12-11 14:30:00+05:30,1545.5999755859375,1546.800048828125,1545.0999755859375,1546.300048828125,91253
2025-12-11 14:35:00+05:30,1545.300048828125,1546.0,1545.0999755859375,1546.0,23381
2025-12-11 14:40:00+05:30,1544.300048828125,1545.5999755859375,1544.0999755859375,1545.199951171875,58479
2025-12-11 14:45:00+05:30,1542.5,1544.699951171875,1542.199951171875,1544.4000244140625,170088
2025-12-11 14:50:00+05:30,1542.4000244140625,1543.9000244140625,1541.4000244140625,1542.5,159392
2025-12-11 14:55:00+05:30,1543.4000244140625,1543.5999755859375,1541.9000244140625,1542.4000244140625,44813
2025-12-11 15:00:00+05:30,1544.800048828125,1545.4000244140625,1543.5999755859375,1543.5999755859375,118192
2025-12-11 15:05:00+05:30,1546.0,1546.0999755859375,1544.5,1544.800048828125,101515
2025-12-11 15:10:00+05:30,1544.5,1546.199951171875,1544.199951171875,1546.0999755859375,96520
2025-12-11 15:15:00+05:30,1545.800048828125,1545.9000244140625,1544.4000244140625,1544.5,107826
2025-12-11 15:20:00+05:30,1545.9000244140625,1546.0999755859375,1545.4000244140625,1545.9000244140625,85783
2025-12-11 15:25:00+05:30,1543.0,1546.199951171875,1543.0,1545.9000244140625,113458
2025-12-12 09:20:00+05:30,1552.199951171875,1555.0,1551.5,1554.300048828125,102128
2025-12-12 09:25:00+05:30,1551.5,1551.800048828125,1550.0,1551.699951171875,46268
2025-12-12 09:30:00+05:30,1551.9000244140625,1553.9000244140625,1551.300048828125,1551.5999755859375,60901
2025-12-12 09:35:00+05:30,1552.300048828125,1552.800048828125,1550.0999755859375,1551.9000244140625,57368
2025-12-12 09:40:00+05:30,1551.9000244140625,1552.699951171875,1551.5999755859375,1552.5,36625
2025-12-12 09:45:00+05:30,1550.9000244140625,1552.4000244140625,1550.5999755859375,1551.5999755859375,44906
2025-12-12 09:50:00+05:30,1551.0,1551.5999755859375,1550.5,1551.5,19458
2025-12-12 09:55:00+05:30,1550.300048828125,1551.0999755859375,1550.199951171875,1551.0,22405
2025-12-12 10:00:00+05:30,1551.300048828125,1551.300048828125,1549.0999755859375,1551.0,61492
2025-12-12 10:05:00+05:30,1551.0999755859375,1551.9000244140625,1551.0,1551.300048828125,26826
2025-12-12 10:10:00+05:30,1551.5999755859375,1551.5999755859375,1550.0,1551.0999755859375,36255
2025-12-12 10:15:00+05:30,1551.9000244140625,1552.0,1551.0,1551.300048828125,32700
2025-12-12 10:20:00+05:30,1549.4000244140625,1552.0,1549.199951171875,1551.699951171875,68261
2025-12-12 10:25:00+05:30,1549.300048828125,1550.300048828125,1547.199951171875,1549.800048828125,141743
2025-12-12 10:30:00+05:30,1550.5,1550.699951171875,1549.0,1549.300048828125,31093
2025-12-12 10:35:00+05:30,1549.4000244140625,1551.0,1549.4000244140625,1550.5,36962
2025-12-12 10:40:00+05:30,1548.4000244140625,1549.800048828125,1547.5999755859375,1549.800048828125,40967
2025-12-12 10:45:00+05:30,1547.699951171875,1548.699951171875,1546.699951171875,1548.4000244140625,85961
2025-12-12 10:50:00+05:30,1548.4000244140625,1548.5,1546.5999755859375,1547.699951171875,33493
2025-12-12 10:55:00+05:30,1548.4000244140625,1549.300048828125,1547.699951171875,1548.4000244140625,29807
2025-12-12 11:00:00+05:30,1549.9000244140625,1550.0,1548.4000244140625,1548.4000244140625,55756
2025-12-12 11:05:00+05:30,1550.5999755859375,1550.9000244140625,1549.4000244140625,1549.9000244140625,64415
2025-12-12 11:10:00+05:30,1552.5999755859375,1552.5999755859375,1550.5999755859375,1550.5999755859375,66140
2025-12-12 11:15:00+05:30,1553.4000244140625,1553.4000244140625,1552.0999755859375,1552.5,40405
2025-12-12 11:20:00+05:30,1553.199951171875,1553.5,1552.800048828125,1553.300048828125,41676
2025-12-12 11:25:00+05:30,1553.5,1553.5,1552.5,1553.0999755859375,30648
2025-12-12 11:30:00+05:30,1553.9000244140625,1554.0,1553.0999755859375,1553.5,36185
2025-12-12 11:35:00+05:30,1552.699951171875,1553.9000244140625,1552.699951171875,1553.5,27866
2025-12-12 11:40:00+05:30,1553.800048828125,1553.800048828125,1552.5999755859375,1552.5999755859375,23122
2025-12-12 11:45:00+05:30,1553.0999755859375,1553.800048828125,1552.199951171875,1553.800048828125,29948
2025-12-12 11:50:00+05:30,1553.699951171875,1554.0,1552.5999755859375,1553.0999755859375,25698
2025-12-12 11:55:00+05:30,1556.5,1556.699951171875,1553.300048828125,1553.5999755859375,119660
2025-12-12 12:00:00+05:30,1557.199951171875,1558.800048828125,1556.5999755859375,1556.5999755859375,92087
2025-12-12 12:05:00+05:30,1556.9000244140625,1557.9000244140625,1556.0,1556.800048828125,49010
2025-12-12 12:10:00+05:30,1557.0,1557.0,1555.5,1556.9000244140625,47041
2025-12-12 12:15:00+05:30,1557.300048828125,1557.4000244140625,1556.0999755859375,1556.9000244140625,48053
2025-12-12 12:20:00+05:30,1558.300048828125,1558.699951171875,1556.9000244140625,1557.4000244140625,57943
2025-12-12 12:25:00+05:30,1557.9000244140625,1558.9000244140625,1557.199951171875,1558.4000244140625,47094
2025-12-12 12:30:00+05:30,1558.5,1558.5999755859375,1557.0,1557.9000244140625,35724
2025-12-12 12:35:00+05:30,1557.0,1558.5,1557.0,1558.5,49112
2025-12-12 12:40:00+05:30,1556.4000244140625,1557.5,1556.0999755859375,1557.199951171875,47485
2025-12-12 12:45:00+05:30,1554.800048828125,1557.0,1554.699951171875,1556.800048828125,88954
2025-12-12 12:50:00+05:30,1556.5,1556.5999755859375,1554.199951171875,1555.0,59694
2025-12-12 12:55:00+05:30,1557.0,1557.0,1555.9000244140625,1556.5,45131
2025-12-12 13:00:00+05:30,1557.300048828125,1557.5999755859375,1556.5,1557.0,38521
2025-12-12 13:05:00+05:30,1557.0,1557.4000244140625,1555.800048828125,1557.4000244140625,56945
2025-12-12 13:10:00+05:30,1558.0,1558.0,1556.699951171875,1557.0,38345
2025-12-12 13:15:00+05:30,1558.0999755859375,1558.199951171875,1557.5,1558.0,39983
2025-12-12 13:20:00+05:30,1557.699951171875,1558.300048828125,1557.199951171875,1558.199951171875,35078
2025-12-12 13:25:00+05:30,1557.800048828125,1558.5,1557.300048828125,1557.699951171875,50582
2025-12-12 13:30:00+05:30,1557.0999755859375,1558.0,1556.699951171875,1557.800048828125,44724
2025-12-12 13:35:00+05:30,1557.699951171875,1558.0,1557.0999755859375,1557.199951171875,38408
2025-12-12 13:40:00+05:30,1558.300048828125,1559.0,1557.800048828125,1558.0,58902
2025-12-12 13:45:00+05:30,1558.699951171875,1558.9000244140625,1557.300048828125,1558.4000244140625,38800
2025-12-12 13:50:00+05:30,1558.300048828125,1558.9000244140625,1557.5,1558.9000244140625,44436
2025-12-12 13:55:00+05:30,1558.300048828125,1558.699951171875,1557.800048828125,1558.4000244140625,63389
2025-12-12 14:00:00+05:30,1558.800048828125,1558.9000244140625,1558.0999755859375,1558.300048828125,49262
2025-12-12 14:05:00+05:30,1559.800048828125,1559.800048828125,1558.800048828125,1558.800048828125,93669
2025-12-12 14:10:00+05:30,1559.0999755859375,1559.800048828125,1558.199951171875,1559.699951171875,91332
2025-12-12 14:15:00+05:30,1559.699951171875,1559.800048828125,1558.5999755859375,1559.0,56736
2025-12-12 14:20:00+05:30,1559.0,1559.800048828125,1558.199951171875,1559.800048828125,57964
2025-12-12 14:25:00+05:30,1558.699951171875,1559.199951171875,1558.5999755859375,1559.0,62176
2025-12-12 14:30:00+05:30,1558.9000244140625,1559.0,1558.0999755859375,1558.800048828125,53684
2025-12-12 14:35:00+05:30,1557.5,1558.9000244140625,1557.199951171875,1558.800048828125,91091
2025-12-12 14:40:00+05:30,1558.699951171875,1558.9000244140625,1557.300048828125,1557.4000244140625,77293
2025-12-12 14:45:00+05:30,1557.300048828125,1558.699951171875,1557.0999755859375,1558.5,68350
2025-12-12 14:50:00+05:30,1556.800048828125,1557.4000244140625,1555.699951171875,1557.4000244140625,87441
2025-12-12 14:55:00+05:30,1556.4000244140625,1557.9000244140625,1556.0,1556.699951171875,103382
2025-12-12 15:00:00+05:30,1557.4000244140625,1558.9000244140625,1556.699951171875,1556.9000244140625,220449
2025-12-12 15:05:00+05:30,1557.5999755859375,1558.0,1557.199951171875,1557.4000244140625,172236
2025-12-12 15:10:00+05:30,1556.699951171875,1557.9000244140625,1556.300048828125,1557.5999755859375,222443
2025-12-12 15:15:00+05:30,1555.4000244140625,1556.9000244140625,1555.199951171875,1556.9000244140625,250639
2025-12-12 15:20:00+05:30,1555.0999755859375,1555.800048828125,1554.199951171875,1555.300048828125,211373
2025-12-12 15:25:00+05:30,1554.300048828125,1555.5,1554.0999755859375,1555.199951171875,152168
2025-12-15 09:20:00+05:30,1549.5,1552.300048828125,1549.0,1552.300048828125,121408
2025-12-15 09:25:00+05:30,1548.800048828125,1550.5999755859375,1548.5,1549.5,100401
2025-12-15 09:30:00+05:30,1547.800048828125,1549.300048828125,1547.5999755859375,1548.699951171875,126738
2025-12-15 09:35:00+05:30,1548.0999755859375,1549.9000244140625,1547.699951171875,1547.800048828125,77616
2025-12-15 09:40:00+05:30,1548.0,1549.4000244140625,1546.5,1547.9000244140625,74494
2025-12-15 09:45:00+05:30,1549.300048828125,1549.4000244140625,1547.0,1548.0,81805
2025-12-15 09:50:00+05:30,1551.0,1551.9000244140625,1549.4000244140625,1549.4000244140625,100213
2025-12-15 09:55:00+05:30,1551.4000244140625,1551.9000244140625,1550.5,1551.0,69584
2025-12-15 10:00:00+05:30,1551.5,1552.800048828125,1550.9000244140625,1551.5,71750
2025-12-15 10:05:00+05:30,1551.9000244140625,1552.199951171875,1550.800048828125,1551.5,53014
2025-12-15 10:10:00+05:30,1552.0999755859375,1552.9000244140625,1550.800048828125,1551.5999755859375,64882
2025-12-15 10:15:00+05:30,1551.4000244140625,1553.0999755859375,1550.800048828125,1552.0999755859375,46896
2025-12-15 10:20:00+05:30,1550.5,1551.5,1550.4000244140625,1551.300048828125,37814
2025-12-15 10:25:00+05:30,1551.5,1551.5999755859375,1549.5,1550.199951171875,51113
2025-12-15 10:30:00+05:30,1550.9000244140625,1551.5,1550.0999755859375,1551.5,41850
2025-12-15 10:35:00+05:30,1549.300048828125,1551.0,1548.699951171875,1550.9000244140625,61820
2025-12-15 10:40:00+05:30,1550.300048828125,1550.4000244140625,1549.0,1549.0,44044
2025-12-15 10:45:00+05:30,1552.300048828125,1552.300048828125,1550.0,1550.199951171875,66619
2025-12-15 10:50:00+05:30,1551.9000244140625,1552.300048828125,1551.5,1552.300048828125,36823
2025-12-15 10:55:00+05:30,1551.199951171875,1552.5999755859375,1550.9000244140625,1551.9000244140625,50266
2025-12-15 11:00:00+05:30,1551.199951171875,1551.5999755859375,1550.9000244140625,1551.199951171875,30393
2025-12-15 11:05:00+05:30,1550.300048828125,1551.5,1549.9000244140625,1551.300048828125,63135
2025-12-15 11:10:00+05:30,1550.5,1551.199951171875,1550.0999755859375,1550.300048828125,45869
2025-12-15 11:15:00+05:30,1550.9000244140625,1551.0999755859375,1550.199951171875,1550.5,36564
2025-12-15 11:20:00+05:30,1551.0,1551.199951171875,1550.199951171875,1550.5,31367
2025-12-15 11:25:00+05:30,1552.300048828125,1552.4000244140625,1551.0,1551.0,51157
2025-12-15 11:30:00+05:30,1550.699951171875,1552.4000244140625,1550.4000244140625,1552.300048828125,53564
2025-12-15 11:35:00+05:30,1550.5,1551.300048828125,1550.0,1550.699951171875,54982
2025-12-15 11:40:00+05:30,1551.0999755859375,1551.199951171875,1550.5,1550.5999755859375,36597
2025-12-15 11:45:00+05:30,1552.0,1552.0,1550.9000244140625,1551.0999755859375,40550
2025-12-15 11:50:00+05:30,1553.0,1554.699951171875,1552.0,1552.0,80083
2025-12-15 11:55:00+05:30,1553.800048828125,1554.0,1552.9000244140625,1553.0999755859375,55257
2025-12-15 12:00:00+05:30,1554.0,1554.0,1553.5999755859375,1553.800048828125,42857
2025-12-15 12:05:00+05:30,1553.300048828125,1554.0999755859375,1553.0,1553.9000244140625,36175
2025-12-15 12:10:00+05:30,1554.5,1554.5,1553.199951171875,1553.4000244140625,40130
2025-12-15 12:15:00+05:30,1554.199951171875,1554.699951171875,1553.5,1554.4000244140625,51598
2025-12-15 12:20:00+05:30,1554.800048828125,1555.0,1554.300048828125,1554.300048828125,52576
2025-12-15 12:25:00+05:30,1554.699951171875,1555.0,1554.0,1554.699951171875,41493
2025-12-15 12:30:00+05:30,1555.0,1555.0,1554.4000244140625,1554.699951171875,38304
2025-12-15 12:35:00+05:30,1554.5,1555.0,1553.699951171875,1555.0,36198
2025-12-15 12:40:00+05:30,1554.9000244140625,1555.0,1554.300048828125,1554.5,37922
2025-12-15 12:45:00+05:30,1555.5,1555.699951171875,1554.0999755859375,1555.0,42561
2025-12-15 12:50:00+05:30,1555.0,1556.0,1554.9000244140625,1555.5,42944
2025-12-15 12:55:00+05:30,1555.0,1555.0,1553.5999755859375,1555.0,64910
2025-12-15 13:00:00+05:30,1555.800048828125,1555.800048828125,1554.699951171875,1555.0,38244
2025-12-15 13:05:00+05:30,1555.199951171875,1556.0,1555.0,1555.800048828125,40961
2025-12-15 13:10:00+05:30,1556.4000244140625,1556.5,1555.0,1555.199951171875,53840
2025-12-15 13:15:00+05:30,1555.800048828125,1556.5,1555.0,1556.5,52798
2025-12-15 13:20:00+05:30,1555.300048828125,1555.699951171875,1554.9000244140625,1555.699951171875,39495
2025-12-15 13:25:00+05:30,1554.5,1555.4000244140625,1554.0999755859375,1555.300048828125,54117
2025-12-15 13:30:00+05:30,1555.4000244140625,1555.5,1554.199951171875,1554.5,39739
2025-12-15 13:35:00+05:30,1555.300048828125,1556.0,1554.199951171875,1555.4000244140625,65200
2025-12-15 13:40:00+05:30,1554.800048828125,1556.0,1554.4000244140625,1555.5,42218
2025-12-15 13:45:00+05:30,1555.5999755859375,1555.5999755859375,1554.199951171875,1554.800048828125,47063
2025-12-15 13:50:00+05:30,1555.4000244140625,1555.699951171875,1554.199951171875,1555.5999755859375,34679
2025-12-15 13:55:00+05:30,1554.5999755859375,1555.5999755859375,1554.5,1555.5999755859375,45721
2025-12-15 14:00:00+05:30,1555.300048828125,1556.0999755859375,1554.5,1554.699951171875,86678
2025-12-15 14:05:00+05:30,1553.9000244140625,1555.9000244140625,1553.5999755859375,1555.4000244140625,111400
2025-12-15 14:10:00+05:30,1554.5,1554.5,1552.5,1553.800048828125,158160
2025-12-15 14:15:00+05:30,1554.699951171875,1555.0,1553.0999755859375,1554.5,59156
2025-12-15 14:20:00+05:30,1554.4000244140625,1555.0999755859375,1553.5,1554.699951171875,67646
2025-12-15 14:25:00+05:30,1554.199951171875,1554.5,1553.9000244140625,1554.4000244140625,54104
2025-12-15 14:30:00+05:30,1554.5,1554.5,1553.4000244140625,1554.300048828125,50675
2025-12-15 14:35:00+05:30,1554.5999755859375,1554.699951171875,1553.5999755859375,1554.5,73082
2025-12-15 14:40:00+05:30,1556.199951171875,1556.199951171875,1554.199951171875,1554.5,93498
2025-12-15 14:45:00+05:30,1556.199951171875,1558.0999755859375,1556.0,1556.0999755859375,303635
2025-12-15 14:50:00+05:30,1557.0,1557.0999755859375,1556.0999755859375,1556.199951171875,82615
2025-12-15 14:55:00+05:30,1556.4000244140625,1557.0999755859375,1556.199951171875,1557.0999755859375,73126
2025-12-15 15:00:00+05:30,1555.5999755859375,1557.0,1555.300048828125,1556.5,162467
2025-12-15 15:05:00+05:30,1556.800048828125,1557.300048828125,1555.0999755859375,1555.5999755859375,297006
2025-12-15 15:10:00+05:30,1556.0,1556.800048828125,1555.9000244140625,1556.699951171875,156826
2025-12-15 15:15:00+05:30,1555.300048828125,1556.0999755859375,1555.300048828125,1555.9000244140625,233933
2025-12-15 15:20:00+05:30,1555.800048828125,1555.800048828125,1555.199951171875,1555.5999755859375,125948
2025-12-15 15:25:00+05:30,1556.5,1557.5999755859375,1555.699951171875,1555.800048828125,185619
2025-12-16 09:20:00+05:30,1548.4000244140625,1549.5999755859375,1548.0,1548.5999755859375,79942
2025-12-16 09:25:00+05:30,1548.300048828125,1549.300048828125,1547.300048828125,1548.0999755859375,88198
2025-12-16 09:30:00+05:30,1547.0,1548.300048828125,1546.4000244140625,1548.300048828125,85005
2025-12-16 09:35:00+05:30,1545.699951171875,1547.0,1545.199951171875,1547.0,118680
2025-12-16 09:40:00+05:30,1545.0,1547.0999755859375,1544.199951171875,1545.699951171875,125398
2025-12-16 09:45:00+05:30,1546.0,1546.5999755859375,1544.5,1545.199951171875,49913
2025-12-16 09:50:00+05:30,1545.199951171875,1546.199951171875,1544.4000244140625,1545.699951171875,58833
2025-12-16 09:55:00+05:30,1543.300048828125,1545.699951171875,1543.0,1545.4000244140625,67930
2025-12-16 10:00:00+05:30,1542.0,1543.300048828125,1541.5999755859375,1543.300048828125,93050
2025-12-16 10:05:00+05:30,1541.4000244140625,1542.0999755859375,1541.0999755859375,1542.0,108373
2025-12-16 10:10:00+05:30,1540.9000244140625,1542.0,1540.300048828125,1541.4000244140625,51501
2025-12-16 10:15:00+05:30,1541.5999755859375,1542.0999755859375,1540.800048828125,1540.800048828125,60827
2025-12-16 10:20:00+05:30,1541.5,1542.0999755859375,1541.300048828125,1541.9000244140625,47907
2025-12-16 10:25:00+05:30,1540.800048828125,1541.9000244140625,1540.4000244140625,1541.5999755859375,37776
2025-12-16 10:30:00+05:30,1541.5,1543.199951171875,1540.0,1540.699951171875,75077
2025-12-16 10:35:00+05:30,1539.800048828125,1542.0999755859375,1539.0999755859375,1541.9000244140625,157779
2025-12-16 10:40:00+05:30,1540.699951171875,1541.0999755859375,1539.5999755859375,1539.800048828125,61593
2025-12-16 10:45:00+05:30,1540.800048828125,1541.699951171875,1540.300048828125,1540.699951171875,75197
2025-12-16 10:50:00+05:30,1541.800048828125,1542.199951171875,1540.0999755859375,1540.9000244140625,30944
2025-12-16 10:55:00+05:30,1541.300048828125,1542.199951171875,1539.699951171875,1541.699951171875,85135
2025-12-16 11:00:00+05:30,1540.5,1541.4000244140625,1540.0999755859375,1541.300048828125,23153
2025-12-16 11:05:00+05:30,1541.800048828125,1543.199951171875,1540.0999755859375,1540.5999755859375,42008
2025-12-16 11:10:00+05:30,1541.300048828125,1542.800048828125,1541.0,1541.800048828125,32374
2025-12-16 11:15:00+05:30,1543.0,1543.699951171875,1540.4000244140625,1541.300048828125,104868
2025-12-16 11:20:00+05:30,1542.9000244140625,1545.5999755859375,1542.4000244140625,1543.0,142483
2025-12-16 11:25:00+05:30,1543.5,1545.0,1542.300048828125,1543.199951171875,280780
2025-12-16 11:30:00+05:30,1543.0999755859375,1544.5,1543.0,1543.5,197782
2025-12-16 11:35:00+05:30,1543.699951171875,1544.0,1542.5999755859375,1543.0999755859375,32220
2025-12-16 11:40:00+05:30,1543.4000244140625,1544.0,1542.800048828125,1543.699951171875,48934
2025-12-16 11:45:00+05:30,1544.0,1544.0999755859375,1542.9000244140625,1542.9000244140625,63352
2025-12-16 11:50:00+05:30,1545.4000244140625,1545.4000244140625,1543.9000244140625,1544.0,66729
2025-12-16 11:55:00+05:30,1542.699951171875,1545.5,1542.300048828125,1545.5,38771
2025-12-16 12:00:00+05:30,1542.5999755859375,1543.199951171875,1542.199951171875,1542.5999755859375,20597
2025-12-16 12:05:00+05:30,1542.800048828125,1542.800048828125,1542.0999755859375,1542.4000244140625,13139
2025-12-16 12:10:00+05:30,1543.199951171875,1543.199951171875,1542.0,1542.5,14052
2025-12-16 12:15:00+05:30,1544.5999755859375,1544.9000244140625,1543.0,1543.199951171875,26915
2025-12-16 12:20:00+05:30,1544.199951171875,1545.4000244140625,1543.5,1544.800048828125,39658
2025-12-16 12:25:00+05:30,1545.0,1545.300048828125,1544.0999755859375,1544.300048828125,89806
2025-12-16 12:30:00+05:30,1546.4000244140625,1547.300048828125,1544.4000244140625,1545.0999755859375,209471
2025-12-16 12:35:00+05:30,1543.9000244140625,1546.699951171875,1543.5,1546.699951171875,55618
2025-12-16 12:40:00+05:30,1545.199951171875,1545.800048828125,1543.5,1544.0,106586
2025-12-16 12:45:00+05:30,1543.800048828125,1545.300048828125,1542.800048828125,1545.199951171875,87067
2025-12-16 12:50:00+05:30,1543.5999755859375,1545.4000244140625,1543.5,1544.0,183596
2025-12-16 12:55:00+05:30,1544.4000244140625,1544.5,1540.800048828125,1543.5999755859375,260855
2025-12-16 13:00:00+05:30,1543.5,1544.5999755859375,1543.300048828125,1544.4000244140625,148698
2025-12-16 13:05:00+05:30,1544.5,1544.5,1541.4000244140625,1543.5,87436
2025-12-16 13:10:00+05:30,1544.800048828125,1545.800048828125,1544.0,1544.5999755859375,71693
2025-12-16 13:15:00+05:30,1545.5,1547.800048828125,1543.699951171875,1544.800048828125,281235
2025-12-16 13:20:00+05:30,1546.199951171875,1546.699951171875,1545.699951171875,1545.699951171875,44269
2025-12-16 13:25:00+05:30,1545.5999755859375,1546.5,1544.4000244140625,1546.4000244140625,106296
2025-12-16 13:30:00+05:30,1546.300048828125,1546.5,1545.0,1545.5999755859375,41513
2025-12-16 13:35:00+05:30,1548.199951171875,1548.199951171875,1546.199951171875,1546.300048828125,112448
2025-12-16 13:40:00+05:30,1546.0,1550.4000244140625,1544.699951171875,1548.300048828125,535384
2025-12-16 13:45:00+05:30,1548.4000244140625,1549.9000244140625,1545.4000244140625,1545.9000244140625,258353
2025-12-16 13:50:00+05:30,1548.5999755859375,1549.300048828125,1547.5,1548.4000244140625,41374
2025-12-16 13:55:00+05:30,1547.4000244140625,1549.5999755859375,1546.0999755859375,1548.5999755859375,215503
2025-12-16 14:00:00+05:30,1546.699951171875,1547.9000244140625,1546.699951171875,1547.4000244140625,60769
2025-12-16 14:05:00+05:30,1546.9000244140625,1549.4000244140625,1545.199951171875,1546.5999755859375,254688
2025-12-16 14:10:00+05:30,1546.9000244140625,1547.5999755859375,1545.699951171875,1546.800048828125,80668
2025-12-16 14:15:00+05:30,1545.0,1547.0,1545.0,1547.0,66610
2025-12-16 14:20:00+05:30,1546.0,1546.199951171875,1543.5,1545.0,290757
2025-12-16 14:25:00+05:30,1543.9000244140625,1546.5,1542.199951171875,1546.0999755859375,382481
2025-12-16 14:30:00+05:30,1541.699951171875,1544.699951171875,1541.699951171875,1543.800048828125,124542
2025-12-16 14:35:00+05:30,1543.5999755859375,1543.9000244140625,1541.800048828125,1541.9000244140625,109395
2025-12-16 14:40:00+05:30,1544.199951171875,1544.5999755859375,1543.199951171875,1543.699951171875,46508
2025-12-16 14:45:00+05:30,1543.699951171875,1547.0999755859375,1542.4000244140625,1544.0999755859375,461423
2025-12-16 14:50:00+05:30,1544.5,1545.9000244140625,1542.0999755859375,1543.9000244140625,508003
2025-12-16 14:55:00+05:30,1543.300048828125,1545.5999755859375,1541.5,1544.199951171875,441679
2025-12-16 15:00:00+05:30,1544.0999755859375,1544.9000244140625,1541.300048828125,1543.4000244140625,587987
2025-12-16 15:05:00+05:30,1541.800048828125,1545.699951171875,1541.0999755859375,1544.4000244140625,789415
2025-12-16 15:10:00+05:30,1540.800048828125,1543.199951171875,1540.4000244140625,1542.300048828125,424500
2025-12-16 15:15:00+05:30,1540.0999755859375,1541.300048828125,1540.0999755859375,1541.300048828125,207764
2025-12-16 15:20:00+05:30,1541.800048828125,1542.800048828125,1539.199951171875,1540.199951171875,328044
2025-12-16 15:25:00+05:30,1540.699951171875,1542.9000244140625,1540.699951171875,1541.800048828125,151993
2025-12-17 09:20:00+05:30,1549.4000244140625,1549.5,1544.5999755859375,1544.5999755859375,107317
2025-12-17 09:25:00+05:30,1547.300048828125,1549.9000244140625,1547.300048828125,1549.4000244140625,45081
2025-12-17 09:30:00+05:30,1548.5999755859375,1548.5999755859375,1546.0999755859375,1547.699951171875,62089
2025-12-17 09:35:00+05:30,1546.9000244140625,1548.9000244140625,1546.300048828125,1548.199951171875,64725
2025-12-17 09:40:00+05:30,1544.699951171875,1546.800048828125,1544.0,1546.800048828125,57517
2025-12-17 09:45:00+05:30,1544.5999755859375,1544.9000244140625,1544.0,1544.699951171875,42969
2025-12-17 09:50:00+05:30,1544.5999755859375,1545.0999755859375,1543.300048828125,1544.5999755859375,54341
2025-12-17 09:55:00+05:30,1546.300048828125,1546.300048828125,1544.0999755859375,1544.5999755859375,40968
2025-12-17 10:00:00+05:30,1543.800048828125,1546.4000244140625,1543.800048828125,1546.300048828125,31999
2025-12-17 10:05:00+05:30,1543.699951171875,1543.9000244140625,1542.300048828125,1543.9000244140625,41095
2025-12-17 10:10:00+05:30,1543.800048828125,1544.0,1542.9000244140625,1543.699951171875,80123
2025-12-17 10:15:00+05:30,1544.0,1544.199951171875,1543.699951171875,1543.800048828125,45121
2025-12-17 10:20:00+05:30,1542.5,1544.0,1542.0,1544.0,38008
2025-12-17 10:25:00+05:30,1541.5,1542.699951171875,1541.5,1542.5,37074
2025-12-17 10:30:00+05:30,1542.0,1542.5,1541.0999755859375,1541.5999755859375,60342
2025-12-17 10:35:00+05:30,1543.0,1543.0,1541.5999755859375,1541.9000244140625,29151
2025-12-17 10:40:00+05:30,1542.300048828125,1543.5,1542.0999755859375,1543.0,37861
2025-12-17 10:45:00+05:30,1543.199951171875,1544.0,1542.199951171875,1542.199951171875,27245
2025-12-17 10:50:00+05:30,1543.5,1543.5999755859375,1543.0,1543.4000244140625,28552
2025-12-17 10:55:00+05:30,1544.0,1544.199951171875,1542.4000244140625,1543.5,74888
2025-12-17 11:00:00+05:30,1541.699951171875,1544.0,1540.800048828125,1544.0,116082
2025-12-17 11:05:00+05:30,1542.5,1542.9000244140625,1541.300048828125,1541.699951171875,73462
2025-12-17 11:10:00+05:30,1542.0999755859375,1542.5,1541.0999755859375,1542.5,54425
2025-12-17 11:15:00+05:30,1543.199951171875,1543.300048828125,1542.300048828125,1542.5,39659
2025-12-17 11:20:00+05:30,1542.199951171875,1543.300048828125,1542.0999755859375,1543.300048828125,33830
2025-12-17 11:25:00+05:30,1541.0999755859375,1542.300048828125,1541.0,1542.300048828125,44290
2025-12-17 11:30:00+05:30,1540.5999755859375,1541.4000244140625,1540.0999755859375,1541.199951171875,89343
2025-12-17 11:35:00+05:30,1541.9000244140625,1542.0999755859375,1540.5999755859375,1540.5999755859375,42436
2025-12-17 11:40:00+05:30,1543.0,1543.0,1541.9000244140625,1542.0,45033
2025-12-17 11:45:00+05:30,1546.0,1546.199951171875,1542.9000244140625,1543.0,153131
2025-12-17 11:50:00+05:30,1543.300048828125,1546.5999755859375,1541.800048828125,1545.9000244140625,197674
2025-12-17 11:55:00+05:30,1542.0,1543.5,1541.5999755859375,1543.5,42156
2025-12-17 12:00:00+05:30,1541.4000244140625,1541.9000244140625,1541.0,1541.9000244140625,47851
2025-12-17 12:05:00+05:30,1539.5999755859375,1542.800048828125,1539.4000244140625,1541.5999755859375,162776
2025-12-17 12:10:00+05:30,1540.4000244140625,1541.5,1539.4000244140625,1539.4000244140625,88990
2025-12-17 12:15:00+05:30,1541.9000244140625,1541.9000244140625,1540.0,1540.5,66881
2025-12-17 12:20:00+05:30,1542.4000244140625,1543.0,1541.5,1541.9000244140625,28560
2025-12-17 12:25:00+05:30,1541.9000244140625,1542.800048828125,1541.9000244140625,1542.4000244140625,26225
2025-12-17 12:30:00+05:30,1541.800048828125,1542.199951171875,1541.5999755859375,1542.0,26724
2025-12-17 12:35:00+05:30,1541.4000244140625,1541.9000244140625,1540.0,1541.800048828125,125202
2025-12-17 12:40:00+05:30,1541.199951171875,1541.4000244140625,1540.699951171875,1541.4000244140625,48729
2025-12-17 12:45:00+05:30,1542.0999755859375,1542.5,1540.800048828125,1541.4000244140625,103554
2025-12-17 12:50:00+05:30,1541.5,1543.800048828125,1541.5,1542.0999755859375,141798
2025-12-17 12:55:00+05:30,1542.0999755859375,1542.199951171875,1540.699951171875,1541.699951171875,117390
2025-12-17 13:00:00+05:30,1543.199951171875,1543.5,1542.199951171875,1542.199951171875,51833
2025-12-17 13:05:00+05:30,1543.9000244140625,1544.5999755859375,1543.199951171875,1543.300048828125,55832
2025-12-17 13:10:00+05:30,1543.300048828125,1544.0999755859375,1541.9000244140625,1543.9000244140625,79792
2025-12-17 13:15:00+05:30,1544.4000244140625,1544.5999755859375,1542.800048828125,1543.300048828125,57412
2025-12-17 13:20:00+05:30,1544.4000244140625,1544.5999755859375,1543.300048828125,1544.199951171875,74199
2025-12-17 13:25:00+05:30,1544.699951171875,1545.9000244140625,1544.0999755859375,1544.4000244140625,153717
2025-12-17 13:30:00+05:30,1545.300048828125,1545.5999755859375,1544.199951171875,1544.699951171875,177304
2025-12-17 13:35:00+05:30,1545.800048828125,1545.9000244140625,1544.5999755859375,1545.199951171875,53629
2025-12-17 13:40:00+05:30,1544.800048828125,1545.9000244140625,1544.199951171875,1545.9000244140625,55723
2025-12-17 13:45:00+05:30,1545.5999755859375,1545.800048828125,1544.800048828125,1544.9000244140625,51399
2025-12-17 13:50:00+05:30,1545.300048828125,1545.800048828125,1544.5,1545.800048828125,32591
2025-12-17 13:55:00+05:30,1544.4000244140625,1545.199951171875,1543.699951171875,1545.199951171875,42715
2025-12-17 14:00:00+05:30,1544.9000244140625,1544.9000244140625,1544.0999755859375,1544.5,34833
2025-12-17 14:05:00+05:30,1544.5999755859375,1545.5999755859375,1544.5999755859375,1544.9000244140625,45626
2025-12-17 14:10:00+05:30,1544.800048828125,1544.800048828125,1543.5999755859375,1544.800048828125,54251
2025-12-17 14:15:00+05:30,1547.0,1547.0,1544.699951171875,1544.699951171875,193549
2025-12-17 14:20:00+05:30,1545.0,1547.4000244140625,1544.800048828125,1547.0,92198
2025-12-17 14:25:00+05:30,1544.9000244140625,1545.699951171875,1544.300048828125,1545.0,43073
2025-12-17 14:30:00+05:30,1547.4000244140625,1547.4000244140625,1544.800048828125,1544.9000244140625,118756
2025-12-17 14:35:00+05:30,1543.5999755859375,1548.0,1543.199951171875,1547.5,312812
2025-12-17 14:40:00+05:30,1544.199951171875,1544.5,1542.699951171875,1543.5999755859375,126115
2025-12-17 14:45:00+05:30,1544.0,1544.300048828125,1543.5,1544.300048828125,49845
2025-12-17 14:50:00+05:30,1544.699951171875,1545.0,1543.5,1544.0,93103
2025-12-17 14:55:00+05:30,1545.0,1545.5,1544.4000244140625,1544.9000244140625,55652
2025-12-17 15:00:00+05:30,1544.4000244140625,1546.300048828125,1544.199951171875,1545.5,224104
2025-12-17 15:05:00+05:30,1543.4000244140625,1544.5999755859375,1543.4000244140625,1544.5,280352
2025-12-17 15:10:00+05:30,1543.5,1543.5,1543.4000244140625,1543.4000244140625,296212
2025-12-17 15:15:00+05:30,1544.4000244140625,1544.5,1543.300048828125,1543.300048828125,379629
2025-12-17 15:20:00+05:30,1545.5,1545.800048828125,1544.4000244140625,1544.4000244140625,305136
2025-12-17 15:25:00+05:30,1545.9000244140625,1546.0,1545.0,1545.4000244140625,160800
2025-12-18 09:15:00+05:30,1542.9000244140625,1544.300048828125,1542.699951171875,1543.4000244140625,474547
2025-12-18 09:20:00+05:30,1542.9000244140625,1543.800048828125,1541.300048828125,1542.800048828125,117881
2025-12-18 09:25:00+05:30,1541.199951171875,1544.5999755859375,1540.800048828125,1542.9000244140625,74537
2025-12-18 09:30:00+05:30,1541.800048828125,1542.300048828125,1540.800048828125,1541.0999755859375,50107
2025-12-18 09:35:00+05:30,1541.800048828125,1542.4000244140625,1541.0,1541.4000244140625,47208
2025-12-18 09:40:00+05:30,1539.9000244140625,1541.800048828125,1539.300048828125,1541.800048828125,63893
2025-12-18 09:45:00+05:30,1538.5,1539.800048828125,1537.0,1539.699951171875,52281
2025-12-18 09:50:00+05:30,1539.5,1539.9000244140625,1537.0,1538.0,45905
2025-12-18 09:55:00+05:30,1538.5,1539.5999755859375,1538.5,1539.199951171875,21834
2025-12-18 10:00:00+05:30,1537.5999755859375,1538.5999755859375,1537.0,1538.5999755859375,29198
2025-12-18 10:05:00+05:30,1540.0,1540.5,1537.300048828125,1537.699951171875,44330
2025-12-18 10:10:00+05:30,1539.300048828125,1541.199951171875,1539.300048828125,1540.5,26515
2025-12-18 10:15:00+05:30,1542.800048828125,1542.800048828125,1539.4000244140625,1539.800048828125,35763
2025-12-18 10:20:00+05:30,1543.199951171875,1544.0,1542.199951171875,1542.800048828125,40877
2025-12-18 10:25:00+05:30,1543.0,1543.4000244140625,1541.5999755859375,1543.0999755859375,47861
2025-12-18 10:30:00+05:30,1546.199951171875,1547.0,1542.4000244140625,1542.800048828125,71806
2025-12-18 10:35:00+05:30,1545.5,1546.5,1544.0999755859375,1546.5,66039
2025-12-18 10:40:00+05:30,1544.800048828125,1545.699951171875,1544.5,1545.5,26400
2025-12-18 10:45:00+05:30,1544.5,1545.300048828125,1544.5,1544.800048828125,30599
2025-12-18 10:50:00+05:30,1545.300048828125,1545.5,1544.0999755859375,1544.9000244140625,25161
2025-12-18 10:55:00+05:30,1544.800048828125,1545.199951171875,1544.300048828125,1545.199951171875,23106
2025-12-18 11:00:00+05:30,1543.800048828125,1544.9000244140625,1543.199951171875,1544.699951171875,36902
2025-12-18 11:05:00+05:30,1544.199951171875,1544.4000244140625,1543.4000244140625,1543.800048828125,19908
2025-12-18 11:10:00+05:30,1542.800048828125,1543.5,1542.699951171875,1543.5,27356
2025-12-18 11:15:00+05:30,1542.5999755859375,1543.0,1542.0999755859375,1542.800048828125,19924
2025-12-18 11:20:00+05:30,1544.699951171875,1545.0,1542.5999755859375,1542.699951171875,32969
2025-12-18 11:25:00+05:30,1544.0999755859375,1544.9000244140625,1543.0,1544.9000244140625,39526
2025-12-18 11:30:00+05:30,1544.9000244140625,1546.0,1544.300048828125,1544.4000244140625,50076
2025-12-18 11:35:00+05:30,1546.0999755859375,1546.699951171875,1544.0,1544.9000244140625,32235
2025-12-18 11:40:00+05:30,1545.800048828125,1546.699951171875,1544.9000244140625,1546.699951171875,28709
2025-12-18 11:45:00+05:30,1546.5,1547.0,1544.800048828125,1545.800048828125,41760
2025-12-18 11:50:00+05:30,1548.5999755859375,1549.0,1546.4000244140625,1546.5,66834
2025-12-18 11:55:00+05:30,1549.5999755859375,1550.0,1548.5999755859375,1548.5999755859375,132523
2025-12-18 12:00:00+05:30,1549.5,1551.0999755859375,1548.699951171875,1549.4000244140625,163791
2025-12-18 12:05:00+05:30,1551.199951171875,1551.300048828125,1548.199951171875,1549.5,204330
2025-12-18 12:10:00+05:30,1549.699951171875,1551.4000244140625,1549.5,1551.300048828125,111276
2025-12-18 12:15:00+05:30,1549.300048828125,1550.5,1549.0999755859375,1549.699951171875,102296
2025-12-18 12:20:00+05:30,1548.699951171875,1550.0,1548.300048828125,1549.300048828125,75717
2025-12-18 12:25:00+05:30,1550.699951171875,1550.699951171875,1548.199951171875,1548.4000244140625,143666
2025-12-18 12:30:00+05:30,1550.5,1550.800048828125,1550.0999755859375,1550.699951171875,44093
2025-12-18 12:35:00+05:30,1550.0999755859375,1550.699951171875,1549.5999755859375,1550.5,79907
2025-12-18 12:40:00+05:30,1551.0,1551.0,1549.800048828125,1550.4000244140625,38999
2025-12-18 12:45:00+05:30,1550.199951171875,1551.0,1550.199951171875,1551.0,34110
2025-12-18 12:50:00+05:30,1549.4000244140625,1550.199951171875,1549.199951171875,1550.199951171875,50075
2025-12-18 12:55:00+05:30,1549.4000244140625,1549.4000244140625,1548.699951171875,1549.199951171875,50513
2025-12-18 13:00:00+05:30,1548.699951171875,1550.0,1548.199951171875,1549.300048828125,43709
2025-12-18 13:05:00+05:30,1548.300048828125,1548.699951171875,1547.300048828125,1548.699951171875,36821
2025-12-18 13:10:00+05:30,1548.5,1548.5999755859375,1548.199951171875,1548.300048828125,44221
2025-12-18 13:15:00+05:30,1547.4000244140625,1548.5,1546.5999755859375,1548.5,62102
2025-12-18 13:20:00+05:30,1547.800048828125,1548.300048828125,1546.699951171875,1547.4000244140625,81098
2025-12-18 13:25:00+05:30,1549.0999755859375,1549.5999755859375,1547.300048828125,1547.9000244140625,120432
2025-12-18 13:30:00+05:30,1547.300048828125,1549.0999755859375,1547.0999755859375,1549.0999755859375,38237
2025-12-18 13:35:00+05:30,1547.5999755859375,1547.9000244140625,1546.4000244140625,1547.0999755859375,48600
2025-12-18 13:40:00+05:30,1546.199951171875,1547.5999755859375,1546.0999755859375,1547.5999755859375,66839
2025-12-18 13:45:00+05:30,1547.5,1548.0,1546.0,1546.4000244140625,145445
2025-12-18 13:50:00+05:30,1548.0999755859375,1549.300048828125,1547.0999755859375,1547.5,126725
2025-12-18 13:55:00+05:30,1547.5999755859375,1548.800048828125,1547.0,1548.0999755859375,65615
2025-12-18 14:00:00+05:30,1547.199951171875,1548.0,1546.699951171875,1547.9000244140625,28311
2025-12-18 14:05:00+05:30,1546.199951171875,1547.5,1545.699951171875,1547.199951171875,69133
2025-12-18 14:10:00+05:30,1544.0,1546.4000244140625,1544.0,1546.199951171875,45083
2025-12-18 14:15:00+05:30,1546.0,1546.0,1543.0999755859375,1544.199951171875,56878
2025-12-18 14:20:00+05:30,1544.199951171875,1547.300048828125,1543.5,1546.0999755859375,193020
2025-12-18 14:25:00+05:30,1544.199951171875,1544.4000244140625,1543.5,1544.0999755859375,44373
2025-12-18 14:30:00+05:30,1545.300048828125,1547.5,1543.5,1544.199951171875,282577
2025-12-18 14:35:00+05:30,1545.0999755859375,1546.0,1544.5,1545.4000244140625,61121
2025-12-18 14:40:00+05:30,1543.0,1545.0999755859375,1542.5,1545.0,114693
2025-12-18 14:45:00+05:30,1543.0999755859375,1543.9000244140625,1542.5999755859375,1543.0,62975
2025-12-18 14:50:00+05:30,1544.0999755859375,1544.4000244140625,1542.0999755859375,1543.0999755859375,268093
2025-12-18 14:55:00+05:30,1542.0999755859375,1545.5999755859375,1542.0,1544.199951171875,188936
2025-12-18 15:00:00+05:30,1545.300048828125,1545.4000244140625,1542.4000244140625,1542.4000244140625,187511
2025-12-18 15:05:00+05:30,1544.5999755859375,1546.5,1543.5,1545.300048828125,329071
2025-12-18 15:10:00+05:30,1544.699951171875,1545.5999755859375,1544.300048828125,1544.5,243463
2025-12-18 15:15:00+05:30,1544.199951171875,1544.800048828125,1543.5999755859375,1544.699951171875,154198
2025-12-18 15:20:00+05:30,1544.199951171875,1544.4000244140625,1543.5999755859375,1544.0,138174
2025-12-18 15:25:00+05:30,1544.0,1544.9000244140625,1543.4000244140625,1544.0999755859375,189774
2025-12-19 09:20:00+05:30,1565.9000244140625,1566.699951171875,1562.0,1562.0,395442
2025-12-19 09:25:00+05:30,1567.9000244140625,1567.9000244140625,1563.5,1565.9000244140625,272176
2025-12-19 09:30:00+05:30,1567.0999755859375,1569.5999755859375,1565.9000244140625,1567.9000244140625,312515
2025-12-19 09:35:00+05:30,1567.5999755859375,1568.4000244140625,1566.199951171875,1567.300048828125,77214
2025-12-19 09:40:00+05:30,1565.199951171875,1568.0,1565.199951171875,1567.800048828125,67410
2025-12-19 09:45:00+05:30,1563.699951171875,1567.5,1562.5,1565.5,128202
2025-12-19 09:50:00+05:30,1563.800048828125,1564.5999755859375,1562.4000244140625,1563.699951171875,81673
2025-12-19 09:55:00+05:30,1565.4000244140625,1565.5,1562.5999755859375,1563.800048828125,75438
2025-12-19 10:00:00+05:30,1563.9000244140625,1565.800048828125,1563.5999755859375,1565.300048828125,71172
2025-12-19 10:05:00+05:30,1564.800048828125,1564.9000244140625,1562.5,1563.800048828125,59504
2025-12-19 10:10:00+05:30,1564.699951171875,1565.0,1564.0999755859375,1564.699951171875,31856
2025-12-19 10:15:00+05:30,1565.0999755859375,1565.5,1564.0999755859375,1564.699951171875,52354
2025-12-19 10:20:00+05:30,1566.4000244140625,1566.9000244140625,1564.699951171875,1565.0999755859375,110140
2025-12-19 10:25:00+05:30,1565.9000244140625,1566.9000244140625,1565.199951171875,1566.5,46998
2025-12-19 10:30:00+05:30,1565.199951171875,1566.0,1565.0999755859375,1565.9000244140625,28777
2025-12-19 10:35:00+05:30,1567.9000244140625,1567.9000244140625,1565.199951171875,1565.4000244140625,123599
2025-12-19 10:40:00+05:30,1571.9000244140625,1571.9000244140625,1567.5,1567.9000244140625,266319
2025-12-19 10:45:00+05:30,1572.300048828125,1573.0,1571.4000244140625,1571.9000244140625,149903
2025-12-19 10:50:00+05:30,1572.9000244140625,1573.9000244140625,1572.0999755859375,1572.4000244140625,112302
2025-12-19 10:55:00+05:30,1572.5999755859375,1573.4000244140625,1572.0,1572.5,79182
2025-12-19 11:00:00+05:30,1572.0,1574.199951171875,1571.300048828125,1572.0999755859375,89791
2025-12-19 11:05:00+05:30,1571.699951171875,1573.0,1571.0999755859375,1572.0,67004
2025-12-19 11:10:00+05:30,1572.0,1572.300048828125,1571.0,1571.5,118709
2025-12-19 11:15:00+05:30,1573.300048828125,1573.699951171875,1571.5999755859375,1571.800048828125,81995
2025-12-19 11:20:00+05:30,1572.0999755859375,1573.5,1572.0999755859375,1573.300048828125,41748
2025-12-19 11:25:00+05:30,1570.800048828125,1572.5,1570.300048828125,1572.5,228864
2025-12-19 11:30:00+05:30,1570.0999755859375,1571.0999755859375,1569.800048828125,1570.800048828125,135850
2025-12-19 11:35:00+05:30,1570.4000244140625,1571.0,1569.9000244140625,1569.9000244140625,75269
2025-12-19 11:40:00+05:30,1569.5,1570.800048828125,1568.5,1570.4000244140625,153631
2025-12-19 11:45:00+05:30,1569.800048828125,1570.5999755859375,1568.699951171875,1569.199951171875,109891
2025-12-19 11:50:00+05:30,1568.300048828125,1570.4000244140625,1568.300048828125,1570.0,66635
2025-12-19 11:55:00+05:30,1567.0,1569.0,1566.199951171875,1568.5,142392
2025-12-19 12:00:00+05:30,1569.4000244140625,1570.300048828125,1566.9000244140625,1567.0999755859375,274578
2025-12-19 12:05:00+05:30,1570.4000244140625,1570.4000244140625,1568.300048828125,1569.300048828125,76690
2025-12-19 12:10:00+05:30,1569.800048828125,1570.9000244140625,1569.4000244140625,1570.4000244140625,86614
2025-12-19 12:15:00+05:30,1567.5,1570.0,1567.0999755859375,1569.800048828125,73242
2025-12-19 12:20:00+05:30,1567.0999755859375,1568.0999755859375,1566.699951171875,1567.300048828125,59401
2025-12-19 12:25:00+05:30,1567.4000244140625,1567.9000244140625,1567.0,1567.300048828125,36459
2025-12-19 12:30:00+05:30,1568.0,1568.0999755859375,1567.199951171875,1567.5,29577
2025-12-19 12:35:00+05:30,1568.699951171875,1568.800048828125,1567.199951171875,1568.0999755859375,40299
2025-12-19 12:40:00+05:30,1568.0999755859375,1569.0,1567.9000244140625,1568.699951171875,41049
2025-12-19 12:45:00+05:30,1567.9000244140625,1568.9000244140625,1567.0999755859375,1568.199951171875,32937
2025-12-19 12:50:00+05:30,1568.4000244140625,1568.5,1567.0999755859375,1567.9000244140625,31690
2025-12-19 12:55:00+05:30,1568.0,1568.5,1567.199951171875,1568.300048828125,40342
2025-12-19 13:00:00+05:30,1568.0,1568.4000244140625,1567.0999755859375,1567.5999755859375,52123
2025-12-19 13:05:00+05:30,1567.0999755859375,1568.4000244140625,1567.0999755859375,1568.0,98542
2025-12-19 13:10:00+05:30,1566.0,1568.199951171875,1565.300048828125,1567.199951171875,147337
2025-12-19 13:15:00+05:30,1568.9000244140625,1569.0,1565.0999755859375,1565.9000244140625,148585
2025-12-19 13:20:00+05:30,1569.0,1569.699951171875,1567.800048828125,1568.9000244140625,243691
2025-12-19 13:25:00+05:30,1568.0,1569.0,1567.0,1569.0,101557
2025-12-19 13:30:00+05:30,1569.4000244140625,1570.5999755859375,1567.9000244140625,1567.9000244140625,274765
2025-12-19 13:35:00+05:30,1569.9000244140625,1570.800048828125,1568.9000244140625,1569.4000244140625,115514
2025-12-19 13:40:00+05:30,1569.699951171875,1570.300048828125,1569.199951171875,1569.9000244140625,133350
2025-12-19 13:45:00+05:30,1569.800048828125,1570.0,1568.9000244140625,1569.4000244140625,50667
2025-12-19 13:50:00+05:30,1568.5,1569.9000244140625,1568.0999755859375,1569.800048828125,96910
2025-12-19 13:55:00+05:30,1568.300048828125,1569.4000244140625,1567.9000244140625,1569.0999755859375,49270
2025-12-19 14:00:00+05:30,1568.199951171875,1569.5999755859375,1568.0,1568.9000244140625,50550
2025-12-19 14:05:00+05:30,1569.199951171875,1570.199951171875,1566.800048828125,1568.199951171875,205229
2025-12-19 14:10:00+05:30,1569.0999755859375,1570.4000244140625,1568.199951171875,1569.800048828125,436686
2025-12-19 14:15:00+05:30,1570.0999755859375,1570.800048828125,1568.9000244140625,1569.0,331239
2025-12-19 14:20:00+05:30,1570.5,1570.699951171875,1570.0,1570.4000244140625,81004
2025-12-19 14:25:00+05:30,1568.4000244140625,1570.9000244140625,1567.800048828125,1570.4000244140625,90912
2025-12-19 14:30:00+05:30,1567.4000244140625,1568.5999755859375,1566.800048828125,1568.4000244140625,51509
2025-12-19 14:35:00+05:30,1567.300048828125,1567.9000244140625,1566.9000244140625,1567.4000244140625,54849
2025-12-19 14:40:00+05:30,1567.800048828125,1567.9000244140625,1566.0999755859375,1567.5,57356
2025-12-19 14:45:00+05:30,1567.0999755859375,1568.0999755859375,1566.5999755859375,1567.699951171875,73138
2025-12-19 14:50:00+05:30,1565.699951171875,1567.4000244140625,1565.4000244140625,1567.4000244140625,77991
2025-12-19 14:55:00+05:30,1565.5999755859375,1566.5999755859375,1565.4000244140625,1565.699951171875,73045
2025-12-19 15:00:00+05:30,1565.0,1566.0,1564.0999755859375,1565.5999755859375,1045690
2025-12-19 15:05:00+05:30,1565.0999755859375,1565.4000244140625,1565.0,1565.0999755859375,783975
2025-12-19 15:10:00+05:30,1565.0,1565.199951171875,1565.0,1565.0999755859375,768439
2025-12-19 15:15:00+05:30,1565.0999755859375,1565.199951171875,1565.0,1565.0,781225
2025-12-19 15:20:00+05:30,1565.0999755859375,1565.199951171875,1565.0,1565.199951171875,775714
2025-12-19 15:25:00+05:30,1564.9000244140625,1566.0,1564.9000244140625,1565.0999755859375,1103373
2025-12-22 09:20:00+05:30,1570.800048828125,1573.0,1570.5,1570.5,146689
2025-12-22 09:25:00+05:30,1572.4000244140625,1572.5999755859375,1570.0,1570.800048828125,101970
2025-12-22 09:30:00+05:30,1573.4000244140625,1575.0,1571.0999755859375,1572.300048828125,176847
2025-12-22 09:35:00+05:30,1571.800048828125,1574.5,1571.0,1573.4000244140625,119461
2025-12-22 09:40:00+05:30,1571.800048828125,1572.5999755859375,1571.5,1571.800048828125,61050
2025-12-22 09:45:00+05:30,1573.0999755859375,1573.9000244140625,1571.5,1571.5,110226
2025-12-22 09:50:00+05:30,1574.699951171875,1575.199951171875,1573.0,1573.0,170036
2025-12-22 09:55:00+05:30,1575.0999755859375,1575.4000244140625,1574.5999755859375,1574.699951171875,99402
2025-12-22 10:00:00+05:30,1576.0,1576.0,1574.0999755859375,1575.0999755859375,146902
2025-12-22 10:05:00+05:30,1574.5,1576.0,1574.5,1576.0,107369
2025-12-22 10:10:00+05:30,1572.199951171875,1575.199951171875,1572.0,1574.5,164012
2025-12-22 10:15:00+05:30,1572.9000244140625,1573.199951171875,1571.9000244140625,1572.199951171875,68528
2025-12-22 10:20:00+05:30,1572.0999755859375,1573.0,1571.0,1573.0,86153
2025-12-22 10:25:00+05:30,1572.0,1573.5,1572.0,1572.199951171875,54759
2025-12-22 10:30:00+05:30,1572.0,1572.199951171875,1571.199951171875,1572.0,51070
2025-12-22 10:35:00+05:30,1571.699951171875,1572.199951171875,1571.300048828125,1572.0,42784
2025-12-22 10:40:00+05:30,1571.4000244140625,1571.9000244140625,1571.199951171875,1571.5999755859375,36544
2025-12-22 10:45:00+05:30,1572.0,1572.0999755859375,1571.0999755859375,1571.4000244140625,32128
2025-12-22 10:50:00+05:30,1573.5,1573.9000244140625,1571.9000244140625,1572.0,98082
2025-12-22 10:55:00+05:30,1574.0999755859375,1574.199951171875,1573.5,1573.5999755859375,55767
2025-12-22 11:00:00+05:30,1573.5,1574.300048828125,1572.699951171875,1574.199951171875,59345
2025-12-22 11:05:00+05:30,1573.0,1574.0,1572.699951171875,1573.5,109127
2025-12-22 11:10:00+05:30,1571.5,1573.4000244140625,1571.5,1573.0,128062
2025-12-22 11:15:00+05:30,1571.5,1572.0999755859375,1570.9000244140625,1571.9000244140625,62498
2025-12-22 11:20:00+05:30,1570.9000244140625,1572.0,1570.300048828125,1572.0,67524
2025-12-22 11:25:00+05:30,1571.9000244140625,1571.9000244140625,1570.800048828125,1570.9000244140625,51292
2025-12-22 11:30:00+05:30,1570.5,1572.0999755859375,1570.5,1572.0,66167
2025-12-22 11:35:00+05:30,1570.5999755859375,1570.9000244140625,1570.4000244140625,1570.4000244140625,36041
2025-12-22 11:40:00+05:30,1570.300048828125,1570.5999755859375,1570.0999755859375,1570.5999755859375,43924
2025-12-22 11:45:00+05:30,1570.0,1570.699951171875,1570.0,1570.4000244140625,76612
2025-12-22 11:50:00+05:30,1570.0999755859375,1570.5999755859375,1569.0,1570.0999755859375,82467
2025-12-22 11:55:00+05:30,1569.5,1570.199951171875,1568.5,1570.0,82086
2025-12-22 12:00:00+05:30,1568.9000244140625,1569.5999755859375,1568.5999755859375,1569.5,39555
2025-12-22 12:05:00+05:30,1568.4000244140625,1571.0,1568.4000244140625,1568.9000244140625,116459
2025-12-22 12:10:00+05:30,1566.800048828125,1568.5999755859375,1566.5999755859375,1568.4000244140625,58505
2025-12-22 12:15:00+05:30,1569.5999755859375,1569.5999755859375,1566.800048828125,1566.9000244140625,107485
2025-12-22 12:20:00+05:30,1569.4000244140625,1570.5,1568.800048828125,1569.0999755859375,76461
2025-12-22 12:25:00+05:30,1569.5,1569.699951171875,1568.300048828125,1569.300048828125,44280
2025-12-22 12:30:00+05:30,1568.4000244140625,1569.5,1568.300048828125,1569.5,37152
2025-12-22 12:35:00+05:30,1568.0,1568.5,1567.5999755859375,1568.4000244140625,50449
2025-12-22 12:40:00+05:30,1566.300048828125,1568.699951171875,1566.300048828125,1568.0,209064
2025-12-22 12:45:00+05:30,1567.9000244140625,1568.0,1565.5,1566.4000244140625,267779
2025-12-22 12:50:00+05:30,1570.9000244140625,1571.300048828125,1567.300048828125,1568.0999755859375,326988
2025-12-22 12:55:00+05:30,1570.5,1571.4000244140625,1569.5,1570.9000244140625,187332
2025-12-22 13:00:00+05:30,1570.800048828125,1571.5999755859375,1570.4000244140625,1570.5,83362
2025-12-22 13:05:00+05:30,1570.699951171875,1571.9000244140625,1570.0,1570.800048828125,101294
2025-12-22 13:10:00+05:30,1570.800048828125,1571.0999755859375,1570.300048828125,1570.5999755859375,61705
2025-12-22 13:15:00+05:30,1570.699951171875,1571.0,1570.0999755859375,1570.699951171875,94479
2025-12-22 13:20:00+05:30,1570.9000244140625,1571.4000244140625,1570.4000244140625,1570.9000244140625,41781
2025-12-22 13:25:00+05:30,1571.0,1571.0,1570.199951171875,1570.9000244140625,47928
2025-12-22 13:30:00+05:30,1571.699951171875,1571.699951171875,1570.5,1571.0,60781
2025-12-22 13:35:00+05:30,1571.4000244140625,1571.699951171875,1570.5,1571.699951171875,60234
2025-12-22 13:40:00+05:30,1571.199951171875,1571.5999755859375,1571.0,1571.300048828125,50712
2025-12-22 13:45:00+05:30,1571.0999755859375,1571.4000244140625,1571.0,1571.0999755859375,47283
2025-12-22 13:50:00+05:30,1571.199951171875,1571.5999755859375,1571.0,1571.0999755859375,44482
2025-12-22 13:55:00+05:30,1571.0999755859375,1571.4000244140625,1570.5,1571.199951171875,76540
2025-12-22 14:00:00+05:30,1571.199951171875,1571.5999755859375,1571.0,1571.0999755859375,51944
2025-12-22 14:05:00+05:30,1569.5,1571.5999755859375,1569.5,1571.199951171875,188583
2025-12-22 14:10:00+05:30,1569.0999755859375,1570.300048828125,1568.699951171875,1569.5,318213
2025-12-22 14:15:00+05:30,1566.699951171875,1569.9000244140625,1566.5,1569.0999755859375,264216
2025-12-22 14:20:00+05:30,1568.4000244140625,1568.5,1566.300048828125,1566.800048828125,230235
2025-12-22 14:25:00+05:30,1570.5999755859375,1570.9000244140625,1568.0999755859375,1568.300048828125,320480
2025-12-22 14:30:00+05:30,1572.5999755859375,1572.9000244140625,1570.0,1570.699951171875,249465
2025-12-22 14:35:00+05:30,1575.0,1575.199951171875,1572.699951171875,1572.699951171875,476366
2025-12-22 14:40:00+05:30,1574.300048828125,1575.699951171875,1573.9000244140625,1575.0,210755
2025-12-22 14:45:00+05:30,1573.699951171875,1574.5,1573.199951171875,1574.300048828125,141024
2025-12-22 14:50:00+05:30,1573.300048828125,1573.699951171875,1572.199951171875,1573.699951171875,153852
2025-12-22 14:55:00+05:30,1573.0,1573.800048828125,1572.4000244140625,1573.0999755859375,159131
2025-12-22 15:00:00+05:30,1574.9000244140625,1575.0999755859375,1572.800048828125,1573.0,286634
2025-12-22 15:05:00+05:30,1574.4000244140625,1575.0999755859375,1574.300048828125,1574.9000244140625,242428
2025-12-22 15:10:00+05:30,1575.5999755859375,1575.9000244140625,1574.5,1574.5,292415
2025-12-22 15:15:00+05:30,1575.9000244140625,1576.199951171875,1575.300048828125,1575.5999755859375,344446
2025-12-22 15:20:00+05:30,1575.0,1576.199951171875,1574.699951171875,1575.9000244140625,366975
2025-12-22 15:25:00+05:30,1576.5999755859375,1577.300048828125,1575.0999755859375,1575.300048828125,291344
2025-12-23 09:20:00+05:30,1575.300048828125,1576.5,1575.0,1575.0,31100
2025-12-23 09:25:00+05:30,1574.5,1575.300048828125,1573.5,1575.300048828125,53645
2025-12-23 09:30:00+05:30,1573.0,1574.699951171875,1572.5,1574.5,41395
2025-12-23 09:35:00+05:30,1572.5,1573.699951171875,1572.4000244140625,1573.300048828125,26022
2025-12-23 09:40:00+05:30,1572.699951171875,1573.699951171875,1572.199951171875,1572.300048828125,19738
2025-12-23 09:45:00+05:30,1573.0,1573.699951171875,1571.800048828125,1572.800048828125,43407
2025-12-23 09:50:00+05:30,1574.9000244140625,1575.0,1572.699951171875,1572.699951171875,28119
2025-12-23 09:55:00+05:30,1576.4000244140625,1577.0,1574.0,1574.5,40608
2025-12-23 10:00:00+05:30,1575.699951171875,1576.800048828125,1575.699951171875,1576.4000244140625,31462
2025-12-23 10:05:00+05:30,1576.5,1576.9000244140625,1575.300048828125,1576.0,21192
2025-12-23 10:10:00+05:30,1575.800048828125,1577.300048828125,1575.4000244140625,1576.9000244140625,47367
2025-12-23 10:15:00+05:30,1575.199951171875,1576.300048828125,1574.5,1575.800048828125,29391
2025-12-23 10:20:00+05:30,1574.9000244140625,1575.199951171875,1574.0999755859375,1575.0,31357
2025-12-23 10:25:00+05:30,1574.300048828125,1574.9000244140625,1574.0,1574.5,65383
2025-12-23 10:30:00+05:30,1573.0999755859375,1574.300048828125,1573.0999755859375,1574.300048828125,16003
2025-12-23 10:35:00+05:30,1572.699951171875,1573.800048828125,1572.5,1573.4000244140625,15921
2025-12-23 10:40:00+05:30,1573.9000244140625,1574.0,1572.300048828125,1572.800048828125,31032
2025-12-23 10:45:00+05:30,1573.5,1574.5999755859375,1573.5,1574.0,22734
2025-12-23 10:50:00+05:30,1572.5,1573.5999755859375,1572.199951171875,1573.5,32595
2025-12-23 10:55:00+05:30,1572.800048828125,1573.0999755859375,1572.5,1572.699951171875,9992
2025-12-23 11:00:00+05:30,1572.800048828125,1573.300048828125,1571.9000244140625,1572.800048828125,48601
2025-12-23 11:05:00+05:30,1573.5,1574.699951171875,1572.800048828125,1573.0,24738
2025-12-23 11:10:00+05:30,1572.5999755859375,1573.699951171875,1572.300048828125,1573.5999755859375,18486
2025-12-23 11:15:00+05:30,1573.5999755859375,1574.0,1572.0,1572.5999755859375,31706
2025-12-23 11:20:00+05:30,1573.800048828125,1574.0,1573.199951171875,1573.5999755859375,14090
2025-12-23 11:25:00+05:30,1574.300048828125,1574.300048828125,1573.4000244140625,1573.800048828125,19547
2025-12-23 11:30:00+05:30,1573.5,1574.800048828125,1573.0999755859375,1574.300048828125,27913
2025-12-23 11:35:00+05:30,1573.0,1573.5,1572.5,1573.5,16606
2025-12-23 11:40:00+05:30,1572.9000244140625,1573.5,1572.199951171875,1572.800048828125,71936
2025-12-23 11:45:00+05:30,1572.5999755859375,1573.199951171875,1572.0999755859375,1573.0999755859375,100811
2025-12-23 11:50:00+05:30,1574.5,1574.9000244140625,1572.5999755859375,1572.5999755859375,94120
2025-12-23 11:55:00+05:30,1574.5,1574.9000244140625,1574.0,1574.5,46302
2025-12-23 12:00:00+05:30,1574.9000244140625,1575.0,1574.0999755859375,1574.5,32642
2025-12-23 12:05:00+05:30,1575.800048828125,1576.0,1574.4000244140625,1575.0,61766
2025-12-23 12:10:00+05:30,1575.0999755859375,1576.0999755859375,1574.800048828125,1575.699951171875,42515
2025-12-23 12:15:00+05:30,1575.9000244140625,1576.0999755859375,1574.5,1575.5999755859375,50441
2025-12-23 12:20:00+05:30,1575.699951171875,1576.0,1575.0,1575.9000244140625,25909
2025-12-23 12:25:00+05:30,1574.0999755859375,1576.0,1573.9000244140625,1575.699951171875,25530
2025-12-23 12:30:00+05:30,1573.0999755859375,1574.5,1572.800048828125,1574.0999755859375,183523
2025-12-23 12:35:00+05:30,1572.5,1574.0,1572.4000244140625,1572.699951171875,82327
2025-12-23 12:40:00+05:30,1572.5999755859375,1573.800048828125,1572.0999755859375,1572.5,69244
2025-12-23 12:45:00+05:30,1575.5,1575.5,1572.699951171875,1572.800048828125,190379
2025-12-23 12:50:00+05:30,1574.199951171875,1575.9000244140625,1574.199951171875,1575.4000244140625,167047
2025-12-23 12:55:00+05:30,1574.4000244140625,1575.199951171875,1573.699951171875,1574.199951171875,83054
2025-12-23 13:00:00+05:30,1574.5999755859375,1575.5,1573.800048828125,1574.4000244140625,50723
2025-12-23 13:05:00+05:30,1574.5,1575.0,1574.300048828125,1574.5999755859375,16115
2025-12-23 13:10:00+05:30,1574.5,1575.300048828125,1574.0999755859375,1574.5,18091
2025-12-23 13:15:00+05:30,1575.699951171875,1575.800048828125,1574.199951171875,1574.699951171875,30630
2025-12-23 13:20:00+05:30,1575.300048828125,1575.800048828125,1574.5999755859375,1575.800048828125,14416
2025-12-23 13:25:00+05:30,1574.699951171875,1575.4000244140625,1574.5,1574.699951171875,13196
2025-12-23 13:30:00+05:30,1574.800048828125,1575.5,1574.0999755859375,1574.800048828125,29258
2025-12-23 13:35:00+05:30,1572.300048828125,1574.800048828125,1570.699951171875,1574.800048828125,68334
2025-12-23 13:40:00+05:30,1573.0,1573.5999755859375,1572.300048828125,1572.699951171875,77301
2025-12-23 13:45:00+05:30,1574.0,1574.300048828125,1572.5,1573.0,56638
2025-12-23 13:50:00+05:30,1573.300048828125,1573.9000244140625,1572.5,1573.9000244140625,77911
2025-12-23 13:55:00+05:30,1574.0,1574.4000244140625,1572.699951171875,1573.300048828125,79352
2025-12-23 14:00:00+05:30,1574.5,1574.800048828125,1573.0,1574.0,59449
2025-12-23 14:05:00+05:30,1572.300048828125,1574.5999755859375,1572.199951171875,1574.5,136562
2025-12-23 14:10:00+05:30,1574.0999755859375,1574.699951171875,1572.300048828125,1572.300048828125,129113
2025-12-23 14:15:00+05:30,1575.0,1575.9000244140625,1573.9000244140625,1574.0999755859375,273285
2025-12-23 14:20:00+05:30,1576.300048828125,1576.4000244140625,1573.5999755859375,1575.0,226914
2025-12-23 14:25:00+05:30,1575.0999755859375,1576.800048828125,1574.199951171875,1576.300048828125,177630
2025-12-23 14:30:00+05:30,1574.0,1575.0999755859375,1573.5999755859375,1575.0999755859375,45989
2025-12-23 14:35:00+05:30,1575.800048828125,1575.800048828125,1573.300048828125,1574.0,370236
2025-12-23 14:40:00+05:30,1572.0,1575.800048828125,1572.0,1575.800048828125,225905
2025-12-23 14:45:00+05:30,1571.800048828125,1573.0,1571.4000244140625,1572.0,107755
2025-12-23 14:50:00+05:30,1571.199951171875,1572.800048828125,1570.199951171875,1572.0,251905
2025-12-23 14:55:00+05:30,1571.0,1571.300048828125,1570.0,1571.0,48994
2025-12-23 15:00:00+05:30,1571.199951171875,1572.800048828125,1568.300048828125,1571.5,544907
2025-12-23 15:05:00+05:30,1571.300048828125,1572.5999755859375,1569.0999755859375,1571.199951171875,835229
2025-12-23 15:10:00+05:30,1571.9000244140625,1572.5999755859375,1570.699951171875,1571.300048828125,379612
2025-12-23 15:15:00+05:30,1569.5999755859375,1572.5999755859375,1569.300048828125,1571.800048828125,400843
2025-12-23 15:20:00+05:30,1569.699951171875,1570.9000244140625,1569.0999755859375,1569.800048828125,209219
2025-12-23 15:25:00+05:30,1569.0,1569.9000244140625,1568.699951171875,1569.699951171875,162065
2025-12-24 09:20:00+05:30,1570.0999755859375,1571.800048828125,1569.5999755859375,1571.699951171875,82041
2025-12-24 09:25:00+05:30,1572.300048828125,1572.300048828125,1570.0999755859375,1570.0999755859375,32763
2025-12-24 09:30:00+05:30,1570.5,1572.300048828125,1570.0,1572.300048828125,34684
2025-12-24 09:35:00+05:30,1569.800048828125,1571.0,1569.699951171875,1570.5,32560
2025-12-24 09:40:00+05:30,1569.5,1570.5,1568.800048828125,1569.800048828125,45777
2025-12-24 09:45:00+05:30,1569.0,1570.4000244140625,1568.5999755859375,1569.5,50943
2025-12-24 09:50:00+05:30,1570.5999755859375,1570.800048828125,1568.800048828125,1569.300048828125,28389
2025-12-24 09:55:00+05:30,1570.0,1571.0,1569.300048828125,1570.5999755859375,46482
2025-12-24 10:00:00+05:30,1568.699951171875,1570.0,1568.300048828125,1570.0,36889
2025-12-24 10:05:00+05:30,1568.5999755859375,1569.5,1568.4000244140625,1568.699951171875,25992
2025-12-24 10:10:00+05:30,1569.0999755859375,1569.800048828125,1568.199951171875,1568.5,44672
2025-12-24 10:15:00+05:30,1569.0999755859375,1569.699951171875,1568.5999755859375,1569.0,22893
2025-12-24 10:20:00+05:30,1568.699951171875,1569.300048828125,1568.4000244140625,1569.0999755859375,30657
2025-12-24 10:25:00+05:30,1568.5999755859375,1569.0,1568.5,1568.800048828125,30358
2025-12-24 10:30:00+05:30,1568.5999755859375,1569.699951171875,1568.5,1568.5999755859375,58978
2025-12-24 10:35:00+05:30,1569.199951171875,1569.5999755859375,1568.5,1568.5999755859375,31507
2025-12-24 10:40:00+05:30,1568.800048828125,1569.5999755859375,1568.199951171875,1569.199951171875,42836
2025-12-24 10:45:00+05:30,1567.300048828125,1569.199951171875,1567.0,1569.199951171875,62462
2025-12-24 10:50:00+05:30,1566.699951171875,1567.800048828125,1566.4000244140625,1567.5,25738
2025-12-24 10:55:00+05:30,1566.4000244140625,1567.300048828125,1565.9000244140625,1566.5999755859375,28926
2025-12-24 11:00:00+05:30,1565.5999755859375,1566.5,1565.0,1566.4000244140625,36192
2025-12-24 11:05:00+05:30,1566.300048828125,1566.9000244140625,1565.300048828125,1566.0,23659
2025-12-24 11:10:00+05:30,1566.800048828125,1567.0,1565.9000244140625,1566.199951171875,16284
2025-12-24 11:15:00+05:30,1566.0999755859375,1566.800048828125,1565.800048828125,1566.5999755859375,26316
2025-12-24 11:20:00+05:30,1566.800048828125,1567.5,1566.0999755859375,1566.5,26615
2025-12-24 11:25:00+05:30,1566.699951171875,1566.800048828125,1566.300048828125,1566.800048828125,17790
2025-12-24 11:30:00+05:30,1566.5999755859375,1566.800048828125,1566.300048828125,1566.5,33259
2025-12-24 11:35:00+05:30,1565.9000244140625,1566.800048828125,1565.9000244140625,1566.300048828125,26181
2025-12-24 11:40:00+05:30,1564.5,1566.0999755859375,1564.0999755859375,1565.9000244140625,58998
2025-12-24 11:45:00+05:30,1564.699951171875,1565.5,1564.199951171875,1564.5,43583
2025-12-24 11:50:00+05:30,1565.5,1565.5,1564.5,1565.0,32541
2025-12-24 11:55:00+05:30,1564.0,1565.5999755859375,1563.9000244140625,1565.300048828125,78778
2025-12-24 12:00:00+05:30,1564.0,1564.699951171875,1563.699951171875,1564.199951171875,75401
2025-12-24 12:05:00+05:30,1563.800048828125,1564.5999755859375,1563.5,1563.800048828125,66102
2025-12-24 12:10:00+05:30,1563.699951171875,1564.0999755859375,1563.199951171875,1563.699951171875,57878
2025-12-24 12:15:00+05:30,1563.9000244140625,1564.9000244140625,1563.300048828125,1563.5999755859375,52680
2025-12-24 12:20:00+05:30,1562.5999755859375,1564.0999755859375,1562.5,1563.9000244140625,39867
2025-12-24 12:25:00+05:30,1561.800048828125,1563.0999755859375,1561.199951171875,1562.5,108843
2025-12-24 12:30:00+05:30,1562.4000244140625,1563.0,1561.199951171875,1561.5,57079
2025-12-24 12:35:00+05:30,1558.0,1562.699951171875,1557.5,1562.4000244140625,521874
2025-12-24 12:40:00+05:30,1558.9000244140625,1559.0,1557.5,1558.0,312311
2025-12-24 12:45:00+05:30,1558.0999755859375,1558.800048828125,1557.5999755859375,1558.800048828125,240199
2025-12-24 12:50:00+05:30,1557.800048828125,1558.800048828125,1557.5,1558.300048828125,97601
2025-12-24 12:55:00+05:30,1557.9000244140625,1558.0,1557.5,1557.800048828125,114462
2025-12-24 13:00:00+05:30,1558.0,1558.0,1555.5,1557.800048828125,480667
2025-12-24 13:05:00+05:30,1557.199951171875,1558.0,1556.0999755859375,1558.0,66928
2025-12-24 13:10:00+05:30,1557.5,1557.699951171875,1555.300048828125,1557.199951171875,271310
2025-12-24 13:15:00+05:30,1558.0,1558.4000244140625,1556.0,1557.300048828125,116977
2025-12-24 13:20:00+05:30,1558.0,1558.800048828125,1557.300048828125,1557.5999755859375,87230
2025-12-24 13:25:00+05:30,1557.9000244140625,1558.4000244140625,1557.0,1558.0,125975
2025-12-24 13:30:00+05:30,1558.699951171875,1559.0999755859375,1557.199951171875,1557.9000244140625,31820
2025-12-24 13:35:00+05:30,1559.199951171875,1559.5,1557.699951171875,1558.699951171875,75595
2025-12-24 13:40:00+05:30,1559.199951171875,1559.5,1558.699951171875,1559.300048828125,32159
2025-12-24 13:45:00+05:30,1558.5,1559.300048828125,1558.0,1559.199951171875,27248
2025-12-24 13:50:00+05:30,1559.0999755859375,1559.699951171875,1558.0999755859375,1558.5,35940
2025-12-24 13:55:00+05:30,1558.4000244140625,1559.4000244140625,1558.0999755859375,1558.699951171875,30196
2025-12-24 14:00:00+05:30,1559.4000244140625,1559.5999755859375,1558.300048828125,1558.300048828125,41767
2025-12-24 14:05:00+05:30,1559.300048828125,1559.800048828125,1557.5999755859375,1559.4000244140625,401233
2025-12-24 14:10:00+05:30,1559.0,1560.0,1558.699951171875,1559.199951171875,193426
2025-12-24 14:15:00+05:30,1558.0,1559.0999755859375,1558.0,1559.0,51960
2025-12-24 14:20:00+05:30,1556.5,1558.199951171875,1556.199951171875,1558.199951171875,161680
2025-12-24 14:25:00+05:30,1557.4000244140625,1557.699951171875,1555.300048828125,1556.5,368718
2025-12-24 14:30:00+05:30,1555.800048828125,1558.0999755859375,1555.5999755859375,1557.5,243430
2025-12-24 14:35:00+05:30,1556.800048828125,1557.0999755859375,1554.4000244140625,1555.800048828125,206546
2025-12-24 14:40:00+05:30,1556.4000244140625,1557.699951171875,1555.300048828125,1557.300048828125,67999
2025-12-24 14:45:00+05:30,1555.5,1557.199951171875,1555.300048828125,1556.4000244140625,39922
2025-12-24 14:50:00+05:30,1555.800048828125,1556.0,1553.800048828125,1555.5999755859375,258894
2025-12-24 14:55:00+05:30,1556.0,1557.0999755859375,1555.4000244140625,1555.800048828125,188856
2025-12-24 15:00:00+05:30,1557.5,1557.5,1553.800048828125,1556.0,443178
2025-12-24 15:05:00+05:30,1558.0999755859375,1559.9000244140625,1556.0999755859375,1557.300048828125,498115
2025-12-24 15:10:00+05:30,1561.4000244140625,1562.0,1556.4000244140625,1558.0,696293
2025-12-24 15:15:00+05:30,1559.800048828125,1561.5999755859375,1559.199951171875,1561.4000244140625,143993
2025-12-24 15:20:00+05:30,1559.800048828125,1560.5,1559.199951171875,1559.9000244140625,154575
2025-12-24 15:25:00+05:30,1560.9000244140625,1560.9000244140625,1558.5999755859375,1559.699951171875,139769
2025-12-26 09:20:00+05:30,1557.0,1560.0,1555.699951171875,1560.0,56473
2025-12-26 09:25:00+05:30,1558.5,1559.0,1555.199951171875,1557.0,43553
2025-12-26 09:30:00+05:30,1556.800048828125,1558.699951171875,1555.699951171875,1558.199951171875,27871
2025-12-26 09:35:00+05:30,1559.0999755859375,1559.300048828125,1556.5,1557.0,16086
2025-12-26 09:40:00+05:30,1558.0,1559.199951171875,1556.199951171875,1559.199951171875,28082
2025-12-26 09:45:00+05:30,1558.0,1558.0,1556.5999755859375,1557.800048828125,17861
2025-12-26 09:50:00+05:30,1556.5,1558.4000244140625,1555.199951171875,1558.0,19934
2025-12-26 09:55:00+05:30,1558.0,1558.800048828125,1556.300048828125,1556.5,15517
2025-12-26 10:00:00+05:30,1559.0,1559.0,1557.5,1558.199951171875,13836
2025-12-26 10:05:00+05:30,1559.699951171875,1561.0,1558.9000244140625,1559.0,37866
2025-12-26 10:10:00+05:30,1559.0,1559.800048828125,1558.5,1559.300048828125,19542
2025-12-26 10:15:00+05:30,1558.699951171875,1559.5,1558.0,1558.9000244140625,14003
2025-12-26 10:20:00+05:30,1557.800048828125,1560.0,1557.5,1558.5999755859375,62221
2025-12-26 10:25:00+05:30,1558.0,1558.0,1556.0,1557.5,19187
2025-12-26 10:30:00+05:30,1557.300048828125,1558.0,1556.4000244140625,1558.0,14193
2025-12-26 10:35:00+05:30,1558.5,1558.5,1557.0,1557.5,10589
2025-12-26 10:40:00+05:30,1558.5999755859375,1559.5999755859375,1558.199951171875,1558.300048828125,16184
2025-12-26 10:45:00+05:30,1558.9000244140625,1559.5,1558.199951171875,1559.0999755859375,20193
2025-12-26 10:50:00+05:30,1559.300048828125,1559.800048828125,1558.800048828125,1559.199951171875,18389
2025-12-26 10:55:00+05:30,1560.0999755859375,1560.4000244140625,1558.5999755859375,1559.199951171875,17282
2025-12-26 11:00:00+05:30,1559.0999755859375,1560.199951171875,1559.0,1560.0999755859375,17780
2025-12-26 11:05:00+05:30,1557.5,1559.0999755859375,1557.5,1559.0999755859375,16500
2025-12-26 11:10:00+05:30,1558.0,1558.199951171875,1556.5999755859375,1557.5,30272
2025-12-26 11:15:00+05:30,1558.300048828125,1558.300048828125,1556.9000244140625,1558.0,14527
2025-12-26 11:20:00+05:30,1557.0,1558.9000244140625,1556.699951171875,1558.0,24047
2025-12-26 11:25:00+05:30,1558.300048828125,1558.800048828125,1556.9000244140625,1557.0,34388
2025-12-26 11:30:00+05:30,1558.5999755859375,1559.0,1558.0,1558.300048828125,25932
2025-12-26 11:35:00+05:30,1557.699951171875,1559.300048828125,1557.5999755859375,1558.800048828125,15533
2025-12-26 11:40:00+05:30,1558.0,1558.699951171875,1557.5999755859375,1557.699951171875,16012
2025-12-26 11:45:00+05:30,1558.199951171875,1558.5,1557.699951171875,1558.0,26862
2025-12-26 11:50:00+05:30,1558.199951171875,1559.0,1558.0999755859375,1558.5,22856
2025-12-26 11:55:00+05:30,1559.199951171875,1559.5,1558.199951171875,1558.199951171875,12210
2025-12-26 12:00:00+05:30,1557.800048828125,1559.5,1557.699951171875,1559.0,16563
2025-12-26 12:05:00+05:30,1558.199951171875,1558.4000244140625,1557.0999755859375,1557.699951171875,13413
2025-12-26 12:10:00+05:30,1558.0,1558.5999755859375,1557.5,1558.300048828125,19985
2025-12-26 12:15:00+05:30,1557.699951171875,1558.5999755859375,1557.300048828125,1558.0,9155
2025-12-26 12:20:00+05:30,1556.5,1557.800048828125,1556.0,1557.800048828125,53617
2025-12-26 12:25:00+05:30,1558.0999755859375,1558.199951171875,1556.5,1557.0,34660
2025-12-26 12:30:00+05:30,1556.699951171875,1558.0999755859375,1556.0,1558.0999755859375,18716
2025-12-26 12:35:00+05:30,1556.0,1557.0999755859375,1556.0,1556.699951171875,20731
2025-12-26 12:40:00+05:30,1556.300048828125,1556.5999755859375,1555.699951171875,1556.300048828125,27708
2025-12-26 12:45:00+05:30,1556.800048828125,1557.4000244140625,1555.699951171875,1556.300048828125,15204
2025-12-26 12:50:00+05:30,1556.199951171875,1557.199951171875,1556.0,1556.9000244140625,13749
2025-12-26 12:55:00+05:30,1556.199951171875,1556.5999755859375,1556.0,1556.0,13889
2025-12-26 13:00:00+05:30,1556.4000244140625,1556.5999755859375,1556.199951171875,1556.5999755859375,17785
2025-12-26 13:05:00+05:30,1556.699951171875,1557.0,1556.0999755859375,1556.5999755859375,9293
2025-12-26 13:10:00+05:30,1556.5999755859375,1557.0,1556.0,1556.199951171875,12256
2025-12-26 13:15:00+05:30,1557.4000244140625,1557.5,1556.0999755859375,1556.5999755859375,16106
2025-12-26 13:20:00+05:30,1557.0,1557.4000244140625,1556.5,1557.4000244140625,71083
2025-12-26 13:25:00+05:30,1557.199951171875,1557.4000244140625,1556.5,1557.0,19449
2025-12-26 13:30:00+05:30,1557.5,1557.9000244140625,1557.0,1557.199951171875,24649
2025-12-26 13:35:00+05:30,1558.0,1558.0,1557.0999755859375,1557.699951171875,13247
2025-12-26 13:40:00+05:30,1558.699951171875,1558.699951171875,1557.300048828125,1558.0,24519
2025-12-26 13:45:00+05:30,1558.699951171875,1559.0,1558.199951171875,1558.699951171875,25422
2025-12-26 13:50:00+05:30,1558.0,1559.0,1558.0,1558.9000244140625,31706
2025-12-26 13:55:00+05:30,1559.0,1559.5,1558.0999755859375,1558.300048828125,24650
2025-12-26 14:00:00+05:30,1559.300048828125,1559.699951171875,1558.0999755859375,1559.0,35003
2025-12-26 14:05:00+05:30,1559.0,1559.5,1558.800048828125,1559.300048828125,41496
2025-12-26 14:10:00+05:30,1559.300048828125,1559.5,1558.4000244140625,1559.300048828125,36340
2025-12-26 14:15:00+05:30,1557.0999755859375,1559.5,1556.800048828125,1559.300048828125,67979
2025-12-26 14:20:00+05:30,1557.4000244140625,1557.9000244140625,1556.5,1557.0999755859375,24282
2025-12-26 14:25:00+05:30,1558.0999755859375,1558.699951171875,1556.5999755859375,1557.4000244140625,71419
2025-12-26 14:30:00+05:30,1558.300048828125,1558.800048828125,1557.4000244140625,1558.300048828125,28155
2025-12-26 14:35:00+05:30,1557.5,1558.300048828125,1557.300048828125,1558.300048828125,28324
2025-12-26 14:40:00+05:30,1557.0999755859375,1558.0,1556.5999755859375,1558.0,41185
2025-12-26 14:45:00+05:30,1556.5,1557.5999755859375,1556.5,1557.4000244140625,30996
2025-12-26 14:50:00+05:30,1557.4000244140625,1558.199951171875,1556.5,1556.9000244140625,44030
2025-12-26 14:55:00+05:30,1558.0999755859375,1558.5,1557.5,1557.9000244140625,33407
2025-12-26 15:00:00+05:30,1558.300048828125,1558.5999755859375,1558.0999755859375,1558.5999755859375,43774
2025-12-26 15:05:00+05:30,1558.5,1558.5,1558.0,1558.199951171875,31538
2025-12-26 15:10:00+05:30,1560.0,1560.4000244140625,1558.199951171875,1558.5,96085
2025-12-26 15:15:00+05:30,1559.699951171875,1560.4000244140625,1559.0,1560.0,89869
2025-12-26 15:20:00+05:30,1559.800048828125,1560.0,1559.0,1559.5,88614
2025-12-26 15:25:00+05:30,1560.5999755859375,1560.9000244140625,1559.0,1559.0999755859375,63572
2025-12-29 09:20:00+05:30,1554.300048828125,1554.5,1551.5,1552.699951171875,55910
2025-12-29 09:25:00+05:30,1554.0999755859375,1554.699951171875,1553.5999755859375,1554.0,26978
2025-12-29 09:30:00+05:30,1555.699951171875,1556.5,1552.300048828125,1554.0,61266
2025-12-29 09:35:00+05:30,1555.0999755859375,1556.300048828125,1554.4000244140625,1555.800048828125,55446
2025-12-29 09:40:00+05:30,1557.300048828125,1557.800048828125,1555.0999755859375,1555.5,48077
2025-12-29 09:45:00+05:30,1557.199951171875,1557.699951171875,1556.4000244140625,1557.4000244140625,41122
2025-12-29 09:50:00+05:30,1556.800048828125,1557.0999755859375,1556.0,1557.0999755859375,23646
2025-12-29 09:55:00+05:30,1553.699951171875,1556.4000244140625,1553.5999755859375,1556.4000244140625,127984
2025-12-29 10:00:00+05:30,1552.9000244140625,1554.4000244140625,1552.699951171875,1553.199951171875,94417
2025-12-29 10:05:00+05:30,1553.699951171875,1554.0,1552.699951171875,1552.9000244140625,74994
2025-12-29 10:10:00+05:30,1551.4000244140625,1553.699951171875,1551.4000244140625,1553.699951171875,57082
2025-12-29 10:15:00+05:30,1550.5,1551.9000244140625,1549.9000244140625,1551.5,70489
2025-12-29 10:20:00+05:30,1552.699951171875,1552.800048828125,1549.800048828125,1550.5,46817
2025-12-29 10:25:00+05:30,1551.5999755859375,1552.800048828125,1550.4000244140625,1552.699951171875,33783
2025-12-29 10:30:00+05:30,1550.699951171875,1552.0,1550.5,1551.5999755859375,22855
2025-12-29 10:35:00+05:30,1550.199951171875,1551.0,1550.199951171875,1550.699951171875,25353
2025-12-29 10:40:00+05:30,1548.0,1550.4000244140625,1547.800048828125,1550.199951171875,87277
2025-12-29 10:45:00+05:30,1548.0,1548.0,1547.4000244140625,1548.0,53182
2025-12-29 10:50:00+05:30,1548.9000244140625,1550.300048828125,1547.5999755859375,1548.0,61383
2025-12-29 10:55:00+05:30,1549.4000244140625,1549.9000244140625,1548.5999755859375,1548.9000244140625,28101
2025-12-29 11:00:00+05:30,1548.5999755859375,1549.300048828125,1547.9000244140625,1549.300048828125,37753
2025-12-29 11:05:00+05:30,1548.5,1549.0999755859375,1547.699951171875,1548.5999755859375,22671
2025-12-29 11:10:00+05:30,1549.4000244140625,1549.9000244140625,1548.0999755859375,1548.4000244140625,32408
2025-12-29 11:15:00+05:30,1548.0,1549.9000244140625,1547.699951171875,1549.5,35748
2025-12-29 11:20:00+05:30,1547.199951171875,1548.0,1546.699951171875,1547.9000244140625,75518
2025-12-29 11:25:00+05:30,1547.5999755859375,1547.9000244140625,1546.5,1547.4000244140625,33109
2025-12-29 11:30:00+05:30,1547.9000244140625,1548.0,1547.199951171875,1547.699951171875,28825
2025-12-29 11:35:00+05:30,1546.9000244140625,1548.0,1546.300048828125,1547.5,28462
2025-12-29 11:40:00+05:30,1546.9000244140625,1547.0,1545.5,1546.9000244140625,37490
2025-12-29 11:45:00+05:30,1548.699951171875,1548.800048828125,1546.699951171875,1547.0,31391
2025-12-29 11:50:00+05:30,1546.699951171875,1548.699951171875,1546.5,1548.4000244140625,39348
2025-12-29 11:55:00+05:30,1548.699951171875,1548.699951171875,1546.0999755859375,1546.699951171875,59446
2025-12-29 12:00:00+05:30,1549.300048828125,1549.5999755859375,1548.300048828125,1548.5999755859375,57877
2025-12-29 12:05:00+05:30,1549.800048828125,1549.9000244140625,1548.5999755859375,1549.300048828125,16365
2025-12-29 12:10:00+05:30,1549.0999755859375,1550.0,1548.800048828125,1549.800048828125,44295
2025-12-29 12:15:00+05:30,1549.800048828125,1550.0,1549.0,1549.0,42463
2025-12-29 12:20:00+05:30,1548.4000244140625,1549.800048828125,1548.199951171875,1549.800048828125,31360
2025-12-29 12:25:00+05:30,1549.4000244140625,1549.5,1548.0,1548.4000244140625,27474
2025-12-29 12:30:00+05:30,1547.5999755859375,1549.4000244140625,1547.5,1549.4000244140625,77293
2025-12-29 12:35:00+05:30,1548.300048828125,1548.4000244140625,1547.300048828125,1547.5,22710
2025-12-29 12:40:00+05:30,1548.4000244140625,1548.5,1547.9000244140625,1548.300048828125,21541
2025-12-29 12:45:00+05:30,1547.9000244140625,1548.800048828125,1547.5,1548.4000244140625,28910
2025-12-29 12:50:00+05:30,1547.4000244140625,1548.0,1546.699951171875,1547.9000244140625,31001
2025-12-29 12:55:00+05:30,1548.0,1548.0,1547.0,1547.5999755859375,20382
2025-12-29 13:00:00+05:30,1548.300048828125,1548.4000244140625,1547.5999755859375,1547.9000244140625,32440
2025-12-29 13:05:00+05:30,1548.199951171875,1548.5999755859375,1547.5999755859375,1548.4000244140625,155212
2025-12-29 13:10:00+05:30,1547.5999755859375,1549.0,1547.5,1548.0,220557
2025-12-29 13:15:00+05:30,1546.300048828125,1547.699951171875,1545.0999755859375,1547.5999755859375,218694
2025-12-29 13:20:00+05:30,1544.5,1546.300048828125,1544.4000244140625,1546.300048828125,51135
2025-12-29 13:25:00+05:30,1544.800048828125,1545.5,1544.0,1544.300048828125,45536
2025-12-29 13:30:00+05:30,1545.0,1545.0,1544.199951171875,1544.800048828125,60004
2025-12-29 13:35:00+05:30,1544.9000244140625,1545.699951171875,1544.4000244140625,1544.9000244140625,29703
2025-12-29 13:40:00+05:30,1545.0,1545.300048828125,1544.5,1544.9000244140625,30993
2025-12-29 13:45:00+05:30,1546.0999755859375,1546.199951171875,1544.699951171875,1545.0,29306
2025-12-29 13:50:00+05:30,1546.5,1547.5,1545.5,1546.0999755859375,53021
2025-12-29 13:55:00+05:30,1546.199951171875,1547.0,1546.0,1546.5,29428
2025-12-29 14:00:00+05:30,1546.5,1546.5,1546.0999755859375,1546.199951171875,40486
2025-12-29 14:05:00+05:30,1547.699951171875,1547.9000244140625,1546.199951171875,1546.5,123577
2025-12-29 14:10:00+05:30,1546.0,1548.5,1545.699951171875,1547.699951171875,266552
2025-12-29 14:15:00+05:30,1544.4000244140625,1546.5,1544.4000244140625,1546.199951171875,86025
2025-12-29 14:20:00+05:30,1546.199951171875,1546.300048828125,1544.0,1544.4000244140625,75569
2025-12-29 14:25:00+05:30,1545.800048828125,1547.199951171875,1545.5999755859375,1546.0,195437
2025-12-29 14:30:00+05:30,1545.5,1545.800048828125,1544.699951171875,1545.5,65866
2025-12-29 14:35:00+05:30,1545.0,1545.9000244140625,1544.9000244140625,1545.4000244140625,119003
2025-12-29 14:40:00+05:30,1544.199951171875,1545.0,1544.199951171875,1545.0,68503
2025-12-29 14:45:00+05:30,1546.0,1546.300048828125,1543.800048828125,1544.300048828125,80255
2025-12-29 14:50:00+05:30,1546.199951171875,1546.9000244140625,1545.800048828125,1546.0,78966
2025-12-29 14:55:00+05:30,1545.5,1547.4000244140625,1545.0,1546.0,283020
2025-12-29 15:00:00+05:30,1545.300048828125,1546.300048828125,1544.4000244140625,1545.9000244140625,421879
2025-12-29 15:05:00+05:30,1545.699951171875,1547.699951171875,1545.0999755859375,1545.199951171875,374659
2025-12-29 15:10:00+05:30,1544.699951171875,1546.0999755859375,1544.699951171875,1545.4000244140625,143628
2025-12-29 15:15:00+05:30,1544.0999755859375,1544.699951171875,1543.5999755859375,1544.699951171875,213939
2025-12-29 15:20:00+05:30,1546.4000244140625,1546.4000244140625,1544.0999755859375,1544.300048828125,100940
2025-12-29 15:25:00+05:30,1546.800048828125,1547.0999755859375,1545.4000244140625,1546.4000244140625,99667
2025-12-30 09:20:00+05:30,1546.0999755859375,1547.0999755859375,1544.9000244140625,1546.699951171875,70411
2025-12-30 09:25:00+05:30,1549.199951171875,1549.199951171875,1544.800048828125,1545.800048828125,81002
2025-12-30 09:30:00+05:30,1550.5,1550.5,1547.9000244140625,1549.4000244140625,88066
2025-12-30 09:35:00+05:30,1552.0999755859375,1553.5999755859375,1550.0999755859375,1550.5,476295
2025-12-30 09:40:00+05:30,1551.4000244140625,1552.300048828125,1550.4000244140625,1552.300048828125,40282
2025-12-30 09:45:00+05:30,1549.9000244140625,1551.800048828125,1549.9000244140625,1551.4000244140625,28625
2025-12-30 09:50:00+05:30,1550.300048828125,1550.9000244140625,1549.5,1549.9000244140625,31661
2025-12-30 09:55:00+05:30,1550.0999755859375,1551.0,1549.5,1550.300048828125,35154
2025-12-30 10:00:00+05:30,1550.0,1550.5,1549.0,1550.0,45359
2025-12-30 10:05:00+05:30,1550.5,1550.5,1549.800048828125,1550.0,22852
2025-12-30 10:10:00+05:30,1550.5,1550.5999755859375,1550.199951171875,1550.5,20481
2025-12-30 10:15:00+05:30,1551.300048828125,1551.5,1550.300048828125,1550.4000244140625,30280
2025-12-30 10:20:00+05:30,1551.0,1551.699951171875,1550.5,1551.0,38364
2025-12-30 10:25:00+05:30,1551.0999755859375,1551.0999755859375,1550.699951171875,1551.0,21493
2025-12-30 10:30:00+05:30,1551.0,1551.199951171875,1550.5,1551.0999755859375,25554
2025-12-30 10:35:00+05:30,1549.9000244140625,1551.0999755859375,1549.5999755859375,1551.0,40996
2025-12-30 10:40:00+05:30,1550.0,1550.199951171875,1549.300048828125,1549.9000244140625,35227
2025-12-30 10:45:00+05:30,1549.9000244140625,1550.199951171875,1549.5999755859375,1549.699951171875,27786
2025-12-30 10:50:00+05:30,1549.199951171875,1550.300048828125,1548.300048828125,1550.0,64819
2025-12-30 10:55:00+05:30,1548.199951171875,1549.199951171875,1547.5999755859375,1549.199951171875,55028
2025-12-30 11:00:00+05:30,1547.5,1548.5999755859375,1547.5,1547.800048828125,102641
2025-12-30 11:05:00+05:30,1547.0,1547.800048828125,1546.5999755859375,1547.800048828125,45645
2025-12-30 11:10:00+05:30,1545.9000244140625,1547.0,1545.4000244140625,1547.0,49386
2025-12-30 11:15:00+05:30,1545.4000244140625,1545.9000244140625,1545.199951171875,1545.9000244140625,32080
2025-12-30 11:20:00+05:30,1544.5,1546.199951171875,1544.0,1545.5,107790
2025-12-30 11:25:00+05:30,1544.0999755859375,1544.5999755859375,1543.9000244140625,1544.4000244140625,38617
2025-12-30 11:30:00+05:30,1542.5999755859375,1544.300048828125,1542.0,1543.800048828125,136314
2025-12-30 11:35:00+05:30,1540.9000244140625,1543.5,1540.699951171875,1543.0,64892
2025-12-30 11:40:00+05:30,1542.4000244140625,1542.800048828125,1540.199951171875,1541.300048828125,66038
2025-12-30 11:45:00+05:30,1543.199951171875,1543.9000244140625,1542.0,1542.4000244140625,46556
2025-12-30 11:50:00+05:30,1543.300048828125,1543.9000244140625,1542.800048828125,1543.300048828125,27847
2025-12-30 11:55:00+05:30,1543.4000244140625,1543.5,1543.0,1543.300048828125,29442
2025-12-30 12:00:00+05:30,1542.199951171875,1543.5,1542.0999755859375,1543.5,28073
2025-12-30 12:05:00+05:30,1543.5999755859375,1544.0,1542.0999755859375,1542.300048828125,44873
2025-12-30 12:10:00+05:30,1543.199951171875,1544.199951171875,1543.0,1543.5999755859375,51351
2025-12-30 12:15:00+05:30,1543.5999755859375,1543.800048828125,1543.0,1543.0,35233
2025-12-30 12:20:00+05:30,1543.699951171875,1543.800048828125,1543.4000244140625,1543.5999755859375,25803
2025-12-30 12:25:00+05:30,1543.800048828125,1544.0999755859375,1542.800048828125,1543.800048828125,128602
2025-12-30 12:30:00+05:30,1544.0999755859375,1544.0999755859375,1543.0,1543.300048828125,87073
2025-12-30 12:35:00+05:30,1545.300048828125,1545.300048828125,1543.5999755859375,1544.0999755859375,41291
2025-12-30 12:40:00+05:30,1545.5999755859375,1546.5,1545.0999755859375,1545.0999755859375,95765
2025-12-30 12:45:00+05:30,1546.800048828125,1546.800048828125,1545.0,1545.5,94899
2025-12-30 12:50:00+05:30,1544.300048828125,1546.9000244140625,1543.5999755859375,1546.800048828125,167485
2025-12-30 12:55:00+05:30,1543.699951171875,1544.4000244140625,1542.4000244140625,1544.4000244140625,131094
2025-12-30 13:00:00+05:30,1542.5999755859375,1544.699951171875,1542.5,1544.300048828125,35805
2025-12-30 13:05:00+05:30,1542.699951171875,1543.0999755859375,1542.5,1542.5999755859375,25280
2025-12-30 13:10:00+05:30,1543.5,1543.9000244140625,1542.699951171875,1542.699951171875,38623
2025-12-30 13:15:00+05:30,1544.9000244140625,1544.9000244140625,1543.199951171875,1543.5,41923
2025-12-30 13:20:00+05:30,1542.699951171875,1544.9000244140625,1542.5,1544.800048828125,58524
2025-12-30 13:25:00+05:30,1543.0,1544.0,1542.5,1542.699951171875,103953
2025-12-30 13:30:00+05:30,1544.800048828125,1544.9000244140625,1543.0,1543.0,36800
2025-12-30 13:35:00+05:30,1545.0,1545.0,1544.4000244140625,1544.800048828125,35349
2025-12-30 13:40:00+05:30,1544.4000244140625,1546.4000244140625,1544.0999755859375,1544.800048828125,151472
2025-12-30 13:45:00+05:30,1545.300048828125,1546.0999755859375,1544.300048828125,1544.5,209624
2025-12-30 13:50:00+05:30,1543.199951171875,1545.4000244140625,1543.0999755859375,1545.300048828125,121856
2025-12-30 13:55:00+05:30,1542.699951171875,1544.199951171875,1542.199951171875,1543.5,115881
2025-12-30 14:00:00+05:30,1543.5999755859375,1544.699951171875,1543.0,1543.199951171875,190185
2025-12-30 14:05:00+05:30,1543.699951171875,1544.5,1543.4000244140625,1543.5999755859375,43593
2025-12-30 14:10:00+05:30,1543.5,1544.0999755859375,1543.4000244140625,1544.0999755859375,33674
2025-12-30 14:15:00+05:30,1544.0,1545.0,1543.5,1543.5,39103
2025-12-30 14:20:00+05:30,1543.5999755859375,1544.5,1543.5,1544.0,31374
2025-12-30 14:25:00+05:30,1541.800048828125,1543.5999755859375,1541.5999755859375,1543.5999755859375,189296
2025-12-30 14:30:00+05:30,1543.300048828125,1543.699951171875,1541.800048828125,1541.9000244140625,112908
2025-12-30 14:35:00+05:30,1543.5,1543.5,1541.800048828125,1543.300048828125,151545
2025-12-30 14:40:00+05:30,1543.0999755859375,1543.699951171875,1541.800048828125,1543.5999755859375,128024
2025-12-30 14:45:00+05:30,1544.0999755859375,1544.0999755859375,1541.300048828125,1543.0999755859375,112824
2025-12-30 14:50:00+05:30,1543.0,1544.199951171875,1543.0,1544.0999755859375,49888
2025-12-30 14:55:00+05:30,1542.199951171875,1544.0,1542.0,1543.0999755859375,63095
2025-12-30 15:00:00+05:30,1540.800048828125,1542.300048828125,1538.699951171875,1542.199951171875,895930
2025-12-30 15:05:00+05:30,1538.9000244140625,1544.0999755859375,1538.199951171875,1540.5999755859375,801658
2025-12-30 15:10:00+05:30,1539.300048828125,1539.300048828125,1538.0,1538.800048828125,515122
2025-12-30 15:15:00+05:30,1538.699951171875,1540.0999755859375,1538.5,1539.300048828125,484912
2025-12-30 15:20:00+05:30,1540.0,1540.0999755859375,1538.4000244140625,1539.0,486223
2025-12-30 15:25:00+05:30,1540.5,1542.4000244140625,1538.0,1540.0,275644
2025-12-31 09:20:00+05:30,1546.800048828125,1549.5,1546.5999755859375,1548.800048828125,20158
2025-12-31 09:25:00+05:30,1548.0999755859375,1549.4000244140625,1545.9000244140625,1546.5999755859375,27440
2025-12-31 09:30:00+05:30,1548.0999755859375,1549.5999755859375,1547.699951171875,1548.699951171875,23137
2025-12-31 09:35:00+05:30,1547.0,1548.800048828125,1546.5999755859375,1548.0,20052
2025-12-31 09:40:00+05:30,1546.9000244140625,1547.5999755859375,1546.0,1547.0,15606
2025-12-31 09:45:00+05:30,1546.0,1547.4000244140625,1545.0999755859375,1547.0,46317
2025-12-31 09:50:00+05:30,1544.699951171875,1546.0,1544.699951171875,1546.0,21292
2025-12-31 09:55:00+05:30,1545.0,1545.5,1544.800048828125,1545.300048828125,15331
2025-12-31 10:00:00+05:30,1545.5,1546.0,1544.9000244140625,1545.4000244140625,22127
2025-12-31 10:05:00+05:30,1548.0,1549.0,1545.5,1545.9000244140625,61501
2025-12-31 10:10:00+05:30,1548.0,1548.199951171875,1547.199951171875,1548.0,19278
2025-12-31 10:15:00+05:30,1548.0,1548.0999755859375,1547.5999755859375,1548.0,17456
2025-12-31 10:20:00+05:30,1548.300048828125,1548.800048828125,1548.0999755859375,1548.4000244140625,30144
2025-12-31 10:25:00+05:30,1548.9000244140625,1549.0,1547.5,1548.199951171875,71173
2025-12-31 10:30:00+05:30,1549.199951171875,1549.5,1548.4000244140625,1548.800048828125,84060
2025-12-31 10:35:00+05:30,1548.5,1549.4000244140625,1548.4000244140625,1549.199951171875,34863
2025-12-31 10:40:00+05:30,1548.9000244140625,1549.0999755859375,1548.0,1548.4000244140625,18921
2025-12-31 10:45:00+05:30,1547.800048828125,1549.199951171875,1547.0999755859375,1548.800048828125,19562
2025-12-31 10:50:00+05:30,1548.5,1548.5999755859375,1547.300048828125,1547.300048828125,13802
2025-12-31 10:55:00+05:30,1548.5,1549.4000244140625,1547.5999755859375,1548.5,45847
2025-12-31 11:00:00+05:30,1552.0,1552.4000244140625,1548.4000244140625,1548.5,92745
2025-12-31 11:05:00+05:30,1553.5999755859375,1554.0,1551.699951171875,1552.199951171875,37951
2025-12-31 11:10:00+05:30,1555.0,1555.0,1553.4000244140625,1553.5999755859375,43359
2025-12-31 11:15:00+05:30,1557.0,1557.5,1554.800048828125,1555.0,71743
2025-12-31 11:20:00+05:30,1556.699951171875,1557.800048828125,1555.800048828125,1557.5,56915
2025-12-31 11:25:00+05:30,1556.800048828125,1557.0,1556.0,1556.9000244140625,33570
2025-12-31 11:30:00+05:30,1559.300048828125,1559.300048828125,1556.4000244140625,1556.800048828125,102343
2025-12-31 11:35:00+05:30,1561.4000244140625,1561.5,1559.0,1559.0,104305
2025-12-31 11:40:00+05:30,1565.0999755859375,1566.300048828125,1561.4000244140625,1561.5999755859375,115694
2025-12-31 11:45:00+05:30,1567.0,1567.0,1563.199951171875,1565.300048828125,79451
2025-12-31 11:50:00+05:30,1566.199951171875,1568.300048828125,1565.5,1566.800048828125,88412
2025-12-31 11:55:00+05:30,1567.0,1567.800048828125,1566.0,1566.5999755859375,43669
2025-12-31 12:00:00+05:30,1566.0999755859375,1567.5,1565.699951171875,1567.0,45658
2025-12-31 12:05:00+05:30,1567.4000244140625,1567.5,1565.199951171875,1566.0999755859375,29149
2025-12-31 12:10:00+05:30,1567.800048828125,1569.0999755859375,1566.4000244140625,1567.4000244140625,73001
2025-12-31 12:15:00+05:30,1566.4000244140625,1568.0,1565.300048828125,1567.699951171875,41948
2025-12-31 12:20:00+05:30,1567.5999755859375,1567.9000244140625,1566.0,1566.4000244140625,27985
2025-12-31 12:25:00+05:30,1565.5,1567.300048828125,1565.5,1566.800048828125,35921
2025-12-31 12:30:00+05:30,1566.300048828125,1567.0,1565.5,1565.699951171875,30261
2025-12-31 12:35:00+05:30,1567.9000244140625,1568.0,1566.199951171875,1566.300048828125,25376
2025-12-31 12:40:00+05:30,1568.699951171875,1568.800048828125,1566.199951171875,1567.800048828125,36934
2025-12-31 12:45:00+05:30,1569.800048828125,1570.0,1568.5,1568.800048828125,151831
2025-12-31 12:50:00+05:30,1571.5999755859375,1571.5999755859375,1569.0,1569.800048828125,105874
2025-12-31 12:55:00+05:30,1571.4000244140625,1572.699951171875,1571.0,1571.5999755859375,96593
2025-12-31 13:00:00+05:30,1570.9000244140625,1572.300048828125,1570.5999755859375,1571.5999755859375,46883
2025-12-31 13:05:00+05:30,1572.0,1572.0,1570.199951171875,1570.9000244140625,34213
2025-12-31 13:10:00+05:30,1572.5,1572.5,1570.4000244140625,1571.800048828125,53362
2025-12-31 13:15:00+05:30,1570.0999755859375,1572.800048828125,1570.0,1572.5,49251
2025-12-31 13:20:00+05:30,1571.0,1572.0,1570.0999755859375,1570.0999755859375,56216
2025-12-31 13:25:00+05:30,1571.5999755859375,1571.699951171875,1570.699951171875,1570.800048828125,31793
2025-12-31 13:30:00+05:30,1571.9000244140625,1572.800048828125,1571.5,1571.5,48912
2025-12-31 13:35:00+05:30,1571.9000244140625,1572.199951171875,1571.4000244140625,1572.199951171875,36490
2025-12-31 13:40:00+05:30,1572.5999755859375,1573.0,1571.5,1571.5,47275
2025-12-31 13:45:00+05:30,1573.800048828125,1574.5,1572.5999755859375,1572.5999755859375,72497
2025-12-31 13:50:00+05:30,1573.9000244140625,1574.0,1573.0999755859375,1573.9000244140625,33282
2025-12-31 13:55:00+05:30,1574.5,1575.0,1573.199951171875,1573.9000244140625,118545
2025-12-31 14:00:00+05:30,1574.9000244140625,1575.0,1572.5,1574.5,99599
2025-12-31 14:05:00+05:30,1574.300048828125,1575.4000244140625,1574.0999755859375,1574.9000244140625,167404
2025-12-31 14:10:00+05:30,1573.0,1574.699951171875,1573.0,1574.199951171875,73832
2025-12-31 14:15:00+05:30,1572.5999755859375,1573.5999755859375,1572.0,1573.199951171875,104256
2025-12-31 14:20:00+05:30,1572.4000244140625,1573.5,1572.0999755859375,1572.800048828125,97569
2025-12-31 14:25:00+05:30,1573.4000244140625,1573.9000244140625,1572.300048828125,1572.5,130248
2025-12-31 14:30:00+05:30,1573.5999755859375,1574.300048828125,1572.4000244140625,1573.4000244140625,146477
2025-12-31 14:35:00+05:30,1575.5,1575.9000244140625,1573.0999755859375,1573.4000244140625,121183
2025-12-31 14:40:00+05:30,1575.800048828125,1576.0,1574.699951171875,1575.5,95181
2025-12-31 14:45:00+05:30,1575.699951171875,1575.800048828125,1575.0999755859375,1575.4000244140625,100655
2025-12-31 14:50:00+05:30,1575.5,1576.0,1575.0,1575.5,88964
2025-12-31 14:55:00+05:30,1576.199951171875,1577.0,1575.199951171875,1575.4000244140625,125749
2025-12-31 15:00:00+05:30,1573.699951171875,1576.5,1573.5,1576.199951171875,201777
2025-12-31 15:05:00+05:30,1569.5,1573.699951171875,1569.5,1573.5,390078
2025-12-31 15:10:00+05:30,1567.9000244140625,1569.9000244140625,1567.5,1569.5,252201
2025-12-31 15:15:00+05:30,1569.199951171875,1569.9000244140625,1567.9000244140625,1567.9000244140625,257409
2025-12-31 15:20:00+05:30,1568.5,1569.5999755859375,1568.199951171875,1569.0,220873
2025-12-31 15:25:00+05:30,1570.5,1571.0,1568.199951171875,1568.9000244140625,169102
2026-01-01 09:20:00+05:30,1579.5,1579.9000244140625,1575.300048828125,1575.300048828125,88599
2026-01-01 09:25:00+05:30,1588.0999755859375,1589.5999755859375,1579.5,1579.800048828125,289323
2026-01-01 09:30:00+05:30,1588.300048828125,1592.4000244140625,1587.0,1588.5,318278
2026-01-01 09:35:00+05:30,1588.0,1589.699951171875,1586.5999755859375,1588.300048828125,60949
2026-01-01 09:40:00+05:30,1586.0,1587.9000244140625,1585.199951171875,1587.5,54382
2026-01-01 09:45:00+05:30,1584.5,1586.300048828125,1584.300048828125,1585.199951171875,55544
2026-01-01 09:50:00+05:30,1583.699951171875,1585.0,1583.199951171875,1584.800048828125,67250
2026-01-01 09:55:00+05:30,1583.0999755859375,1586.9000244140625,1582.9000244140625,1584.300048828125,81366
2026-01-01 10:00:00+05:30,1585.4000244140625,1585.5,1582.5999755859375,1583.5,47464
2026-01-01 10:05:00+05:30,1585.5999755859375,1587.5,1585.0999755859375,1585.800048828125,123672
2026-01-01 10:10:00+05:30,1582.199951171875,1585.5999755859375,1582.199951171875,1585.5999755859375,38087
2026-01-01 10:15:00+05:30,1580.5999755859375,1582.9000244140625,1580.4000244140625,1582.5,53709
2026-01-01 10:20:00+05:30,1581.0,1581.0,1579.5,1580.5999755859375,50094
2026-01-01 10:25:00+05:30,1582.9000244140625,1582.9000244140625,1580.4000244140625,1580.4000244140625,30476
2026-01-01 10:30:00+05:30,1581.199951171875,1583.4000244140625,1580.4000244140625,1582.9000244140625,33654
2026-01-01 10:35:00+05:30,1579.699951171875,1581.5999755859375,1578.9000244140625,1581.199951171875,76402
2026-01-01 10:40:00+05:30,1579.0,1580.0,1578.5,1579.9000244140625,24493
2026-01-01 10:45:00+05:30,1582.800048828125,1583.0999755859375,1578.699951171875,1578.9000244140625,83407
2026-01-01 10:50:00+05:30,1582.0,1582.800048828125,1580.800048828125,1582.800048828125,18380
2026-01-01 10:55:00+05:30,1581.0,1582.0,1580.0999755859375,1581.5999755859375,26260
2026-01-01 11:00:00+05:30,1581.199951171875,1581.5999755859375,1579.800048828125,1580.9000244140625,24156
2026-01-01 11:05:00+05:30,1581.0999755859375,1581.9000244140625,1580.5,1580.5999755859375,20875
2026-01-01 11:10:00+05:30,1580.4000244140625,1582.0,1580.4000244140625,1581.0,49243
2026-01-01 11:15:00+05:30,1580.0,1581.300048828125,1579.9000244140625,1580.4000244140625,57032
2026-01-01 11:20:00+05:30,1580.199951171875,1580.5999755859375,1580.0,1580.0,16176
2026-01-01 11:25:00+05:30,1579.0,1580.5999755859375,1578.5999755859375,1580.0,30000
2026-01-01 11:30:00+05:30,1577.699951171875,1579.5,1577.199951171875,1578.800048828125,36015
2026-01-01 11:35:00+05:30,1578.199951171875,1578.5,1576.300048828125,1577.5999755859375,34759
2026-01-01 11:40:00+05:30,1577.5,1578.199951171875,1577.0999755859375,1577.800048828125,12403
2026-01-01 11:45:00+05:30,1577.699951171875,1577.9000244140625,1577.0999755859375,1577.0999755859375,16976
2026-01-01 11:50:00+05:30,1576.5999755859375,1577.699951171875,1576.0999755859375,1577.5,24828
2026-01-01 11:55:00+05:30,1577.300048828125,1577.9000244140625,1576.5999755859375,1576.5999755859375,24349
2026-01-01 12:00:00+05:30,1577.0,1577.9000244140625,1577.0,1577.199951171875,17181
2026-01-01 12:05:00+05:30,1576.0,1577.300048828125,1576.0,1577.0,25095
2026-01-01 12:10:00+05:30,1578.0999755859375,1578.5,1575.699951171875,1576.0,79898
2026-01-01 12:15:00+05:30,1576.0,1578.300048828125,1574.300048828125,1577.699951171875,142612
2026-01-01 12:20:00+05:30,1577.300048828125,1577.5,1575.5,1575.800048828125,36932
2026-01-01 12:25:00+05:30,1577.800048828125,1578.5,1577.0,1577.300048828125,27574
2026-01-01 12:30:00+05:30,1578.9000244140625,1579.0,1577.5999755859375,1577.9000244140625,15676
2026-01-01 12:35:00+05:30,1575.800048828125,1579.0,1575.4000244140625,1578.800048828125,136926
2026-01-01 12:40:00+05:30,1578.0,1578.300048828125,1575.300048828125,1575.5,166670
2026-01-01 12:45:00+05:30,1580.0,1580.5999755859375,1577.300048828125,1578.0,169148
2026-01-01 12:50:00+05:30,1577.300048828125,1580.0,1577.0,1580.0,87822
2026-01-01 12:55:00+05:30,1575.800048828125,1577.5999755859375,1575.800048828125,1577.4000244140625,32939
2026-01-01 13:00:00+05:30,1576.0,1576.5999755859375,1575.0,1576.0,60705
2026-01-01 13:05:00+05:30,1575.5,1576.800048828125,1574.699951171875,1576.0,45977
2026-01-01 13:10:00+05:30,1575.199951171875,1575.800048828125,1574.5,1575.800048828125,14601
2026-01-01 13:15:00+05:30,1576.4000244140625,1576.5,1574.800048828125,1575.0,26600
2026-01-01 13:20:00+05:30,1573.699951171875,1576.4000244140625,1573.0999755859375,1576.4000244140625,177637
2026-01-01 13:25:00+05:30,1575.699951171875,1576.0999755859375,1573.0,1573.699951171875,219747
2026-01-01 13:30:00+05:30,1576.199951171875,1577.4000244140625,1575.300048828125,1575.699951171875,141095
2026-01-01 13:35:00+05:30,1576.5,1577.5,1576.0,1576.5,86281
2026-01-01 13:40:00+05:30,1577.199951171875,1577.199951171875,1576.0,1576.5,34482
2026-01-01 13:45:00+05:30,1578.4000244140625,1578.4000244140625,1577.0,1577.199951171875,26543
2026-01-01 13:50:00+05:30,1580.5,1581.4000244140625,1578.300048828125,1578.4000244140625,189408
2026-01-01 13:55:00+05:30,1578.800048828125,1580.9000244140625,1578.300048828125,1580.0,51432
2026-01-01 14:00:00+05:30,1578.300048828125,1579.300048828125,1578.0,1578.800048828125,21600
2026-01-01 14:05:00+05:30,1578.800048828125,1579.4000244140625,1577.9000244140625,1578.699951171875,16397
2026-01-01 14:10:00+05:30,1579.199951171875,1579.5,1578.5999755859375,1579.5,41279
2026-01-01 14:15:00+05:30,1579.5,1579.5,1578.5,1579.0999755859375,8105
2026-01-01 14:20:00+05:30,1579.0,1580.0999755859375,1578.199951171875,1579.5999755859375,97762
2026-01-01 14:25:00+05:30,1578.300048828125,1579.4000244140625,1578.0,1579.0,17918
2026-01-01 14:30:00+05:30,1579.0,1579.0,1577.4000244140625,1578.300048828125,12128
2026-01-01 14:35:00+05:30,1578.9000244140625,1579.0,1577.9000244140625,1579.0,15367
2026-01-01 14:40:00+05:30,1578.4000244140625,1579.0,1577.9000244140625,1578.300048828125,67127
2026-01-01 14:45:00+05:30,1577.9000244140625,1578.5,1577.0999755859375,1578.4000244140625,23303
2026-01-01 14:50:00+05:30,1577.300048828125,1578.0,1577.0999755859375,1577.9000244140625,33358
2026-01-01 14:55:00+05:30,1577.800048828125,1578.199951171875,1577.300048828125,1577.4000244140625,27972
2026-01-01 15:00:00+05:30,1578.800048828125,1578.9000244140625,1575.5999755859375,1578.4000244140625,281148
2026-01-01 15:05:00+05:30,1576.800048828125,1579.5,1576.699951171875,1579.0,510531
2026-01-01 15:10:00+05:30,1575.0,1577.0999755859375,1574.199951171875,1576.800048828125,310231
2026-01-01 15:15:00+05:30,1573.4000244140625,1574.4000244140625,1571.300048828125,1574.4000244140625,317793
2026-01-01 15:20:00+05:30,1572.699951171875,1573.800048828125,1572.0,1573.800048828125,181286
2026-01-01 15:25:00+05:30,1572.699951171875,1573.0,1571.0999755859375,1572.699951171875,153633
2026-01-02 09:20:00+05:30,1586.0,1587.0,1582.800048828125,1583.800048828125,87960
2026-01-02 09:25:00+05:30,1585.0,1586.4000244140625,1583.9000244140625,1586.4000244140625,51538
2026-01-02 09:30:00+05:30,1584.9000244140625,1586.9000244140625,1584.699951171875,1584.699951171875,54572
2026-01-02 09:35:00+05:30,1585.4000244140625,1585.5,1583.4000244140625,1585.5,87279
2026-01-02 09:40:00+05:30,1588.4000244140625,1588.4000244140625,1585.300048828125,1585.5999755859375,93758
2026-01-02 09:45:00+05:30,1588.0,1588.5999755859375,1587.0999755859375,1588.199951171875,66473
2026-01-02 09:50:00+05:30,1589.0,1589.0,1587.699951171875,1588.199951171875,60687
2026-01-02 09:55:00+05:30,1588.9000244140625,1589.9000244140625,1588.5,1589.0,70850
2026-01-02 10:00:00+05:30,1589.199951171875,1589.9000244140625,1588.4000244140625,1588.9000244140625,45098
2026-01-02 10:05:00+05:30,1587.0,1589.5,1586.5999755859375,1589.199951171875,46988
2026-01-02 10:10:00+05:30,1588.9000244140625,1588.9000244140625,1586.800048828125,1586.9000244140625,28037
2026-01-02 10:15:00+05:30,1587.300048828125,1589.4000244140625,1586.9000244140625,1588.9000244140625,31599
2026-01-02 10:20:00+05:30,1588.4000244140625,1588.699951171875,1587.199951171875,1587.4000244140625,36098
2026-01-02 10:25:00+05:30,1588.699951171875,1588.9000244140625,1588.0999755859375,1588.300048828125,32198
2026-01-02 10:30:00+05:30,1588.800048828125,1588.9000244140625,1587.4000244140625,1588.699951171875,47095
2026-01-02 10:35:00+05:30,1588.699951171875,1589.9000244140625,1588.300048828125,1588.699951171875,83866
2026-01-02 10:40:00+05:30,1588.4000244140625,1589.199951171875,1587.300048828125,1588.800048828125,135061
2026-01-02 10:45:00+05:30,1585.5,1588.9000244140625,1585.5,1588.4000244140625,199040
2026-01-02 10:50:00+05:30,1585.800048828125,1586.300048828125,1585.4000244140625,1585.699951171875,41081
2026-01-02 10:55:00+05:30,1585.0,1586.0999755859375,1584.4000244140625,1585.9000244140625,81214
2026-01-02 11:00:00+05:30,1584.0,1585.0,1584.0,1584.9000244140625,55461
2026-01-02 11:05:00+05:30,1584.699951171875,1585.0999755859375,1584.4000244140625,1584.5999755859375,53686
2026-01-02 11:10:00+05:30,1584.0,1585.0,1583.699951171875,1584.9000244140625,55566
2026-01-02 11:15:00+05:30,1582.5999755859375,1584.300048828125,1582.5999755859375,1584.0,113714
2026-01-02 11:20:00+05:30,1585.0,1585.0,1582.699951171875,1583.0999755859375,46183
2026-01-02 11:25:00+05:30,1586.699951171875,1587.0,1584.9000244140625,1585.0,60695
2026-01-02 11:30:00+05:30,1585.699951171875,1587.0999755859375,1585.4000244140625,1586.9000244140625,55398
2026-01-02 11:35:00+05:30,1587.199951171875,1587.4000244140625,1584.800048828125,1585.699951171875,40537
2026-01-02 11:40:00+05:30,1586.199951171875,1587.300048828125,1585.699951171875,1586.800048828125,69528
2026-01-02 11:45:00+05:30,1587.4000244140625,1587.9000244140625,1586.0,1586.4000244140625,70025
2026-01-02 11:50:00+05:30,1588.300048828125,1588.4000244140625,1587.199951171875,1587.5,84563
2026-01-02 11:55:00+05:30,1587.4000244140625,1588.5,1586.5,1588.4000244140625,82613
2026-01-02 12:00:00+05:30,1587.5,1588.0,1586.800048828125,1587.5999755859375,39029
2026-01-02 12:05:00+05:30,1586.5,1588.4000244140625,1586.5,1587.5999755859375,63789
2026-01-02 12:10:00+05:30,1586.9000244140625,1587.0,1586.4000244140625,1586.4000244140625,43765
2026-01-02 12:15:00+05:30,1587.4000244140625,1587.4000244140625,1586.699951171875,1587.0,41502
2026-01-02 12:20:00+05:30,1589.199951171875,1589.199951171875,1587.0,1587.4000244140625,85827
2026-01-02 12:25:00+05:30,1588.5999755859375,1590.0,1588.5,1589.199951171875,103904
2026-01-02 12:30:00+05:30,1589.0,1589.0,1588.300048828125,1588.699951171875,37397
2026-01-02 12:35:00+05:30,1588.4000244140625,1589.5,1588.0999755859375,1589.0,58900
2026-01-02 12:40:00+05:30,1588.5,1589.5,1588.300048828125,1588.699951171875,59387
2026-01-02 12:45:00+05:30,1588.300048828125,1589.199951171875,1587.800048828125,1588.0999755859375,138105
2026-01-02 12:50:00+05:30,1588.199951171875,1589.0,1587.699951171875,1588.300048828125,95926
2026-01-02 12:55:00+05:30,1588.800048828125,1589.199951171875,1587.800048828125,1588.199951171875,35102
2026-01-02 13:00:00+05:30,1589.199951171875,1589.199951171875,1588.300048828125,1589.0999755859375,30283
2026-01-02 13:05:00+05:30,1588.300048828125,1589.800048828125,1588.199951171875,1589.199951171875,57767
2026-01-02 13:10:00+05:30,1589.5999755859375,1589.699951171875,1588.300048828125,1588.5999755859375,34436
2026-01-02 13:15:00+05:30,1589.4000244140625,1589.699951171875,1589.199951171875,1589.5,36245
2026-01-02 13:20:00+05:30,1591.5,1591.800048828125,1589.199951171875,1589.5,159209
2026-01-02 13:25:00+05:30,1590.5999755859375,1591.5999755859375,1590.5999755859375,1591.5,57976
2026-01-02 13:30:00+05:30,1591.0,1591.0,1590.300048828125,1590.300048828125,43598
2026-01-02 13:35:00+05:30,1591.300048828125,1591.9000244140625,1590.9000244140625,1590.9000244140625,86195
2026-01-02 13:40:00+05:30,1591.699951171875,1591.800048828125,1591.0,1591.4000244140625,82544
2026-01-02 13:45:00+05:30,1591.0999755859375,1592.9000244140625,1590.5,1591.800048828125,163532
2026-01-02 13:50:00+05:30,1591.0,1591.5,1590.300048828125,1591.300048828125,84296
2026-01-02 13:55:00+05:30,1590.300048828125,1591.0999755859375,1589.5,1591.0,122822
2026-01-02 14:00:00+05:30,1590.5999755859375,1591.0,1590.199951171875,1590.300048828125,48051
2026-01-02 14:05:00+05:30,1591.4000244140625,1591.4000244140625,1590.5999755859375,1590.5999755859375,67001
2026-01-02 14:10:00+05:30,1591.199951171875,1591.5999755859375,1590.800048828125,1591.4000244140625,63858
2026-01-02 14:15:00+05:30,1591.0,1592.300048828125,1590.5,1591.199951171875,135144
2026-01-02 14:20:00+05:30,1591.300048828125,1591.4000244140625,1590.199951171875,1591.199951171875,80968
2026-01-02 14:25:00+05:30,1591.0,1591.9000244140625,1590.800048828125,1591.0999755859375,126449
2026-01-02 14:30:00+05:30,1589.4000244140625,1591.5,1588.4000244140625,1590.9000244140625,130235
2026-01-02 14:35:00+05:30,1589.699951171875,1590.4000244140625,1589.300048828125,1589.9000244140625,82151
2026-01-02 14:40:00+05:30,1589.199951171875,1589.699951171875,1588.9000244140625,1589.699951171875,85690
2026-01-02 14:45:00+05:30,1589.0999755859375,1589.4000244140625,1588.9000244140625,1589.0999755859375,78629
2026-01-02 14:50:00+05:30,1589.800048828125,1590.300048828125,1588.9000244140625,1589.0999755859375,89111
2026-01-02 14:55:00+05:30,1590.0,1590.9000244140625,1589.699951171875,1589.800048828125,82878
2026-01-02 15:00:00+05:30,1592.0,1592.0,1589.800048828125,1590.0,174170
2026-01-02 15:05:00+05:30,1593.0,1593.0,1591.5999755859375,1591.9000244140625,222328
2026-01-02 15:10:00+05:30,1592.9000244140625,1594.4000244140625,1592.4000244140625,1593.0,300215
2026-01-02 15:15:00+05:30,1592.300048828125,1592.800048828125,1591.300048828125,1592.5,273870
2026-01-02 15:20:00+05:30,1592.800048828125,1592.9000244140625,1592.0,1592.0,184588
2026-01-02 15:25:00+05:30,1593.0,1593.0,1591.699951171875,1592.9000244140625,239204
2026-01-05 09:20:00+05:30,1607.699951171875,1611.5999755859375,1601.5,1603.199951171875,406427
2026-01-05 09:25:00+05:30,1606.0,1609.9000244140625,1605.699951171875,1608.0,207390
2026-01-05 09:30:00+05:30,1597.5999755859375,1606.0,1597.5999755859375,1605.800048828125,217319
2026-01-05 09:35:00+05:30,1599.300048828125,1600.5999755859375,1596.5,1597.800048828125,112650
2026-01-05 09:40:00+05:30,1597.800048828125,1600.0,1597.0,1599.699951171875,68169
2026-01-05 09:45:00+05:30,1595.9000244140625,1598.0,1595.699951171875,1597.800048828125,217246
2026-01-05 09:50:00+05:30,1597.199951171875,1598.0,1595.9000244140625,1596.0,137741
2026-01-05 09:55:00+05:30,1596.9000244140625,1597.9000244140625,1596.4000244140625,1597.199951171875,67461
2026-01-05 10:00:00+05:30,1595.0999755859375,1597.699951171875,1595.0,1596.9000244140625,85604
2026-01-05 10:05:00+05:30,1597.800048828125,1598.699951171875,1594.199951171875,1595.300048828125,110404
2026-01-05 10:10:00+05:30,1598.9000244140625,1599.0,1597.800048828125,1597.800048828125,42871
2026-01-05 10:15:00+05:30,1598.800048828125,1599.0999755859375,1598.0,1598.800048828125,59379
2026-01-05 10:20:00+05:30,1599.300048828125,1599.699951171875,1598.5,1598.800048828125,54166
2026-01-05 10:25:00+05:30,1598.800048828125,1599.699951171875,1598.800048828125,1599.300048828125,46084
2026-01-05 10:30:00+05:30,1598.5,1598.9000244140625,1597.4000244140625,1598.9000244140625,43566
2026-01-05 10:35:00+05:30,1599.0999755859375,1599.0999755859375,1597.800048828125,1598.5,40530
2026-01-05 10:40:00+05:30,1596.5999755859375,1599.0999755859375,1594.699951171875,1599.0,88298
2026-01-05 10:45:00+05:30,1597.0999755859375,1597.9000244140625,1596.0,1596.699951171875,55201
2026-01-05 10:50:00+05:30,1597.300048828125,1597.800048828125,1596.5999755859375,1597.300048828125,58999
2026-01-05 10:55:00+05:30,1597.5,1598.0,1596.5999755859375,1597.300048828125,57688
2026-01-05 11:00:00+05:30,1599.199951171875,1599.199951171875,1597.0999755859375,1597.0999755859375,42969
2026-01-05 11:05:00+05:30,1596.199951171875,1599.0999755859375,1595.5999755859375,1599.0999755859375,76839
2026-01-05 11:10:00+05:30,1597.0,1597.9000244140625,1596.199951171875,1596.199951171875,111166
2026-01-05 11:15:00+05:30,1595.699951171875,1597.0,1595.4000244140625,1597.0,78840
2026-01-05 11:20:00+05:30,1594.0999755859375,1595.800048828125,1593.5999755859375,1595.699951171875,88462
2026-01-05 11:25:00+05:30,1594.9000244140625,1595.0,1593.300048828125,1593.800048828125,68813
2026-01-05 11:30:00+05:30,1596.0,1596.199951171875,1594.199951171875,1594.800048828125,86342
2026-01-05 11:35:00+05:30,1596.0999755859375,1596.5,1595.0,1596.0,66603
2026-01-05 11:40:00+05:30,1595.0,1596.199951171875,1594.800048828125,1595.9000244140625,71761
2026-01-05 11:45:00+05:30,1595.699951171875,1595.9000244140625,1594.5999755859375,1595.0,48835
2026-01-05 11:50:00+05:30,1593.0999755859375,1595.699951171875,1592.699951171875,1595.699951171875,66958
2026-01-05 11:55:00+05:30,1594.0,1594.300048828125,1592.699951171875,1593.0999755859375,42960
2026-01-05 12:00:00+05:30,1592.0999755859375,1594.300048828125,1590.300048828125,1594.0,85492
2026-01-05 12:05:00+05:30,1592.0,1592.5,1590.0999755859375,1592.0,51054
2026-01-05 12:10:00+05:30,1592.0,1592.0999755859375,1590.800048828125,1591.800048828125,42583
2026-01-05 12:15:00+05:30,1590.800048828125,1592.199951171875,1590.699951171875,1592.0999755859375,63197
2026-01-05 12:20:00+05:30,1591.9000244140625,1591.9000244140625,1590.699951171875,1590.699951171875,52104
2026-01-05 12:25:00+05:30,1591.0,1592.0,1590.5,1591.699951171875,61884
2026-01-05 12:30:00+05:30,1590.5999755859375,1591.199951171875,1589.9000244140625,1590.9000244140625,90600
2026-01-05 12:35:00+05:30,1592.300048828125,1592.300048828125,1590.5999755859375,1591.0,49502
2026-01-05 12:40:00+05:30,1592.300048828125,1592.4000244140625,1591.199951171875,1592.199951171875,44521
2026-01-05 12:45:00+05:30,1591.0,1592.5,1590.699951171875,1592.0,77721
2026-01-05 12:50:00+05:30,1590.699951171875,1591.800048828125,1590.5,1591.0,43884
2026-01-05 12:55:00+05:30,1589.300048828125,1591.0999755859375,1589.300048828125,1590.5999755859375,89784
2026-01-05 13:00:00+05:30,1590.0999755859375,1590.300048828125,1589.0999755859375,1589.300048828125,46379
2026-01-05 13:05:00+05:30,1589.199951171875,1590.5,1588.4000244140625,1590.0999755859375,56094
2026-01-05 13:10:00+05:30,1589.300048828125,1589.9000244140625,1588.0,1589.300048828125,84934
2026-01-05 13:15:00+05:30,1589.4000244140625,1589.699951171875,1587.9000244140625,1589.0,61177
2026-01-05 13:20:00+05:30,1588.199951171875,1589.5,1587.5999755859375,1589.300048828125,69368
2026-01-05 13:25:00+05:30,1586.699951171875,1588.300048828125,1586.199951171875,1588.199951171875,60690
2026-01-05 13:30:00+05:30,1584.800048828125,1586.699951171875,1584.0999755859375,1586.699951171875,91275
2026-01-05 13:35:00+05:30,1585.0,1585.9000244140625,1583.5,1584.800048828125,68599
2026-01-05 13:40:00+05:30,1584.4000244140625,1585.5999755859375,1583.699951171875,1585.300048828125,69174
2026-01-05 13:45:00+05:30,1583.9000244140625,1584.4000244140625,1583.0999755859375,1584.4000244140625,57118
2026-01-05 13:50:00+05:30,1583.5,1583.800048828125,1582.0999755859375,1583.199951171875,82203
2026-01-05 13:55:00+05:30,1582.0999755859375,1584.800048828125,1582.0999755859375,1583.5999755859375,73504
2026-01-05 14:00:00+05:30,1580.5999755859375,1583.199951171875,1580.0999755859375,1582.300048828125,247791
2026-01-05 14:05:00+05:30,1580.199951171875,1580.9000244140625,1579.0999755859375,1580.699951171875,122759
2026-01-05 14:10:00+05:30,1579.699951171875,1580.9000244140625,1579.5999755859375,1580.199951171875,81895
2026-01-05 14:15:00+05:30,1580.0,1580.800048828125,1579.300048828125,1579.699951171875,64674
2026-01-05 14:20:00+05:30,1580.9000244140625,1581.0,1577.300048828125,1580.0,149647
2026-01-05 14:25:00+05:30,1579.5999755859375,1581.0999755859375,1579.4000244140625,1580.9000244140625,86047
2026-01-05 14:30:00+05:30,1579.9000244140625,1580.0,1579.0,1579.699951171875,76132
2026-01-05 14:35:00+05:30,1580.5,1580.9000244140625,1579.9000244140625,1579.9000244140625,112587
2026-01-05 14:40:00+05:30,1581.199951171875,1581.699951171875,1580.0,1580.4000244140625,133265
2026-01-05 14:45:00+05:30,1581.9000244140625,1581.9000244140625,1580.699951171875,1581.199951171875,60781
2026-01-05 14:50:00+05:30,1581.699951171875,1582.5,1580.5,1581.9000244140625,184368
2026-01-05 14:55:00+05:30,1581.4000244140625,1582.300048828125,1581.0999755859375,1581.9000244140625,79766
2026-01-05 15:00:00+05:30,1580.5999755859375,1581.4000244140625,1580.0,1581.300048828125,318341
2026-01-05 15:05:00+05:30,1579.199951171875,1580.5999755859375,1579.0,1580.5999755859375,317170
2026-01-05 15:10:00+05:30,1577.5,1579.199951171875,1577.4000244140625,1579.0999755859375,362155
2026-01-05 15:15:00+05:30,1577.5,1577.5999755859375,1575.699951171875,1577.5,451324
2026-01-05 15:20:00+05:30,1577.300048828125,1577.5,1575.4000244140625,1577.5,297915
2026-01-05 15:25:00+05:30,1577.199951171875,1578.4000244140625,1576.0,1577.300048828125,291195
2026-01-06 09:20:00+05:30,1526.0,1529.9000244140625,1519.0,1529.0,2085538
2026-01-06 09:25:00+05:30,1523.4000244140625,1526.199951171875,1518.800048828125,1526.0999755859375,1100321
2026-01-06 09:30:00+05:30,1531.800048828125,1533.0,1522.5999755859375,1523.4000244140625,830350
2026-01-06 09:35:00+05:30,1530.0999755859375,1535.0999755859375,1526.4000244140625,1531.5,559067
2026-01-06 09:40:00+05:30,1525.5999755859375,1530.5999755859375,1525.0,1529.800048828125,452396
2026-01-06 09:45:00+05:30,1528.199951171875,1528.5,1525.199951171875,1525.699951171875,217722
2026-01-06 09:50:00+05:30,1531.800048828125,1534.0,1528.5,1528.5,314415
2026-01-06 09:55:00+05:30,1535.4000244140625,1535.9000244140625,1531.0999755859375,1531.5,390391
2026-01-06 10:00:00+05:30,1530.9000244140625,1535.699951171875,1530.699951171875,1535.5999755859375,304809
2026-01-06 10:05:00+05:30,1526.5999755859375,1530.9000244140625,1526.0,1530.4000244140625,337005
2026-01-06 10:10:00+05:30,1526.199951171875,1527.4000244140625,1525.5999755859375,1526.5999755859375,176959
2026-01-06 10:15:00+05:30,1527.0999755859375,1528.199951171875,1525.300048828125,1526.300048828125,352973
2026-01-06 10:20:00+05:30,1525.5999755859375,1527.300048828125,1524.699951171875,1527.0999755859375,316852
2026-01-06 10:25:00+05:30,1524.800048828125,1526.0999755859375,1524.0,1525.4000244140625,157618
2026-01-06 10:30:00+05:30,1523.199951171875,1525.4000244140625,1522.0999755859375,1524.800048828125,208407
2026-01-06 10:35:00+05:30,1522.5999755859375,1523.800048828125,1521.300048828125,1523.199951171875,215269
2026-01-06 10:40:00+05:30,1523.5999755859375,1524.0999755859375,1522.0,1522.5999755859375,161348
2026-01-06 10:45:00+05:30,1522.0999755859375,1523.800048828125,1522.0999755859375,1523.5999755859375,99145
2026-01-06 10:50:00+05:30,1521.5999755859375,1522.0999755859375,1520.0999755859375,1522.0999755859375,253934
2026-01-06 10:55:00+05:30,1521.9000244140625,1523.699951171875,1521.5999755859375,1521.5999755859375,149141
2026-01-06 11:00:00+05:30,1520.800048828125,1523.199951171875,1520.800048828125,1521.800048828125,118265
2026-01-06 11:05:00+05:30,1519.5,1521.300048828125,1519.0,1520.9000244140625,203924
2026-01-06 11:10:00+05:30,1511.199951171875,1519.9000244140625,1511.0,1519.199951171875,504243
2026-01-06 11:15:00+05:30,1502.300048828125,1511.199951171875,1497.199951171875,1511.199951171875,1609791
2026-01-06 11:20:00+05:30,1505.699951171875,1505.9000244140625,1498.9000244140625,1502.5,1208216
2026-01-06 11:25:00+05:30,1508.4000244140625,1508.5,1500.5999755859375,1505.5,469867
2026-01-06 11:30:00+05:30,1505.0999755859375,1508.5,1504.699951171875,1508.5,329529
2026-01-06 11:35:00+05:30,1509.4000244140625,1509.5999755859375,1504.0,1505.0999755859375,324615
2026-01-06 11:40:00+05:30,1512.5,1512.699951171875,1507.800048828125,1509.4000244140625,441151
2026-01-06 11:45:00+05:30,1513.0,1513.199951171875,1510.5999755859375,1512.4000244140625,246720
2026-01-06 11:50:00+05:30,1513.9000244140625,1514.300048828125,1511.300048828125,1512.699951171875,369965
2026-01-06 11:55:00+05:30,1509.4000244140625,1514.0,1509.4000244140625,1513.9000244140625,289839
2026-01-06 12:00:00+05:30,1510.5999755859375,1511.699951171875,1508.4000244140625,1509.0,165766
2026-01-06 12:05:00+05:30,1508.300048828125,1511.0,1508.0999755859375,1510.4000244140625,125048
2026-01-06 12:10:00+05:30,1509.300048828125,1509.5,1507.699951171875,1508.4000244140625,155640
2026-01-06 12:15:00+05:30,1506.0999755859375,1509.300048828125,1505.0,1509.300048828125,164303
2026-01-06 12:20:00+05:30,1504.5,1507.0,1503.800048828125,1506.0999755859375,203839
2026-01-06 12:25:00+05:30,1504.0,1505.4000244140625,1502.199951171875,1504.0,200275
2026-01-06 12:30:00+05:30,1503.800048828125,1504.0999755859375,1502.5999755859375,1504.0999755859375,112514
2026-01-06 12:35:00+05:30,1504.699951171875,1506.9000244140625,1503.5999755859375,1504.0,247059
2026-01-06 12:40:00+05:30,1505.300048828125,1506.800048828125,1504.4000244140625,1504.9000244140625,89854
2026-01-06 12:45:00+05:30,1505.9000244140625,1506.5999755859375,1504.4000244140625,1505.4000244140625,105573
2026-01-06 12:50:00+05:30,1507.4000244140625,1507.699951171875,1504.0999755859375,1505.800048828125,160877
2026-01-06 12:55:00+05:30,1507.9000244140625,1509.4000244140625,1507.0,1507.199951171875,195756
2026-01-06 13:00:00+05:30,1507.800048828125,1508.9000244140625,1507.0999755859375,1507.699951171875,136272
2026-01-06 13:05:00+05:30,1507.699951171875,1510.0,1506.300048828125,1507.699951171875,258877
2026-01-06 13:10:00+05:30,1506.0,1507.800048828125,1505.9000244140625,1507.800048828125,160408
2026-01-06 13:15:00+05:30,1506.4000244140625,1506.699951171875,1504.300048828125,1506.0,186433
2026-01-06 13:20:00+05:30,1506.9000244140625,1507.9000244140625,1506.4000244140625,1506.4000244140625,122173
2026-01-06 13:25:00+05:30,1505.5999755859375,1507.0,1504.699951171875,1506.800048828125,156171
2026-01-06 13:30:00+05:30,1503.800048828125,1505.800048828125,1503.5999755859375,1505.5,190282
2026-01-06 13:35:00+05:30,1503.699951171875,1505.0,1503.0,1503.800048828125,197025
2026-01-06 13:40:00+05:30,1505.4000244140625,1505.5,1502.0,1503.800048828125,224501
2026-01-06 13:45:00+05:30,1505.800048828125,1505.800048828125,1503.0999755859375,1505.4000244140625,113048
2026-01-06 13:50:00+05:30,1506.4000244140625,1507.9000244140625,1505.699951171875,1505.699951171875,124018
2026-01-06 13:55:00+05:30,1506.0,1506.699951171875,1505.199951171875,1506.0999755859375,96088
2026-01-06 14:00:00+05:30,1506.199951171875,1506.5,1504.300048828125,1505.9000244140625,193529
2026-01-06 14:05:00+05:30,1501.0999755859375,1506.5,1500.300048828125,1506.199951171875,933031
2026-01-06 14:10:00+05:30,1501.4000244140625,1501.800048828125,1499.4000244140625,1501.199951171875,308630
2026-01-06 14:15:00+05:30,1503.300048828125,1503.5999755859375,1501.199951171875,1501.4000244140625,140806
2026-01-06 14:20:00+05:30,1504.199951171875,1504.199951171875,1503.0,1503.300048828125,114411
2026-01-06 14:25:00+05:30,1505.800048828125,1506.0999755859375,1503.4000244140625,1504.199951171875,179376
2026-01-06 14:30:00+05:30,1506.4000244140625,1506.9000244140625,1505.5,1505.800048828125,213706
2026-01-06 14:35:00+05:30,1505.5,1507.800048828125,1504.300048828125,1506.4000244140625,345623
2026-01-06 14:40:00+05:30,1506.699951171875,1507.4000244140625,1505.5,1505.5,153738
2026-01-06 14:45:00+05:30,1508.199951171875,1511.0,1506.4000244140625,1506.800048828125,333042
2026-01-06 14:50:00+05:30,1507.5999755859375,1509.0999755859375,1507.0,1508.300048828125,176724
2026-01-06 14:55:00+05:30,1505.9000244140625,1508.0,1505.199951171875,1507.800048828125,176984
2026-01-06 15:00:00+05:30,1507.4000244140625,1508.300048828125,1506.0999755859375,1506.5,361781
2026-01-06 15:05:00+05:30,1507.0999755859375,1507.699951171875,1506.300048828125,1507.4000244140625,458915
2026-01-06 15:10:00+05:30,1506.5999755859375,1508.0,1505.5999755859375,1507.0999755859375,376728
2026-01-06 15:15:00+05:30,1506.5,1506.800048828125,1505.5,1506.5999755859375,441325
2026-01-06 15:20:00+05:30,1509.699951171875,1509.800048828125,1506.4000244140625,1506.5,556215
2026-01-06 15:25:00+05:30,1508.9000244140625,1510.0,1508.0,1509.800048828125,410216
2026-01-07 09:20:00+05:30,1517.699951171875,1519.5,1515.5999755859375,1516.9000244140625,375700
2026-01-07 09:25:00+05:30,1511.5999755859375,1518.5,1510.0999755859375,1517.699951171875,320273
2026-01-07 09:30:00+05:30,1515.5,1516.9000244140625,1511.5999755859375,1511.699951171875,193388
2026-01-07 09:35:00+05:30,1517.699951171875,1519.0,1515.0999755859375,1515.5,159757
2026-01-07 09:40:00+05:30,1516.4000244140625,1520.0,1515.0999755859375,1517.699951171875,185316
2026-01-07 09:45:00+05:30,1515.300048828125,1517.5,1514.4000244140625,1516.4000244140625,105770
2026-01-07 09:50:00+05:30,1513.5,1516.0,1512.199951171875,1515.5,96746
2026-01-07 09:55:00+05:30,1514.5,1514.5999755859375,1513.300048828125,1513.5,46406
2026-01-07 10:00:00+05:30,1515.4000244140625,1515.5999755859375,1513.0,1514.4000244140625,111033
2026-01-07 10:05:00+05:30,1516.5,1516.800048828125,1513.5,1515.5,95704
2026-01-07 10:10:00+05:30,1512.5,1516.5,1512.300048828125,1516.4000244140625,89361
2026-01-07 10:15:00+05:30,1510.300048828125,1513.5,1508.5,1512.0999755859375,176467
2026-01-07 10:20:00+05:30,1508.5,1512.9000244140625,1508.0999755859375,1510.0,170208
2026-01-07 10:25:00+05:30,1506.5999755859375,1509.199951171875,1506.5,1508.4000244140625,146329
2026-01-07 10:30:00+05:30,1505.5,1507.4000244140625,1504.699951171875,1506.5999755859375,169635
2026-01-07 10:35:00+05:30,1506.0,1507.0,1502.300048828125,1505.4000244140625,167356
2026-01-07 10:40:00+05:30,1507.0,1508.199951171875,1505.800048828125,1505.800048828125,98863
2026-01-07 10:45:00+05:30,1505.300048828125,1507.800048828125,1505.0999755859375,1507.0,86514
2026-01-07 10:50:00+05:30,1507.9000244140625,1508.199951171875,1505.300048828125,1505.300048828125,79850
2026-01-07 10:55:00+05:30,1507.0999755859375,1508.5,1507.0,1507.800048828125,80563
2026-01-07 11:00:00+05:30,1508.0,1508.5,1506.5,1507.0999755859375,76577
2026-01-07 11:05:00+05:30,1508.0,1508.5999755859375,1507.0999755859375,1508.0999755859375,64260
2026-01-07 11:10:00+05:30,1506.199951171875,1508.199951171875,1506.0,1508.0,87683
2026-01-07 11:15:00+05:30,1505.5999755859375,1506.199951171875,1505.300048828125,1506.0,63626
2026-01-07 11:20:00+05:30,1505.4000244140625,1506.9000244140625,1505.199951171875,1505.9000244140625,66201
2026-01-07 11:25:00+05:30,1506.800048828125,1508.300048828125,1505.199951171875,1505.300048828125,70632
2026-01-07 11:30:00+05:30,1509.4000244140625,1509.5999755859375,1507.199951171875,1507.199951171875,65115
2026-01-07 11:35:00+05:30,1509.5999755859375,1511.199951171875,1509.0999755859375,1509.4000244140625,134378
2026-01-07 11:40:00+05:30,1510.5,1510.9000244140625,1509.5,1509.800048828125,56582
2026-01-07 11:45:00+05:30,1508.5,1510.5,1508.0999755859375,1510.5,75260
2026-01-07 11:50:00+05:30,1507.699951171875,1508.699951171875,1507.5999755859375,1508.699951171875,47995
2026-01-07 11:55:00+05:30,1509.0999755859375,1509.0999755859375,1507.699951171875,1507.699951171875,101055
2026-01-07 12:00:00+05:30,1509.0999755859375,1509.800048828125,1507.9000244140625,1509.0999755859375,75048
2026-01-07 12:05:00+05:30,1507.5999755859375,1509.0999755859375,1507.0,1509.0999755859375,150788
2026-01-07 12:10:00+05:30,1505.5999755859375,1507.699951171875,1505.300048828125,1507.5999755859375,67075
2026-01-07 12:15:00+05:30,1504.4000244140625,1505.699951171875,1504.199951171875,1505.5,97129
2026-01-07 12:20:00+05:30,1504.0999755859375,1505.0,1503.4000244140625,1504.4000244140625,90544
2026-01-07 12:25:00+05:30,1504.0999755859375,1504.9000244140625,1504.0,1504.0999755859375,58047
2026-01-07 12:30:00+05:30,1503.5,1504.5999755859375,1502.9000244140625,1504.0,98728
2026-01-07 12:35:00+05:30,1505.800048828125,1506.0,1502.800048828125,1503.5,92787
2026-01-07 12:40:00+05:30,1503.5999755859375,1505.699951171875,1503.0,1505.699951171875,65959
2026-01-07 12:45:00+05:30,1503.300048828125,1504.699951171875,1503.300048828125,1503.5999755859375,100141
2026-01-07 12:50:00+05:30,1502.5999755859375,1503.5,1502.4000244140625,1503.5,73677
2026-01-07 12:55:00+05:30,1503.800048828125,1503.800048828125,1502.5999755859375,1502.5999755859375,133407
2026-01-07 13:00:00+05:30,1504.0,1504.5999755859375,1503.4000244140625,1503.699951171875,117174
2026-01-07 13:05:00+05:30,1504.0999755859375,1505.4000244140625,1503.5999755859375,1504.0,78842
2026-01-07 13:10:00+05:30,1504.5999755859375,1505.5,1503.9000244140625,1504.199951171875,136054
2026-01-07 13:15:00+05:30,1504.0999755859375,1506.0,1504.0,1504.699951171875,70382
2026-01-07 13:20:00+05:30,1503.199951171875,1504.199951171875,1503.199951171875,1504.0,93266
2026-01-07 13:25:00+05:30,1501.5,1503.4000244140625,1500.800048828125,1503.0999755859375,188238
2026-01-07 13:30:00+05:30,1502.4000244140625,1502.5999755859375,1501.300048828125,1501.300048828125,93748
2026-01-07 13:35:00+05:30,1503.699951171875,1503.9000244140625,1502.300048828125,1502.5,103423
2026-01-07 13:40:00+05:30,1502.5999755859375,1503.699951171875,1501.9000244140625,1503.699951171875,90563
2026-01-07 13:45:00+05:30,1503.800048828125,1504.0,1502.4000244140625,1502.699951171875,62942
2026-01-07 13:50:00+05:30,1503.0,1503.9000244140625,1502.5,1503.800048828125,89447
2026-01-07 13:55:00+05:30,1503.800048828125,1503.9000244140625,1502.5,1502.9000244140625,131758
2026-01-07 14:00:00+05:30,1503.4000244140625,1503.800048828125,1502.800048828125,1503.800048828125,76620
2026-01-07 14:05:00+05:30,1503.300048828125,1503.9000244140625,1503.0,1503.4000244140625,72811
2026-01-07 14:10:00+05:30,1502.5,1503.4000244140625,1502.5,1503.4000244140625,91211
2026-01-07 14:15:00+05:30,1500.4000244140625,1502.800048828125,1500.199951171875,1502.800048828125,260467
2026-01-07 14:20:00+05:30,1500.5,1501.300048828125,1500.4000244140625,1500.5999755859375,111202
2026-01-07 14:25:00+05:30,1501.199951171875,1501.300048828125,1498.300048828125,1500.9000244140625,301842
2026-01-07 14:30:00+05:30,1501.800048828125,1502.300048828125,1500.699951171875,1501.300048828125,154011
2026-01-07 14:35:00+05:30,1502.0999755859375,1502.5,1500.5999755859375,1501.800048828125,122036
2026-01-07 14:40:00+05:30,1501.5,1502.0999755859375,1501.0,1502.0,135038
2026-01-07 14:45:00+05:30,1500.9000244140625,1501.5,1500.300048828125,1501.4000244140625,149638
2026-01-07 14:50:00+05:30,1502.5999755859375,1502.5999755859375,1500.699951171875,1501.0,146421
2026-01-07 14:55:00+05:30,1502.5,1502.699951171875,1501.5999755859375,1502.4000244140625,151295
2026-01-07 15:00:00+05:30,1503.300048828125,1504.4000244140625,1502.699951171875,1503.5,335502
2026-01-07 15:05:00+05:30,1505.5,1506.4000244140625,1503.300048828125,1503.300048828125,429117
2026-01-07 15:10:00+05:30,1504.5999755859375,1505.5,1504.300048828125,1505.5,397150
2026-01-07 15:15:00+05:30,1504.199951171875,1505.5,1503.0,1504.5999755859375,405170
2026-01-07 15:20:00+05:30,1504.0999755859375,1504.300048828125,1503.300048828125,1504.300048828125,362839
2026-01-07 15:25:00+05:30,1505.199951171875,1505.199951171875,1502.9000244140625,1504.0,387974
2026-01-08 09:20:00+05:30,1493.800048828125,1496.5,1491.0999755859375,1495.300048828125,295687
2026-01-08 09:25:00+05:30,1495.9000244140625,1496.5999755859375,1494.0,1494.0,185415
2026-01-08 09:30:00+05:30,1494.9000244140625,1497.5999755859375,1494.0,1495.699951171875,121545
2026-01-08 09:35:00+05:30,1495.800048828125,1497.0,1493.9000244140625,1496.0,141360
2026-01-08 09:40:00+05:30,1494.0999755859375,1495.800048828125,1494.0999755859375,1495.800048828125,72870
2026-01-08 09:45:00+05:30,1492.5999755859375,1494.199951171875,1492.5,1493.300048828125,96157
2026-01-08 09:50:00+05:30,1492.800048828125,1493.0,1490.199951171875,1492.5999755859375,156906
2026-01-08 09:55:00+05:30,1493.5,1495.0,1492.5,1493.0,92671
2026-01-08 10:00:00+05:30,1489.5999755859375,1494.0,1488.5999755859375,1493.5,171671
2026-01-08 10:05:00+05:30,1492.0999755859375,1493.0,1489.5,1489.800048828125,159235
2026-01-08 10:10:00+05:30,1493.199951171875,1493.5,1491.0999755859375,1492.300048828125,82668
2026-01-08 10:15:00+05:30,1489.9000244140625,1493.300048828125,1489.9000244140625,1493.199951171875,92823
2026-01-08 10:20:00+05:30,1488.0,1490.699951171875,1487.0999755859375,1489.699951171875,308631
2026-01-08 10:25:00+05:30,1487.0,1488.300048828125,1486.5,1487.800048828125,163059
2026-01-08 10:30:00+05:30,1485.300048828125,1487.0,1485.199951171875,1487.0,154944
2026-01-08 10:35:00+05:30,1482.4000244140625,1485.800048828125,1482.4000244140625,1485.199951171875,257764
2026-01-08 10:40:00+05:30,1484.300048828125,1484.5,1482.300048828125,1482.300048828125,106096
2026-01-08 10:45:00+05:30,1485.4000244140625,1485.5999755859375,1484.0,1484.4000244140625,150957
2026-01-08 10:50:00+05:30,1486.5999755859375,1486.800048828125,1484.5999755859375,1485.5,115641
2026-01-08 10:55:00+05:30,1485.0999755859375,1486.9000244140625,1484.199951171875,1486.4000244140625,352821
2026-01-08 11:00:00+05:30,1485.699951171875,1486.5999755859375,1484.5,1485.0999755859375,184740
2026-01-08 11:05:00+05:30,1485.9000244140625,1486.0999755859375,1484.5,1485.699951171875,87304
2026-01-08 11:10:00+05:30,1485.5,1486.9000244140625,1485.0,1485.699951171875,208007
2026-01-08 11:15:00+05:30,1484.5999755859375,1485.4000244140625,1484.0999755859375,1485.300048828125,113619
2026-01-08 11:20:00+05:30,1481.5,1485.0,1480.5999755859375,1484.5,317895
2026-01-08 11:25:00+05:30,1482.5,1482.5,1481.0999755859375,1481.4000244140625,98606
2026-01-08 11:30:00+05:30,1482.199951171875,1482.5,1481.0,1482.199951171875,80573
2026-01-08 11:35:00+05:30,1482.9000244140625,1482.9000244140625,1482.0,1482.0999755859375,69111
2026-01-08 11:40:00+05:30,1483.199951171875,1484.199951171875,1481.9000244140625,1482.9000244140625,143443
2026-01-08 11:45:00+05:30,1480.9000244140625,1483.5,1480.5999755859375,1482.9000244140625,105767
2026-01-08 11:50:00+05:30,1480.199951171875,1481.300048828125,1479.4000244140625,1480.800048828125,205394
2026-01-08 11:55:00+05:30,1479.0999755859375,1480.699951171875,1478.699951171875,1480.199951171875,128867
2026-01-08 12:00:00+05:30,1478.4000244140625,1479.5999755859375,1478.0,1479.0,104516
2026-01-08 12:05:00+05:30,1479.0,1479.199951171875,1476.0999755859375,1478.4000244140625,173697
2026-01-08 12:10:00+05:30,1479.800048828125,1479.800048828125,1477.5999755859375,1479.0,188751
2026-01-08 12:15:00+05:30,1478.5999755859375,1480.0,1478.0999755859375,1479.800048828125,146107
2026-01-08 12:20:00+05:30,1477.800048828125,1478.5999755859375,1477.0,1478.5999755859375,119267
2026-01-08 12:25:00+05:30,1477.300048828125,1478.4000244140625,1477.199951171875,1477.9000244140625,75627
2026-01-08 12:30:00+05:30,1475.0,1478.300048828125,1474.300048828125,1477.300048828125,209420
2026-01-08 12:35:00+05:30,1473.5999755859375,1475.0,1472.5999755859375,1475.0,185087
2026-01-08 12:40:00+05:30,1473.5999755859375,1474.300048828125,1472.5999755859375,1473.5,299885
2026-01-08 12:45:00+05:30,1472.300048828125,1474.0,1472.0999755859375,1473.300048828125,486853
2026-01-08 12:50:00+05:30,1472.800048828125,1473.9000244140625,1471.800048828125,1472.4000244140625,349922
2026-01-08 12:55:00+05:30,1472.0999755859375,1473.0,1471.0,1473.0,360917
2026-01-08 13:00:00+05:30,1472.699951171875,1473.0999755859375,1470.5,1472.199951171875,296311
2026-01-08 13:05:00+05:30,1473.0999755859375,1473.9000244140625,1471.9000244140625,1472.800048828125,162705
2026-01-08 13:10:00+05:30,1474.0,1474.300048828125,1472.300048828125,1473.0999755859375,225635
2026-01-08 13:15:00+05:30,1471.800048828125,1474.0,1471.0999755859375,1473.9000244140625,502513
2026-01-08 13:20:00+05:30,1470.800048828125,1471.800048828125,1470.0999755859375,1471.800048828125,173683
2026-01-08 13:25:00+05:30,1469.9000244140625,1471.5999755859375,1469.5,1470.800048828125,247653
2026-01-08 13:30:00+05:30,1469.9000244140625,1470.5999755859375,1468.800048828125,1469.5,180256
2026-01-08 13:35:00+05:30,1471.199951171875,1472.0,1469.699951171875,1469.9000244140625,222946
2026-01-08 13:40:00+05:30,1471.0,1472.0,1470.0,1471.0999755859375,133152
2026-01-08 13:45:00+05:30,1471.5999755859375,1472.199951171875,1470.199951171875,1471.199951171875,423009
2026-01-08 13:50:00+05:30,1471.300048828125,1471.699951171875,1470.699951171875,1471.699951171875,115340
2026-01-08 13:55:00+05:30,1471.4000244140625,1472.300048828125,1471.0,1471.300048828125,130443
2026-01-08 14:00:00+05:30,1471.9000244140625,1472.4000244140625,1471.0,1471.5,143574
2026-01-08 14:05:00+05:30,1470.5999755859375,1472.5999755859375,1470.5999755859375,1471.9000244140625,268182
2026-01-08 14:10:00+05:30,1470.5999755859375,1471.0,1470.199951171875,1470.5999755859375,173581
2026-01-08 14:15:00+05:30,1470.5999755859375,1471.0999755859375,1470.4000244140625,1470.5999755859375,191161
2026-01-08 14:20:00+05:30,1471.199951171875,1471.9000244140625,1470.5,1470.699951171875,174962
2026-01-08 14:25:00+05:30,1470.4000244140625,1471.5,1470.199951171875,1471.0999755859375,195024
2026-01-08 14:30:00+05:30,1471.5,1472.699951171875,1470.199951171875,1470.5,309940
2026-01-08 14:35:00+05:30,1471.0,1472.0,1470.9000244140625,1471.5999755859375,151598
2026-01-08 14:40:00+05:30,1471.0,1471.4000244140625,1470.5999755859375,1471.0,118254
2026-01-08 14:45:00+05:30,1471.0,1471.9000244140625,1470.9000244140625,1471.300048828125,128124
2026-01-08 14:50:00+05:30,1471.0999755859375,1471.5,1470.699951171875,1470.699951171875,177780
2026-01-08 14:55:00+05:30,1471.5,1471.800048828125,1471.0,1471.0,137295
2026-01-08 15:00:00+05:30,1470.699951171875,1472.199951171875,1470.5,1471.5,360975
2026-01-08 15:05:00+05:30,1469.0,1470.9000244140625,1469.0,1470.5,505247
2026-01-08 15:10:00+05:30,1469.9000244140625,1471.0999755859375,1469.0,1469.0999755859375,623093
2026-01-08 15:15:00+05:30,1469.800048828125,1470.199951171875,1469.0999755859375,1470.0999755859375,495075
2026-01-08 15:20:00+05:30,1471.9000244140625,1472.0,1469.699951171875,1469.800048828125,565184
2026-01-08 15:25:00+05:30,1470.9000244140625,1472.0,1470.0999755859375,1471.5,528241
2026-01-09 09:20:00+05:30,1472.699951171875,1479.9000244140625,1472.699951171875,1478.300048828125,247357
2026-01-09 09:25:00+05:30,1474.800048828125,1474.9000244140625,1472.4000244140625,1472.5,208121
2026-01-09 09:30:00+05:30,1473.0999755859375,1474.9000244140625,1470.0,1474.800048828125,211256
2026-01-09 09:35:00+05:30,1471.300048828125,1473.4000244140625,1469.5,1473.4000244140625,118505
2026-01-09 09:40:00+05:30,1475.5999755859375,1475.5999755859375,1468.699951171875,1471.300048828125,110424
2026-01-09 09:45:00+05:30,1477.0,1478.0,1472.699951171875,1475.5999755859375,157847
2026-01-09 09:50:00+05:30,1473.199951171875,1476.699951171875,1472.0999755859375,1476.699951171875,130213
2026-01-09 09:55:00+05:30,1474.0,1474.5,1473.0,1473.199951171875,58602
2026-01-09 10:00:00+05:30,1472.5999755859375,1474.699951171875,1471.699951171875,1474.0,92394
2026-01-09 10:05:00+05:30,1474.5,1475.699951171875,1471.800048828125,1472.699951171875,90998
2026-01-09 10:10:00+05:30,1472.0,1475.0,1471.300048828125,1474.5,105487
2026-01-09 10:15:00+05:30,1471.4000244140625,1472.4000244140625,1471.0,1472.0999755859375,73262
2026-01-09 10:20:00+05:30,1472.300048828125,1472.9000244140625,1471.0999755859375,1471.4000244140625,53245
2026-01-09 10:25:00+05:30,1476.0999755859375,1477.699951171875,1471.5999755859375,1472.300048828125,140017
2026-01-09 10:30:00+05:30,1474.9000244140625,1477.4000244140625,1474.5,1476.0999755859375,72715
2026-01-09 10:35:00+05:30,1473.5999755859375,1475.0,1473.199951171875,1474.9000244140625,102013
2026-01-09 10:40:00+05:30,1472.5,1473.9000244140625,1470.9000244140625,1473.699951171875,120095
2026-01-09 10:45:00+05:30,1470.699951171875,1472.5,1470.5999755859375,1472.5,113341
2026-01-09 10:50:00+05:30,1470.9000244140625,1471.800048828125,1470.5,1471.0,64800
2026-01-09 10:55:00+05:30,1471.5,1472.800048828125,1469.300048828125,1471.0,119043
2026-01-09 11:00:00+05:30,1471.199951171875,1471.5,1470.5,1471.5,46031
2026-01-09 11:05:00+05:30,1471.5999755859375,1472.0,1471.0999755859375,1471.199951171875,53586
2026-01-09 11:10:00+05:30,1469.800048828125,1472.0,1469.5,1471.5999755859375,134543
2026-01-09 11:15:00+05:30,1470.800048828125,1471.5999755859375,1469.5,1470.0999755859375,62453
2026-01-09 11:20:00+05:30,1471.199951171875,1471.800048828125,1470.199951171875,1470.5999755859375,48657
2026-01-09 11:25:00+05:30,1472.800048828125,1473.0,1471.0999755859375,1471.0999755859375,69640
2026-01-09 11:30:00+05:30,1471.4000244140625,1475.0,1471.0999755859375,1472.9000244140625,86772
2026-01-09 11:35:00+05:30,1467.0,1471.5999755859375,1467.0,1471.5,167192
2026-01-09 11:40:00+05:30,1467.0,1468.0999755859375,1466.5,1467.300048828125,105044
2026-01-09 11:45:00+05:30,1468.5999755859375,1468.9000244140625,1467.0,1467.0,69253
2026-01-09 11:50:00+05:30,1468.800048828125,1469.0999755859375,1467.5999755859375,1468.5999755859375,37698
2026-01-09 11:55:00+05:30,1468.4000244140625,1469.199951171875,1467.5999755859375,1469.0999755859375,74021
2026-01-09 12:00:00+05:30,1469.0,1469.0999755859375,1467.5999755859375,1468.5999755859375,50065
2026-01-09 12:05:00+05:30,1470.699951171875,1471.800048828125,1469.0,1469.0,146491
2026-01-09 12:10:00+05:30,1470.699951171875,1471.4000244140625,1470.0,1471.0,66598
2026-01-09 12:15:00+05:30,1471.0999755859375,1472.4000244140625,1470.4000244140625,1470.699951171875,74071
2026-01-09 12:20:00+05:30,1469.5999755859375,1471.199951171875,1469.5,1471.199951171875,55313
2026-01-09 12:25:00+05:30,1469.300048828125,1470.199951171875,1468.5,1469.5,40178
2026-01-09 12:30:00+05:30,1470.800048828125,1471.300048828125,1469.0,1469.199951171875,77085
2026-01-09 12:35:00+05:30,1468.0,1471.0,1467.199951171875,1470.5,64739
2026-01-09 12:40:00+05:30,1467.800048828125,1468.5,1466.0,1468.0,72448
2026-01-09 12:45:00+05:30,1465.800048828125,1468.0,1465.0,1468.0,198452
2026-01-09 12:50:00+05:30,1467.9000244140625,1468.9000244140625,1465.5999755859375,1465.800048828125,58496
2026-01-09 12:55:00+05:30,1469.5999755859375,1469.5999755859375,1467.199951171875,1467.9000244140625,52840
2026-01-09 13:00:00+05:30,1470.5999755859375,1470.5999755859375,1469.0999755859375,1469.5999755859375,41889
2026-01-09 13:05:00+05:30,1471.699951171875,1471.9000244140625,1470.0999755859375,1470.199951171875,90075
2026-01-09 13:10:00+05:30,1471.0999755859375,1471.9000244140625,1470.5,1471.800048828125,73269
2026-01-09 13:15:00+05:30,1471.0,1471.699951171875,1470.0999755859375,1471.0999755859375,37429
2026-01-09 13:20:00+05:30,1473.0999755859375,1473.4000244140625,1471.0999755859375,1471.5,133588
2026-01-09 13:25:00+05:30,1473.300048828125,1473.5999755859375,1472.699951171875,1473.0999755859375,156700
2026-01-09 13:30:00+05:30,1472.0999755859375,1473.5999755859375,1470.4000244140625,1473.4000244140625,48726
2026-01-09 13:35:00+05:30,1476.4000244140625,1478.5999755859375,1472.5,1472.699951171875,170976
2026-01-09 13:40:00+05:30,1473.300048828125,1476.5999755859375,1473.0,1476.0,91104
2026-01-09 13:45:00+05:30,1473.4000244140625,1475.0,1472.0,1473.5999755859375,42925
2026-01-09 13:50:00+05:30,1472.0,1473.5,1471.0,1473.5,41998
2026-01-09 13:55:00+05:30,1474.5999755859375,1474.699951171875,1472.0,1472.0999755859375,45678
2026-01-09 14:00:00+05:30,1474.199951171875,1475.0,1473.199951171875,1474.5999755859375,53472
2026-01-09 14:05:00+05:30,1473.0,1474.199951171875,1472.800048828125,1474.199951171875,53397
2026-01-09 14:10:00+05:30,1470.4000244140625,1473.5999755859375,1470.300048828125,1473.0,59257
2026-01-09 14:15:00+05:30,1470.5999755859375,1472.0,1470.0,1470.699951171875,111386
2026-01-09 14:20:00+05:30,1471.300048828125,1471.5999755859375,1470.0,1470.5999755859375,45071
2026-01-09 14:25:00+05:30,1471.9000244140625,1473.0999755859375,1471.5,1471.800048828125,56903
2026-01-09 14:30:00+05:30,1473.0999755859375,1473.9000244140625,1471.800048828125,1471.9000244140625,73132
2026-01-09 14:35:00+05:30,1471.0,1473.5999755859375,1470.9000244140625,1473.0999755859375,95594
2026-01-09 14:40:00+05:30,1471.0999755859375,1471.9000244140625,1469.5999755859375,1471.300048828125,108920
2026-01-09 14:45:00+05:30,1471.5,1472.300048828125,1471.0999755859375,1471.199951171875,46685
2026-01-09 14:50:00+05:30,1473.0999755859375,1473.0999755859375,1470.9000244140625,1471.699951171875,94784
2026-01-09 14:55:00+05:30,1472.199951171875,1473.5,1472.0,1473.0999755859375,60854
2026-01-09 15:00:00+05:30,1475.4000244140625,1475.5999755859375,1472.300048828125,1472.4000244140625,245882
2026-01-09 15:05:00+05:30,1475.800048828125,1476.5,1475.0,1475.300048828125,185906
2026-01-09 15:10:00+05:30,1476.0999755859375,1476.5,1475.5,1475.800048828125,214274
2026-01-09 15:15:00+05:30,1474.300048828125,1476.199951171875,1473.9000244140625,1476.0,210852
2026-01-09 15:20:00+05:30,1475.0999755859375,1476.0,1474.300048828125,1474.5999755859375,200739
2026-01-09 15:25:00+05:30,1476.0,1476.0,1474.0999755859375,1475.199951171875,187766
2026-01-12 09:20:00+05:30,1459.0,1464.699951171875,1457.9000244140625,1464.699951171875,252250
2026-01-12 09:25:00+05:30,1458.0,1459.4000244140625,1456.300048828125,1458.699951171875,150916
2026-01-12 09:30:00+05:30,1462.0,1462.0,1458.0,1458.5,118420
2026-01-12 09:35:00+05:30,1462.4000244140625,1463.699951171875,1460.5999755859375,1461.699951171875,107762
2026-01-12 09:40:00+05:30,1461.5,1462.4000244140625,1459.5,1462.0,93267
2026-01-12 09:45:00+05:30,1465.9000244140625,1465.9000244140625,1460.9000244140625,1461.699951171875,82513
2026-01-12 09:50:00+05:30,1462.9000244140625,1467.5,1461.4000244140625,1465.9000244140625,140557
2026-01-12 09:55:00+05:30,1461.300048828125,1464.199951171875,1461.0,1462.800048828125,57514
2026-01-12 10:00:00+05:30,1463.0,1463.4000244140625,1461.199951171875,1461.4000244140625,40582
2026-01-12 10:05:00+05:30,1462.5999755859375,1463.4000244140625,1462.0,1463.0,49114
2026-01-12 10:10:00+05:30,1461.9000244140625,1462.9000244140625,1461.5999755859375,1462.800048828125,52361
2026-01-12 10:15:00+05:30,1463.9000244140625,1464.0,1461.199951171875,1461.5999755859375,77845
2026-01-12 10:20:00+05:30,1464.199951171875,1465.0,1463.0,1463.800048828125,120270
2026-01-12 10:25:00+05:30,1464.0,1464.5,1463.5999755859375,1464.5,54561
2026-01-12 10:30:00+05:30,1463.9000244140625,1464.699951171875,1463.4000244140625,1463.9000244140625,47980
2026-01-12 10:35:00+05:30,1462.699951171875,1464.0999755859375,1462.5,1463.800048828125,48032
2026-01-12 10:40:00+05:30,1463.0,1463.699951171875,1462.699951171875,1462.800048828125,38743
2026-01-12 10:45:00+05:30,1461.9000244140625,1463.0,1460.300048828125,1462.9000244140625,73187
2026-01-12 10:50:00+05:30,1461.300048828125,1463.5,1461.0999755859375,1461.9000244140625,81625
2026-01-12 10:55:00+05:30,1460.0,1461.5,1459.199951171875,1461.4000244140625,108143
2026-01-12 11:00:00+05:30,1457.699951171875,1459.9000244140625,1453.5,1459.9000244140625,310439
2026-01-12 11:05:00+05:30,1456.699951171875,1458.0,1456.199951171875,1457.5999755859375,134617
2026-01-12 11:10:00+05:30,1455.9000244140625,1456.9000244140625,1455.0,1456.699951171875,63595
2026-01-12 11:15:00+05:30,1455.9000244140625,1456.5999755859375,1455.0,1455.9000244140625,56732
2026-01-12 11:20:00+05:30,1455.0,1456.5,1454.4000244140625,1455.699951171875,140823
2026-01-12 11:25:00+05:30,1456.800048828125,1457.5,1454.5,1455.0999755859375,92151
2026-01-12 11:30:00+05:30,1455.0,1457.0,1454.300048828125,1456.800048828125,70254
2026-01-12 11:35:00+05:30,1455.5,1456.0,1454.4000244140625,1454.4000244140625,84396
2026-01-12 11:40:00+05:30,1454.800048828125,1456.300048828125,1453.699951171875,1455.5,83106
2026-01-12 11:45:00+05:30,1453.800048828125,1455.5,1452.5,1454.800048828125,121939
2026-01-12 11:50:00+05:30,1453.5999755859375,1454.5999755859375,1452.199951171875,1453.9000244140625,123977
2026-01-12 11:55:00+05:30,1451.5,1454.5,1451.199951171875,1453.5999755859375,116531
2026-01-12 12:00:00+05:30,1452.800048828125,1453.800048828125,1451.4000244140625,1451.4000244140625,82275
2026-01-12 12:05:00+05:30,1456.199951171875,1456.5,1453.0999755859375,1453.199951171875,81202
2026-01-12 12:10:00+05:30,1461.5999755859375,1461.5999755859375,1455.0999755859375,1456.0999755859375,133896
2026-01-12 12:15:00+05:30,1463.0,1463.699951171875,1460.0999755859375,1461.5999755859375,106253
2026-01-12 12:20:00+05:30,1465.199951171875,1466.800048828125,1462.699951171875,1463.300048828125,191565
2026-01-12 12:25:00+05:30,1466.4000244140625,1468.5,1464.9000244140625,1465.4000244140625,97887
2026-01-12 12:30:00+05:30,1466.800048828125,1467.699951171875,1465.5999755859375,1466.4000244140625,158567
2026-01-12 12:35:00+05:30,1465.5,1467.9000244140625,1465.0,1466.800048828125,97888
2026-01-12 12:40:00+05:30,1468.9000244140625,1470.5999755859375,1465.5,1466.0,133126
2026-01-12 12:45:00+05:30,1468.4000244140625,1470.0,1468.199951171875,1468.9000244140625,90695
2026-01-12 12:50:00+05:30,1470.5,1471.300048828125,1468.5,1468.5,99892
2026-01-12 12:55:00+05:30,1471.5999755859375,1472.5999755859375,1469.4000244140625,1470.800048828125,94668
2026-01-12 13:00:00+05:30,1471.800048828125,1471.800048828125,1467.800048828125,1471.5999755859375,66989
2026-01-12 13:05:00+05:30,1473.0,1473.699951171875,1470.5,1471.800048828125,106249
2026-01-12 13:10:00+05:30,1472.300048828125,1473.800048828125,1471.199951171875,1473.300048828125,57750
2026-01-12 13:15:00+05:30,1472.0999755859375,1473.0,1471.699951171875,1472.300048828125,44681
2026-01-12 13:20:00+05:30,1471.300048828125,1472.800048828125,1470.699951171875,1472.0999755859375,45029
2026-01-12 13:25:00+05:30,1470.0,1472.4000244140625,1469.5999755859375,1470.800048828125,78514
2026-01-12 13:30:00+05:30,1474.4000244140625,1475.0,1470.0,1470.0999755859375,99502
2026-01-12 13:35:00+05:30,1474.0,1475.699951171875,1473.0,1474.4000244140625,71133
2026-01-12 13:40:00+05:30,1475.5,1477.699951171875,1473.9000244140625,1474.0,152000
2026-01-12 13:45:00+05:30,1476.0,1476.800048828125,1475.199951171875,1475.300048828125,52079
2026-01-12 13:50:00+05:30,1479.5,1479.5,1475.300048828125,1476.0999755859375,79460
2026-01-12 13:55:00+05:30,1477.800048828125,1479.5999755859375,1477.199951171875,1479.5,117120
2026-01-12 14:00:00+05:30,1477.9000244140625,1478.0,1475.9000244140625,1477.800048828125,82233
2026-01-12 14:05:00+05:30,1479.800048828125,1479.800048828125,1477.699951171875,1478.199951171875,75956
2026-01-12 14:10:00+05:30,1478.5,1480.5999755859375,1478.5,1479.699951171875,117392
2026-01-12 14:15:00+05:30,1480.0999755859375,1481.300048828125,1478.4000244140625,1478.699951171875,96632
2026-01-12 14:20:00+05:30,1482.800048828125,1484.0,1480.0,1480.0,149843
2026-01-12 14:25:00+05:30,1483.699951171875,1484.4000244140625,1482.800048828125,1483.199951171875,129511
2026-01-12 14:30:00+05:30,1481.0,1483.9000244140625,1480.5,1483.800048828125,102904
2026-01-12 14:35:00+05:30,1481.9000244140625,1482.0,1477.5,1481.300048828125,310338
2026-01-12 14:40:00+05:30,1482.5,1483.0,1481.0999755859375,1482.0,113565
2026-01-12 14:45:00+05:30,1482.0,1482.9000244140625,1481.0999755859375,1482.0999755859375,91833
2026-01-12 14:50:00+05:30,1483.800048828125,1484.0,1481.800048828125,1481.800048828125,107094
2026-01-12 14:55:00+05:30,1481.800048828125,1484.0,1481.300048828125,1483.800048828125,114101
2026-01-12 15:00:00+05:30,1482.199951171875,1482.199951171875,1480.5999755859375,1481.9000244140625,159458
2026-01-12 15:05:00+05:30,1483.0,1483.5,1481.5,1482.0999755859375,217179
2026-01-12 15:10:00+05:30,1483.4000244140625,1483.4000244140625,1482.0999755859375,1483.0,246589
2026-01-12 15:15:00+05:30,1483.9000244140625,1483.9000244140625,1483.199951171875,1483.4000244140625,268290
2026-01-12 15:20:00+05:30,1483.5999755859375,1484.0999755859375,1483.0,1483.9000244140625,240826
2026-01-12 15:25:00+05:30,1484.0,1485.300048828125,1483.0,1483.5,376907
2026-01-13 09:20:00+05:30,1474.199951171875,1475.800048828125,1472.5,1474.699951171875,202093
2026-01-13 09:25:00+05:30,1468.5999755859375,1474.0999755859375,1468.300048828125,1474.0999755859375,251319
2026-01-13 09:30:00+05:30,1467.0,1469.5,1466.199951171875,1468.4000244140625,156449
2026-01-13 09:35:00+05:30,1465.0,1467.0,1463.4000244140625,1467.0,369876
2026-01-13 09:40:00+05:30,1465.0,1466.199951171875,1463.9000244140625,1464.800048828125,153589
2026-01-13 09:45:00+05:30,1465.0999755859375,1468.5999755859375,1464.800048828125,1465.5999755859375,476134
2026-01-13 09:50:00+05:30,1466.699951171875,1467.9000244140625,1464.9000244140625,1465.199951171875,69963
2026-01-13 09:55:00+05:30,1461.5,1466.4000244140625,1461.300048828125,1466.4000244140625,336049
2026-01-13 10:00:00+05:30,1467.300048828125,1467.5,1460.5,1461.0,179935
2026-01-13 10:05:00+05:30,1468.9000244140625,1469.300048828125,1466.300048828125,1467.300048828125,83435
2026-01-13 10:10:00+05:30,1467.0,1469.300048828125,1466.5,1469.0,72745
2026-01-13 10:15:00+05:30,1466.5999755859375,1468.699951171875,1465.4000244140625,1467.0,105229
2026-01-13 10:20:00+05:30,1467.5,1469.800048828125,1466.4000244140625,1466.4000244140625,69623
2026-01-13 10:25:00+05:30,1468.199951171875,1468.5999755859375,1466.5,1467.5,77457
2026-01-13 10:30:00+05:30,1467.699951171875,1469.0999755859375,1467.199951171875,1468.0999755859375,91034
2026-01-13 10:35:00+05:30,1465.5,1467.699951171875,1464.5999755859375,1467.699951171875,90893
2026-01-13 10:40:00+05:30,1465.300048828125,1466.4000244140625,1464.0,1465.199951171875,63584
2026-01-13 10:45:00+05:30,1465.800048828125,1466.4000244140625,1464.800048828125,1465.300048828125,45046
2026-01-13 10:50:00+05:30,1466.300048828125,1468.4000244140625,1465.5,1465.699951171875,66769
2026-01-13 10:55:00+05:30,1466.4000244140625,1467.5,1465.800048828125,1466.300048828125,38755
2026-01-13 11:00:00+05:30,1467.4000244140625,1467.5,1465.4000244140625,1466.300048828125,40772
2026-01-13 11:05:00+05:30,1466.800048828125,1467.5,1465.5,1467.5,43291
2026-01-13 11:10:00+05:30,1466.9000244140625,1467.199951171875,1465.5,1466.4000244140625,55814
2026-01-13 11:15:00+05:30,1468.5,1468.9000244140625,1466.300048828125,1467.0,52987
2026-01-13 11:20:00+05:30,1467.199951171875,1468.5,1467.0,1468.4000244140625,48884
2026-01-13 11:25:00+05:30,1467.300048828125,1468.0999755859375,1467.0,1467.199951171875,44001
2026-01-13 11:30:00+05:30,1468.0,1468.5999755859375,1466.9000244140625,1467.300048828125,57548
2026-01-13 11:35:00+05:30,1468.5999755859375,1468.9000244140625,1467.4000244140625,1467.9000244140625,65239
2026-01-13 11:40:00+05:30,1464.199951171875,1468.5999755859375,1463.5999755859375,1468.5999755859375,91573
2026-01-13 11:45:00+05:30,1465.199951171875,1465.5,1463.300048828125,1464.0999755859375,34345
2026-01-13 12:00:00+05:30,1460.0999755859375,1460.9000244140625,1459.9000244140625,1460.300048828125,412022
2026-01-13 12:05:00+05:30,1457.800048828125,1460.199951171875,1456.300048828125,1460.199951171875,126710
2026-01-13 12:10:00+05:30,1456.0,1458.0,1455.199951171875,1457.5999755859375,110979
2026-01-13 12:15:00+05:30,1459.199951171875,1459.800048828125,1455.0,1456.0,76742
2026-01-13 12:20:00+05:30,1458.5,1459.699951171875,1458.0,1459.5,49599
2026-01-13 12:25:00+05:30,1461.5,1462.300048828125,1458.5,1458.5999755859375,95310
2026-01-13 12:30:00+05:30,1461.699951171875,1462.0,1460.800048828125,1461.5,47033
2026-01-13 12:35:00+05:30,1459.4000244140625,1463.0,1459.199951171875,1461.699951171875,57935
2026-01-13 12:40:00+05:30,1459.300048828125,1460.0,1458.0999755859375,1459.9000244140625,56726
2026-01-13 12:45:00+05:30,1459.0,1460.5,1458.4000244140625,1459.5,85887
2026-01-13 12:50:00+05:30,1457.800048828125,1459.0,1456.0,1459.0,59616
2026-01-13 12:55:00+05:30,1456.800048828125,1458.4000244140625,1456.4000244140625,1457.699951171875,78365
2026-01-13 13:00:00+05:30,1455.199951171875,1456.9000244140625,1454.0,1456.5999755859375,118345
2026-01-13 13:05:00+05:30,1455.0999755859375,1455.699951171875,1453.300048828125,1455.199951171875,154578
2026-01-13 13:10:00+05:30,1454.5,1456.4000244140625,1454.300048828125,1455.0999755859375,101898
2026-01-13 13:15:00+05:30,1454.5999755859375,1455.5999755859375,1453.300048828125,1454.5999755859375,63647
2026-01-13 13:20:00+05:30,1455.300048828125,1455.5999755859375,1454.0999755859375,1454.5999755859375,140775
2026-01-13 13:25:00+05:30,1454.699951171875,1456.4000244140625,1453.5999755859375,1455.4000244140625,237660
2026-01-13 13:30:00+05:30,1455.699951171875,1455.9000244140625,1454.300048828125,1454.699951171875,75541
2026-01-13 13:35:00+05:30,1455.5,1456.4000244140625,1454.5999755859375,1455.699951171875,120715
2026-01-13 13:40:00+05:30,1455.800048828125,1455.800048828125,1454.4000244140625,1455.800048828125,113866
2026-01-13 13:45:00+05:30,1455.0999755859375,1455.9000244140625,1454.5,1455.699951171875,84508
2026-01-13 13:50:00+05:30,1455.4000244140625,1455.9000244140625,1454.5,1455.0999755859375,69416
2026-01-13 13:55:00+05:30,1455.0999755859375,1455.5,1453.699951171875,1455.4000244140625,69513
2026-01-13 14:00:00+05:30,1454.199951171875,1455.0999755859375,1453.5,1455.0999755859375,85601
2026-01-13 14:05:00+05:30,1453.9000244140625,1454.4000244140625,1453.300048828125,1454.0999755859375,88268
2026-01-13 14:10:00+05:30,1453.300048828125,1454.0,1451.5999755859375,1454.0,141462
2026-01-13 14:15:00+05:30,1451.300048828125,1453.9000244140625,1451.0999755859375,1453.800048828125,479253
2026-01-13 14:20:00+05:30,1449.0,1452.4000244140625,1447.800048828125,1451.199951171875,320656
2026-01-13 14:25:00+05:30,1448.300048828125,1449.800048828125,1448.0,1448.9000244140625,206695
2026-01-13 14:30:00+05:30,1449.4000244140625,1451.0,1448.0,1448.199951171875,211512
2026-01-13 14:35:00+05:30,1449.0999755859375,1452.800048828125,1448.4000244140625,1449.4000244140625,284956
2026-01-13 14:40:00+05:30,1449.0,1450.4000244140625,1448.300048828125,1449.0,293997
2026-01-13 14:45:00+05:30,1449.0,1450.0999755859375,1448.0999755859375,1449.4000244140625,337870
2026-01-13 14:50:00+05:30,1449.199951171875,1449.9000244140625,1448.5,1449.300048828125,125028
2026-01-13 14:55:00+05:30,1448.5999755859375,1450.300048828125,1448.0,1449.5,289440
2026-01-13 15:00:00+05:30,1446.4000244140625,1456.800048828125,1446.199951171875,1450.0,1214805
2026-01-13 15:05:00+05:30,1452.300048828125,1452.5999755859375,1444.800048828125,1446.300048828125,809184
2026-01-13 15:10:00+05:30,1454.9000244140625,1456.0,1452.0,1452.0,556679
2026-01-13 15:15:00+05:30,1455.5,1456.800048828125,1454.699951171875,1455.0,324913
2026-01-13 15:20:00+05:30,1454.199951171875,1456.5999755859375,1453.4000244140625,1455.4000244140625,366876
2026-01-13 15:25:00+05:30,1452.800048828125,1460.0,1452.800048828125,1454.300048828125,725156
2026-01-14 09:20:00+05:30,1450.800048828125,1453.5999755859375,1447.800048828125,1447.9000244140625,190041
2026-01-14 09:25:00+05:30,1452.199951171875,1453.0,1450.5,1450.5999755859375,101087
2026-01-14 09:30:00+05:30,1455.0,1455.4000244140625,1452.199951171875,1452.4000244140625,109953
2026-01-14 09:35:00+05:30,1454.0,1456.199951171875,1453.0999755859375,1455.0,120966
2026-01-14 09:40:00+05:30,1451.5999755859375,1454.0,1451.0999755859375,1453.800048828125,90480
2026-01-14 09:45:00+05:30,1451.4000244140625,1452.0,1449.5999755859375,1451.5999755859375,81710
2026-01-14 09:50:00+05:30,1456.199951171875,1456.199951171875,1451.199951171875,1451.5,70498
2026-01-14 09:55:00+05:30,1455.9000244140625,1456.699951171875,1454.699951171875,1456.199951171875,68595
2026-01-14 10:00:00+05:30,1456.5999755859375,1457.199951171875,1455.5999755859375,1455.9000244140625,57118
2026-01-14 10:05:00+05:30,1456.800048828125,1458.5999755859375,1455.5,1456.5999755859375,74407
2026-01-14 10:10:00+05:30,1455.4000244140625,1457.9000244140625,1455.300048828125,1456.800048828125,57501
2026-01-14 10:15:00+05:30,1456.300048828125,1456.4000244140625,1454.0999755859375,1455.4000244140625,59983
2026-01-14 10:20:00+05:30,1455.300048828125,1457.199951171875,1454.699951171875,1456.0,45508
2026-01-14 10:25:00+05:30,1456.300048828125,1456.5,1454.5,1455.4000244140625,38810
2026-01-14 10:30:00+05:30,1457.800048828125,1458.0,1455.0,1456.300048828125,43645
2026-01-14 10:35:00+05:30,1459.300048828125,1459.699951171875,1457.5999755859375,1458.0,71709
2026-01-14 10:40:00+05:30,1459.300048828125,1463.0,1459.0999755859375,1459.4000244140625,137908
2026-01-14 10:45:00+05:30,1460.4000244140625,1460.699951171875,1458.0,1459.800048828125,78534
2026-01-14 10:50:00+05:30,1461.800048828125,1462.0,1459.699951171875,1460.4000244140625,52185
2026-01-14 10:55:00+05:30,1464.0,1464.0,1460.9000244140625,1461.800048828125,90519
2026-01-14 11:00:00+05:30,1464.199951171875,1465.0,1463.0,1464.0,114022
2026-01-14 11:05:00+05:30,1465.199951171875,1465.5,1463.0,1464.300048828125,93878
2026-01-14 11:10:00+05:30,1463.300048828125,1465.199951171875,1462.800048828125,1465.0,116305
2026-01-14 11:15:00+05:30,1463.4000244140625,1464.4000244140625,1463.0,1463.199951171875,85703
2026-01-14 11:20:00+05:30,1463.300048828125,1464.9000244140625,1463.0,1463.4000244140625,44732
2026-01-14 11:25:00+05:30,1465.5999755859375,1465.5999755859375,1463.0999755859375,1463.699951171875,51504
2026-01-14 11:30:00+05:30,1464.800048828125,1466.0,1463.0999755859375,1465.5999755859375,53686
2026-01-14 11:35:00+05:30,1464.5999755859375,1465.0,1463.199951171875,1464.800048828125,42084
2026-01-14 11:40:00+05:30,1464.0,1465.300048828125,1464.0,1464.5999755859375,42169
2026-01-14 11:45:00+05:30,1464.4000244140625,1464.699951171875,1463.0,1464.0999755859375,58288
2026-01-14 11:50:00+05:30,1463.9000244140625,1464.5,1463.0,1464.5,39777
2026-01-14 11:55:00+05:30,1463.300048828125,1464.0,1463.0,1463.5,33894
2026-01-14 12:00:00+05:30,1463.300048828125,1464.4000244140625,1463.0,1463.0999755859375,53405
2026-01-14 12:05:00+05:30,1460.4000244140625,1463.5,1460.4000244140625,1463.300048828125,72115
2026-01-14 12:10:00+05:30,1461.0,1461.699951171875,1460.0,1460.5999755859375,49642
2026-01-14 12:15:00+05:30,1463.0999755859375,1463.4000244140625,1460.5999755859375,1461.0,56837
2026-01-14 12:20:00+05:30,1462.800048828125,1463.9000244140625,1462.5,1463.0,37164
2026-01-14 12:25:00+05:30,1462.5999755859375,1463.699951171875,1461.9000244140625,1463.0999755859375,76561
2026-01-14 12:30:00+05:30,1463.4000244140625,1463.800048828125,1462.5999755859375,1462.5999755859375,32369
2026-01-14 12:35:00+05:30,1464.800048828125,1465.199951171875,1463.300048828125,1463.300048828125,83956
2026-01-14 12:40:00+05:30,1464.5,1466.9000244140625,1464.199951171875,1464.9000244140625,50690
2026-01-14 12:45:00+05:30,1465.0,1465.0999755859375,1464.0,1464.199951171875,56731
2026-01-14 12:50:00+05:30,1465.0,1465.4000244140625,1464.0,1464.5999755859375,51986
2026-01-14 12:55:00+05:30,1464.0,1465.199951171875,1463.0999755859375,1465.0,71775
2026-01-14 13:00:00+05:30,1462.0,1464.300048828125,1461.199951171875,1464.0,87890
2026-01-14 13:05:00+05:30,1464.0,1464.5,1462.0999755859375,1462.0999755859375,85046
2026-01-14 13:10:00+05:30,1463.5,1464.9000244140625,1463.199951171875,1464.0,39075
2026-01-14 13:15:00+05:30,1463.5999755859375,1464.199951171875,1463.0999755859375,1463.5,33716
2026-01-14 13:20:00+05:30,1461.4000244140625,1463.5999755859375,1460.699951171875,1463.5999755859375,69557
2026-01-14 13:25:00+05:30,1463.0,1463.5,1460.5,1461.5,55915
2026-01-14 13:30:00+05:30,1460.800048828125,1463.199951171875,1460.800048828125,1462.9000244140625,46661
2026-01-14 13:35:00+05:30,1457.300048828125,1461.699951171875,1457.300048828125,1460.800048828125,121552
2026-01-14 13:40:00+05:30,1455.0999755859375,1458.4000244140625,1455.0,1457.800048828125,113589
2026-01-14 13:45:00+05:30,1455.0999755859375,1455.800048828125,1453.5,1455.0999755859375,98094
2026-01-14 13:50:00+05:30,1454.300048828125,1455.800048828125,1453.0,1455.0,68022
2026-01-14 13:55:00+05:30,1454.4000244140625,1455.0,1453.5999755859375,1454.5999755859375,50168
2026-01-14 14:00:00+05:30,1455.9000244140625,1458.0999755859375,1454.0,1454.4000244140625,68863
2026-01-14 14:05:00+05:30,1457.199951171875,1458.300048828125,1455.300048828125,1455.9000244140625,60719
2026-01-14 14:10:00+05:30,1458.5,1458.5999755859375,1456.800048828125,1457.199951171875,57438
2026-01-14 14:15:00+05:30,1456.5999755859375,1458.5,1456.5999755859375,1458.5,64433
2026-01-14 14:20:00+05:30,1456.0,1457.5999755859375,1455.9000244140625,1456.699951171875,155708
2026-01-14 14:25:00+05:30,1457.5999755859375,1458.4000244140625,1455.5999755859375,1455.800048828125,110761
2026-01-14 14:30:00+05:30,1459.5,1459.800048828125,1457.4000244140625,1457.800048828125,82314
2026-01-14 14:35:00+05:30,1460.5999755859375,1461.4000244140625,1459.0,1459.300048828125,67526
2026-01-14 14:40:00+05:30,1460.5,1461.199951171875,1459.800048828125,1460.5999755859375,138686
2026-01-14 14:45:00+05:30,1461.0999755859375,1462.699951171875,1460.5,1460.5,172669
2026-01-14 14:50:00+05:30,1462.800048828125,1462.800048828125,1461.0,1461.300048828125,69219
2026-01-14 14:55:00+05:30,1460.9000244140625,1462.800048828125,1460.5,1462.800048828125,69822
2026-01-14 15:00:00+05:30,1460.800048828125,1461.0,1458.699951171875,1461.0,585169
2026-01-14 15:05:00+05:30,1459.5,1462.199951171875,1456.9000244140625,1460.9000244140625,615254
2026-01-14 15:10:00+05:30,1457.0999755859375,1460.0,1456.5999755859375,1459.5999755859375,616687
2026-01-14 15:15:00+05:30,1458.0999755859375,1458.4000244140625,1455.4000244140625,1457.0999755859375,382795
2026-01-14 15:20:00+05:30,1459.0,1459.0,1457.800048828125,1458.300048828125,204389
2026-01-14 15:25:00+05:30,1458.800048828125,1459.300048828125,1457.0,1459.0999755859375,183154
2026-01-16 09:20:00+05:30,1462.5,1468.0,1461.300048828125,1466.4000244140625,774049
2026-01-16 09:25:00+05:30,1463.0999755859375,1464.199951171875,1461.4000244140625,1462.199951171875,258516
2026-01-16 09:30:00+05:30,1463.5999755859375,1464.5,1462.5,1463.0999755859375,164538
2026-01-16 09:35:00+05:30,1462.5,1464.0,1462.4000244140625,1463.5999755859375,149580
2026-01-16 09:40:00+05:30,1467.0999755859375,1467.5999755859375,1462.5999755859375,1462.9000244140625,200102
2026-01-16 09:45:00+05:30,1466.5999755859375,1467.0999755859375,1464.5,1467.0999755859375,163962
2026-01-16 09:50:00+05:30,1464.4000244140625,1466.800048828125,1464.0,1466.800048828125,106277
2026-01-16 09:55:00+05:30,1463.9000244140625,1464.699951171875,1463.199951171875,1464.4000244140625,143789
2026-01-16 10:00:00+05:30,1466.800048828125,1467.5999755859375,1463.4000244140625,1463.800048828125,119682
2026-01-16 10:05:00+05:30,1467.0,1467.4000244140625,1465.699951171875,1467.0,133743
2026-01-16 10:10:00+05:30,1466.800048828125,1467.300048828125,1466.0999755859375,1467.0,105758
2026-01-16 10:15:00+05:30,1469.5,1471.0,1466.699951171875,1466.699951171875,232956
2026-01-16 10:20:00+05:30,1470.800048828125,1472.9000244140625,1469.0,1469.5,261179
2026-01-16 10:25:00+05:30,1470.0999755859375,1472.199951171875,1470.0999755859375,1470.800048828125,235149
2026-01-16 10:30:00+05:30,1472.0,1472.300048828125,1469.0,1470.0,167450
2026-01-16 10:35:00+05:30,1474.800048828125,1475.5999755859375,1471.9000244140625,1472.199951171875,214149
2026-01-16 10:40:00+05:30,1474.0999755859375,1478.0,1473.0999755859375,1474.699951171875,173119
2026-01-16 10:45:00+05:30,1479.0,1480.0,1474.199951171875,1474.699951171875,186833
2026-01-16 10:50:00+05:30,1476.800048828125,1479.0,1476.800048828125,1478.5999755859375,159485
2026-01-16 10:55:00+05:30,1476.0,1478.699951171875,1475.199951171875,1476.800048828125,127772
2026-01-16 11:00:00+05:30,1477.199951171875,1479.0,1475.699951171875,1475.9000244140625,166699
2026-01-16 11:05:00+05:30,1476.5999755859375,1478.0999755859375,1474.800048828125,1477.199951171875,85798
2026-01-16 11:10:00+05:30,1473.300048828125,1476.4000244140625,1471.699951171875,1476.4000244140625,140031
2026-01-16 11:15:00+05:30,1469.9000244140625,1474.9000244140625,1469.0999755859375,1473.300048828125,287050
2026-01-16 11:20:00+05:30,1470.4000244140625,1472.9000244140625,1469.300048828125,1469.300048828125,345819
2026-01-16 11:25:00+05:30,1472.699951171875,1472.800048828125,1469.199951171875,1470.0,299005
2026-01-16 11:30:00+05:30,1473.9000244140625,1474.5,1469.9000244140625,1472.699951171875,289672
2026-01-16 11:35:00+05:30,1474.300048828125,1474.5,1472.5,1473.800048828125,559948
2026-01-16 11:40:00+05:30,1473.199951171875,1474.9000244140625,1472.800048828125,1474.300048828125,76707
2026-01-16 11:45:00+05:30,1469.9000244140625,1473.199951171875,1469.0999755859375,1473.199951171875,110129
2026-01-16 11:50:00+05:30,1470.0999755859375,1470.4000244140625,1468.5999755859375,1470.0999755859375,101981
2026-01-16 11:55:00+05:30,1465.5,1470.5,1464.300048828125,1469.9000244140625,196437
2026-01-16 12:00:00+05:30,1467.9000244140625,1468.0,1465.0999755859375,1465.5,459419
2026-01-16 12:05:00+05:30,1469.5,1469.9000244140625,1467.5,1467.5999755859375,76955
2026-01-16 12:10:00+05:30,1470.5,1470.9000244140625,1469.0999755859375,1469.5,66503
2026-01-16 12:15:00+05:30,1469.699951171875,1471.0999755859375,1469.4000244140625,1470.5,73819
2026-01-16 12:20:00+05:30,1469.0999755859375,1470.300048828125,1468.0,1469.800048828125,71340
2026-01-16 12:25:00+05:30,1464.9000244140625,1469.300048828125,1464.5999755859375,1469.0999755859375,73426
2026-01-16 12:30:00+05:30,1465.9000244140625,1466.4000244140625,1463.800048828125,1465.0,607758
2026-01-16 12:35:00+05:30,1464.5999755859375,1466.4000244140625,1463.699951171875,1465.9000244140625,89237
2026-01-16 12:40:00+05:30,1464.4000244140625,1465.300048828125,1464.199951171875,1464.5999755859375,61167
2026-01-16 12:45:00+05:30,1462.4000244140625,1464.300048828125,1462.0999755859375,1464.300048828125,121139
2026-01-16 12:50:00+05:30,1463.199951171875,1463.800048828125,1461.0,1462.800048828125,145882
2026-01-16 12:55:00+05:30,1459.0,1463.699951171875,1458.4000244140625,1463.199951171875,173127
2026-01-16 13:00:00+05:30,1458.4000244140625,1459.199951171875,1457.699951171875,1458.800048828125,101326
2026-01-16 13:05:00+05:30,1457.9000244140625,1458.800048828125,1456.800048828125,1458.0999755859375,99087
2026-01-16 13:10:00+05:30,1458.699951171875,1458.699951171875,1455.300048828125,1457.800048828125,238954
2026-01-16 13:15:00+05:30,1459.0,1459.800048828125,1458.0999755859375,1458.699951171875,156155
2026-01-16 13:20:00+05:30,1457.9000244140625,1459.5999755859375,1457.5,1458.800048828125,60703
2026-01-16 13:25:00+05:30,1460.800048828125,1460.9000244140625,1456.0999755859375,1457.9000244140625,556392
2026-01-16 13:30:00+05:30,1462.199951171875,1464.800048828125,1460.699951171875,1460.699951171875,112355
2026-01-16 13:35:00+05:30,1462.0999755859375,1462.800048828125,1460.199951171875,1462.0,145548
2026-01-16 13:40:00+05:30,1460.800048828125,1462.300048828125,1459.4000244140625,1462.0,281153
2026-01-16 13:45:00+05:30,1460.0,1462.199951171875,1460.0,1460.800048828125,337407
2026-01-16 13:50:00+05:30,1458.5999755859375,1460.5999755859375,1457.5,1460.0,108107
2026-01-16 13:55:00+05:30,1458.0,1459.300048828125,1457.300048828125,1458.4000244140625,111850
2026-01-16 14:00:00+05:30,1457.9000244140625,1458.5,1456.5999755859375,1458.0,80513
2026-01-16 14:05:00+05:30,1457.0,1457.9000244140625,1456.4000244140625,1457.699951171875,89407
2026-01-16 14:10:00+05:30,1458.0,1458.5,1456.9000244140625,1457.0,83664
2026-01-16 14:15:00+05:30,1458.199951171875,1458.4000244140625,1457.199951171875,1457.800048828125,71658
2026-01-16 14:20:00+05:30,1460.300048828125,1460.9000244140625,1457.9000244140625,1458.199951171875,144810
2026-01-16 14:25:00+05:30,1461.4000244140625,1462.4000244140625,1460.300048828125,1460.300048828125,96938
2026-01-16 14:30:00+05:30,1462.5,1463.0,1461.0,1461.199951171875,55729
2026-01-16 14:35:00+05:30,1460.5999755859375,1462.5999755859375,1458.9000244140625,1462.199951171875,109065
2026-01-16 14:40:00+05:30,1461.5999755859375,1462.0999755859375,1459.0999755859375,1460.5,123420
2026-01-16 14:45:00+05:30,1459.5999755859375,1461.800048828125,1459.199951171875,1461.5,125725
2026-01-16 14:50:00+05:30,1459.9000244140625,1460.9000244140625,1458.800048828125,1459.5999755859375,91116
2026-01-16 14:55:00+05:30,1460.0,1460.4000244140625,1458.9000244140625,1459.9000244140625,108246
2026-01-16 15:00:00+05:30,1457.9000244140625,1460.4000244140625,1457.800048828125,1459.800048828125,384482
2026-01-16 15:05:00+05:30,1457.0,1458.9000244140625,1455.9000244140625,1458.0,626373
2026-01-16 15:10:00+05:30,1456.699951171875,1458.0,1456.699951171875,1457.0,545757
2026-01-16 15:15:00+05:30,1458.0,1458.0,1455.9000244140625,1456.699951171875,682595
2026-01-16 15:20:00+05:30,1459.5,1459.800048828125,1457.9000244140625,1458.0999755859375,320927
2026-01-16 15:25:00+05:30,1461.199951171875,1461.5,1457.5,1459.5,435300
2026-01-19 09:20:00+05:30,1431.5,1439.0999755859375,1431.0,1439.0999755859375,524406
2026-01-19 09:25:00+05:30,1421.699951171875,1431.800048828125,1421.5999755859375,1431.800048828125,531682
2026-01-19 09:30:00+05:30,1428.0,1428.699951171875,1420.9000244140625,1421.4000244140625,613351
2026-01-19 09:35:00+05:30,1426.199951171875,1430.5,1424.5999755859375,1428.300048828125,272070
2026-01-19 09:40:00+05:30,1429.800048828125,1429.9000244140625,1424.0999755859375,1425.800048828125,273228
2026-01-19 09:45:00+05:30,1424.9000244140625,1429.800048828125,1424.0,1429.800048828125,316758
2026-01-19 09:50:00+05:30,1425.199951171875,1427.0999755859375,1424.0,1424.5,156664
2026-01-19 09:55:00+05:30,1421.300048828125,1426.0,1421.0,1425.300048828125,252866
2026-01-19 10:00:00+05:30,1421.0999755859375,1421.5,1419.5999755859375,1421.0,528081
2026-01-19 10:05:00+05:30,1422.199951171875,1423.5999755859375,1421.0,1421.300048828125,117963
2026-01-19 10:10:00+05:30,1424.4000244140625,1424.5,1421.5,1422.0999755859375,129682
2026-01-19 10:15:00+05:30,1424.0999755859375,1424.4000244140625,1422.300048828125,1424.4000244140625,94238
2026-01-19 10:20:00+05:30,1420.0,1424.800048828125,1418.699951171875,1424.0999755859375,660514
2026-01-19 10:25:00+05:30,1413.0,1419.800048828125,1413.0,1419.800048828125,780978
2026-01-19 10:30:00+05:30,1408.300048828125,1414.0999755859375,1406.800048828125,1413.0,943699
2026-01-19 10:35:00+05:30,1408.5,1410.0,1407.0999755859375,1407.800048828125,510862
2026-01-19 10:40:00+05:30,1410.300048828125,1411.800048828125,1407.5999755859375,1408.9000244140625,208407
2026-01-19 10:45:00+05:30,1409.199951171875,1411.199951171875,1408.0999755859375,1410.5999755859375,165535
2026-01-19 10:50:00+05:30,1408.800048828125,1410.0999755859375,1408.0,1409.0999755859375,127953
2026-01-19 10:55:00+05:30,1409.5999755859375,1409.800048828125,1408.0999755859375,1409.0,140715
2026-01-19 11:00:00+05:30,1409.800048828125,1411.0999755859375,1408.5999755859375,1409.300048828125,211834
2026-01-19 11:05:00+05:30,1409.0,1410.9000244140625,1408.800048828125,1409.5,213497
2026-01-19 11:10:00+05:30,1409.0,1409.800048828125,1408.0,1409.0,105182
2026-01-19 11:15:00+05:30,1408.800048828125,1457.9000244140625,1408.0,1457.9000244140625,110733
2026-01-19 11:20:00+05:30,1409.0999755859375,1409.800048828125,1408.0,1408.5999755859375,97272
2026-01-19 11:25:00+05:30,1409.800048828125,1410.0999755859375,1408.199951171875,1409.4000244140625,84300
2026-01-19 11:30:00+05:30,1408.800048828125,1409.9000244140625,1408.0,1409.9000244140625,83176
2026-01-19 11:35:00+05:30,1409.0,1410.0999755859375,1408.5999755859375,1408.800048828125,223580
2026-01-19 11:40:00+05:30,1409.5999755859375,1410.0,1408.699951171875,1409.0999755859375,64989
2026-01-19 11:45:00+05:30,1409.0999755859375,1410.199951171875,1408.5,1409.699951171875,95890
2026-01-19 11:50:00+05:30,1411.9000244140625,1412.9000244140625,1408.9000244140625,1408.9000244140625,151542
2026-01-19 11:55:00+05:30,1413.0999755859375,1413.9000244140625,1411.5,1411.9000244140625,132781
2026-01-19 12:00:00+05:30,1409.300048828125,1413.5,1409.0999755859375,1413.5,207914
2026-01-19 12:05:00+05:30,1408.300048828125,1409.4000244140625,1408.199951171875,1409.300048828125,118764
2026-01-19 12:10:00+05:30,1408.300048828125,1408.5999755859375,1408.0,1408.300048828125,180187
2026-01-19 12:15:00+05:30,1408.300048828125,1409.5999755859375,1408.0,1408.4000244140625,174502
2026-01-19 12:20:00+05:30,1406.5,1408.5999755859375,1406.0,1408.199951171875,268444
2026-01-19 12:25:00+05:30,1404.9000244140625,1406.9000244140625,1404.0,1406.4000244140625,345991
2026-01-19 12:30:00+05:30,1405.5,1406.5,1404.5,1404.699951171875,231618
2026-01-19 12:35:00+05:30,1403.5999755859375,1405.5,1403.5999755859375,1405.5,132330
2026-01-19 12:40:00+05:30,1405.5,1405.5999755859375,1403.4000244140625,1403.800048828125,148236
2026-01-19 12:45:00+05:30,1405.699951171875,1406.4000244140625,1405.0,1405.5999755859375,140269
2026-01-19 12:50:00+05:30,1405.0,1405.699951171875,1404.5,1405.699951171875,121597
2026-01-19 12:55:00+05:30,1406.0,1406.800048828125,1404.5999755859375,1405.0,278156
2026-01-19 13:00:00+05:30,1407.4000244140625,1407.5999755859375,1405.4000244140625,1406.0999755859375,133536
2026-01-19 13:05:00+05:30,1407.800048828125,1409.0,1406.9000244140625,1407.5,359327
2026-01-19 13:10:00+05:30,1404.699951171875,1407.800048828125,1404.5,1407.699951171875,343383
2026-01-19 13:15:00+05:30,1404.699951171875,1405.0,1404.0,1404.699951171875,120451
2026-01-19 13:20:00+05:30,1405.0999755859375,1405.4000244140625,1404.4000244140625,1404.4000244140625,149134
2026-01-19 13:25:00+05:30,1404.9000244140625,1405.0999755859375,1403.9000244140625,1405.0999755859375,145185
2026-01-19 13:30:00+05:30,1407.9000244140625,1408.300048828125,1404.800048828125,1404.9000244140625,131949
2026-01-19 13:35:00+05:30,1410.5999755859375,1410.9000244140625,1408.0,1408.0,308458
2026-01-19 13:40:00+05:30,1409.0,1412.0,1408.199951171875,1410.9000244140625,456506
2026-01-19 13:45:00+05:30,1408.9000244140625,1409.0999755859375,1406.300048828125,1408.4000244140625,635936
2026-01-19 13:50:00+05:30,1410.9000244140625,1412.199951171875,1408.9000244140625,1408.9000244140625,262897
2026-01-19 13:55:00+05:30,1411.300048828125,1412.0999755859375,1410.5999755859375,1410.9000244140625,138734
2026-01-19 14:00:00+05:30,1413.4000244140625,1413.4000244140625,1411.0,1411.0,157521
2026-01-19 14:05:00+05:30,1413.300048828125,1414.5,1413.199951171875,1413.5,128277
2026-01-19 14:10:00+05:30,1412.0999755859375,1414.0,1411.5,1413.300048828125,163481
2026-01-19 14:15:00+05:30,1413.5,1413.5999755859375,1411.4000244140625,1412.0999755859375,152199
2026-01-19 14:20:00+05:30,1413.199951171875,1413.9000244140625,1413.0,1413.5,98249
2026-01-19 14:25:00+05:30,1411.9000244140625,1413.800048828125,1411.699951171875,1413.699951171875,118434
2026-01-19 14:30:00+05:30,1413.0,1413.0999755859375,1411.5,1411.9000244140625,99587
2026-01-19 14:35:00+05:30,1414.9000244140625,1414.9000244140625,1412.199951171875,1413.199951171875,147993
2026-01-19 14:40:00+05:30,1414.4000244140625,1414.9000244140625,1413.5999755859375,1414.9000244140625,126525
2026-01-19 14:45:00+05:30,1415.699951171875,1415.699951171875,1414.199951171875,1414.4000244140625,131584
2026-01-19 14:50:00+05:30,1415.5,1416.0999755859375,1415.0,1415.5999755859375,144884
2026-01-19 14:55:00+05:30,1415.300048828125,1415.5999755859375,1414.300048828125,1415.4000244140625,243408
2026-01-19 15:00:00+05:30,1415.5,1415.5,1413.0,1415.300048828125,436481
2026-01-19 15:05:00+05:30,1414.5999755859375,1415.5,1413.4000244140625,1415.4000244140625,302559
2026-01-19 15:10:00+05:30,1414.199951171875,1414.800048828125,1413.300048828125,1414.5999755859375,504756
2026-01-19 15:15:00+05:30,1413.5,1414.300048828125,1413.199951171875,1414.199951171875,548385
2026-01-19 15:20:00+05:30,1412.199951171875,1413.800048828125,1412.0,1413.4000244140625,530872
2026-01-19 15:25:00+05:30,1413.199951171875,1413.199951171875,1412.0,1412.199951171875,399097
2026-01-20 09:20:00+05:30,1410.5999755859375,1414.699951171875,1410.5999755859375,1414.699951171875,188151
2026-01-20 09:25:00+05:30,1410.0999755859375,1411.9000244140625,1408.5,1410.9000244140625,154175
2026-01-20 09:30:00+05:30,1411.199951171875,1413.0,1410.0,1410.0999755859375,128563
2026-01-20 09:35:00+05:30,1408.0999755859375,1411.0,1408.0999755859375,1411.0,87495
2026-01-20 09:40:00+05:30,1410.0,1410.5999755859375,1408.0,1408.199951171875,94494
2026-01-20 09:45:00+05:30,1409.199951171875,1410.300048828125,1408.5,1410.300048828125,87582
2026-01-20 09:50:00+05:30,1403.199951171875,1409.199951171875,1403.199951171875,1409.199951171875,391521
2026-01-20 09:55:00+05:30,1403.9000244140625,1406.0,1403.0,1403.4000244140625,290889
2026-01-20 10:00:00+05:30,1404.0999755859375,1404.699951171875,1402.300048828125,1403.9000244140625,153619
2026-01-20 10:05:00+05:30,1406.800048828125,1407.4000244140625,1403.800048828125,1404.199951171875,183620
2026-01-20 10:10:00+05:30,1406.699951171875,1407.800048828125,1405.800048828125,1406.5999755859375,96000
2026-01-20 10:15:00+05:30,1407.800048828125,1408.699951171875,1405.699951171875,1406.699951171875,110639
2026-01-20 10:20:00+05:30,1405.800048828125,1408.300048828125,1405.800048828125,1407.800048828125,77948
2026-01-20 10:25:00+05:30,1407.5,1407.699951171875,1405.0999755859375,1405.800048828125,61821
2026-01-20 10:30:00+05:30,1408.5,1408.5,1406.4000244140625,1407.4000244140625,74654
2026-01-20 10:35:00+05:30,1409.199951171875,1409.9000244140625,1407.4000244140625,1408.300048828125,199217
2026-01-20 10:40:00+05:30,1409.4000244140625,1409.9000244140625,1409.0,1409.300048828125,96380
2026-01-20 10:45:00+05:30,1407.699951171875,1409.4000244140625,1407.0999755859375,1409.0999755859375,70177
2026-01-20 10:50:00+05:30,1405.699951171875,1407.9000244140625,1405.199951171875,1407.9000244140625,147714
2026-01-20 10:55:00+05:30,1405.0999755859375,1406.0,1404.4000244140625,1405.800048828125,78935
2026-01-20 11:00:00+05:30,1403.4000244140625,1405.199951171875,1403.300048828125,1405.0999755859375,90579
2026-01-20 11:05:00+05:30,1401.5999755859375,1403.5,1401.300048828125,1403.5,135668
2026-01-20 11:10:00+05:30,1399.9000244140625,1401.800048828125,1399.5999755859375,1401.5,224367
2026-01-20 11:15:00+05:30,1400.5,1401.9000244140625,1399.300048828125,1399.9000244140625,96530
2026-01-20 11:20:00+05:30,1400.0999755859375,1400.9000244140625,1399.199951171875,1400.5,93023
2026-01-20 11:25:00+05:30,1401.199951171875,1401.699951171875,1399.300048828125,1400.0999755859375,101926
2026-01-20 11:30:00+05:30,1400.4000244140625,1401.699951171875,1400.0,1401.199951171875,79722
2026-01-20 11:35:00+05:30,1401.0999755859375,1402.0999755859375,1400.300048828125,1400.5999755859375,55881
2026-01-20 11:40:00+05:30,1400.699951171875,1401.4000244140625,1400.300048828125,1401.300048828125,63070
2026-01-20 11:45:00+05:30,1402.4000244140625,1402.800048828125,1400.0,1400.699951171875,96291
2026-01-20 11:50:00+05:30,1404.300048828125,1404.5,1402.199951171875,1402.5,127755
2026-01-20 11:55:00+05:30,1405.4000244140625,1406.0,1403.699951171875,1404.199951171875,111862
2026-01-20 12:00:00+05:30,1403.5,1405.5,1403.5,1405.4000244140625,135864
2026-01-20 12:05:00+05:30,1402.5999755859375,1404.4000244140625,1402.5,1403.699951171875,94979
2026-01-20 12:10:00+05:30,1402.199951171875,1402.9000244140625,1401.0999755859375,1402.9000244140625,74014
2026-01-20 12:15:00+05:30,1402.5,1402.9000244140625,1402.0,1402.199951171875,51428
2026-01-20 12:20:00+05:30,1402.4000244140625,1402.9000244140625,1402.0,1402.5,55187
2026-01-20 12:25:00+05:30,1404.4000244140625,1405.0999755859375,1402.300048828125,1402.5,92890
2026-01-20 12:30:00+05:30,1404.0999755859375,1404.800048828125,1403.9000244140625,1404.5999755859375,49334
2026-01-20 12:35:00+05:30,1403.5999755859375,1404.5999755859375,1403.5,1404.199951171875,53697
2026-01-20 12:40:00+05:30,1404.300048828125,1404.699951171875,1403.5,1403.5999755859375,58220
2026-01-20 12:45:00+05:30,1405.199951171875,1405.699951171875,1403.800048828125,1404.199951171875,106107
2026-01-20 12:50:00+05:30,1405.5,1406.800048828125,1405.0,1405.699951171875,144209
2026-01-20 12:55:00+05:30,1406.0,1406.199951171875,1405.199951171875,1405.5,65746
2026-01-20 13:00:00+05:30,1405.800048828125,1406.4000244140625,1405.5,1406.0,82632
2026-01-20 13:05:00+05:30,1404.5,1406.0,1404.4000244140625,1405.5,66096
2026-01-20 13:10:00+05:30,1404.0999755859375,1405.0999755859375,1404.0999755859375,1404.800048828125,44541
2026-01-20 13:15:00+05:30,1404.300048828125,1404.800048828125,1403.9000244140625,1404.0999755859375,52797
2026-01-20 13:20:00+05:30,1405.199951171875,1406.4000244140625,1404.300048828125,1404.300048828125,87163
2026-01-20 13:25:00+05:30,1404.199951171875,1405.699951171875,1404.199951171875,1405.5,53868
2026-01-20 13:30:00+05:30,1402.199951171875,1404.5,1402.199951171875,1404.199951171875,114472
2026-01-20 13:35:00+05:30,1400.5999755859375,1402.4000244140625,1400.0,1402.199951171875,177933
2026-01-20 13:40:00+05:30,1399.5999755859375,1401.0999755859375,1399.4000244140625,1400.5999755859375,159099
2026-01-20 13:45:00+05:30,1399.699951171875,1400.5999755859375,1399.300048828125,1399.5999755859375,74000
2026-01-20 13:50:00+05:30,1400.0999755859375,1400.800048828125,1399.0999755859375,1399.0999755859375,79476
2026-01-20 13:55:00+05:30,1401.9000244140625,1401.9000244140625,1399.5999755859375,1400.0999755859375,193142
2026-01-20 14:00:00+05:30,1403.300048828125,1404.0,1401.0,1401.9000244140625,178913
2026-01-20 14:05:00+05:30,1402.0999755859375,1403.5999755859375,1401.5999755859375,1403.5999755859375,117012
2026-01-20 14:10:00+05:30,1404.5,1404.5999755859375,1402.0,1402.0999755859375,194621
2026-01-20 14:15:00+05:30,1404.199951171875,1406.0,1404.199951171875,1404.5,181754
2026-01-20 14:20:00+05:30,1404.9000244140625,1404.9000244140625,1404.0,1404.4000244140625,94811
2026-01-20 14:25:00+05:30,1405.699951171875,1405.699951171875,1404.300048828125,1404.9000244140625,127918
2026-01-20 14:30:00+05:30,1404.699951171875,1407.9000244140625,1404.5999755859375,1405.699951171875,131792
2026-01-20 14:35:00+05:30,1404.0999755859375,1404.9000244140625,1403.5,1404.5999755859375,116429
2026-01-20 14:40:00+05:30,1401.5,1404.0999755859375,1400.699951171875,1404.0999755859375,259511
2026-01-20 14:45:00+05:30,1400.4000244140625,1402.0,1400.4000244140625,1401.5999755859375,111717
2026-01-20 14:50:00+05:30,1400.199951171875,1401.4000244140625,1399.199951171875,1400.800048828125,178714
2026-01-20 14:55:00+05:30,1397.9000244140625,1400.4000244140625,1397.9000244140625,1400.199951171875,130927
2026-01-20 15:00:00+05:30,1395.5999755859375,1397.699951171875,1392.300048828125,1397.699951171875,1046372
2026-01-20 15:05:00+05:30,1396.800048828125,1398.300048828125,1395.5,1395.800048828125,857440
2026-01-20 15:10:00+05:30,1393.5999755859375,1396.699951171875,1393.0999755859375,1396.5999755859375,671464
2026-01-20 15:15:00+05:30,1392.5,1394.9000244140625,1392.0,1393.5999755859375,568422
2026-01-20 15:20:00+05:30,1391.0999755859375,1392.800048828125,1391.0,1392.300048828125,829104
2026-01-20 15:25:00+05:30,1392.4000244140625,1393.800048828125,1390.0,1391.0999755859375,571210
2026-01-21 09:20:00+05:30,1392.9000244140625,1395.0,1391.0,1394.699951171875,316555
2026-01-21 09:25:00+05:30,1392.5999755859375,1395.800048828125,1391.800048828125,1392.699951171875,197496
2026-01-21 09:30:00+05:30,1397.800048828125,1398.0,1392.4000244140625,1393.0,214784
2026-01-21 09:35:00+05:30,1395.4000244140625,1398.199951171875,1395.0999755859375,1397.9000244140625,188886
2026-01-21 09:40:00+05:30,1397.199951171875,1397.699951171875,1395.199951171875,1395.5,265022
2026-01-21 09:45:00+05:30,1395.5999755859375,1397.5,1393.5,1397.0,197346
2026-01-21 09:50:00+05:30,1393.199951171875,1395.5,1392.0999755859375,1395.5,98197
2026-01-21 09:55:00+05:30,1392.5,1394.199951171875,1392.199951171875,1393.199951171875,100633
2026-01-21 10:00:00+05:30,1392.0,1393.5,1390.9000244140625,1392.4000244140625,117661
2026-01-21 10:05:00+05:30,1391.5999755859375,1394.0,1390.4000244140625,1392.199951171875,88999
2026-01-21 10:10:00+05:30,1390.5999755859375,1391.800048828125,1390.0999755859375,1391.5,120632
2026-01-21 10:15:00+05:30,1387.699951171875,1391.0999755859375,1387.0999755859375,1390.5999755859375,210459
2026-01-21 10:20:00+05:30,1381.5,1388.300048828125,1381.5,1387.5999755859375,181790
2026-01-21 10:25:00+05:30,1382.800048828125,1384.5999755859375,1381.800048828125,1382.0999755859375,158981
2026-01-21 10:30:00+05:30,1382.199951171875,1382.800048828125,1380.5999755859375,1382.800048828125,253566
2026-01-21 10:35:00+05:30,1381.0999755859375,1382.4000244140625,1380.9000244140625,1382.199951171875,139516
2026-01-21 10:40:00+05:30,1378.800048828125,1381.300048828125,1378.199951171875,1381.0999755859375,209585
2026-01-21 10:45:00+05:30,1377.5,1378.800048828125,1376.5999755859375,1378.699951171875,218166
2026-01-21 10:50:00+05:30,1375.0,1379.300048828125,1375.0,1377.5,208161
2026-01-21 10:55:00+05:30,1378.300048828125,1378.5999755859375,1373.199951171875,1375.300048828125,251439
2026-01-21 11:00:00+05:30,1380.5999755859375,1381.0999755859375,1378.300048828125,1378.300048828125,241702
2026-01-21 11:05:00+05:30,1382.0999755859375,1382.0999755859375,1379.5,1380.5999755859375,89838
2026-01-21 11:10:00+05:30,1384.0,1385.9000244140625,1381.5999755859375,1382.0,163300
2026-01-21 11:15:00+05:30,1386.0999755859375,1386.4000244140625,1383.0,1384.0,100680
2026-01-21 11:20:00+05:30,1386.0,1386.9000244140625,1385.0999755859375,1386.0999755859375,98750
2026-01-21 11:25:00+05:30,1383.800048828125,1386.199951171875,1383.300048828125,1386.0,77605
2026-01-21 11:30:00+05:30,1384.800048828125,1386.0,1383.5,1383.800048828125,66185
2026-01-21 11:35:00+05:30,1382.699951171875,1385.0,1382.4000244140625,1384.800048828125,74581
2026-01-21 11:40:00+05:30,1383.4000244140625,1384.0,1382.0,1382.699951171875,82548
2026-01-21 11:45:00+05:30,1384.4000244140625,1384.4000244140625,1383.0,1383.4000244140625,61471
2026-01-21 11:50:00+05:30,1385.199951171875,1386.4000244140625,1383.699951171875,1384.4000244140625,78576
2026-01-21 11:55:00+05:30,1386.199951171875,1386.199951171875,1384.300048828125,1385.0999755859375,54066
2026-01-21 12:00:00+05:30,1388.0,1388.4000244140625,1385.5,1386.199951171875,133136
2026-01-21 12:05:00+05:30,1390.800048828125,1390.800048828125,1387.5999755859375,1388.199951171875,169912
2026-01-21 12:10:00+05:30,1392.300048828125,1392.699951171875,1389.699951171875,1391.0,97419
2026-01-21 12:15:00+05:30,1394.4000244140625,1394.699951171875,1391.199951171875,1392.4000244140625,100781
2026-01-21 12:20:00+05:30,1398.0999755859375,1398.699951171875,1393.699951171875,1394.300048828125,163201
2026-01-21 12:25:00+05:30,1396.9000244140625,1399.800048828125,1395.5,1398.300048828125,169587
2026-01-21 12:30:00+05:30,1403.300048828125,1403.800048828125,1396.800048828125,1396.9000244140625,179008
2026-01-21 12:35:00+05:30,1405.9000244140625,1407.0,1403.0,1403.0,215792
2026-01-21 12:40:00+05:30,1404.800048828125,1407.5999755859375,1404.5,1406.199951171875,464423
2026-01-21 12:45:00+05:30,1407.699951171875,1407.800048828125,1404.800048828125,1404.800048828125,185201
2026-01-21 12:50:00+05:30,1408.4000244140625,1409.4000244140625,1407.5,1407.699951171875,182767
2026-01-21 12:55:00+05:30,1407.5999755859375,1408.5999755859375,1405.699951171875,1408.5,131000
2026-01-21 13:00:00+05:30,1409.300048828125,1410.199951171875,1407.4000244140625,1407.5999755859375,244142
2026-01-21 13:05:00+05:30,1408.699951171875,1412.0,1408.699951171875,1409.300048828125,315069
2026-01-21 13:10:00+05:30,1407.800048828125,1409.199951171875,1406.0,1408.5,161414
2026-01-21 13:15:00+05:30,1405.5,1408.5,1404.9000244140625,1407.9000244140625,403492
2026-01-21 13:20:00+05:30,1407.0,1407.5999755859375,1404.9000244140625,1405.4000244140625,116682
2026-01-21 13:25:00+05:30,1407.300048828125,1407.5,1406.199951171875,1407.0,95472
2026-01-21 13:30:00+05:30,1405.5,1407.5,1404.9000244140625,1407.4000244140625,259675
2026-01-21 13:35:00+05:30,1406.5999755859375,1408.699951171875,1402.800048828125,1405.5,328282
2026-01-21 13:40:00+05:30,1407.9000244140625,1408.699951171875,1403.300048828125,1406.5999755859375,789201
2026-01-21 13:45:00+05:30,1409.9000244140625,1411.4000244140625,1407.199951171875,1407.800048828125,471978
2026-01-21 13:50:00+05:30,1408.5,1410.9000244140625,1408.199951171875,1409.9000244140625,132978
2026-01-21 13:55:00+05:30,1408.4000244140625,1409.5,1406.5,1408.5,393071
2026-01-21 14:00:00+05:30,1409.4000244140625,1409.5,1406.0999755859375,1407.9000244140625,225304
2026-01-21 14:05:00+05:30,1408.9000244140625,1410.9000244140625,1408.9000244140625,1409.5,174831
2026-01-21 14:10:00+05:30,1407.5,1409.699951171875,1407.0,1408.9000244140625,109738
2026-01-21 14:15:00+05:30,1410.0999755859375,1412.699951171875,1407.0999755859375,1407.5,217454
2026-01-21 14:20:00+05:30,1405.5,1411.0999755859375,1405.0999755859375,1409.9000244140625,291657
2026-01-21 14:25:00+05:30,1401.5,1405.699951171875,1401.5,1405.699951171875,204318
2026-01-21 14:30:00+05:30,1404.699951171875,1404.9000244140625,1401.199951171875,1401.4000244140625,206633
2026-01-21 14:35:00+05:30,1402.0999755859375,1404.800048828125,1401.5,1404.699951171875,318457
2026-01-21 14:40:00+05:30,1400.0999755859375,1402.4000244140625,1399.5999755859375,1402.4000244140625,176917
2026-01-21 14:45:00+05:30,1400.5999755859375,1401.0,1399.699951171875,1400.199951171875,133134
2026-01-21 14:50:00+05:30,1398.800048828125,1400.5999755859375,1398.5,1400.300048828125,159229
2026-01-21 14:55:00+05:30,1399.9000244140625,1400.4000244140625,1398.5,1398.9000244140625,171217
2026-01-21 15:00:00+05:30,1403.699951171875,1404.0,1399.5,1399.9000244140625,685560
2026-01-21 15:05:00+05:30,1404.800048828125,1405.0,1401.0,1403.800048828125,885145
2026-01-21 15:10:00+05:30,1405.300048828125,1405.5,1403.800048828125,1404.9000244140625,541288
2026-01-21 15:15:00+05:30,1407.699951171875,1408.0,1405.300048828125,1405.300048828125,504767
2026-01-21 15:20:00+05:30,1406.199951171875,1407.699951171875,1406.0,1407.699951171875,448341
2026-01-21 15:25:00+05:30,1407.5,1408.4000244140625,1405.5999755859375,1406.4000244140625,377595
2026-01-22 09:20:00+05:30,1413.0999755859375,1414.0999755859375,1408.0999755859375,1409.199951171875,241083
2026-01-22 09:25:00+05:30,1416.0999755859375,1416.5,1411.699951171875,1413.0999755859375,218653
2026-01-22 09:30:00+05:30,1418.800048828125,1419.4000244140625,1415.9000244140625,1416.0999755859375,294266
2026-01-22 09:35:00+05:30,1416.0,1419.5,1415.0,1419.0,182400
2026-01-22 09:40:00+05:30,1414.699951171875,1416.699951171875,1414.0,1415.699951171875,132641
2026-01-22 09:45:00+05:30,1415.4000244140625,1416.199951171875,1414.4000244140625,1414.699951171875,98912
2026-01-22 09:50:00+05:30,1413.5999755859375,1415.800048828125,1411.5,1415.300048828125,150605
2026-01-22 09:55:00+05:30,1414.5,1414.800048828125,1411.9000244140625,1413.5999755859375,118411
2026-01-22 10:00:00+05:30,1414.4000244140625,1415.800048828125,1413.5,1414.5,110867
2026-01-22 10:05:00+05:30,1414.0,1415.199951171875,1413.9000244140625,1414.0999755859375,64534
2026-01-22 10:10:00+05:30,1416.199951171875,1417.0,1413.199951171875,1414.4000244140625,87981
2026-01-22 10:15:00+05:30,1413.0,1416.800048828125,1413.0,1416.199951171875,60814
2026-01-22 10:20:00+05:30,1412.199951171875,1413.199951171875,1411.199951171875,1412.699951171875,77690
2026-01-22 10:25:00+05:30,1406.800048828125,1412.5,1406.300048828125,1412.5,124538
2026-01-22 10:30:00+05:30,1406.5999755859375,1407.5,1401.4000244140625,1406.699951171875,257084
2026-01-22 10:35:00+05:30,1402.699951171875,1407.5,1402.699951171875,1406.5999755859375,112968
2026-01-22 10:40:00+05:30,1404.0,1405.5,1402.5999755859375,1402.699951171875,140137
2026-01-22 10:45:00+05:30,1401.5999755859375,1404.0,1401.5,1403.5999755859375,81759
2026-01-22 10:50:00+05:30,1403.0,1403.199951171875,1400.300048828125,1401.5,156595
2026-01-22 10:55:00+05:30,1400.0,1403.0,1399.800048828125,1403.0,109432
2026-01-22 11:00:00+05:30,1400.5999755859375,1401.699951171875,1399.5,1400.0,83604
2026-01-22 11:05:00+05:30,1400.199951171875,1400.5999755859375,1398.699951171875,1400.300048828125,90593
2026-01-22 11:10:00+05:30,1400.0999755859375,1401.5999755859375,1399.5,1400.199951171875,114385
2026-01-22 11:15:00+05:30,1400.0999755859375,1401.0,1399.800048828125,1400.0999755859375,60227
2026-01-22 11:20:00+05:30,1403.300048828125,1403.5,1399.9000244140625,1400.199951171875,206180
2026-01-22 11:25:00+05:30,1402.5999755859375,1405.5,1402.0,1403.300048828125,178553
2026-01-22 11:30:00+05:30,1402.4000244140625,1403.199951171875,1401.5,1402.5,107106
2026-01-22 11:35:00+05:30,1402.0999755859375,1403.800048828125,1401.0999755859375,1402.199951171875,254557
2026-01-22 11:40:00+05:30,1399.5999755859375,1402.5,1399.0,1401.5,94800
2026-01-22 11:45:00+05:30,1398.199951171875,1400.0999755859375,1395.300048828125,1400.0,169345
2026-01-22 11:50:00+05:30,1399.4000244140625,1400.699951171875,1398.0,1398.4000244140625,177445
2026-01-22 11:55:00+05:30,1398.5999755859375,1400.5,1398.5,1399.0,108025
2026-01-22 12:00:00+05:30,1398.9000244140625,1399.199951171875,1397.199951171875,1398.5999755859375,57348
2026-01-22 12:05:00+05:30,1402.0,1402.5999755859375,1399.300048828125,1399.5,103850
2026-01-22 12:10:00+05:30,1403.0999755859375,1403.199951171875,1400.699951171875,1402.0,155835
2026-01-22 12:15:00+05:30,1402.5999755859375,1403.0,1400.199951171875,1403.0,158594
2026-01-22 12:20:00+05:30,1402.5,1405.0,1401.800048828125,1402.4000244140625,140077
2026-01-22 12:25:00+05:30,1403.300048828125,1403.9000244140625,1401.800048828125,1402.5,90474
2026-01-22 12:30:00+05:30,1403.4000244140625,1403.5999755859375,1402.199951171875,1403.5,256060
2026-01-22 12:35:00+05:30,1405.5,1406.199951171875,1401.9000244140625,1403.4000244140625,339148
2026-01-22 12:40:00+05:30,1404.699951171875,1405.800048828125,1402.0,1405.5,514612
2026-01-22 12:45:00+05:30,1404.0999755859375,1404.9000244140625,1401.9000244140625,1404.800048828125,280686
2026-01-22 12:50:00+05:30,1402.5,1405.199951171875,1402.0,1404.0999755859375,320623
2026-01-22 12:55:00+05:30,1400.5999755859375,1402.5,1399.5,1402.4000244140625,120160
2026-01-22 13:00:00+05:30,1401.0999755859375,1401.0999755859375,1398.699951171875,1400.5,93057
2026-01-22 13:05:00+05:30,1399.4000244140625,1401.800048828125,1398.9000244140625,1401.0999755859375,230025
2026-01-22 13:10:00+05:30,1398.5,1400.4000244140625,1398.0999755859375,1399.4000244140625,104453
2026-01-22 13:15:00+05:30,1399.5,1399.5,1398.0,1398.5,65336
2026-01-22 13:20:00+05:30,1398.5,1399.5,1398.0,1399.4000244140625,58648
2026-01-22 13:25:00+05:30,1397.0,1398.9000244140625,1396.9000244140625,1398.4000244140625,121916
2026-01-22 13:30:00+05:30,1399.5,1399.800048828125,1396.0999755859375,1397.199951171875,151090
2026-01-22 13:35:00+05:30,1398.300048828125,1400.800048828125,1398.0999755859375,1399.5,243245
2026-01-22 13:40:00+05:30,1400.5999755859375,1400.800048828125,1398.0,1398.199951171875,386430
2026-01-22 13:45:00+05:30,1399.5999755859375,1400.0999755859375,1398.300048828125,1400.0,70527
2026-01-22 13:50:00+05:30,1401.800048828125,1402.300048828125,1399.5999755859375,1399.699951171875,154466
2026-01-22 13:55:00+05:30,1402.5,1402.800048828125,1401.0999755859375,1402.199951171875,115452
2026-01-22 14:00:00+05:30,1401.5999755859375,1402.5,1400.699951171875,1402.5,169680
2026-01-22 14:05:00+05:30,1399.9000244140625,1402.0,1399.300048828125,1401.5999755859375,82730
2026-01-22 14:10:00+05:30,1398.0,1400.300048828125,1398.0,1399.9000244140625,113680
2026-01-22 14:15:00+05:30,1398.300048828125,1399.800048828125,1397.5999755859375,1398.0999755859375,248651
2026-01-22 14:20:00+05:30,1399.199951171875,1400.5999755859375,1397.9000244140625,1397.9000244140625,182058
2026-01-22 14:25:00+05:30,1400.9000244140625,1401.300048828125,1398.5999755859375,1399.0,171717
2026-01-22 14:30:00+05:30,1403.5999755859375,1403.699951171875,1400.5999755859375,1400.5999755859375,165786
2026-01-22 14:35:00+05:30,1402.800048828125,1404.4000244140625,1402.0999755859375,1403.300048828125,307612
2026-01-22 14:40:00+05:30,1403.0,1403.800048828125,1401.699951171875,1402.800048828125,121547
2026-01-22 14:45:00+05:30,1403.199951171875,1404.699951171875,1402.9000244140625,1403.0,182093
2026-01-22 14:50:00+05:30,1402.5999755859375,1403.9000244140625,1402.0999755859375,1402.9000244140625,211397
2026-01-22 14:55:00+05:30,1402.4000244140625,1404.0,1402.199951171875,1402.699951171875,166411
2026-01-22 15:00:00+05:30,1404.5999755859375,1405.0,1399.4000244140625,1402.699951171875,1133414
2026-01-22 15:05:00+05:30,1402.0,1404.0,1400.9000244140625,1404.0,803646
2026-01-22 15:10:00+05:30,1401.5,1402.699951171875,1401.199951171875,1402.0,470253
2026-01-22 15:15:00+05:30,1401.699951171875,1403.699951171875,1401.4000244140625,1401.5,646809
2026-01-22 15:20:00+05:30,1403.5,1405.199951171875,1401.699951171875,1401.699951171875,546416
2026-01-22 15:25:00+05:30,1404.300048828125,1405.300048828125,1403.199951171875,1403.5999755859375,594564
2026-01-23 09:20:00+05:30,1405.5,1405.800048828125,1401.699951171875,1402.4000244140625,295779
2026-01-23 09:25:00+05:30,1406.5,1406.9000244140625,1404.4000244140625,1405.5,131363
2026-01-23 09:30:00+05:30,1402.199951171875,1406.699951171875,1402.0,1406.699951171875,166809
2026-01-23 09:35:00+05:30,1401.300048828125,1402.9000244140625,1400.300048828125,1402.4000244140625,114509
2026-01-23 09:40:00+05:30,1400.0,1402.5,1399.5999755859375,1401.0999755859375,80819
2026-01-23 09:45:00+05:30,1400.9000244140625,1402.5999755859375,1399.5999755859375,1399.5999755859375,63081
2026-01-23 09:50:00+05:30,1399.5999755859375,1401.0,1399.5999755859375,1401.0,59151
2026-01-23 09:55:00+05:30,1400.699951171875,1401.199951171875,1399.5999755859375,1400.0,38751
2026-01-23 10:00:00+05:30,1400.4000244140625,1401.4000244140625,1399.0999755859375,1400.9000244140625,55238
2026-01-23 10:05:00+05:30,1402.0,1403.0,1399.699951171875,1400.199951171875,73830
2026-01-23 10:10:00+05:30,1402.4000244140625,1402.800048828125,1401.9000244140625,1402.199951171875,33469
2026-01-23 10:15:00+05:30,1400.0999755859375,1402.5,1399.4000244140625,1402.199951171875,60678
2026-01-23 10:20:00+05:30,1400.0,1400.5999755859375,1399.699951171875,1400.199951171875,42303
2026-01-23 10:25:00+05:30,1401.4000244140625,1402.5,1400.0,1400.5,51017
2026-01-23 10:30:00+05:30,1402.699951171875,1403.5,1401.0,1401.4000244140625,75941
2026-01-23 10:35:00+05:30,1402.800048828125,1403.4000244140625,1402.699951171875,1402.800048828125,108863
2026-01-23 10:40:00+05:30,1401.199951171875,1403.0,1400.800048828125,1402.800048828125,42605
2026-01-23 10:45:00+05:30,1400.300048828125,1402.0,1400.0,1401.0999755859375,46774
2026-01-23 10:50:00+05:30,1400.5999755859375,1401.0999755859375,1400.0,1400.300048828125,49938
2026-01-23 10:55:00+05:30,1400.0999755859375,1401.0999755859375,1400.0,1400.5999755859375,48605
2026-01-23 11:00:00+05:30,1400.300048828125,1401.0,1400.0,1400.0999755859375,28544
2026-01-23 11:05:00+05:30,1400.0999755859375,1400.300048828125,1398.5999755859375,1400.199951171875,71062
2026-01-23 11:10:00+05:30,1399.699951171875,1400.5999755859375,1399.5999755859375,1399.9000244140625,28089
2026-01-23 11:15:00+05:30,1398.5999755859375,1400.300048828125,1398.5,1400.199951171875,37524
2026-01-23 11:20:00+05:30,1398.0,1398.699951171875,1396.0999755859375,1398.5999755859375,72711
2026-01-23 11:25:00+05:30,1398.300048828125,1398.800048828125,1398.0,1398.4000244140625,39603
2026-01-23 11:30:00+05:30,1398.5,1399.0999755859375,1398.0,1398.4000244140625,36283
2026-01-23 11:35:00+05:30,1393.699951171875,1398.5,1393.5,1398.5,127019
2026-01-23 11:40:00+05:30,1388.5,1393.699951171875,1388.0999755859375,1393.300048828125,192097
2026-01-23 11:45:00+05:30,1388.5999755859375,1390.800048828125,1387.0999755859375,1388.5,149006
2026-01-23 11:50:00+05:30,1390.5999755859375,1391.800048828125,1388.5999755859375,1388.5999755859375,90031
2026-01-23 11:55:00+05:30,1391.9000244140625,1392.199951171875,1390.0,1390.5,49612
2026-01-23 12:00:00+05:30,1390.699951171875,1392.0,1389.199951171875,1391.800048828125,54736
2026-01-23 12:05:00+05:30,1388.800048828125,1390.699951171875,1388.5999755859375,1390.699951171875,48000
2026-01-23 12:10:00+05:30,1388.4000244140625,1389.800048828125,1388.4000244140625,1388.800048828125,38575
2026-01-23 12:15:00+05:30,1390.699951171875,1391.5999755859375,1388.199951171875,1388.199951171875,54555
2026-01-23 12:20:00+05:30,1390.300048828125,1391.5,1390.0,1390.699951171875,60649
2026-01-23 12:25:00+05:30,1390.9000244140625,1391.5,1389.300048828125,1390.5999755859375,51543
2026-01-23 12:30:00+05:30,1390.5,1391.0999755859375,1390.199951171875,1390.9000244140625,56680
2026-01-23 12:35:00+05:30,1391.5,1391.5,1389.4000244140625,1390.5,59803
2026-01-23 12:40:00+05:30,1391.5999755859375,1393.4000244140625,1391.199951171875,1391.4000244140625,66823
2026-01-23 12:45:00+05:30,1391.800048828125,1393.9000244140625,1391.300048828125,1391.5999755859375,109437
2026-01-23 12:50:00+05:30,1391.9000244140625,1392.300048828125,1390.199951171875,1391.9000244140625,152304
2026-01-23 12:55:00+05:30,1390.5,1392.5999755859375,1390.4000244140625,1391.9000244140625,42094
2026-01-23 13:00:00+05:30,1390.0999755859375,1390.9000244140625,1389.300048828125,1390.300048828125,56982
2026-01-23 13:05:00+05:30,1388.5,1390.300048828125,1387.699951171875,1390.300048828125,298570
2026-01-23 13:10:00+05:30,1390.9000244140625,1391.0,1388.199951171875,1388.5,459074
2026-01-23 13:15:00+05:30,1387.0999755859375,1390.9000244140625,1386.9000244140625,1390.4000244140625,212092
2026-01-23 13:20:00+05:30,1385.300048828125,1387.199951171875,1385.300048828125,1387.199951171875,107709
2026-01-23 13:25:00+05:30,1385.199951171875,1386.5,1385.0,1385.300048828125,87119
2026-01-23 13:30:00+05:30,1382.9000244140625,1385.300048828125,1382.199951171875,1385.199951171875,127288
2026-01-23 13:35:00+05:30,1382.300048828125,1383.5999755859375,1381.699951171875,1382.9000244140625,102582
2026-01-23 13:40:00+05:30,1381.199951171875,1383.5999755859375,1381.199951171875,1382.199951171875,99710
2026-01-23 13:45:00+05:30,1384.5999755859375,1385.199951171875,1381.0,1381.199951171875,100651
2026-01-23 13:50:00+05:30,1385.9000244140625,1386.199951171875,1383.300048828125,1384.800048828125,173604
2026-01-23 13:55:00+05:30,1385.9000244140625,1386.5,1385.5,1385.9000244140625,72709
2026-01-23 14:00:00+05:30,1386.699951171875,1386.699951171875,1385.5999755859375,1385.800048828125,62179
2026-01-23 14:05:00+05:30,1387.199951171875,1387.4000244140625,1386.0,1386.699951171875,65278
2026-01-23 14:10:00+05:30,1387.0,1388.800048828125,1386.699951171875,1387.0999755859375,139859
2026-01-23 14:15:00+05:30,1388.5999755859375,1389.0999755859375,1386.699951171875,1387.0999755859375,118779
2026-01-23 14:20:00+05:30,1385.800048828125,1388.9000244140625,1385.699951171875,1388.5999755859375,84086
2026-01-23 14:25:00+05:30,1388.4000244140625,1390.5,1385.699951171875,1385.800048828125,143619
2026-01-23 14:30:00+05:30,1389.199951171875,1390.4000244140625,1387.800048828125,1388.4000244140625,309112
2026-01-23 14:35:00+05:30,1388.300048828125,1389.5,1386.800048828125,1389.199951171875,414310
2026-01-23 14:40:00+05:30,1389.0999755859375,1390.4000244140625,1388.300048828125,1388.699951171875,269923
2026-01-23 14:45:00+05:30,1386.4000244140625,1390.199951171875,1386.199951171875,1389.5,124751
2026-01-23 14:50:00+05:30,1386.699951171875,1388.699951171875,1386.199951171875,1386.300048828125,194793
2026-01-23 14:55:00+05:30,1387.800048828125,1388.5999755859375,1386.699951171875,1386.699951171875,111000
2026-01-23 15:00:00+05:30,1386.9000244140625,1388.4000244140625,1384.4000244140625,1388.4000244140625,407499
2026-01-23 15:05:00+05:30,1384.5999755859375,1386.9000244140625,1384.5999755859375,1386.9000244140625,416448
2026-01-23 15:10:00+05:30,1384.9000244140625,1385.699951171875,1384.300048828125,1384.800048828125,404045
2026-01-23 15:15:00+05:30,1386.800048828125,1387.0,1385.0,1385.0,325708
2026-01-23 15:20:00+05:30,1387.0,1387.300048828125,1386.699951171875,1386.800048828125,260043
2026-01-23 15:25:00+05:30,1387.0,1387.800048828125,1386.300048828125,1387.0,243581
2026-01-27 09:20:00+05:30,1369.800048828125,1376.800048828125,1369.0,1375.300048828125,556057
2026-01-27 09:25:00+05:30,1375.199951171875,1375.4000244140625,1368.0999755859375,1369.699951171875,298698
2026-01-27 09:30:00+05:30,1380.0999755859375,1380.300048828125,1373.800048828125,1375.0,244096
2026-01-27 09:35:00+05:30,1385.4000244140625,1385.4000244140625,1379.300048828125,1380.4000244140625,210501
2026-01-27 09:40:00+05:30,1385.699951171875,1387.0999755859375,1381.9000244140625,1385.0,394479
2026-01-27 09:45:00+05:30,1388.5,1388.5,1384.300048828125,1386.0,227552
2026-01-27 09:50:00+05:30,1387.4000244140625,1389.0999755859375,1386.300048828125,1388.4000244140625,270149
2026-01-27 09:55:00+05:30,1383.699951171875,1387.699951171875,1383.300048828125,1387.5,327773
2026-01-27 10:00:00+05:30,1384.5,1385.4000244140625,1383.300048828125,1383.300048828125,155911
2026-01-27 10:05:00+05:30,1382.300048828125,1384.5999755859375,1381.0,1384.5,175379
2026-01-27 10:10:00+05:30,1383.5,1383.9000244140625,1381.4000244140625,1382.300048828125,137639
2026-01-27 10:15:00+05:30,1387.0,1388.4000244140625,1383.199951171875,1383.5999755859375,171601
2026-01-27 10:20:00+05:30,1388.5,1389.699951171875,1387.4000244140625,1387.4000244140625,164924
2026-01-27 10:25:00+05:30,1387.9000244140625,1389.699951171875,1387.9000244140625,1388.699951171875,120957
2026-01-27 10:30:00+05:30,1390.4000244140625,1391.300048828125,1387.800048828125,1388.4000244140625,114348
2026-01-27 10:35:00+05:30,1387.0,1391.300048828125,1386.300048828125,1390.4000244140625,90223
2026-01-27 10:40:00+05:30,1380.800048828125,1387.300048828125,1380.0,1387.0,114535
2026-01-27 10:45:00+05:30,1381.0,1381.4000244140625,1378.5999755859375,1380.800048828125,106548
2026-01-27 10:50:00+05:30,1378.199951171875,1380.5,1377.4000244140625,1380.5,104692
2026-01-27 10:55:00+05:30,1375.5999755859375,1378.9000244140625,1375.300048828125,1378.199951171875,170211
2026-01-27 11:00:00+05:30,1377.800048828125,1378.300048828125,1375.5,1375.5,195673
2026-01-27 11:05:00+05:30,1377.5999755859375,1378.5999755859375,1376.300048828125,1377.5,180518
2026-01-27 11:10:00+05:30,1380.5999755859375,1380.5999755859375,1377.5999755859375,1377.800048828125,70091
2026-01-27 11:15:00+05:30,1381.699951171875,1382.300048828125,1379.4000244140625,1380.5,108807
2026-01-27 11:20:00+05:30,1381.0,1382.800048828125,1380.5,1381.699951171875,72213
2026-01-27 11:25:00+05:30,1383.5,1383.699951171875,1380.800048828125,1381.0999755859375,80797
2026-01-27 11:30:00+05:30,1384.800048828125,1385.4000244140625,1383.300048828125,1383.5,81910
2026-01-27 11:35:00+05:30,1386.0,1386.0,1384.800048828125,1384.800048828125,83273
2026-01-27 11:40:00+05:30,1390.199951171875,1390.9000244140625,1384.9000244140625,1385.9000244140625,189030
2026-01-27 11:45:00+05:30,1386.9000244140625,1391.0999755859375,1385.5999755859375,1390.0999755859375,1296963
2026-01-27 11:50:00+05:30,1388.4000244140625,1388.5,1386.0,1386.9000244140625,75040
2026-01-27 11:55:00+05:30,1390.0,1390.5,1388.0999755859375,1388.4000244140625,93185
2026-01-27 12:00:00+05:30,1389.800048828125,1390.5999755859375,1388.800048828125,1390.0999755859375,78949
2026-01-27 12:05:00+05:30,1390.199951171875,1390.800048828125,1389.9000244140625,1389.9000244140625,60424
2026-01-27 12:10:00+05:30,1389.699951171875,1391.5,1389.5,1390.300048828125,124534
2026-01-27 12:15:00+05:30,1386.5999755859375,1389.9000244140625,1386.5,1389.5999755859375,73759
2026-01-27 12:20:00+05:30,1389.300048828125,1389.9000244140625,1386.5,1386.5,104896
2026-01-27 12:25:00+05:30,1387.4000244140625,1390.5,1387.0999755859375,1389.4000244140625,115503
2026-01-27 12:30:00+05:30,1386.9000244140625,1387.5,1385.5999755859375,1387.199951171875,137279
2026-01-27 12:35:00+05:30,1386.699951171875,1387.0999755859375,1383.800048828125,1386.9000244140625,142172
2026-01-27 12:40:00+05:30,1386.0,1387.0,1385.5,1386.699951171875,91806
2026-01-27 12:45:00+05:30,1384.0,1386.4000244140625,1383.699951171875,1385.9000244140625,142180
2026-01-27 12:50:00+05:30,1384.800048828125,1385.800048828125,1383.199951171875,1383.9000244140625,123428
2026-01-27 12:55:00+05:30,1384.0999755859375,1386.0,1382.5999755859375,1384.800048828125,972953
2026-01-27 13:00:00+05:30,1385.0999755859375,1385.0999755859375,1383.199951171875,1384.0999755859375,394457
2026-01-27 13:05:00+05:30,1386.199951171875,1386.5,1384.800048828125,1385.0999755859375,120238
2026-01-27 13:10:00+05:30,1384.800048828125,1386.300048828125,1384.0999755859375,1386.0999755859375,222290
2026-01-27 13:15:00+05:30,1385.0999755859375,1385.5999755859375,1384.5999755859375,1385.0999755859375,219627
2026-01-27 13:20:00+05:30,1386.800048828125,1387.699951171875,1384.9000244140625,1385.199951171875,384560
2026-01-27 13:25:00+05:30,1387.4000244140625,1388.199951171875,1385.0,1386.4000244140625,476896
2026-01-27 13:30:00+05:30,1385.0,1387.800048828125,1384.5999755859375,1387.699951171875,392785
2026-01-27 13:35:00+05:30,1381.199951171875,1385.0999755859375,1380.5,1384.9000244140625,299362
2026-01-27 13:40:00+05:30,1382.0,1383.5,1380.300048828125,1381.199951171875,283726
2026-01-27 13:45:00+05:30,1384.5999755859375,1384.5999755859375,1381.800048828125,1382.0,107272
2026-01-27 13:50:00+05:30,1384.0,1385.0,1382.5999755859375,1384.0999755859375,248430
2026-01-27 13:55:00+05:30,1384.0,1384.4000244140625,1382.800048828125,1384.0,314720
2026-01-27 14:00:00+05:30,1381.5999755859375,1384.199951171875,1380.5999755859375,1384.0,290310
2026-01-27 14:05:00+05:30,1382.5999755859375,1383.5999755859375,1380.199951171875,1381.699951171875,264192
2026-01-27 14:10:00+05:30,1381.300048828125,1383.699951171875,1381.199951171875,1382.5999755859375,294852
2026-01-27 14:15:00+05:30,1379.9000244140625,1381.4000244140625,1379.5999755859375,1381.300048828125,712094
2026-01-27 14:20:00+05:30,1378.800048828125,1379.9000244140625,1378.4000244140625,1379.9000244140625,225322
2026-01-27 14:25:00+05:30,1378.0,1379.0,1377.5,1378.9000244140625,160770
2026-01-27 14:30:00+05:30,1378.5999755859375,1379.0,1377.0999755859375,1378.0,148800
2026-01-27 14:35:00+05:30,1379.699951171875,1379.699951171875,1376.4000244140625,1378.5,1306936
2026-01-27 14:40:00+05:30,1381.199951171875,1382.9000244140625,1379.300048828125,1379.9000244140625,461274
2026-01-27 14:45:00+05:30,1380.0999755859375,1382.5999755859375,1379.699951171875,1381.199951171875,235120
2026-01-27 14:50:00+05:30,1379.699951171875,1380.699951171875,1378.9000244140625,1380.0,1066501
2026-01-27 14:55:00+05:30,1381.699951171875,1382.0,1379.300048828125,1380.0,266589
2026-01-27 15:00:00+05:30,1380.0,1382.0,1378.699951171875,1381.800048828125,1153853
2026-01-27 15:05:00+05:30,1379.699951171875,1380.4000244140625,1379.300048828125,1380.0,999125
2026-01-27 15:10:00+05:30,1380.699951171875,1381.5999755859375,1378.5999755859375,1379.199951171875,876403
2026-01-27 15:15:00+05:30,1380.9000244140625,1381.0,1379.800048828125,1380.699951171875,1221611
2026-01-27 15:20:00+05:30,1381.300048828125,1381.300048828125,1379.9000244140625,1380.9000244140625,1229844
2026-01-27 15:25:00+05:30,1384.0,1385.0,1381.0,1381.300048828125,604550
2026-01-28 09:15:00+05:30,1399.699951171875,1400.0,1385.0,1385.0,869090
2026-01-28 09:20:00+05:30,1402.5,1409.5,1399.0999755859375,1399.199951171875,443569
2026-01-28 09:25:00+05:30,1402.0999755859375,1403.699951171875,1398.800048828125,1402.800048828125,203944
2026-01-28 09:30:00+05:30,1400.800048828125,1404.0,1400.5,1402.199951171875,163209
2026-01-28 09:35:00+05:30,1400.300048828125,1402.4000244140625,1399.5,1400.5999755859375,129793
2026-01-28 09:40:00+05:30,1397.5,1401.300048828125,1397.199951171875,1400.199951171875,151787
2026-01-28 09:45:00+05:30,1398.300048828125,1399.0,1397.5,1397.800048828125,83340
2026-01-28 09:50:00+05:30,1399.0999755859375,1400.300048828125,1397.5,1398.5999755859375,108500
2026-01-28 09:55:00+05:30,1397.9000244140625,1399.300048828125,1396.699951171875,1399.0999755859375,71287
2026-01-28 10:00:00+05:30,1397.699951171875,1398.699951171875,1397.0,1398.4000244140625,86242
2026-01-28 10:05:00+05:30,1394.4000244140625,1397.699951171875,1393.300048828125,1397.5999755859375,148399
2026-01-28 10:10:00+05:30,1395.5999755859375,1395.9000244140625,1393.0999755859375,1394.0999755859375,105893
2026-01-28 10:15:00+05:30,1395.0,1395.9000244140625,1393.800048828125,1395.5999755859375,77479
2026-01-28 10:20:00+05:30,1397.4000244140625,1397.5,1395.0999755859375,1395.0999755859375,75672
2026-01-28 10:25:00+05:30,1395.699951171875,1398.300048828125,1395.699951171875,1397.4000244140625,88410
2026-01-28 10:30:00+05:30,1396.699951171875,1396.699951171875,1394.5,1395.699951171875,78565
2026-01-28 10:35:00+05:30,1399.4000244140625,1399.699951171875,1396.5,1396.699951171875,108727
2026-01-28 10:40:00+05:30,1398.0,1399.199951171875,1397.699951171875,1398.300048828125,79675
2026-01-28 10:45:00+05:30,1397.4000244140625,1398.0999755859375,1396.300048828125,1398.0999755859375,69286
2026-01-28 10:50:00+05:30,1399.800048828125,1399.800048828125,1397.199951171875,1397.199951171875,68361
2026-01-28 10:55:00+05:30,1400.4000244140625,1401.5999755859375,1399.5,1399.9000244140625,123844
2026-01-28 11:00:00+05:30,1401.699951171875,1401.800048828125,1399.800048828125,1400.5,80488
2026-01-28 11:05:00+05:30,1400.9000244140625,1402.5999755859375,1400.199951171875,1402.0,123523
2026-01-28 11:10:00+05:30,1401.9000244140625,1401.9000244140625,1400.5999755859375,1401.0,109757
2026-01-28 11:15:00+05:30,1401.4000244140625,1402.0,1400.0999755859375,1401.800048828125,130889
2026-01-28 11:20:00+05:30,1400.4000244140625,1401.5999755859375,1400.300048828125,1401.4000244140625,78676
2026-01-28 11:25:00+05:30,1401.4000244140625,1401.800048828125,1400.0999755859375,1400.4000244140625,185088
2026-01-28 11:30:00+05:30,1401.5,1402.199951171875,1401.300048828125,1401.300048828125,112955
2026-01-28 11:35:00+05:30,1400.199951171875,1401.5999755859375,1399.4000244140625,1401.5,144389
2026-01-28 11:40:00+05:30,1398.9000244140625,1400.199951171875,1398.199951171875,1400.0999755859375,68560
2026-01-28 11:45:00+05:30,1400.699951171875,1400.800048828125,1398.699951171875,1398.9000244140625,103492
2026-01-28 11:50:00+05:30,1400.5,1402.5,1400.0,1400.5999755859375,81556
2026-01-28 11:55:00+05:30,1399.4000244140625,1402.0,1399.4000244140625,1400.9000244140625,101738
2026-01-28 12:00:00+05:30,1399.800048828125,1400.0999755859375,1398.199951171875,1399.5999755859375,99969
2026-01-28 12:05:00+05:30,1399.300048828125,1400.0999755859375,1399.199951171875,1399.9000244140625,60022
2026-01-28 12:10:00+05:30,1400.0,1400.199951171875,1398.0,1399.300048828125,151594
2026-01-28 12:15:00+05:30,1399.5999755859375,1400.699951171875,1399.5999755859375,1400.0,176211
2026-01-28 12:20:00+05:30,1399.5,1400.5999755859375,1399.300048828125,1399.699951171875,92717
2026-01-28 12:25:00+05:30,1398.0,1399.699951171875,1397.5,1399.5,122600
2026-01-28 12:30:00+05:30,1397.4000244140625,1398.699951171875,1397.300048828125,1398.199951171875,134342
2026-01-28 12:35:00+05:30,1396.0,1397.4000244140625,1395.5999755859375,1397.4000244140625,97699
2026-01-28 12:40:00+05:30,1396.300048828125,1397.0,1395.0,1396.0,186063
2026-01-28 12:45:00+05:30,1396.800048828125,1397.5999755859375,1396.0,1396.4000244140625,64724
2026-01-28 12:50:00+05:30,1397.800048828125,1398.800048828125,1396.5,1396.800048828125,125529
2026-01-28 12:55:00+05:30,1396.300048828125,1398.300048828125,1396.199951171875,1397.699951171875,52327
2026-01-28 13:00:00+05:30,1396.300048828125,1397.0,1396.199951171875,1396.300048828125,70602
2026-01-28 13:05:00+05:30,1393.699951171875,1396.4000244140625,1393.699951171875,1396.300048828125,109347
2026-01-28 13:10:00+05:30,1395.0,1395.4000244140625,1393.9000244140625,1393.9000244140625,125604
2026-01-28 13:15:00+05:30,1395.0999755859375,1397.0,1394.9000244140625,1395.4000244140625,134715
2026-01-28 13:20:00+05:30,1391.5999755859375,1395.4000244140625,1389.0999755859375,1395.4000244140625,222520
2026-01-28 13:25:00+05:30,1391.800048828125,1393.199951171875,1390.5999755859375,1391.5999755859375,104289
2026-01-28 13:30:00+05:30,1392.0,1393.300048828125,1391.5,1391.5,61408
2026-01-28 13:35:00+05:30,1391.300048828125,1392.0,1390.699951171875,1392.0,81115
2026-01-28 13:40:00+05:30,1390.300048828125,1392.0,1390.300048828125,1391.4000244140625,72206
2026-01-28 13:45:00+05:30,1390.800048828125,1391.0,1390.0,1390.199951171875,70813
2026-01-28 13:50:00+05:30,1392.5999755859375,1393.0,1390.0999755859375,1390.800048828125,82655
2026-01-28 13:55:00+05:30,1394.5,1395.300048828125,1392.5999755859375,1392.5999755859375,77849
2026-01-28 14:00:00+05:30,1394.300048828125,1395.0,1393.0999755859375,1394.5,90859
2026-01-28 14:05:00+05:30,1392.699951171875,1394.5999755859375,1392.0999755859375,1394.300048828125,187147
2026-01-28 14:10:00+05:30,1392.0,1393.4000244140625,1391.300048828125,1392.699951171875,153457
2026-01-28 14:15:00+05:30,1392.300048828125,1393.5999755859375,1391.300048828125,1391.800048828125,120571
2026-01-28 14:20:00+05:30,1391.199951171875,1392.4000244140625,1390.0999755859375,1392.4000244140625,81129
2026-01-28 14:25:00+05:30,1391.5999755859375,1392.0,1390.800048828125,1391.199951171875,101853
2026-01-28 14:30:00+05:30,1391.4000244140625,1392.4000244140625,1391.0999755859375,1391.199951171875,86431
2026-01-28 14:35:00+05:30,1391.699951171875,1392.0,1390.5999755859375,1391.4000244140625,87199
2026-01-28 14:40:00+05:30,1391.4000244140625,1392.0999755859375,1391.0999755859375,1391.800048828125,91854
2026-01-28 14:45:00+05:30,1393.300048828125,1393.5,1391.5,1391.9000244140625,148866
2026-01-28 14:50:00+05:30,1393.0,1393.5,1392.0999755859375,1393.300048828125,152570
2026-01-28 14:55:00+05:30,1394.699951171875,1394.699951171875,1393.0999755859375,1393.199951171875,197842
2026-01-28 15:00:00+05:30,1395.4000244140625,1396.199951171875,1394.5999755859375,1394.9000244140625,475145
2026-01-28 15:05:00+05:30,1395.800048828125,1396.0999755859375,1395.0999755859375,1395.300048828125,393424
2026-01-28 15:10:00+05:30,1396.0999755859375,1396.300048828125,1395.699951171875,1395.800048828125,369578
2026-01-28 15:15:00+05:30,1397.800048828125,1398.0,1396.199951171875,1396.300048828125,395383
2026-01-28 15:20:00+05:30,1398.5,1398.800048828125,1397.0999755859375,1397.800048828125,379442
2026-01-28 15:25:00+05:30,1398.5,1398.9000244140625,1397.5,1398.5999755859375,373395
2026-01-29 09:15:00+05:30,1399.5999755859375,1401.699951171875,1394.0,1400.699951171875,1058161
2026-01-29 09:20:00+05:30,1397.800048828125,1400.5,1396.5,1399.9000244140625,163728
2026-01-29 09:25:00+05:30,1397.5999755859375,1398.699951171875,1396.699951171875,1397.800048828125,99726
2026-01-29 09:30:00+05:30,1397.9000244140625,1398.300048828125,1396.800048828125,1397.5999755859375,84797
2026-01-29 09:35:00+05:30,1392.0,1397.9000244140625,1392.0,1397.800048828125,210855
2026-01-29 09:40:00+05:30,1390.699951171875,1393.699951171875,1390.699951171875,1392.0999755859375,151555
2026-01-29 09:45:00+05:30,1391.0,1392.199951171875,1389.5,1390.9000244140625,610727
2026-01-29 09:50:00+05:30,1389.300048828125,1392.699951171875,1387.800048828125,1390.5999755859375,471995
2026-01-29 09:55:00+05:30,1390.0,1391.199951171875,1387.0,1390.0,281652
2026-01-29 10:00:00+05:30,1389.699951171875,1390.5999755859375,1389.0,1390.0,152127
2026-01-29 10:05:00+05:30,1391.0999755859375,1391.5,1389.0,1389.699951171875,144312
2026-01-29 10:10:00+05:30,1391.4000244140625,1392.4000244140625,1390.4000244140625,1390.9000244140625,85226
2026-01-29 10:15:00+05:30,1390.199951171875,1391.5999755859375,1390.0999755859375,1391.300048828125,91651
2026-01-29 10:20:00+05:30,1392.0,1392.300048828125,1387.5,1390.199951171875,180539
2026-01-29 10:25:00+05:30,1391.0,1391.9000244140625,1389.5,1391.800048828125,99060
2026-01-29 10:30:00+05:30,1392.4000244140625,1392.4000244140625,1389.800048828125,1391.199951171875,143580
2026-01-29 10:35:00+05:30,1391.0,1392.4000244140625,1390.5,1392.4000244140625,188293
2026-01-29 10:40:00+05:30,1390.300048828125,1391.800048828125,1389.199951171875,1390.5999755859375,133022
2026-01-29 10:45:00+05:30,1388.199951171875,1391.0,1388.0999755859375,1390.5,141021
2026-01-29 10:50:00+05:30,1392.300048828125,1392.4000244140625,1388.300048828125,1388.300048828125,100343
2026-01-29 10:55:00+05:30,1394.5999755859375,1394.9000244140625,1391.4000244140625,1392.199951171875,125110
2026-01-29 11:00:00+05:30,1394.0,1395.5999755859375,1393.4000244140625,1394.699951171875,110990
2026-01-29 11:05:00+05:30,1394.4000244140625,1394.5999755859375,1393.300048828125,1393.9000244140625,156585
2026-01-29 11:10:00+05:30,1395.5,1395.5999755859375,1393.699951171875,1394.5999755859375,277138
2026-01-29 11:15:00+05:30,1394.4000244140625,1395.9000244140625,1394.4000244140625,1395.5999755859375,366842
2026-01-29 11:20:00+05:30,1394.4000244140625,1395.5,1394.0999755859375,1394.4000244140625,102068
2026-01-29 11:25:00+05:30,1393.199951171875,1394.4000244140625,1392.5,1394.300048828125,94277
2026-01-29 11:30:00+05:30,1392.0999755859375,1394.5,1391.9000244140625,1393.0999755859375,109578
2026-01-29 11:35:00+05:30,1392.0999755859375,1393.0,1391.4000244140625,1392.0999755859375,59501
2026-01-29 11:40:00+05:30,1393.300048828125,1393.699951171875,1392.0,1392.0,47228
2026-01-29 11:45:00+05:30,1393.4000244140625,1393.4000244140625,1391.4000244140625,1393.199951171875,116664
2026-01-29 11:50:00+05:30,1392.300048828125,1394.5,1391.800048828125,1393.4000244140625,184052
2026-01-29 11:55:00+05:30,1393.699951171875,1393.9000244140625,1392.0,1392.0999755859375,127184
2026-01-29 12:00:00+05:30,1391.5,1393.9000244140625,1391.5,1393.699951171875,525003
2026-01-29 12:05:00+05:30,1392.5999755859375,1392.5999755859375,1391.5999755859375,1391.699951171875,103509
2026-01-29 12:10:00+05:30,1392.4000244140625,1392.5999755859375,1391.800048828125,1392.5,161952
2026-01-29 12:15:00+05:30,1392.5,1392.5999755859375,1392.0999755859375,1392.4000244140625,66401
2026-01-29 12:20:00+05:30,1392.5999755859375,1392.5999755859375,1392.0999755859375,1392.5,90709
2026-01-29 12:25:00+05:30,1392.300048828125,1392.4000244140625,1390.5999755859375,1392.0,182974
2026-01-29 12:30:00+05:30,1393.4000244140625,1394.5999755859375,1392.300048828125,1392.300048828125,181876
2026-01-29 12:35:00+05:30,1395.5999755859375,1396.0,1393.5,1393.699951171875,270734
2026-01-29 12:40:00+05:30,1394.800048828125,1396.9000244140625,1394.5,1395.5,89643
2026-01-29 12:45:00+05:30,1395.5,1395.9000244140625,1394.199951171875,1394.300048828125,119584
2026-01-29 12:50:00+05:30,1396.9000244140625,1397.9000244140625,1395.5,1395.5999755859375,101998
2026-01-29 12:55:00+05:30,1396.800048828125,1397.800048828125,1395.5999755859375,1397.0999755859375,136165
2026-01-29 13:00:00+05:30,1397.699951171875,1397.699951171875,1396.5,1396.800048828125,363013
2026-01-29 13:05:00+05:30,1396.5999755859375,1397.699951171875,1396.4000244140625,1397.699951171875,178698
2026-01-29 13:10:00+05:30,1394.800048828125,1397.0,1394.4000244140625,1396.5999755859375,125816
2026-01-29 13:15:00+05:30,1393.800048828125,1395.0,1393.699951171875,1394.5999755859375,105331
2026-01-29 13:20:00+05:30,1393.4000244140625,1394.5,1392.5999755859375,1393.800048828125,79919
2026-01-29 13:25:00+05:30,1392.5999755859375,1393.699951171875,1392.0,1393.5,104777
2026-01-29 13:30:00+05:30,1394.699951171875,1394.800048828125,1392.5999755859375,1392.800048828125,92071
2026-01-29 13:35:00+05:30,1395.5999755859375,1395.5999755859375,1394.5,1394.5999755859375,147120
2026-01-29 13:40:00+05:30,1396.699951171875,1397.199951171875,1395.300048828125,1395.5,277930
2026-01-29 13:45:00+05:30,1397.699951171875,1397.9000244140625,1396.199951171875,1396.699951171875,409204
2026-01-29 13:50:00+05:30,1397.300048828125,1397.699951171875,1396.300048828125,1397.5,108636
2026-01-29 13:55:00+05:30,1399.699951171875,1399.699951171875,1396.800048828125,1397.4000244140625,297146
2026-01-29 14:00:00+05:30,1397.9000244140625,1399.699951171875,1397.5999755859375,1399.5,140523
2026-01-29 14:05:00+05:30,1397.800048828125,1398.699951171875,1397.4000244140625,1397.800048828125,206243
2026-01-29 14:10:00+05:30,1398.5999755859375,1399.5,1397.199951171875,1397.699951171875,183295
2026-01-29 14:15:00+05:30,1397.800048828125,1398.699951171875,1397.699951171875,1398.300048828125,119745
2026-01-29 14:20:00+05:30,1398.300048828125,1398.300048828125,1397.199951171875,1397.699951171875,152412
2026-01-29 14:25:00+05:30,1398.300048828125,1398.300048828125,1398.0,1398.0999755859375,158411
2026-01-29 14:30:00+05:30,1399.699951171875,1399.699951171875,1398.199951171875,1398.300048828125,465386
2026-01-29 14:35:00+05:30,1400.5,1401.9000244140625,1399.199951171875,1399.699951171875,225981
2026-01-29 14:40:00+05:30,1400.0,1400.9000244140625,1399.5999755859375,1400.5999755859375,122833
2026-01-29 14:45:00+05:30,1400.300048828125,1400.699951171875,1399.5999755859375,1399.800048828125,155554
2026-01-29 14:50:00+05:30,1398.5999755859375,1400.4000244140625,1397.9000244140625,1400.0,217808
2026-01-29 14:55:00+05:30,1398.0,1398.800048828125,1397.5,1398.5999755859375,278899
2026-01-29 15:00:00+05:30,1394.699951171875,1398.300048828125,1393.699951171875,1398.300048828125,1213343
2026-01-29 15:05:00+05:30,1393.0999755859375,1396.699951171875,1391.5,1394.5999755859375,1067097
2026-01-29 15:10:00+05:30,1391.0999755859375,1393.5,1391.0999755859375,1393.0999755859375,569146
2026-01-29 15:15:00+05:30,1391.0,1394.300048828125,1390.0,1391.4000244140625,1422877
2026-01-29 15:20:00+05:30,1388.0,1391.0,1387.5,1391.0,1309562
2026-01-29 15:25:00+05:30,1388.5999755859375,1389.5,1386.5,1388.300048828125,2044797
2026-01-30 09:20:00+05:30,1383.300048828125,1384.5,1382.0999755859375,1384.4000244140625,171103
2026-01-30 09:25:00+05:30,1384.5999755859375,1386.9000244140625,1382.5,1382.800048828125,110142
2026-01-30 09:30:00+05:30,1385.0,1385.0999755859375,1382.4000244140625,1384.5,82816
2026-01-30 09:35:00+05:30,1388.0,1388.300048828125,1385.800048828125,1385.800048828125,108221
2026-01-30 09:40:00+05:30,1387.5,1389.0,1386.4000244140625,1388.0,59177
2026-01-30 09:45:00+05:30,1389.0,1389.0,1387.0,1387.300048828125,43526
2026-01-30 09:50:00+05:30,1388.699951171875,1389.4000244140625,1388.5,1389.0999755859375,59938
2026-01-30 09:55:00+05:30,1387.4000244140625,1388.5,1386.300048828125,1388.5,81243
2026-01-30 10:00:00+05:30,1387.5999755859375,1388.5,1387.0,1387.4000244140625,27107
2026-01-30 10:05:00+05:30,1387.0,1388.199951171875,1386.5999755859375,1387.5,46188
2026-01-30 10:10:00+05:30,1388.199951171875,1388.300048828125,1386.9000244140625,1386.9000244140625,60462
2026-01-30 10:15:00+05:30,1388.4000244140625,1389.0999755859375,1388.0,1388.199951171875,70969
2026-01-30 10:20:00+05:30,1387.4000244140625,1388.4000244140625,1386.9000244140625,1388.4000244140625,57898
2026-01-30 10:25:00+05:30,1388.5,1388.5999755859375,1386.800048828125,1387.300048828125,52413
2026-01-30 10:30:00+05:30,1389.9000244140625,1390.300048828125,1387.9000244140625,1388.4000244140625,44559
2026-01-30 10:35:00+05:30,1388.0,1390.199951171875,1387.5999755859375,1389.699951171875,39143
2026-01-30 10:40:00+05:30,1388.199951171875,1388.5,1387.5999755859375,1388.199951171875,28704
2026-01-30 10:45:00+05:30,1387.199951171875,1388.5,1387.0,1388.199951171875,38350
2026-01-30 10:50:00+05:30,1387.5,1388.0,1386.5999755859375,1387.199951171875,51532
2026-01-30 10:55:00+05:30,1388.300048828125,1388.5,1387.4000244140625,1387.5999755859375,34833
2026-01-30 11:00:00+05:30,1388.0,1388.5999755859375,1387.5,1388.199951171875,31645
2026-01-30 11:05:00+05:30,1385.699951171875,1388.0,1385.4000244140625,1388.0,48777
2026-01-30 11:10:00+05:30,1386.9000244140625,1387.800048828125,1385.5,1386.199951171875,50680
2026-01-30 11:15:00+05:30,1389.199951171875,1389.4000244140625,1386.9000244140625,1386.9000244140625,878741
2026-01-30 11:20:00+05:30,1388.800048828125,1390.199951171875,1386.0,1389.0,125792
2026-01-30 11:25:00+05:30,1386.699951171875,1389.9000244140625,1386.699951171875,1388.800048828125,48038
2026-01-30 11:30:00+05:30,1387.0,1387.699951171875,1386.199951171875,1386.699951171875,61336
2026-01-30 11:35:00+05:30,1387.9000244140625,1388.0,1386.5999755859375,1387.0,43373
2026-01-30 11:40:00+05:30,1387.800048828125,1388.9000244140625,1387.5999755859375,1387.9000244140625,391489
2026-01-30 11:45:00+05:30,1386.800048828125,1387.9000244140625,1386.300048828125,1387.699951171875,44044
2026-01-30 11:50:00+05:30,1389.4000244140625,1390.0,1386.5999755859375,1386.5999755859375,96665
2026-01-30 11:55:00+05:30,1387.5999755859375,1389.5999755859375,1387.5,1389.4000244140625,35905
2026-01-30 12:00:00+05:30,1387.699951171875,1388.0,1387.0,1387.9000244140625,52252
2026-01-30 12:05:00+05:30,1387.9000244140625,1388.0,1387.0,1387.5999755859375,52048
2026-01-30 12:10:00+05:30,1388.5,1389.4000244140625,1387.5,1388.0,115592
2026-01-30 12:15:00+05:30,1387.0999755859375,1389.300048828125,1387.0999755859375,1388.5,36175
2026-01-30 12:20:00+05:30,1389.800048828125,1390.0,1387.0999755859375,1387.0999755859375,35946
2026-01-30 12:25:00+05:30,1389.699951171875,1391.0,1389.300048828125,1390.0,45962
2026-01-30 12:30:00+05:30,1389.699951171875,1390.0,1389.5999755859375,1389.800048828125,40455
2026-01-30 12:35:00+05:30,1389.5,1390.0,1388.800048828125,1389.9000244140625,35557
2026-01-30 12:40:00+05:30,1389.5999755859375,1390.0,1389.0,1389.5999755859375,38046
2026-01-30 12:45:00+05:30,1389.5,1390.0,1389.0,1389.5,29432
2026-01-30 12:50:00+05:30,1389.0999755859375,1389.9000244140625,1388.5,1389.9000244140625,29774
2026-01-30 12:55:00+05:30,1389.5999755859375,1389.800048828125,1388.300048828125,1389.300048828125,617447
2026-01-30 13:00:00+05:30,1387.9000244140625,1389.800048828125,1387.300048828125,1389.5999755859375,80187
2026-01-30 13:05:00+05:30,1385.9000244140625,1388.0999755859375,1385.4000244140625,1388.0,125097
2026-01-30 13:10:00+05:30,1387.0,1387.4000244140625,1385.199951171875,1385.5999755859375,79915
2026-01-30 13:15:00+05:30,1386.5,1387.300048828125,1385.300048828125,1385.9000244140625,161162
2026-01-30 13:20:00+05:30,1386.5999755859375,1386.9000244140625,1386.0,1386.5,76432
2026-01-30 13:25:00+05:30,1387.199951171875,1387.800048828125,1386.0999755859375,1386.5999755859375,47376
2026-01-30 13:30:00+05:30,1388.0,1388.4000244140625,1386.9000244140625,1387.0,35008
2026-01-30 13:35:00+05:30,1388.0999755859375,1388.699951171875,1387.0,1388.300048828125,59781
2026-01-30 13:40:00+05:30,1389.800048828125,1389.9000244140625,1388.0999755859375,1388.0999755859375,45199
2026-01-30 13:45:00+05:30,1390.4000244140625,1391.800048828125,1389.300048828125,1389.9000244140625,106245
2026-01-30 13:50:00+05:30,1393.5999755859375,1394.5999755859375,1390.300048828125,1390.300048828125,81735
2026-01-30 13:55:00+05:30,1395.9000244140625,1396.0,1393.800048828125,1394.0,102675
2026-01-30 14:00:00+05:30,1396.0,1396.9000244140625,1391.0,1396.0,88254
2026-01-30 14:05:00+05:30,1396.9000244140625,1396.9000244140625,1395.5,1395.699951171875,81442
2026-01-30 14:10:00+05:30,1396.0,1397.5,1395.0,1396.9000244140625,143328
2026-01-30 14:15:00+05:30,1396.300048828125,1396.699951171875,1395.5,1396.0,66574
2026-01-30 14:20:00+05:30,1394.699951171875,1396.699951171875,1394.0999755859375,1396.5999755859375,121989
2026-01-30 14:25:00+05:30,1394.300048828125,1394.699951171875,1393.199951171875,1394.699951171875,49428
2026-01-30 14:30:00+05:30,1394.0,1394.5999755859375,1393.300048828125,1393.800048828125,130575
2026-01-30 14:35:00+05:30,1394.0,1394.199951171875,1393.5999755859375,1393.9000244140625,44638
2026-01-30 14:40:00+05:30,1390.199951171875,1394.0999755859375,1389.300048828125,1393.800048828125,85449
2026-01-30 14:45:00+05:30,1391.4000244140625,1391.9000244140625,1389.0,1390.300048828125,135568
2026-01-30 14:50:00+05:30,1391.0999755859375,1391.9000244140625,1391.0,1391.300048828125,77886
2026-01-30 14:55:00+05:30,1392.199951171875,1392.699951171875,1390.300048828125,1391.0,86387
2026-01-30 15:00:00+05:30,1392.699951171875,1392.800048828125,1390.5999755859375,1392.199951171875,772733
2026-01-30 15:05:00+05:30,1395.199951171875,1395.199951171875,1392.5,1392.699951171875,692416
2026-01-30 15:10:00+05:30,1396.0999755859375,1396.5999755859375,1394.9000244140625,1395.0,676321
2026-01-30 15:15:00+05:30,1396.199951171875,1397.800048828125,1395.5,1396.0,689415
2026-01-30 15:20:00+05:30,1397.0999755859375,1397.5,1395.5999755859375,1396.300048828125,920237
2026-01-30 15:25:00+05:30,1397.0,1397.5,1395.5,1397.300048828125,612035
2026-02-03 09:15:00+05:30,1447.0999755859375,1473.9000244140625,1438.4000244140625,1473.9000244140625,6194607
2026-02-03 09:20:00+05:30,1444.199951171875,1447.800048828125,1440.5,1447.0,1797213
2026-02-03 09:25:00+05:30,1445.300048828125,1445.9000244140625,1441.5,1444.5,1025653
2026-02-03 09:30:00+05:30,1442.5999755859375,1445.5,1442.0,1445.0,471881
2026-02-03 09:35:00+05:30,1440.800048828125,1443.5,1440.0,1442.4000244140625,523538
2026-02-03 09:40:00+05:30,1436.0,1442.0,1435.4000244140625,1440.800048828125,360137
2026-02-03 09:45:00+05:30,1445.300048828125,1445.5,1435.5999755859375,1436.0,617241
2026-02-03 09:50:00+05:30,1445.0,1447.4000244140625,1444.800048828125,1445.300048828125,256022
2026-02-03 09:55:00+05:30,1442.800048828125,1446.199951171875,1441.9000244140625,1445.0999755859375,467949
2026-02-03 10:00:00+05:30,1443.5999755859375,1445.5,1442.800048828125,1443.0,197571
2026-02-03 10:05:00+05:30,1443.300048828125,1443.9000244140625,1440.0,1443.5999755859375,327364
2026-02-03 10:10:00+05:30,1443.9000244140625,1443.9000244140625,1441.0,1443.0999755859375,176004
2026-02-03 10:15:00+05:30,1447.0,1447.800048828125,1443.699951171875,1443.699951171875,201291
2026-02-03 10:20:00+05:30,1450.5999755859375,1451.4000244140625,1445.699951171875,1446.9000244140625,275200
2026-02-03 10:25:00+05:30,1451.0,1455.699951171875,1450.5999755859375,1450.800048828125,367646
2026-02-03 10:30:00+05:30,1451.0,1452.5,1450.4000244140625,1451.300048828125,151104
2026-02-03 10:35:00+05:30,1450.800048828125,1451.800048828125,1450.0,1451.0,105823
2026-02-03 10:40:00+05:30,1452.5,1452.5999755859375,1450.300048828125,1450.800048828125,123741
2026-02-03 10:45:00+05:30,1447.699951171875,1453.800048828125,1446.0,1452.800048828125,126155
2026-02-03 10:50:00+05:30,1446.4000244140625,1448.199951171875,1445.199951171875,1447.699951171875,87500
2026-02-03 10:55:00+05:30,1447.5999755859375,1448.699951171875,1445.199951171875,1446.4000244140625,117416
2026-02-03 11:00:00+05:30,1450.5,1451.0,1447.0,1447.0,125193
2026-02-03 11:05:00+05:30,1447.5999755859375,1451.0,1447.5,1450.5,307078
2026-02-03 11:10:00+05:30,1447.0999755859375,1447.699951171875,1444.699951171875,1447.0,220279
2026-02-03 11:15:00+05:30,1447.5999755859375,1449.9000244140625,1445.5999755859375,1447.199951171875,150295
2026-02-03 11:20:00+05:30,1448.0,1449.199951171875,1447.199951171875,1447.800048828125,78269
2026-02-03 11:25:00+05:30,1449.5,1449.9000244140625,1447.300048828125,1448.199951171875,75475
2026-02-03 11:30:00+05:30,1453.699951171875,1454.0,1448.5,1449.4000244140625,165826
2026-02-03 11:35:00+05:30,1452.5999755859375,1454.4000244140625,1450.5999755859375,1453.699951171875,211506
2026-02-03 11:40:00+05:30,1450.5,1453.800048828125,1450.300048828125,1452.9000244140625,147952
2026-02-03 11:45:00+05:30,1448.9000244140625,1451.0,1448.4000244140625,1450.5,69504
2026-02-03 11:50:00+05:30,1448.199951171875,1448.800048828125,1446.9000244140625,1448.699951171875,56643
2026-02-03 11:55:00+05:30,1448.0999755859375,1448.800048828125,1447.5999755859375,1448.199951171875,47915
2026-02-03 12:00:00+05:30,1444.9000244140625,1448.4000244140625,1444.199951171875,1448.4000244140625,90757
2026-02-03 12:05:00+05:30,1445.699951171875,1446.0,1443.199951171875,1444.9000244140625,124250
2026-02-03 12:10:00+05:30,1446.4000244140625,1447.300048828125,1445.0,1445.699951171875,60173
2026-02-03 12:15:00+05:30,1445.300048828125,1446.5,1444.199951171875,1446.4000244140625,146575
2026-02-03 12:20:00+05:30,1445.300048828125,1446.0,1444.800048828125,1445.5,58785
2026-02-03 12:25:00+05:30,1442.800048828125,1445.0999755859375,1442.0999755859375,1445.0,94957
2026-02-03 12:30:00+05:30,1442.800048828125,1444.9000244140625,1442.199951171875,1442.699951171875,81907
2026-02-03 12:35:00+05:30,1442.0,1443.5999755859375,1441.0,1442.4000244140625,444292
2026-02-03 12:40:00+05:30,1443.199951171875,1443.9000244140625,1441.800048828125,1442.0,253345
2026-02-03 12:45:00+05:30,1444.0999755859375,1444.5,1442.9000244140625,1443.0999755859375,73003
2026-02-03 12:50:00+05:30,1444.699951171875,1445.699951171875,1443.0,1444.0999755859375,181637
2026-02-03 12:55:00+05:30,1445.199951171875,1445.699951171875,1444.0,1444.300048828125,303608
2026-02-03 13:00:00+05:30,1444.300048828125,1446.199951171875,1444.300048828125,1445.5999755859375,136602
2026-02-03 13:05:00+05:30,1444.0999755859375,1445.699951171875,1443.5999755859375,1444.699951171875,179796
2026-02-03 13:10:00+05:30,1442.800048828125,1444.5,1442.4000244140625,1444.4000244140625,63950
2026-02-03 13:15:00+05:30,1444.0,1445.0,1442.5999755859375,1442.800048828125,70896
2026-02-03 13:20:00+05:30,1444.0999755859375,1444.699951171875,1443.0,1444.0,124011
2026-02-03 13:25:00+05:30,1440.800048828125,1444.0999755859375,1440.5999755859375,1443.699951171875,113653
2026-02-03 13:30:00+05:30,1440.5,1441.9000244140625,1440.199951171875,1440.800048828125,132439
2026-02-03 13:35:00+05:30,1441.9000244140625,1442.199951171875,1438.4000244140625,1440.199951171875,232539
2026-02-03 13:40:00+05:30,1445.199951171875,1445.300048828125,1441.199951171875,1441.9000244140625,221166
2026-02-03 13:45:00+05:30,1445.4000244140625,1445.800048828125,1445.0,1445.0999755859375,86939
2026-02-03 13:50:00+05:30,1445.300048828125,1445.5,1444.199951171875,1445.4000244140625,124183
2026-02-03 13:55:00+05:30,1444.0,1445.800048828125,1443.5999755859375,1445.5999755859375,72345
2026-02-03 14:00:00+05:30,1443.4000244140625,1444.4000244140625,1442.699951171875,1443.9000244140625,101272
2026-02-03 14:05:00+05:30,1443.0999755859375,1444.5,1442.5999755859375,1443.5,254099
2026-02-03 14:10:00+05:30,1442.5,1443.9000244140625,1441.800048828125,1443.199951171875,67947
2026-02-03 14:15:00+05:30,1443.300048828125,1443.4000244140625,1441.199951171875,1442.0,62787
2026-02-03 14:20:00+05:30,1443.5,1444.5999755859375,1443.0,1443.0999755859375,109269
2026-02-03 14:25:00+05:30,1443.5,1443.9000244140625,1443.0,1443.4000244140625,192928
2026-02-03 14:30:00+05:30,1443.0999755859375,1445.0,1441.5,1443.699951171875,110711
2026-02-03 14:35:00+05:30,1443.5,1443.699951171875,1442.5,1443.0,69065
2026-02-03 14:40:00+05:30,1442.0999755859375,1443.5,1441.699951171875,1443.5,188000
2026-02-03 14:45:00+05:30,1441.800048828125,1442.199951171875,1441.300048828125,1442.199951171875,64406
2026-02-03 14:50:00+05:30,1442.0,1442.0,1441.5,1441.9000244140625,56479
2026-02-03 14:55:00+05:30,1443.0999755859375,1443.800048828125,1441.300048828125,1442.0,115278
2026-02-03 15:00:00+05:30,1436.300048828125,1443.0999755859375,1435.699951171875,1443.0999755859375,483072
2026-02-03 15:05:00+05:30,1434.300048828125,1436.5,1430.199951171875,1436.4000244140625,982693
2026-02-03 15:10:00+05:30,1434.5,1439.4000244140625,1433.0999755859375,1434.699951171875,1200917
2026-02-03 15:15:00+05:30,1440.199951171875,1441.5,1433.5999755859375,1434.9000244140625,1501124
2026-02-03 15:20:00+05:30,1436.5,1440.300048828125,1435.800048828125,1440.0,467202
2026-02-03 15:25:00+05:30,1438.0999755859375,1440.0,1435.4000244140625,1436.699951171875,328731
2026-02-04 09:20:00+05:30,1456.5,1457.0,1450.699951171875,1450.699951171875,293934
2026-02-04 09:25:00+05:30,1458.5,1459.0,1455.300048828125,1456.5,215980
2026-02-04 09:30:00+05:30,1460.0,1461.699951171875,1457.5,1458.300048828125,277162
2026-02-04 09:35:00+05:30,1456.5999755859375,1460.0,1456.300048828125,1459.699951171875,107792
2026-02-04 09:40:00+05:30,1458.0999755859375,1459.0999755859375,1456.0,1456.300048828125,91870
2026-02-04 09:45:00+05:30,1457.300048828125,1458.5,1456.699951171875,1458.300048828125,68410
2026-02-04 09:50:00+05:30,1454.5,1458.4000244140625,1453.0999755859375,1457.300048828125,92370
2026-02-04 09:55:00+05:30,1458.5999755859375,1458.800048828125,1454.4000244140625,1454.699951171875,59946
2026-02-04 10:00:00+05:30,1462.0,1462.0,1458.9000244140625,1458.9000244140625,185502
2026-02-04 10:05:00+05:30,1463.0,1464.0,1460.199951171875,1462.0,200144
2026-02-04 10:10:00+05:30,1459.0999755859375,1463.4000244140625,1457.9000244140625,1462.699951171875,108399
2026-02-04 10:15:00+05:30,1458.0,1460.0,1458.0,1459.0999755859375,79200
2026-02-04 10:20:00+05:30,1457.5,1458.9000244140625,1455.699951171875,1458.0999755859375,80183
2026-02-04 10:25:00+05:30,1456.5999755859375,1459.0,1456.0999755859375,1457.199951171875,106100
2026-02-04 10:30:00+05:30,1456.0,1459.4000244140625,1454.699951171875,1456.800048828125,131110
2026-02-04 10:35:00+05:30,1455.4000244140625,1457.0,1454.4000244140625,1455.699951171875,57136
2026-02-04 10:40:00+05:30,1455.699951171875,1456.5999755859375,1455.0,1455.699951171875,41450
2026-02-04 10:45:00+05:30,1456.9000244140625,1458.0,1455.699951171875,1455.699951171875,105804
2026-02-04 10:50:00+05:30,1455.0,1457.0999755859375,1455.0,1456.5999755859375,109371
2026-02-04 10:55:00+05:30,1455.0,1455.199951171875,1454.300048828125,1454.9000244140625,58539
2026-02-04 11:00:00+05:30,1454.800048828125,1456.300048828125,1453.300048828125,1455.0,84923
2026-02-04 11:05:00+05:30,1454.300048828125,1455.199951171875,1453.4000244140625,1454.5999755859375,33999
2026-02-04 11:10:00+05:30,1452.5,1454.4000244140625,1451.5,1454.4000244140625,77626
2026-02-04 11:15:00+05:30,1451.5999755859375,1452.699951171875,1451.4000244140625,1452.5999755859375,44073
2026-02-04 11:20:00+05:30,1450.5999755859375,1452.0999755859375,1450.0999755859375,1451.5,59179
2026-02-04 11:25:00+05:30,1450.300048828125,1450.9000244140625,1448.699951171875,1450.0999755859375,94455
2026-02-04 11:30:00+05:30,1451.300048828125,1451.9000244140625,1449.0999755859375,1450.699951171875,93776
2026-02-04 11:35:00+05:30,1450.0999755859375,1451.800048828125,1450.0999755859375,1451.800048828125,34276
2026-02-04 11:40:00+05:30,1453.0999755859375,1453.0999755859375,1450.0,1450.0999755859375,67970
2026-02-04 11:45:00+05:30,1452.0,1454.800048828125,1451.699951171875,1453.0999755859375,60604
2026-02-04 11:50:00+05:30,1452.5,1453.0999755859375,1451.199951171875,1452.199951171875,84879
2026-02-04 11:55:00+05:30,1454.5,1454.800048828125,1452.4000244140625,1453.0,42760
2026-02-04 12:00:00+05:30,1452.9000244140625,1455.0,1452.4000244140625,1454.699951171875,46015
2026-02-04 12:05:00+05:30,1453.5999755859375,1454.0,1452.699951171875,1453.199951171875,64332
2026-02-04 12:10:00+05:30,1452.5999755859375,1453.800048828125,1452.199951171875,1453.5999755859375,85504
2026-02-04 12:15:00+05:30,1451.800048828125,1453.300048828125,1451.5,1452.5,32654
2026-02-04 12:20:00+05:30,1451.300048828125,1452.5999755859375,1451.0999755859375,1451.699951171875,48175
2026-02-04 12:25:00+05:30,1453.0,1453.699951171875,1451.300048828125,1451.4000244140625,56366
2026-02-04 12:30:00+05:30,1451.9000244140625,1453.300048828125,1451.300048828125,1452.5,81728
2026-02-04 12:35:00+05:30,1454.199951171875,1454.199951171875,1451.800048828125,1451.9000244140625,68718
2026-02-04 12:40:00+05:30,1456.9000244140625,1461.5,1454.0,1454.0999755859375,337533
2026-02-04 12:45:00+05:30,1455.5999755859375,1456.699951171875,1454.800048828125,1456.199951171875,63242
2026-02-04 12:50:00+05:30,1453.800048828125,1455.699951171875,1453.5999755859375,1455.5,73823
2026-02-04 12:55:00+05:30,1453.5999755859375,1454.5,1453.4000244140625,1453.800048828125,55692
2026-02-04 13:00:00+05:30,1453.4000244140625,1454.0,1452.5999755859375,1453.699951171875,78728
2026-02-04 13:05:00+05:30,1454.9000244140625,1455.5,1453.0999755859375,1453.300048828125,74042
2026-02-04 13:10:00+05:30,1454.9000244140625,1455.300048828125,1453.5999755859375,1454.5999755859375,96122
2026-02-04 13:15:00+05:30,1454.699951171875,1455.9000244140625,1454.0999755859375,1454.9000244140625,54296
2026-02-04 13:20:00+05:30,1455.9000244140625,1455.9000244140625,1453.800048828125,1454.5,93744
2026-02-04 13:25:00+05:30,1456.800048828125,1457.0,1455.5999755859375,1456.0,45216
2026-02-04 13:30:00+05:30,1455.0,1457.0,1454.5999755859375,1456.5,53227
2026-02-04 13:35:00+05:30,1455.9000244140625,1455.9000244140625,1454.4000244140625,1455.199951171875,40953
2026-02-04 13:40:00+05:30,1455.0,1455.9000244140625,1455.0,1455.9000244140625,65142
2026-02-04 13:45:00+05:30,1454.9000244140625,1455.5999755859375,1454.9000244140625,1455.300048828125,46707
2026-02-04 13:50:00+05:30,1457.5,1457.699951171875,1454.699951171875,1454.9000244140625,84901
2026-02-04 13:55:00+05:30,1455.5999755859375,1458.5,1455.5999755859375,1457.699951171875,54541
2026-02-04 14:00:00+05:30,1455.199951171875,1455.9000244140625,1454.300048828125,1455.699951171875,36451
2026-02-04 14:05:00+05:30,1455.699951171875,1455.699951171875,1455.0999755859375,1455.199951171875,31246
2026-02-04 14:10:00+05:30,1456.199951171875,1456.9000244140625,1455.5,1455.699951171875,46439
2026-02-04 14:15:00+05:30,1456.5,1456.699951171875,1456.0,1456.199951171875,37843
2026-02-04 14:20:00+05:30,1455.0,1456.800048828125,1454.5,1456.699951171875,48875
2026-02-04 14:25:00+05:30,1454.4000244140625,1455.4000244140625,1453.5999755859375,1454.800048828125,89748
2026-02-04 14:30:00+05:30,1453.4000244140625,1454.5999755859375,1453.0,1454.5,43252
2026-02-04 14:35:00+05:30,1453.9000244140625,1454.4000244140625,1453.0999755859375,1453.199951171875,42743
2026-02-04 14:40:00+05:30,1452.9000244140625,1454.0999755859375,1452.300048828125,1454.0,55416
2026-02-04 14:45:00+05:30,1451.0,1453.0,1450.0999755859375,1452.9000244140625,105569
2026-02-04 14:50:00+05:30,1451.5,1452.199951171875,1450.9000244140625,1451.0,52152
2026-02-04 14:55:00+05:30,1450.800048828125,1452.0,1450.5999755859375,1451.9000244140625,57522
2026-02-04 15:00:00+05:30,1456.4000244140625,1460.699951171875,1451.9000244140625,1451.9000244140625,767514
2026-02-04 15:05:00+05:30,1456.4000244140625,1457.5,1455.699951171875,1456.4000244140625,265752
2026-02-04 15:10:00+05:30,1456.699951171875,1457.199951171875,1456.0999755859375,1456.199951171875,246825
2026-02-04 15:15:00+05:30,1456.4000244140625,1457.199951171875,1456.199951171875,1456.9000244140625,248860
2026-02-04 15:20:00+05:30,1456.300048828125,1457.0,1455.5,1456.800048828125,313819
2026-02-04 15:25:00+05:30,1456.800048828125,1456.800048828125,1454.0999755859375,1456.0,209887
2026-02-05 09:20:00+05:30,1450.300048828125,1455.0,1450.0,1453.300048828125,221257
2026-02-05 09:25:00+05:30,1447.199951171875,1450.199951171875,1445.5999755859375,1450.199951171875,228418
2026-02-05 09:30:00+05:30,1448.0999755859375,1451.5999755859375,1447.5999755859375,1447.5999755859375,133508
2026-02-05 09:35:00+05:30,1449.0,1449.5,1447.0999755859375,1448.0999755859375,139910
2026-02-05 09:40:00+05:30,1446.5999755859375,1449.4000244140625,1446.4000244140625,1449.0,129509
2026-02-05 09:45:00+05:30,1446.699951171875,1447.0999755859375,1445.5,1446.5999755859375,128788
2026-02-05 09:50:00+05:30,1443.300048828125,1447.5,1442.4000244140625,1447.0,156303
2026-02-05 09:55:00+05:30,1443.4000244140625,1444.4000244140625,1442.0,1443.199951171875,119088
2026-02-05 10:00:00+05:30,1444.800048828125,1445.5,1443.0,1443.199951171875,87583
2026-02-05 10:05:00+05:30,1445.4000244140625,1446.199951171875,1444.0999755859375,1444.699951171875,94681
2026-02-05 10:10:00+05:30,1447.699951171875,1448.5,1445.4000244140625,1445.4000244140625,65282
2026-02-05 10:15:00+05:30,1448.800048828125,1448.800048828125,1447.0,1447.300048828125,61321
2026-02-05 10:20:00+05:30,1450.0999755859375,1450.9000244140625,1447.5999755859375,1449.0,135223
2026-02-05 10:25:00+05:30,1448.699951171875,1450.199951171875,1448.699951171875,1450.0999755859375,69787
2026-02-05 10:30:00+05:30,1446.0999755859375,1448.9000244140625,1445.699951171875,1448.5,182044
2026-02-05 10:35:00+05:30,1443.9000244140625,1446.5,1443.5999755859375,1445.9000244140625,111258
2026-02-05 10:40:00+05:30,1447.9000244140625,1449.5,1443.5,1443.9000244140625,150508
2026-02-05 10:45:00+05:30,1448.5,1449.5999755859375,1447.5,1448.0,98243
2026-02-05 10:50:00+05:30,1447.5,1451.800048828125,1447.5,1448.5,134509
2026-02-05 10:55:00+05:30,1445.5999755859375,1447.699951171875,1445.5999755859375,1447.699951171875,88771
2026-02-05 11:00:00+05:30,1447.4000244140625,1448.800048828125,1445.0,1445.699951171875,99509
2026-02-05 11:05:00+05:30,1448.5999755859375,1449.9000244140625,1447.5,1447.5,107175
2026-02-05 11:10:00+05:30,1448.699951171875,1449.4000244140625,1447.800048828125,1448.9000244140625,61149
2026-02-05 11:15:00+05:30,1445.699951171875,1449.5,1445.699951171875,1448.9000244140625,137888
2026-02-05 11:20:00+05:30,1445.199951171875,1446.4000244140625,1445.0,1445.800048828125,55873
2026-02-05 11:25:00+05:30,1445.699951171875,1446.0,1444.800048828125,1445.0999755859375,115471
2026-02-05 11:30:00+05:30,1445.199951171875,1447.0,1445.0999755859375,1446.0,51164
2026-02-05 11:35:00+05:30,1446.9000244140625,1446.9000244140625,1444.5999755859375,1445.300048828125,90112
2026-02-05 11:40:00+05:30,1447.9000244140625,1448.699951171875,1446.199951171875,1446.9000244140625,45774
2026-02-05 11:45:00+05:30,1445.0999755859375,1447.9000244140625,1445.0,1447.9000244140625,48634
2026-02-05 11:50:00+05:30,1444.800048828125,1445.199951171875,1444.5,1445.199951171875,79081
2026-02-05 11:55:00+05:30,1446.0,1446.5,1444.9000244140625,1444.9000244140625,47300
2026-02-05 12:00:00+05:30,1446.0,1446.699951171875,1445.0,1446.0,84511
2026-02-05 12:05:00+05:30,1445.5,1446.300048828125,1444.5999755859375,1445.800048828125,55667
2026-02-05 12:10:00+05:30,1444.4000244140625,1445.699951171875,1444.0999755859375,1445.5999755859375,50270
2026-02-05 12:15:00+05:30,1443.5999755859375,1444.5999755859375,1443.5999755859375,1444.4000244140625,71006
2026-02-05 12:20:00+05:30,1443.9000244140625,1444.0,1443.0,1443.800048828125,105637
2026-02-05 12:25:00+05:30,1444.9000244140625,1445.300048828125,1443.800048828125,1443.9000244140625,164212
2026-02-05 12:30:00+05:30,1443.9000244140625,1446.0,1443.0,1444.9000244140625,146903
2026-02-05 12:35:00+05:30,1443.199951171875,1444.4000244140625,1443.0,1443.9000244140625,40150
2026-02-05 12:40:00+05:30,1442.300048828125,1443.199951171875,1442.300048828125,1443.199951171875,43926
2026-02-05 12:45:00+05:30,1443.0,1443.199951171875,1442.300048828125,1442.4000244140625,50483
2026-02-05 12:50:00+05:30,1442.800048828125,1444.199951171875,1442.5,1442.800048828125,152263
2026-02-05 12:55:00+05:30,1444.9000244140625,1445.5,1441.800048828125,1443.4000244140625,193978
2026-02-05 13:00:00+05:30,1443.9000244140625,1444.9000244140625,1443.5,1444.9000244140625,93488
2026-02-05 13:05:00+05:30,1443.5,1444.0,1442.699951171875,1443.9000244140625,55186
2026-02-05 13:10:00+05:30,1443.800048828125,1444.0,1443.0,1443.5,32748
2026-02-05 13:15:00+05:30,1443.699951171875,1444.0,1443.0,1443.5,26635
2026-02-05 13:20:00+05:30,1443.0,1444.4000244140625,1442.9000244140625,1443.4000244140625,69242
2026-02-05 13:25:00+05:30,1440.9000244140625,1443.0,1440.5,1443.0,97573
2026-02-05 13:30:00+05:30,1442.300048828125,1442.5,1440.5999755859375,1441.0999755859375,232046
2026-02-05 13:35:00+05:30,1442.800048828125,1443.800048828125,1441.300048828125,1442.199951171875,307315
2026-02-05 13:40:00+05:30,1441.5999755859375,1443.0,1441.5,1442.9000244140625,45110
2026-02-05 13:45:00+05:30,1442.0,1442.5999755859375,1441.4000244140625,1441.5999755859375,51506
2026-02-05 13:50:00+05:30,1441.800048828125,1443.4000244140625,1441.300048828125,1442.0,153076
2026-02-05 13:55:00+05:30,1443.4000244140625,1443.5999755859375,1441.0999755859375,1441.699951171875,223501
2026-02-05 14:00:00+05:30,1442.699951171875,1444.699951171875,1441.699951171875,1443.5999755859375,293809
2026-02-05 14:05:00+05:30,1440.800048828125,1442.699951171875,1440.5999755859375,1442.699951171875,144728
2026-02-05 14:10:00+05:30,1441.0,1441.5,1439.699951171875,1440.699951171875,215924
2026-02-05 14:15:00+05:30,1441.300048828125,1441.5,1440.5999755859375,1440.9000244140625,86763
2026-02-05 14:20:00+05:30,1441.199951171875,1442.0999755859375,1441.0999755859375,1441.4000244140625,97737
2026-02-05 14:25:00+05:30,1441.9000244140625,1442.4000244140625,1441.199951171875,1441.300048828125,88433
2026-02-05 14:30:00+05:30,1443.0,1443.0,1441.9000244140625,1442.0,69461
2026-02-05 14:35:00+05:30,1442.9000244140625,1444.0999755859375,1442.9000244140625,1443.199951171875,269936
2026-02-05 14:40:00+05:30,1443.5,1444.0,1442.800048828125,1442.800048828125,93573
2026-02-05 14:45:00+05:30,1442.9000244140625,1443.9000244140625,1442.5,1443.5,104997
2026-02-05 14:50:00+05:30,1442.5999755859375,1443.0,1442.300048828125,1442.5999755859375,93362
2026-02-05 14:55:00+05:30,1443.699951171875,1443.699951171875,1442.5999755859375,1442.699951171875,124950
2026-02-05 15:00:00+05:30,1446.5999755859375,1447.5999755859375,1442.699951171875,1443.699951171875,637472
2026-02-05 15:05:00+05:30,1443.5999755859375,1447.4000244140625,1440.800048828125,1446.699951171875,867083
2026-02-05 15:10:00+05:30,1444.5,1444.5999755859375,1440.9000244140625,1443.5999755859375,743372
2026-02-05 15:15:00+05:30,1442.5999755859375,1444.9000244140625,1441.300048828125,1444.5,538650
2026-02-05 15:20:00+05:30,1443.0999755859375,1443.4000244140625,1440.5,1442.300048828125,527887
2026-02-05 15:25:00+05:30,1441.9000244140625,1443.5999755859375,1440.199951171875,1443.300048828125,248437
2026-02-06 09:20:00+05:30,1443.0999755859375,1444.800048828125,1442.4000244140625,1443.199951171875,78696
2026-02-06 09:25:00+05:30,1443.199951171875,1443.699951171875,1441.4000244140625,1443.199951171875,40819
2026-02-06 09:30:00+05:30,1438.0,1443.199951171875,1438.0,1443.199951171875,92087
2026-02-06 09:35:00+05:30,1438.5,1439.0,1437.199951171875,1438.0,64048
2026-02-06 09:40:00+05:30,1437.0,1440.199951171875,1437.0,1438.199951171875,66826
2026-02-06 09:45:00+05:30,1439.9000244140625,1439.9000244140625,1437.300048828125,1437.300048828125,103266
2026-02-06 09:50:00+05:30,1441.0999755859375,1441.4000244140625,1439.5,1440.0,56881
2026-02-06 09:55:00+05:30,1442.0,1442.0,1439.9000244140625,1441.300048828125,32845
2026-02-06 10:00:00+05:30,1441.0,1442.5999755859375,1439.9000244140625,1442.0,71231
2026-02-06 10:05:00+05:30,1439.5999755859375,1441.0,1439.5,1441.0,36670
2026-02-06 10:10:00+05:30,1437.9000244140625,1439.9000244140625,1437.5,1439.5999755859375,37537
2026-02-06 10:15:00+05:30,1439.5,1440.199951171875,1437.5,1437.9000244140625,122653
2026-02-06 10:20:00+05:30,1439.699951171875,1440.4000244140625,1439.4000244140625,1439.4000244140625,30198
2026-02-06 10:25:00+05:30,1440.300048828125,1440.800048828125,1438.5,1439.699951171875,56942
2026-02-06 10:30:00+05:30,1443.5,1444.300048828125,1440.0,1440.300048828125,121264
2026-02-06 10:35:00+05:30,1447.699951171875,1448.0999755859375,1443.199951171875,1443.199951171875,99698
2026-02-06 10:40:00+05:30,1446.300048828125,1448.0999755859375,1446.0,1447.699951171875,59621
2026-02-06 10:45:00+05:30,1448.0999755859375,1448.5,1446.0,1446.5,69375
2026-02-06 10:50:00+05:30,1446.300048828125,1448.0999755859375,1446.300048828125,1447.9000244140625,55336
2026-02-06 10:55:00+05:30,1446.699951171875,1446.9000244140625,1445.4000244140625,1446.4000244140625,38885
2026-02-06 11:00:00+05:30,1448.4000244140625,1448.4000244140625,1446.199951171875,1446.699951171875,55515
2026-02-06 11:05:00+05:30,1446.800048828125,1448.800048828125,1446.199951171875,1448.0,55029
2026-02-06 11:10:00+05:30,1447.699951171875,1448.0,1446.300048828125,1446.800048828125,39078
2026-02-06 11:15:00+05:30,1446.9000244140625,1448.0,1445.4000244140625,1448.0,69234
2026-02-06 11:20:00+05:30,1448.4000244140625,1448.5,1446.5999755859375,1446.9000244140625,44783
2026-02-06 11:25:00+05:30,1447.4000244140625,1448.4000244140625,1446.800048828125,1448.0999755859375,38879
2026-02-06 11:30:00+05:30,1446.4000244140625,1447.199951171875,1445.5,1447.199951171875,25896
2026-02-06 11:35:00+05:30,1444.800048828125,1447.0999755859375,1444.4000244140625,1446.4000244140625,61333
2026-02-06 11:40:00+05:30,1445.0999755859375,1445.0999755859375,1443.5999755859375,1444.5999755859375,42235
2026-02-06 11:45:00+05:30,1444.5999755859375,1445.0999755859375,1444.5,1445.0,32749
2026-02-06 11:50:00+05:30,1443.4000244140625,1444.5999755859375,1443.0,1444.5,24622
2026-02-06 11:55:00+05:30,1442.9000244140625,1443.699951171875,1442.699951171875,1443.5999755859375,27405
2026-02-06 12:00:00+05:30,1442.5999755859375,1444.0999755859375,1442.5,1443.0,40605
2026-02-06 12:05:00+05:30,1442.699951171875,1443.199951171875,1441.800048828125,1442.5999755859375,50297
2026-02-06 12:10:00+05:30,1443.0999755859375,1443.300048828125,1442.0,1442.4000244140625,26455
2026-02-06 12:15:00+05:30,1443.0,1443.4000244140625,1442.300048828125,1443.0999755859375,26712
2026-02-06 12:20:00+05:30,1441.5,1443.199951171875,1441.4000244140625,1443.0999755859375,25489
2026-02-06 12:25:00+05:30,1441.699951171875,1442.199951171875,1440.5999755859375,1441.4000244140625,38060
2026-02-06 12:30:00+05:30,1439.5,1441.9000244140625,1439.4000244140625,1441.5999755859375,130228
2026-02-06 12:35:00+05:30,1437.800048828125,1439.800048828125,1437.800048828125,1439.699951171875,63288
2026-02-06 12:40:00+05:30,1436.4000244140625,1439.0,1436.4000244140625,1437.800048828125,280676
2026-02-06 12:45:00+05:30,1435.800048828125,1437.9000244140625,1435.0999755859375,1436.4000244140625,268407
2026-02-06 12:50:00+05:30,1435.0999755859375,1436.9000244140625,1435.0,1435.800048828125,296169
2026-02-06 12:55:00+05:30,1438.5,1438.9000244140625,1435.0,1435.0,318472
2026-02-06 13:00:00+05:30,1441.0,1441.0,1436.800048828125,1438.300048828125,407815
2026-02-06 13:05:00+05:30,1440.5,1443.0,1439.5999755859375,1440.9000244140625,406789
2026-02-06 13:10:00+05:30,1440.5,1441.199951171875,1439.0,1440.5,135081
2026-02-06 13:15:00+05:30,1441.0,1441.5,1440.4000244140625,1440.699951171875,28438
2026-02-06 13:20:00+05:30,1440.699951171875,1441.199951171875,1440.0999755859375,1441.0,19010
2026-02-06 13:25:00+05:30,1441.0,1441.0,1440.5999755859375,1440.5999755859375,6523
2026-02-06 13:30:00+05:30,1439.699951171875,1440.0999755859375,1438.9000244140625,1439.5,132723
2026-02-06 13:35:00+05:30,1442.0999755859375,1442.5,1439.699951171875,1439.699951171875,118306
2026-02-06 13:40:00+05:30,1440.699951171875,1443.300048828125,1440.0999755859375,1441.800048828125,345224
2026-02-06 13:45:00+05:30,1440.4000244140625,1440.699951171875,1438.4000244140625,1440.300048828125,291301
2026-02-06 13:50:00+05:30,1442.699951171875,1443.0,1440.0999755859375,1440.300048828125,191990
2026-02-06 13:55:00+05:30,1443.5,1443.699951171875,1441.699951171875,1442.699951171875,84121
2026-02-06 14:00:00+05:30,1443.4000244140625,1444.199951171875,1443.0999755859375,1443.300048828125,34020
2026-02-06 14:05:00+05:30,1443.0999755859375,1443.9000244140625,1443.0999755859375,1443.199951171875,25495
2026-02-06 14:10:00+05:30,1442.0,1443.0999755859375,1442.0,1443.0999755859375,25241
2026-02-06 14:15:00+05:30,1442.0999755859375,1442.5999755859375,1440.5,1442.0,308599
2026-02-06 14:20:00+05:30,1440.5,1443.0,1440.199951171875,1442.0999755859375,33264
2026-02-06 14:25:00+05:30,1442.199951171875,1442.800048828125,1440.0,1440.199951171875,50024
2026-02-06 14:30:00+05:30,1443.800048828125,1443.9000244140625,1441.800048828125,1442.300048828125,47839
2026-02-06 14:35:00+05:30,1443.699951171875,1444.699951171875,1443.0999755859375,1443.699951171875,65456
2026-02-06 14:40:00+05:30,1446.5,1446.699951171875,1443.800048828125,1443.800048828125,86903
2026-02-06 14:45:00+05:30,1445.0,1447.199951171875,1445.0,1446.4000244140625,62863
2026-02-06 14:50:00+05:30,1446.300048828125,1446.5999755859375,1445.0999755859375,1445.300048828125,57278
2026-02-06 14:55:00+05:30,1450.0999755859375,1451.0999755859375,1446.300048828125,1446.300048828125,290167
2026-02-06 15:00:00+05:30,1449.800048828125,1451.4000244140625,1448.9000244140625,1450.300048828125,285145
2026-02-06 15:05:00+05:30,1449.0999755859375,1450.800048828125,1448.800048828125,1449.5999755859375,225315
2026-02-06 15:10:00+05:30,1450.4000244140625,1450.699951171875,1449.0,1449.0,171805
2026-02-06 15:15:00+05:30,1451.699951171875,1452.0,1450.0999755859375,1450.300048828125,225590
2026-02-06 15:20:00+05:30,1451.9000244140625,1452.0,1451.199951171875,1452.0,227326
2026-02-06 15:25:00+05:30,1450.0,1452.699951171875,1447.699951171875,1451.9000244140625,200499
2026-02-09 09:20:00+05:30,1462.0,1463.699951171875,1460.0,1461.800048828125,143860
2026-02-09 09:25:00+05:30,1462.300048828125,1463.199951171875,1461.0,1462.199951171875,121965
2026-02-09 09:30:00+05:30,1460.5,1462.800048828125,1459.9000244140625,1461.800048828125,65346
2026-02-09 09:35:00+05:30,1459.9000244140625,1461.0,1459.9000244140625,1460.5999755859375,74517
2026-02-09 09:40:00+05:30,1459.0,1463.300048828125,1458.699951171875,1459.199951171875,205527
2026-02-09 09:45:00+05:30,1460.0,1460.0,1458.4000244140625,1458.4000244140625,58243
2026-02-09 09:50:00+05:30,1458.5999755859375,1460.300048828125,1458.0999755859375,1459.800048828125,51079
2026-02-09 09:55:00+05:30,1459.4000244140625,1460.0,1458.5999755859375,1458.5999755859375,31138
2026-02-09 10:00:00+05:30,1459.699951171875,1460.0,1459.199951171875,1459.300048828125,21373
2026-02-09 10:05:00+05:30,1457.699951171875,1459.800048828125,1457.5999755859375,1459.699951171875,46185
2026-02-09 10:10:00+05:30,1458.5,1458.699951171875,1457.699951171875,1458.300048828125,42302
2026-02-09 10:15:00+05:30,1460.0,1460.0,1458.5,1458.5,32014
2026-02-09 10:20:00+05:30,1461.800048828125,1462.0,1459.800048828125,1460.0,184740
2026-02-09 10:25:00+05:30,1462.699951171875,1462.699951171875,1461.5,1461.800048828125,82012
2026-02-09 10:30:00+05:30,1463.800048828125,1463.800048828125,1461.9000244140625,1462.699951171875,69703
2026-02-09 10:35:00+05:30,1464.0,1464.800048828125,1462.800048828125,1463.5,116113
2026-02-09 10:40:00+05:30,1464.0999755859375,1464.5,1463.0,1464.0,58277
2026-02-09 10:45:00+05:30,1463.9000244140625,1465.5,1463.5,1464.0,149489
2026-02-09 10:50:00+05:30,1464.5,1464.5,1463.4000244140625,1464.0,40226
2026-02-09 10:55:00+05:30,1464.4000244140625,1464.800048828125,1464.0,1464.4000244140625,32872
2026-02-09 11:00:00+05:30,1463.699951171875,1464.5,1463.199951171875,1464.199951171875,45093
2026-02-09 11:05:00+05:30,1463.699951171875,1464.5,1463.199951171875,1463.5999755859375,49809
2026-02-09 11:10:00+05:30,1464.0,1464.5999755859375,1463.699951171875,1463.699951171875,37744
2026-02-09 11:15:00+05:30,1464.199951171875,1464.199951171875,1463.9000244140625,1464.0,23377
2026-02-09 11:20:00+05:30,1465.0,1465.0,1464.199951171875,1464.199951171875,47106
2026-02-09 11:25:00+05:30,1463.0,1465.0,1463.0,1465.0,60954
2026-02-09 11:30:00+05:30,1461.5,1463.300048828125,1461.0999755859375,1463.300048828125,60386
2026-02-09 11:35:00+05:30,1461.5999755859375,1461.9000244140625,1461.0,1461.5,58911
2026-02-09 11:40:00+05:30,1462.699951171875,1463.699951171875,1461.5999755859375,1461.5999755859375,68696
2026-02-09 11:45:00+05:30,1462.699951171875,1462.800048828125,1461.199951171875,1462.5999755859375,37911
2026-02-09 11:50:00+05:30,1461.5,1462.699951171875,1461.300048828125,1462.699951171875,42758
2026-02-09 11:55:00+05:30,1462.5,1462.5,1461.4000244140625,1461.5,29990
2026-02-09 12:00:00+05:30,1462.4000244140625,1463.0,1462.300048828125,1462.5,30462
2026-02-09 12:05:00+05:30,1462.5999755859375,1462.5999755859375,1462.0,1462.4000244140625,25053
2026-02-09 12:10:00+05:30,1462.5,1463.0,1461.800048828125,1462.5,25374
2026-02-09 12:15:00+05:30,1463.0999755859375,1463.5,1462.0999755859375,1462.300048828125,42236
2026-02-09 12:20:00+05:30,1464.0,1464.0999755859375,1463.199951171875,1463.4000244140625,26069
2026-02-09 12:25:00+05:30,1464.0,1464.300048828125,1463.9000244140625,1464.0,22776
2026-02-09 12:30:00+05:30,1463.0999755859375,1464.0,1462.699951171875,1464.0,31578
2026-02-09 12:35:00+05:30,1463.0999755859375,1464.0,1462.800048828125,1463.199951171875,58501
2026-02-09 12:40:00+05:30,1463.300048828125,1463.5,1462.9000244140625,1463.0999755859375,25145
2026-02-09 12:45:00+05:30,1463.800048828125,1464.0,1463.199951171875,1463.4000244140625,33260
2026-02-09 12:50:00+05:30,1462.4000244140625,1463.9000244140625,1462.0,1463.800048828125,83477
2026-02-09 12:55:00+05:30,1464.0,1464.0,1462.5,1462.5999755859375,47022
2026-02-09 13:00:00+05:30,1464.800048828125,1464.800048828125,1463.9000244140625,1464.0,35907
2026-02-09 13:05:00+05:30,1465.0999755859375,1465.0999755859375,1464.5,1464.800048828125,89629
2026-02-09 13:10:00+05:30,1463.5999755859375,1465.9000244140625,1463.5999755859375,1465.0999755859375,53570
2026-02-09 13:15:00+05:30,1464.300048828125,1464.5999755859375,1463.5999755859375,1463.5999755859375,27650
2026-02-09 13:20:00+05:30,1463.5,1464.4000244140625,1463.0999755859375,1464.4000244140625,49818
2026-02-09 13:25:00+05:30,1463.199951171875,1464.0999755859375,1463.0999755859375,1463.300048828125,71364
2026-02-09 13:30:00+05:30,1463.5999755859375,1463.5999755859375,1462.5,1463.0,38204
2026-02-09 13:35:00+05:30,1464.0,1464.0,1463.5999755859375,1463.5999755859375,27644
2026-02-09 13:40:00+05:30,1464.4000244140625,1464.4000244140625,1463.5,1464.0,49873
2026-02-09 13:45:00+05:30,1464.5,1465.0,1464.0,1464.4000244140625,54732
2026-02-09 13:50:00+05:30,1462.0999755859375,1464.5,1462.0999755859375,1464.5,136782
2026-02-09 13:55:00+05:30,1463.0,1465.4000244140625,1462.0999755859375,1462.0999755859375,125760
2026-02-09 14:00:00+05:30,1462.699951171875,1463.9000244140625,1462.300048828125,1462.800048828125,102037
2026-02-09 14:05:00+05:30,1462.699951171875,1462.800048828125,1462.0999755859375,1462.4000244140625,52706
2026-02-09 14:10:00+05:30,1464.0999755859375,1464.4000244140625,1462.5999755859375,1462.800048828125,71068
2026-02-09 14:15:00+05:30,1464.9000244140625,1465.0999755859375,1463.9000244140625,1464.199951171875,84798
2026-02-09 14:20:00+05:30,1465.0999755859375,1465.4000244140625,1464.800048828125,1465.0,54531
2026-02-09 14:25:00+05:30,1463.199951171875,1465.5999755859375,1463.0,1465.0999755859375,67202
2026-02-09 14:30:00+05:30,1461.5999755859375,1463.199951171875,1461.5,1463.199951171875,73498
2026-02-09 14:35:00+05:30,1461.699951171875,1462.5,1461.5,1461.5999755859375,62385
2026-02-09 14:40:00+05:30,1461.5999755859375,1461.699951171875,1461.300048828125,1461.699951171875,43356
2026-02-09 14:45:00+05:30,1461.199951171875,1461.5999755859375,1460.4000244140625,1461.5999755859375,66974
2026-02-09 14:50:00+05:30,1460.9000244140625,1461.5999755859375,1460.4000244140625,1461.199951171875,70649
2026-02-09 14:55:00+05:30,1461.4000244140625,1461.9000244140625,1460.800048828125,1460.9000244140625,54850
2026-02-09 15:00:00+05:30,1461.300048828125,1461.5999755859375,1461.300048828125,1461.5,142136
2026-02-09 15:05:00+05:30,1461.699951171875,1461.699951171875,1461.300048828125,1461.4000244140625,190523
2026-02-09 15:10:00+05:30,1461.5,1461.9000244140625,1461.300048828125,1461.699951171875,222120
2026-02-09 15:15:00+05:30,1462.5,1462.5,1461.5999755859375,1461.699951171875,201244
2026-02-09 15:20:00+05:30,1461.300048828125,1462.5,1461.199951171875,1462.5,207948
2026-02-09 15:25:00+05:30,1461.5999755859375,1462.0,1460.9000244140625,1461.300048828125,182637
2026-02-10 09:20:00+05:30,1464.9000244140625,1466.4000244140625,1464.5,1466.4000244140625,85119
2026-02-10 09:25:00+05:30,1467.199951171875,1467.5,1464.5,1465.0999755859375,63455
2026-02-10 09:30:00+05:30,1468.5,1468.5,1466.4000244140625,1467.4000244140625,63006
2026-02-10 09:35:00+05:30,1467.699951171875,1469.0,1467.4000244140625,1468.5999755859375,82848
2026-02-10 09:40:00+05:30,1466.199951171875,1468.5,1465.800048828125,1467.699951171875,38500
2026-02-10 09:45:00+05:30,1464.199951171875,1466.5,1464.199951171875,1466.199951171875,52392
2026-02-10 09:50:00+05:30,1464.800048828125,1465.0,1464.0,1464.0,36929
2026-02-10 09:55:00+05:30,1466.699951171875,1467.0,1464.5,1464.9000244140625,51826
2026-02-10 10:00:00+05:30,1465.5999755859375,1467.199951171875,1465.5999755859375,1467.0,32420
2026-02-10 10:05:00+05:30,1464.300048828125,1465.5,1464.0,1465.300048828125,36383
2026-02-10 10:10:00+05:30,1463.0999755859375,1464.4000244140625,1463.0999755859375,1464.4000244140625,32553
2026-02-10 10:15:00+05:30,1464.0,1464.4000244140625,1463.0999755859375,1463.0999755859375,33097
2026-02-10 10:20:00+05:30,1463.4000244140625,1463.9000244140625,1463.0999755859375,1463.5999755859375,21928
2026-02-10 10:25:00+05:30,1463.5,1463.9000244140625,1463.0,1463.4000244140625,30255
2026-02-10 10:30:00+05:30,1464.5999755859375,1465.0,1463.5,1463.5,29052
2026-02-10 10:35:00+05:30,1464.0,1464.800048828125,1463.9000244140625,1464.5,26327
2026-02-10 10:40:00+05:30,1464.5,1464.9000244140625,1463.9000244140625,1464.0999755859375,51518
2026-02-10 10:45:00+05:30,1465.5,1465.800048828125,1463.5999755859375,1464.4000244140625,48280
2026-02-10 10:50:00+05:30,1465.199951171875,1466.0,1464.5,1465.4000244140625,36152
2026-02-10 10:55:00+05:30,1465.300048828125,1465.5999755859375,1464.5,1465.300048828125,56677
2026-02-10 11:00:00+05:30,1465.0999755859375,1465.699951171875,1464.4000244140625,1465.300048828125,48360
2026-02-10 11:05:00+05:30,1464.4000244140625,1465.0999755859375,1463.800048828125,1465.0999755859375,26776
2026-02-10 11:10:00+05:30,1465.4000244140625,1466.0,1464.5999755859375,1464.5999755859375,36390
2026-02-10 11:15:00+05:30,1465.300048828125,1466.4000244140625,1465.300048828125,1465.5999755859375,33426
2026-02-10 11:20:00+05:30,1463.5,1465.800048828125,1463.0999755859375,1465.800048828125,85681
2026-02-10 11:25:00+05:30,1462.699951171875,1464.0,1462.300048828125,1463.199951171875,87126
2026-02-10 11:30:00+05:30,1462.5999755859375,1463.699951171875,1462.0999755859375,1462.699951171875,23815
2026-02-10 11:35:00+05:30,1463.4000244140625,1464.5,1462.0999755859375,1462.0999755859375,214421
2026-02-10 11:40:00+05:30,1462.0,1463.5999755859375,1462.0,1463.4000244140625,17069
2026-02-10 11:45:00+05:30,1461.199951171875,1462.300048828125,1460.4000244140625,1462.0,41095
2026-02-10 11:50:00+05:30,1461.800048828125,1461.800048828125,1460.0999755859375,1461.0999755859375,44517
2026-02-10 11:55:00+05:30,1461.0,1461.699951171875,1460.4000244140625,1461.699951171875,24246
2026-02-10 12:00:00+05:30,1460.300048828125,1461.0999755859375,1460.199951171875,1461.0,16180
2026-02-10 12:05:00+05:30,1459.300048828125,1460.800048828125,1458.800048828125,1460.699951171875,53091
2026-02-10 12:10:00+05:30,1459.5999755859375,1459.699951171875,1458.5,1459.199951171875,51651
2026-02-10 12:15:00+05:30,1458.199951171875,1459.9000244140625,1458.199951171875,1459.9000244140625,31664
2026-02-10 12:20:00+05:30,1458.0,1459.199951171875,1457.0999755859375,1458.199951171875,121783
2026-02-10 12:25:00+05:30,1456.800048828125,1458.0,1456.0,1458.0,49104
2026-02-10 12:30:00+05:30,1456.5,1457.0,1456.300048828125,1456.800048828125,55987
2026-02-10 12:35:00+05:30,1456.5,1456.5,1455.5,1456.199951171875,77623
2026-02-10 12:40:00+05:30,1457.5,1457.5,1455.9000244140625,1456.5,29329
2026-02-10 12:45:00+05:30,1460.300048828125,1460.9000244140625,1457.5,1457.5,95442
2026-02-10 12:50:00+05:30,1458.5999755859375,1460.300048828125,1458.5,1460.300048828125,42767
2026-02-10 12:55:00+05:30,1457.5999755859375,1459.800048828125,1457.5999755859375,1458.5999755859375,301318
2026-02-10 13:00:00+05:30,1457.199951171875,1457.699951171875,1455.699951171875,1457.699951171875,304913
2026-02-10 13:05:00+05:30,1458.9000244140625,1459.5,1456.699951171875,1457.199951171875,304289
2026-02-10 13:10:00+05:30,1460.0,1460.4000244140625,1457.800048828125,1459.0,227815
2026-02-10 13:15:00+05:30,1456.5999755859375,1461.300048828125,1456.5999755859375,1460.0,189495
2026-02-10 13:20:00+05:30,1455.4000244140625,1457.199951171875,1455.0999755859375,1456.699951171875,61878
2026-02-10 13:25:00+05:30,1455.300048828125,1457.0999755859375,1455.300048828125,1455.300048828125,70385
2026-02-10 13:30:00+05:30,1454.800048828125,1455.5,1453.800048828125,1455.199951171875,87651
2026-02-10 13:35:00+05:30,1454.800048828125,1455.0999755859375,1454.0,1454.800048828125,35702
2026-02-10 13:40:00+05:30,1454.0,1454.800048828125,1453.300048828125,1454.800048828125,50988
2026-02-10 13:45:00+05:30,1454.5,1454.5,1453.5,1454.199951171875,29752
2026-02-10 13:50:00+05:30,1455.800048828125,1456.0,1454.199951171875,1454.5,33327
2026-02-10 13:55:00+05:30,1454.199951171875,1456.0,1454.0,1455.800048828125,135120
2026-02-10 14:00:00+05:30,1453.4000244140625,1454.199951171875,1452.199951171875,1454.199951171875,164476
2026-02-10 14:05:00+05:30,1454.5,1454.9000244140625,1452.9000244140625,1453.199951171875,183046
2026-02-10 14:10:00+05:30,1454.9000244140625,1454.9000244140625,1453.199951171875,1454.5,37733
2026-02-10 14:15:00+05:30,1455.9000244140625,1455.9000244140625,1454.9000244140625,1455.4000244140625,166378
2026-02-10 14:20:00+05:30,1455.5999755859375,1456.300048828125,1455.0999755859375,1455.800048828125,46919
2026-02-10 14:25:00+05:30,1454.800048828125,1455.800048828125,1454.5999755859375,1455.5999755859375,50373
2026-02-10 14:30:00+05:30,1456.0,1456.0,1454.699951171875,1454.9000244140625,48661
2026-02-10 14:35:00+05:30,1456.0999755859375,1456.5,1455.300048828125,1455.9000244140625,55978
2026-02-10 14:40:00+05:30,1455.800048828125,1456.9000244140625,1455.5999755859375,1456.199951171875,157782
2026-02-10 14:45:00+05:30,1457.300048828125,1458.0,1455.800048828125,1455.800048828125,71027
2026-02-10 14:50:00+05:30,1457.9000244140625,1457.9000244140625,1457.300048828125,1457.4000244140625,51668
2026-02-10 14:55:00+05:30,1457.800048828125,1458.0,1457.5999755859375,1457.800048828125,43625
2026-02-10 15:00:00+05:30,1461.199951171875,1463.300048828125,1457.800048828125,1457.800048828125,1118007
2026-02-10 15:05:00+05:30,1461.5,1462.5999755859375,1456.0999755859375,1461.0,1512289
2026-02-10 15:10:00+05:30,1456.5999755859375,1462.4000244140625,1456.5,1461.5,726148
2026-02-10 15:15:00+05:30,1455.699951171875,1457.9000244140625,1454.4000244140625,1456.699951171875,476579
2026-02-10 15:20:00+05:30,1455.300048828125,1456.5,1455.0,1455.5999755859375,538976
2026-02-10 15:25:00+05:30,1458.5,1459.0999755859375,1455.0999755859375,1455.300048828125,414545
2026-02-11 09:20:00+05:30,1461.199951171875,1463.4000244140625,1461.199951171875,1463.4000244140625,89009
2026-02-11 09:25:00+05:30,1462.0,1462.9000244140625,1461.4000244140625,1461.4000244140625,82203
2026-02-11 09:30:00+05:30,1460.5999755859375,1462.4000244140625,1460.0,1462.0,78388
2026-02-11 09:35:00+05:30,1459.5,1461.5999755859375,1459.300048828125,1460.5,91163
2026-02-11 09:40:00+05:30,1460.0,1460.0999755859375,1459.0,1459.5,56694
2026-02-11 09:45:00+05:30,1455.699951171875,1460.0999755859375,1455.699951171875,1460.0999755859375,82125
2026-02-11 09:50:00+05:30,1457.5,1457.5999755859375,1455.0999755859375,1455.5,57563
2026-02-11 09:55:00+05:30,1457.9000244140625,1458.199951171875,1457.300048828125,1457.5,26379
2026-02-11 10:00:00+05:30,1456.5,1457.800048828125,1455.699951171875,1457.800048828125,61065
2026-02-11 10:05:00+05:30,1459.4000244140625,1459.5999755859375,1456.800048828125,1457.0,24308
2026-02-11 10:10:00+05:30,1458.199951171875,1459.699951171875,1457.9000244140625,1459.300048828125,37365
2026-02-11 10:15:00+05:30,1461.5,1461.800048828125,1458.0,1458.199951171875,46013
2026-02-11 10:20:00+05:30,1462.699951171875,1462.800048828125,1461.5,1461.5999755859375,45515
2026-02-11 10:25:00+05:30,1463.199951171875,1463.300048828125,1462.0999755859375,1462.5,67996
2026-02-11 10:30:00+05:30,1463.5,1464.4000244140625,1462.800048828125,1463.300048828125,141950
2026-02-11 10:35:00+05:30,1464.5,1464.800048828125,1463.300048828125,1463.5,70295
2026-02-11 10:40:00+05:30,1463.9000244140625,1464.9000244140625,1463.699951171875,1464.9000244140625,50191
2026-02-11 10:45:00+05:30,1463.800048828125,1464.9000244140625,1463.5999755859375,1463.9000244140625,50340
2026-02-11 10:50:00+05:30,1463.5999755859375,1464.5,1463.5999755859375,1463.800048828125,42790
2026-02-11 10:55:00+05:30,1463.0999755859375,1463.5999755859375,1462.699951171875,1463.5999755859375,39445
2026-02-11 11:00:00+05:30,1462.699951171875,1463.300048828125,1461.9000244140625,1463.300048828125,53755
2026-02-11 11:05:00+05:30,1461.4000244140625,1463.0,1461.4000244140625,1463.0,47755
2026-02-11 11:10:00+05:30,1462.5999755859375,1462.5999755859375,1461.300048828125,1461.4000244140625,28798
2026-02-11 11:15:00+05:30,1462.0,1463.199951171875,1461.800048828125,1462.5999755859375,62048
2026-02-11 11:20:00+05:30,1461.199951171875,1462.0,1459.9000244140625,1462.0,59870
2026-02-11 11:25:00+05:30,1461.4000244140625,1461.5,1460.9000244140625,1461.199951171875,32010
2026-02-11 11:30:00+05:30,1462.800048828125,1462.9000244140625,1461.0999755859375,1461.4000244140625,30882
2026-02-11 11:35:00+05:30,1461.5,1463.300048828125,1461.5,1462.800048828125,46708
2026-02-11 11:40:00+05:30,1460.9000244140625,1461.5999755859375,1460.9000244140625,1461.5999755859375,37605
2026-02-11 11:45:00+05:30,1461.0,1461.5999755859375,1460.5999755859375,1461.0,36230
2026-02-11 11:50:00+05:30,1461.699951171875,1461.699951171875,1460.699951171875,1461.0,31788
2026-02-11 11:55:00+05:30,1461.5999755859375,1463.0,1461.5,1461.699951171875,59424
2026-02-11 12:00:00+05:30,1464.699951171875,1464.800048828125,1461.5999755859375,1461.699951171875,75228
2026-02-11 12:05:00+05:30,1464.699951171875,1465.199951171875,1464.300048828125,1464.699951171875,89580
2026-02-11 12:10:00+05:30,1466.300048828125,1466.5999755859375,1464.5999755859375,1464.699951171875,105890
2026-02-11 12:15:00+05:30,1465.699951171875,1466.9000244140625,1464.5999755859375,1466.4000244140625,177025
2026-02-11 12:20:00+05:30,1465.699951171875,1466.0,1465.300048828125,1465.699951171875,43993
2026-02-11 12:25:00+05:30,1465.300048828125,1465.800048828125,1465.0,1465.699951171875,50671
2026-02-11 12:30:00+05:30,1464.0999755859375,1465.5999755859375,1463.800048828125,1465.300048828125,76979
2026-02-11 12:35:00+05:30,1464.5999755859375,1465.199951171875,1464.0,1464.0999755859375,64428
2026-02-11 12:40:00+05:30,1464.800048828125,1466.0,1464.199951171875,1464.5999755859375,149474
2026-02-11 12:45:00+05:30,1465.5,1465.5,1463.5,1464.800048828125,147003
2026-02-11 12:50:00+05:30,1465.4000244140625,1466.0,1463.699951171875,1465.5,145629
2026-02-11 12:55:00+05:30,1464.4000244140625,1466.5999755859375,1464.0,1465.5,168492
2026-02-11 13:00:00+05:30,1462.800048828125,1464.5999755859375,1461.0999755859375,1464.4000244140625,187436
2026-02-11 13:05:00+05:30,1464.199951171875,1464.5999755859375,1462.5,1462.5,53839
2026-02-11 13:10:00+05:30,1464.300048828125,1464.9000244140625,1464.0999755859375,1464.0999755859375,31511
2026-02-11 13:15:00+05:30,1463.5,1465.199951171875,1463.300048828125,1464.199951171875,54205
2026-02-11 13:20:00+05:30,1463.699951171875,1464.699951171875,1463.4000244140625,1463.5,33944
2026-02-11 13:25:00+05:30,1464.800048828125,1464.9000244140625,1463.800048828125,1463.9000244140625,33951
2026-02-11 13:30:00+05:30,1465.800048828125,1465.800048828125,1464.800048828125,1464.800048828125,37154
2026-02-11 13:35:00+05:30,1466.699951171875,1467.199951171875,1465.800048828125,1466.0,121355
2026-02-11 13:40:00+05:30,1465.9000244140625,1466.699951171875,1465.9000244140625,1466.5,70922
2026-02-11 13:45:00+05:30,1464.300048828125,1465.800048828125,1464.199951171875,1465.699951171875,187668
2026-02-11 13:50:00+05:30,1464.699951171875,1465.199951171875,1464.199951171875,1464.4000244140625,41763
2026-02-11 13:55:00+05:30,1464.0,1465.0,1464.0,1464.699951171875,45509
2026-02-11 14:00:00+05:30,1464.5999755859375,1465.0,1463.4000244140625,1464.0999755859375,62751
2026-02-11 14:05:00+05:30,1465.800048828125,1465.9000244140625,1464.300048828125,1464.5999755859375,27502
2026-02-11 14:10:00+05:30,1466.9000244140625,1466.9000244140625,1465.5999755859375,1465.5999755859375,45445
2026-02-11 14:15:00+05:30,1467.5,1468.699951171875,1466.800048828125,1466.800048828125,91774
2026-02-11 14:20:00+05:30,1467.0999755859375,1467.699951171875,1466.800048828125,1467.5999755859375,49681
2026-02-11 14:25:00+05:30,1467.199951171875,1467.800048828125,1466.800048828125,1467.0,53877
2026-02-11 14:30:00+05:30,1468.4000244140625,1468.5,1466.5,1466.800048828125,85432
2026-02-11 14:35:00+05:30,1467.9000244140625,1468.5999755859375,1467.800048828125,1468.4000244140625,68115
2026-02-11 14:40:00+05:30,1467.800048828125,1468.5999755859375,1467.0,1467.9000244140625,115501
2026-02-11 14:45:00+05:30,1467.199951171875,1469.0999755859375,1467.0,1467.800048828125,324873
2026-02-11 14:50:00+05:30,1467.0,1467.4000244140625,1466.9000244140625,1467.199951171875,75408
2026-02-11 14:55:00+05:30,1466.5999755859375,1468.0,1466.5999755859375,1467.0,54922
2026-02-11 15:00:00+05:30,1468.300048828125,1468.9000244140625,1466.699951171875,1466.699951171875,344332
2026-02-11 15:05:00+05:30,1469.0,1469.5,1468.0999755859375,1468.4000244140625,294483
2026-02-11 15:10:00+05:30,1468.800048828125,1469.0999755859375,1468.5999755859375,1469.0,227955
2026-02-11 15:15:00+05:30,1469.0,1469.0,1468.5,1468.800048828125,405373
2026-02-11 15:20:00+05:30,1469.0999755859375,1469.199951171875,1468.800048828125,1469.199951171875,267727
2026-02-11 15:25:00+05:30,1468.0,1469.9000244140625,1468.0,1468.9000244140625,219256
2026-02-12 09:20:00+05:30,1465.199951171875,1467.300048828125,1465.0999755859375,1465.199951171875,104041
2026-02-12 09:25:00+05:30,1466.5999755859375,1466.699951171875,1465.199951171875,1465.5,69900
2026-02-12 09:30:00+05:30,1465.699951171875,1466.800048828125,1464.5999755859375,1466.800048828125,71839
2026-02-12 09:35:00+05:30,1464.4000244140625,1465.800048828125,1463.4000244140625,1465.5999755859375,55456
2026-02-12 09:40:00+05:30,1464.5,1464.699951171875,1463.5999755859375,1464.300048828125,30123
2026-02-12 09:45:00+05:30,1464.0,1464.9000244140625,1463.199951171875,1464.4000244140625,45408
2026-02-12 09:50:00+05:30,1465.0,1465.0,1463.800048828125,1464.4000244140625,40744
2026-02-12 09:55:00+05:30,1464.0999755859375,1465.4000244140625,1464.0999755859375,1465.0,31014
2026-02-12 10:00:00+05:30,1463.4000244140625,1464.4000244140625,1463.199951171875,1464.0,64068
2026-02-12 10:05:00+05:30,1463.5999755859375,1463.9000244140625,1461.800048828125,1463.0999755859375,90630
2026-02-12 10:10:00+05:30,1464.4000244140625,1464.9000244140625,1463.300048828125,1463.5999755859375,44818
2026-02-12 10:15:00+05:30,1464.0,1464.4000244140625,1462.699951171875,1464.4000244140625,40430
2026-02-12 10:20:00+05:30,1465.5,1465.699951171875,1463.9000244140625,1463.9000244140625,50063
2026-02-12 10:25:00+05:30,1465.300048828125,1465.5,1464.5999755859375,1465.300048828125,45809
2026-02-12 10:30:00+05:30,1466.5,1466.800048828125,1465.5,1465.800048828125,47588
2026-02-12 10:35:00+05:30,1463.300048828125,1466.5,1463.0,1466.300048828125,54724
2026-02-12 10:40:00+05:30,1463.4000244140625,1463.800048828125,1463.0,1463.5,35396
2026-02-12 10:45:00+05:30,1461.5,1463.5,1460.800048828125,1463.300048828125,54032
2026-02-12 10:50:00+05:30,1462.0999755859375,1462.5999755859375,1460.800048828125,1461.4000244140625,46385
2026-02-12 10:55:00+05:30,1462.0999755859375,1463.199951171875,1462.0999755859375,1462.5,38744
2026-02-12 11:00:00+05:30,1462.800048828125,1463.0,1462.0999755859375,1462.199951171875,18973
2026-02-12 11:05:00+05:30,1462.4000244140625,1463.0,1461.300048828125,1462.9000244140625,45823
2026-02-12 11:10:00+05:30,1462.199951171875,1462.4000244140625,1461.4000244140625,1462.4000244140625,25821
2026-02-12 11:15:00+05:30,1459.699951171875,1461.5999755859375,1459.699951171875,1461.5999755859375,88270
2026-02-12 11:20:00+05:30,1457.5,1459.699951171875,1456.0,1459.699951171875,99862
2026-02-12 11:25:00+05:30,1457.4000244140625,1457.5999755859375,1456.199951171875,1457.5,51073
2026-02-12 11:30:00+05:30,1456.5999755859375,1457.5,1456.4000244140625,1457.5,61490
2026-02-12 11:35:00+05:30,1457.4000244140625,1457.4000244140625,1456.4000244140625,1456.5999755859375,59686
2026-02-12 11:40:00+05:30,1458.199951171875,1458.699951171875,1456.800048828125,1457.300048828125,87321
2026-02-12 11:45:00+05:30,1458.300048828125,1459.5999755859375,1457.699951171875,1458.199951171875,142327
2026-02-12 11:50:00+05:30,1458.300048828125,1458.5999755859375,1457.199951171875,1458.0999755859375,161129
2026-02-12 11:55:00+05:30,1459.5,1459.9000244140625,1457.9000244140625,1457.9000244140625,166157
2026-02-12 12:00:00+05:30,1457.199951171875,1459.699951171875,1456.5999755859375,1459.5,215515
2026-02-12 12:05:00+05:30,1457.0,1457.699951171875,1457.0,1457.199951171875,42319
2026-02-12 12:10:00+05:30,1457.199951171875,1457.5,1456.9000244140625,1457.0,36877
2026-02-12 12:15:00+05:30,1457.199951171875,1457.4000244140625,1456.5,1457.0,45221
2026-02-12 12:20:00+05:30,1456.800048828125,1457.5,1456.5,1457.0999755859375,47598
2026-02-12 12:25:00+05:30,1456.199951171875,1456.800048828125,1456.0999755859375,1456.699951171875,29574
2026-02-12 12:30:00+05:30,1456.5999755859375,1456.699951171875,1456.0,1456.199951171875,47784
2026-02-12 12:35:00+05:30,1455.0,1455.5,1454.199951171875,1454.800048828125,90907
2026-02-12 12:40:00+05:30,1456.0,1456.0,1453.4000244140625,1454.800048828125,113192
2026-02-12 12:45:00+05:30,1455.0,1456.699951171875,1454.4000244140625,1456.0,60461
2026-02-12 12:50:00+05:30,1454.9000244140625,1455.199951171875,1454.800048828125,1455.0,37533
2026-02-12 12:55:00+05:30,1454.9000244140625,1455.199951171875,1454.800048828125,1454.800048828125,38820
2026-02-12 13:00:00+05:30,1455.0999755859375,1455.4000244140625,1454.699951171875,1454.9000244140625,122641
2026-02-12 13:05:00+05:30,1454.4000244140625,1455.0999755859375,1453.0999755859375,1455.0999755859375,166892
2026-02-12 13:10:00+05:30,1454.699951171875,1455.4000244140625,1453.9000244140625,1454.0,230190
2026-02-12 13:15:00+05:30,1455.699951171875,1458.0999755859375,1454.800048828125,1454.9000244140625,400479
2026-02-12 13:20:00+05:30,1457.0,1457.5999755859375,1455.0,1455.9000244140625,114856
2026-02-12 13:25:00+05:30,1455.9000244140625,1458.800048828125,1455.699951171875,1457.0,196050
2026-02-12 13:30:00+05:30,1456.0,1457.0,1454.4000244140625,1456.199951171875,296037
2026-02-12 13:35:00+05:30,1457.4000244140625,1457.5999755859375,1455.4000244140625,1456.0,56750
2026-02-12 13:40:00+05:30,1455.300048828125,1457.699951171875,1454.199951171875,1457.5999755859375,173934
2026-02-12 13:45:00+05:30,1453.800048828125,1456.4000244140625,1453.699951171875,1455.300048828125,150822
2026-02-12 13:50:00+05:30,1454.199951171875,1455.0,1453.0,1453.5,224080
2026-02-12 13:55:00+05:30,1453.0,1454.4000244140625,1453.0,1454.0999755859375,91790
2026-02-12 14:00:00+05:30,1451.0,1452.800048828125,1450.199951171875,1452.800048828125,135216
2026-02-12 14:05:00+05:30,1449.800048828125,1451.300048828125,1449.5,1451.0,134512
2026-02-12 14:10:00+05:30,1449.9000244140625,1450.4000244140625,1449.699951171875,1449.9000244140625,64292
2026-02-12 14:15:00+05:30,1450.199951171875,1451.0999755859375,1449.699951171875,1449.9000244140625,70318
2026-02-12 14:20:00+05:30,1451.300048828125,1452.199951171875,1450.0,1450.300048828125,181981
2026-02-12 14:25:00+05:30,1450.699951171875,1451.800048828125,1450.0,1451.199951171875,115534
2026-02-12 14:30:00+05:30,1451.5999755859375,1452.4000244140625,1449.9000244140625,1450.800048828125,227787
2026-02-12 14:35:00+05:30,1449.300048828125,1452.5,1448.5,1452.0,299351
2026-02-12 14:40:00+05:30,1449.300048828125,1450.9000244140625,1449.0999755859375,1449.5,82229
2026-02-12 14:45:00+05:30,1446.9000244140625,1449.5999755859375,1446.0999755859375,1449.300048828125,226503
2026-02-12 14:50:00+05:30,1445.800048828125,1448.199951171875,1445.5,1446.9000244140625,113623
2026-02-12 14:55:00+05:30,1447.300048828125,1447.5999755859375,1445.9000244140625,1445.9000244140625,89349
2026-02-12 15:00:00+05:30,1451.0999755859375,1453.800048828125,1446.0999755859375,1448.4000244140625,1049252
2026-02-12 15:05:00+05:30,1449.9000244140625,1451.5,1445.699951171875,1450.800048828125,1183044
2026-02-12 15:10:00+05:30,1447.699951171875,1450.699951171875,1447.0999755859375,1449.9000244140625,668838
2026-02-12 15:15:00+05:30,1449.0999755859375,1450.199951171875,1445.5999755859375,1447.300048828125,621120
2026-02-12 15:20:00+05:30,1447.199951171875,1449.800048828125,1447.199951171875,1449.0,298384
2026-02-12 15:25:00+05:30,1448.9000244140625,1449.9000244140625,1447.0,1447.5,239181
2026-02-13 09:20:00+05:30,1446.199951171875,1446.4000244140625,1443.0,1443.5,86384
2026-02-13 09:25:00+05:30,1443.0,1447.5,1443.0,1446.4000244140625,49461
2026-02-13 09:30:00+05:30,1440.5,1443.199951171875,1440.0,1443.199951171875,70691
2026-02-13 09:35:00+05:30,1438.300048828125,1441.5999755859375,1437.800048828125,1441.199951171875,129027
2026-02-13 09:40:00+05:30,1439.800048828125,1440.199951171875,1437.5,1438.300048828125,85659
2026-02-13 09:45:00+05:30,1437.0,1439.5,1436.0,1439.5,75187
2026-02-13 09:50:00+05:30,1436.199951171875,1437.9000244140625,1435.0,1437.0,82645
2026-02-13 09:55:00+05:30,1434.300048828125,1436.199951171875,1433.0,1436.199951171875,82124
2026-02-13 10:00:00+05:30,1436.199951171875,1436.5,1434.5999755859375,1434.5999755859375,50194
2026-02-13 10:05:00+05:30,1433.300048828125,1436.199951171875,1433.0,1436.199951171875,54553
2026-02-13 10:10:00+05:30,1432.300048828125,1433.5,1432.0,1433.5,116277
2026-02-13 10:15:00+05:30,1431.0,1432.300048828125,1430.0,1432.300048828125,88375
2026-02-13 10:20:00+05:30,1427.5,1431.5,1427.5,1431.5,119835
2026-02-13 10:25:00+05:30,1429.9000244140625,1429.9000244140625,1427.5,1427.800048828125,269518
2026-02-13 10:30:00+05:30,1431.800048828125,1432.9000244140625,1429.699951171875,1430.199951171875,82660
2026-02-13 10:35:00+05:30,1431.800048828125,1432.199951171875,1431.4000244140625,1431.9000244140625,65696
2026-02-13 10:40:00+05:30,1430.199951171875,1431.800048828125,1430.0,1431.800048828125,52715
2026-02-13 10:45:00+05:30,1429.0,1430.5999755859375,1428.9000244140625,1430.5999755859375,29336
2026-02-13 10:50:00+05:30,1428.699951171875,1429.5,1428.0,1429.0,39567
2026-02-13 10:55:00+05:30,1428.699951171875,1430.4000244140625,1428.699951171875,1428.699951171875,50848
2026-02-13 11:00:00+05:30,1427.0,1429.300048828125,1426.699951171875,1429.300048828125,87203
2026-02-13 11:05:00+05:30,1425.800048828125,1427.5,1425.300048828125,1427.4000244140625,60025
2026-02-13 11:10:00+05:30,1426.9000244140625,1427.0,1425.5999755859375,1425.800048828125,56559
2026-02-13 11:15:00+05:30,1425.4000244140625,1427.0,1424.5,1426.699951171875,71773
2026-02-13 11:20:00+05:30,1423.9000244140625,1425.5,1423.5999755859375,1425.300048828125,52106
2026-02-13 11:25:00+05:30,1423.5999755859375,1424.0999755859375,1423.0999755859375,1423.9000244140625,50810
2026-02-13 11:30:00+05:30,1420.9000244140625,1423.5999755859375,1420.5,1423.5999755859375,66425
2026-02-13 11:35:00+05:30,1419.300048828125,1422.300048828125,1418.5999755859375,1420.800048828125,123847
2026-02-13 11:40:00+05:30,1420.0999755859375,1420.0999755859375,1418.0,1419.5,113203
2026-02-13 11:45:00+05:30,1420.300048828125,1420.5999755859375,1419.0,1420.5,65514
2026-02-13 11:50:00+05:30,1420.199951171875,1420.9000244140625,1419.9000244140625,1419.9000244140625,50447
2026-02-13 11:55:00+05:30,1422.9000244140625,1423.199951171875,1419.5,1420.199951171875,102426
2026-02-13 12:00:00+05:30,1422.300048828125,1423.800048828125,1422.0999755859375,1422.9000244140625,49724
2026-02-13 12:05:00+05:30,1422.4000244140625,1423.4000244140625,1422.0,1422.300048828125,93648
2026-02-13 12:10:00+05:30,1421.5999755859375,1422.4000244140625,1420.300048828125,1422.4000244140625,66269
2026-02-13 12:15:00+05:30,1423.699951171875,1423.9000244140625,1420.0,1421.5999755859375,193562
2026-02-13 12:20:00+05:30,1424.300048828125,1424.9000244140625,1423.4000244140625,1423.699951171875,54889
2026-02-13 12:25:00+05:30,1424.800048828125,1425.800048828125,1424.0,1424.300048828125,80010
2026-02-13 12:30:00+05:30,1426.0,1426.4000244140625,1422.699951171875,1424.5999755859375,102752
2026-02-13 12:35:00+05:30,1426.0,1426.0,1424.9000244140625,1426.0,37569
2026-02-13 12:40:00+05:30,1425.9000244140625,1426.5,1425.0,1426.0999755859375,45890
2026-02-13 12:45:00+05:30,1424.5,1426.800048828125,1424.0,1425.9000244140625,68108
2026-02-13 12:50:00+05:30,1423.4000244140625,1424.699951171875,1422.300048828125,1424.5999755859375,75805
2026-02-13 12:55:00+05:30,1423.4000244140625,1423.9000244140625,1422.5999755859375,1423.4000244140625,88457
2026-02-13 13:00:00+05:30,1423.0,1424.4000244140625,1422.5,1423.699951171875,43212
2026-02-13 13:05:00+05:30,1424.4000244140625,1424.4000244140625,1422.5999755859375,1423.0999755859375,44967
2026-02-13 13:10:00+05:30,1425.0999755859375,1425.699951171875,1423.5,1424.4000244140625,90630
2026-02-13 13:15:00+05:30,1425.0,1425.300048828125,1424.0999755859375,1425.0,28341
2026-02-13 13:20:00+05:30,1421.800048828125,1424.699951171875,1421.800048828125,1424.699951171875,98614
2026-02-13 13:25:00+05:30,1420.300048828125,1421.699951171875,1419.5999755859375,1421.699951171875,99642
2026-02-13 13:30:00+05:30,1419.699951171875,1421.5,1419.199951171875,1420.300048828125,175479
2026-02-13 13:35:00+05:30,1419.300048828125,1420.5,1419.199951171875,1419.9000244140625,64958
2026-02-13 13:40:00+05:30,1420.0999755859375,1420.9000244140625,1419.199951171875,1419.300048828125,50066
2026-02-13 13:45:00+05:30,1418.699951171875,1420.0999755859375,1418.0999755859375,1420.0999755859375,128378
2026-02-13 13:50:00+05:30,1420.5,1420.699951171875,1417.5,1418.4000244140625,126013
2026-02-13 13:55:00+05:30,1418.199951171875,1421.4000244140625,1418.199951171875,1420.699951171875,1296698
2026-02-13 14:00:00+05:30,1416.9000244140625,1418.199951171875,1416.4000244140625,1418.0,533297
2026-02-13 14:05:00+05:30,1418.0,1421.0,1416.699951171875,1416.800048828125,275040
2026-02-13 14:10:00+05:30,1421.5999755859375,1421.699951171875,1417.5,1418.0,72235
2026-02-13 14:15:00+05:30,1423.0,1423.5,1421.5,1421.5999755859375,281760
2026-02-13 14:20:00+05:30,1422.9000244140625,1426.800048828125,1422.0,1423.0,225218
2026-02-13 14:25:00+05:30,1422.5,1424.0,1422.0,1422.9000244140625,116968
2026-02-13 14:30:00+05:30,1422.800048828125,1423.800048828125,1422.0,1423.0,93653
2026-02-13 14:35:00+05:30,1421.300048828125,1423.0,1419.9000244140625,1422.800048828125,109518
2026-02-13 14:40:00+05:30,1419.5,1421.300048828125,1419.0,1421.300048828125,118652
2026-02-13 14:45:00+05:30,1419.5999755859375,1420.0,1419.199951171875,1419.5,73029
2026-02-13 14:50:00+05:30,1419.699951171875,1420.5999755859375,1418.5,1419.5999755859375,157162
2026-02-13 14:55:00+05:30,1422.800048828125,1424.9000244140625,1419.699951171875,1419.9000244140625,888228
2026-02-13 15:00:00+05:30,1420.5999755859375,1423.0,1419.699951171875,1422.800048828125,310735
2026-02-13 15:05:00+05:30,1419.0999755859375,1421.800048828125,1418.199951171875,1420.699951171875,232434
2026-02-13 15:10:00+05:30,1418.9000244140625,1419.800048828125,1418.5,1419.0,241651
2026-02-13 15:15:00+05:30,1420.300048828125,1420.800048828125,1418.699951171875,1419.0,242070
2026-02-13 15:20:00+05:30,1419.300048828125,1420.4000244140625,1418.699951171875,1420.0,310580
2026-02-13 15:25:00+05:30,1418.800048828125,1419.699951171875,1417.5999755859375,1418.9000244140625,323367
2026-02-16 09:20:00+05:30,1421.0,1422.699951171875,1420.0999755859375,1421.199951171875,120369
2026-02-16 09:25:00+05:30,1417.300048828125,1421.0,1417.300048828125,1420.5,80340
2026-02-16 09:30:00+05:30,1419.300048828125,1419.300048828125,1417.300048828125,1417.5999755859375,82612
2026-02-16 09:35:00+05:30,1414.0,1419.300048828125,1413.199951171875,1419.0,93069
2026-02-16 09:40:00+05:30,1410.0999755859375,1414.0,1410.0999755859375,1414.0,117990
2026-02-16 09:45:00+05:30,1412.5,1412.699951171875,1409.300048828125,1410.0,61254
2026-02-16 09:50:00+05:30,1412.0999755859375,1412.5999755859375,1411.0,1412.5,33233
2026-02-16 09:55:00+05:30,1414.800048828125,1415.0,1412.4000244140625,1412.4000244140625,57420
2026-02-16 10:00:00+05:30,1416.5999755859375,1417.0,1414.199951171875,1414.800048828125,53079
2026-02-16 10:05:00+05:30,1415.5,1416.800048828125,1415.0,1416.4000244140625,34883
2026-02-16 10:10:00+05:30,1418.0,1418.0,1415.4000244140625,1415.5,52142
2026-02-16 10:15:00+05:30,1418.4000244140625,1420.5,1417.5999755859375,1418.0,132915
2026-02-16 10:20:00+05:30,1417.4000244140625,1419.0,1416.9000244140625,1418.199951171875,43392
2026-02-16 10:25:00+05:30,1416.800048828125,1418.0,1416.5,1417.199951171875,19589
2026-02-16 10:30:00+05:30,1418.4000244140625,1419.199951171875,1415.5999755859375,1416.800048828125,38523
2026-02-16 10:35:00+05:30,1418.0,1418.9000244140625,1418.0,1418.699951171875,14842
2026-02-16 10:40:00+05:30,1421.199951171875,1421.5,1417.800048828125,1417.9000244140625,42280
2026-02-16 10:45:00+05:30,1421.699951171875,1422.800048828125,1420.300048828125,1421.199951171875,65077
2026-02-16 10:50:00+05:30,1421.0,1422.4000244140625,1420.800048828125,1421.5,17380
2026-02-16 10:55:00+05:30,1421.0,1421.300048828125,1420.0,1421.300048828125,26134
2026-02-16 11:00:00+05:30,1421.9000244140625,1422.0,1419.9000244140625,1421.0,23959
2026-02-16 11:05:00+05:30,1421.9000244140625,1422.0,1421.0,1421.9000244140625,16868
2026-02-16 11:10:00+05:30,1422.5,1422.800048828125,1421.4000244140625,1421.9000244140625,25333
2026-02-16 11:15:00+05:30,1422.5,1422.9000244140625,1421.300048828125,1422.0,52124
2026-02-16 11:20:00+05:30,1422.5,1422.5999755859375,1421.800048828125,1422.300048828125,15505
2026-02-16 11:25:00+05:30,1421.0,1422.9000244140625,1420.0999755859375,1422.0999755859375,53604
2026-02-16 11:30:00+05:30,1420.699951171875,1421.5,1420.0999755859375,1421.0,17840
2026-02-16 11:35:00+05:30,1420.0999755859375,1421.0,1420.0999755859375,1420.5999755859375,20046
2026-02-16 11:40:00+05:30,1420.0,1422.0,1419.699951171875,1420.0999755859375,45754
2026-02-16 11:45:00+05:30,1419.199951171875,1420.0,1417.800048828125,1420.0,32844
2026-02-16 11:50:00+05:30,1419.0,1419.4000244140625,1418.699951171875,1419.0,13927
2026-02-16 11:55:00+05:30,1420.800048828125,1420.9000244140625,1419.0,1419.0,20807
2026-02-16 12:00:00+05:30,1420.800048828125,1421.699951171875,1420.4000244140625,1420.5,23749
2026-02-16 12:05:00+05:30,1422.300048828125,1422.300048828125,1420.9000244140625,1420.9000244140625,22247
2026-02-16 12:10:00+05:30,1422.5999755859375,1423.5999755859375,1422.0,1422.0,42355
2026-02-16 12:15:00+05:30,1422.800048828125,1423.0,1421.4000244140625,1422.0999755859375,27577
2026-02-16 12:20:00+05:30,1422.800048828125,1423.0,1422.0999755859375,1422.4000244140625,22327
2026-02-16 12:25:00+05:30,1422.800048828125,1423.300048828125,1422.0,1422.199951171875,30047
2026-02-16 12:30:00+05:30,1422.199951171875,1423.4000244140625,1422.0,1423.4000244140625,33645
2026-02-16 12:35:00+05:30,1420.800048828125,1422.300048828125,1420.199951171875,1421.800048828125,36384
2026-02-16 12:40:00+05:30,1420.9000244140625,1421.5,1420.0,1420.4000244140625,70609
2026-02-16 12:45:00+05:30,1419.300048828125,1421.0,1419.0999755859375,1420.9000244140625,75213
2026-02-16 12:50:00+05:30,1420.9000244140625,1421.5999755859375,1419.0999755859375,1419.199951171875,23468
2026-02-16 12:55:00+05:30,1421.5,1421.9000244140625,1420.699951171875,1420.9000244140625,25414
2026-02-16 13:00:00+05:30,1423.5999755859375,1424.0,1421.800048828125,1421.800048828125,48435
2026-02-16 13:05:00+05:30,1423.5999755859375,1423.699951171875,1422.699951171875,1423.0,30576
2026-02-16 13:10:00+05:30,1423.5,1424.5,1423.199951171875,1423.5999755859375,33530
2026-02-16 13:15:00+05:30,1423.5999755859375,1424.0999755859375,1423.4000244140625,1423.5,26552
2026-02-16 13:20:00+05:30,1422.0,1424.0,1421.5,1423.0999755859375,66848
2026-02-16 13:25:00+05:30,1422.0,1422.0999755859375,1421.0999755859375,1422.0,46517
2026-02-16 13:30:00+05:30,1421.699951171875,1422.0,1421.199951171875,1421.9000244140625,136179
2026-02-16 13:35:00+05:30,1425.0,1425.0,1421.699951171875,1421.699951171875,54740
2026-02-16 13:40:00+05:30,1425.0999755859375,1425.300048828125,1424.300048828125,1424.9000244140625,54635
2026-02-16 13:45:00+05:30,1425.9000244140625,1426.0,1425.0,1425.0,64078
2026-02-16 13:50:00+05:30,1423.800048828125,1426.300048828125,1423.4000244140625,1425.5,183652
2026-02-16 13:55:00+05:30,1424.0999755859375,1424.300048828125,1421.199951171875,1423.699951171875,192691
2026-02-16 14:00:00+05:30,1424.800048828125,1425.9000244140625,1423.800048828125,1423.800048828125,287869
2026-02-16 14:05:00+05:30,1425.0,1425.5,1423.300048828125,1425.0,89937
2026-02-16 14:10:00+05:30,1426.0,1426.0,1424.199951171875,1424.9000244140625,73116
2026-02-16 14:15:00+05:30,1425.0,1426.0,1424.5999755859375,1426.0,64772
2026-02-16 14:20:00+05:30,1426.0,1426.0,1424.4000244140625,1425.0,42461
2026-02-16 14:25:00+05:30,1431.699951171875,1433.300048828125,1425.5999755859375,1426.0,216235
2026-02-16 14:30:00+05:30,1436.5999755859375,1436.9000244140625,1431.800048828125,1431.800048828125,242988
2026-02-16 14:35:00+05:30,1435.0999755859375,1439.5999755859375,1434.5999755859375,1436.9000244140625,281079
2026-02-16 14:40:00+05:30,1436.0,1438.0999755859375,1434.5999755859375,1435.199951171875,100005
2026-02-16 14:45:00+05:30,1438.0,1438.699951171875,1436.0,1436.0,71883
2026-02-16 14:50:00+05:30,1436.5,1438.4000244140625,1435.5,1438.4000244140625,56837
2026-02-16 14:55:00+05:30,1435.699951171875,1436.9000244140625,1434.5999755859375,1436.5,89166
2026-02-16 15:00:00+05:30,1438.5,1439.0,1435.5999755859375,1435.5999755859375,135498
2026-02-16 15:05:00+05:30,1438.699951171875,1438.9000244140625,1436.9000244140625,1437.699951171875,107998
2026-02-16 15:10:00+05:30,1438.199951171875,1438.9000244140625,1437.0999755859375,1438.5,160908
2026-02-16 15:15:00+05:30,1436.0,1438.699951171875,1436.0,1438.199951171875,203738
2026-02-16 15:20:00+05:30,1435.800048828125,1436.9000244140625,1435.199951171875,1436.0,159153
2026-02-16 15:25:00+05:30,1435.800048828125,1436.699951171875,1434.0999755859375,1436.5,174503
2026-02-17 09:20:00+05:30,1424.0999755859375,1426.699951171875,1424.0,1426.699951171875,84750
2026-02-17 09:25:00+05:30,1423.699951171875,1425.5,1423.4000244140625,1423.800048828125,59371
2026-02-17 09:30:00+05:30,1423.300048828125,1424.0999755859375,1422.0,1424.0999755859375,90723
2026-02-17 09:35:00+05:30,1423.5999755859375,1424.699951171875,1422.0999755859375,1423.300048828125,48506
2026-02-17 09:40:00+05:30,1424.4000244140625,1424.4000244140625,1421.699951171875,1423.300048828125,72237
2026-02-17 09:45:00+05:30,1425.5999755859375,1426.800048828125,1424.699951171875,1425.199951171875,70685
2026-02-17 09:50:00+05:30,1425.9000244140625,1427.5,1425.300048828125,1425.699951171875,52264
2026-02-17 09:55:00+05:30,1424.5999755859375,1426.5999755859375,1423.699951171875,1426.0,98671
2026-02-17 10:00:00+05:30,1423.300048828125,1424.5999755859375,1423.300048828125,1424.5,33729
2026-02-17 10:05:00+05:30,1424.300048828125,1424.5,1423.4000244140625,1423.5999755859375,29565
2026-02-17 10:10:00+05:30,1424.0,1424.300048828125,1423.4000244140625,1424.199951171875,27569
2026-02-17 10:15:00+05:30,1423.4000244140625,1424.0999755859375,1421.5,1424.0,58588
2026-02-17 10:20:00+05:30,1423.4000244140625,1424.0,1423.199951171875,1423.5999755859375,30366
2026-02-17 10:25:00+05:30,1425.199951171875,1425.5,1423.0999755859375,1423.4000244140625,51833
2026-02-17 10:30:00+05:30,1423.9000244140625,1425.4000244140625,1423.800048828125,1425.199951171875,42287
2026-02-17 10:35:00+05:30,1422.0999755859375,1424.0,1422.0999755859375,1423.9000244140625,43956
2026-02-17 10:40:00+05:30,1420.199951171875,1422.5,1420.0,1422.300048828125,96826
2026-02-17 10:45:00+05:30,1420.5,1420.5,1418.5999755859375,1420.199951171875,49882
2026-02-17 10:50:00+05:30,1420.699951171875,1420.9000244140625,1420.0,1420.199951171875,24320
2026-02-17 10:55:00+05:30,1421.300048828125,1421.4000244140625,1420.5999755859375,1420.699951171875,24945
2026-02-17 11:00:00+05:30,1420.5,1421.4000244140625,1420.5,1421.300048828125,20566
2026-02-17 11:05:00+05:30,1420.199951171875,1420.300048828125,1419.300048828125,1420.300048828125,38320
2026-02-17 11:10:00+05:30,1420.5,1420.9000244140625,1419.800048828125,1420.300048828125,32104
2026-02-17 11:15:00+05:30,1421.4000244140625,1421.699951171875,1420.0999755859375,1420.5999755859375,37904
2026-02-17 11:20:00+05:30,1421.5,1422.4000244140625,1421.0,1421.5,67340
2026-02-17 11:25:00+05:30,1420.5999755859375,1421.5,1420.4000244140625,1421.5,49094
2026-02-17 11:30:00+05:30,1422.300048828125,1422.300048828125,1419.800048828125,1420.699951171875,114810
2026-02-17 11:35:00+05:30,1422.0999755859375,1423.5,1421.5999755859375,1422.300048828125,208462
2026-02-17 11:40:00+05:30,1421.800048828125,1422.0999755859375,1420.9000244140625,1422.0999755859375,157847
2026-02-17 11:45:00+05:30,1421.800048828125,1423.5,1421.5999755859375,1421.5999755859375,144350
2026-02-17 11:50:00+05:30,1423.0,1423.5,1421.699951171875,1422.199951171875,44435
2026-02-17 11:55:00+05:30,1423.300048828125,1424.0,1422.699951171875,1423.0,86657
2026-02-17 12:00:00+05:30,1423.9000244140625,1425.5999755859375,1423.300048828125,1423.300048828125,114895
2026-02-17 12:05:00+05:30,1424.0,1424.5999755859375,1423.300048828125,1423.9000244140625,73054
2026-02-17 12:10:00+05:30,1423.4000244140625,1424.4000244140625,1423.199951171875,1424.0999755859375,61774
2026-02-17 12:15:00+05:30,1424.4000244140625,1424.4000244140625,1423.300048828125,1423.300048828125,71797
2026-02-17 12:20:00+05:30,1424.800048828125,1425.300048828125,1423.800048828125,1424.4000244140625,92677
2026-02-17 12:25:00+05:30,1424.5999755859375,1425.199951171875,1424.5,1425.0999755859375,79483
2026-02-17 12:30:00+05:30,1424.5,1425.0999755859375,1424.0,1424.4000244140625,79756
2026-02-17 12:35:00+05:30,1424.300048828125,1424.5999755859375,1424.0999755859375,1424.199951171875,27107
2026-02-17 12:40:00+05:30,1424.300048828125,1424.5999755859375,1424.0999755859375,1424.4000244140625,31871
2026-02-17 12:45:00+05:30,1424.199951171875,1424.5,1424.0,1424.300048828125,34702
2026-02-17 12:50:00+05:30,1425.5,1426.0,1424.0,1424.199951171875,57701
2026-02-17 12:55:00+05:30,1424.4000244140625,1426.199951171875,1424.300048828125,1425.5,32584
2026-02-17 13:00:00+05:30,1421.699951171875,1424.5,1421.699951171875,1424.199951171875,305037
2026-02-17 13:05:00+05:30,1424.199951171875,1424.9000244140625,1421.5999755859375,1421.699951171875,422995
2026-02-17 13:10:00+05:30,1422.199951171875,1424.199951171875,1422.0,1424.199951171875,311678
2026-02-17 13:15:00+05:30,1423.0999755859375,1423.699951171875,1421.199951171875,1422.5999755859375,297893
2026-02-17 13:20:00+05:30,1423.800048828125,1424.9000244140625,1423.0,1423.0,401061
2026-02-17 13:25:00+05:30,1423.699951171875,1424.199951171875,1423.5,1423.800048828125,35324
2026-02-17 13:30:00+05:30,1424.5999755859375,1425.0,1423.699951171875,1423.800048828125,59201
2026-02-17 13:35:00+05:30,1423.5999755859375,1426.5,1422.5999755859375,1424.800048828125,289273
2026-02-17 13:40:00+05:30,1423.699951171875,1424.4000244140625,1423.199951171875,1423.5999755859375,189105
2026-02-17 13:45:00+05:30,1423.5,1424.300048828125,1423.0999755859375,1423.4000244140625,75032
2026-02-17 13:50:00+05:30,1423.199951171875,1423.9000244140625,1422.699951171875,1423.5,25098
2026-02-17 13:55:00+05:30,1422.300048828125,1423.199951171875,1421.800048828125,1423.199951171875,137765
2026-02-17 14:00:00+05:30,1423.5999755859375,1424.5999755859375,1421.5,1422.0,305883
2026-02-17 14:05:00+05:30,1423.5999755859375,1424.300048828125,1423.300048828125,1423.699951171875,59827
2026-02-17 14:10:00+05:30,1421.0,1423.5999755859375,1420.0999755859375,1423.5999755859375,99442
2026-02-17 14:15:00+05:30,1422.0999755859375,1424.699951171875,1419.800048828125,1420.9000244140625,546208
2026-02-17 14:20:00+05:30,1422.4000244140625,1423.0,1422.0,1422.4000244140625,27171
2026-02-17 14:25:00+05:30,1422.199951171875,1422.699951171875,1422.0,1422.199951171875,49550
2026-02-17 14:30:00+05:30,1421.9000244140625,1422.0,1420.699951171875,1422.0,38612
2026-02-17 14:35:00+05:30,1423.0999755859375,1423.0999755859375,1421.199951171875,1421.9000244140625,109618
2026-02-17 14:40:00+05:30,1421.5999755859375,1424.4000244140625,1421.4000244140625,1423.0,461705
2026-02-17 14:45:00+05:30,1422.5999755859375,1422.699951171875,1421.5999755859375,1421.5999755859375,26440
2026-02-17 14:50:00+05:30,1422.0,1422.5999755859375,1421.5999755859375,1422.5999755859375,44224
2026-02-17 14:55:00+05:30,1421.699951171875,1422.699951171875,1420.5,1422.300048828125,358787
2026-02-17 15:00:00+05:30,1421.300048828125,1425.4000244140625,1420.9000244140625,1422.0,1073036
2026-02-17 15:05:00+05:30,1425.300048828125,1425.699951171875,1420.4000244140625,1421.699951171875,969387
2026-02-17 15:10:00+05:30,1423.0,1425.699951171875,1422.199951171875,1425.699951171875,399706
2026-02-17 15:15:00+05:30,1422.5,1423.0,1421.0999755859375,1423.0,287389
2026-02-17 15:20:00+05:30,1423.199951171875,1424.300048828125,1422.5,1422.5999755859375,199586
2026-02-17 15:25:00+05:30,1424.199951171875,1424.199951171875,1422.4000244140625,1423.300048828125,105372
2026-02-18 09:20:00+05:30,1426.0,1427.300048828125,1425.5,1426.9000244140625,70672
2026-02-18 09:25:00+05:30,1429.0,1429.0,1426.0999755859375,1426.199951171875,66819
2026-02-18 09:30:00+05:30,1427.5,1429.300048828125,1427.0,1428.5,159240
2026-02-18 09:35:00+05:30,1425.4000244140625,1427.5,1423.9000244140625,1427.300048828125,175216
2026-02-18 09:40:00+05:30,1426.0,1426.0,1424.5999755859375,1424.5999755859375,37141
2026-02-18 09:45:00+05:30,1422.800048828125,1426.0,1421.5,1425.9000244140625,55572
2026-02-18 09:50:00+05:30,1422.5,1423.0999755859375,1422.0999755859375,1422.800048828125,36988
2026-02-18 09:55:00+05:30,1421.0999755859375,1422.5999755859375,1420.4000244140625,1422.5999755859375,42357
2026-02-18 10:00:00+05:30,1421.5,1421.5999755859375,1419.9000244140625,1421.0,47578
2026-02-18 10:05:00+05:30,1421.0,1421.699951171875,1420.199951171875,1421.4000244140625,30743
2026-02-18 10:10:00+05:30,1420.300048828125,1421.5999755859375,1420.0,1421.0,34960
2026-02-18 10:15:00+05:30,1420.4000244140625,1420.5999755859375,1419.300048828125,1419.9000244140625,39527
2026-02-18 10:20:00+05:30,1421.199951171875,1421.9000244140625,1420.5,1420.5,26740
2026-02-18 10:25:00+05:30,1421.300048828125,1421.300048828125,1419.199951171875,1421.0999755859375,29814
2026-02-18 10:30:00+05:30,1421.5,1421.699951171875,1419.699951171875,1421.0999755859375,31652
2026-02-18 10:35:00+05:30,1421.0999755859375,1422.0,1421.0,1421.199951171875,21459
2026-02-18 10:40:00+05:30,1421.199951171875,1421.199951171875,1420.800048828125,1421.0999755859375,13138
2026-02-18 10:45:00+05:30,1422.0999755859375,1422.5,1420.800048828125,1421.0999755859375,14960
2026-02-18 10:50:00+05:30,1423.0,1423.4000244140625,1421.9000244140625,1422.0999755859375,37234
2026-02-18 10:55:00+05:30,1423.800048828125,1423.9000244140625,1422.300048828125,1422.800048828125,27543
2026-02-18 11:00:00+05:30,1424.0,1424.300048828125,1423.300048828125,1423.9000244140625,28851
2026-02-18 11:05:00+05:30,1424.0,1424.9000244140625,1423.300048828125,1424.0,172672
2026-02-18 11:10:00+05:30,1425.199951171875,1425.199951171875,1423.699951171875,1424.0999755859375,53792
2026-02-18 11:15:00+05:30,1423.800048828125,1425.0,1423.199951171875,1424.300048828125,56022
2026-02-18 11:20:00+05:30,1425.0999755859375,1425.5,1423.9000244140625,1424.0,66811
2026-02-18 11:25:00+05:30,1425.5999755859375,1425.9000244140625,1424.4000244140625,1425.0999755859375,47776
2026-02-18 11:30:00+05:30,1427.0,1427.199951171875,1425.5,1425.5999755859375,39632
2026-02-18 11:35:00+05:30,1426.800048828125,1427.5,1426.4000244140625,1427.0999755859375,36484
2026-02-18 11:40:00+05:30,1426.300048828125,1427.0,1425.0999755859375,1426.800048828125,33876
2026-02-18 11:45:00+05:30,1426.0999755859375,1426.800048828125,1425.699951171875,1426.0999755859375,15167
2026-02-18 11:50:00+05:30,1426.4000244140625,1426.800048828125,1426.0,1426.4000244140625,17674
2026-02-18 11:55:00+05:30,1426.800048828125,1426.800048828125,1426.0,1426.0999755859375,19382
2026-02-18 12:00:00+05:30,1428.0999755859375,1428.699951171875,1426.4000244140625,1426.800048828125,44291
2026-02-18 12:05:00+05:30,1428.0999755859375,1428.800048828125,1428.0,1428.0999755859375,21229
2026-02-18 12:10:00+05:30,1427.800048828125,1428.5,1427.199951171875,1427.800048828125,15179
2026-02-18 12:15:00+05:30,1428.5999755859375,1429.5,1427.5,1427.5999755859375,43500
2026-02-18 12:20:00+05:30,1429.0,1429.9000244140625,1428.4000244140625,1428.699951171875,38585
2026-02-18 12:25:00+05:30,1427.9000244140625,1429.5,1427.4000244140625,1429.4000244140625,26627
2026-02-18 12:30:00+05:30,1429.5999755859375,1429.800048828125,1427.5,1428.4000244140625,36227
2026-02-18 12:35:00+05:30,1430.9000244140625,1431.0,1429.199951171875,1429.5999755859375,63048
2026-02-18 12:40:00+05:30,1430.9000244140625,1431.0,1430.0,1430.9000244140625,44681
2026-02-18 12:45:00+05:30,1429.699951171875,1431.5,1429.0999755859375,1431.4000244140625,60412
2026-02-18 12:50:00+05:30,1431.0,1431.0,1429.300048828125,1429.4000244140625,41077
2026-02-18 12:55:00+05:30,1431.699951171875,1431.699951171875,1430.5,1430.699951171875,26573
2026-02-18 13:00:00+05:30,1434.699951171875,1435.0,1431.5999755859375,1431.699951171875,137958
2026-02-18 13:05:00+05:30,1434.0,1435.0,1433.4000244140625,1434.699951171875,85547
2026-02-18 13:10:00+05:30,1434.199951171875,1434.5,1432.699951171875,1433.5999755859375,76163
2026-02-18 13:15:00+05:30,1435.5,1436.5,1434.4000244140625,1434.4000244140625,154200
2026-02-18 13:20:00+05:30,1434.4000244140625,1437.0,1434.4000244140625,1435.5999755859375,265978
2026-02-18 13:25:00+05:30,1433.0,1434.5999755859375,1431.5,1434.300048828125,315027
2026-02-18 13:30:00+05:30,1433.199951171875,1433.5,1432.699951171875,1432.800048828125,34676
2026-02-18 13:35:00+05:30,1432.699951171875,1433.300048828125,1432.0999755859375,1433.0999755859375,31934
2026-02-18 13:40:00+05:30,1432.300048828125,1432.9000244140625,1431.5,1432.9000244140625,40090
2026-02-18 13:45:00+05:30,1433.5,1433.9000244140625,1432.0,1432.199951171875,163631
2026-02-18 13:50:00+05:30,1431.300048828125,1434.4000244140625,1431.199951171875,1433.5999755859375,134898
2026-02-18 13:55:00+05:30,1432.699951171875,1432.800048828125,1430.5,1431.199951171875,72252
2026-02-18 14:00:00+05:30,1432.5,1433.5999755859375,1431.9000244140625,1432.699951171875,152465
2026-02-18 14:05:00+05:30,1433.0,1433.0,1432.5,1432.699951171875,28175
2026-02-18 14:10:00+05:30,1434.5999755859375,1434.9000244140625,1432.699951171875,1433.0,70940
2026-02-18 14:15:00+05:30,1436.199951171875,1436.5,1433.5999755859375,1434.699951171875,79807
2026-02-18 14:20:00+05:30,1437.0,1437.5,1435.699951171875,1436.199951171875,80076
2026-02-18 14:25:00+05:30,1437.0,1437.0,1435.9000244140625,1437.0,54490
2026-02-18 14:30:00+05:30,1436.5,1437.0,1436.300048828125,1436.5999755859375,48753
2026-02-18 14:35:00+05:30,1436.300048828125,1437.199951171875,1436.0,1436.0,43599
2026-02-18 14:40:00+05:30,1437.300048828125,1437.800048828125,1436.0999755859375,1436.5,51240
2026-02-18 14:45:00+05:30,1439.300048828125,1439.300048828125,1437.0,1437.300048828125,78894
2026-02-18 14:50:00+05:30,1439.0,1439.9000244140625,1438.4000244140625,1439.4000244140625,81209
2026-02-18 14:55:00+05:30,1439.5,1440.699951171875,1439.0,1439.0,85733
2026-02-18 15:00:00+05:30,1440.699951171875,1441.699951171875,1439.300048828125,1440.0999755859375,194021
2026-02-18 15:05:00+05:30,1441.9000244140625,1442.0,1440.5,1440.5999755859375,135857
2026-02-18 15:10:00+05:30,1441.9000244140625,1442.0999755859375,1441.0999755859375,1442.0,134195
2026-02-18 15:15:00+05:30,1441.300048828125,1442.0,1441.199951171875,1441.9000244140625,166186
2026-02-18 15:20:00+05:30,1441.199951171875,1441.800048828125,1440.699951171875,1441.300048828125,165307
2026-02-18 15:25:00+05:30,1441.300048828125,1441.9000244140625,1440.300048828125,1441.199951171875,153155
2026-02-19 09:20:00+05:30,1440.5,1442.0,1436.5999755859375,1436.800048828125,143697
2026-02-19 09:25:00+05:30,1436.4000244140625,1440.0999755859375,1436.0999755859375,1440.0999755859375,47074
2026-02-19 09:30:00+05:30,1435.5999755859375,1437.0,1435.5,1436.300048828125,127189
2026-02-19 09:35:00+05:30,1435.4000244140625,1436.9000244140625,1434.300048828125,1435.699951171875,94692
2026-02-19 09:40:00+05:30,1435.5,1436.5,1435.0,1435.4000244140625,46607
2026-02-19 09:45:00+05:30,1435.0,1435.699951171875,1434.800048828125,1435.699951171875,46216
2026-02-19 09:50:00+05:30,1433.9000244140625,1434.9000244140625,1433.4000244140625,1434.800048828125,77099
2026-02-19 09:55:00+05:30,1433.0999755859375,1434.699951171875,1432.5,1433.9000244140625,43938
2026-02-19 10:00:00+05:30,1432.199951171875,1433.4000244140625,1431.5999755859375,1433.0999755859375,41378
2026-02-19 10:05:00+05:30,1430.5999755859375,1432.9000244140625,1430.5,1432.199951171875,62561
2026-02-19 10:10:00+05:30,1429.199951171875,1431.5,1429.199951171875,1431.0,83513
2026-02-19 10:15:00+05:30,1431.199951171875,1432.0,1429.4000244140625,1429.5999755859375,48243
2026-02-19 10:20:00+05:30,1430.5,1431.300048828125,1429.5999755859375,1431.0,27308
2026-02-19 10:25:00+05:30,1431.0,1431.0,1429.699951171875,1430.4000244140625,28175
2026-02-19 10:30:00+05:30,1430.5999755859375,1431.800048828125,1430.300048828125,1430.9000244140625,29023
2026-02-19 10:35:00+05:30,1427.4000244140625,1431.0,1427.199951171875,1430.5999755859375,50098
2026-02-19 10:40:00+05:30,1428.5,1428.699951171875,1427.0,1427.199951171875,30398
2026-02-19 10:45:00+05:30,1428.800048828125,1428.800048828125,1427.5,1428.300048828125,23629
2026-02-19 10:50:00+05:30,1428.5999755859375,1429.0999755859375,1428.199951171875,1428.5,18048
2026-02-19 10:55:00+05:30,1428.0,1428.300048828125,1427.300048828125,1428.199951171875,30203
2026-02-19 11:00:00+05:30,1427.800048828125,1428.9000244140625,1427.5999755859375,1428.300048828125,23976
2026-02-19 11:05:00+05:30,1428.300048828125,1429.5,1427.5,1427.5999755859375,22012
2026-02-19 11:10:00+05:30,1427.699951171875,1429.4000244140625,1427.5,1428.199951171875,20583
2026-02-19 11:15:00+05:30,1427.0999755859375,1428.199951171875,1427.0,1427.5,25079
2026-02-19 11:20:00+05:30,1425.699951171875,1427.800048828125,1425.199951171875,1427.0,33454
2026-02-19 11:25:00+05:30,1426.0,1426.5,1425.300048828125,1425.4000244140625,16960
2026-02-19 11:30:00+05:30,1426.0,1426.0999755859375,1425.5999755859375,1425.800048828125,20659
2026-02-19 11:35:00+05:30,1425.199951171875,1426.0,1424.0,1426.0,46949
2026-02-19 11:40:00+05:30,1425.800048828125,1425.800048828125,1424.0,1425.199951171875,35575
2026-02-19 11:45:00+05:30,1425.4000244140625,1426.199951171875,1424.5999755859375,1425.699951171875,25537
2026-02-19 11:50:00+05:30,1425.199951171875,1425.5999755859375,1424.5,1425.4000244140625,27142
2026-02-19 11:55:00+05:30,1424.9000244140625,1425.800048828125,1424.0999755859375,1425.300048828125,32456
2026-02-19 12:00:00+05:30,1424.300048828125,1425.0,1423.199951171875,1424.800048828125,25245
2026-02-19 12:05:00+05:30,1422.699951171875,1424.4000244140625,1422.4000244140625,1424.4000244140625,23753
2026-02-19 12:10:00+05:30,1421.0999755859375,1422.300048828125,1421.0,1422.300048828125,59639
2026-02-19 12:15:00+05:30,1421.4000244140625,1421.9000244140625,1419.199951171875,1421.0,111622
2026-02-19 12:20:00+05:30,1422.5999755859375,1424.0,1420.300048828125,1421.5,117258
2026-02-19 12:25:00+05:30,1421.5999755859375,1422.800048828125,1420.300048828125,1422.5999755859375,104846
2026-02-19 12:30:00+05:30,1420.800048828125,1421.5999755859375,1420.199951171875,1421.4000244140625,33356
2026-02-19 12:35:00+05:30,1419.4000244140625,1421.0,1419.199951171875,1420.699951171875,44236
2026-02-19 12:40:00+05:30,1418.300048828125,1420.5,1416.9000244140625,1419.9000244140625,73749
2026-02-19 12:45:00+05:30,1417.9000244140625,1418.199951171875,1417.199951171875,1418.0999755859375,34945
2026-02-19 12:50:00+05:30,1418.199951171875,1420.4000244140625,1417.5,1418.4000244140625,122764
2026-02-19 12:55:00+05:30,1419.0999755859375,1419.800048828125,1418.5999755859375,1418.699951171875,24272
2026-02-19 13:00:00+05:30,1418.5,1419.0,1417.5,1418.5999755859375,38662
2026-02-19 13:05:00+05:30,1419.5999755859375,1421.5999755859375,1418.0999755859375,1418.5,229436
2026-02-19 13:10:00+05:30,1418.300048828125,1420.699951171875,1417.699951171875,1419.9000244140625,356133
2026-02-19 13:15:00+05:30,1418.5,1418.5,1417.5999755859375,1418.300048828125,45570
2026-02-19 13:20:00+05:30,1421.4000244140625,1422.5,1418.5,1418.5,267528
2026-02-19 13:25:00+05:30,1420.5999755859375,1422.4000244140625,1419.300048828125,1421.5999755859375,140338
2026-02-19 13:30:00+05:30,1418.699951171875,1420.5,1417.0,1420.5,226564
2026-02-19 13:35:00+05:30,1418.199951171875,1419.0,1417.4000244140625,1418.800048828125,103246
2026-02-19 13:40:00+05:30,1417.5999755859375,1418.5,1417.0999755859375,1418.0999755859375,38325
2026-02-19 13:45:00+05:30,1416.4000244140625,1417.9000244140625,1416.199951171875,1417.699951171875,52137
2026-02-19 13:50:00+05:30,1417.0,1417.5999755859375,1414.0,1416.4000244140625,372535
2026-02-19 13:55:00+05:30,1415.699951171875,1417.300048828125,1415.5999755859375,1416.800048828125,59439
2026-02-19 14:00:00+05:30,1414.4000244140625,1416.199951171875,1413.800048828125,1415.699951171875,396376
2026-02-19 14:05:00+05:30,1415.0999755859375,1415.0999755859375,1413.5999755859375,1414.4000244140625,30627
2026-02-19 14:10:00+05:30,1414.199951171875,1415.5,1414.0,1415.0999755859375,50561
2026-02-19 14:15:00+05:30,1415.9000244140625,1416.5,1414.0999755859375,1414.0999755859375,285627
2026-02-19 14:20:00+05:30,1414.699951171875,1416.5999755859375,1413.199951171875,1416.0,574578
2026-02-19 14:25:00+05:30,1412.4000244140625,1414.699951171875,1412.300048828125,1414.699951171875,57434
2026-02-19 14:30:00+05:30,1413.800048828125,1414.0999755859375,1412.5,1412.9000244140625,43733
2026-02-19 14:35:00+05:30,1414.699951171875,1415.300048828125,1413.800048828125,1413.800048828125,123690
2026-02-19 14:40:00+05:30,1411.800048828125,1414.699951171875,1411.800048828125,1414.699951171875,100667
2026-02-19 14:45:00+05:30,1412.4000244140625,1412.800048828125,1410.800048828125,1411.5999755859375,208973
2026-02-19 14:50:00+05:30,1412.0,1412.800048828125,1411.5999755859375,1412.199951171875,56517
2026-02-19 14:55:00+05:30,1412.5,1413.4000244140625,1411.199951171875,1412.199951171875,64611
2026-02-19 15:00:00+05:30,1413.9000244140625,1413.9000244140625,1407.199951171875,1412.5,1634188
2026-02-19 15:05:00+05:30,1412.9000244140625,1414.5,1408.0,1413.300048828125,1296294
2026-02-19 15:10:00+05:30,1409.300048828125,1414.4000244140625,1407.0999755859375,1413.0999755859375,1248265
2026-02-19 15:15:00+05:30,1404.199951171875,1409.4000244140625,1403.300048828125,1409.4000244140625,375556
2026-02-19 15:20:00+05:30,1405.5999755859375,1406.300048828125,1401.0999755859375,1403.5999755859375,708348
2026-02-19 15:25:00+05:30,1407.300048828125,1407.5,1405.0,1406.0,195760
2026-02-20 09:20:00+05:30,1411.4000244140625,1413.9000244140625,1410.0,1410.4000244140625,94201
2026-02-20 09:25:00+05:30,1408.5999755859375,1411.5,1408.4000244140625,1411.0,69332
2026-02-20 09:30:00+05:30,1414.5,1415.0,1408.5,1408.9000244140625,90469
2026-02-20 09:35:00+05:30,1414.5999755859375,1416.5,1413.5,1414.5999755859375,413042
2026-02-20 09:40:00+05:30,1417.300048828125,1417.5,1413.9000244140625,1415.0999755859375,178132
2026-02-20 09:45:00+05:30,1416.0,1417.5,1416.0,1417.300048828125,47516
2026-02-20 09:50:00+05:30,1415.5,1416.5999755859375,1414.5,1416.199951171875,43693
2026-02-20 09:55:00+05:30,1415.5,1416.4000244140625,1414.4000244140625,1415.5,43787
2026-02-20 10:00:00+05:30,1414.199951171875,1415.5,1413.0999755859375,1415.5,44684
2026-02-20 10:05:00+05:30,1410.800048828125,1414.9000244140625,1410.5,1414.0999755859375,37120
2026-02-20 10:10:00+05:30,1410.800048828125,1413.300048828125,1410.5999755859375,1410.699951171875,62828
2026-02-20 10:15:00+05:30,1414.199951171875,1414.699951171875,1411.0,1411.0,41693
2026-02-20 10:20:00+05:30,1414.199951171875,1415.199951171875,1413.0,1414.0999755859375,66555
2026-02-20 10:25:00+05:30,1414.699951171875,1415.800048828125,1414.0,1414.199951171875,47287
2026-02-20 10:30:00+05:30,1414.4000244140625,1416.0999755859375,1413.5,1415.199951171875,176962
2026-02-20 10:35:00+05:30,1417.800048828125,1417.800048828125,1414.800048828125,1414.800048828125,60815
2026-02-20 10:40:00+05:30,1420.0,1420.0,1417.0,1417.199951171875,111558
2026-02-20 10:45:00+05:30,1420.300048828125,1420.9000244140625,1418.9000244140625,1420.0,94622
2026-02-20 10:50:00+05:30,1421.5999755859375,1421.5999755859375,1419.0,1420.300048828125,48987
2026-02-20 10:55:00+05:30,1420.5999755859375,1421.800048828125,1420.0999755859375,1421.5,63400
2026-02-20 11:00:00+05:30,1421.5,1421.800048828125,1419.800048828125,1420.699951171875,45464
2026-02-20 11:05:00+05:30,1420.5,1422.0,1420.0,1421.5,36494
2026-02-20 11:10:00+05:30,1420.300048828125,1421.300048828125,1419.0,1420.5,56434
2026-02-20 11:15:00+05:30,1420.9000244140625,1421.9000244140625,1420.0999755859375,1420.0999755859375,26576
2026-02-20 11:20:00+05:30,1420.9000244140625,1421.199951171875,1419.5,1420.699951171875,39414
2026-02-20 11:25:00+05:30,1421.0,1421.5999755859375,1420.0999755859375,1420.9000244140625,44697
2026-02-20 11:30:00+05:30,1421.300048828125,1421.9000244140625,1420.300048828125,1421.0999755859375,27884
2026-02-20 11:35:00+05:30,1422.0,1422.300048828125,1421.300048828125,1421.4000244140625,24896
2026-02-20 11:40:00+05:30,1422.5999755859375,1423.0,1421.800048828125,1422.0,30513
2026-02-20 11:45:00+05:30,1421.199951171875,1423.800048828125,1420.9000244140625,1422.800048828125,53736
2026-02-20 11:50:00+05:30,1421.5,1422.5,1421.0,1421.0999755859375,36871
2026-02-20 11:55:00+05:30,1422.199951171875,1422.9000244140625,1420.800048828125,1421.199951171875,19580
2026-02-20 12:00:00+05:30,1421.4000244140625,1422.199951171875,1420.300048828125,1422.0999755859375,18950
2026-02-20 12:05:00+05:30,1421.4000244140625,1422.0,1420.699951171875,1421.5,17789
2026-02-20 12:10:00+05:30,1422.4000244140625,1422.800048828125,1420.800048828125,1421.5999755859375,23371
2026-02-20 12:15:00+05:30,1424.0,1424.5,1422.199951171875,1422.5,45046
2026-02-20 12:20:00+05:30,1425.199951171875,1425.5999755859375,1423.699951171875,1424.0,65728
2026-02-20 12:25:00+05:30,1426.199951171875,1426.5,1425.0,1425.0999755859375,121783
2026-02-20 12:30:00+05:30,1424.5999755859375,1426.199951171875,1424.4000244140625,1426.0,115906
2026-02-20 12:35:00+05:30,1424.4000244140625,1425.9000244140625,1424.199951171875,1424.5999755859375,177050
2026-02-20 12:40:00+05:30,1424.699951171875,1425.5,1423.300048828125,1425.0,198711
2026-02-20 12:45:00+05:30,1425.699951171875,1426.4000244140625,1423.0999755859375,1424.800048828125,135343
2026-02-20 12:50:00+05:30,1426.800048828125,1427.0,1425.5999755859375,1425.699951171875,53383
2026-02-20 12:55:00+05:30,1425.199951171875,1427.300048828125,1423.5,1427.300048828125,110773
2026-02-20 13:00:00+05:30,1425.0,1426.800048828125,1424.5999755859375,1425.199951171875,167825
2026-02-20 13:05:00+05:30,1423.0,1425.0,1422.4000244140625,1425.0,52130
2026-02-20 13:10:00+05:30,1421.9000244140625,1423.9000244140625,1420.4000244140625,1423.699951171875,73671
2026-02-20 13:15:00+05:30,1420.0,1421.800048828125,1419.300048828125,1421.800048828125,46053
2026-02-20 13:20:00+05:30,1420.9000244140625,1421.0,1419.0,1420.300048828125,165405
2026-02-20 13:25:00+05:30,1421.4000244140625,1421.9000244140625,1419.5,1420.699951171875,185381
2026-02-20 13:30:00+05:30,1424.5,1424.5,1420.699951171875,1420.699951171875,347069
2026-02-20 13:35:00+05:30,1421.4000244140625,1425.0,1420.699951171875,1424.199951171875,190114
2026-02-20 13:40:00+05:30,1420.0,1422.0,1419.5,1421.4000244140625,121460
2026-02-20 13:45:00+05:30,1420.5,1421.5,1419.5999755859375,1420.0999755859375,131274
2026-02-20 13:50:00+05:30,1418.9000244140625,1420.9000244140625,1418.9000244140625,1420.5,52687
2026-02-20 13:55:00+05:30,1421.9000244140625,1422.0999755859375,1418.5,1419.0999755859375,67580
2026-02-20 14:00:00+05:30,1421.4000244140625,1423.699951171875,1421.0,1421.9000244140625,49722
2026-02-20 14:05:00+05:30,1420.9000244140625,1421.800048828125,1420.199951171875,1421.4000244140625,36101
2026-02-20 14:10:00+05:30,1422.4000244140625,1422.699951171875,1420.4000244140625,1421.0999755859375,76203
2026-02-20 14:15:00+05:30,1425.800048828125,1425.9000244140625,1422.4000244140625,1422.4000244140625,278042
2026-02-20 14:20:00+05:30,1423.0,1426.0,1422.800048828125,1425.9000244140625,155775
2026-02-20 14:25:00+05:30,1421.300048828125,1423.5,1420.5999755859375,1423.0999755859375,264094
2026-02-20 14:30:00+05:30,1422.5,1423.0,1420.699951171875,1421.300048828125,42236
2026-02-20 14:35:00+05:30,1422.300048828125,1423.0,1421.0,1422.5,41388
2026-02-20 14:40:00+05:30,1423.0999755859375,1424.199951171875,1421.800048828125,1422.300048828125,63283
2026-02-20 14:45:00+05:30,1424.0,1424.5,1423.0,1423.699951171875,47023
2026-02-20 14:50:00+05:30,1423.9000244140625,1424.9000244140625,1422.0,1424.0,86554
2026-02-20 14:55:00+05:30,1425.5,1425.5,1422.5999755859375,1424.0,58162
2026-02-20 15:00:00+05:30,1422.0,1426.0,1421.5999755859375,1425.699951171875,213011
2026-02-20 15:05:00+05:30,1418.800048828125,1422.0,1418.300048828125,1421.9000244140625,411427
2026-02-20 15:10:00+05:30,1418.699951171875,1419.199951171875,1417.699951171875,1418.699951171875,282281
2026-02-20 15:15:00+05:30,1418.5,1419.300048828125,1418.4000244140625,1418.699951171875,215123
2026-02-20 15:20:00+05:30,1420.0,1420.0,1418.0,1419.0,342826
2026-02-20 15:25:00+05:30,1419.4000244140625,1420.800048828125,1418.199951171875,1419.9000244140625,236266
2026-02-23 09:20:00+05:30,1433.5999755859375,1434.9000244140625,1432.0999755859375,1432.300048828125,142397
2026-02-23 09:25:00+05:30,1433.5999755859375,1434.800048828125,1431.4000244140625,1432.800048828125,91270
2026-02-23 09:30:00+05:30,1433.199951171875,1434.5,1430.0999755859375,1433.5999755859375,88014
2026-02-23 09:35:00+05:30,1430.699951171875,1434.0,1430.5999755859375,1433.300048828125,66290
2026-02-23 09:40:00+05:30,1432.0,1432.5,1430.699951171875,1431.0,58439
2026-02-23 09:45:00+05:30,1429.4000244140625,1432.300048828125,1429.4000244140625,1432.0,84973
2026-02-23 09:50:00+05:30,1428.5,1431.0,1428.4000244140625,1429.5,60513
2026-02-23 09:55:00+05:30,1428.0999755859375,1431.199951171875,1427.9000244140625,1428.699951171875,65986
2026-02-23 10:00:00+05:30,1428.5,1428.5,1427.5,1428.0,40127
2026-02-23 10:05:00+05:30,1428.199951171875,1429.9000244140625,1428.0,1428.5,74806
2026-02-23 10:10:00+05:30,1426.0,1428.199951171875,1425.0999755859375,1428.0,70151
2026-02-23 10:15:00+05:30,1427.800048828125,1427.9000244140625,1425.5999755859375,1426.0,46971
2026-02-23 10:20:00+05:30,1427.0,1428.0,1426.5,1427.800048828125,38476
2026-02-23 10:25:00+05:30,1425.0,1427.0,1424.5999755859375,1427.0,65857
2026-02-23 10:30:00+05:30,1425.800048828125,1426.5,1425.0999755859375,1425.5999755859375,55415
2026-02-23 10:35:00+05:30,1425.4000244140625,1426.699951171875,1425.0999755859375,1425.9000244140625,45847
2026-02-23 10:40:00+05:30,1423.199951171875,1425.5,1423.199951171875,1425.300048828125,107933
2026-02-23 10:45:00+05:30,1424.9000244140625,1425.0,1422.300048828125,1423.199951171875,113233
2026-02-23 10:50:00+05:30,1426.699951171875,1427.4000244140625,1424.5,1424.9000244140625,81772
2026-02-23 10:55:00+05:30,1424.800048828125,1426.699951171875,1424.5,1426.699951171875,81510
2026-02-23 11:00:00+05:30,1426.0,1426.9000244140625,1424.5999755859375,1424.800048828125,42723
2026-02-23 11:05:00+05:30,1427.0,1427.4000244140625,1424.9000244140625,1426.0,140262
2026-02-23 11:10:00+05:30,1427.800048828125,1427.9000244140625,1426.0999755859375,1427.0,36191
2026-02-23 11:15:00+05:30,1426.0,1427.9000244140625,1426.0,1427.800048828125,44964
2026-02-23 11:20:00+05:30,1425.699951171875,1426.4000244140625,1425.199951171875,1426.0,31343
2026-02-23 11:25:00+05:30,1424.800048828125,1425.800048828125,1424.0999755859375,1425.699951171875,42056
2026-02-23 11:30:00+05:30,1423.4000244140625,1424.9000244140625,1423.0999755859375,1424.9000244140625,23794
2026-02-23 11:35:00+05:30,1423.5,1423.5,1422.300048828125,1423.300048828125,39931
2026-02-23 11:40:00+05:30,1422.699951171875,1423.5,1422.5,1423.4000244140625,34278
2026-02-23 11:45:00+05:30,1420.4000244140625,1422.9000244140625,1419.699951171875,1422.699951171875,76209
2026-02-23 11:50:00+05:30,1421.5,1421.9000244140625,1419.199951171875,1420.4000244140625,38981
2026-02-23 11:55:00+05:30,1420.5999755859375,1421.800048828125,1420.5,1421.5,28861
2026-02-23 12:00:00+05:30,1421.699951171875,1421.9000244140625,1420.0999755859375,1420.5999755859375,44977
2026-02-23 12:05:00+05:30,1422.0999755859375,1423.5,1421.300048828125,1421.800048828125,52008
2026-02-23 12:10:00+05:30,1423.0,1423.199951171875,1421.300048828125,1422.0999755859375,63007
2026-02-23 12:15:00+05:30,1422.5999755859375,1424.0,1422.5,1422.800048828125,36427
2026-02-23 12:20:00+05:30,1421.0999755859375,1422.9000244140625,1421.0999755859375,1422.5999755859375,43264
2026-02-23 12:25:00+05:30,1420.800048828125,1421.5,1420.300048828125,1421.5,28903
2026-02-23 12:30:00+05:30,1421.300048828125,1421.5,1420.0,1420.9000244140625,50328
2026-02-23 12:35:00+05:30,1423.699951171875,1423.800048828125,1421.199951171875,1421.199951171875,68338
2026-02-23 12:40:00+05:30,1425.5999755859375,1425.800048828125,1423.699951171875,1423.699951171875,277675
2026-02-23 12:45:00+05:30,1423.800048828125,1426.199951171875,1423.4000244140625,1425.800048828125,91323
2026-02-23 12:50:00+05:30,1423.800048828125,1424.5,1422.0999755859375,1423.5999755859375,254853
2026-02-23 12:55:00+05:30,1423.0999755859375,1424.5999755859375,1422.5,1423.699951171875,150203
2026-02-23 13:00:00+05:30,1423.199951171875,1423.4000244140625,1422.300048828125,1423.0999755859375,121208
2026-02-23 13:05:00+05:30,1423.9000244140625,1424.4000244140625,1423.0,1423.199951171875,174696
2026-02-23 13:10:00+05:30,1424.5,1425.199951171875,1423.800048828125,1423.800048828125,153681
2026-02-23 13:15:00+05:30,1424.300048828125,1424.9000244140625,1423.699951171875,1424.699951171875,53326
2026-02-23 13:20:00+05:30,1423.800048828125,1424.699951171875,1422.9000244140625,1424.300048828125,60657
2026-02-23 13:25:00+05:30,1424.699951171875,1425.300048828125,1423.800048828125,1423.800048828125,100306
2026-02-23 13:30:00+05:30,1423.199951171875,1425.800048828125,1423.0999755859375,1424.699951171875,218228
2026-02-23 13:35:00+05:30,1421.800048828125,1423.5,1421.199951171875,1423.199951171875,350161
2026-02-23 13:40:00+05:30,1423.5,1423.9000244140625,1420.300048828125,1421.199951171875,234578
2026-02-23 13:45:00+05:30,1421.0,1423.800048828125,1421.0,1423.5999755859375,59649
2026-02-23 13:50:00+05:30,1420.800048828125,1421.5,1420.800048828125,1421.0,34755
2026-02-23 13:55:00+05:30,1419.800048828125,1421.199951171875,1419.5999755859375,1420.800048828125,56939
2026-02-23 14:00:00+05:30,1419.9000244140625,1420.199951171875,1418.5999755859375,1419.800048828125,103948
2026-02-23 14:05:00+05:30,1419.800048828125,1420.5999755859375,1419.5,1419.5999755859375,94974
2026-02-23 14:10:00+05:30,1419.0,1420.0,1418.5,1419.699951171875,42804
2026-02-23 14:15:00+05:30,1421.5999755859375,1421.5999755859375,1418.5,1418.9000244140625,53746
2026-02-23 14:20:00+05:30,1421.300048828125,1421.9000244140625,1421.199951171875,1421.5999755859375,54111
2026-02-23 14:25:00+05:30,1425.300048828125,1425.5,1421.0,1421.5,89506
2026-02-23 14:30:00+05:30,1425.800048828125,1427.5,1423.300048828125,1425.5,375365
2026-02-23 14:35:00+05:30,1425.9000244140625,1426.5999755859375,1425.199951171875,1425.800048828125,53712
2026-02-23 14:40:00+05:30,1426.5,1427.0,1425.5,1425.9000244140625,82389
2026-02-23 14:45:00+05:30,1427.699951171875,1428.199951171875,1426.0999755859375,1426.5,138166
2026-02-23 14:50:00+05:30,1424.699951171875,1428.199951171875,1424.0999755859375,1428.0,103705
2026-02-23 14:55:00+05:30,1423.0,1425.0,1423.0,1424.699951171875,48390
2026-02-23 15:00:00+05:30,1427.300048828125,1428.0,1423.5,1423.800048828125,298582
2026-02-23 15:05:00+05:30,1428.199951171875,1428.5,1427.300048828125,1427.300048828125,227257
2026-02-23 15:10:00+05:30,1428.800048828125,1429.0,1427.9000244140625,1428.4000244140625,211633
2026-02-23 15:15:00+05:30,1429.300048828125,1429.5,1428.300048828125,1428.699951171875,192630
2026-02-23 15:20:00+05:30,1429.9000244140625,1429.9000244140625,1428.199951171875,1429.4000244140625,204119
2026-02-23 15:25:00+05:30,1428.0,1430.0,1424.5,1429.5999755859375,228034
2026-02-24 09:20:00+05:30,1427.0,1427.300048828125,1422.699951171875,1423.4000244140625,119648
2026-02-24 09:25:00+05:30,1424.4000244140625,1427.0,1423.5999755859375,1426.699951171875,58239
2026-02-24 09:30:00+05:30,1421.9000244140625,1424.300048828125,1421.0999755859375,1424.300048828125,67319
2026-02-24 09:35:00+05:30,1419.699951171875,1421.800048828125,1419.199951171875,1421.800048828125,75508
2026-02-24 09:40:00+05:30,1418.699951171875,1420.199951171875,1417.5,1419.5999755859375,86742
2026-02-24 09:45:00+05:30,1422.300048828125,1423.9000244140625,1418.699951171875,1418.9000244140625,66575
2026-02-24 09:50:00+05:30,1420.699951171875,1422.300048828125,1420.0999755859375,1422.199951171875,38425
2026-02-24 09:55:00+05:30,1420.0999755859375,1421.0,1420.0999755859375,1420.699951171875,23069
2026-02-24 10:00:00+05:30,1420.4000244140625,1420.9000244140625,1419.0,1420.300048828125,40140
2026-02-24 10:05:00+05:30,1419.5999755859375,1420.800048828125,1419.5999755859375,1420.0,38254
2026-02-24 10:10:00+05:30,1417.199951171875,1419.300048828125,1416.5,1419.300048828125,75137
2026-02-24 10:15:00+05:30,1416.9000244140625,1417.5,1415.699951171875,1416.699951171875,75635
2026-02-24 10:20:00+05:30,1415.699951171875,1417.800048828125,1415.300048828125,1417.0,62411
2026-02-24 10:25:00+05:30,1415.300048828125,1416.199951171875,1415.0,1415.699951171875,62694
2026-02-24 10:30:00+05:30,1416.699951171875,1417.4000244140625,1415.0,1415.300048828125,75799
2026-02-24 10:35:00+05:30,1416.800048828125,1417.300048828125,1416.4000244140625,1416.800048828125,29222
2026-02-24 10:40:00+05:30,1416.9000244140625,1417.0,1416.0999755859375,1416.800048828125,39509
2026-02-24 10:45:00+05:30,1416.4000244140625,1417.699951171875,1416.0999755859375,1416.9000244140625,62469
2026-02-24 10:50:00+05:30,1415.9000244140625,1416.9000244140625,1415.5,1416.699951171875,50707
2026-02-24 10:55:00+05:30,1415.9000244140625,1416.0999755859375,1415.199951171875,1415.800048828125,43913
2026-02-24 11:00:00+05:30,1418.800048828125,1418.9000244140625,1415.300048828125,1415.5999755859375,65279
2026-02-24 11:05:00+05:30,1420.0999755859375,1420.9000244140625,1418.199951171875,1418.5,80580
2026-02-24 11:10:00+05:30,1420.4000244140625,1421.699951171875,1420.0999755859375,1420.5999755859375,40155
2026-02-24 11:15:00+05:30,1420.5999755859375,1420.699951171875,1420.0999755859375,1420.5,26293
2026-02-24 11:20:00+05:30,1419.4000244140625,1421.0,1419.199951171875,1420.5999755859375,127350
2026-02-24 11:25:00+05:30,1421.4000244140625,1421.5,1419.4000244140625,1419.4000244140625,78630
2026-02-24 11:30:00+05:30,1419.800048828125,1422.4000244140625,1419.300048828125,1421.5,66366
2026-02-24 11:35:00+05:30,1419.699951171875,1420.5,1419.199951171875,1420.0,35718
2026-02-24 11:40:00+05:30,1420.800048828125,1421.4000244140625,1419.800048828125,1419.800048828125,107933
2026-02-24 11:45:00+05:30,1421.0,1421.0999755859375,1420.4000244140625,1420.800048828125,19080
2026-02-24 11:50:00+05:30,1421.0,1421.800048828125,1420.5999755859375,1421.0,100868
2026-02-24 11:55:00+05:30,1421.199951171875,1422.300048828125,1420.699951171875,1421.199951171875,111269
2026-02-24 12:00:00+05:30,1420.4000244140625,1421.5,1419.800048828125,1421.0,64603
2026-02-24 12:05:00+05:30,1421.0,1421.5999755859375,1420.300048828125,1421.0,40339
2026-02-24 12:10:00+05:30,1422.0,1422.4000244140625,1420.5999755859375,1421.0,99492
2026-02-24 12:15:00+05:30,1421.9000244140625,1422.9000244140625,1421.199951171875,1422.5,243093
2026-02-24 12:20:00+05:30,1423.0,1423.4000244140625,1421.699951171875,1421.800048828125,244073
2026-02-24 12:25:00+05:30,1423.5999755859375,1423.9000244140625,1422.699951171875,1423.199951171875,53018
2026-02-24 12:30:00+05:30,1424.9000244140625,1424.9000244140625,1423.5,1423.5999755859375,68514
2026-02-24 12:35:00+05:30,1423.0,1425.800048828125,1422.9000244140625,1424.9000244140625,140095
2026-02-24 12:40:00+05:30,1423.0999755859375,1423.300048828125,1422.0999755859375,1423.0,71017
2026-02-24 12:45:00+05:30,1421.5,1423.800048828125,1420.5999755859375,1423.0999755859375,107420
2026-02-24 12:50:00+05:30,1422.5,1423.5,1421.0999755859375,1421.5999755859375,106850
2026-02-24 12:55:00+05:30,1422.699951171875,1423.0,1422.300048828125,1422.5,31710
2026-02-24 13:00:00+05:30,1423.0999755859375,1423.5,1421.800048828125,1422.699951171875,55371
2026-02-24 13:05:00+05:30,1423.699951171875,1423.800048828125,1423.0,1423.199951171875,52740
2026-02-24 13:10:00+05:30,1424.199951171875,1425.0,1423.5999755859375,1423.800048828125,218079
2026-02-24 13:15:00+05:30,1424.0,1424.4000244140625,1423.0,1424.4000244140625,196315
2026-02-24 13:20:00+05:30,1422.300048828125,1424.0,1422.199951171875,1424.0,42672
2026-02-24 13:25:00+05:30,1422.4000244140625,1423.300048828125,1422.199951171875,1422.300048828125,47114
2026-02-24 13:30:00+05:30,1420.9000244140625,1422.699951171875,1420.5,1422.4000244140625,145779
2026-02-24 13:35:00+05:30,1422.0,1422.300048828125,1420.0,1420.9000244140625,142805
2026-02-24 13:40:00+05:30,1420.5999755859375,1422.0999755859375,1419.0999755859375,1422.0,48350
2026-02-24 13:45:00+05:30,1420.0999755859375,1420.9000244140625,1420.0999755859375,1420.699951171875,29932
2026-02-24 13:50:00+05:30,1421.300048828125,1421.4000244140625,1420.0,1420.0999755859375,27964
2026-02-24 13:55:00+05:30,1422.199951171875,1423.9000244140625,1421.199951171875,1421.300048828125,431621
2026-02-24 14:00:00+05:30,1422.4000244140625,1423.199951171875,1421.5999755859375,1422.300048828125,151360
2026-02-24 14:05:00+05:30,1424.4000244140625,1424.5,1422.4000244140625,1422.4000244140625,236943
2026-02-24 14:10:00+05:30,1427.0,1427.199951171875,1423.9000244140625,1424.300048828125,272294
2026-02-24 14:15:00+05:30,1427.5999755859375,1428.9000244140625,1426.199951171875,1427.0,441369
2026-02-24 14:20:00+05:30,1425.5,1427.699951171875,1423.300048828125,1427.699951171875,916534
2026-02-24 14:25:00+05:30,1425.699951171875,1426.9000244140625,1424.800048828125,1425.4000244140625,87464
2026-02-24 14:30:00+05:30,1426.9000244140625,1427.300048828125,1425.4000244140625,1425.699951171875,80948
2026-02-24 14:35:00+05:30,1427.300048828125,1428.4000244140625,1426.9000244140625,1426.9000244140625,100179
2026-02-24 14:40:00+05:30,1424.199951171875,1428.699951171875,1424.199951171875,1427.300048828125,522638
2026-02-24 14:45:00+05:30,1425.5999755859375,1425.9000244140625,1422.699951171875,1424.300048828125,376533
2026-02-24 14:50:00+05:30,1425.4000244140625,1425.800048828125,1424.300048828125,1425.800048828125,89263
2026-02-24 14:55:00+05:30,1426.0999755859375,1426.9000244140625,1424.0999755859375,1425.4000244140625,300856
2026-02-24 15:00:00+05:30,1424.699951171875,1427.0999755859375,1424.5999755859375,1426.4000244140625,603702
2026-02-24 15:05:00+05:30,1429.300048828125,1429.5999755859375,1424.0999755859375,1424.5999755859375,1037565
2026-02-24 15:10:00+05:30,1429.300048828125,1430.699951171875,1428.300048828125,1429.300048828125,734410
2026-02-24 15:15:00+05:30,1430.0,1431.699951171875,1429.0999755859375,1429.0999755859375,483928
2026-02-24 15:20:00+05:30,1431.5999755859375,1431.800048828125,1429.300048828125,1430.0999755859375,521171
2026-02-24 15:25:00+05:30,1432.0,1433.300048828125,1430.699951171875,1431.5999755859375,414003
2026-02-25 09:20:00+05:30,1434.699951171875,1435.5999755859375,1433.300048828125,1433.800048828125,87357
2026-02-25 09:25:00+05:30,1433.699951171875,1435.5999755859375,1433.5,1434.4000244140625,66707
2026-02-25 09:30:00+05:30,1432.699951171875,1434.5999755859375,1431.5999755859375,1433.5,72168
2026-02-25 09:35:00+05:30,1432.699951171875,1432.9000244140625,1431.199951171875,1432.699951171875,57776
2026-02-25 09:40:00+05:30,1430.800048828125,1433.4000244140625,1430.5,1432.9000244140625,48357
2026-02-25 09:45:00+05:30,1432.9000244140625,1433.0999755859375,1430.0,1430.4000244140625,42694
2026-02-25 09:50:00+05:30,1432.300048828125,1433.0999755859375,1431.800048828125,1432.5999755859375,30628
2026-02-25 09:55:00+05:30,1432.9000244140625,1433.0,1431.5999755859375,1432.300048828125,21659
2026-02-25 10:00:00+05:30,1433.9000244140625,1435.0,1432.699951171875,1433.0,77772
2026-02-25 10:05:00+05:30,1433.5999755859375,1434.4000244140625,1433.199951171875,1433.5999755859375,40442
2026-02-25 10:10:00+05:30,1432.5,1433.5,1432.5,1433.5,25077
2026-02-25 10:15:00+05:30,1433.0,1434.699951171875,1432.699951171875,1433.0,51566
2026-02-25 10:20:00+05:30,1433.0,1433.5,1432.5999755859375,1433.0,26762
2026-02-25 10:25:00+05:30,1433.199951171875,1433.300048828125,1432.5999755859375,1433.0,27333
2026-02-25 10:30:00+05:30,1435.0,1435.800048828125,1433.0,1433.199951171875,202547
2026-02-25 10:35:00+05:30,1434.0,1435.0,1433.800048828125,1435.0,27986
2026-02-25 10:40:00+05:30,1431.199951171875,1434.4000244140625,1431.199951171875,1433.699951171875,116352
2026-02-25 10:45:00+05:30,1431.0,1431.800048828125,1430.699951171875,1431.199951171875,76221
2026-02-25 10:50:00+05:30,1429.699951171875,1431.0,1429.5999755859375,1431.0,79718
2026-02-25 10:55:00+05:30,1430.199951171875,1430.5,1429.0999755859375,1429.800048828125,40651
2026-02-25 11:00:00+05:30,1430.0999755859375,1431.4000244140625,1430.0,1430.199951171875,57210
2026-02-25 11:05:00+05:30,1430.0999755859375,1431.5,1430.0999755859375,1430.0999755859375,65619
2026-02-25 11:10:00+05:30,1430.699951171875,1431.699951171875,1430.0999755859375,1430.4000244140625,58532
2026-02-25 11:15:00+05:30,1431.4000244140625,1431.4000244140625,1428.800048828125,1430.699951171875,139996
2026-02-25 11:20:00+05:30,1430.9000244140625,1431.5999755859375,1430.0999755859375,1431.4000244140625,30944
2026-02-25 11:25:00+05:30,1431.0,1431.9000244140625,1430.5999755859375,1430.699951171875,53011
2026-02-25 11:30:00+05:30,1428.5999755859375,1431.0999755859375,1428.199951171875,1431.0999755859375,93758
2026-02-25 11:35:00+05:30,1430.5999755859375,1431.0,1428.5999755859375,1428.9000244140625,49915
2026-02-25 11:40:00+05:30,1429.800048828125,1430.5,1429.0,1430.5,80173
2026-02-25 11:45:00+05:30,1430.199951171875,1430.800048828125,1430.0,1430.0,24690
2026-02-25 11:50:00+05:30,1428.5999755859375,1430.199951171875,1428.5999755859375,1430.199951171875,20421
2026-02-25 11:55:00+05:30,1429.5,1429.9000244140625,1428.5999755859375,1429.199951171875,21278
2026-02-25 12:00:00+05:30,1429.699951171875,1430.199951171875,1429.5,1429.5,47299
2026-02-25 12:05:00+05:30,1430.199951171875,1430.199951171875,1429.0,1430.0,81549
2026-02-25 12:10:00+05:30,1429.0,1430.199951171875,1427.4000244140625,1430.199951171875,99469
2026-02-25 12:15:00+05:30,1428.5,1429.9000244140625,1428.0,1429.300048828125,101490
2026-02-25 12:20:00+05:30,1428.5999755859375,1429.199951171875,1428.0999755859375,1428.5,43098
2026-02-25 12:25:00+05:30,1428.0,1428.5999755859375,1427.300048828125,1428.5999755859375,50802
2026-02-25 12:30:00+05:30,1424.800048828125,1428.0,1424.300048828125,1427.9000244140625,73992
2026-02-25 12:35:00+05:30,1422.199951171875,1424.9000244140625,1420.699951171875,1424.800048828125,306975
2026-02-25 12:40:00+05:30,1419.9000244140625,1422.199951171875,1419.4000244140625,1422.199951171875,85893
2026-02-25 12:45:00+05:30,1416.5999755859375,1419.9000244140625,1416.0999755859375,1419.9000244140625,91737
2026-02-25 12:50:00+05:30,1417.0,1418.0,1414.699951171875,1416.5,335448
2026-02-25 12:55:00+05:30,1414.0,1417.0,1413.4000244140625,1417.0,128256
2026-02-25 13:00:00+05:30,1412.4000244140625,1414.0,1410.0999755859375,1414.0,122418
2026-02-25 13:05:00+05:30,1412.300048828125,1413.5999755859375,1411.0,1412.699951171875,211966
2026-02-25 13:10:00+05:30,1412.4000244140625,1413.5,1412.0,1412.5,39932
2026-02-25 13:15:00+05:30,1414.0999755859375,1414.699951171875,1412.0,1412.300048828125,79964
2026-02-25 13:20:00+05:30,1411.0,1414.5,1410.699951171875,1414.0,188122
2026-02-25 13:25:00+05:30,1410.5999755859375,1411.199951171875,1407.300048828125,1411.0999755859375,343405
2026-02-25 13:30:00+05:30,1409.199951171875,1411.5,1408.0999755859375,1410.5999755859375,188291
2026-02-25 13:35:00+05:30,1409.800048828125,1410.5999755859375,1409.0,1409.0999755859375,44693
2026-02-25 13:40:00+05:30,1409.4000244140625,1410.199951171875,1409.4000244140625,1409.699951171875,45424
2026-02-25 13:45:00+05:30,1410.300048828125,1410.5999755859375,1407.300048828125,1409.4000244140625,82826
2026-02-25 13:50:00+05:30,1410.800048828125,1410.800048828125,1410.0,1410.5999755859375,39309
2026-02-25 13:55:00+05:30,1411.4000244140625,1411.5,1410.4000244140625,1410.800048828125,51906
2026-02-25 14:00:00+05:30,1409.5,1411.5,1408.4000244140625,1411.5,93922
2026-02-25 14:05:00+05:30,1409.5,1410.699951171875,1407.9000244140625,1409.300048828125,244317
2026-02-25 14:10:00+05:30,1410.9000244140625,1411.300048828125,1408.9000244140625,1409.5,75297
2026-02-25 14:15:00+05:30,1414.800048828125,1414.800048828125,1409.300048828125,1410.9000244140625,383167
2026-02-25 14:20:00+05:30,1410.9000244140625,1414.699951171875,1410.800048828125,1414.699951171875,353611
2026-02-25 14:25:00+05:30,1407.5,1411.300048828125,1407.5,1411.199951171875,517113
2026-02-25 14:30:00+05:30,1409.800048828125,1411.0999755859375,1407.4000244140625,1407.699951171875,372912
2026-02-25 14:35:00+05:30,1409.9000244140625,1410.0999755859375,1409.0,1409.699951171875,94196
2026-02-25 14:40:00+05:30,1408.199951171875,1409.9000244140625,1405.5999755859375,1409.699951171875,226560
2026-02-25 14:45:00+05:30,1403.5,1408.9000244140625,1403.0999755859375,1408.199951171875,149417
2026-02-25 14:50:00+05:30,1400.5,1404.5,1399.0999755859375,1403.699951171875,263786
2026-02-25 14:55:00+05:30,1400.5999755859375,1404.0999755859375,1398.199951171875,1400.5,251874
2026-02-25 15:00:00+05:30,1400.699951171875,1402.9000244140625,1399.199951171875,1400.5999755859375,438121
2026-02-25 15:05:00+05:30,1397.0999755859375,1401.699951171875,1396.5999755859375,1400.699951171875,408585
2026-02-25 15:10:00+05:30,1395.300048828125,1398.0,1393.5,1397.0999755859375,441092
2026-02-25 15:15:00+05:30,1399.699951171875,1399.9000244140625,1395.4000244140625,1395.4000244140625,380975
2026-02-25 15:20:00+05:30,1398.199951171875,1400.0,1397.699951171875,1399.800048828125,365027
2026-02-25 15:25:00+05:30,1400.699951171875,1400.9000244140625,1398.199951171875,1398.300048828125,323623
2026-02-26 09:20:00+05:30,1399.300048828125,1404.199951171875,1398.5999755859375,1404.0,141877
2026-02-26 09:25:00+05:30,1401.5999755859375,1401.9000244140625,1397.0,1399.5999755859375,134446
2026-02-26 09:30:00+05:30,1402.199951171875,1402.199951171875,1400.4000244140625,1401.9000244140625,96437
2026-02-26 09:35:00+05:30,1402.699951171875,1403.0,1401.0999755859375,1402.300048828125,61747
2026-02-26 09:40:00+05:30,1401.4000244140625,1402.9000244140625,1400.4000244140625,1402.699951171875,59202
2026-02-26 09:45:00+05:30,1401.800048828125,1402.5,1401.0999755859375,1401.300048828125,51888
2026-02-26 09:50:00+05:30,1397.300048828125,1402.0999755859375,1397.300048828125,1402.0999755859375,85007
2026-02-26 09:55:00+05:30,1399.0,1399.0999755859375,1397.0,1397.300048828125,63868
2026-02-26 10:00:00+05:30,1399.5,1400.0,1398.800048828125,1399.199951171875,53913
2026-02-26 10:05:00+05:30,1401.4000244140625,1402.0,1399.800048828125,1399.800048828125,61519
2026-02-26 10:10:00+05:30,1401.4000244140625,1402.0,1401.0999755859375,1401.699951171875,33988
2026-02-26 10:15:00+05:30,1403.0999755859375,1404.0,1401.0999755859375,1401.300048828125,61444
2026-02-26 10:20:00+05:30,1401.800048828125,1403.4000244140625,1401.4000244140625,1403.0999755859375,38838
2026-02-26 10:25:00+05:30,1400.699951171875,1402.300048828125,1400.5,1401.800048828125,39390
2026-02-26 10:30:00+05:30,1402.0,1403.0,1400.5999755859375,1400.699951171875,47819
2026-02-26 10:35:00+05:30,1400.5,1402.300048828125,1400.300048828125,1402.0,72616
2026-02-26 10:40:00+05:30,1401.4000244140625,1401.699951171875,1400.300048828125,1400.4000244140625,28409
2026-02-26 10:45:00+05:30,1403.0,1403.800048828125,1401.300048828125,1401.5,35996
2026-02-26 10:50:00+05:30,1401.9000244140625,1403.199951171875,1401.9000244140625,1403.0,24202
2026-02-26 10:55:00+05:30,1403.300048828125,1403.9000244140625,1401.0999755859375,1402.0,70089
2026-02-26 11:00:00+05:30,1404.5,1405.0,1402.0999755859375,1403.4000244140625,82821
2026-02-26 11:05:00+05:30,1405.0,1405.699951171875,1404.5,1404.699951171875,58360
2026-02-26 11:10:00+05:30,1406.0,1406.699951171875,1404.9000244140625,1405.4000244140625,60415
2026-02-26 11:15:00+05:30,1406.800048828125,1406.800048828125,1405.5,1405.800048828125,32011
2026-02-26 11:20:00+05:30,1405.300048828125,1406.800048828125,1405.199951171875,1406.5,62523
2026-02-26 11:25:00+05:30,1405.5,1409.0999755859375,1405.5,1405.5,397176
2026-02-26 11:30:00+05:30,1405.0,1407.0,1405.0,1405.5,89199
2026-02-26 11:35:00+05:30,1402.9000244140625,1405.699951171875,1401.300048828125,1405.0999755859375,194260
2026-02-26 11:40:00+05:30,1393.5,1403.199951171875,1392.0999755859375,1402.9000244140625,628153
2026-02-26 11:45:00+05:30,1398.800048828125,1399.4000244140625,1392.0999755859375,1393.300048828125,381850
2026-02-26 11:50:00+05:30,1398.5999755859375,1401.699951171875,1398.300048828125,1399.0999755859375,427235
2026-02-26 11:55:00+05:30,1396.9000244140625,1399.0,1395.9000244140625,1398.4000244140625,87441
2026-02-26 12:00:00+05:30,1398.800048828125,1400.800048828125,1396.5,1396.9000244140625,192260
2026-02-26 12:05:00+05:30,1403.199951171875,1403.300048828125,1398.699951171875,1398.699951171875,208461
2026-02-26 12:10:00+05:30,1401.4000244140625,1404.199951171875,1401.0999755859375,1402.800048828125,228734
2026-02-26 12:15:00+05:30,1400.0,1402.9000244140625,1400.0,1401.5,263063
2026-02-26 12:20:00+05:30,1400.300048828125,1401.800048828125,1395.4000244140625,1400.5,484484
2026-02-26 12:25:00+05:30,1401.0,1402.5,1400.0,1400.300048828125,49531
2026-02-26 12:30:00+05:30,1403.9000244140625,1405.800048828125,1401.0,1401.0,152027
2026-02-26 12:35:00+05:30,1405.800048828125,1406.5,1403.0,1404.0999755859375,431081
2026-02-26 12:40:00+05:30,1408.0999755859375,1408.4000244140625,1405.199951171875,1405.800048828125,266999
2026-02-26 12:45:00+05:30,1406.0999755859375,1408.5,1406.0,1408.0,98925
2026-02-26 12:50:00+05:30,1403.5,1406.300048828125,1403.300048828125,1406.199951171875,389641
2026-02-26 12:55:00+05:30,1398.9000244140625,1404.300048828125,1398.9000244140625,1403.9000244140625,549007
2026-02-26 13:00:00+05:30,1406.0,1406.0,1398.9000244140625,1399.300048828125,181918
2026-02-26 13:05:00+05:30,1402.4000244140625,1406.0,1401.0999755859375,1406.0,116568
2026-02-26 13:10:00+05:30,1401.800048828125,1402.9000244140625,1400.800048828125,1402.9000244140625,123669
2026-02-26 13:15:00+05:30,1402.5,1403.0,1400.5,1401.5999755859375,52476
2026-02-26 13:20:00+05:30,1403.699951171875,1403.9000244140625,1401.5,1402.5,61952
2026-02-26 13:25:00+05:30,1402.5999755859375,1404.699951171875,1401.699951171875,1403.699951171875,155397
2026-02-26 13:30:00+05:30,1402.0999755859375,1404.0,1401.4000244140625,1402.5999755859375,54970
2026-02-26 13:35:00+05:30,1402.800048828125,1403.5999755859375,1402.0,1402.300048828125,27794
2026-02-26 13:40:00+05:30,1400.5999755859375,1403.5,1400.5999755859375,1402.9000244140625,133862
2026-02-26 13:45:00+05:30,1402.199951171875,1402.699951171875,1400.5999755859375,1401.0999755859375,163974
2026-02-26 13:50:00+05:30,1405.0,1405.699951171875,1401.800048828125,1402.199951171875,340581
2026-02-26 13:55:00+05:30,1406.800048828125,1406.9000244140625,1404.5999755859375,1405.0999755859375,449970
2026-02-26 14:00:00+05:30,1404.0999755859375,1406.9000244140625,1403.0,1406.800048828125,200505
2026-02-26 14:05:00+05:30,1404.199951171875,1404.4000244140625,1401.300048828125,1404.0999755859375,172599
2026-02-26 14:10:00+05:30,1406.0,1406.5999755859375,1404.199951171875,1404.4000244140625,39546
2026-02-26 14:15:00+05:30,1405.800048828125,1406.5,1405.199951171875,1406.199951171875,49644
2026-02-26 14:20:00+05:30,1404.4000244140625,1406.5,1404.0,1405.800048828125,88416
2026-02-26 14:25:00+05:30,1404.5,1406.5999755859375,1403.800048828125,1404.699951171875,242396
2026-02-26 14:30:00+05:30,1405.0,1405.0,1402.300048828125,1404.5,462479
2026-02-26 14:35:00+05:30,1405.5999755859375,1408.5999755859375,1405.0,1405.0,306915
2026-02-26 14:40:00+05:30,1409.5,1409.5,1405.300048828125,1405.5,225366
2026-02-26 14:45:00+05:30,1408.0,1410.699951171875,1407.9000244140625,1409.9000244140625,383898
2026-02-26 14:50:00+05:30,1406.9000244140625,1409.5,1405.0,1408.0,374506
2026-02-26 14:55:00+05:30,1406.300048828125,1407.5999755859375,1405.4000244140625,1406.9000244140625,138712
2026-02-26 15:00:00+05:30,1405.5,1412.9000244140625,1404.5,1406.5,1939162
2026-02-26 15:05:00+05:30,1406.699951171875,1408.800048828125,1404.199951171875,1405.5,1006878
2026-02-26 15:10:00+05:30,1404.0,1407.0999755859375,1401.699951171875,1406.4000244140625,719000
2026-02-26 15:15:00+05:30,1406.5999755859375,1406.9000244140625,1403.5,1403.9000244140625,337722
2026-02-26 15:20:00+05:30,1407.300048828125,1408.0,1406.4000244140625,1406.699951171875,201087
2026-02-26 15:25:00+05:30,1406.800048828125,1409.5999755859375,1406.0999755859375,1407.300048828125,200600
2026-02-27 09:20:00+05:30,1391.800048828125,1394.9000244140625,1389.699951171875,1390.800048828125,188244
2026-02-27 09:25:00+05:30,1392.4000244140625,1393.9000244140625,1391.699951171875,1391.800048828125,112634
2026-02-27 09:30:00+05:30,1393.0999755859375,1394.5,1392.0,1392.4000244140625,91089
2026-02-27 09:35:00+05:30,1393.699951171875,1393.9000244140625,1392.199951171875,1393.199951171875,65900
2026-02-27 09:40:00+05:30,1392.9000244140625,1393.699951171875,1392.5,1393.699951171875,44139
2026-02-27 09:45:00+05:30,1391.699951171875,1392.9000244140625,1391.199951171875,1392.9000244140625,51429
2026-02-27 09:50:00+05:30,1393.0,1393.0,1390.5,1390.5999755859375,59093
2026-02-27 09:55:00+05:30,1392.699951171875,1393.5,1392.4000244140625,1393.0,49781
2026-02-27 10:00:00+05:30,1393.800048828125,1393.800048828125,1392.0999755859375,1392.699951171875,85770
2026-02-27 10:05:00+05:30,1395.699951171875,1395.9000244140625,1393.0,1393.800048828125,114449
2026-02-27 10:10:00+05:30,1397.300048828125,1397.4000244140625,1395.699951171875,1395.699951171875,110810
2026-02-27 10:15:00+05:30,1396.800048828125,1397.5,1395.199951171875,1397.300048828125,86994
2026-02-27 10:20:00+05:30,1397.4000244140625,1397.4000244140625,1396.0999755859375,1396.699951171875,35695
2026-02-27 10:25:00+05:30,1398.300048828125,1399.0,1397.5999755859375,1397.800048828125,80780
2026-02-27 10:30:00+05:30,1399.699951171875,1401.9000244140625,1398.300048828125,1398.300048828125,192530
2026-02-27 10:35:00+05:30,1399.0,1400.5999755859375,1398.800048828125,1399.5999755859375,67052
2026-02-27 10:40:00+05:30,1400.5999755859375,1400.5999755859375,1397.9000244140625,1399.300048828125,86811
2026-02-27 10:45:00+05:30,1401.0,1401.0,1399.800048828125,1400.5999755859375,85348
2026-02-27 10:50:00+05:30,1401.300048828125,1401.9000244140625,1400.5,1401.0,56410
2026-02-27 10:55:00+05:30,1401.199951171875,1402.5,1401.0,1401.300048828125,74858
2026-02-27 11:00:00+05:30,1402.4000244140625,1402.4000244140625,1401.300048828125,1401.300048828125,35517
2026-02-27 11:05:00+05:30,1402.800048828125,1403.5999755859375,1402.4000244140625,1402.4000244140625,72858
2026-02-27 11:10:00+05:30,1403.0,1403.0,1401.699951171875,1402.800048828125,28301
2026-02-27 11:15:00+05:30,1402.0999755859375,1404.0,1401.199951171875,1403.0,148840
2026-02-27 11:20:00+05:30,1401.9000244140625,1402.0999755859375,1401.0,1402.0999755859375,61184
2026-02-27 11:25:00+05:30,1401.800048828125,1402.5,1401.199951171875,1402.0,45220
2026-02-27 11:30:00+05:30,1401.4000244140625,1402.0,1401.0,1401.9000244140625,42474
2026-02-27 11:35:00+05:30,1399.800048828125,1401.5,1398.5,1401.4000244140625,274100
2026-02-27 11:40:00+05:30,1402.0999755859375,1402.0999755859375,1399.0,1400.0,120856
2026-02-27 11:45:00+05:30,1404.5999755859375,1404.699951171875,1402.0,1402.0,95830
2026-02-27 11:50:00+05:30,1407.199951171875,1407.199951171875,1404.0999755859375,1404.5999755859375,150295
2026-02-27 11:55:00+05:30,1405.9000244140625,1407.4000244140625,1403.699951171875,1407.300048828125,270836
2026-02-27 12:00:00+05:30,1406.5999755859375,1406.699951171875,1405.4000244140625,1405.9000244140625,59229
2026-02-27 12:05:00+05:30,1404.5,1407.199951171875,1404.300048828125,1406.800048828125,78725
2026-02-27 12:10:00+05:30,1405.699951171875,1406.300048828125,1404.300048828125,1404.5,43581
2026-02-27 12:15:00+05:30,1405.699951171875,1406.0999755859375,1405.0999755859375,1406.0999755859375,25404
2026-02-27 12:20:00+05:30,1405.5999755859375,1406.800048828125,1405.0999755859375,1405.699951171875,40826
2026-02-27 12:25:00+05:30,1408.0,1408.699951171875,1405.5,1405.5999755859375,88177
2026-02-27 12:30:00+05:30,1408.5,1410.199951171875,1407.0999755859375,1408.0,391361
2026-02-27 12:35:00+05:30,1406.5,1408.800048828125,1406.300048828125,1408.800048828125,59879
2026-02-27 12:40:00+05:30,1405.199951171875,1407.0,1405.0,1406.5,62550
2026-02-27 12:45:00+05:30,1406.300048828125,1407.0,1405.0,1405.300048828125,37958
2026-02-27 12:50:00+05:30,1406.4000244140625,1407.5,1406.0,1406.0999755859375,47183
2026-02-27 12:55:00+05:30,1405.0999755859375,1406.800048828125,1404.300048828125,1406.4000244140625,41511
2026-02-27 13:00:00+05:30,1405.699951171875,1405.699951171875,1404.800048828125,1405.0,22453
2026-02-27 13:05:00+05:30,1406.199951171875,1406.300048828125,1405.5,1405.9000244140625,18097
2026-02-27 13:10:00+05:30,1405.5,1406.300048828125,1405.0999755859375,1406.199951171875,29676
2026-02-27 13:15:00+05:30,1406.0,1406.0999755859375,1405.0999755859375,1405.5,37124
2026-02-27 13:20:00+05:30,1406.0,1406.199951171875,1405.699951171875,1405.9000244140625,20524
2026-02-27 13:25:00+05:30,1406.800048828125,1407.300048828125,1405.300048828125,1406.0,49968
2026-02-27 13:30:00+05:30,1405.699951171875,1406.9000244140625,1405.699951171875,1406.699951171875,28821
2026-02-27 13:35:00+05:30,1405.5,1406.9000244140625,1404.199951171875,1405.5,152096
2026-02-27 13:40:00+05:30,1405.5999755859375,1406.5999755859375,1405.0999755859375,1405.4000244140625,36400
2026-02-27 13:45:00+05:30,1406.699951171875,1406.699951171875,1405.5,1405.699951171875,33097
2026-02-27 13:50:00+05:30,1406.699951171875,1406.800048828125,1406.0,1406.699951171875,31076
2026-02-27 13:55:00+05:30,1408.300048828125,1408.5,1406.5999755859375,1406.699951171875,47217
2026-02-27 14:00:00+05:30,1406.9000244140625,1409.4000244140625,1406.699951171875,1408.300048828125,55805
2026-02-27 14:05:00+05:30,1407.5999755859375,1407.800048828125,1406.300048828125,1406.800048828125,50849
2026-02-27 14:10:00+05:30,1407.800048828125,1408.5999755859375,1407.5,1407.5999755859375,53943
2026-02-27 14:15:00+05:30,1407.699951171875,1408.0,1407.0,1407.800048828125,33862
2026-02-27 14:20:00+05:30,1406.9000244140625,1408.0,1406.9000244140625,1407.699951171875,37879
2026-02-27 14:25:00+05:30,1405.0,1407.0,1404.800048828125,1406.9000244140625,56742
2026-02-27 14:30:00+05:30,1404.199951171875,1405.5,1403.5,1405.0,86139
2026-02-27 14:35:00+05:30,1404.300048828125,1406.5,1403.9000244140625,1403.9000244140625,79807
2026-02-27 14:40:00+05:30,1403.5999755859375,1404.9000244140625,1403.0,1404.800048828125,69848
2026-02-27 14:45:00+05:30,1403.4000244140625,1404.300048828125,1403.0,1403.5999755859375,45085
2026-02-27 14:50:00+05:30,1403.5,1404.5,1403.199951171875,1403.4000244140625,40440
2026-02-27 14:55:00+05:30,1405.199951171875,1405.5,1403.5999755859375,1404.5,73266
2026-02-27 15:00:00+05:30,1394.4000244140625,1405.199951171875,1394.0999755859375,1405.199951171875,1272464
2026-02-27 15:05:00+05:30,1391.699951171875,1395.4000244140625,1390.5,1394.0999755859375,1130355
2026-02-27 15:10:00+05:30,1391.199951171875,1393.5,1391.0999755859375,1391.5999755859375,893812
2026-02-27 15:15:00+05:30,1392.5,1394.800048828125,1391.0999755859375,1391.0999755859375,1088552
2026-02-27 15:20:00+05:30,1394.0,1394.9000244140625,1392.0999755859375,1392.4000244140625,1067085
2026-02-27 15:25:00+05:30,1394.800048828125,1394.9000244140625,1392.800048828125,1394.0,761582
2026-03-02 09:20:00+05:30,1369.5999755859375,1374.5,1367.0999755859375,1369.0999755859375,332771
2026-03-02 09:25:00+05:30,1367.5,1370.699951171875,1366.0,1369.199951171875,273275
2026-03-02 09:30:00+05:30,1376.199951171875,1376.9000244140625,1367.199951171875,1367.5,273675
2026-03-02 09:35:00+05:30,1373.5999755859375,1378.199951171875,1372.9000244140625,1376.5,220206
2026-03-02 09:40:00+05:30,1374.9000244140625,1376.0999755859375,1372.0,1373.5,117800
2026-03-02 09:45:00+05:30,1374.5999755859375,1377.5,1374.0999755859375,1374.699951171875,80543
2026-03-02 09:50:00+05:30,1371.5999755859375,1375.0,1371.5,1374.5,169244
2026-03-02 09:55:00+05:30,1375.5999755859375,1375.5999755859375,1371.199951171875,1371.800048828125,94794
2026-03-02 10:00:00+05:30,1370.9000244140625,1376.300048828125,1369.800048828125,1375.5999755859375,130184
2026-03-02 10:05:00+05:30,1365.5999755859375,1370.5999755859375,1365.199951171875,1370.5999755859375,525185
2026-03-02 10:10:00+05:30,1366.5999755859375,1366.5999755859375,1364.0999755859375,1365.5999755859375,217200
2026-03-02 10:15:00+05:30,1366.0,1367.199951171875,1365.0,1366.5,140725
2026-03-02 10:20:00+05:30,1365.5999755859375,1366.199951171875,1364.5,1366.0999755859375,117006
2026-03-02 10:25:00+05:30,1364.4000244140625,1365.5999755859375,1363.4000244140625,1365.5999755859375,125755
2026-03-02 10:30:00+05:30,1365.5,1366.0999755859375,1363.699951171875,1364.4000244140625,150177
2026-03-02 10:35:00+05:30,1365.5999755859375,1365.5999755859375,1363.5,1365.4000244140625,82722
2026-03-02 10:40:00+05:30,1363.699951171875,1365.5999755859375,1363.5999755859375,1365.4000244140625,110571
2026-03-02 10:45:00+05:30,1364.5999755859375,1366.300048828125,1363.5999755859375,1363.800048828125,90476
2026-03-02 10:50:00+05:30,1365.300048828125,1365.5999755859375,1364.4000244140625,1364.5,59365
2026-03-02 10:55:00+05:30,1366.0999755859375,1367.199951171875,1365.199951171875,1365.5,179327
2026-03-02 11:00:00+05:30,1365.0,1366.5,1364.5,1366.0999755859375,127174
2026-03-02 11:05:00+05:30,1365.5999755859375,1365.800048828125,1364.0999755859375,1364.9000244140625,82100
2026-03-02 11:10:00+05:30,1364.0999755859375,1365.5999755859375,1364.0,1365.5999755859375,60374
2026-03-02 11:15:00+05:30,1363.199951171875,1364.300048828125,1362.199951171875,1364.0999755859375,310232
2026-03-02 11:20:00+05:30,1362.300048828125,1363.300048828125,1361.5,1363.199951171875,132630
2026-03-02 11:25:00+05:30,1359.800048828125,1363.0,1358.5999755859375,1362.300048828125,173407
2026-03-02 11:30:00+05:30,1363.0,1365.199951171875,1359.0,1359.800048828125,591771
2026-03-02 11:35:00+05:30,1363.5999755859375,1364.699951171875,1362.699951171875,1362.9000244140625,60423
2026-03-02 11:40:00+05:30,1363.0,1363.9000244140625,1362.5,1363.800048828125,66864
2026-03-02 11:45:00+05:30,1362.9000244140625,1364.0,1362.5999755859375,1363.300048828125,87153
2026-03-02 11:50:00+05:30,1362.0,1363.0,1361.199951171875,1362.800048828125,98982
2026-03-02 11:55:00+05:30,1361.5999755859375,1363.0999755859375,1361.300048828125,1362.199951171875,68418
2026-03-02 12:00:00+05:30,1360.0999755859375,1361.5,1360.0,1361.4000244140625,84505
2026-03-02 12:05:00+05:30,1360.5,1361.0,1360.0,1360.199951171875,60577
2026-03-02 12:10:00+05:30,1358.9000244140625,1361.4000244140625,1358.9000244140625,1360.5,108218
2026-03-02 12:15:00+05:30,1359.0,1360.0999755859375,1357.5999755859375,1358.9000244140625,176681
2026-03-02 12:20:00+05:30,1357.699951171875,1360.0,1356.5,1359.0999755859375,360813
2026-03-02 12:25:00+05:30,1357.0,1357.9000244140625,1355.0,1357.699951171875,116236
2026-03-02 12:30:00+05:30,1357.5,1358.300048828125,1355.9000244140625,1356.800048828125,169702
2026-03-02 12:35:00+05:30,1353.699951171875,1358.0,1353.199951171875,1357.5999755859375,565940
2026-03-02 12:40:00+05:30,1353.9000244140625,1355.800048828125,1353.300048828125,1353.5999755859375,170558
2026-03-02 12:45:00+05:30,1354.800048828125,1356.0999755859375,1353.300048828125,1353.5999755859375,184091
2026-03-02 12:50:00+05:30,1352.0999755859375,1355.0999755859375,1352.0,1354.699951171875,374988
2026-03-02 12:55:00+05:30,1353.800048828125,1353.9000244140625,1351.300048828125,1352.0,195352
2026-03-02 13:00:00+05:30,1353.0,1354.300048828125,1352.199951171875,1353.9000244140625,139429
2026-03-02 13:05:00+05:30,1353.0,1353.800048828125,1352.4000244140625,1353.0,115490
2026-03-02 13:10:00+05:30,1351.9000244140625,1353.5,1351.0,1353.0,162676
2026-03-02 13:15:00+05:30,1350.800048828125,1352.4000244140625,1350.5,1351.9000244140625,251420
2026-03-02 13:20:00+05:30,1350.9000244140625,1352.4000244140625,1350.199951171875,1351.0,128834
2026-03-02 13:25:00+05:30,1348.300048828125,1352.0999755859375,1347.800048828125,1350.5999755859375,320223
2026-03-02 13:30:00+05:30,1350.300048828125,1351.5,1348.199951171875,1349.0,177204
2026-03-02 13:35:00+05:30,1348.9000244140625,1350.5,1348.300048828125,1350.0,152255
2026-03-02 13:40:00+05:30,1349.199951171875,1350.0999755859375,1346.9000244140625,1349.0,532037
2026-03-02 13:45:00+05:30,1347.0999755859375,1349.5,1346.5,1349.199951171875,149417
2026-03-02 13:50:00+05:30,1346.800048828125,1347.5999755859375,1346.0999755859375,1347.0,106544
2026-03-02 13:55:00+05:30,1343.0,1346.800048828125,1342.5,1346.800048828125,321779
2026-03-02 14:00:00+05:30,1346.300048828125,1351.0,1341.5999755859375,1343.0,534877
2026-03-02 14:05:00+05:30,1351.199951171875,1353.199951171875,1346.5999755859375,1346.5999755859375,482829
2026-03-02 14:10:00+05:30,1353.9000244140625,1354.9000244140625,1351.199951171875,1351.300048828125,208503
2026-03-02 14:15:00+05:30,1352.800048828125,1354.199951171875,1350.5,1353.800048828125,360757
2026-03-02 14:20:00+05:30,1349.199951171875,1353.5999755859375,1349.0,1352.699951171875,321836
2026-03-02 14:25:00+05:30,1346.0,1349.9000244140625,1345.5,1349.300048828125,358330
2026-03-02 14:30:00+05:30,1350.699951171875,1350.699951171875,1346.0,1346.0,336992
2026-03-02 14:35:00+05:30,1353.5,1355.199951171875,1350.699951171875,1351.4000244140625,751876
2026-03-02 14:40:00+05:30,1356.5,1357.4000244140625,1352.5,1353.5,651081
2026-03-02 14:45:00+05:30,1358.0999755859375,1359.699951171875,1353.5,1356.300048828125,456276
2026-03-02 14:50:00+05:30,1358.0,1358.5,1356.0,1358.4000244140625,195426
2026-03-02 14:55:00+05:30,1355.699951171875,1358.699951171875,1355.0,1358.300048828125,250769
2026-03-02 15:00:00+05:30,1359.199951171875,1360.699951171875,1354.0999755859375,1355.699951171875,1328691
2026-03-02 15:05:00+05:30,1357.0999755859375,1359.800048828125,1355.0,1359.0,2222992
2026-03-02 15:10:00+05:30,1360.5999755859375,1361.5999755859375,1354.0,1356.4000244140625,1425264
2026-03-02 15:15:00+05:30,1361.300048828125,1361.699951171875,1356.5999755859375,1360.5999755859375,1233230
2026-03-02 15:20:00+05:30,1358.0,1361.699951171875,1357.300048828125,1361.300048828125,542965
2026-03-02 15:25:00+05:30,1360.0,1361.199951171875,1357.800048828125,1358.0,529824
2026-03-04 09:20:00+05:30,1316.0,1320.5,1315.0,1318.300048828125,1061841
2026-03-04 09:25:00+05:30,1311.5,1318.0,1308.699951171875,1315.800048828125,1797679
2026-03-04 09:30:00+05:30,1313.0999755859375,1315.0,1311.0,1311.5,1108147
2026-03-04 09:35:00+05:30,1309.199951171875,1313.0999755859375,1307.199951171875,1313.0,814312
2026-03-04 09:40:00+05:30,1316.0,1316.0999755859375,1307.199951171875,1309.4000244140625,443027
2026-03-04 09:45:00+05:30,1317.0,1317.800048828125,1315.0,1315.4000244140625,278155
2026-03-04 09:50:00+05:30,1319.5,1319.800048828125,1314.699951171875,1316.699951171875,328437
2026-03-04 09:55:00+05:30,1320.4000244140625,1321.0999755859375,1318.5,1319.5999755859375,318783
2026-03-04 10:00:00+05:30,1320.300048828125,1321.800048828125,1318.4000244140625,1320.300048828125,358669
2026-03-04 10:05:00+05:30,1325.0999755859375,1326.199951171875,1320.0,1320.0,602744
2026-03-04 10:10:00+05:30,1331.5999755859375,1331.800048828125,1322.5999755859375,1324.9000244140625,379633
2026-03-04 10:15:00+05:30,1330.699951171875,1334.9000244140625,1329.699951171875,1331.5,805711
2026-03-04 10:20:00+05:30,1333.300048828125,1336.300048828125,1330.5,1330.699951171875,294591
2026-03-04 10:25:00+05:30,1337.9000244140625,1338.800048828125,1332.5,1333.5,232724
2026-03-04 10:30:00+05:30,1338.800048828125,1340.4000244140625,1337.0999755859375,1338.199951171875,293669
2026-03-04 10:35:00+05:30,1338.0,1341.0,1335.699951171875,1338.9000244140625,255222
2026-03-04 10:40:00+05:30,1336.699951171875,1339.0999755859375,1336.199951171875,1338.0999755859375,258188
2026-03-04 10:45:00+05:30,1337.699951171875,1340.0,1336.5999755859375,1336.699951171875,220634
2026-03-04 10:50:00+05:30,1337.0999755859375,1337.699951171875,1335.0,1337.699951171875,215419
2026-03-04 10:55:00+05:30,1340.0,1340.5,1336.300048828125,1337.0999755859375,250900
2026-03-04 11:00:00+05:30,1345.4000244140625,1345.4000244140625,1339.0999755859375,1340.0,314354
2026-03-04 11:05:00+05:30,1347.0,1347.0,1340.699951171875,1344.800048828125,489698
2026-03-04 11:10:00+05:30,1343.800048828125,1348.0,1343.5,1347.0,274668
2026-03-04 11:15:00+05:30,1344.9000244140625,1345.5999755859375,1343.5999755859375,1343.800048828125,226962
2026-03-04 11:20:00+05:30,1345.0,1347.300048828125,1344.300048828125,1344.9000244140625,365024
2026-03-04 11:25:00+05:30,1341.800048828125,1347.199951171875,1341.5,1344.800048828125,276502
2026-03-04 11:30:00+05:30,1343.300048828125,1344.4000244140625,1341.199951171875,1342.0999755859375,411985
2026-03-04 11:35:00+05:30,1341.4000244140625,1345.0,1341.0999755859375,1343.300048828125,160073
2026-03-04 11:40:00+05:30,1340.4000244140625,1342.5,1340.0999755859375,1341.4000244140625,215165
2026-03-04 11:45:00+05:30,1343.800048828125,1344.0,1338.199951171875,1340.5,295502
2026-03-04 11:50:00+05:30,1344.0999755859375,1345.5,1343.699951171875,1343.699951171875,138968
2026-03-04 11:55:00+05:30,1345.5,1345.699951171875,1344.0,1344.0999755859375,101732
2026-03-04 12:00:00+05:30,1344.300048828125,1346.5999755859375,1344.199951171875,1345.199951171875,100376
2026-03-04 12:05:00+05:30,1346.4000244140625,1346.800048828125,1344.0,1344.300048828125,112001
2026-03-04 12:10:00+05:30,1344.5,1346.5999755859375,1344.0999755859375,1346.4000244140625,112183
2026-03-04 12:15:00+05:30,1343.699951171875,1344.699951171875,1342.9000244140625,1344.5,171085
2026-03-04 12:20:00+05:30,1345.0,1345.4000244140625,1343.5999755859375,1344.0999755859375,260053
2026-03-04 12:25:00+05:30,1344.800048828125,1345.0,1343.5999755859375,1344.9000244140625,133601
2026-03-04 12:30:00+05:30,1345.0999755859375,1345.4000244140625,1344.300048828125,1345.0,118642
2026-03-04 12:35:00+05:30,1344.5999755859375,1345.199951171875,1344.300048828125,1345.0999755859375,120051
2026-03-04 12:40:00+05:30,1344.300048828125,1345.0,1341.9000244140625,1344.9000244140625,169433
2026-03-04 12:45:00+05:30,1344.199951171875,1345.699951171875,1343.5,1344.4000244140625,140247
2026-03-04 12:50:00+05:30,1343.5,1344.199951171875,1342.300048828125,1344.199951171875,191918
2026-03-04 12:55:00+05:30,1345.300048828125,1347.0,1343.300048828125,1343.5999755859375,168400
2026-03-04 13:00:00+05:30,1341.199951171875,1346.0,1341.0999755859375,1345.4000244140625,114770
2026-03-04 13:05:00+05:30,1341.9000244140625,1342.4000244140625,1340.300048828125,1341.199951171875,174429
2026-03-04 13:10:00+05:30,1341.5999755859375,1342.5,1341.0,1341.9000244140625,99291
2026-03-04 13:15:00+05:30,1340.0999755859375,1342.300048828125,1339.9000244140625,1341.5,301322
2026-03-04 13:20:00+05:30,1340.9000244140625,1340.9000244140625,1337.5,1340.0,197532
2026-03-04 13:25:00+05:30,1338.699951171875,1342.4000244140625,1338.5,1340.9000244140625,167433
2026-03-04 13:30:00+05:30,1336.5,1339.5999755859375,1335.699951171875,1338.699951171875,426393
2026-03-04 13:35:00+05:30,1336.0999755859375,1336.5,1334.199951171875,1336.5,561375
2026-03-04 13:40:00+05:30,1339.5999755859375,1340.199951171875,1336.0999755859375,1336.0999755859375,346056
2026-03-04 13:45:00+05:30,1337.0999755859375,1340.300048828125,1336.199951171875,1339.5999755859375,248930
2026-03-04 13:50:00+05:30,1336.9000244140625,1338.199951171875,1336.199951171875,1337.0999755859375,200406
2026-03-04 13:55:00+05:30,1339.199951171875,1339.699951171875,1336.199951171875,1337.0999755859375,343594
2026-03-04 14:00:00+05:30,1341.4000244140625,1341.699951171875,1339.0,1339.199951171875,220704
2026-03-04 14:05:00+05:30,1342.699951171875,1342.9000244140625,1339.5999755859375,1341.300048828125,213852
2026-03-04 14:10:00+05:30,1345.5,1347.5,1340.800048828125,1342.699951171875,420367
2026-03-04 14:15:00+05:30,1345.0999755859375,1345.800048828125,1343.0999755859375,1345.5999755859375,366320
2026-03-04 14:20:00+05:30,1344.5,1345.4000244140625,1343.699951171875,1345.0999755859375,766420
2026-03-04 14:25:00+05:30,1346.5,1347.699951171875,1343.0999755859375,1345.0999755859375,406963
2026-03-04 14:30:00+05:30,1345.800048828125,1347.800048828125,1345.199951171875,1346.5,467913
2026-03-04 14:35:00+05:30,1345.5999755859375,1346.9000244140625,1344.5999755859375,1346.199951171875,324914
2026-03-04 14:40:00+05:30,1349.5,1351.300048828125,1345.5,1345.5999755859375,634284
2026-03-04 14:45:00+05:30,1348.4000244140625,1350.699951171875,1347.5,1349.4000244140625,378976
2026-03-04 14:50:00+05:30,1349.300048828125,1350.0,1347.4000244140625,1348.300048828125,729141
2026-03-04 14:55:00+05:30,1351.800048828125,1352.800048828125,1349.0999755859375,1349.300048828125,206153
2026-03-04 15:00:00+05:30,1346.0999755859375,1351.5,1345.4000244140625,1351.5,957712
2026-03-04 15:05:00+05:30,1342.199951171875,1347.0,1342.199951171875,1346.0999755859375,992434
2026-03-04 15:10:00+05:30,1343.699951171875,1344.0,1340.0,1342.300048828125,816314
2026-03-04 15:15:00+05:30,1343.9000244140625,1345.699951171875,1343.0,1343.699951171875,747067
2026-03-04 15:20:00+05:30,1344.0,1347.0999755859375,1343.800048828125,1344.0,729770
2026-03-04 15:25:00+05:30,1345.300048828125,1349.4000244140625,1344.0,1344.0,767542
2026-03-05 09:20:00+05:30,1377.5999755859375,1378.800048828125,1367.5999755859375,1369.5,512332
2026-03-05 09:25:00+05:30,1373.800048828125,1378.0,1368.699951171875,1377.699951171875,460029
2026-03-05 09:30:00+05:30,1373.5999755859375,1376.0999755859375,1373.0,1373.300048828125,238602
2026-03-05 09:35:00+05:30,1372.5999755859375,1373.800048828125,1371.0,1373.4000244140625,965399
2026-03-05 09:40:00+05:30,1376.4000244140625,1380.199951171875,1372.4000244140625,1372.699951171875,543605
2026-03-05 09:45:00+05:30,1380.5,1382.4000244140625,1375.0999755859375,1376.4000244140625,478508
2026-03-05 09:50:00+05:30,1383.300048828125,1385.5999755859375,1380.300048828125,1380.5,343737
2026-03-05 09:55:00+05:30,1384.9000244140625,1385.5999755859375,1381.5999755859375,1383.0999755859375,313750
2026-03-05 10:00:00+05:30,1384.699951171875,1387.199951171875,1384.5,1384.5999755859375,214165
2026-03-05 10:05:00+05:30,1384.5,1386.5999755859375,1383.4000244140625,1384.699951171875,197031
2026-03-05 10:10:00+05:30,1384.0,1386.0,1383.5,1384.5,431968
2026-03-05 10:15:00+05:30,1381.4000244140625,1385.5,1381.199951171875,1384.4000244140625,130766
2026-03-05 10:20:00+05:30,1379.5,1381.9000244140625,1379.0,1381.5999755859375,621041
2026-03-05 10:25:00+05:30,1377.5,1379.800048828125,1374.699951171875,1379.5999755859375,395951
2026-03-05 10:30:00+05:30,1375.699951171875,1377.9000244140625,1375.0999755859375,1377.5,137068
2026-03-05 10:35:00+05:30,1379.699951171875,1380.9000244140625,1375.9000244140625,1376.0,170480
2026-03-05 10:40:00+05:30,1384.0999755859375,1384.5,1379.4000244140625,1379.699951171875,127592
2026-03-05 10:45:00+05:30,1382.5999755859375,1385.5,1382.4000244140625,1383.699951171875,222645
2026-03-05 10:50:00+05:30,1383.5,1383.5999755859375,1381.699951171875,1382.5,60484
2026-03-05 10:55:00+05:30,1384.0,1385.0,1383.0,1383.5,61332
2026-03-05 11:00:00+05:30,1382.9000244140625,1385.5,1381.5,1383.9000244140625,147677
2026-03-05 11:05:00+05:30,1383.4000244140625,1384.699951171875,1382.699951171875,1383.0,202689
2026-03-05 11:10:00+05:30,1382.5999755859375,1383.9000244140625,1382.5,1383.4000244140625,79822
2026-03-05 11:15:00+05:30,1384.0999755859375,1385.0,1382.0,1382.5999755859375,108658
2026-03-05 11:20:00+05:30,1382.4000244140625,1384.4000244140625,1381.199951171875,1384.0999755859375,119422
2026-03-05 11:25:00+05:30,1380.699951171875,1383.0,1380.199951171875,1382.0999755859375,104556
2026-03-05 11:30:00+05:30,1383.699951171875,1385.9000244140625,1380.800048828125,1380.800048828125,78813
2026-03-05 11:35:00+05:30,1382.9000244140625,1383.9000244140625,1381.5999755859375,1383.4000244140625,188020
2026-03-05 11:40:00+05:30,1382.199951171875,1383.199951171875,1381.800048828125,1382.800048828125,314948
2026-03-05 11:45:00+05:30,1381.5999755859375,1383.199951171875,1381.4000244140625,1382.699951171875,170642
2026-03-05 11:50:00+05:30,1381.9000244140625,1382.0,1379.4000244140625,1381.199951171875,600889
2026-03-05 11:55:00+05:30,1382.699951171875,1382.800048828125,1380.5999755859375,1382.0999755859375,144230
2026-03-05 12:00:00+05:30,1385.5,1385.699951171875,1382.4000244140625,1382.699951171875,347861
2026-03-05 12:05:00+05:30,1384.699951171875,1388.300048828125,1383.5999755859375,1385.5999755859375,705344
2026-03-05 12:10:00+05:30,1385.699951171875,1386.4000244140625,1383.699951171875,1384.5,106479
2026-03-05 12:15:00+05:30,1385.0,1386.0,1384.0999755859375,1385.5999755859375,262161
2026-03-05 12:20:00+05:30,1384.300048828125,1386.4000244140625,1384.0999755859375,1385.199951171875,102907
2026-03-05 12:25:00+05:30,1384.800048828125,1385.4000244140625,1383.199951171875,1384.0999755859375,161316
2026-03-05 12:30:00+05:30,1383.4000244140625,1385.0,1383.300048828125,1384.800048828125,49971
2026-03-05 12:35:00+05:30,1384.199951171875,1384.4000244140625,1383.0,1383.5,63622
2026-03-05 12:40:00+05:30,1384.9000244140625,1385.9000244140625,1384.0,1384.199951171875,68531
2026-03-05 12:45:00+05:30,1383.300048828125,1385.0999755859375,1383.199951171875,1384.699951171875,77577
2026-03-05 12:50:00+05:30,1384.199951171875,1384.699951171875,1383.4000244140625,1383.4000244140625,69222
2026-03-05 12:55:00+05:30,1383.5999755859375,1385.0,1383.5,1384.5,99378
2026-03-05 13:00:00+05:30,1382.300048828125,1383.5999755859375,1381.9000244140625,1383.300048828125,117703
2026-03-05 13:05:00+05:30,1382.199951171875,1382.800048828125,1382.0,1382.4000244140625,91208
2026-03-05 13:10:00+05:30,1381.5999755859375,1382.4000244140625,1381.0999755859375,1382.199951171875,85824
2026-03-05 13:15:00+05:30,1381.699951171875,1382.199951171875,1381.5,1381.699951171875,296885
2026-03-05 13:20:00+05:30,1382.4000244140625,1382.5,1380.800048828125,1381.699951171875,125311
2026-03-05 13:25:00+05:30,1384.300048828125,1384.300048828125,1382.4000244140625,1382.5,129829
2026-03-05 13:30:00+05:30,1383.199951171875,1386.199951171875,1382.0,1384.4000244140625,599505
2026-03-05 13:35:00+05:30,1382.800048828125,1383.5,1381.4000244140625,1383.0999755859375,257773
2026-03-05 13:40:00+05:30,1382.800048828125,1383.300048828125,1381.5,1382.699951171875,292275
2026-03-05 13:45:00+05:30,1382.5,1383.5,1382.0,1382.800048828125,93933
2026-03-05 13:50:00+05:30,1381.800048828125,1382.5999755859375,1381.800048828125,1382.5,84179
2026-03-05 13:55:00+05:30,1380.5999755859375,1381.800048828125,1379.4000244140625,1381.800048828125,543050
2026-03-05 14:00:00+05:30,1379.199951171875,1381.800048828125,1378.800048828125,1380.5999755859375,220512
2026-03-05 14:05:00+05:30,1377.300048828125,1379.800048828125,1377.300048828125,1379.199951171875,160719
2026-03-05 14:10:00+05:30,1377.800048828125,1378.5,1376.699951171875,1377.4000244140625,135740
2026-03-05 14:15:00+05:30,1376.9000244140625,1379.0,1376.0999755859375,1377.9000244140625,410187
2026-03-05 14:20:00+05:30,1379.699951171875,1380.800048828125,1377.0999755859375,1377.0999755859375,307265
2026-03-05 14:25:00+05:30,1381.9000244140625,1381.9000244140625,1379.0999755859375,1379.5999755859375,195947
2026-03-05 14:30:00+05:30,1378.5999755859375,1381.800048828125,1378.4000244140625,1381.800048828125,276702
2026-03-05 14:35:00+05:30,1386.199951171875,1387.0999755859375,1378.0999755859375,1378.5999755859375,475152
2026-03-05 14:40:00+05:30,1389.699951171875,1392.5,1385.5999755859375,1386.199951171875,549689
2026-03-05 14:45:00+05:30,1390.199951171875,1391.300048828125,1387.5,1389.5,615279
2026-03-05 14:50:00+05:30,1397.9000244140625,1397.9000244140625,1389.300048828125,1390.199951171875,495098
2026-03-05 14:55:00+05:30,1398.800048828125,1399.0,1394.300048828125,1397.800048828125,483260
2026-03-05 15:00:00+05:30,1390.699951171875,1398.800048828125,1384.300048828125,1398.800048828125,1944353
2026-03-05 15:05:00+05:30,1389.800048828125,1392.0,1388.0,1390.5,1227833
2026-03-05 15:10:00+05:30,1387.800048828125,1392.5,1387.300048828125,1389.800048828125,1261335
2026-03-05 15:15:00+05:30,1385.199951171875,1390.800048828125,1384.4000244140625,1387.5,757628
2026-03-05 15:20:00+05:30,1385.300048828125,1387.699951171875,1383.5,1385.199951171875,969368
2026-03-05 15:25:00+05:30,1386.4000244140625,1389.9000244140625,1385.199951171875,1385.199951171875,490448
