Datetime,Close,High,Low,Open,Volume
2004-08-19 05:30:00+05:30,2.4805288314819336,2.572490948053174,2.3722498936767993,2.472122773210547,897427216
2004-08-20 05:30:00+05:30,2.6775567531585693,2.6965918992497553,2.4844838896751833,2.4970913195361195,458857488
2004-08-23 05:30:00+05:30,2.704502820968628,2.8053653421692903,2.6958506534308047,2.737876447567055,366857939
2004-08-24 05:30:00+05:30,2.592515707015991,2.758889019816328,2.5603778335504033,2.749989796141945,306396159
2004-08-25 05:30:00+05:30,2.620450019836426,2.669893169577036,2.5680410147068233,2.5947398659437386,184645512
2004-08-26 05:30:00+05:30,2.667668104171753,2.66865680163898,2.5873237745204576,2.5944928960546,142572401
2004-08-27 05:30:00+05:30,2.6241583824157715,2.685220267763395,2.6127867057755947,2.6723648350876354,124826132
2004-08-30 05:30:00+05:30,2.521812915802002,2.6078428451983524,2.521812915802002,2.6026506454500833,104429967
2004-08-31 05:30:00+05:30,2.530712366104126,2.563838699759072,2.5255211129509902,2.5289822639113657,98825037
2004-09-01 05:30:00+05:30,2.4783031940460205,2.5455447910407454,2.463964715710837,2.538870018881148,183633734
2004-09-02 05:30:00+05:30,2.5094516277313232,2.5307121706387914,2.4459180016019935,2.452098661645818,303810504
2004-09-03 05:30:00+05:30,2.47236967086792,2.5151380512520074,2.4553126291662304,2.495608556107578,103538639
2004-09-07 05:30:00+05:30,2.5111825466156006,2.521565762493027,2.462481981902271,2.4970913605126936,117506800
2004-09-08 05:30:00+05:30,2.528982400894165,2.547029088141954,2.484484151154626,2.490416572741214,100186120
2004-09-09 05:30:00+05:30,2.529229164123535,2.539117084458438,2.4968442372196527,2.5346674729789918,81620792
2004-09-10 05:30:00+05:30,2.6038873195648193,2.634294380118499,2.504260553234836,2.5116769671854193,174804764
2004-09-13 05:30:00+05:30,2.657531976699829,2.680028273689668,2.6318218215784266,2.6360243771014695,157628624
2004-09-14 05:30:00+05:30,2.7561702728271484,2.768777702727512,2.639979634706813,2.656296218001919,217608605
2004-09-15 05:30:00+05:30,2.768777847290039,2.823906367128911,2.7242795997712306,2.7331797698911653,215279909
2004-09-16 05:30:00+05:30,2.817478656768799,2.862718312946306,2.7601259177090807,2.777182961510571,186207345
2004-09-17 05:30:00+05:30,2.9044978618621826,2.9044978618621826,2.8070955416973185,2.8286031431990324,190350817
2004-09-20 05:30:00+05:30,2.95072603225708,3.0061016068552324,2.8866982903521397,2.8911479020218933,213585582
2004-09-21 05:30:00+05:30,2.913149833679199,2.976930519174107,2.904992015129819,2.961850635519053,145262446
2004-09-22 05:30:00+05:30,2.9264986515045166,2.958389467352989,2.887686717165655,2.902272488672941,152344894
2004-09-23 05:30:00+05:30,2.9868195056915283,3.031564809736841,2.892878102561242,2.9378716458662635,171524515
2004-09-24 05:30:00+05:30,2.9623451232910156,3.0679043138318156,2.9606150210598674,2.9897851457520717,183336625
2004-09-27 05:30:00+05:30,2.9235332012176514,2.9883023508389788,2.91216152387903,2.955670128374949,141994242
2004-09-28 05:30:00+05:30,3.1361353397369385,3.14948417435316,2.971739432874207,2.998685341350608,340190355
2004-09-29 05:30:00+05:30,3.2404592037200928,3.3378605744054473,3.1205612980811956,3.132180267940597,613229953
2004-09-30 05:30:00+05:30,3.203871250152588,3.270618735486721,3.189038423046403,3.2112876637056806,276468402
2004-10-01 05:30:00+05:30,3.277540683746338,3.318577776207314,3.1865658563025323,3.233536552682283,303934969
2004-10-04 05:30:00+05:30,3.3388490676879883,3.3835946087023614,3.3133862034945794,3.3435469188029283,261693228
2004-10-05 05:30:00+05:30,3.4206764698028564,3.4246317329578724,3.2691359835260636,3.328961409378243,300887589
2004-10-06 05:30:00+05:30,3.3887863159179688,3.422654289174046,3.362087700239318,3.400405285012703,268900140
2004-10-07 05:30:00+05:30,3.432542562484741,3.458005664016217,3.37568393786165,3.384831401079457,283643194
2004-10-08 05:30:00+05:30,3.404855251312256,3.453061708102546,3.3873029128635403,3.4293296553917134,222442656
2004-10-11 05:30:00+05:30,3.3437938690185547,3.432790599501101,3.3089364869170583,3.386808359865111,210437827
2004-10-12 05:30:00+05:30,3.3966970443725586,3.401888060554618,3.2978116884310746,3.323521843112869,234419380
2004-10-13 05:30:00+05:30,3.4832212924957275,3.5487330282014424,3.462950391999943,3.543046479766774,397203256
2004-10-14 05:30:00+05:30,3.5104141235351562,3.519808641955643,3.425374078570103,3.4859406682710867,209835578
2004-10-15 05:30:00+05:30,3.5625762939453125,3.596939565010858,3.509178585349847,3.582848141481373,265150137
2004-10-18 05:30:00+05:30,3.6874186992645264,3.688407160032327,3.4908846800107454,3.5400798305100922,282061287
2004-10-19 05:30:00+05:30,3.657259225845337,3.767516271078411,3.6426736897384075,3.7205455676589887,363918964
2004-10-20 05:30:00+05:30,3.473085403442383,3.6832162672720186,3.451083453964127,3.659483269012548,456613107
2004-10-21 05:30:00+05:30,3.692857265472412,3.7113980646319513,3.501020847104898,3.569745497669914,585767401
2004-10-22 05:30:00+05:30,4.2626824378967285,4.454024511994018,4.056259532181398,4.215959026580995,1481207196
2004-10-25 05:30:00+05:30,4.632758140563965,4.806548802212714,4.265647559094161,4.360824709566358,1315480331
2004-10-26 05:30:00+05:30,4.494319915771484,4.762298097892593,4.449821431680841,4.6065543501502,895628499
2004-10-27 05:30:00+05:30,4.59740686416626,4.6851666450130365,4.493577557799381,4.517062549577222,536262538
2004-10-28 05:30:00+05:30,4.778613567352295,4.805559239609474,4.58826020975997,4.614958825987812,596097978
2004-10-29 05:30:00+05:30,4.712855339050293,4.943009321059606,4.711866168389287,4.916804817716095,849672890
2004-11-01 05:30:00+05:30,4.846102714538574,4.886645463006068,4.728430205538364,4.784794479752628,490828877
2004-11-02 05:30:00+05:30,4.8174262046813965,4.925704893445201,4.779602969734075,4.91408616134247,455553149
2004-11-03 05:30:00+05:30,4.738317489624023,4.983799344955346,4.715574138162236,4.899253181644738,557630330
2004-11-04 05:30:00+05:30,4.566011428833008,4.706922831082498,4.532638036861717,4.658469080765613,578544429
2004-11-05 05:30:00+05:30,4.186539649963379,4.506679747684616,4.166763337116468,4.498769222545851,796297573
2004-11-08 05:30:00+05:30,4.265647888183594,4.337093467130776,4.187776012362191,4.225600671361368,449349985
2004-11-09 05:30:00+05:30,4.170472145080566,4.331159857133865,4.085677967251467,4.303966653955986,444226854
2004-11-10 05:30:00+05:30,4.149705410003662,4.264906404345862,4.111882173666632,4.219172169017723,427355853
2004-11-11 05:30:00+05:30,4.524479389190674,4.542525837689442,4.142535985441548,4.18110180909542,601666773
2004-11-12 05:30:00+05:30,4.499263286590576,4.692089079137074,4.38554605759986,4.57911349145067,672354740
2004-11-15 05:30:00+05:30,4.570213794708252,4.655502080228841,4.418920372858908,4.460945928966434,477844390
2004-11-16 05:30:00+05:30,4.265400409698486,4.4367186141958825,4.223127799515203,4.388017814625256,839832142
2004-11-17 05:30:00+05:30,4.264411926269531,4.388018034763763,4.177887886967278,4.178382472318977,728034662
2004-11-18 05:30:00+05:30,4.1417951583862305,4.311877151720015,4.097049617488134,4.20977816588134,667677273
2004-11-19 05:30:00+05:30,4.187775135040283,4.2021138483496365,4.116578046915139,4.180358722393149,352086780
2004-11-22 05:30:00+05:30,4.081474304199219,4.190247566996765,3.987781395899739,4.065900311006067,496582362
2004-11-23 05:30:00+05:30,4.141300678253174,4.223128291943862,4.116084869527423,4.1524252997498285,498393124
2004-11-24 05:30:00+05:30,4.320281982421875,4.380848571836411,4.2646593532560235,4.321764791866555,613531078
2004-11-26 05:30:00+05:30,4.434741497039795,4.450563022329122,4.334126270194616,4.345992532483468,260175560
2004-11-29 05:30:00+05:30,4.475778579711914,4.522748567598685,4.388264900219447,4.458720828624399,428263241
2004-11-30 05:30:00+05:30,4.4987688064575195,4.523984608740803,4.456001143599973,4.467372818239796,309154460
2004-12-01 05:30:00+05:30,4.448833465576172,4.511624512446362,4.438697541405131,4.49802838367995,315743063
2004-12-02 05:30:00+05:30,4.434988975524902,4.487150455188495,4.4139754874376536,4.44734887645507,251374696
2004-12-03 05:30:00+05:30,4.459710121154785,4.4760257580491265,4.390490417540125,4.448585973863728,235647968
2004-12-06 05:30:00+05:30,4.3581061363220215,4.467127440082844,4.35143136262238,4.4283145515636235,251097661
2004-12-07 05:30:00+05:30,4.2379608154296875,4.355881807971907,4.2162061569579725,4.350936427217617,275866153
2004-12-08 05:30:00+05:30,4.202114582061768,4.29358352958495,4.1712131728280495,4.211261808115283,302802741
2004-12-09 05:30:00+05:30,4.287403106689453,4.289133918896799,4.164785687102264,4.208789587834555,307307563
2004-12-10 05:30:00+05:30,4.243399143218994,4.323248887714649,4.234499919414357,4.287403043300692,173335277
2004-12-13 05:30:00+05:30,4.213733196258545,4.281223034516323,4.189012448198402,4.256254283852728,193466452
2004-12-14 05:30:00+05:30,4.417436599731445,4.420650221273952,4.192720682037893,4.22733029748964,445198482
2004-12-15 05:30:00+05:30,4.444382190704346,4.466878487664796,4.367252908659411,4.4001321847227475,460559845
2004-12-16 05:30:00+05:30,4.362554550170898,4.461934008159915,4.349700065732214,4.374421283909158,344197318
2004-12-17 05:30:00+05:30,4.451798439025879,4.462181417743179,4.364532763857075,4.369723779928337,296555412
2004-12-20 05:30:00+05:30,4.5739216804504395,4.658962912768256,4.496049806149287,4.499263901098532,394854485
2004-12-21 05:30:00+05:30,4.542525768280029,4.644624270865034,4.533872654908367,4.605812338357069,221479058
2004-12-22 05:30:00+05:30,4.605565547943115,4.619161675611621,4.524232524952559,4.546234237171928,156865776
2004-12-23 05:30:00+05:30,4.6451191902160645,4.662424473392238,4.598149668071697,4.633994568154584,145125936
2004-12-27 05:30:00+05:30,4.744250774383545,4.778613331989905,4.674784017831929,4.676020717779941,245079187
2004-12-28 05:30:00+05:30,4.765265464782715,4.7847952005439645,4.722003200182473,4.749195933997969,166453579
2004-12-29 05:30:00+05:30,4.768725395202637,4.784052333961363,4.74103713645563,4.74103713645563,107525527
2004-12-30 05:30:00+05:30,4.884915351867676,4.900489347501784,4.742768210047097,4.770455523746584,237057231
2004-12-31 05:30:00+05:30,4.7660064697265625,4.941279956007876,4.760319921068413,4.925211373944385,307889737
2005-01-03 05:30:00+05:30,5.011241436004639,5.034231847554616,4.832012681898715,4.879970899997348,636143518
2005-01-04 05:30:00+05:30,4.808279514312744,5.016679333597953,4.783063232729872,4.978856094442247,552298420
2005-01-05 05:30:00+05:30,4.7838053703308105,4.867609896377033,4.752161848274865,4.782321614342157,330698912
2005-01-06 05:30:00+05:30,4.661187648773193,4.842888820785304,4.640668748367599,4.822616976384039,417041336
2005-01-07 05:30:00+05:30,4.792211055755615,4.802099923807853,4.666874125759932,4.712855895011733,387964757
2005-01-10 05:30:00+05:30,4.822124004364014,4.897276376183399,4.742273781052833,4.808279872388746,302714411
2005-01-11 05:30:00+05:30,4.784547328948975,4.887635010234768,4.77564668557643,4.835967641573141,279391317
2005-01-12 05:30:00+05:30,4.830034255981445,4.843631331119076,4.709395178245303,4.804076805811812,328338096
2005-01-13 05:30:00+05:30,4.828797817230225,4.8797230662860756,4.797154296132211,4.830033570585599,275002929
2005-01-14 05:30:00+05:30,4.943505764007568,4.9444939882759,4.7991332030590685,4.845361558140155,387057368
2005-01-18 05:30:00+05:30,5.040659427642822,5.0683467431721505,4.911120180673717,4.96822562391854,528878966
2005-01-19 05:30:00+05:30,4.877499103546143,5.075268882079044,4.862913331537003,5.059200300552589,451995865
2005-01-20 05:30:00+05:30,4.793940544128418,4.851541515829212,4.746476442307723,4.758836816469114,361413608
2005-01-21 05:30:00+05:30,4.654513359069824,4.829539777503669,4.650558096154134,4.809267457715732,371724110
2005-01-24 05:30:00+05:30,4.467621326446533,4.680470990144291,4.457732458839811,4.664649464575939,563010421
2005-01-25 05:30:00+05:30,4.378625392913818,4.50519808699133,4.358106013660957,4.497781671978244,427966132
2005-01-26 05:30:00+05:30,4.678245544433594,4.682447863500089,4.428808398365985,4.431774963959947,494161321
2005-01-27 05:30:00+05:30,4.649569034576416,4.668851235584793,4.578370994658567,4.666378782329651,266089645
2005-01-28 05:30:00+05:30,4.705439567565918,4.813224634342377,4.606554671515917,4.697528094347972,490158373
2005-01-31 05:30:00+05:30,4.835967540740967,4.854261046029834,4.739554634063694,4.788255436110656,385306832
2005-02-01 05:30:00+05:30,4.744004726409912,4.86167819499392,4.712609200775354,4.805312967973547,756384528
2005-02-02 05:30:00+05:30,5.091583728790283,5.359561396311611,5.034724878964969,5.328660464824839,1316889593
2005-02-03 05:30:00+05:30,5.212718963623047,5.27476978910564,5.0878766177859225,5.0923269397545035,521471303
2005-02-04 05:30:00+05:30,5.052031517028809,5.135836058451395,5.008521725379679,5.104193477164497,594993855
2005-02-07 05:30:00+05:30,4.846102714538574,5.102461694762113,4.833247754449788,5.074280267586137,520359150
2005-02-08 05:30:00+05:30,4.910624980926514,4.944740008977527,4.809020118244761,4.869093539541066,460921194
2005-02-09 05:30:00+05:30,4.736093521118164,4.983799852323848,4.6836845117296,4.963034366683274,689434520
2005-02-10 05:30:00+05:30,4.647097587585449,4.751668089642487,4.57960868622391,4.745734957805211,762154073
2005-02-11 05:30:00+05:30,4.632758140563965,4.754387324074238,4.59987886457264,4.614464635804835,526606480
2005-02-14 05:30:00+05:30,4.7709503173828125,4.773175714899028,4.4745431760232215,4.520277414089877,1548269624
2005-02-15 05:30:00+05:30,4.8263258934021,4.94029114114259,4.773175714531039,4.786030201246426,1035177611
2005-02-16 05:30:00+05:30,4.904939651489258,4.9276830069786985,4.803335719945436,4.813224588085371,663770685
2005-02-17 05:30:00+05:30,4.892331600189209,4.938065361425156,4.865385455490798,4.890600314888566,418137429
2005-02-18 05:30:00+05:30,4.893567085266113,4.915568795314791,4.861676982160301,4.907411214175999,340708289
2005-02-22 05:30:00+05:30,4.73090124130249,4.91705179793666,4.70667460636707,4.857721910549001,541369609
2005-02-23 05:30:00+05:30,4.794683456420898,4.807784999562307,4.663907035168155,4.778613927691751,625776806
2005-02-24 05:30:00+05:30,4.669593334197998,4.693325385444863,4.50494989181622,4.533131791413264,1036442333
2005-02-25 05:30:00+05:30,4.594934940338135,4.695056051822113,4.586034770626603,4.6760209055510105,400435325
2005-02-28 05:30:00+05:30,4.647343158721924,4.693818554451553,4.5944400477932135,4.5981482540066585,313908211
2005-03-01 05:30:00+05:30,4.5996317863464355,4.6908536735388395,4.499263620106018,4.67948199712556,373844027
2005-03-02 05:30:00+05:30,4.577877044677734,4.639433276339199,4.557605672334817,4.596912190349323,292512314
2005-03-03 05:30:00+05:30,4.623116493225098,4.641409996759066,4.5563701948994,4.601362312421122,305484756
2005-03-04 05:30:00+05:30,4.595677375793457,4.629050769863096,4.5751594165271126,4.6154541668504665,271979640
2005-03-07 05:30:00+05:30,4.6676154136657715,4.687146094220636,4.623612458127862,4.642153494592186,347995502
2005-03-08 05:30:00+05:30,4.578371524810791,4.69332546928995,4.572686396185259,4.674784434166306,323050350
2005-03-09 05:30:00+05:30,4.4831953048706055,4.56477538593354,4.453777178069215,4.553898294211778,456119263
2005-03-10 05:30:00+05:30,4.44932746887207,4.479487238020362,4.385546779489846,4.474790333415697,440063306
2005-03-11 05:30:00+05:30,4.395434379577637,4.473306250370498,4.37936579870506,4.460698820330626,322335682
2005-03-14 05:30:00+05:30,4.3259687423706055,4.410267386337603,4.266143318106209,4.408537520782032,447535208
2005-03-15 05:30:00+05:30,4.415459632873535,4.449821722338118,4.306685395784478,4.333632490611903,418446584
2005-03-16 05:30:00+05:30,4.341048717498779,4.415459442044969,4.326462945184238,4.368241447342765,285317446
2005-03-17 05:30:00+05:30,4.432269096374512,4.440921263871658,4.345992584291486,4.378871862012987,331662510
2005-03-18 05:30:00+05:30,4.450809955596924,4.459710125355492,4.408042758589549,4.420403132607882,284663002
2005-03-21 05:30:00+05:30,4.471575736999512,4.50346536480851,4.3818376172537,4.431774164696189,300470030
2005-03-22 05:30:00+05:30,4.4152116775512695,4.497780444445665,4.396670645078767,4.478992355969316,226112360
2005-03-23 05:30:00+05:30,4.424605846405029,4.455754313546536,4.399637093536792,4.399637093536792,194526410
2005-03-24 05:30:00+05:30,4.431280612945557,4.471081716993479,4.430044859539657,4.467126454177277,148763520
2005-03-28 05:30:00+05:30,4.484924793243408,4.568483208737433,4.473306061095603,4.491352982580305,350830087
2005-03-29 05:30:00+05:30,4.439190864562988,4.5309068580446485,4.402108798926907,4.475778344894798,259890496
2005-03-30 05:30:00+05:30,4.4609456062316895,4.485667299332739,4.43993259305444,4.465642510208693,250378977
2005-03-31 05:30:00+05:30,4.462428092956543,4.484183219175519,4.39147853325515,4.3991420019872045,271758815
2005-04-01 05:30:00+05:30,4.450809955596924,4.522748695451363,4.449574202167537,4.493331043150724,248206866
2005-04-04 05:30:00+05:30,4.580596923828125,4.581338091945884,4.445866190697471,4.448586173566413,324266893
2005-04-05 05:30:00+05:30,4.661682605743408,4.703461104611207,4.636960911568965,4.640916174390419,350777892
2005-04-06 05:30:00+05:30,4.677751064300537,4.688381573442994,4.637208315795968,4.678245649673133,210891521
2005-04-07 05:30:00+05:30,4.7899861335754395,4.81124668138175,4.663413437475954,4.666874588966516,389141150
2005-04-08 05:30:00+05:30,4.7477126121521,4.823112037039331,4.732879783227576,4.788255835641616,205431131
2005-04-11 05:30:00+05:30,4.776883602142334,4.815695539441531,4.754387776378439,4.773422924311327,217231195
2005-04-12 05:30:00+05:30,4.794930458068848,4.806302135458027,4.682448017827998,4.7711974592475075,293881426
2005-04-13 05:30:00+05:30,4.769468307495117,4.803830400850826,4.690360192733562,4.782816908530948,263214910
2005-04-14 05:30:00+05:30,4.732879161834717,4.804817899386161,4.699505774423682,4.77787175480693,247030473
2005-04-15 05:30:00+05:30,4.573427677154541,4.705439377204911,4.565022565453566,4.699506245818942,464831797
2005-04-18 05:30:00+05:30,4.622128486633301,4.6446247853996905,4.536098554733414,4.5630447020439755,262994085
2005-04-19 05:30:00+05:30,4.7316436767578125,4.7464765045760045,4.648332784941443,4.6804708940724735,338463908
2005-04-20 05:30:00+05:30,4.897275447845459,4.956606281365857,4.8431361036707425,4.90914123591963,620376641
2005-04-21 05:30:00+05:30,5.048569679260254,5.067852355292893,4.927435550617922,4.954629225862322,712737539
2005-04-22 05:30:00+05:30,5.335088729858398,5.537555402247179,5.296769961691426,5.510362201108367,1333182435
2005-04-25 05:30:00+05:30,5.525936603546143,5.555849316317437,5.377362210438883,5.38477862462081,796574608
2005-04-26 05:30:00+05:30,5.407768726348877,5.48811305096717,5.39639704968207,5.444109153764177,693469588
2005-04-27 05:30:00+05:30,5.433231353759766,5.459682912826469,5.358078995315643,5.3889804024444885,412131000
2005-04-28 05:30:00+05:30,5.425074577331543,5.490091022631011,5.382058899726698,5.426310330896148,348613811
2005-04-29 05:30:00+05:30,5.438671112060547,5.494293742273478,5.384778347351072,5.485887684487733,368182886
2005-05-02 05:30:00+05:30,5.495283126831055,5.53013980276244,5.443862809150121,5.489349521761646,392160425
2005-05-03 05:30:00+05:30,5.591695308685303,5.640148580807465,5.471302349892741,5.484404838615,713873782
2005-05-04 05:30:00+05:30,5.648801326751709,5.682916833500872,5.611719727485731,5.617405803039745,485151677
2005-05-05 05:30:00+05:30,5.611225128173828,5.651768351827531,5.5840323971811765,5.651768351827531,301509913
2005-05-06 05:30:00+05:30,5.636934757232666,5.667341579233755,5.59861693641845,5.646328092168003,271570110
2005-05-09 05:30:00+05:30,5.5874924659729,5.648800696946677,5.572907167919689,5.636440796286015,222302131
2005-05-10 05:30:00+05:30,5.631495952606201,5.631495952606201,5.555354893410865,5.573895927828322,254783425
2005-05-11 05:30:00+05:30,5.717773914337158,5.734831194223319,5.6347100727960715,5.660420467226036,460873014
2005-05-12 05:30:00+05:30,5.654240131378174,5.741011224017652,5.641384225645201,5.7059065507479065,359269602
2005-05-13 05:30:00+05:30,5.667095184326172,5.712828950673204,5.619630132485012,5.665612374743586,297731805
2005-05-16 05:30:00+05:30,5.7118401527404785,5.725931338590408,5.65053192241628,5.677972179468214,228107811
2005-05-17 05:30:00+05:30,5.763260364532471,5.771170890051782,5.6908265684586725,5.699726737920839,313526787
2005-05-18 05:30:00+05:30,5.912329196929932,5.932353039588867,5.772900626637038,5.7751260239184585,494325936
2005-05-19 05:30:00+05:30,5.912823677062988,5.9620185907216765,5.890327379707469,5.9415006347560855,390116793
2005-05-20 05:30:00+05:30,5.972896099090576,5.974379855119046,5.924442353978418,5.963008178533388,327763952
2005-05-23 05:30:00+05:30,6.315038204193115,6.380549703632669,6.000090503983949,6.011215125018256,858738744
2005-05-24 05:30:00+05:30,6.3286356925964355,6.562004273676535,6.266832396126932,6.352367745734059,1166078427
2005-05-25 05:30:00+05:30,6.447544097900391,6.451746416735526,6.195881568205241,6.247795989953997,725023418
2005-05-26 05:30:00+05:30,6.407742500305176,6.520471039737383,6.385493259645899,6.451252284245785,543895039
2005-05-27 05:30:00+05:30,6.5758466720581055,6.5770833720447675,6.408978312166208,6.438891022674068,489190760
2005-05-31 05:30:00+05:30,6.854455947875977,6.882391266053434,6.65915861640495,6.660641425971397,892805959
2005-06-01 05:30:00+05:30,7.11971378326416,7.240601329523558,6.971881510862065,7.001053054318728,1412944285
2005-06-02 05:30:00+05:30,7.117241859436035,7.163717261555126,7.035661784811907,7.137760287779762,721658854
2005-06-03 05:30:00+05:30,6.928371906280518,7.1518515908494145,6.857915977380997,7.089800772898248,754108027
2005-06-06 05:30:00+05:30,7.192395210266113,7.2618624502280955,6.967184686302866,6.98102881774212,904413304
2005-06-07 05:30:00+05:30,7.246286392211914,7.406232927979346,7.176573522226402,7.344677639901368,976566743
2005-06-08 05:30:00+05:30,6.91106653213501,7.248017339735134,6.872501655389342,7.239612228900649,1031889331
2005-06-09 05:30:00+05:30,7.077934741973877,7.132074559168057,6.9357880822167015,7.0386286979830075,660109011
2005-06-10 05:30:00+05:30,6.983747482299805,7.101915040832997,6.922438305674159,7.09474568328411,509767599
2005-06-13 05:30:00+05:30,6.989928722381592,7.025526563906496,6.835914836613737,6.917494919388301,514047581
2005-06-14 05:30:00+05:30,6.8811540603637695,6.952598214860283,6.86632123291469,6.887087664630811,405189077
2005-06-15 05:30:00+05:30,6.793394088745117,6.855196430472824,6.6111983185579195,6.798338048905382,838454999
2005-06-16 05:30:00+05:30,6.8586578369140625,6.8799183809154965,6.750626197977276,6.780044323876012,500364485
2005-06-17 05:30:00+05:30,6.929360389709473,6.929360389709473,6.820587582068872,6.897223700714396,418940428
2005-06-20 05:30:00+05:30,7.087576866149902,7.11155597254379,6.7174992452563425,6.825283825809353,844140229
2005-06-21 05:30:00+05:30,7.115758895874023,7.17657396619513,7.0448093214804945,7.121445444532789,607560783
2005-06-22 05:30:00+05:30,7.151852130889893,7.226510384257376,7.136278134507713,7.160999357173195,420530365
2005-06-23 05:30:00+05:30,7.161987781524658,7.288066343612155,7.082632153376918,7.119713749317416,564363474
2005-06-24 05:30:00+05:30,7.348385810852051,7.366926845295307,7.158773620758037,7.191406314665582,713512433
2005-06-27 05:30:00+05:30,7.517725467681885,7.526872693272439,7.264580128895886,7.38917540352936,714785186
2005-06-28 05:30:00+05:30,7.465811252593994,7.645041421207215,7.465811252593994,7.571618920210429,764314139
2005-06-29 05:30:00+05:30,7.236399173736572,7.524648276588824,7.222307986123328,7.478172867659331,734691521
2005-06-30 05:30:00+05:30,7.271749019622803,7.389916570483445,7.1948663260623755,7.276446396771773,606039101
2005-07-01 05:30:00+05:30,7.2000579833984375,7.323417034412685,7.149874372493319,7.293751379407283,370487492
2005-07-05 05:30:00+05:30,7.3103156089782715,7.316989908605745,7.174842755711459,7.221072054017562,300883574
2005-07-06 05:30:00+05:30,7.206733703613281,7.357038436771532,7.203272552538936,7.349622022531823,321211484
2005-07-07 05:30:00+05:30,7.306113243103027,7.312540013352876,7.132322565661808,7.154077696474428,428484066
2005-07-08 05:30:00+05:30,7.323170185089111,7.354566653047642,7.269278365787153,7.32366429716154,299422117
2005-07-11 05:30:00+05:30,7.251972198486328,7.332316515483482,7.194371232665444,7.327371609063836,336869956
2005-07-12 05:30:00+05:30,7.213160991668701,7.2779303744626604,7.192147503713502,7.252961623577179,235475323
2005-07-13 05:30:00+05:30,7.388187408447266,7.397580743777272,7.221071515280343,7.23120649199001,459230882
2005-07-14 05:30:00+05:30,7.438371181488037,7.583237363129446,7.418099807765434,7.54838069081448,428307406
2005-07-15 05:30:00+05:30,7.44578742980957,7.500421362559527,7.4109307582700135,7.447023183250122,338801168
2005-07-18 05:30:00+05:30,7.404996871948242,7.463339482660273,7.36074592019363,7.416368548235268,249242734
2005-07-19 05:30:00+05:30,7.66110897064209,7.672233591193118,7.460867220585807,7.468283634286492,506748324
2005-07-20 05:30:00+05:30,7.713024139404297,7.728104023366689,7.460867484522873,7.554066297846159,574561556
2005-07-21 05:30:00+05:30,7.760982990264893,7.856406250671062,7.693494099189302,7.763701553130177,794543021
2005-07-22 05:30:00+05:30,7.4756999015808105,7.64504119738858,7.3256427021002635,7.573843149461397,938978379
2005-07-25 05:30:00+05:30,7.31377649307251,7.497702142372784,7.291774780162695,7.475452900135376,387800142
2005-07-26 05:30:00+05:30,7.319708824157715,7.366926816115318,7.220824411855988,7.293010207952591,394147846
2005-07-27 05:30:00+05:30,7.340475559234619,7.372612249132836,7.2284881803012215,7.360498930606527,289798178
2005-07-28 05:30:00+05:30,7.255681037902832,7.352340998764361,7.250241545709279,7.352340998764361,237912424
2005-07-29 05:30:00+05:30,7.113781929016113,7.239365912180885,7.094746308075421,7.222060630130276,335785908
2005-08-01 05:30:00+05:30,7.208958148956299,7.230959862325255,7.122186575707052,7.122681161085127,227344963
2005-08-02 05:30:00+05:30,7.396345615386963,7.404503671252649,7.1968450139737365,7.208710803763643,292701018
2005-08-03 05:30:00+05:30,7.349621295928955,7.409446716023146,7.30759526825037,7.366926576302393,238113174
2005-08-04 05:30:00+05:30,7.360252380371094,7.391647904308838,7.298944142120944,7.306360556684967,210245108
2005-08-05 05:30:00+05:30,7.227251052856445,7.379534114717412,7.201541134513318,7.354566311023266,238478538
2005-08-08 05:30:00+05:30,7.2000579833984375,7.308831262939225,7.18126989299082,7.258153539975625,179943955
2005-08-09 05:30:00+05:30,7.2079691886901855,7.235410393642591,7.132322239549831,7.217610526842746,232038489
2005-08-10 05:30:00+05:30,7.062361240386963,7.226757151564879,7.042584452359704,7.201293815216471,276191367
2005-08-11 05:30:00+05:30,7.022065162658691,7.084610095648591,6.937271461186596,7.067552343625216,301722708
2005-08-12 05:30:00+05:30,7.162235260009766,7.17410152286261,6.9624876063242445,7.005008697071904,264423423
2005-08-15 05:30:00+05:30,7.020829200744629,7.237634117037909,7.0151431258098516,7.164212094665524,328213631
2005-08-16 05:30:00+05:30,7.061619758605957,7.114522880753895,7.004512897520858,7.0425846115316855,285433881
2005-08-17 05:30:00+05:30,7.048022270202637,7.084362696667147,7.020829069325556,7.05815819316949,155914222
2005-08-18 05:30:00+05:30,6.92169713973999,6.934305516966079,6.798338556520692,6.820834854805618,476692087
2005-08-19 05:30:00+05:30,6.921944618225098,6.9577909373319615,6.912551281960901,6.946419259475367,222547046
2005-08-22 05:30:00+05:30,6.773863792419434,6.958284497049887,6.75754815502693,6.952598421929256,273541472
2005-08-23 05:30:00+05:30,6.911561012268066,6.9155172218073,6.776583226538537,6.827015314093523,233740846
2005-08-24 05:30:00+05:30,6.985477447509766,7.039370211332895,6.83418402833931,6.861871814974978,345012362
2005-08-25 05:30:00+05:30,6.985971927642822,7.020829071404818,6.921202546879619,6.984983230263104,175720183
2005-08-26 05:30:00+05:30,7.010446548461914,7.046045809183784,6.9877031942370875,7.007974094920679,150775031
2005-08-29 05:30:00+05:30,7.130838394165039,7.147402034001052,6.977320046905324,6.977320046905324,237005036
2005-08-30 05:30:00+05:30,7.101668357849121,7.157042986663578,7.0673048510140575,7.104633976858962,192398464
2005-08-31 05:30:00+05:30,7.070271968841553,7.132075261450341,7.029728747635525,7.125400488810245,202114747
2005-09-01 05:30:00+05:30,7.076452732086182,7.107353668907816,7.045550375402233,7.068047620476205,110095123
2005-09-02 05:30:00+05:30,7.130838394165039,7.16891010751329,7.081149367806679,7.082880179901439,137894934
2005-09-06 05:30:00+05:30,7.09771203994751,7.15407725848397,7.090048570066473,7.144435447193426,169123549
2005-09-07 05:30:00+05:30,7.289549350738525,7.305123346949096,7.052472577146533,7.067552461278947,301104399
2005-09-08 05:30:00+05:30,7.302403926849365,7.3985688222676425,7.2522193732613465,7.288559797824683,265523531
2005-09-09 05:30:00+05:30,7.393872261047363,7.3941193170688955,7.331327331458407,7.3491267239062426,176278267
2005-09-12 05:30:00+05:30,7.657153606414795,7.698685049301519,7.441090334419314,7.45963136842562,417017246
2005-09-13 05:30:00+05:30,7.705113887786865,7.800289626077612,7.568899395339174,7.638860745119816,413540262
2005-09-14 05:30:00+05:30,7.490531921386719,7.7446659458336695,7.4237846756515475,7.6321844674042625,452722579
2005-09-15 05:30:00+05:30,7.481139659881592,7.583237701154024,7.364701955551449,7.404503536662451,620966845
2005-09-16 05:30:00+05:30,7.421313285827637,7.527615066185534,7.413155230111421,7.515748803325585,304328438
2005-09-19 05:30:00+05:30,7.5100626945495605,7.564696630699353,7.433921630349188,7.4410909885576775,231339881
2005-09-20 05:30:00+05:30,7.611914157867432,7.695718687215619,7.545661019029995,7.56840437248711,375441994
2005-09-21 05:30:00+05:30,7.710551738739014,7.756533978912508,7.56370816112645,7.624274753427432,406305245
2005-09-22 05:30:00+05:30,7.697449684143066,7.891511254430905,7.6677845015241015,7.7006637790578765,522206047
2005-09-23 05:30:00+05:30,7.796086311340332,7.841820544376247,7.727609199724306,7.737745122302951,340623975
2005-09-26 05:30:00+05:30,7.769388198852539,7.934278220477619,7.726868057682088,7.898433324978005,397259466
2005-09-27 05:30:00+05:30,7.760982990264893,7.871486134029995,7.747138860325398,7.785950794128968,275954483
2005-09-28 05:30:00+05:30,7.564696311950684,7.7896592905663296,7.554807917790503,7.767905580673813,321095049
2005-09-29 05:30:00+05:30,7.654186725616455,7.681379925513726,7.566673995287075,7.581506821880998,225393676
2005-09-30 05:30:00+05:30,7.823279857635498,7.848989775953629,7.72019312833849,7.767905231457866,367424053
2005-10-03 05:30:00+05:30,7.878161430358887,7.913513160158238,7.732553138823288,7.753319570509985,367785402
2005-10-04 05:30:00+05:30,7.6883015632629395,7.942436057184403,7.681873847468819,7.909557256764573,367143003
2005-10-05 05:30:00+05:30,7.681132793426514,7.784715055639037,7.614138487562662,7.730080650430317,334384676
2005-10-06 05:30:00+05:30,7.731565475463867,7.774332675504237,7.665806444667637,7.765927563781201,320950509
2005-10-07 05:30:00+05:30,7.737497806549072,7.828472647521511,7.676931211159216,7.781996292901767,271827070
2005-10-10 05:30:00+05:30,7.679649829864502,7.782737977954517,7.642568235493622,7.7454088542743165,223723439
2005-10-11 05:30:00+05:30,7.567168712615967,7.729092644881425,7.536513886344845,7.678661503715463,342984790
2005-10-12 05:30:00+05:30,7.4403486251831055,7.594114494802042,7.391646878587627,7.544919582737303,373643277
2005-10-13 05:30:00+05:30,7.35308313369751,7.465811209666926,7.185967231453011,7.465811209666926,424292413
2005-10-14 05:30:00+05:30,7.3209452629089355,7.422056028662317,7.231949709465124,7.413897026201005,342041267
2005-10-17 05:30:00+05:30,7.539974212646484,7.544919119082382,7.281884930643036,7.354565778818285,303802474
2005-10-18 05:30:00+05:30,7.497454643249512,7.613149749471841,7.48410462540859,7.538986086350823,284173173
2005-10-19 05:30:00+05:30,7.631443500518799,7.660367512857616,7.514264168479485,7.515253812414499,281479113
2005-10-20 05:30:00+05:30,7.495476722717285,7.691516636580031,7.446281807187599,7.663334736450007,558553779
2005-10-21 05:30:00+05:30,8.40274715423584,8.564177946592142,8.232170554302831,8.548602055091967,919128253
2005-10-24 05:30:00+05:30,8.619056701660156,8.635126703771412,8.459358156793911,8.488528755548849,378682093
2005-10-25 05:30:00+05:30,8.576042175292969,8.588155493932966,8.475921057906884,8.548106857663557,276163262
2005-10-26 05:30:00+05:30,8.786911964416504,8.800756566079459,8.558241286450452,8.560466683586347,357635500
2005-10-27 05:30:00+05:30,8.72807788848877,8.82770394375744,8.693961438128259,8.815590625538045,206145800
2005-10-28 05:30:00+05:30,8.85440444946289,8.87368712859889,8.776532564701157,8.782712752815582,237025111
2005-10-31 05:30:00+05:30,9.199759483337402,9.264282767497455,8.887531723047031,8.90557722864708,575866428
2005-11-01 05:30:00+05:30,9.378740310668945,9.490479674424032,9.122380415827728,9.192835868134614,656696267
2005-11-02 05:30:00+05:30,9.386157989501953,9.51767415738672,9.324107166094917,9.436094547536493,424200069
2005-11-03 05:30:00+05:30,9.541158676147461,9.556733619291146,9.428183070575258,9.453646881533581,299052737
2005-11-04 05:30:00+05:30,9.651909828186035,9.685530271614915,9.528798310860733,9.640784734666704,354319116
2005-11-07 05:30:00+05:30,9.765626907348633,9.825947387864769,9.694430282130568,9.767358192697618,385098052
2005-11-08 05:30:00+05:30,9.63880729675293,9.779472110187498,9.606176020922334,9.746344829119899,317084071
2005-11-09 05:30:00+05:30,9.373054504394531,9.599007607605635,9.34536718916607,9.558958971024408,420245300
2005-11-10 05:30:00+05:30,9.668472290039062,9.674653423579867,9.330533722248855,9.353525077926133,366516664
2005-11-11 05:30:00+05:30,9.651168823242188,9.8118565385241,9.612850524719434,9.767853111152561,283615089
2005-11-14 05:30:00+05:30,9.813586235046387,9.844489063780452,9.679102561521603,9.693688333199345,313486637
2005-11-15 05:30:00+05:30,9.71049976348877,9.814328613679544,9.664765052389047,9.74955922865184,346289130
2005-11-16 05:30:00+05:30,9.842759132385254,9.860064415952921,9.742885060921076,9.794552908982423,349111670
2005-11-17 05:30:00+05:30,9.973779678344727,9.982680321412506,9.876872187613051,9.93298987603943,369869183
2005-11-18 05:30:00+05:30,9.893683433532715,9.99973673103744,9.884784683545282,9.974768926716783,282077347
2005-11-21 05:30:00+05:30,10.11988353729248,10.135211424900136,9.727557578615434,9.867974394739367,414953540
2005-11-22 05:30:00+05:30,10.29565143585205,10.316417395036682,10.042506082464165,10.102330559920079,385278727
2005-11-23 05:30:00+05:30,10.453619956970215,10.499601725156495,10.278593527868292,10.309742467607386,404912042
2005-11-25 05:30:00+05:30,10.596014976501465,10.599229545057407,10.513941248229507,10.525806565322776,194329675
2005-11-28 05:30:00+05:30,10.468947410583496,10.660783108548841,10.443236544623085,10.625679380393999,441986487
2005-11-29 05:30:00+05:30,9.976005554199219,10.541132522305725,9.941395937258367,10.493173359985205,863054861
2005-11-30 05:30:00+05:30,10.009873390197754,10.097387079493515,9.778730211767169,9.993805281258124,626202395
2005-12-01 05:30:00+05:30,10.236814498901367,10.27018788944643,10.093432068949493,10.11592836754818,391257051
2005-12-02 05:30:00+05:30,10.326058387756348,10.371298040395406,10.231129234026444,10.307269823212739,302870996
2005-12-05 05:30:00+05:30,10.033112525939941,10.32111553280472,9.994300112493207,10.308754210286834,413118688
2005-12-06 05:30:00+05:30,10.000728607177734,10.294169696160463,9.930520193030329,10.103568301217596,607279734
2005-12-07 05:30:00+05:30,9.992815971374512,10.054123727883102,9.864017431777631,10.04077418350871,468385066
2005-12-08 05:30:00+05:30,10.151773452758789,10.151773452758789,9.953756610221292,10.019515168352203,357735875
2005-12-09 05:30:00+05:30,10.115928649902344,10.2785937612755,10.10010570376619,10.259311083856286,306881974
2005-12-12 05:30:00+05:30,10.200226783752441,10.26450300594129,10.13446917184096,10.250164289316103,279046027
2005-12-13 05:30:00+05:30,10.320867538452148,10.33347496931577,10.176247934712704,10.19750800657973,327775997
2005-12-14 05:30:00+05:30,10.357206344604492,10.376242911697679,10.271423944114568,10.309742241190758,266210095
2005-12-15 05:30:00+05:30,10.445954322814941,10.460540093517414,10.296391722122266,10.360914045061024,242738446
2005-12-16 05:30:00+05:30,10.633837699890137,10.69193278850253,10.450900739362737,10.5149289595198,655668429
2005-12-19 05:30:00+05:30,10.496634483337402,11.03086048934485,10.385635333178366,10.684515387274814,880760980
2005-12-20 05:30:00+05:30,10.623701095581055,10.684515690020394,10.498364173011792,10.577226163556482,404899997
2005-12-21 05:30:00+05:30,10.539401054382324,10.79971574153663,10.400467542845988,10.717888139163813,450558497
2005-12-22 05:30:00+05:30,10.680559158325195,10.700831003820257,10.529513274056772,10.673884859549249,302995460
2005-12-23 05:30:00+05:30,10.653120040893555,10.691932450759749,10.599969861297263,10.683279809767946,184492943
2005-12-27 05:30:00+05:30,10.497621536254883,10.676108611725681,10.451146610732291,10.676108611725681,269116950
2005-12-28 05:30:00+05:30,10.548301696777344,10.575247843108547,10.414066023769275,10.490206611769043,285783185
2005-12-29 05:30:00+05:30,10.386625289916992,10.598732845951364,10.362398652038639,10.580192283470966,278873383
2005-12-30 05:30:00+05:30,10.255849838256836,10.338665672237312,10.228162523775993,10.315427259570484,304621533
2006-01-03 05:30:00+05:30,10.759422302246094,10.77029844764365,10.338913983386098,10.4452143426677,526815259
2006-01-04 05:30:00+05:30,11.006878852844238,11.098842374019661,10.871159914842602,10.973752523644666,613747887
2006-01-05 05:30:00+05:30,11.155208587646484,11.162872057661843,10.91442266266785,11.025668872346097,433952486
2006-01-06 05:30:00+05:30,11.511689186096191,11.63134003918608,11.204650580394944,11.294388720212359,712938289
2006-01-09 05:30:00+05:30,11.542343139648438,11.703030855186887,11.395004023369657,11.53022982063511,513593887
2006-01-10 05:30:00+05:30,11.613043785095215,11.625157102154164,11.422196330839666,11.481033524068561,365247927
2006-01-11 05:30:00+05:30,11.659273147583008,11.745303544212929,11.598706559457604,11.650373451379913,361646478
2006-01-12 05:30:00+05:30,11.461503982543945,11.74233759310008,11.408847917208382,11.710940652151002,406530084
2006-01-13 05:30:00+05:30,11.526274681091309,11.542095733513582,11.41156779144289,11.478314572016318,307411953
2006-01-17 05:30:00+05:30,11.547532081604004,11.616505195977306,11.434309438265085,11.447410979121463,332051965
2006-01-18 05:30:00+05:30,10.998723030090332,11.306502798847678,10.957686169324298,11.057807287515542,822499417
2006-01-19 05:30:00+05:30,10.789581298828125,11.210830755667946,10.704293014888613,11.153476841080266,583671575
2006-01-20 05:30:00+05:30,9.875143051147461,10.878082645332125,9.758458769601267,10.845204314552328,1650832619
2006-01-23 05:30:00+05:30,10.568325996398926,10.590328183222244,10.03014610785427,10.070935913162756,913065614
2006-01-24 05:30:00+05:30,10.95224666595459,10.999710768056788,10.740880290926922,10.779197640369457,620902605
2006-01-25 05:30:00+05:30,10.704293251037598,11.229124508261073,10.610846436710037,11.155702484576837,752401655
2006-01-26 05:30:00+05:30,10.735688209533691,10.877094183299477,10.470923657664517,10.86596908935108,518982008
2006-01-27 05:30:00+05:30,10.71640682220459,10.833338171287995,10.604914492734345,10.753735951592786,339355237
2006-01-30 05:30:00+05:30,10.551517486572266,10.71121604160639,10.506524885465753,10.6110949146974,344843732
2006-01-31 05:30:00+05:30,10.695887565612793,10.867454268097996,10.481061443153651,10.644221613860807,885948351
2006-02-01 05:30:00+05:30,9.932496070861816,9.937935089967166,9.57997171753195,9.61730084343494,1088966472
2006-02-02 05:30:00+05:30,9.790596008300781,10.04918038078418,9.789112725502024,9.98292771348963,474078326
2006-02-03 05:30:00+05:30,9.432384490966797,9.737691763111393,9.210387155406584,9.730769461990619,734012987
2006-02-06 05:30:00+05:30,9.520145416259766,9.63880613574617,9.38318929970071,9.525336432275205,358956433
2006-02-07 05:30:00+05:30,9.09543514251709,9.485535675515104,8.982458594744578,9.467984284692939,667701363
2006-02-08 05:30:00+05:30,9.124112129211426,9.16391371058719,8.767879078094282,9.10927930053567,835283155
2006-02-09 05:30:00+05:30,8.869236946105957,9.255628842791321,8.803478383972855,9.17652168064093,478282024
2006-02-10 05:30:00+05:30,8.964163780212402,9.010887654436322,8.730054083393403,8.94784861852355,611222457
2006-02-13 05:30:00+05:30,8.54612922668457,8.667263356313304,8.451941243199425,8.569367639156033,791668286
2006-02-14 05:30:00+05:30,8.48729419708252,8.694210755381938,8.46455083997801,8.536983704213833,588357072
2006-02-15 05:30:00+05:30,8.464056015014648,8.553546152898463,8.351573572742284,8.436614808583029,519821141
2006-02-16 05:30:00+05:30,9.059343338012695,9.072691938124606,8.516217556406406,8.545389103580485,855815829
2006-02-17 05:30:00+05:30,9.11595344543457,9.199757497465932,8.989133248865368,9.14339370188223,574955025
2006-02-21 05:30:00+05:30,9.062557220458984,9.234370046720878,9.025970203982345,9.058849486226888,348742290
2006-02-22 05:30:00+05:30,9.035360336303711,9.120895657221547,8.995064655422462,9.076397185099689,260018976
2006-02-23 05:30:00+05:30,9.346355438232422,9.424721418212085,9.03289057173898,9.038328643886043,503945859
2006-02-24 05:30:00+05:30,9.329791069030762,9.395796673633123,9.233131587394615,9.327319562331922,260344190
2006-02-27 05:30:00+05:30,9.650672912597656,9.683304183040502,9.400987325185106,9.425461961235644,410019113
2006-02-28 05:30:00+05:30,8.964411735534668,9.827677544664633,8.368382925133385,9.720387076904995,1583416872
2006-03-01 05:30:00+05:30,9.018306732177734,9.133260691988726,8.931781259010602,9.111258502945011,484256334
2006-03-02 05:30:00+05:30,9.306307792663574,9.421261740049,8.95402953627034,9.00545032383822,735960259
2006-03-03 05:30:00+05:30,9.349076271057129,9.573050095813935,9.289249896372073,9.500369233711778,480273461
2006-03-06 05:30:00+05:30,9.099884986877441,9.478119257421154,9.07615246231159,9.416564441690747,358928328
2006-03-07 05:30:00+05:30,9.009652137756348,9.108537976089508,8.853908385908317,9.023743798043958,416708092
2006-03-08 05:30:00+05:30,8.7483491897583,8.90038520770349,8.665780409309527,8.749585416555192,471585016
2006-03-09 05:30:00+05:30,8.479382514953613,8.863302863235642,8.442300445065257,8.7856780457943,558501584
2006-03-10 05:30:00+05:30,8.343414306640625,8.516464275355982,8.196324152340878,8.491742580803841,775921484
2006-03-13 05:30:00+05:30,8.332537651062012,8.556017351527904,8.292737017559581,8.428208919612068,547741403
2006-03-14 05:30:00+05:30,8.681106567382812,8.71101927755706,8.222775050457065,8.334515365571757,740794310
2006-03-15 05:30:00+05:30,8.516465187072754,8.70929101755278,8.418320513015686,8.67146588372962,512666424
2006-03-16 05:30:00+05:30,8.374811172485352,8.621528324312472,8.353303099635175,8.618067646804318,402169802
2006-03-17 05:30:00+05:30,8.400026321411133,8.44922265574423,8.279881362844902,8.375552628836484,343350155
2006-03-20 05:30:00+05:30,8.607685089111328,8.65465602667061,8.44328870080356,8.463065489293061,417864410
2006-03-21 05:30:00+05:30,8.403238296508789,8.693465659210746,8.38247328823897,8.652675864053567,394717975
2006-03-22 05:30:00+05:30,8.410655975341797,8.506575239590836,8.343414141245708,8.399037716241674,304978867
2006-03-23 05:30:00+05:30,8.451940536499023,8.547364738754363,8.41016156601054,8.463311739174287,298502683
2006-03-24 05:30:00+05:30,9.043025970458984,9.14908021446631,8.961692474724554,9.112739313574403,609500025
2006-03-27 05:30:00+05:30,9.139191627502441,9.189129130790942,9.023249459260056,9.074916354816887,282001062
2006-03-28 05:30:00+05:30,9.324848175048828,9.341164286055324,9.175779671624502,9.189129216993454,359173242
2006-03-29 05:30:00+05:30,9.76439094543457,9.863769935881788,9.381952972928605,9.392583007434665,763952790
2006-03-30 05:30:00+05:30,9.602716445922852,9.727805384075689,9.483312637150835,9.621257010222239,590673723
2006-03-31 05:30:00+05:30,9.641280174255371,9.687509000266612,9.493693998810663,9.610132179891846,1466331647
2006-04-03 05:30:00+05:30,9.633862495422363,9.702340555974178,9.590106128848289,9.629660649897716,326125835
2006-04-04 05:30:00+05:30,9.995781898498535,10.009625555344373,9.595298394639753,9.638806759991004,630984252
2006-04-05 05:30:00+05:30,10.086015701293945,10.248680808877237,9.958206320678634,10.091206717959952,538430634
2006-04-06 05:30:00+05:30,10.164875984191895,10.231870769413819,10.022729777822628,10.048933810818255,345229172
2006-04-07 05:30:00+05:30,10.04077434539795,10.20615989674873,9.9878712256667,10.195281858996193,282089392
2006-04-10 05:30:00+05:30,10.293426513671875,10.312956246996743,10.018278961632682,10.06351956237564,374201361
2006-04-11 05:30:00+05:30,10.127299308776855,10.360666927067552,10.042258077187311,10.294415206358925,445953300
2006-04-12 05:30:00+05:30,10.109745979309082,10.168583173402034,10.016794230772453,10.110982205949021,241582128
2006-04-13 05:30:00+05:30,9.941888809204102,10.12976969867202,9.900851954020574,10.101835331192927,263098475
2006-04-17 05:30:00+05:30,10.057089805603027,10.197506597459787,9.909256600564582,9.973778921957877,331618345
2006-04-18 05:30:00+05:30,9.993310928344727,10.131502341344857,9.925574030081892,10.084531402753488,326724069
2006-04-19 05:30:00+05:30,10.148064613342285,10.225689425932,10.054864859085484,10.199237393302441,272284779
2006-04-20 05:30:00+05:30,10.259309768676758,10.284031462339247,10.091205659441059,10.160672889770069,492699864
2006-04-21 05:30:00+05:30,10.805649757385254,11.142352109304953,10.782659347542785,11.0973595137585,905433112
2006-04-24 05:30:00+05:30,10.889703750610352,10.993531661648397,10.79131201940138,10.862509599415946,354780840
2006-04-25 05:30:00+05:30,10.559921264648438,10.903051820768132,10.5312447785047,10.868195147199655,384194678
2006-04-26 05:30:00+05:30,10.530503273010254,10.63111850966662,10.470183731543282,10.574260592754678,292203159
2006-04-27 05:30:00+05:30,10.383661270141602,10.553742820157774,10.367838321749337,10.454857911881499,334766100
2006-04-28 05:30:00+05:30,10.331990242004395,10.524568035255953,10.291447498868553,10.349047519007216,297964674
2006-05-01 05:30:00+05:30,9.861298561096191,10.369073499106397,9.852646866883271,10.345092971623892,416001453
2006-05-02 05:30:00+05:30,9.759943008422852,9.950049333271773,9.601726793335926,9.915192657644711,526136725
2006-05-03 05:30:00+05:30,9.744367599487305,9.925573253919195,9.663034106038392,9.798258942796823,324098263
2006-05-04 05:30:00+05:30,9.758706092834473,9.860557549297022,9.695914101980387,9.76562744831453,186777474
2006-05-05 05:30:00+05:30,9.747580528259277,9.905301650598757,9.685282658543509,9.829160125359952,243509324
2006-05-08 05:30:00+05:30,9.75944709777832,9.817294174911797,9.642514823716718,9.767604679116458,205511431
2006-05-09 05:30:00+05:30,10.106039047241211,10.1109830076182,9.733984021007782,9.78219118433907,366994449
2006-05-10 05:30:00+05:30,9.962160110473633,10.177977269300074,9.934472797884604,10.093925214303308,248415646
2006-05-11 05:30:00+05:30,9.567115783691406,10.004929348085277,9.517179229935063,9.973038296382027,357045296
2006-05-12 05:30:00+05:30,9.248954772949219,9.514460508123854,9.234616056639515,9.481581229604076,405016432
2006-05-15 05:30:00+05:30,9.300127029418945,9.397776645194355,9.103594410741637,9.293453676201967,344891912
2006-05-16 05:30:00+05:30,9.17899227142334,9.31644249961094,9.144134655775385,9.294934427845757,260617209
2006-05-17 05:30:00+05:30,9.258100509643555,9.390112681390372,9.15229426330212,9.161935128400685,427347823
2006-05-18 05:30:00+05:30,9.171329498291016,9.438813561701364,9.164407196523666,9.36390825529417,234274840
2006-05-19 05:30:00+05:30,9.14734935760498,9.258100511109253,8.913734678498175,9.227940742447581,457636930
2006-05-22 05:30:00+05:30,9.170340538024902,9.221760377384273,9.029429618574344,9.093704891060984,345466056
2006-05-23 05:30:00+05:30,9.284798622131348,9.489984796367638,9.23486206988015,9.250931123259287,360666820
2006-05-24 05:30:00+05:30,9.424968719482422,9.479108065791335,9.18665620536806,9.328556288693926,383584400
2006-05-25 05:30:00+05:30,9.46798324584961,9.468230301857696,9.203960832057211,9.37132376590378,329012615
2006-05-26 05:30:00+05:30,9.427441596984863,9.539428974749548,9.394809375486235,9.506549697214162,147229793
2006-05-30 05:30:00+05:30,9.19481372833252,9.418788472355093,9.182700410554952,9.351546637943509,173287097
2006-05-31 05:30:00+05:30,9.19184684753418,9.350804202482934,9.067252049971879,9.24079517558803,320448635
2006-06-01 05:30:00+05:30,9.458837509155273,9.467984261884537,9.18640948240445,9.23436864351186,252061259
2006-06-02 05:30:00+05:30,9.380224227905273,9.56909526756462,9.331029782921107,9.563161189413233,256413512
2006-06-05 05:30:00+05:30,9.25661849975586,9.429913647621852,9.249449141402296,9.299632756727425,223173385
2006-06-06 05:30:00+05:30,9.641033172607422,9.641280228663302,9.30259950617549,9.309521808614738,411930250
2006-06-07 05:30:00+05:30,9.55500316619873,9.761424641866295,9.554756110156921,9.721376952146645,357788070
2006-06-08 05:30:00+05:30,9.722862243652344,9.746841829859747,9.359212713330514,9.58565902721511,415933198
2006-06-09 05:30:00+05:30,9.556487083435059,9.775516950949077,9.526327312834814,9.695420619617684,247223193
2006-06-12 05:30:00+05:30,9.432138442993164,9.65339274102339,9.41878889791731,9.600242563330049,201516513
2006-06-13 05:30:00+05:30,9.555249214172363,9.56711547552627,9.347590587053766,9.416316648444992,307512327
2006-06-14 05:30:00+05:30,9.502593994140625,9.668472718618315,9.357480282296207,9.63707767034336,312045255
2006-06-15 05:30:00+05:30,9.666001319885254,9.696903203005796,9.468231539693475,9.55772262080547,272445379
2006-06-16 05:30:00+05:30,9.658585548400879,9.664271624007544,9.591838763761558,9.619031968360906,212979318
2006-06-19 05:30:00+05:30,9.595298767089844,9.75994221260114,9.566622281590782,9.662293549650714,306468429
2006-06-20 05:30:00+05:30,9.571317672729492,9.68750783723205,9.555002509342993,9.592578689486523,162201701
2006-06-21 05:30:00+05:30,9.94114875793457,9.987377580820983,9.635099335310723,9.667484500907449,351087046
2006-06-22 05:30:00+05:30,9.887256622314453,10.036819238465009,9.591838177213953,9.927552314635717,237362370
2006-06-23 05:30:00+05:30,10.008638381958008,10.129524519238696,9.906785973298168,9.956723480117422,213388847
2006-06-26 05:30:00+05:30,9.992815971374512,10.09367824896179,9.968835445445217,10.055359954569123,142580431
2006-06-27 05:30:00+05:30,9.945845603942871,10.086262410616479,9.913460438536417,10.029649661876842,164899777
2006-06-28 05:30:00+05:30,10.039538383483887,10.048686082719284,9.916426860040618,9.987624433063138,148976315
2006-06-29 05:30:00+05:30,10.328777313232422,10.338418177711977,10.03236876915792,10.086014950160795,267326263
2006-06-30 05:30:00+05:30,10.366353034973145,10.366353034973145,10.193304021451844,10.27414245355698,251258261
2006-07-03 05:30:00+05:30,10.462024688720703,10.476115401308924,10.369319991773736,10.38390576298641,86591354
2006-07-05 05:30:00+05:30,10.4190092086792,10.452135539757762,10.275130788356575,10.420491544788156,200171490
2006-07-06 05:30:00+05:30,10.461777687072754,10.51591608690881,10.431864976417454,10.46647459129324,148036806
2006-07-07 05:30:00+05:30,10.39404010772705,10.57796620771863,10.281064518138438,10.532479504671414,242581861
2006-07-10 05:30:00+05:30,10.338418960571289,10.512209162988183,10.293426363110084,10.467957733662384,178121149
2006-07-11 05:30:00+05:30,10.495645523071289,10.507758841336601,10.210610066635738,10.346081965009967,239747276
2006-07-12 05:30:00+05:30,10.314932823181152,10.450652721487035,10.302078337067371,10.434583667269985,197003661
2006-07-13 05:30:00+05:30,10.106779098510742,10.341877971806404,10.057336660479868,10.234588458689993,278018189
2006-07-14 05:30:00+05:30,9.975015640258789,10.172537384744638,9.854127637622895,10.14386090394146,303216285
2006-07-17 05:30:00+05:30,10.08354377746582,10.160427433340141,9.980456087690158,10.002952387574538,233347377
2006-07-18 05:30:00+05:30,9.963891983032227,10.149795496322142,9.832621930080373,10.129523649438209,342751921
2006-07-19 05:30:00+05:30,9.863771438598633,9.916674563177343,9.756480959998218,9.76513360115791,342017177
2006-07-20 05:30:00+05:30,9.57008171081543,9.998253435702885,9.533988815966978,9.994297699863083,503427925
2006-07-21 05:30:00+05:30,9.643998146057129,9.68454183662487,9.336960527491883,9.54585443413298,471946365
2006-07-24 05:30:00+05:30,9.663528442382812,9.737445523958959,9.423980644353485,9.710993490450457,324656348
2006-07-25 05:30:00+05:30,9.625457763671875,9.67366397789605,9.488007531868233,9.518167297760797,231307761
2006-07-26 05:30:00+05:30,9.530034065246582,9.688497319179893,9.468231247487708,9.59678178996005,222105397
2006-07-27 05:30:00+05:30,9.453398704528809,9.579229741281374,9.343389666672826,9.576263175649194,226489769
2006-07-28 05:30:00+05:30,9.594803810119629,9.63040164788821,9.436834677883358,9.443508976660347,163956253
2006-07-31 05:30:00+05:30,9.55722713470459,9.620761236961695,9.475894586012142,9.59183769660758,184500973
2006-08-01 05:30:00+05:30,9.28306770324707,9.536708077784393,9.28306770324707,9.520391969408765,219347097
2006-08-02 05:30:00+05:30,9.078378677368164,9.324107636649146,9.028194114181238,9.285294278124205,284976172
2006-08-03 05:30:00+05:30,9.280101776123047,9.342399648749522,8.982705964902657,9.022754597305392,254028606
2006-08-04 05:30:00+05:30,9.242032051086426,9.410877337961267,9.190117154051244,9.383190023925728,204571922
2006-08-07 05:30:00+05:30,9.343389511108398,9.387392936203176,9.175284443608737,9.183937084321007,158467758
2006-08-08 05:30:00+05:30,9.418789863586426,9.505314386127825,9.371572812196941,9.463782463855962,230589077
2006-08-09 05:30:00+05:30,9.31842041015625,9.509762936493908,9.304081694852341,9.463286113057022,173086347
2006-08-10 05:30:00+05:30,9.250685691833496,9.336468099301317,9.207670486782293,9.242774218475267,171114986
2006-08-11 05:30:00+05:30,9.109771728515625,9.277381714990828,9.097411355762516,9.255626588096607,151224711
2006-08-14 05:30:00+05:30,9.132763862609863,9.273675735628466,9.113976243923986,9.183937595046176,199476896
2006-08-15 05:30:00+05:30,9.418047904968262,9.435353188393417,9.21113135151011,9.248461428221514,268932260
2006-08-16 05:30:00+05:30,9.584915161132812,9.60296160973216,9.446476703196709,9.480097147012687,235005569
2006-08-17 05:30:00+05:30,9.537449836730957,9.641278677161697,9.490973961881986,9.552035607429909,203969673
2006-08-18 05:30:00+05:30,9.477131843566895,9.569342440178577,9.41260951017431,9.55005976232017,198830482
2006-08-21 05:30:00+05:30,9.32732105255127,9.36934708546837,9.275901210213265,9.34709784217551,161535213
2006-08-22 05:30:00+05:30,9.351794242858887,9.375773823797408,9.2665059547871,9.337950585525533,167188323
2006-08-23 05:30:00+05:30,9.231650352478027,9.351301215004813,9.21261472982832,9.335726270445972,146238089
2006-08-24 05:30:00+05:30,9.239066123962402,9.305071738609284,9.202725220239193,9.256618462411545,139822131
2006-08-25 05:30:00+05:30,9.227447509765625,9.278374189459546,9.208659889859584,9.22299766085499,99037832
2006-08-28 05:30:00+05:30,9.417552947998047,9.417552947998047,9.270460891804612,9.285540776145176,167184308
2006-08-29 05:30:00+05:30,9.368109703063965,9.451420590466006,9.324847448649017,9.41334935222495,179068687
2006-08-30 05:30:00+05:30,9.412609100341797,9.509022485435908,9.357233522889628,9.374537858395056,162382376
2006-08-31 05:30:00+05:30,9.35772705078125,9.447218128141364,9.349569468916158,9.430902017836354,118839777
2006-09-01 05:30:00+05:30,9.359457969665527,9.425710639112024,9.324601296050002,9.418542227497579,107316747
2006-09-05 05:30:00+05:30,9.501852035522461,9.52756195306864,9.330781362187512,9.390852890751097,163582859
2006-09-06 05:30:00+05:30,9.397529602050781,9.472929027756981,9.38566239220735,9.445982879347234,149522354
2006-09-07 05:30:00+05:30,9.356739044189453,9.437329480318326,9.329791951368106,9.378988286031724,154256030
2006-09-08 05:30:00+05:30,9.340916633605957,9.413597487085202,9.312981317873575,9.312981317873575,123798294
2006-09-11 05:30:00+05:30,9.49517822265625,9.510011051665762,9.33894035252262,9.351053671784568,181847062
2006-09-12 05:30:00+05:30,9.688249588012695,9.708767542775028,9.514706462426028,9.517673027762122,218503948
2006-09-13 05:30:00+05:30,10.050910949707031,10.055607854248139,9.767358765765831,9.768594045980693,392192544
2006-09-14 05:30:00+05:30,9.986882209777832,10.043741066534448,9.93620354007196,9.994792735613801,215448538
2006-09-15 05:30:00+05:30,10.132737159729004,10.136939005027983,10.055112351081092,10.073405854628753,314703180
2006-09-18 05:30:00+05:30,10.25164794921875,10.350532846634653,10.122602334570798,10.135705771429953,285333506
2006-09-19 05:30:00+05:30,9.982680320739746,10.27142350495884,9.709015126887248,10.270682336871888,573858932
2006-09-20 05:30:00+05:30,9.814329147338867,10.071183197062142,9.755492890355663,10.064013838656962,367283528
2006-09-21 05:30:00+05:30,10.057832717895508,10.097386293618328,9.885031696919492,9.895908788257044,429287065
2006-09-22 05:30:00+05:30,9.981938362121582,10.072665667241143,9.922112939179355,10.011604017559849,186681114
2006-09-25 05:30:00+05:30,9.986882209777832,10.122107049953629,9.950295199533498,10.026436732107337,230352192
2006-09-26 05:30:00+05:30,10.058327674865723,10.078352467013922,9.932248630186947,10.024459224709135,212369039
2006-09-27 05:30:00+05:30,9.960678100585938,10.165864284673246,9.947080553291311,10.044235099704526,235949093
2006-09-28 05:30:00+05:30,9.976993560791016,10.061046567614248,9.901841197268332,9.989354881737722,205061752
2006-09-29 05:30:00+05:30,9.93546199798584,10.027425525344707,9.92334868037039,10.015312207729258,132932403
2006-10-02 05:30:00+05:30,9.924090385437012,10.036818930111673,9.90826933350452,9.93546253560555,146623529
2006-10-03 05:30:00+05:30,9.988365173339844,10.04819059369499,9.843745582619615,9.920382171379359,219407321
2006-10-04 05:30:00+05:30,10.27661418914795,10.278344527710352,9.963890517257635,10.011355559310786,267470802
2006-10-05 05:30:00+05:30,10.180450439453125,10.339407808449142,10.156964970700496,10.251894123285837,232460064
2006-10-06 05:30:00+05:30,10.395278930664062,10.430135607972039,10.129525163440345,10.141144371401332,294559960
2006-10-09 05:30:00+05:30,10.605408668518066,10.678336588739404,10.467464301482924,10.501579809149934,304468963
2006-10-10 05:30:00+05:30,10.547313690185547,10.82419062660448,10.442000609628833,10.66869393262304,393011603
2006-10-11 05:30:00+05:30,10.543604850769043,10.627903967891058,10.475867953936099,10.507017839360618,226260915
2006-10-12 05:30:00+05:30,10.566843032836914,10.622218607391291,10.481801802882897,10.594530346826684,194486260
2006-10-13 05:30:00+05:30,10.563383102416992,10.617770461561884,10.520367895190349,10.574755254335239,145443121
2006-10-16 05:30:00+05:30,10.426180839538574,10.610354041925012,10.416044914560397,10.573271966745699,173423607
2006-10-17 05:30:00+05:30,10.398740768432617,10.475622536997484,10.301338200311998,10.390334235804053,209221284
2006-10-18 05:30:00+05:30,10.365859031677246,10.500341750672892,10.3211134951598,10.45683244082067,241594173
2006-10-19 05:30:00+05:30,10.53272819519043,10.61776943052224,10.372287536428837,10.388603647930427,461864718
2006-10-20 05:30:00+05:30,11.363608360290527,11.374238395859615,11.213303632957976,11.34679719094885,467662368
2006-10-23 05:30:00+05:30,11.885473251342773,11.98089746353816,11.380913824738348,11.428129925606498,606444615
2006-10-24 05:30:00+05:30,11.700804710388184,11.813286189640039,11.653834724004643,11.77422672856246,347706422
2006-10-25 05:30:00+05:30,12.029351234436035,12.07632122777849,11.745304930205632,11.804140239977576,368877480
2006-10-26 05:30:00+05:30,11.992270469665527,12.161856941527095,11.970021225863375,12.056050688656766,282322262
2006-10-27 05:30:00+05:30,11.747529029846191,11.995730428164155,11.680534246400281,11.962604093792713,265150137
2006-10-30 05:30:00+05:30,11.78139591217041,11.87756223509231,11.619225873172551,11.738134602875574,263508004
2006-10-31 05:30:00+05:30,11.776947021484375,11.919588275370238,11.713907031131267,11.81823093600524,252358369
2006-11-01 05:30:00+05:30,11.557174682617188,11.84468257831131,11.50179911047041,11.835535826056574,217865564
2006-11-02 05:30:00+05:30,11.616753578186035,11.71118767046361,11.529487897167211,11.557175211219565,210253137
2006-11-03 05:30:00+05:30,11.663475036621094,11.711681247368107,11.496854221596788,11.67410507072263,197043811
2006-11-06 05:30:00+05:30,11.790791511535645,11.857786296251714,11.676579677944153,11.712178466567442,200408375
2006-11-07 05:30:00+05:30,11.682511329650879,11.841963743542017,11.66273359631532,11.790790018090359,196618221
2006-11-08 05:30:00+05:30,11.742584228515625,11.90920505918877,11.5843680355675,11.627630290616985,319794191
2006-11-09 05:30:00+05:30,11.683995246887207,11.853582646097854,11.664959627140915,11.7796665111029,195899538
2006-11-10 05:30:00+05:30,11.70673942565918,11.735662968074873,11.626148039310438,11.712425501038519,112287309
2006-11-13 05:30:00+05:30,11.891653060913086,11.895114685086421,11.72132354529304,11.740112109202402,174326980
2006-11-14 05:30:00+05:30,12.096096992492676,12.112165098880029,11.87854950391654,11.88349441041242,290019003
2006-11-15 05:30:00+05:30,12.161114692687988,12.35690707417341,12.161114692687988,12.198196762396373,336083018
2006-11-16 05:30:00+05:30,12.259259223937988,12.303262651853705,12.176689494398802,12.237009980640744,204467533
2006-11-17 05:30:00+05:30,12.330702781677246,12.352209908365534,12.187565522344642,12.193746655977604,221266263
2006-11-20 05:30:00+05:30,12.238245010375977,12.321060841291443,12.178913700720228,12.321060841291443,205748315
2006-11-21 05:30:00+05:30,12.599175453186035,12.607827147387345,12.257527243145217,12.275079580735468,338363534
2006-11-22 05:30:00+05:30,12.558632850646973,12.681991434131088,12.50350433028483,12.631807820883846,180702789
2006-11-24 05:30:00+05:30,12.484221458435059,12.546025223806042,12.459499762971694,12.471861083990804,69567783
2006-11-27 05:30:00+05:30,11.983616828918457,12.40461924735055,11.983616828918457,12.39448332381229,294086191
2006-11-28 05:30:00+05:30,12.101042747497559,12.109943391195523,11.79276886309398,11.894126209248455,313073093
2006-11-29 05:30:00+05:30,11.9811429977417,12.230580588326731,11.921811692705687,12.218220215302477,253558852
2006-11-30 05:30:00+05:30,11.985099792480469,12.123291198332126,11.904508411544588,11.969772852850285,223936234
2006-12-01 05:30:00+05:30,11.885967254638672,12.073602055643635,11.829108396135625,12.014023687576774,226100315
2006-12-04 05:30:00+05:30,11.986087799072266,12.049868956463483,11.850121793111025,11.94035403704207,196730641
2006-12-05 05:30:00+05:30,12.039239883422852,12.099559421547795,11.987078874252445,12.049127804696676,164735162
2006-12-06 05:30:00+05:30,12.081511497497559,12.172732908268612,11.977929713354623,12.038249244121195,178679233
2006-12-07 05:30:00+05:30,11.9314546585083,12.157900917033652,11.926015639495034,12.11908850899311,187271318
2006-12-08 05:30:00+05:30,11.967794418334961,12.078792621637163,11.866190023562057,11.914149183471912,159591956
2006-12-11 05:30:00+05:30,11.96334457397461,12.086209039279865,11.960130952454325,11.98781921256915,131025281
2006-12-12 05:30:00+05:30,11.910195350646973,12.02341801387537,11.873113279032912,11.961368136186925,167866857
2006-12-13 05:30:00+05:30,11.84122085571289,12.002157501206524,11.792520529433618,11.982132711561672,187182988
2006-12-14 05:30:00+05:30,11.918599128723145,11.958894819205538,11.798454171942119,11.872371253785662,190668002
2006-12-15 05:30:00+05:30,11.87360668182373,11.967794664809388,11.862235478257977,11.931454710085935,208410256
2006-12-18 05:30:00+05:30,11.440984725952148,11.933924878029481,11.389563946630123,11.928239750171887,321865927
2006-12-19 05:30:00+05:30,11.58510971069336,11.601920880028802,11.334683868385678,11.414287026968633,264467588
2006-12-20 05:30:00+05:30,11.443456649780273,11.656059236131112,11.429365937763379,11.618978116115672,175366863
2006-12-21 05:30:00+05:30,11.277824401855469,11.501552088449605,11.182400196378305,11.47510005569433,279174507
2006-12-22 05:30:00+05:30,11.26249885559082,11.33814628315018,11.19204339144554,11.309963908177085,160129965
2006-12-26 05:30:00+05:30,11.310704231262207,11.358663388357735,11.23802338100235,11.285735482083945,83282999
2006-12-27 05:30:00+05:30,11.570277214050293,11.571514387414622,11.349517021220281,11.371766263705787,169894428
2006-12-28 05:30:00+05:30,11.435051918029785,11.583874307511278,11.427388448125814,11.547780462290389,125115211
2006-12-29 05:30:00+05:30,11.38363265991211,11.482270496134246,11.368305719322802,11.423681296855849,102751700
2007-01-03 05:30:00+05:30,11.55940055847168,11.783621419154969,11.399206966221994,11.520093091861579,309415434
2007-01-04 05:30:00+05:30,11.946782112121582,11.963839391417562,11.578188694473608,11.59425774959728,316686586
2007-01-05 05:30:00+05:30,12.043935775756836,12.05159924540117,11.819466918973534,11.927993613842848,275914333
2007-01-08 05:30:00+05:30,11.954693794250488,12.110190491855723,11.920578288486363,12.05629725025087,190888826
2007-01-09 05:30:00+05:30,12.002158164978027,12.070141170027942,11.895855917232058,12.000920991661399,216062832
2007-01-10 05:30:00+05:30,12.100053787231445,12.201163124613773,11.916621783181167,11.9757050911194,239634856
2007-01-11 05:30:00+05:30,12.353693962097168,12.403878522934885,12.266181220550711,12.291396082417567,289408724
2007-01-12 05:30:00+05:30,12.484221458435059,12.484221458435059,12.360615820842801,12.409810262582912,179618741
2007-01-16 05:30:00+05:30,12.466421127319336,12.681990282070217,12.442194492326651,12.547259560350916,303890804
2007-01-17 05:30:00+05:30,12.293374061584473,12.552699603410275,12.221682374829365,12.444419958587288,268968395
2007-01-18 05:30:00+05:30,12.059757232666016,12.273596044764325,12.049868366092051,12.225140882524332,238169384
2007-01-19 05:30:00+05:30,12.107222557067871,12.132191308757424,12.032812307226495,12.063466187532603,199878396
2007-01-22 05:30:00+05:30,11.886957168579102,12.178913979566026,11.82910819376543,12.17520624591506,216982266
2007-01-23 05:30:00+05:30,11.842705726623535,11.983616643532141,11.799196414125523,11.885719980480484,187319498
2007-01-24 05:30:00+05:30,12.337624549865723,12.349243756279918,11.947524011453888,11.97620049685658,243280470
2007-01-25 05:30:00+05:30,12.066184997558594,12.471860455466643,12.006112520623054,12.385335945567585,255694828
2007-01-26 05:30:00+05:30,12.25777530670166,12.308701034310488,12.039981682861423,12.136394118918478,220684089
2007-01-29 05:30:00+05:30,12.17446517944336,12.329714825580684,12.12576484627189,12.311174262579856,191744020
2007-01-30 05:30:00+05:30,12.220197677612305,12.311172030313026,12.14356203923293,12.212286205847198,167846782
2007-01-31 05:30:00+05:30,12.397696495056152,12.484221006181206,12.2496162234018,12.273843805913678,490074058
2007-02-01 05:30:00+05:30,11.909454345703125,12.509190957001762,11.904014379691986,12.508943900950099,628695706
2007-02-02 05:30:00+05:30,11.90327262878418,11.989797143975027,11.812051209116953,11.93071288752376,252402534
2007-02-05 05:30:00+05:30,11.548770904541016,11.816749088986723,11.524790376871767,11.80438776780441,289356529
2007-02-06 05:30:00+05:30,11.65556526184082,11.70055880453919,11.551242300228255,11.572008259450623,213673912
2007-02-07 05:30:00+05:30,11.619227409362793,11.726516947255577,11.58881963561655,11.71341445677508,165409681
2007-02-08 05:30:00+05:30,11.644440650939941,11.711682486412768,11.499079888740177,11.570771572440798,163679219
2007-02-09 05:30:00+05:30,11.418490409851074,11.685231430068292,11.408848597930634,11.659769511862132,195072449
2007-02-12 05:30:00+05:30,11.32949447631836,11.430851832635794,11.24865602596567,11.388578740349981,231042771
2007-02-13 05:30:00+05:30,11.349516868591309,11.440491232228096,11.304030160060348,11.350753095364137,163113105
2007-02-14 05:30:00+05:30,11.518362998962402,11.597471099360627,11.35248332813587,11.371766004517145,228806420
2007-02-15 05:30:00+05:30,11.408106803894043,11.523307812056128,11.389566240827637,11.520094190183945,162302076
2007-02-16 05:30:00+05:30,11.6174955368042,11.62268750015158,11.422692314750536,11.440986767916414,248006116
2007-02-20 05:30:00+05:30,11.670892715454102,11.686961769637637,11.488201881598604,11.581153635999813,163313855
2007-02-21 05:30:00+05:30,11.76384449005127,11.833557832684448,11.563108153438632,11.615023049657356,226469694
2007-02-22 05:30:00+05:30,11.763596534729004,11.971008117833685,11.727504583122114,11.83380493627729,230617182
2007-02-23 05:30:00+05:30,11.634305953979492,11.790790867222503,11.564591663401785,11.761125211657523,155886118
2007-02-26 05:30:00+05:30,11.493642807006836,11.748764620997465,11.464471261696588,11.688940140656333,159391206
2007-02-27 05:30:00+05:30,11.094146728515625,11.36682180861591,11.054592205848344,11.248160133763736,373908266
2007-02-28 05:30:00+05:30,11.110957145690918,11.215281053331648,10.952493889363007,11.134688723817263,322496281
2007-03-01 05:30:00+05:30,11.080798149108887,11.184379949275916,10.87734228273007,10.943347898362697,348710170
2007-03-02 05:30:00+05:30,10.844708442687988,11.092414756432213,10.844708442687988,11.003665798463222,264331078
2007-03-05 05:30:00+05:30,10.900827407836914,11.013308901824514,10.803177795775525,10.803671907867265,255156819
2007-03-06 05:30:00+05:30,11.311200141906738,11.347045040846421,11.05978416462319,11.062009562251985,302477526
2007-03-07 05:30:00+05:30,11.263980865478516,11.449390259614544,11.23060747743797,11.43826516588449,262343656
2007-03-08 05:30:00+05:30,11.24123764038086,11.507732528835195,11.225910700899398,11.352482899497659,215316044
2007-03-09 05:30:00+05:30,11.19772720336914,11.332211818737779,11.127024691486476,11.322322951753748,199854306
2007-03-12 05:30:00+05:30,11.241978645324707,11.254339965716495,11.151993457965425,11.188087301893692,139135567
2007-03-13 05:30:00+05:30,10.95224666595459,11.172265681576482,10.947302705575678,11.127272139801484,256048147
2007-03-14 05:30:00+05:30,11.075111389160156,11.091427500019748,10.85262086149726,10.957191825991758,321877972
2007-03-15 05:30:00+05:30,11.030364990234375,11.120104066263284,10.974742362648927,11.071648902958785,158359353
2007-03-16 05:30:00+05:30,10.898355484008789,11.042975095637178,10.8746239038283,11.017017171210966,227212468
2007-03-19 05:30:00+05:30,11.056076049804688,11.087472992129939,10.892915883635638,10.957686216643797,208687290
2007-03-20 05:30:00+05:30,11.007868766784668,11.065222680033962,10.966336851191164,11.020477143020093,137372985
2007-03-21 05:30:00+05:30,11.286477088928223,11.286971200975298,11.006138548747705,11.008362999534352,232801338
2007-03-22 05:30:00+05:30,11.422197341918945,11.425410963475203,11.187098443926347,11.26323997687595,228079706
2007-03-23 05:30:00+05:30,11.417006492614746,11.455571848201306,11.299581033467442,11.407612683060943,165068406
2007-03-26 05:30:00+05:30,11.495372772216797,11.495372772216797,11.263488413923941,11.385363724847796,189118214
2007-03-27 05:30:00+05:30,11.461256980895996,11.501058560060015,11.380170539782807,11.459526642075796,150208917
2007-03-28 05:30:00+05:30,11.418242454528809,11.506249302250168,11.375473364239111,11.417994451924821,184352418
2007-03-29 05:30:00+05:30,11.394509315490723,11.520093294244065,11.24816032421091,11.484247451176874,160137995
2007-03-30 05:30:00+05:30,11.32628059387207,11.455820324260502,11.276343085075116,11.423682211085238,135714793
2007-04-02 05:30:00+05:30,11.33542537689209,11.33542537689209,11.176963062799684,11.316390702662467,138457033
2007-04-03 05:30:00+05:30,11.683253288269043,11.724044037780889,11.47065068641121,11.47188691315018,261046814
2007-04-04 05:30:00+05:30,11.644194602966309,11.693142937709563,11.608595814062124,11.671882865416753,151718555
2007-04-05 05:30:00+05:30,11.6563081741333,11.670644996740755,11.609584293192686,11.65111526453179,109039179
2007-04-09 05:30:00+05:30,11.574728012084961,11.693142636086838,11.509957679530066,11.692647577426003,122943100
2007-04-10 05:30:00+05:30,11.532452583312988,11.638506819740584,11.499326252912951,11.547038353833454,119618686
2007-04-11 05:30:00+05:30,11.483752250671387,11.60414520152595,11.436287205795681,11.521575485019333,153051532
2007-04-12 05:30:00+05:30,11.554455757141113,11.569535640979892,11.427141440631434,11.47065075333305,108721995
2007-04-13 05:30:00+05:30,11.527262687683105,11.588570447880837,11.454828886641685,11.58065992181901,112211024
2007-04-16 05:30:00+05:30,11.724538803100586,11.791780643643621,11.57324395194759,11.580907422266387,203877329
2007-04-17 05:30:00+05:30,11.688197135925293,11.776947045344373,11.658531480775451,11.71291883074177,128885290
2007-04-18 05:30:00+05:30,11.767553329467773,11.863717760282439,11.607358790396285,11.650126934670126,227670177
2007-04-19 05:30:00+05:30,11.659769058227539,11.914397696131552,11.608843330646737,11.730223571788258,442034667
2007-04-20 05:30:00+05:30,11.927498817443848,12.175206091205636,11.916126667452353,12.126257760240915,488283372
2007-04-23 05:30:00+05:30,11.8434476852417,11.989797630946592,11.82317583712569,11.868663494074456,227834792
2007-04-24 05:30:00+05:30,11.805130004882812,11.865696598347085,11.756180724876177,11.83182909584559,148341946
2007-04-25 05:30:00+05:30,11.816500663757324,11.900058610538979,11.770024786046644,11.866190163025015,159266742
2007-04-26 05:30:00+05:30,11.89536190032959,11.976200338936035,11.794746673420846,11.819219419544792,165614446
2007-04-27 05:30:00+05:30,11.841716766357422,11.925522724536565,11.824907488715048,11.867921746774782,117466650
2007-04-30 05:30:00+05:30,11.653094291687012,11.899565357568843,11.653094291687012,11.845178003479957,146193924
2007-05-01 05:30:00+05:30,11.594256401062012,11.688443430161877,11.474852620153452,11.673116491525002,146876473
2007-05-02 05:30:00+05:30,11.514655113220215,11.645677163263226,11.51341793990042,11.585604684002154,122967190
2007-05-03 05:30:00+05:30,11.698826789855957,11.719593694358638,11.502540306780228,11.525530715484413,144306878
2007-05-04 05:30:00+05:30,11.646666526794434,11.738629114038565,11.517126810810916,11.621944831210612,158592223
2007-05-07 05:30:00+05:30,11.551488876342773,11.688691109928016,11.531712088668078,11.671881834308083,121256803
2007-05-08 05:30:00+05:30,11.540117263793945,11.5737386563237,11.488698370705492,11.5233070408165,116639561
2007-05-09 05:30:00+05:30,11.600438117980957,11.661746827190711,11.467684775612987,11.523802468112489,156179212
2007-05-10 05:30:00+05:30,11.408106803894043,11.606371654921457,11.396982655369186,11.545804111736334,148004686
2007-05-11 05:30:00+05:30,11.538386344909668,11.544814534475584,11.396487207603348,11.417005163284513,118205408
2007-05-14 05:30:00+05:30,11.41576862335205,11.557420688999596,11.371764258227303,11.507237084167087,155488633
2007-05-15 05:30:00+05:30,11.3223237991333,11.434558235543959,11.307738026877045,11.420219519330205,165377561
2007-05-16 05:30:00+05:30,11.683500289916992,11.696602778769352,11.34753911010584,11.421208189712297,263150670
2007-05-17 05:30:00+05:30,11.642711639404297,11.748023779559196,11.63900390541254,11.679793712196489,187122763
2007-05-18 05:30:00+05:30,11.6268892288208,11.685725479732993,11.612797569517266,11.66916231358177,148390126
2007-05-21 05:30:00+05:30,11.63381290435791,11.846414579981277,11.537893627079793,11.607359921392694,247295463
2007-05-22 05:30:00+05:30,11.76384449005127,11.841715414517122,11.693141976727079,11.693141976727079,154135581
2007-05-23 05:30:00+05:30,11.717123031616211,11.950491618084092,11.71168401199325,11.886462449209075,203166675
2007-05-24 05:30:00+05:30,11.726019859313965,11.84641281342764,11.656059463320728,11.74629170496999,167569747
2007-05-25 05:30:00+05:30,11.953208923339844,11.988560654018704,11.798701404790856,11.858773884081629,214741900
2007-05-29 05:30:00+05:30,12.041958808898926,12.157901930621676,11.965077047655337,11.989797798158747,209502334
2007-05-30 05:30:00+05:30,12.326005935668945,12.331938120149951,11.940354310189065,11.97743637928806,290918361
2007-05-31 05:30:00+05:30,12.308948516845703,12.577667877605695,12.28793550074237,12.37446001878253,358310019
2007-06-01 05:30:00+05:30,12.370504379272461,12.48471525858472,12.309441783537821,12.385336260290087,192679513
2007-06-04 05:30:00+05:30,12.535393714904785,12.62043494279469,12.301036936085604,12.308947461808557,285104652
2007-06-05 05:30:00+05:30,12.826361656188965,12.830317392141254,12.524021889233929,12.601646699596087,419450332
2007-06-06 05:30:00+05:30,12.811779022216797,12.874323960653491,12.737861932582549,12.774696949371432,316650452
2007-06-07 05:30:00+05:30,12.732916831970215,13.0157278379308,12.669877787063355,12.848858998351007,426813829
2007-06-08 05:30:00+05:30,12.743545532226562,12.846138142828512,12.594477048213237,12.761097867725598,255281284
2007-06-11 05:30:00+05:30,12.640953063964844,12.81177763663549,12.60782673133054,12.707206675808274,186604829
2007-06-12 05:30:00+05:30,12.478535652160645,12.649111271322136,12.438981130882413,12.575937252778273,257742474
2007-06-13 05:30:00+05:30,12.490153312683105,12.571733858139439,12.328229394978207,12.535888018655934,282414606
2007-06-14 05:30:00+05:30,12.430824279785156,12.505976644083212,12.402640959954812,12.49361626958383,185540856
2007-06-15 05:30:00+05:30,12.506223678588867,12.583106381595481,12.391022678810309,12.563081590503106,247889682
2007-06-18 05:30:00+05:30,12.73637866973877,12.756154511717803,12.465432974908472,12.513393083349584,194161046
2007-06-19 05:30:00+05:30,12.714375495910645,12.787055401179057,12.645897436120164,12.706959082457258,174864989
2007-06-20 05:30:00+05:30,12.607086181640625,12.824138639768375,12.584589883206396,12.77988815760043,174178426
2007-06-21 05:30:00+05:30,12.709432601928711,12.738602253000948,12.515865614420138,12.632054839503343,177049146
2007-06-22 05:30:00+05:30,12.978151321411133,12.978398377439124,12.758626422057013,12.76653789440163,289228049
2007-06-25 05:30:00+05:30,13.038471221923828,13.225610962228213,12.938597163293888,13.077035627745422,318188194
2007-06-26 05:30:00+05:30,13.108678817749023,13.181358723138647,13.00929887730789,13.169739517613163,228433026
2007-06-27 05:30:00+05:30,13.010536193847656,13.0525622217582,12.844162420937419,12.978645142306277,245842035
2007-06-28 05:30:00+05:30,12.97889232635498,13.089891474639002,12.94897961584772,12.975678704881858,167360967
2007-06-29 05:30:00+05:30,12.921789169311523,13.037978403524553,12.84169189100217,13.003862896096495,155805818
2007-07-02 05:30:00+05:30,13.11164665222168,13.147986608433865,12.95886946661447,12.990759574316495,140026895
2007-07-03 05:30:00+05:30,13.209541320800781,13.211024603519364,13.04044898403184,13.128455829901405,75152639
2007-07-05 05:30:00+05:30,13.389759063720703,13.458238072972405,13.155402281864937,13.239701396192716,198457088
2007-07-06 05:30:00+05:30,13.33463191986084,13.445135068654274,13.318068753014964,13.380366630646376,110291857
2007-07-09 05:30:00+05:30,13.412751197814941,13.565528383682867,13.355892337835297,13.4236292363527,149751208
2007-07-10 05:30:00+05:30,13.432032585144043,13.522511883076719,13.390253613612076,13.443157678657766,154818129
2007-07-11 05:30:00+05:30,13.459968566894531,13.510153128581228,13.349712468648596,13.438709441125031,132868163
2007-07-12 05:30:00+05:30,13.481228828430176,13.530423270003489,13.354902735135683,13.494331317515584,138179998
2007-07-13 05:30:00+05:30,13.650073051452637,13.662681427481258,13.528692821232957,13.545007984088011,210269197
2007-07-16 05:30:00+05:30,13.670594215393066,13.808785636521767,13.579619845101348,13.604094486584067,264969462
2007-07-17 05:30:00+05:30,13.720282554626465,13.787771448508899,13.655513170297233,13.721272671922897,173792986
2007-07-18 05:30:00+05:30,13.584317207336426,13.707922850862609,13.443653337546397,13.692842966138713,244111573
2007-07-19 05:30:00+05:30,13.561820983886719,13.683696289176117,13.404841001678838,13.682213006300335,446756299
2007-07-20 05:30:00+05:30,12.858006477355957,12.933652951318233,12.595466376184364,12.654797686409545,713556598
2007-07-23 05:30:00+05:30,12.669878959655762,12.855041321813497,12.660979262145847,12.830566680373765,255221059
2007-07-24 05:30:00+05:30,12.706711769104004,12.82265392607334,12.536382265719672,12.590521609545588,223719424
2007-07-25 05:30:00+05:30,12.601895332336426,12.7813706635343,12.498065533127043,12.780382439353659,222631361
2007-07-26 05:30:00+05:30,12.558384895324707,12.671856504730947,12.332926852487052,12.576679347883971,276368027
2007-07-27 05:30:00+05:30,12.65455150604248,12.771482849223604,12.496582354924286,12.571488612554313,221189978
2007-07-30 05:30:00+05:30,12.75887393951416,12.838723207908334,12.620188417912429,12.680013841842541,159126217
2007-07-31 05:30:00+05:30,12.607828140258789,12.865918421617048,12.607828140258789,12.860726458112534,171460275
2007-08-01 05:30:00+05:30,12.68050765991211,12.768762510964637,12.561845985525673,12.620188125306687,177791919
2007-08-02 05:30:00+05:30,12.632796287536621,12.731186121018684,12.583106785417119,12.699791071740718,126669014
2007-08-03 05:30:00+05:30,12.434779167175293,12.686936299076708,12.434779167175293,12.609064424599406,127524207
2007-08-06 05:30:00+05:30,12.607828140258789,12.611536820844146,12.42241966851412,12.43478004398211,146607469
2007-08-07 05:30:00+05:30,12.7566499710083,12.852074185660703,12.5840959946009,12.601648332784606,171211346
2007-08-08 05:30:00+05:30,12.997928619384766,12.997928619384766,12.783100615853389,12.838723247603182,163362034
2007-08-09 05:30:00+05:30,12.724759101867676,13.023638212332076,12.7222866484031,12.87481677046602,194586635
2007-08-10 05:30:00+05:30,12.749975204467773,12.8233962831149,12.499795470226358,12.61227790685005,235888868
2007-08-13 05:30:00+05:30,12.743794441223145,12.848859520336182,12.68273278868543,12.843668503679073,127648672
2007-08-14 05:30:00+05:30,12.573217391967773,12.790763956284136,12.558384564108152,12.749232984852044,145892800
2007-08-15 05:30:00+05:30,12.300046920776367,12.649605616789177,12.279280963926622,12.583104954353127,217191045
2007-08-16 05:30:00+05:30,12.150979995727539,12.272360237982252,11.877562790878233,12.163340370390156,347120233
2007-08-17 05:30:00+05:30,12.361603736877441,12.385336261026785,12.15419215317627,12.297328466164581,219997525
2007-08-20 05:30:00+05:30,12.309195518493652,12.423902410388086,12.261730467147693,12.421429956772187,108296406
2007-08-21 05:30:00+05:30,12.524023056030273,12.56234040617791,12.305487319158122,12.334410860440512,144965337
2007-08-22 05:30:00+05:30,12.675809860229492,12.762334366377083,12.589285354081902,12.606837689955071,130595677
2007-08-23 05:30:00+05:30,12.661968231201172,12.759369843568901,12.533664734098341,12.75615527515132,123529289
2007-08-24 05:30:00+05:30,12.731433868408203,12.74502952222716,12.57074427733026,12.672349616112335,99278731
2007-08-27 05:30:00+05:30,12.6884183883667,12.792001127330405,12.642437568584915,12.71734287597523,93352602
2007-08-28 05:30:00+05:30,12.518830299377441,12.730937832960864,12.50375041631157,12.645649550743729,131446855
2007-08-29 05:30:00+05:30,12.679025650024414,12.689408630400894,12.539350946916318,12.554430832081577,102354216
2007-08-30 05:30:00+05:30,12.642436027526855,12.74131995689511,12.62216418306842,12.666167602630397,106465569
2007-08-31 05:30:00+05:30,12.737615585327148,12.76851747218035,12.64416970313184,12.684465400103623,119550431
2007-09-04 05:30:00+05:30,12.982355117797852,13.052810580241426,12.722040396169788,12.731929264078053,148301796
2007-09-05 05:30:00+05:30,13.047866821289062,13.089397795366086,12.910663628137105,12.93909211234121,133012703
2007-09-06 05:30:00+05:30,12.942059516906738,13.098050327528533,12.811531571091074,13.086431120632799,145579631
2007-09-07 05:30:00+05:30,12.838969230651855,12.885693108265704,12.775931136740228,12.802136112892692,147093283
2007-09-10 05:30:00+05:30,12.71857738494873,12.906212172674678,12.629581369778062,12.886681495034878,129515644
2007-09-11 05:30:00+05:30,12.887920379638672,12.8958309062082,12.749480958509878,12.780629899256974,108549350
2007-09-12 05:30:00+05:30,12.920549392700195,13.052314491010673,12.830317154683168,12.868140388532467,119887690
2007-09-13 05:30:00+05:30,12.973207473754883,13.033279952070902,12.934642122108233,12.955408080687198,75927532
2007-09-14 05:30:00+05:30,13.071351051330566,13.108927234599564,12.909922170188537,12.934147861258479,111010541
2007-09-17 05:30:00+05:30,12.986061096191406,13.084450917005006,12.955654275010613,13.0164679173722,88229471
2007-09-18 05:30:00+05:30,13.232532501220703,13.281480833788072,12.960599528965549,13.016222160868312,169260059
2007-09-19 05:30:00+05:30,13.518804550170898,13.583078873505457,13.321281836192728,13.33141775935061,221904647
2007-09-20 05:30:00+05:30,13.666637420654297,13.764780188522142,13.498533309707494,13.522511942407753,221828362
2007-09-21 05:30:00+05:30,13.846362113952637,13.863420341190828,13.666639713819102,13.75341034666248,321669193
2007-09-24 05:30:00+05:30,14.042153358459473,14.127194586113376,13.843888531284259,13.868609279065444,212674178
2007-09-25 05:30:00+05:30,14.06637954711914,14.080224150806037,13.914592484380961,13.942773910674294,109633398
2007-09-26 05:30:00+05:30,14.045614242553711,14.135352375742915,13.938076716344352,14.100989816424809,134345680
2007-09-27 05:30:00+05:30,14.029297828674316,14.13411679678848,13.986777685560682,14.133868794172812,82560301
2007-09-28 05:30:00+05:30,14.023612022399902,14.079976766823423,13.945740151417978,14.016937723321371,105975740
2007-10-01 05:30:00+05:30,14.40135383605957,14.445852323642933,14.081460730724054,14.090361374815659,189158364
2007-10-02 05:30:00+05:30,14.446840286254883,14.753877931752596,14.338560642190817,14.421871534769872,283759629
2007-10-03 05:30:00+05:30,14.437692642211914,14.560557112089302,14.347213337920664,14.492821161889717,155761653
2007-10-04 05:30:00+05:30,14.314334869384766,14.464145494187493,14.26563453680875,14.464145494187493,119915795
2007-10-05 05:30:00+05:30,14.685646057128906,14.733853218423922,14.511608814831906,14.514081268203384,203507949
2007-10-08 05:30:00+05:30,15.070556640625,15.086377692934388,14.683174663036878,14.70913258558566,201873847
2007-10-09 05:30:00+05:30,15.208006858825684,15.420609466517881,15.040149791548165,15.206276519973574,352026555
2007-10-10 05:30:00+05:30,15.460410118103027,15.467578529120646,15.248054579201222,15.360783119607811,216231462
2007-10-11 05:30:00+05:30,15.376603126525879,15.856442688529679,15.055227749142063,15.66435900875326,473729022
2007-10-12 05:30:00+05:30,15.757063865661621,15.782031667928115,15.283651541168853,15.425552562428662,273971076
2007-10-15 05:30:00+05:30,15.329880714416504,15.8181249300387,15.217153124438108,15.783763319124217,278793083
2007-10-16 05:30:00+05:30,15.228278160095215,15.473512034294476,15.129145271251673,15.289832974744655,241915372
2007-10-17 05:30:00+05:30,15.660405158996582,15.673259645558236,15.366470001444457,15.585499850816653,242124152
2007-10-18 05:30:00+05:30,15.812191009521484,15.85545326088619,15.53729150991355,15.70811511818704,493410518
2007-10-19 05:30:00+05:30,15.938023567199707,16.278682592633256,15.90143655728252,16.181528046325678,633927242
2007-10-22 05:30:00+05:30,16.087339401245117,16.192405415554504,15.729623112337375,15.788707363546227,267575192
2007-10-23 05:30:00+05:30,16.705867767333984,16.751106475536073,16.31601331716041,16.34691520174288,272766578
2007-10-24 05:30:00+05:30,16.707103729248047,16.747893534716173,16.305135019722552,16.630219129801674,297278110
2007-10-25 05:30:00+05:30,16.526390075683594,16.784975417765917,16.40377265111862,16.777806059171105,232688918
2007-10-26 05:30:00+05:30,16.676942825317383,16.724901985793814,16.515264057583277,16.662850219207307,134658850
2007-10-29 05:30:00+05:30,16.791400909423828,16.81043652947888,16.614891205649293,16.755308010731675,123111730
2007-10-30 05:30:00+05:30,17.175569534301758,17.302635842886353,16.748880116601143,16.748880116601143,277058606
2007-10-31 05:30:00+05:30,17.477909088134766,17.477909088134766,17.20696341277849,17.321917348687126,276103037
2007-11-01 05:30:00+05:30,17.384214401245117,17.644034024226787,17.348863620726494,17.37383236941498,262066622
2007-11-02 05:30:00+05:30,17.582975387573242,17.640576363956942,17.239103654504962,17.564681880875163,234535815
2007-11-05 05:30:00+05:30,17.938961029052734,18.052184638004597,17.454920493048384,17.477662901367456,356679932
2007-11-06 05:30:00+05:30,18.337961196899414,18.337961196899414,17.922893788676635,18.233391176052635,338716853
2007-11-07 05:30:00+05:30,18.119178771972656,18.47269229733567,17.876910510046645,18.32164545433195,332180444
2007-11-08 05:30:00+05:30,17.152578353881836,18.167384229621494,16.740723629584323,18.160216764734386,662963671
2007-11-09 05:30:00+05:30,16.41415786743164,16.85691454404644,16.34592684725456,16.70611567852647,457231416
2007-11-12 05:30:00+05:30,15.62554931640625,16.56149519101,15.480683590630406,16.26014358518939,410625377
2007-11-13 05:30:00+05:30,16.329607009887695,16.338754708209066,15.625545662232657,15.944943645064715,339082217
2007-11-14 05:30:00+05:30,15.863119125366211,16.69894378975947,15.7293775618626,16.644309381363254,325001637
2007-11-15 05:30:00+05:30,15.565723419189453,16.006997696265937,15.426048723198953,15.78623750299343,279752666
2007-11-16 05:30:00+05:30,15.664114952087402,15.710095775620433,15.228773785405844,15.67177842267624,363067785
2007-11-19 05:30:00+05:30,15.471782684326172,15.741739217200443,15.290081954559263,15.564240333374455,221924722
2007-11-20 05:30:00+05:30,16.03270721435547,16.293765002239322,15.645326164859737,15.734570194053758,395099399
2007-11-21 05:30:00+05:30,16.328868865966797,16.56248546262525,15.873009717533836,15.914787750572943,281591533
2007-11-23 05:30:00+05:30,16.728857040405273,16.767916504922773,16.516502439061345,16.56322348039652,109958613
2007-11-26 05:30:00+05:30,16.46434211730957,17.14170357289413,16.43961947298577,16.81538322068881,272622038
2007-11-27 05:30:00+05:30,16.651477813720703,16.722181273193957,16.075225782174783,16.68188558318169,357515050
2007-11-28 05:30:00+05:30,17.1135196685791,17.163951286600714,16.616128630399974,16.86259969845251,317846919
2007-11-29 05:30:00+05:30,17.230701446533203,17.373836837203687,17.00252197238236,17.076192010772342,249250764
2007-11-30 05:30:00+05:30,17.131811141967773,17.578276397033324,16.862597697094554,17.57679406090118,317003771
2007-12-03 05:30:00+05:30,16.84825897216797,17.18125451981886,16.838617161291104,17.082615746577698,173652461
2007-12-04 05:30:00+05:30,16.91327667236328,17.107091662721565,16.739239417280235,16.768658964152753,169906473
2007-12-05 05:30:00+05:30,17.26802635192871,17.278410278175834,16.99584632267164,17.125137090059237,169015145
2007-12-06 05:30:00+05:30,17.682106018066406,17.71424412526894,17.23094386315611,17.250473594182342,197096005
2007-12-07 05:30:00+05:30,17.67246437072754,17.749843074063918,17.564433682322303,17.6754309361406,154661545
2007-12-10 05:30:00+05:30,17.76022720336914,17.917949300927475,17.65096027537828,17.700155666524225,154826159
2007-12-11 05:30:00+05:30,17.285083770751953,17.82376059814515,17.27470173757059,17.797803622042007,246484434
2007-12-12 05:30:00+05:30,17.28879165649414,17.658868337216585,17.020566427173193,17.65095875796091,247287433
2007-12-13 05:30:00+05:30,17.15777015686035,17.24602690828326,16.84035140611871,17.21364079432561,202387766
2007-12-14 05:30:00+05:30,17.056663513183594,17.297449490534248,16.989916719433776,16.996097854572703,147490767
2007-12-17 05:30:00+05:30,16.544187545776367,17.191635189495468,16.40673732362522,17.008204153675557,220262515
2007-12-18 05:30:00+05:30,16.646041870117188,16.729103816316133,16.130603447738697,16.66606571524417,287742502
2007-12-19 05:30:00+05:30,16.745420455932617,16.798076522345664,16.538502977439308,16.66730152573675,177506855
2007-12-20 05:30:00+05:30,17.049985885620117,17.08237200018668,16.825518893632733,16.95456356033731,177551020
2007-12-21 05:30:00+05:30,17.223031997680664,17.286566096000723,17.137743718079438,17.252451541420047,216086922
2007-12-24 05:30:00+05:30,17.322906494140625,17.322906494140625,17.133296194289894,17.181007352651232,65380146
2007-12-26 05:30:00+05:30,17.57284164428711,17.63167695531582,17.260612012176885,17.27989374339599,101579322
2007-12-27 05:30:00+05:30,17.323152542114258,17.700398544128213,17.323152542114258,17.47963838426969,118141168
2007-12-28 05:30:00+05:30,17.36740493774414,17.501394499542997,17.219326556021763,17.42673624873623,102892225
2007-12-31 05:30:00+05:30,17.09423828125,17.366418329311635,17.07198809098306,17.269511774441884,95404263
2008-01-02 05:30:00+05:30,16.938735961914062,17.23984136363115,16.754316712603355,17.128596122413295,172921733
2008-01-03 05:30:00+05:30,16.942197799682617,16.979774923405774,16.724404205824822,16.940469354221424,130587647
2008-01-04 05:30:00+05:30,16.24184799194336,16.83416909331492,16.19240649472587,16.80277309891092,215195594
2008-01-07 05:30:00+05:30,16.050254821777344,16.37237418807251,15.75607360739579,16.166198862149844,257096061
2008-01-08 05:30:00+05:30,15.615906715393066,16.31502320002998,15.59909554690354,16.142962405059368,214364490
2008-01-09 05:30:00+05:30,16.147907257080078,16.151367934545693,15.38921241038142,15.575362970653726,270598482
2008-01-10 05:30:00+05:30,15.987961769104004,16.246793199049055,15.824307494840436,15.94544162635557,254317685
2008-01-11 05:30:00+05:30,15.778324127197266,16.055698000593203,15.577093679024916,15.88833410638773,199826201
2008-01-14 05:30:00+05:30,16.16323471069336,16.25173756407931,15.951374225558522,16.096982045243944,178566813
2008-01-15 05:30:00+05:30,15.7634916305542,16.045314411525922,15.707374887653348,15.967441592469056,223562839
2008-01-16 05:30:00+05:30,15.227041244506836,15.821340689265678,14.880450024746475,15.548912662151574,423983259
2008-01-17 05:30:00+05:30,14.85226821899414,15.469062052647638,14.78354215402173,15.34595053126052,329903943
2008-01-18 05:30:00+05:30,14.838918685913086,15.079703656522103,14.794420203482305,15.039407966305587,342864341
2008-01-22 05:30:00+05:30,14.44585132598877,14.770935425804037,13.873554054388826,13.894072957786575,381484558
2008-01-23 05:30:00+05:30,13.562561988830566,14.041659512218292,12.83031910198041,13.86144111826686,681171664
2008-01-24 05:30:00+05:30,14.202099800109863,14.330650346729596,13.699023654637726,13.814224655884072,377445475
2008-01-25 05:30:00+05:30,14.002104759216309,14.709131778175648,13.996665740335152,14.63027073727294,279684411
2008-01-28 05:30:00+05:30,13.744510650634766,14.146477463331996,13.562067806627022,14.115081467430528,233540097
2008-01-29 05:30:00+05:30,13.609532356262207,13.876768422357213,13.366027868321941,13.855508351145238,252262009
2008-01-30 05:30:00+05:30,13.553909301757812,13.854518748085706,13.436235852503925,13.57665265505567,318774383
2008-01-31 05:30:00+05:30,13.950189590454102,14.165264636028544,13.208305915067715,13.324989243528618,597081651
2008-02-01 05:30:00+05:30,12.753682136535645,13.267142168741247,12.60782631940841,13.069371456941207,706658840
2008-02-04 05:30:00+05:30,12.247640609741211,12.676553567874256,12.176442086671448,12.584837087613167,528256642
2008-02-05 05:30:00+05:30,12.528719902038574,12.583106306678303,12.076815602417081,12.099311900326226,449811709
2008-02-06 05:30:00+05:30,12.402888298034668,12.636751927563257,12.309442425900587,12.636009812857493,306600924
2008-02-07 05:30:00+05:30,12.48298454284668,12.711409134297963,12.231075430562193,12.28299032556812,318344779
2008-02-08 05:30:00+05:30,12.773213386535645,12.798923307620028,12.575690653845417,12.593242045795147,274179856
2008-02-11 05:30:00+05:30,12.883716583251953,12.946755632625239,12.691880871986605,12.86789553018312,233913491
2008-02-12 05:30:00+05:30,12.807822227478027,13.11708432302155,12.68273236093886,12.938844278607437,267490877
2008-02-13 05:30:00+05:30,13.216463088989258,13.225609840955602,12.82265390953463,12.916841885076296,265981240
2008-02-14 05:30:00+05:30,13.157876014709473,13.375175539319844,13.1269741299173,13.308675811564393,260039050
2008-02-15 05:30:00+05:30,13.093352317810059,13.168010567010434,12.962083214926784,13.06047304143853,210389647
2008-02-19 05:30:00+05:30,12.581871032714844,13.227342365649264,12.52130443628631,13.224375799841543,254968114
2008-02-20 05:30:00+05:30,12.58310604095459,12.63279554013428,12.331443976929988,12.447386141682598,267486862
2008-02-21 05:30:00+05:30,12.431318283081055,12.687183144483576,12.348255393419217,12.67828250116908,227963272
2008-02-22 05:30:00+05:30,12.553441047668457,12.583105755625203,12.30004770402376,12.411540964542388,221462998
2008-02-25 05:30:00+05:30,12.025395393371582,12.521303102834318,12.008090112477824,12.507705555517894,336167332
2008-02-26 05:30:00+05:30,11.475347518920898,11.53171226389634,11.046681640279541,11.40143138340143,934983461
2008-02-27 05:30:00+05:30,11.689681053161621,11.754697490150162,11.362865689752761,11.374979007519736,406393575
2008-02-28 05:30:00+05:30,11.752225875854492,11.84369435227194,11.553714926657182,11.6313397455775,264463573
2008-02-29 05:30:00+05:30,11.648149490356445,11.859763884007348,11.486720605265216,11.665207716803197,378429149
2008-03-03 05:30:00+05:30,11.298095703125,11.68621880263395,11.127271143701197,11.656307040430587,303312645
2008-03-04 05:30:00+05:30,10.991058349609375,11.207615726775233,10.773016743195349,11.148038310397844,546910299
2008-03-05 05:30:00+05:30,11.067694664001465,11.227640253302063,10.97622619128863,11.007127126720432,298578968
2008-03-06 05:30:00+05:30,10.696877479553223,11.206134771590596,10.659301296055066,11.067448297825607,299923991
2008-03-07 05:30:00+05:30,10.712944030761719,10.877340401273367,10.537176457722612,10.602439947330597,324082204
2008-03-10 05:30:00+05:30,10.225194931030273,10.654849986770138,10.210857161829027,10.601204750489538,320701579
2008-03-11 05:30:00+05:30,10.87338638305664,10.881049853480793,10.497870652823739,10.512950537622057,354399416
2008-03-12 05:30:00+05:30,10.881791114807129,11.072145436515642,10.829630104266261,10.877589268771544,267073318
2008-03-13 05:30:00+05:30,10.951751708984375,11.04989637539944,10.599969472646121,10.696134851056538,310222448
2008-03-14 05:30:00+05:30,10.825921058654785,11.108237963294307,10.645456557715894,10.95101092909315,263961699
2008-03-17 05:30:00+05:30,10.3797025680542,10.721843912189524,10.187865938659863,10.58043794687091,316710676
2008-03-18 05:30:00+05:30,10.856575965881348,10.898107885636616,10.519625596398184,10.60491388689388,290573072
2008-03-19 05:30:00+05:30,10.679572105407715,11.062751297945363,10.671413576481557,10.904783094985296,248086416
2008-03-20 05:30:00+05:30,10.717887878417969,10.771038996908768,10.32111308924823,10.563875434578224,398022314
2008-03-24 05:30:00+05:30,11.385608673095703,11.514654265364555,10.82097587424907,10.838528210270322,271554050
2008-03-25 05:30:00+05:30,11.14383602142334,11.309220627109928,11.025668460825486,11.30897357108234,234138331
2008-03-26 05:30:00+05:30,11.327020645141602,11.442715758699245,11.107001621946692,11.188582177168337,209811488
2008-03-27 05:30:00+05:30,10.978202819824219,11.090190187380806,10.889454809376888,11.02566786495014,234162421
2008-03-28 05:30:00+05:30,10.829877853393555,11.212809045741162,10.736678089712607,11.061762197375366,175704123
2008-03-31 05:30:00+05:30,10.888959884643555,10.943841348515953,10.679818901955223,10.769557038513199,178522648
2008-04-01 05:30:00+05:30,11.512924194335938,11.532453927118347,11.047176226635615,11.068684300902866,244637537
2008-04-02 05:30:00+05:30,11.512676239013672,11.76087761710943,11.381407139011522,11.616506028736884,240859429
2008-04-03 05:30:00+05:30,11.25112533569336,11.45309693052336,11.078323387470824,11.41453252980832,272152284
2008-04-04 05:30:00+05:30,11.64592456817627,11.812546356481045,11.277825265078892,11.297849109907492,236772166
2008-04-07 05:30:00+05:30,11.787577629089355,12.000674350871902,11.70624412967373,11.792768645694673,238631108
2008-04-08 05:30:00+05:30,11.564838409423828,11.72132331847204,11.421455042419907,11.694131063699524,182561731
2008-04-09 05:30:00+05:30,11.475347518920898,11.668420387503856,11.310952081463054,11.59747081750941,242830791
2008-04-10 05:30:00+05:30,11.596236228942871,11.71440380799958,11.417501104098275,11.494384762578717,203656504
2008-04-11 05:30:00+05:30,11.30872631072998,11.551241614532932,11.248406778095548,11.472380574691746,167413162
2008-04-14 05:30:00+05:30,11.1655912399292,11.308726605657329,11.128262115093838,11.301557247925738,154280120
2008-04-15 05:30:00+05:30,11.04643440246582,11.364843239378956,10.969303700084495,11.325537666681468,183790319
2008-04-16 05:30:00+05:30,11.2489013671875,11.329245693149494,10.90206309325593,10.98611420629679,306372069
2008-04-17 05:30:00+05:30,11.113182067871094,11.356191486478936,11.038523819299908,11.263733845143111,536122013
2008-04-18 05:30:00+05:30,13.334878921508789,13.539818056638895,12.972959812752192,13.231050072454785,732158060
2008-04-21 05:30:00+05:30,13.294829368591309,13.413491983978377,13.109419978623801,13.33438388924526,298703433
2008-04-22 05:30:00+05:30,13.720282554626465,13.86440804177252,13.289144213096264,13.289391269132945,318730218
2008-04-23 05:30:00+05:30,13.509905815124512,13.8268323390023,13.372950627745078,13.792963889581586,197597880
2008-04-24 05:30:00+05:30,13.424616813659668,13.707674873123462,13.349958563206448,13.628567720941744,166023975
2008-04-25 05:30:00+05:30,13.449832916259766,13.670840160365469,13.416953638613997,13.572450330040606,167200368
2008-04-28 05:30:00+05:30,13.649085998535156,13.765028166609742,13.324743069967086,13.494825533628058,160945009
2008-04-29 05:30:00+05:30,13.806066513061523,13.927942772045354,13.596925508508827,13.617197357853689,174491595
2008-04-30 05:30:00+05:30,14.19715404510498,14.458458861730577,13.806064355981945,13.898521997336038,317304895
2008-05-01 05:30:00+05:30,14.661666870117188,14.70740157926456,14.263407818818697,14.296534151323902,265101957
2008-05-02 05:30:00+05:30,14.370203971862793,14.89330487596069,14.32100858586365,14.795408216012962,281001329
2008-05-05 05:30:00+05:30,14.706660270690918,14.808017615142072,14.514576564208255,14.804556937399553,252181709
2008-05-06 05:30:00+05:30,14.495539665222168,14.634966336591074,14.412474892976924,14.610244644378511,185866070
2008-05-07 05:30:00+05:30,14.313593864440918,14.820131662407151,14.250060702291194,14.592202100782561,265511486
2008-05-08 05:30:00+05:30,14.41272258758545,14.568220211603089,14.311366200774774,14.491584571525584,205684075
2008-05-09 05:30:00+05:30,14.170208930969238,14.461919625450417,14.123238941934272,14.313592298073095,180068420
2008-05-12 05:30:00+05:30,14.460434913635254,14.505180450355324,14.064154219102726,14.208526752073931,195285244
2008-05-13 05:30:00+05:30,14.412474632263184,14.53484497136609,14.302465612330312,14.492324835282313,207314163
2008-05-14 05:30:00+05:30,14.246845245361328,14.614944544966049,14.220888269485377,14.498755320334533,175688063
2008-05-15 05:30:00+05:30,14.363035202026367,14.411241419322304,14.22978680721553,14.313592757978642,174359100
2008-05-16 05:30:00+05:30,14.340044021606445,14.454008795008363,14.296781764211648,14.373665414053622,171604815
2008-05-19 05:30:00+05:30,14.277005195617676,14.557837869090466,14.17812030478467,14.302468059740049,225020282
2008-05-20 05:30:00+05:30,14.303704261779785,14.399622586790358,14.163040395957081,14.205561485818132,133040807
2008-05-21 05:30:00+05:30,13.596428871154785,14.373170154202215,13.54451397711174,14.301725529210204,259693761
2008-05-22 05:30:00+05:30,13.58332633972168,13.700752735817941,13.355644798571651,13.64488304861084,203813089
2008-05-23 05:30:00+05:30,13.463675498962402,13.670839069255248,13.29532433441908,13.521523523559884,177924414
2008-05-27 05:30:00+05:30,13.86613655090332,13.90816352513324,13.444640047672529,13.47208125091867,155199554
2008-05-28 05:30:00+05:30,14.047593116760254,14.127937449841742,13.871083397296415,14.04017670222081,162623276
2008-05-29 05:30:00+05:30,14.412474632263184,14.4836721958357,14.170207353781032,14.209513868716002,194526410
2008-05-30 05:30:00+05:30,14.481697082519531,14.58354853762476,14.370451818488055,14.424096109043106,129491554
2008-06-02 05:30:00+05:30,14.214707374572754,14.434479343512924,14.12249772937972,14.400116782281506,147518872
2008-06-03 05:30:00+05:30,14.024353981018066,14.3506752573947,13.858970311732106,14.251789419763222,172857493
2008-06-04 05:30:00+05:30,14.14598274230957,14.288871055301145,13.956370548258478,13.975653224481881,135032244
2008-06-05 05:30:00+05:30,14.494056701660156,14.53707190085274,14.24461909343815,14.266127166321846,157255230
2008-06-06 05:30:00+05:30,14.016937255859375,14.356112042054882,14.016937255859375,14.332132462857937,190089843
2008-06-09 05:30:00+05:30,13.791231155395508,14.091100368327568,13.482958251508407,14.043141210191948,212324874
2008-06-10 05:30:00+05:30,13.699764251708984,13.81471819212294,13.51707436308862,13.585798535416764,146844353
2008-06-11 05:30:00+05:30,13.47801399230957,13.77813027567856,13.459720487105775,13.750937073904028,153087667
2008-06-12 05:30:00+05:30,13.669604301452637,13.794446160861224,13.519545688930462,13.566022512424347,220487355
2008-06-13 05:30:00+05:30,14.128430366516113,14.232012158673632,13.877015354764115,13.880723088432656,248303226
2008-06-16 05:30:00+05:30,14.160569190979004,14.316064941800006,14.00457838148897,14.00457838148897,142243171
2008-06-17 05:30:00+05:30,14.077751159667969,14.290601757545458,14.051052070601989,14.248080670545072,139035192
2008-06-18 05:30:00+05:30,13.902725219726562,14.066132434609182,13.823123008433313,13.955381285007745,135754943
2008-06-19 05:30:00+05:30,13.848833084106445,13.93733593963354,13.616700746812262,13.728936127032668,228176066
2008-06-20 05:30:00+05:30,13.5084228515625,13.769231689488846,13.460958745932455,13.769231689488846,240221045
2008-06-23 05:30:00+05:30,13.478263854980469,13.674550372112664,13.399402801691258,13.481971589109213,145981130
2008-06-24 05:30:00+05:30,13.40632438659668,13.626096363360507,13.228331386722907,13.476532794393135,187604562
2008-06-25 05:30:00+05:30,13.62139892578125,13.789503050973375,13.440191364595192,13.472329474749495,165506041
2008-06-26 05:30:00+05:30,13.073081970214844,13.471341065900948,13.059238311885746,13.450823107751102,227228528
2008-06-27 05:30:00+05:30,13.054537773132324,13.102250819155433,12.73365651103128,13.044897856045086,218716743
2008-06-30 05:30:00+05:30,13.013749122619629,13.300020797986413,12.930686235842533,13.163313623173492,151176531
2008-07-01 05:30:00+05:30,13.219183921813965,13.268379310491394,12.780876218713665,12.844657379424698,199139637
2008-07-02 05:30:00+05:30,13.029077529907227,13.358858529936978,13.004850893068586,13.263187262768177,169553154
2008-07-03 05:30:00+05:30,13.275301933288574,13.330430454527287,13.040450078567194,13.124007083294268,96379907
2008-07-07 05:30:00+05:30,13.446124076843262,13.571954155340304,13.24068989917246,13.406322500543773,170845981
2008-07-08 05:30:00+05:30,13.708664894104004,13.724981005561567,13.349465279139931,13.497544615920505,198035514
2008-07-09 05:30:00+05:30,13.38778305053711,13.737094755102424,13.367511201959713,13.615465556787896,166782808
2008-07-10 05:30:00+05:30,13.363555908203125,13.584317050286588,13.120052357847264,13.473071783084162,173917451
2008-07-11 05:30:00+05:30,13.196192741394043,13.337103663389756,12.840948870750639,13.26294046861169,200002860
2008-07-14 05:30:00+05:30,12.895088195800781,13.350947261726075,12.742558078721169,13.324742284897177,177655409
2008-07-15 05:30:00+05:30,12.758380889892578,13.04045075416122,12.387809109118265,12.763077794709858,243750224
2008-07-16 05:30:00+05:30,13.240692138671875,13.262941382611038,12.622661055581046,12.707702294667975,190398997
2008-07-17 05:30:00+05:30,13.187292098999023,13.276536118266439,12.966284866761614,13.205092438222449,352813493
2008-07-18 05:30:00+05:30,11.898822784423828,12.33539920373558,11.821445022119665,12.319825207488831,453389067
2008-07-21 05:30:00+05:30,11.589312553405762,11.96729973984048,11.51267596632888,11.887944590004713,236944811
2008-07-22 05:30:00+05:30,11.794746398925781,11.872371214116239,11.510204113045699,11.537892373284414,188363396
2008-07-23 05:30:00+05:30,12.09411907196045,12.292135890600465,11.819218609697568,11.905991120081426,196497772
2008-07-24 05:30:00+05:30,11.757911682128906,12.283238006051635,11.757911682128906,12.279035213717881,142166886
2008-07-25 05:30:00+05:30,12.16235065460205,12.190780082996945,11.903272177505727,12.026630755712127,127817302
2008-07-28 05:30:00+05:30,11.794995307922363,12.165072046378143,11.745799913330986,12.165072046378143,126873778
2008-07-29 05:30:00+05:30,11.943073272705078,12.045665888176357,11.816748134097368,11.848884348219968,112532223
2008-07-30 05:30:00+05:30,11.932937622070312,12.015012284264518,11.688443974243404,12.002157798322237,140151360
2008-07-31 05:30:00+05:30,11.711681365966797,11.888191048874594,11.654575459127463,11.731706154363524,115033564
2008-08-01 05:30:00+05:30,11.56607437133789,11.6985806549286,11.433569980896927,11.681028317059383,120766974
2008-08-04 05:30:00+05:30,11.445929527282715,11.693388792112207,11.418736326300326,11.57250172383524,99852875
2008-08-05 05:30:00+05:30,11.862482070922852,11.86816814577104,11.528250293896669,11.559400177549776,143917423
2008-08-06 05:30:00+05:30,12.02292251586914,12.107716685423055,11.681027274860906,11.825893920217457,135538133
2008-08-07 05:30:00+05:30,11.844436645507812,11.96507666813665,11.777441861385704,11.915633275548283,111367875
2008-08-08 05:30:00+05:30,12.237255096435547,12.255549546851464,11.759640922440092,11.869897950662068,150132633
2008-08-11 05:30:00+05:30,12.381381034851074,12.580139986214704,12.157406275540025,12.174464501262479,170207597
2008-08-12 05:30:00+05:30,12.425137519836426,12.51215709496622,12.311173690798052,12.410057635451476,110641162
2008-08-13 05:30:00+05:30,12.361355781555176,12.448126396801383,12.209319783071518,12.400168186504997,145563571
2008-08-14 05:30:00+05:30,12.496335983276367,12.548744998280576,12.26890052798547,12.30375815035132,117181585
2008-08-15 05:30:00+05:30,12.611536026000977,12.624144403306627,12.496582080298815,12.533417094898821,142359606
2008-08-18 05:30:00+05:30,12.31859016418457,12.607827478514102,12.249617038776517,12.60387268865388,133855851
2008-08-19 05:30:00+05:30,12.125762939453125,12.31809368134742,12.030091680537657,12.1240316541927,122316761
2008-08-20 05:30:00+05:30,11.98979663848877,12.278787825508514,11.929724160411869,12.230086550796374,159881036
2008-08-21 05:30:00+05:30,12.027621269226074,12.110932168895525,11.84814498228294,11.938377237870075,141090868
2008-08-22 05:30:00+05:30,12.1279878616333,12.2340421033602,12.10054760446246,12.150484158570837,92232419
2008-08-25 05:30:00+05:30,11.940601348876953,12.286451395259096,11.903272223800657,12.017237940428506,80874004
2008-08-26 05:30:00+05:30,11.721817970275879,11.951724893612509,11.633562177111527,11.951724893612509,132823998
2008-08-27 05:30:00+05:30,11.583873748779297,11.73838125929688,11.49141610917509,11.711187112032563,176141757
2008-08-28 05:30:00+05:30,11.712424278259277,11.778428938623462,11.627135996197989,11.68053322688498,121642242
2008-08-29 05:30:00+05:30,11.45309829711914,11.64394671517295,11.429366719453101,11.612797777106802,154504960
2008-09-02 05:30:00+05:30,11.501553535461426,11.920084475175123,11.406871432714633,11.786341958437506,245376296
2008-09-03 05:30:00+05:30,11.480786323547363,11.725032936301782,11.361383473412232,11.587582689259385,173230887
2008-09-04 05:30:00+05:30,11.1309814453125,11.451863707399022,11.109721373256548,11.371766433256967,194666935
2008-09-05 05:30:00+05:30,10.982406616210938,11.185367392561535,10.879317997497715,11.013060493633041,182051827
2008-09-08 05:30:00+05:30,10.381681442260742,11.197234289427636,10.322350127157705,11.174490934163106,362068052
2008-09-09 05:30:00+05:30,10.3497896194458,10.688966314577648,10.259310317199562,10.461282883044818,290267933
2008-09-10 05:30:00+05:30,10.238544464111328,10.493667186027873,10.127793324279777,10.493419183441285,250005583
2008-09-11 05:30:00+05:30,10.722834587097168,10.75596092243103,10.046214326677061,10.094914658903368,259826256
2008-09-12 05:30:00+05:30,10.819493293762207,10.926534806433123,10.605406482121364,10.635319190856661,242023777
2008-09-15 05:30:00+05:30,10.72555160522461,10.926040873846736,10.474631672716452,10.481801030005203,263680649
2008-09-16 05:30:00+05:30,10.949774742126465,11.10675376070958,10.518636423925745,10.530254683045067,280676114
2008-09-17 05:30:00+05:30,10.246703147888184,10.856081538540726,10.220746172082348,10.839765427682103,366444394
2008-09-18 05:30:00+05:30,10.854598999023438,10.85707145272658,10.14806600952814,10.448181375682722,344863807
2008-09-19 05:30:00+05:30,11.103541374206543,11.422939412283515,10.958427654626334,11.396488323075475,401740198
2008-09-22 05:30:00+05:30,10.633590698242188,11.226653013391767,10.605408323260825,11.226653013391767,176952786
2008-09-23 05:30:00+05:30,10.61208438873291,10.896872833167471,10.524323635173785,10.710474232847028,208948265
2008-09-24 05:30:00+05:30,10.756454467773438,11.000947179946948,10.632848830196428,10.638533958769182,170316002
2008-09-25 05:30:00+05:30,10.867453575134277,11.124553716691768,10.777962495674577,10.848665010938516,201564693
2008-09-26 05:30:00+05:30,10.655838966369629,10.8071328611106,10.40837969496414,10.580686604347614,212493504
2008-09-29 05:30:00+05:30,9.418789863586426,10.469689672621236,9.411620504955579,10.370804774452479,432129680
2008-09-30 05:30:00+05:30,9.901348114013672,10.50850116300772,9.698633409692533,9.78911366913866,123914728
2008-10-01 05:30:00+05:30,10.178224563598633,10.308258385182725,9.965127855728111,10.16413385095422,250326782
2008-10-02 05:30:00+05:30,9.653392791748047,10.135210750611837,9.542395531384273,10.130513846193312,240293315
2008-10-03 05:30:00+05:30,9.564892768859863,10.197508683053906,9.469962660719176,9.822982107217465,320914374
2008-10-06 05:30:00+05:30,9.176766395568848,9.294933943096435,8.82943310986725,9.245244450078234,450506303
2008-10-07 05:30:00+05:30,8.553792953491211,9.269966770672424,8.537971901038622,9.229176966179963,443833384
2008-10-08 05:30:00+05:30,8.35849380493164,8.874673335510007,8.061840109999247,8.161961217158503,474829130
2008-10-09 05:30:00+05:30,8.132790565490723,8.617080044864398,7.952078062170529,8.516958926751427,324210683
2008-10-10 05:30:00+05:30,8.20744800567627,8.451940700111935,7.6709975707726095,7.7417005544958,425500926
2008-10-13 05:30:00+05:30,9.419282913208008,9.442274269445397,8.547365379361825,8.795566767603654,357555200
2008-10-14 05:30:00+05:30,8.966636657714844,9.752524667825542,8.825478697515482,9.728545089580912,312559174
2008-10-15 05:30:00+05:30,8.384699821472168,8.874922439387001,8.376295182997149,8.767384905517035,269863738
2008-10-16 05:30:00+05:30,8.727088928222656,8.813119331147979,7.649737649505614,8.226237237138811,652022815
2008-10-17 05:30:00+05:30,9.209647178649902,9.542395695735115,8.987402758333504,9.368358440341428,572104380
2008-10-20 05:30:00+05:30,9.377256393432617,9.418293250234564,8.889506283035402,9.387886428306464,271148536
2008-10-21 05:30:00+05:30,8.967625617980957,9.487512857959036,8.949084112133333,9.20593811219759,232146894
2008-10-22 05:30:00+05:30,8.79259967803955,9.139190873999487,8.504102616142832,8.82523189705598,263383540
2008-10-23 05:30:00+05:30,8.709785461425781,8.850201337056175,8.3555297839349,8.742664742541734,260127380
2008-10-24 05:30:00+05:30,8.387666702270508,8.664049543063138,8.027973908864906,8.070741110712458,295463334
2008-10-27 05:30:00+05:30,8.145397186279297,8.479381900535826,8.049231814149367,8.276914286903674,248957670
2008-10-28 05:30:00+05:30,9.11595344543457,9.129797101667867,8.121171499592126,8.381733247559787,325431241
2008-10-29 05:30:00+05:30,8.850200653076172,9.171577024613809,8.711020068520533,9.042779419954186,391726805
2008-10-30 05:30:00+05:30,8.891979217529297,9.196297349021151,8.859346996507908,9.108784611947723,320753774
2008-10-31 05:30:00+05:30,8.883821487426758,9.195308024985199,8.757990456368475,8.8047133896735,298044974
2008-11-03 05:30:00+05:30,8.565658569335938,8.973559423185078,8.44056870911459,8.839817869263971,239072757
2008-11-04 05:30:00+05:30,9.071208953857422,9.205197576711631,8.541184754152985,8.737472203671432,295097969
2008-11-05 05:30:00+05:30,8.460594177246094,9.119167969799411,8.437603766587094,8.952794182782432,278901487
2008-11-06 05:30:00+05:30,8.188165664672852,8.514484992005976,8.054423176694408,8.404475971842777,344277618
2008-11-07 05:30:00+05:30,8.186189651489258,8.433649909734264,8.042558256623462,8.23513704389268,187953866
2008-11-10 05:30:00+05:30,7.880633354187012,8.144161659491017,7.650478435065949,8.10856287605601,324415448
2008-11-11 05:30:00+05:30,7.699674129486084,7.819324977172187,7.429224442009525,7.631197011488964,407385278
2008-11-12 05:30:00+05:30,7.193877696990967,7.725137165505271,7.113781844175541,7.4670483199808615,403550960
2008-11-13 05:30:00+05:30,7.715001583099365,7.737746358462645,6.921944553616679,7.21291363683376,531372276
2008-11-14 05:30:00+05:30,7.664076805114746,8.034153047476806,7.4796560874229945,7.496713840705553,382110897
2008-11-17 05:30:00+05:30,7.419335842132568,7.667537716510135,7.36569155014302,7.490532945537069,302883041
2008-11-18 05:30:00+05:30,7.352588176727295,7.5085794497889236,7.054203178094899,7.455181743538959,335095329
2008-11-19 05:30:00+05:30,6.926393508911133,7.421065450195142,6.886839934583013,7.3024042539233855,314558640
2008-11-20 05:30:00+05:30,6.416642189025879,6.994625063062229,6.403787702317357,6.795619055946896,392642224
2008-11-21 05:30:00+05:30,6.487593173980713,6.659158448757674,6.113560268032085,6.489570095590391,411315956
2008-11-24 05:30:00+05:30,6.364232063293457,6.673494583572579,6.155832283698877,6.656437780725565,403695499
2008-11-25 05:30:00+05:30,6.972622871398926,7.0865881112540725,6.608478857661633,6.64209977480522,432462924
2008-11-26 05:30:00+05:30,7.220824718475342,7.304135138731462,6.828003722333568,6.928866480300914,255217044
2008-11-28 05:30:00+05:30,7.242331027984619,7.328608956334354,7.1266359206855014,7.183495250223625,103004645
2008-12-01 05:30:00+05:30,6.575599670410156,7.104386652930071,6.575352614383223,7.087082318721778,229304279
2008-12-02 05:30:00+05:30,6.801058769226074,6.867064861375873,6.4913020510706625,6.6680583606633475,234463545
2008-12-03 05:30:00+05:30,6.907852649688721,6.955564753369042,6.559531101739346,6.671023889915885,237077306
2008-12-04 05:30:00+05:30,6.782022953033447,7.008221217224731,6.644325653037038,6.836161829527028,196196647
2008-12-05 05:30:00+05:30,7.020582675933838,7.026762390104058,6.526899381710631,6.6999484168248395,261825722
2008-12-08 05:30:00+05:30,7.468531131744385,7.649737746204132,6.97138764139891,7.1689103669645355,326993073
2008-12-09 05:30:00+05:30,7.563954830169678,7.8613511237609135,7.342452065100219,7.359263233721479,276629001
2008-12-10 05:30:00+05:30,7.634410858154297,7.78471559030217,7.527862023151684,7.644793838020093,210265182
2008-12-11 05:30:00+05:30,7.421808242797852,7.734779028290683,7.361983290511115,7.51945690743239,248094446
2008-12-12 05:30:00+05:30,7.805976390838623,7.823528729424779,7.268042128152519,7.310315690417978,229741913
2008-12-15 05:30:00+05:30,7.680145263671875,7.873465202321298,7.542695015416688,7.762713572442244,270526212
2008-12-16 05:30:00+05:30,8.041321754455566,8.145645660700033,7.69497711988262,7.775321918997754,283442445
2008-12-17 05:30:00+05:30,7.793121337890625,7.963450875537808,7.723407985392113,7.877173881138699,232456049
2008-12-18 05:30:00+05:30,7.67050313949585,7.919446175644369,7.641580071279197,7.829213926859294,191254191
2008-12-19 05:30:00+05:30,7.667784214019775,7.856159228812514,7.638860200595553,7.688055113745848,225345496
2008-12-22 05:30:00+05:30,7.344924449920654,7.651219963725797,7.184730863487457,7.627982498938085,157291365
2008-12-23 05:30:00+05:30,7.3674211502075195,7.498196145566532,7.334047287336053,7.426999518015589,151674390
2008-12-24 05:30:00+05:30,7.4892964363098145,7.573100962176386,7.376319895235398,7.452956010206923,77148090
2008-12-26 05:30:00+05:30,7.425269603729248,7.546403267851287,7.374590929789318,7.516984666320083,78657728
2008-12-29 05:30:00+05:30,7.352588176727295,7.450483892637661,7.208216109753402,7.421807881328095,148631025
2008-12-30 05:30:00+05:30,7.493251800537109,7.584719797153127,7.384478996638343,7.436145415887894,154316255
2008-12-31 05:30:00+05:30,7.605485916137695,7.6883017423547955,7.48089064621666,7.520197636633601,115904817
2009-01-02 05:30:00+05:30,7.943426132202148,7.955786506606972,7.552336427023717,7.628971600250987,144961322
2009-01-05 05:30:00+05:30,8.1097993850708,8.188661379693329,7.787188201026861,7.9355155412421405,196293007
2009-01-06 05:30:00+05:30,8.258374214172363,8.424995050534973,8.068762021500074,8.23167512421103,257971329
2009-01-07 05:30:00+05:30,7.960483551025391,8.180501626970345,7.879892640078224,8.116474356345345,180453860
2009-01-08 05:30:00+05:30,8.039095878601074,8.039095878601074,7.845034322654691,7.868273206876351,144567852
2009-01-09 05:30:00+05:30,7.7889180183410645,8.096203679564558,7.747633627632187,8.096203679564558,174270770
2009-01-12 05:30:00+05:30,7.730080604553223,7.884836120242647,7.66926695930897,7.819571680241702,132667413
2009-01-13 05:30:00+05:30,7.770377159118652,7.92562679468326,7.673222608871839,7.7073376400315485,177964564
2009-01-14 05:30:00+05:30,7.4403486251831055,7.757521702016304,7.360745944338021,7.663581252720346,219535801
2009-01-15 05:30:00+05:30,7.39139986038208,7.504870988046064,7.089800777141633,7.356296133853983,238269759
2009-01-16 05:30:00+05:30,7.408210754394531,7.620318754856222,7.310067516133693,7.540468547251569,209759293
2009-01-20 05:30:00+05:30,6.989928722381592,7.404008850360707,6.989928722381592,7.395108680048321,202684876
2009-01-21 05:30:00+05:30,7.49251127243042,7.502893305769517,7.128367227168413,7.128367227168413,197718329
2009-01-22 05:30:00+05:30,7.577056407928467,7.6475123377886485,7.29647080834475,7.367914962310988,331919470
2009-01-23 05:30:00+05:30,8.026983261108398,8.206459535155274,7.5206925488189365,7.645535361323648,430921167
2009-01-26 05:30:00+05:30,8.006465911865234,8.108564431236697,7.924638768075302,8.030692550824574,185119281
2009-01-27 05:30:00+05:30,8.194594383239746,8.253678647809572,8.016354311811202,8.07024661253724,197830749
2009-01-28 05:30:00+05:30,8.619551658630371,8.710031912720265,8.31399728387002,8.355281201158736,308809170
2009-01-29 05:30:00+05:30,8.48729419708252,8.530061401366817,8.407939029999678,8.517453969174909,292444059
2009-01-30 05:30:00+05:30,8.368878364562988,8.622764883805422,8.306333431527882,8.52116048627148,187580472
2009-02-02 05:30:00+05:30,8.419309616088867,8.528823588322652,8.207448189481031,8.264059988931189,209056670
2009-02-03 05:30:00+05:30,8.416343688964844,8.479382736131948,8.252688465113692,8.468751753674274,263243015
2009-02-04 05:30:00+05:30,8.479382514953613,8.762193523677386,8.384699472076202,8.406948714009216,273718132
2009-02-05 05:30:00+05:30,8.744392395019531,8.785430197520293,8.331054430711722,8.427713913166984,291665150
2009-02-06 05:30:00+05:30,9.178499221801758,9.241044156507376,8.78691350248941,8.8121302570949,282579221
2009-02-09 05:30:00+05:30,9.36366081237793,9.41878933405551,9.08010767762224,9.178499404713177,199838246
2009-02-10 05:30:00+05:30,8.862809181213379,9.332264895767443,8.847482240440765,9.294688711982213,285213056
2009-02-11 05:30:00+05:30,8.851189613342285,9.023249472381137,8.726593857553045,8.873685911486199,210048373
2009-02-12 05:30:00+05:30,8.975042343139648,8.989133055088127,8.689016793041594,8.730548707420972,222844155
2009-02-13 05:30:00+05:30,8.842288970947266,8.97355901204324,8.781721438375161,8.95378127901474,166489714
2009-02-17 05:30:00+05:30,8.470975875854492,8.580490786480851,8.397553859901961,8.566152072383836,228067661
2009-02-18 05:30:00+05:30,8.729312896728516,8.7359881422878,8.418072473215762,8.58420013864923,241883252
2009-02-19 05:30:00+05:30,8.470481872558594,8.894697912404556,8.440075048534148,8.837097885983875,200295955
2009-02-20 05:30:00+05:30,8.564671516418457,8.625732225587722,8.281613428060263,8.357012854306683,249616129
2009-02-23 05:30:00+05:30,8.159490585327148,8.647487854051107,8.146882206502221,8.578267664987258,209626799
2009-02-24 05:30:00+05:30,8.539949417114258,8.643037101860418,8.180007689950278,8.183222258269728,244749957
2009-02-25 05:30:00+05:30,8.445759773254395,8.709289010104001,8.378518892700491,8.458367201714577,258529413
2009-02-26 05:30:00+05:30,8.335503578186035,8.713985830977009,8.335009466142447,8.552556018667145,225064447
2009-02-27 05:30:00+05:30,8.355527877807617,8.499652401239,8.185445435264333,8.230933084424613,217612620
2009-03-02 05:30:00+05:30,8.087797164916992,8.422523047266502,8.059120681803071,8.240327279209584,232407869
2009-03-03 05:30:00+05:30,8.0462646484375,8.249226358964336,7.968887844987654,8.159735292320235,261970262
2009-03-04 05:30:00+05:30,7.884095191955566,8.13328576610421,7.796581503130037,7.9889132164480765,313908211
2009-03-05 05:30:00+05:30,7.555797100067139,7.888050552026945,7.481633433821192,7.823775279956306,262175027
2009-03-06 05:30:00+05:30,7.628229141235352,7.6682777723152675,7.274221543789993,7.594855755289463,290452622
2009-03-09 05:30:00+05:30,7.191159248352051,7.578788291395364,7.155560459928965,7.415875180410452,259822241
2009-03-10 05:30:00+05:30,7.618340969085693,7.675941940996219,7.274222206689649,7.37310756677791,270217058
2009-03-11 05:30:00+05:30,7.859126091003418,7.9107939328162225,7.557527464551755,7.6660532181000445,237832124
2009-03-12 05:30:00+05:30,7.998060703277588,8.034400663428897,7.753815013980548,7.849980879460273,201717262
2009-03-13 05:30:00+05:30,8.020058631896973,8.095211921577185,7.88681263968374,8.061591485241625,156841686
2009-03-16 05:30:00+05:30,7.903130531311035,8.151331925843827,7.875937328679029,8.058874279635122,198613673
2009-03-17 05:30:00+05:30,8.290018081665039,8.290018081665039,7.888298305630338,7.91524398099372,189206544
2009-03-18 05:30:00+05:30,8.234642028808594,8.405218608454339,8.109799214482065,8.276915116367135,201239478
2009-03-19 05:30:00+05:30,8.156522750854492,8.306333364426473,8.093236650225201,8.199537951292688,165064391
2009-03-20 05:30:00+05:30,8.161961555480957,8.231921953466866,8.067525572509165,8.165421286428995,190226352
2009-03-23 05:30:00+05:30,8.617820739746094,8.638833754333472,8.232911231492398,8.246013720249481,171500425
2009-03-24 05:30:00+05:30,8.582469940185547,8.747360435037795,8.504103010394463,8.565905827316673,153372732
2009-03-25 05:30:00+05:30,8.505833625793457,8.68555695400379,8.31251369634956,8.66231948786046,174102141
2009-03-26 05:30:00+05:30,8.733762741088867,8.878876445679477,8.615348125574098,8.729807951534912,241032074
2009-03-27 05:30:00+05:30,8.59557056427002,8.701872798953062,8.540442052329535,8.65242941480644,133410187
2009-03-30 05:30:00+05:30,8.471718788146973,8.49940610177446,8.30756946146673,8.468257164012417,124227898
2009-03-31 05:30:00+05:30,8.604471206665039,8.739201934867362,8.557995329164735,8.625978333341436,146760038
2009-04-01 05:30:00+05:30,8.7535400390625,8.781969468547965,8.420298357955831,8.498664344426901,132542948
2009-04-02 05:30:00+05:30,8.961445808410645,9.140923030099188,8.907554461243114,8.981470599820355,180192885
2009-04-03 05:30:00+05:30,9.141417503356934,9.1893766676987,8.850200892863958,9.010889556273925,152160204
2009-04-06 05:30:00+05:30,9.103346824645996,9.142405343477092,8.934252583147572,9.072691050929498,131703815
2009-04-07 05:30:00+05:30,8.866270065307617,8.992348165403914,8.783701281478766,8.963918734211125,147755757
2009-04-08 05:30:00+05:30,8.949085235595703,9.023249375147254,8.805949866123486,8.98616730537148,111022586
2009-04-09 05:30:00+05:30,9.208659172058105,9.254392937928957,9.054150699133896,9.134495029328493,135811153
2009-04-13 05:30:00+05:30,9.347344398498535,9.371819038099671,9.154271524138858,9.179734387894682,122461301
2009-04-14 05:30:00+05:30,9.119908332824707,9.319656439288595,9.038081674640864,9.31842021260587,137658049
2009-04-15 05:30:00+05:30,9.381708145141602,9.420273502996249,9.002483703862525,9.075164570588594,197967259
2009-04-16 05:30:00+05:30,9.610132217407227,9.712971903569063,9.419283781009918,9.431150990845813,408931050
2009-04-17 05:30:00+05:30,9.696656227111816,9.884042082557231,9.512977158877705,9.542889871509072,430840867
2009-04-20 05:30:00+05:30,9.376762390136719,9.657347985320836,9.292462331652844,9.54610178202279,177820024
2009-04-21 05:30:00+05:30,9.430407524108887,9.500368873814837,9.297655129446309,9.299385468334991,148370051
2009-04-22 05:30:00+05:30,9.48949146270752,9.64127947319107,9.369593559006987,9.437329508881904,140597024
2009-04-23 05:30:00+05:30,9.510010719299316,9.635099644141224,9.421508807018906,9.579725013207568,104751167
2009-04-24 05:30:00+05:30,9.628671646118164,9.719893060902676,9.406428185362628,9.543630418291503,135923572
2009-04-27 05:30:00+05:30,9.541158676147461,9.62867236391111,9.462051519929885,9.501358041993912,91967429
2009-04-28 05:30:00+05:30,9.485783576965332,9.617795756686384,9.432139282427345,9.486773694344052,118185333
2009-04-29 05:30:00+05:30,9.677619934082031,9.764143497689274,9.538191357799912,9.541652981878066,144941247
2009-04-30 05:30:00+05:30,9.788865089416504,9.981195836633761,9.759941549842072,9.783673126641082,174881049
2009-05-01 05:30:00+05:30,9.732500076293945,9.82891249387249,9.679596017361897,9.765625457262402,97471985
2009-05-04 05:30:00+05:30,9.937440872192383,9.947822905069678,9.759694941335999,9.843251942446276,128600225
2009-05-05 05:30:00+05:30,9.962408065795898,10.012097562553228,9.820507986369783,9.887996875381939,96391952
2009-05-06 05:30:00+05:30,9.974274635314941,10.093184310038017,9.913212987206453,10.056349297721814,105710750
2009-05-07 05:30:00+05:30,9.8046875,10.011851083048153,9.703083103315397,9.989849844056359,120441759
2009-05-08 05:30:00+05:30,10.069697380065918,10.138917552952334,9.764885160335972,9.958946239337372,155183494
2009-05-11 05:30:00+05:30,10.085766792297363,10.185144831427385,9.918155861736514,9.957710379163682,102755715
2009-05-12 05:30:00+05:30,9.864017486572266,10.160178024676515,9.767605056574215,10.135951389165195,152200354
2009-05-13 05:30:00+05:30,9.629907608032227,9.79924794437537,9.600489010209955,9.74238909003681,114138220
2009-05-14 05:30:00+05:30,9.579475402832031,9.69591261365782,9.510009123203124,9.611613508027238,117920344
2009-05-15 05:30:00+05:30,9.641280174255371,9.742884579743324,9.618783874673424,9.668473378597296,120799094
2009-05-18 05:30:00+05:30,9.810372352600098,9.821991557305676,9.527561383353694,9.758210406000865,134570520
2009-05-19 05:30:00+05:30,9.860804557800293,9.929034620977648,9.715443787946512,9.792080382540995,113925426
2009-05-20 05:30:00+05:30,9.818777084350586,10.028660152785372,9.764884798640253,9.940158255201172,91702440
2009-05-21 05:30:00+05:30,9.801966667175293,9.958698614771219,9.736208121961019,9.79702270745665,109199779
2009-05-22 05:30:00+05:30,9.727804183959961,9.855119450778865,9.690722113361002,9.805923114971854,69001669
2009-05-26 05:30:00+05:30,9.996275901794434,10.012097899856688,9.64127910853799,9.689486270806281,124645457
2009-05-27 05:30:00+05:30,10.0259428024292,10.181686562684636,10.007401292614308,10.02792114404208,121826932
2009-05-28 05:30:00+05:30,10.14559268951416,10.175752454373658,10.002456387862384,10.103071604922688,107152133
2009-05-29 05:30:00+05:30,10.314437866210938,10.314437866210938,10.153009008901012,10.187865677375157,106325044
2009-06-01 05:30:00+05:30,10.545088768005371,10.620241136796743,10.346577809732928,10.351521770513306,133394127
2009-06-02 05:30:00+05:30,10.59057331085205,10.629139604713362,10.46696769062286,10.537423140262927,105337356
2009-06-03 05:30:00+05:30,10.670918464660645,10.690942307883157,10.481801339707026,10.531243780996686,141841672
2009-06-04 05:30:00+05:30,10.884263038635254,10.907996510255366,10.74137472285849,10.761151511537907,146069460
2009-06-05 05:30:00+05:30,10.984137535095215,11.058795790903536,10.86399256886224,11.002679044309808,147783862
2009-06-08 05:30:00+05:30,10.846935272216797,10.900085452979472,10.73198132293486,10.864981722728647,124412588
2009-06-09 05:30:00+05:30,10.769062042236328,10.889703008983783,10.673638776509813,10.842237958873275,130684007
2009-06-10 05:30:00+05:30,10.694403648376465,10.825178632346649,10.54780666712016,10.784140829753614,134859599
2009-06-11 05:30:00+05:30,10.605408668518066,10.722340964878358,10.589834670914078,10.673886739913273,115037579
2009-06-12 05:30:00+05:30,10.502568244934082,10.573270762506676,10.41282915993345,10.552504802771391,117173555
2009-06-15 05:30:00+05:30,10.303068161010742,10.419999513786125,10.234591034439463,10.419999513786125,150036273
2009-06-16 05:30:00+05:30,10.284031867980957,10.40986289885208,10.269693152570671,10.365859475081415,122445241
2009-06-17 05:30:00+05:30,10.263266563415527,10.375996059351465,10.174269592939787,10.288729427761384,140127270
2009-06-18 05:30:00+05:30,10.236072540283203,10.350531419361857,10.20986756332827,10.276121173789425,123870563
2009-06-19 05:30:00+05:30,10.38514232635498,10.394289079852527,10.248928301538275,10.338666444126273,171002566
2009-06-22 05:30:00+05:30,10.070194244384766,10.320868111918196,9.93521644490135,10.307517619029799,165594371
2009-06-23 05:30:00+05:30,10.028907775878906,10.110735379664828,9.951530020153019,10.052888301459182,116418737
2009-06-24 05:30:00+05:30,10.11815357208252,10.19083443650855,10.050664671260108,10.104556969493203,98680498
2009-06-25 05:30:00+05:30,10.278346061706543,10.281559683312725,10.049427347238899,10.061540665558287,122236461
2009-06-26 05:30:00+05:30,10.514433860778809,10.586372600719983,10.21258724163038,10.226677954439289,130756276
2009-06-29 05:30:00+05:30,10.485262870788574,10.57574217655061,10.438291932465768,10.531244638369627,87097243
2009-06-30 05:30:00+05:30,10.422224044799805,10.561156628078255,10.338914095357104,10.4818024151115,104144903
2009-07-01 05:30:00+05:30,10.35794734954834,10.541131337359474,10.33718139240319,10.486744937791068,92778458
2009-07-02 05:30:00+05:30,10.09837532043457,10.269446000189397,10.05684340391496,10.269446000189397,101081463
2009-07-06 05:30:00+05:30,10.126063346862793,10.151526211140697,9.929529790782347,10.049180641941607,90843231
2009-07-07 05:30:00+05:30,9.805181503295898,10.115680764965477,9.789112449000777,10.092194350311226,130860666
2009-07-08 05:30:00+05:30,9.95004940032959,10.036820032605164,9.840534465218594,9.888493631502076,138163938
2009-07-09 05:30:00+05:30,10.145346641540527,10.245714812562188,10.031875034876634,10.03978556089427,131515110
2009-07-10 05:30:00+05:30,10.244477272033691,10.317899294181675,10.103566358681999,10.125321487669275,117502785
2009-07-13 05:30:00+05:30,10.489216804504395,10.494654876212275,10.263758800396795,10.288233436093742,162434571
2009-07-14 05:30:00+05:30,10.498860359191895,10.549291028387183,10.404424370999296,10.474632775468084,116266167
2009-07-15 05:30:00+05:30,10.832101821899414,10.844709252299323,10.592800127737673,10.621724615366626,151646285
2009-07-16 05:30:00+05:30,10.941617012023926,11.019487940362547,10.73148590983324,10.795267071216857,263162715
2009-07-17 05:30:00+05:30,10.636309623718262,10.765602295932412,10.548549820518975,10.704294529668658,275191634
2009-07-20 05:30:00+05:30,10.634332656860352,10.700585327425559,10.537425158082574,10.627163298549961,126612804
2009-07-21 05:30:00+05:30,10.578214645385742,10.677099536158236,10.524322351517487,10.653367010920856,119173022
2009-07-22 05:30:00+05:30,10.573022842407227,10.635073666053474,10.469441992116044,10.58068725927699,103855823
2009-07-23 05:30:00+05:30,10.811582565307617,10.907253828636145,10.518883646971158,10.597496685522614,139649486
2009-07-24 05:30:00+05:30,11.043468475341797,11.136667290627443,10.75373515918459,10.773759004019013,145619780
2009-07-27 05:30:00+05:30,10.996002197265625,11.044208410370771,10.818256280866501,11.026656074485903,100551484
2009-07-28 05:30:00+05:30,10.87363338470459,10.946808357305274,10.780928678778798,10.902063761809066,101679697
2009-07-29 05:30:00+05:30,10.78438949584961,10.822954847515255,10.67685196930013,10.808863188042316,79777911
2009-07-30 05:30:00+05:30,11.016769409179688,11.160893952881635,10.941864099695412,10.941864099695412,128423566
2009-07-31 05:30:00+05:30,10.952741622924805,11.191301197684288,10.937413736715236,11.124059361540947,114844859
2009-08-03 05:30:00+05:30,11.179186820983887,11.220966740377312,11.066211223098977,11.0934044245203,104000363
2009-08-04 05:30:00+05:30,11.21676254272461,11.22343778808029,11.085740501261586,11.108978912135376,95950302
2009-08-05 05:30:00+05:30,11.15273666381836,11.295377928443099,11.072145276948783,11.272882575977095,94031136
2009-08-06 05:30:00+05:30,11.133453369140625,11.245192743427976,11.088213717519093,11.230854974233505,84752487
2009-08-07 05:30:00+05:30,11.300074577331543,11.3574275491416,11.247913568722975,11.264722845392441,102105287
2009-08-10 05:30:00+05:30,11.287961959838867,11.332459497274325,11.21824766822271,11.251621057943018,69941178
2009-08-11 05:30:00+05:30,11.221955299377441,11.303288796615451,11.183390893495805,11.21528100012432,68756755
2009-08-12 05:30:00+05:30,11.336662292480469,11.4150282783059,11.24618204163681,11.258296306655035,94007046
2009-08-13 05:30:00+05:30,11.428131103515625,11.488450646464681,11.344821147862616,11.424917481515875,80107140
2009-08-14 05:30:00+05:30,11.371766090393066,11.450379132735529,11.294882440324653,11.440491211720365,67255147
2009-08-17 05:30:00+05:30,10.998228073120117,11.173748599882156,10.954470759510832,11.16163528207529,105200846
2009-08-18 05:30:00+05:30,11.007868766784668,11.067694186817048,10.93469474902917,11.003418918685364,94396500
2009-08-19 05:30:00+05:30,10.975486755371094,11.000948675829438,10.841744229497268,10.877095965374357,90538092
2009-08-20 05:30:00+05:30,11.381901741027832,11.42565810957885,11.154960423152463,11.173996043183637,160555554
2009-08-21 05:30:00+05:30,11.50130558013916,11.52231859510063,11.437277364542796,11.508721994041728,142953825
2009-08-24 05:30:00+05:30,11.5875825881958,11.62120303494717,11.481035172609877,11.553467082779784,98503838
2009-08-25 05:30:00+05:30,11.652846336364746,11.726515415502568,11.587334839094522,11.597470762352618,93990986
2009-08-26 05:30:00+05:30,11.569535255432129,11.69314183415899,11.537398093976536,11.687208703234903,79810030
2009-08-27 05:30:00+05:30,11.521575927734375,11.583873801527528,11.389811769198495,11.583873801527528,80255695
2009-08-28 05:30:00+05:30,11.489192008972168,11.67756702480139,11.45532356180011,11.600684324516068,71129616
2009-08-31 05:30:00+05:30,11.413050651550293,11.417747556284207,11.322324285562484,11.366575716317374,78609548
2009-09-01 05:30:00+05:30,11.266948699951172,11.540364971173677,11.23382236420468,11.363856200086005,104185053
2009-09-02 05:30:00+05:30,11.198965072631836,11.330481237586598,11.188582092954503,11.268431362136836,72462593
2009-09-03 05:30:00+05:30,11.31045913696289,11.328505588007218,11.248161254506481,11.268432156636788,66094814
2009-09-04 05:30:00+05:30,11.403904914855957,11.436042080031692,11.26744288780536,11.311694318832444,60192775
2009-09-08 05:30:00+05:30,11.337650299072266,11.544567772514128,11.268926126057664,11.477820047762746,106666319
2009-09-09 05:30:00+05:30,11.469910621643066,11.526769484506469,11.342101234941243,11.348529425287273,88145156
2009-09-10 05:30:00+05:30,11.642216682434082,11.642216682434082,11.421208491205771,11.536162435232072,101764012
2009-09-11 05:30:00+05:30,11.671882629394531,11.700559115462498,11.560389360274158,11.628867427005137,76401301
2009-09-14 05:30:00+05:30,11.745552062988281,11.78708398377498,11.620215132473016,11.631587283451488,79324216
2009-09-15 05:30:00+05:30,11.805376052856445,11.839244499040769,11.68597226842299,11.744561461967564,96283547
2009-09-16 05:30:00+05:30,12.071130752563477,12.097829845521195,11.828615411393283,11.861247636119383,103799614
2009-09-17 05:30:00+05:30,12.155922889709473,12.295597572236565,12.042947295644945,12.127493462534947,179996150
2009-09-18 05:30:00+05:30,12.149496078491211,12.28595810166819,12.143810949671249,12.280766138368575,131832295
2009-09-21 05:30:00+05:30,12.286450386047363,12.333421318504607,12.019955516024337,12.057531694045279,84973311
2009-09-22 05:30:00+05:30,12.337377548217773,12.409810403447132,12.306475665181514,12.383359315425162,122103967
2009-09-23 05:30:00+05:30,12.32254409790039,12.533663412211284,12.304003536959698,12.379897066062775,108573440
2009-09-24 05:30:00+05:30,12.280765533447266,12.39547147358516,12.187565773866666,12.372234007630007,101482963
2009-09-25 05:30:00+05:30,12.174710273742676,12.358883433525778,12.162844959004994,12.219455809679248,82291296
2009-09-28 05:30:00+05:30,12.324275016784668,12.397697042496606,12.194982356443878,12.233054543950773,73847766
2009-09-29 05:30:00+05:30,12.324275016784668,12.354434785023765,12.187813945017266,12.34899671244409,84282733
2009-09-30 05:30:00+05:30,12.258021354675293,12.364075593561365,12.04517170884667,12.360614916148231,126139035
2009-10-01 05:30:00+05:30,12.044183731079102,12.273349509169956,12.039239770488566,12.187566160803646,112949783
2009-10-02 05:30:00+05:30,11.979412078857422,12.156416828769332,11.930464697280668,11.958647068034578,104421937
2009-10-05 05:30:00+05:30,12.076815605163574,12.173476042671465,11.948759172990185,12.055308477968845,86105539
2009-10-06 05:30:00+05:30,12.329466819763184,12.34504081575819,12.155429567976771,12.155429567976771,109701653
2009-10-07 05:30:00+05:30,12.794225692749023,12.830071535961787,12.306475547648034,12.335894147590189,195698788
2009-10-08 05:30:00+05:30,12.711160659790039,12.935382450796858,12.690395649133384,12.844409043120793,172797268
2009-10-09 05:30:00+05:30,12.762335777282715,12.892369606893386,12.719073519426177,12.77222464494916,109934523
2009-10-12 05:30:00+05:30,12.954915046691895,12.997435191508751,12.838229811346421,12.939587159224857,133386097
2009-10-13 05:30:00+05:30,13.006086349487305,13.039459739601934,12.889155009490981,12.963566206424957,121951397
2009-10-14 05:30:00+05:30,13.233768463134766,13.240195705843435,13.102251364174132,13.16306595361507,130824531
2009-10-15 05:30:00+05:30,13.100028038024902,13.272829063969207,13.034763594973489,13.194957190433923,244930632
2009-10-16 05:30:00+05:30,13.592968940734863,13.714104024119278,13.461452770398013,13.530671060121431,355001664
2009-10-19 05:30:00+05:30,13.648344039916992,13.68567316644961,13.565281148590193,13.66317686811372,129198459
2009-10-20 05:30:00+05:30,13.639196395874023,13.669603216293057,13.366767452416076,13.63721805466443,162354271
2009-10-21 05:30:00+05:30,13.623871803283691,13.827821792931806,13.571956899044638,13.594453199785733,147374332
2009-10-22 05:30:00+05:30,13.697786331176758,13.720282629259941,13.547234546533476,13.596676991108874,93810311
2009-10-23 05:30:00+05:30,13.687897682189941,13.791727472878295,13.626341922426391,13.726463033017044,96066737
2009-10-26 05:30:00+05:30,13.700753211975098,13.884432281161144,13.618679490420181,13.738824453653168,119261352
2009-10-27 05:30:00+05:30,13.554403305053711,13.709404931250925,13.452303852199456,13.620655969608187,129142249
2009-10-28 05:30:00+05:30,13.356882095336914,13.596677920591539,13.306203420532086,13.544021850772472,103096990
2009-10-29 05:30:00+05:30,13.62263298034668,13.641915655389399,13.374184548696906,13.423874992286693,101282213
2009-10-30 05:30:00+05:30,13.253545761108398,13.600878135411937,13.2070689379613,13.596676289832509,139260032
2009-11-02 05:30:00+05:30,13.200889587402344,13.3361144238361,13.058742449444406,13.277277227317558,128564090
2009-11-03 05:30:00+05:30,13.282470703125,13.287662666503259,13.060227219863139,13.102500308743661,95564863
2009-11-04 05:30:00+05:30,13.357622146606445,13.485430575178952,13.260962656422018,13.369241352815267,93657741
2009-11-05 05:30:00+05:30,13.563302993774414,13.590992202222525,13.415222712384912,13.435742562676795,74185025
2009-11-06 05:30:00+05:30,13.623871803283691,13.640682028178967,13.485432374171204,13.540313844366775,73341877
2009-11-09 05:30:00+05:30,13.905939102172852,13.907670387590374,13.701247968314677,13.731407736479293,106393299
2009-11-10 05:30:00+05:30,14.011004447937012,14.06094195216997,13.89333193862592,13.911378388663856,89566463
2009-11-11 05:30:00+05:30,14.10494613647461,14.177626047740564,13.98875501840026,14.102967795007261,93135792
2009-11-12 05:30:00+05:30,14.03795051574707,14.162792374057096,13.979855433465744,14.080223600108555,75734813
2009-11-13 05:30:00+05:30,14.141778945922852,14.153151095336234,14.007295280552706,14.073547942592116,66921903
2009-11-16 05:30:00+05:30,14.246350288391113,14.263901678448306,14.159825778502869,14.214706292618708,88297726
2009-11-17 05:30:00+05:30,14.276264190673828,14.276511246718881,14.183065374046274,14.211493857575208,76955370
2009-11-18 05:30:00+05:30,14.25549602508545,14.308152084655063,14.142273380854121,14.25549602508545,62216331
2009-11-19 05:30:00+05:30,14.165017127990723,14.189985877148455,14.09110005114721,14.18429885595884,87045048
2009-11-20 05:30:00+05:30,14.090113639831543,14.13065638881787,14.07626903553386,14.07874148913878,80548789
2009-11-23 05:30:00+05:30,14.39640998840332,14.501475073877854,14.235969322358981,14.25154331984817,102281946
2009-11-24 05:30:00+05:30,14.414702415466309,14.444368071865389,14.25277847862534,14.400611701964179,64448667
2009-11-25 05:30:00+05:30,14.48021411895752,14.51284539487994,14.404813750121724,14.496777286250488,58667077
2009-11-27 05:30:00+05:30,14.332380294799805,14.399128019846778,14.115080787564702,14.140543650838666,55591593
2009-11-30 05:30:00+05:30,14.412474632263184,14.42903874315655,14.266866830544055,14.353886390435369,69262644
2009-12-01 05:30:00+05:30,14.58231258392334,14.61568597444276,14.412477172504763,14.539297381683388,93159882
2009-12-02 05:30:00+05:30,14.523971557617188,14.659938530305519,14.492081447482407,14.61024807819732,66777363
2009-12-03 05:30:00+05:30,14.48021411895752,14.621372098301674,14.461920612779446,14.561793728625895,57362205
2009-12-04 05:30:00+05:30,14.462166786193848,14.704929152028585,14.318042249964078,14.660183613491505,100920864
2009-12-07 05:30:00+05:30,14.49282169342041,14.553141231826823,14.363035863427916,14.442390076333961,65693315
2009-12-08 05:30:00+05:30,14.512598037719727,14.601842062359548,14.387757118789379,14.424838242464778,61188493
2009-12-09 05:30:00+05:30,14.561298370361328,14.568961839953728,14.426814702022568,14.523722190468852,71507025
2009-12-10 05:30:00+05:30,14.622608184814453,14.701963342747788,14.595662037894488,14.596404152595204,66982128
2009-12-11 05:30:00+05:30,14.598133087158203,14.702951105898332,14.52940891378246,14.701221713658928,69057879
2009-12-14 05:30:00+05:30,14.727178573608398,14.766238037651934,14.650047869650386,14.717783818358493,76822876
2009-12-15 05:30:00+05:30,14.663150787353516,14.743247112615933,14.60999966216815,14.66710652370994,91557900
2009-12-16 05:30:00+05:30,14.777362823486328,14.841886099987464,14.749675508329602,14.798128783141312,112797213
2009-12-17 05:30:00+05:30,14.682928085327148,14.774397510752879,14.678479183312279,14.744731853487766,105947635
2009-12-18 05:30:00+05:30,14.74423599243164,14.806286813263496,14.709132264294876,14.734595127632586,141789477
2009-12-21 05:30:00+05:30,14.8001070022583,14.82878254134967,14.725695805205701,14.773654020960112,103233500
2009-12-22 05:30:00+05:30,14.860426902770996,14.869820712003996,14.804310156845045,14.865864975528309,75513988
2009-12-23 05:30:00+05:30,15.121482849121094,15.150901450314977,14.903194158921266,14.91926416093126,83218760
2009-12-24 05:30:00+05:30,15.28958511352539,15.315295977716119,15.136066775882917,15.152382885376165,34476745
2009-12-28 05:30:00+05:30,15.398114204406738,15.475243969271947,15.289587495751855,15.368201490104301,68170566
2009-12-29 05:30:00+05:30,15.312331199645996,15.44681488903608,15.284891885006866,15.444343381842662,57205620
2009-12-30 05:30:00+05:30,15.39465045928955,15.39465045928955,15.27796713055242,15.29008044823853,58843737
2009-12-31 05:30:00+05:30,15.326668739318848,15.460658306289806,15.326668739318848,15.44458925118003,48974884
2010-01-04 05:30:00+05:30,15.494030952453613,15.562261012875917,15.431980132530704,15.498974912798028,78541293
2010-01-05 05:30:00+05:30,15.425802230834961,15.520978445243125,15.365234688416209,15.504662333458171,120638494
2010-01-06 05:30:00+05:30,15.03693675994873,15.472029913440076,14.989966766759578,15.472029913440076,159744526
2010-01-07 05:30:00+05:30,14.686882972717285,15.079951015605502,14.651037130023473,15.065118187830487,257533695
2010-01-08 05:30:00+05:30,14.882674217224121,14.91308103855544,14.563523281528429,14.634966958856282,189680313
2010-01-11 05:30:00+05:30,14.86017894744873,14.942994779780388,14.685399583578043,14.942994779780388,289597429
2010-01-12 05:30:00+05:30,14.597391128540039,14.78725036752953,14.536083372384628,14.774642937869299,194859654
2010-01-13 05:30:00+05:30,14.51358699798584,14.545477104651185,14.187514680275772,14.251541949642075,260838034
2010-01-14 05:30:00+05:30,14.581817626953125,14.689355153034747,14.407779433154388,14.43472557868209,170239717
2010-01-15 05:30:00+05:30,14.338312149047852,14.673532134059565,14.289857933729715,14.668093115496632,218194794
2010-01-19 05:30:00+05:30,14.526689529418945,14.595909708609181,14.246598030760575,14.36797921716125,173315202
2010-01-20 05:30:00+05:30,14.34844970703125,14.486147006285535,14.221876555608025,14.486147006285535,130515377
2010-01-21 05:30:00+05:30,14.411982536315918,14.506912634358784,14.14672386753648,14.423354686502252,253253712
2010-01-22 05:30:00+05:30,13.596923828125,14.105934037671828,13.222396346260087,13.955134252844775,273035583
2010-01-25 05:30:00+05:30,13.349465370178223,13.593711038462578,13.23846715756025,13.51237753666758,177458675
2010-01-26 05:30:00+05:30,13.409290313720703,13.58678824646174,13.257749356979714,13.299280329264814,174873019
2010-01-27 05:30:00+05:30,13.40138053894043,13.538582787290258,13.233522515232485,13.380861634400262,159170382
2010-01-28 05:30:00+05:30,13.208308219909668,13.522514312341675,13.117085844378654,13.460463483947402,129648138
2010-01-29 05:30:00+05:30,13.100769996643066,13.373939210592134,12.99372657279019,13.312136388053528,166240784
2010-02-01 05:30:00+05:30,13.176908493041992,13.245881609561291,13.109666661760167,13.215968900545752,90369462
2010-02-02 05:30:00+05:30,13.1299409866333,13.224869194178345,13.043168468179537,13.224869194178345,164462143
2010-02-03 05:30:00+05:30,13.369735717773438,13.401379715403424,13.058495277189428,13.069372368926377,120413655
2010-02-04 05:30:00+05:30,13.022650718688965,13.300021771349796,12.992490949658642,13.275301968191586,135614418
2010-02-05 05:30:00+05:30,13.134142875671387,13.188776337698906,12.915854190453786,13.062699190448852,126713179
2010-02-08 05:30:00+05:30,13.188035011291504,13.398907279837083,13.140075849279194,13.164055430285348,108175956
2010-02-09 05:30:00+05:30,13.261456489562988,13.38728752064,13.22758898893557,13.338093080462592,113206742
2010-02-10 05:30:00+05:30,13.212262153625488,13.294830935513984,13.04514719488392,13.202868344325125,107380987
2010-02-11 05:30:00+05:30,13.260468482971191,13.36157782102874,13.089891910591373,13.184326002880669,96761331
2010-02-12 05:30:00+05:30,13.17938232421875,13.279009328207264,13.114612939440468,13.175674590493115,91529795
2010-02-16 05:30:00+05:30,13.381601333618164,13.451562678273175,13.208553258620112,13.27208641369926,146723904
2010-02-17 05:30:00+05:30,13.30521297454834,13.433515504492824,13.2903801479811,13.398905891360851,81492313
2010-02-18 05:30:00+05:30,13.429067611694336,13.473319041825075,13.254041179293122,13.288650797463998,93826371
2010-02-19 05:30:00+05:30,13.368252754211426,13.449090243615741,13.342047776967057,13.362565732708601,102506786
2010-02-22 05:30:00+05:30,13.418684005737305,13.534873229911547,13.374185521632349,13.53116549619023,86105539
2010-02-23 05:30:00+05:30,13.22758960723877,13.439203045056287,13.158863538930728,13.423629048749254,115334688
2010-02-24 05:30:00+05:30,13.138593673706055,13.310900603701366,13.114862093314077,13.200644500934139,93412827
2010-02-25 05:30:00+05:30,13.013996124267578,13.064922795790652,12.855039709042455,13.03105434897562,132864148
2010-02-26 05:30:00+05:30,13.023143768310547,13.145514119915696,12.94106910633179,13.038470707620638,82279251
2010-03-01 05:30:00+05:30,13.168752670288086,13.183585498770327,13.046382308597046,13.082476155620423,89851528
2010-03-02 05:30:00+05:30,13.3756685256958,13.489385285921921,13.226104032281821,13.237724184182065,174925214
2010-03-03 05:30:00+05:30,13.48098087310791,13.550200101033408,13.330923211737872,13.407804962569818,124039193
2010-03-04 05:30:00+05:30,13.7101469039917,13.7482171961413,13.50273532550303,13.510151739113317,127829347
2010-03-05 05:30:00+05:30,13.947966575622559,14.033501928474896,13.8414182052966,13.877264052348657,157074555
2010-03-08 05:30:00+05:30,13.905198097229004,13.971945824210483,13.868857194807209,13.962056956540122,95813793
2010-03-09 05:30:00+05:30,13.848586082458496,13.95908923113344,13.757364663597743,13.840181444313176,127540267
2010-03-10 05:30:00+05:30,14.250553131103516,14.301230853259522,13.898521959415765,13.936840254282911,227043838
2010-03-11 05:30:00+05:30,14.366496086120605,14.49183301015103,14.194931285562749,14.196413621796381,169966698
2010-03-12 05:30:00+05:30,14.32694149017334,14.543004773897279,14.317547681291826,14.53954409621985,110548817
2010-03-15 05:30:00+05:30,13.922503471374512,14.077505107419746,13.745004590236837,14.009027041120996,186853758
2010-03-16 05:30:00+05:30,13.972439765930176,14.052041978680197,13.86267778502936,13.889129819458272,137774484
2010-03-17 05:30:00+05:30,13.981338500976562,14.126947271621477,13.948954281942818,14.049075397797992,133362007
2010-03-18 05:30:00+05:30,14.002104759216309,14.052536372155794,13.917063531353094,13.960572842677909,71354455
2010-03-19 05:30:00+05:30,13.843890190124512,14.04165998237094,13.776648347171735,13.843890190124512,192486794
2010-03-22 05:30:00+05:30,13.782086372375488,14.013229540079452,13.702484159793984,13.747723811924407,160792439
2010-03-23 05:30:00+05:30,13.571954727172852,13.802109661464314,13.398906651693224,13.770713667877857,220876809
2010-03-24 05:30:00+05:30,13.777883529663086,13.840181407060012,13.34204828364588,13.485678712165305,263592319
2010-03-25 05:30:00+05:30,13.91508674621582,14.140543838438111,13.810762838246273,13.819662535037272,157825359
2010-03-26 05:30:00+05:30,13.910388946533203,14.026579117319457,13.8443842816187,13.974170107104035,108252241
2010-03-29 05:30:00+05:30,13.904457092285156,13.960573837556508,13.857980265606402,13.918052747307295,124645457
2010-03-30 05:30:00+05:30,14.009769439697266,14.032512794718462,13.850811117446899,13.913850165781966,79412546
2010-03-31 05:30:00+05:30,14.019906044006348,14.084675434393898,13.91335672884093,13.968732309506798,121686407
2010-04-01 05:30:00+05:30,14.061434745788574,14.176388681273096,13.98109042430185,14.124473786989004,84423257
2010-04-05 05:30:00+05:30,14.116069793701172,14.211740111957514,14.066379347902549,14.11335028420923,76345092
2010-04-06 05:30:00+05:30,14.047097206115723,14.113102813778218,13.977382918370886,14.077751084570675,82712870
2010-04-07 05:30:00+05:30,13.931402206420898,14.06020075658967,13.889871233755356,14.024353966051914,103626969
2010-04-08 05:30:00+05:30,14.02904987335205,14.087392958235329,13.845124708653982,13.925963143856084,78191988
2010-04-09 05:30:00+05:30,13.997655868530273,14.060694915729432,13.94277440363606,14.029050917533299,82572346
2010-04-12 05:30:00+05:30,14.158590316772461,14.189987258216766,13.9976555526711,14.025589923287125,94448695
2010-04-13 05:30:00+05:30,14.505675315856934,14.55783631875795,14.119034544094697,14.153645104117794,157078570
2010-04-14 05:30:00+05:30,14.560805320739746,14.64337315354366,14.437445790466533,14.587009352879779,136618166
2010-04-15 05:30:00+05:30,14.716547966003418,14.779339951900313,14.54325189144291,14.639170209021664,271485795
2010-04-16 05:30:00+05:30,13.600385665893555,14.061683809824304,13.587531178427916,13.918053370606806,491254466
2010-04-19 05:30:00+05:30,13.599149703979492,13.695315085396201,13.4730716098941,13.565776313562742,156343827
2010-04-20 05:30:00+05:30,13.721272468566895,13.83548334893506,13.62288074691072,13.699764395071568,119542401
2010-04-21 05:30:00+05:30,13.702977180480957,13.850068275486434,13.65007311594873,13.75637535704907,96018557
2010-04-22 05:30:00+05:30,13.52399730682373,13.658480038924115,13.432280827539119,13.64611966421698,131719875
2010-04-23 05:30:00+05:30,13.472822189331055,13.579865597961426,13.40558130348884,13.52869281895478,83889263
2010-04-26 05:30:00+05:30,13.14279556274414,13.472823626747553,13.082723081277223,13.472329514661366,175407013
2010-04-27 05:30:00+05:30,13.07901382446289,13.308180538841802,13.03377417332427,13.076294314958963,154364435
2010-04-28 05:30:00+05:30,13.08222770690918,13.22165438664983,12.880502207600241,13.154165497527593,136754676
2010-04-29 05:30:00+05:30,13.151693344116211,13.262939548427347,13.0199301308415,13.185562737321543,122814620
2010-04-30 05:30:00+05:30,12.995951652526855,13.292111270679364,12.989524409035827,13.130188277150305,97781139
2010-05-03 05:30:00+05:30,13.117083549499512,13.174437462904868,12.980623433899128,13.015727160172627,74590540
2010-05-04 05:30:00+05:30,12.518089294433594,13.021661450789809,12.464692058915505,13.016222431533158,243963019
2010-05-05 05:30:00+05:30,12.601895332336426,12.749233499590844,12.372234493849984,12.384841924752251,183975008
2010-05-06 05:30:00+05:30,12.32773494720459,12.79372993700489,11.371765388089607,12.576925497279907,200753664
2010-05-07 05:30:00+05:30,12.19102668762207,12.492131182798627,11.899068944673253,12.35987291295322,204322993
2010-05-10 05:30:00+05:30,12.895831108093262,12.924755598241553,12.672104336993046,12.705971841427896,165738910
2010-05-11 05:30:00+05:30,12.584342956542969,12.852074089554442,12.563824999382588,12.747997234611596,133402157
2010-05-12 05:30:00+05:30,12.493863105773926,12.65825854481757,12.410057155596188,12.65825854481757,154649500
2010-05-13 05:30:00+05:30,12.629583358764648,12.904483866238415,12.616975927152605,12.768516895430887,133530637
2010-05-14 05:30:00+05:30,12.546767234802246,12.632302584085473,12.267911943513301,12.602142814059443,165257111
2010-05-17 05:30:00+05:30,12.55764389038086,12.567284755581738,12.319825469768794,12.52822528953863,112170874
2010-05-18 05:30:00+05:30,12.320318222045898,12.63180663840653,12.288181061681781,12.607826112923789,113443627
2010-05-19 05:30:00+05:30,12.222917556762695,12.346770240597113,12.057532011341468,12.268157205184837,138344613
2010-05-20 05:30:00+05:30,11.74283218383789,12.00413512632127,11.712919471022442,11.991527695480823,197268650
2010-05-21 05:30:00+05:30,11.669657707214355,11.989797864720222,11.480539610568753,11.595740618196984,389084940
2010-05-24 05:30:00+05:30,11.795982360839844,12.10821197842958,11.787083610385212,11.8842372164284,174475535
2010-05-25 05:30:00+05:30,11.793756484985352,11.803150292967723,11.470897817065605,11.573242427390282,121148398
2010-05-26 05:30:00+05:30,11.754203796386719,12.107470258690276,11.74258459025396,11.917363954586104,139545096
2010-05-27 05:30:00+05:30,12.124774932861328,12.17050964400044,11.892148480532834,11.988560916751956,112785168
2010-05-28 05:30:00+05:30,12.005370140075684,12.198690055070117,11.94035370436657,12.181138665399466,116226017
2010-06-01 05:30:00+05:30,11.924779891967773,12.139605989374775,11.869156317002572,11.87682073315718,107071833
2010-06-02 05:30:00+05:30,12.1967134475708,12.209073821916178,11.90228418129673,12.03132789039325,102012942
2010-06-03 05:30:00+05:30,12.499054908752441,12.558385276983962,12.229593431631443,12.239728409098456,146575349
2010-06-04 05:30:00+05:30,12.328972816467285,12.589287548322663,12.279036256019623,12.353694513921775,157399770
2010-06-07 05:30:00+05:30,12.002652168273926,12.383111830221921,11.944062025897969,12.337377120639282,145852650
2010-06-08 05:30:00+05:30,11.984356880187988,12.084725042344827,11.805375683719895,12.060251351771466,107806577
2010-06-09 05:30:00+05:30,11.71835708618164,12.085715210567413,11.668420530282598,12.044677404777495,109569158
2010-06-10 05:30:00+05:30,12.0394868850708,12.076320953497934,11.763350167015144,11.875337548288167,103502504
2010-06-11 05:30:00+05:30,12.076321601867676,12.081513565380382,11.906240071160916,11.92799520286785,71535130
2010-06-14 05:30:00+05:30,11.945050239562988,12.224646651311797,11.945050239562988,12.224152539289085,81921917
2010-06-15 05:30:00+05:30,12.310925483703613,12.370503847543283,11.92008285987928,11.942331153736822,171022641
2010-06-16 05:30:00+05:30,12.392010688781738,12.45949958174453,12.2644493167298,12.26593259950453,91915234
2010-06-17 05:30:00+05:30,12.362591743469238,12.505728053938933,12.278787688903726,12.44590357913157,79388456
2010-06-18 05:30:00+05:30,12.361355781555176,12.446397004711942,12.314384848735138,12.422664482289147,115346733
2010-06-21 05:30:00+05:30,12.077805519104004,12.384595180139554,11.987079153755507,12.358144090869171,119787316
2010-06-22 05:30:00+05:30,12.020698547363281,12.276562455833794,12.007843114644915,12.110930792697078,89120799
2010-06-23 05:30:00+05:30,11.9168701171875,12.03652001915496,11.820703790909786,12.03652001915496,81468223
2010-06-24 05:30:00+05:30,11.74505615234375,11.934173286631163,11.699569444879213,11.857785643444734,76027907
2010-06-25 05:30:00+05:30,11.685230255126953,11.808094718078472,11.63282124796791,11.79350894692754,90144622
2010-06-28 05:30:00+05:30,11.670398712158203,11.805624510352041,11.59450517576691,11.68300708993153,70756221
2010-06-29 05:30:00+05:30,11.229866981506348,11.484248585767,11.152242156531189,11.45680832467385,140609069
2010-06-30 05:30:00+05:30,10.999711036682129,11.318121781616634,10.99402590806622,11.247171262901109,144668227
2010-07-01 05:30:00+05:30,10.864734649658203,11.08500073592244,10.719867987116464,11.008117082755502,141070793
2010-07-02 05:30:00+05:30,10.79205322265625,10.93370530940064,10.778456621494874,10.91739014526687,77730264
2010-07-06 05:30:00+05:30,10.780186653137207,11.066952442685004,10.71986711904376,10.976226085515734,102787835
2010-07-07 05:30:00+05:30,11.129498481750488,11.156444629950826,10.763130445907311,10.835563305233478,125657235
2010-07-08 05:30:00+05:30,11.286725997924805,11.305761620334819,11.116149404151852,11.212314793883355,107156148
2010-07-09 05:30:00+05:30,11.556928634643555,11.699569896259622,11.440491405393624,11.667432732554003,173909421
2010-07-12 05:30:00+05:30,11.763103485107422,11.852347514502037,11.645678027396004,11.677568136222858,133875926
2010-07-13 05:30:00+05:30,12.093626976013184,12.187319910256894,11.873113824312547,11.92181415845652,159648166
2010-07-14 05:30:00+05:30,12.146529197692871,12.20808590809926,12.025890123591697,12.110437244453875,125187481
2010-07-15 05:30:00+05:30,12.212780952453613,12.229591173019218,11.932442434917165,12.156169157793606,195056389
2010-07-16 05:30:00+05:30,11.362125396728516,11.632822147154119,11.359899999192889,11.597224305757997,314165171
2010-07-19 05:30:00+05:30,11.524542808532715,11.610325205425926,11.310457873630881,11.396734382582467,182694226
2010-07-20 05:30:00+05:30,11.905498504638672,11.94010812279061,11.386599395259278,11.397229431411844,162787890
2010-07-21 05:30:00+05:30,11.804388999938965,12.00710276164472,11.75321621073687,11.965077672907823,131675710
2010-07-22 05:30:00+05:30,11.985099792480469,12.088187470800916,11.927498820989863,11.946039382164294,86230004
2010-07-23 05:30:00+05:30,12.114886283874512,12.127987825782784,11.866436901044647,11.885225464395367,90915501
2010-07-26 05:30:00+05:30,12.08794116973877,12.131943649985066,11.986829933346112,12.090906788863057,80107140
2010-07-27 05:30:00+05:30,12.178420066833496,12.298812083066357,12.11760641862341,12.12774139560852,98415508
2010-07-28 05:30:00+05:30,11.973726272583008,12.243187698308294,11.93219530671482,12.235524229369974,100214225
2010-07-29 05:30:00+05:30,11.989548683166504,12.085715006249439,11.849627885230865,12.013282153830701,107421137
2010-07-30 05:30:00+05:30,11.986087799072266,12.048138617707584,11.84492983026852,11.857538206761166,86085465
2010-08-02 05:30:00+05:30,12.12353801727295,12.194487585613755,12.037755621652739,12.088434290428234,74626675
2010-08-03 05:30:00+05:30,12.109199523925781,12.174216909120974,12.033305993959486,12.125763636836968,72362219
2010-08-04 05:30:00+05:30,12.516854286193848,12.533664509841202,12.139360216113056,12.167295534558955,153071607
2010-08-05 05:30:00+05:30,12.560857772827148,12.57321814792838,12.448624279566092,12.506224309071763,97178890
2010-08-06 05:30:00+05:30,12.36605453491211,12.502515612676694,12.26296779508322,12.494110974111516,133277692
2010-08-09 05:30:00+05:30,12.492873191833496,12.496581872123333,12.394236305431754,12.416238491408512,75168699
2010-08-10 05:30:00+05:30,12.45233154296875,12.508943346135247,12.32526333260758,12.418711096785735,83270954
2010-08-11 05:30:00+05:30,12.156417846679688,12.311173369481084,12.150484715497846,12.304498123614087,89253294
2010-08-12 05:30:00+05:30,12.163092613220215,12.230828560493638,11.928240775293927,11.963591558380237,88514535
2010-08-13 05:30:00+05:30,12.023170471191406,12.142821319706657,12.01476583301566,12.08868197062886,77678069
2010-08-16 05:30:00+05:30,12.00438117980957,12.11018931117452,11.878550151658409,11.957164135537372,52395658
2010-08-17 05:30:00+05:30,12.126258850097656,12.229593593705026,12.015260635988714,12.077063458681183,75911472
2010-08-18 05:30:00+05:30,11.919341087341309,12.13491026695912,11.904509205357646,12.124280230921304,107858771
2010-08-19 05:30:00+05:30,11.568793296813965,11.928239912061263,11.55099295868326,11.891157846319684,157588475
2010-08-20 05:30:00+05:30,11.421703338623047,11.65828457505622,11.39698164348783,11.568794442966833,157291365
2010-08-23 05:30:00+05:30,11.472382545471191,11.57571729454985,11.315650556106766,11.408849380472516,119895720
2010-08-24 05:30:00+05:30,11.158916473388672,11.331470445540843,11.14729726690149,11.314907278525551,110922211
2010-08-25 05:30:00+05:30,11.238764762878418,11.317625801286114,11.124552942586073,11.124552942586073,104072633
2010-08-26 05:30:00+05:30,11.148780822753906,11.304030463572362,11.135432223658585,11.274364806527448,71346425
2010-08-27 05:30:00+05:30,11.342842102050781,11.37151953535285,11.066459268329998,11.187841408039011,92842698
2010-08-30 05:30:00+05:30,11.191054344177246,11.365833710106813,11.18437909836078,11.350752879654754,49440624
2010-08-31 05:30:00+05:30,11.125048637390137,11.244945592691781,11.075111135227774,11.127272141684992,78163883
2010-09-01 05:30:00+05:30,11.379922866821289,11.493888579064555,11.186355893715007,11.247664596652632,129616018
2010-09-02 05:30:00+05:30,11.45037841796875,11.481281245580394,11.379428850143126,11.44197378028799,67620512
2010-09-03 05:30:00+05:30,11.626395225524902,11.66545374257206,11.555691765468183,11.63183329790054,101996882
2010-09-07 05:30:00+05:30,11.480538368225098,11.55940035609664,11.446423811758635,11.483010821651579,68652365
2010-09-08 05:30:00+05:30,11.633316040039062,11.6807810897727,11.483258367353912,11.500069536851148,96432101
2010-09-09 05:30:00+05:30,11.77175521850586,11.876078169833821,11.633314872954873,11.812545018241135,97588419
2010-09-10 05:30:00+05:30,11.770767211914062,11.86100041405784,11.74456317802041,11.841965738713135,79268006
2010-09-13 05:30:00+05:30,11.922308921813965,11.97372876448992,11.854572967282676,11.88844047126086,89996068
2010-09-14 05:30:00+05:30,11.876821517944336,11.98361693364766,11.868168877126914,11.91588003649256,88992319
2010-09-15 05:30:00+05:30,11.882013320922852,11.912915205926861,11.82910924836039,11.864956040772993,96472251
2010-09-16 05:30:00+05:30,11.89239501953125,11.926756632182967,11.851604270681344,11.864954761985711,79075287
2010-09-17 05:30:00+05:30,12.117110252380371,12.143068174316431,11.895361843219119,11.958895000146748,226509844
2010-09-20 05:30:00+05:30,12.565306663513184,12.61796272827901,12.164328098843374,12.17520613681506,176800216
2010-09-21 05:30:00+05:30,12.693361282348633,12.8545449803774,12.580879802695833,12.599915421275465,179321632
2010-09-22 05:30:00+05:30,12.756153106689453,12.800157473942974,12.649357703001535,12.678528297254928,101864387
2010-09-23 05:30:00+05:30,12.693857192993164,12.847376485431957,12.639964901548199,12.72179250941435,93043447
2010-09-24 05:30:00+05:30,13.035258293151855,13.048607838921699,12.812025642085155,12.898055101582582,134779299
2010-09-27 05:30:00+05:30,13.112388610839844,13.271593037986069,13.073823257544216,13.073823257544216,124761892
2010-09-28 05:30:00+05:30,13.032291412353516,13.191001728316403,12.816722236863116,13.188282218703588,146735949
2010-09-29 05:30:00+05:30,13.045145988464355,13.174932754050454,12.971475964016935,13.04910077802777,87213678
2010-09-30 05:30:00+05:30,12.998175621032715,13.148481295379401,12.828341160892009,13.081486513577381,130250387
2010-10-01 05:30:00+05:30,12.993971824645996,13.117578399135507,12.929202445328285,13.102251460298643,89333594
2010-10-04 05:30:00+05:30,12.913135528564453,13.05899136739092,12.826611953337238,12.977411753057421,77910939
2010-10-05 05:30:00+05:30,13.305708885192871,13.349465256193676,13.016963786702252,13.062204387135179,140809819
2010-10-06 05:30:00+05:30,13.209789276123047,13.348228690423966,13.100769408747473,13.331171411286427,110906151
2010-10-07 05:30:00+05:30,13.102500915527344,13.280246867103013,13.080992839439078,13.25577222511119,96191202
2010-10-08 05:30:00+05:30,13.259231567382812,13.290134396769108,13.043415339503156,13.170730604467352,114796679
2010-10-11 05:30:00+05:30,13.320789337158203,13.463183550941993,13.279504471444488,13.311889639635783,105445761
2010-10-12 05:30:00+05:30,13.38382625579834,13.497543017288056,13.294829294752324,13.352429316839233,150706777
2010-10-13 05:30:00+05:30,13.431044578552246,13.534625419838672,13.407064052419296,13.522512102047429,122682126
2010-10-14 05:30:00+05:30,13.372454643249512,13.479251000792472,13.278019606286867,13.45279802086005,266358649
2010-10-15 05:30:00+05:30,14.868583679199219,14.87328058356111,14.625079194457674,14.814691387191992,595214680
2010-10-18 05:30:00+05:30,15.270551681518555,15.319499067398965,14.846335639964138,14.846335639964138,284992232
2010-10-19 05:30:00+05:30,15.026304244995117,15.19910620852451,14.903439781879063,15.051520051225895,184203863
2010-10-20 05:30:00+05:30,15.030013084411621,15.262393415206843,15.01814682253017,15.033967873988896,141532518
2010-10-21 05:30:00+05:30,15.129145622253418,15.228278513396878,14.981065345491706,15.117280306478428,117257870
2010-10-22 05:30:00+05:30,15.142497062683105,15.199107921853287,15.081187405651159,15.12741623118962,90582257
2010-10-25 05:30:00+05:30,15.24063777923584,15.44434067265794,15.202814544034352,15.218141482929754,126809538
2010-10-26 05:30:00+05:30,15.292552947998047,15.357568438174981,15.105413216776382,15.156585050495025,100892759
2010-10-27 05:30:00+05:30,15.239896774291992,15.32716150452237,15.137550267873731,15.22259149391373,90012128
2010-10-28 05:30:00+05:30,15.292058944702148,15.351884369376204,15.161531003570083,15.328398900378577,87699492
2010-10-29 05:30:00+05:30,15.171418190002441,15.302442130019912,15.153866799688945,15.25472907964012,91473585
2010-11-01 05:30:00+05:30,15.203556060791016,15.343478748506044,15.109863139990576,15.221602509453492,123946848
2010-11-02 05:30:00+05:30,15.218390464782715,15.327163280075977,15.193174655932488,15.294284000808263,80203500
2010-11-03 05:30:00+05:30,15.331612586975098,15.37240239126882,15.166475028322122,15.265360865255941,135726838
2010-11-04 05:30:00+05:30,15.432722091674805,15.57239582409749,15.379075913510956,15.441867897042682,143367369
2010-11-05 05:30:00+05:30,15.452746391296387,15.462883261362744,15.354603617720867,15.405776400675151,70892731
2010-11-08 05:30:00+05:30,15.494524955749512,15.561766791575819,15.404539766608755,15.426541951835421,84367048
2010-11-09 05:30:00+05:30,15.446320533752441,15.595389047619353,15.339772165952391,15.574376977218813,89823423
2010-11-10 05:30:00+05:30,15.398359298706055,15.401325864152733,15.265606914829377,15.37858251125313,100254375
2010-11-11 05:30:00+05:30,15.257697105407715,15.323455664450686,15.184028019836427,15.319746983950752,90803081
2010-11-12 05:30:00+05:30,14.914072036743164,15.25052829360989,14.862651249220526,15.178588602287238,136228712
2010-11-15 05:30:00+05:30,14.720749855041504,14.931623056614105,14.685646128499837,14.908878757265496,139677591
2010-11-16 05:30:00+05:30,14.430275917053223,14.78057581344362,14.42360161787969,14.653756556547792,132791878
2010-11-17 05:30:00+05:30,14.426074028015137,14.573166077746567,14.372180789849834,14.461919870398237,98066204
2010-11-18 05:30:00+05:30,14.747696876525879,14.83224399631399,14.549927098185668,14.560805136459775,103988318
2010-11-19 05:30:00+05:30,14.606043815612793,14.780575169549003,14.593930497955311,14.758572985003369,92244464
2010-11-22 05:30:00+05:30,14.615684509277344,14.670565968702526,14.406296487517622,14.522979814616791,87791837
2010-11-23 05:30:00+05:30,14.41272258758545,14.561050854283552,14.29381386478637,14.511608414242442,86828238
2010-11-24 05:30:00+05:30,14.708390235900879,14.74868687387518,14.512597854032517,14.519026043844443,96215292
2010-11-26 05:30:00+05:30,14.585524559020996,14.659194580410121,14.51136137217543,14.596896708337038,52640573
2010-11-29 05:30:00+05:30,14.390475273132324,14.580581576879327,14.337077093488356,14.565006634529086,114816754
2010-11-30 05:30:00+05:30,13.737833976745605,14.197896775409559,13.678502668901308,14.197896775409559,285763111
2010-12-01 05:30:00+05:30,13.951425552368164,14.1299135976714,13.903219335404206,13.918052163173861,150726852
2010-12-02 05:30:00+05:30,14.13609504699707,14.17342417578794,13.97614849541201,14.057976111485027,102298006
2010-12-03 05:30:00+05:30,14.165266036987305,14.251295495780603,14.041659448247632,14.077505292721895,105642495
2010-12-06 05:30:00+05:30,14.297771453857422,14.387757596175422,14.254509194892483,14.352404917026496,84065923
2010-12-07 05:30:00+05:30,14.514822959899902,14.659689611883683,14.486640587432602,14.616921467833116,122144116
2010-12-08 05:30:00+05:30,14.598875045776367,14.647823376994687,14.42953470120181,14.634226776085404,70539412
2010-12-09 05:30:00+05:30,14.622608184814453,14.72347047044542,14.560805364757849,14.681445385792818,75036204
2010-12-10 05:30:00+05:30,14.640159606933594,14.68416303031906,14.592694559452775,14.663150016019706,68443585
2010-12-13 05:30:00+05:30,14.699738502502441,14.906902087500397,14.686636013452373,14.761541320922323,96299607
2010-12-14 05:30:00+05:30,14.70690631866455,14.790464263441292,14.646833841498381,14.760798608896318,65978380
2010-12-15 05:30:00+05:30,14.592942237854004,14.74497825126278,14.564512808673287,14.68935561966135,87033003
2010-12-16 05:30:00+05:30,14.627798080444336,14.67872475130335,14.537812893579016,14.655981398564004,64115423
2010-12-17 05:30:00+05:30,14.605302810668945,14.64881307102285,14.527925048135115,14.610246771201261,123946848
2010-12-20 05:30:00+05:30,14.710615158081055,14.78032945150259,14.552399899571876,14.700480180828624,79227857
2010-12-21 05:30:00+05:30,14.9086332321167,14.94942398425887,14.773654491179261,14.797387963633271,75461793
2010-12-22 05:30:00+05:30,14.96845817565918,15.005787302188885,14.913823767376352,14.931624107785906,48481040
2010-12-23 05:30:00+05:30,14.937309265136719,14.981065635110253,14.88292285936509,14.964750470638661,44598542
2010-12-27 05:30:00+05:30,14.89157485961914,14.92618352855324,14.820377287206602,14.900473609595878,48505130
2010-12-28 05:30:00+05:30,14.806039810180664,14.92841017471336,14.783543510889343,14.88341757613072,42751645
2010-12-29 05:30:00+05:30,14.85745906829834,14.892315739162527,14.806038284805098,14.882180762654194,40920808
2010-12-30 05:30:00+05:30,14.804556846618652,14.865617551697365,14.768215944245547,14.783295828484606,39728356
2010-12-31 05:30:00+05:30,14.683669090270996,14.793679069885542,14.635708983600571,14.752147152853318,61802787
2011-01-03 05:30:00+05:30,14.940275192260742,14.97092907156379,14.745719041374192,14.745719041374192,94962614
2011-01-04 05:30:00+05:30,14.885147094726562,14.985515266539116,14.835704650220746,14.97167255583031,73253547
2011-01-05 05:30:00+05:30,15.056961059570312,15.08810905226162,14.833975470732893,14.834469582815336,101671667
2011-01-06 05:30:00+05:30,15.166474342346191,15.288350584207706,15.08118605727605,15.096760052906102,82620526
2011-01-07 05:30:00+05:30,15.239154815673828,15.283901302558723,15.083164957836004,15.226053273006416,84363033
2011-01-10 05:30:00+05:30,15.184027671813965,15.213199216741806,15.044352974349412,15.198613444277886,63404769
2011-01-11 05:30:00+05:30,15.228527069091797,15.297499252505006,15.191197939535998,15.270553103527805,57787794
2011-01-12 05:30:00+05:30,15.249784469604492,15.311094121892927,15.197870519162825,15.311094121892927,65552790
2011-01-13 05:30:00+05:30,15.24533748626709,15.319006575491755,15.18279254594407,15.252258842357017,53560006
2011-01-14 05:30:00+05:30,15.430498123168945,15.432723520644705,15.254977588188927,15.262888114222504,94978674
2011-01-18 05:30:00+05:30,15.812439918518066,15.870781108642783,15.45744219165898,15.476971922564864,145222296
2011-01-19 05:30:00+05:30,15.617636680603027,15.894761609352699,15.565969786271229,15.873996597151892,136754676
2011-01-20 05:30:00+05:30,15.494524955749512,15.675237448693636,15.408495502801417,15.629008627402124,220254485
2011-01-21 05:30:00+05:30,15.125191688537598,15.864356887422325,15.113572481566639,15.811205759876394,357511035
2011-01-24 05:30:00+05:30,15.106648445129395,15.141505115466034,14.863143971667524,15.019877826608345,184657557
2011-01-25 05:30:00+05:30,15.324939727783203,15.344221458504158,14.993921538541752,15.035453458871284,146418764
2011-01-26 05:30:00+05:30,15.24063777923584,15.38871804522639,15.210478013482053,15.335319868536207,81829572
2011-01-27 05:30:00+05:30,15.247807502746582,15.319745294874798,15.160293822180911,15.275000703781602,81070738
2011-01-28 05:30:00+05:30,14.857213020324707,15.336063478807274,14.826806195587004,15.3041724246642,169878368
2011-01-31 05:30:00+05:30,14.841638565063477,14.943242015948986,14.72272888625738,14.921734888859142,112616538
2011-02-01 05:30:00+05:30,15.105660438537598,15.162766350307557,14.909621008890072,14.943735565076805,110223602
2011-02-02 05:30:00+05:30,15.129392623901367,15.187241599223746,15.018888529453124,15.104671875144629,70691981
2011-02-03 05:30:00+05:30,15.083659172058105,15.115796335421551,14.984280169754744,15.067096005007544,60028160
2011-02-04 05:30:00+05:30,15.10417652130127,15.115548671315013,14.99614488247002,15.083658565275138,62264511
2011-02-07 05:30:00+05:30,15.186004638671875,15.287361035199423,15.060420658544464,15.083906127452305,72253814
2011-02-08 05:30:00+05:30,15.287114143371582,15.318016973232144,15.191443821014033,15.20182585421496,68050116
2011-02-09 05:30:00+05:30,15.24063777923584,15.31356474028565,15.137797161875971,15.249783584794596,73976246
2011-02-10 05:30:00+05:30,15.239154815673828,15.265360740733236,15.118515742638918,15.176363772191225,93725996
2011-02-11 05:30:00+05:30,15.438408851623535,15.450769226195845,15.15411455701119,15.173644289602395,103984303
2011-02-14 05:30:00+05:30,15.528640747070312,15.56547481390939,15.32815146259338,15.409731068803621,85439051
2011-02-15 05:30:00+05:30,15.429756164550781,15.576600215891352,15.403799188711746,15.508123097295062,83993653
2011-02-16 05:30:00+05:30,15.431487083435059,15.487850885653408,15.379078071134725,15.466344704002541,67612482
2011-02-17 05:30:00+05:30,15.457195281982422,15.5063906670275,15.334083764646877,15.358063343830803,59373716
2011-02-18 05:30:00+05:30,15.5763521194458,15.603545320236993,15.43049724857723,15.47548984186625,129198459
2011-02-22 05:30:00+05:30,15.085140228271484,15.449036684165218,15.024820700248874,15.327902569536798,146141730
2011-02-23 05:30:00+05:30,15.11258316040039,15.196141112819749,14.931624544274309,15.088109466449708,116017237
2011-02-24 05:30:00+05:30,15.050779342651367,15.156338528404856,14.866111111728426,15.114312498928781,108874565
2011-02-25 05:30:00+05:30,15.080938339233398,15.196633442395331,15.067588795033007,15.125930931939417,77585724
2011-02-28 05:30:00+05:30,15.164002418518066,15.240391956306762,15.030754968604944,15.079951303811345,91602065
2011-03-01 05:30:00+05:30,14.851526260375977,15.307880399320164,14.815433362022812,15.272280666454595,133426247
2011-03-02 05:30:00+05:30,14.85226821899414,14.981064868763935,14.713828811509671,14.827793580388994,81371863
2011-03-03 05:30:00+05:30,15.069072723388672,15.116784827497858,14.95634323419968,14.990459684081701,78103658
2011-03-04 05:30:00+05:30,14.848065376281738,15.054735802579017,14.837683343004304,15.038666747426053,120891439
2011-03-07 05:30:00+05:30,14.626562118530273,14.923957922164522,14.511361130915812,14.846334059241473,139027162
2011-03-08 05:30:00+05:30,14.642631530761719,14.782801279807813,14.590469577567628,14.657958470588937,91738575
2011-03-09 05:30:00+05:30,14.629281997680664,14.697017942407822,14.480460564095115,14.6102454322674,86362499
2011-03-10 05:30:00+05:30,14.345728874206543,14.501966720959684,14.324715860683417,14.472796125989543,125592995
2011-03-11 05:30:00+05:30,14.256979942321777,14.338312487223499,14.173422000110092,14.294309065382475,121734587
2011-03-14 05:30:00+05:30,14.090853691101074,14.2960398733742,14.042153363598409,14.160320923404239,113066217
2011-03-15 05:30:00+05:30,14.08022403717041,14.115822823663963,13.732643649942695,13.782086093436574,160824559
2011-03-16 05:30:00+05:30,13.772197723388672,14.085910620828272,13.628320236023661,14.041907194762553,152509508
2011-03-17 05:30:00+05:30,13.877511024475098,14.066380165073943,13.85723917669826,13.954640785980521,116406692
2011-03-18 05:30:00+05:30,13.870094299316406,14.041412044522868,13.837462077398547,13.958595262953702,132438559
2011-03-21 05:30:00+05:30,14.251791000366211,14.333371565151827,14.066875684568801,14.096541344490843,121288923
2011-03-22 05:30:00+05:30,14.27206039428711,14.319277439392271,14.153151665565115,14.27082416757392,75758903
2011-03-23 05:30:00+05:30,14.391712188720703,14.398881546871127,14.140544223436077,14.219404323366083,72920303
2011-03-24 05:30:00+05:30,14.50864315032959,14.545725220330366,14.308647974937783,14.47254930447893,84262658
2011-03-25 05:30:00+05:30,14.331886291503906,14.509137165056075,14.319524970536682,14.50839599694846,114764559
2011-03-28 05:30:00+05:30,14.223607063293457,14.4616725223495,14.207538009238478,14.389485780402824,89068604
2011-03-29 05:30:00+05:30,14.381081581115723,14.38503637081228,14.165512412533815,14.23942854892079,64432607
2011-03-30 05:30:00+05:30,14.383801460266113,14.474280765591459,14.352651574512484,14.446592504129827,57105245
2011-03-31 05:30:00+05:30,14.505428314208984,14.540038876620372,14.381328566523207,14.412476558173715,81480268
2011-04-01 05:30:00+05:30,14.630023956298828,14.713828959030556,14.554871594104409,14.554871594104409,104919797
2011-04-04 05:30:00+05:30,14.52817440032959,14.70270578373942,14.41495078362523,14.659691524620257,82488031
2011-04-05 05:30:00+05:30,14.068605422973633,14.375148017588526,13.984305357537147,14.365013040375603,242806701
2011-04-06 05:30:00+05:30,14.194436073303223,14.218662710054854,14.041658892256361,14.144993629080046,107132058
2011-04-07 05:30:00+05:30,14.338312149047852,14.354134146137904,14.194681734901689,14.232752971692706,101639547
2011-04-08 05:30:00+05:30,14.292827606201172,14.459201397222513,14.290356099132849,14.459201397222513,76357137
2011-04-11 05:30:00+05:30,14.273297309875488,14.291343759664514,14.165265667180938,14.244372821745237,74606600
2011-04-12 05:30:00+05:30,14.106182098388672,14.261925854713686,14.042895993022134,14.21470785845297,83736694
2011-04-13 05:30:00+05:30,14.246350288391113,14.27898156168642,14.134362916215172,14.227315615612552,83086265
2011-04-14 05:30:00+05:30,14.301478385925293,14.3247167982753,14.143016078069277,14.219403721174498,219070062
2011-04-15 05:30:00+05:30,13.119556427001953,13.491611448513725,13.103735375366432,13.480239298558649,563853569
2011-04-18 05:30:00+05:30,13.02413272857666,13.044404575835687,12.830318685719565,13.013749748907989,202347616
2011-04-19 05:30:00+05:30,12.892862319946289,13.124005465784554,12.877288325300842,13.10101505783776,107766427
2011-04-20 05:30:00+05:30,12.99669361114502,13.02363976012695,12.88940407391395,13.000896403904347,122858785
2011-04-21 05:30:00+05:30,12.981117248535156,13.059731230035668,12.914122472377372,13.040201499312154,99174342
2011-04-25 05:30:00+05:30,12.979883193969727,13.02808941551848,12.904730823839115,12.98482810141314,65476506
2011-04-26 05:30:00+05:30,13.171966552734375,13.286179334308168,12.98383762990685,13.016222797163202,140524754
2011-04-27 05:30:00+05:30,13.294089317321777,13.302741958183093,13.209789252796334,13.300021502014685,92280599
2011-04-28 05:30:00+05:30,13.29927921295166,13.330923208095893,13.203113840570921,13.30150461027694,80299860
2011-04-29 05:30:00+05:30,13.450822830200195,13.450822830200195,13.312630466092303,13.349465482099307,169773978
2011-05-02 05:30:00+05:30,13.313864707946777,13.491116512671073,13.278266870653091,13.490374398053097,85667905
2011-05-03 05:30:00+05:30,13.198417663574219,13.399154003506725,13.093105533220788,13.278514933350651,83572079
2011-05-04 05:30:00+05:30,13.24538803100586,13.32474223612274,13.176909023753637,13.230061091861936,84997401
2011-05-05 05:30:00+05:30,13.20781135559082,13.335124714691757,13.139332350908271,13.197675433024461,80211530
2011-05-06 05:30:00+05:30,13.233274459838867,13.385557528313655,13.23030884083856,13.303729918961404,82552271
2011-05-09 05:30:00+05:30,13.292110443115234,13.312135233628835,13.129445345001306,13.225857777663668,78240168
2011-05-10 05:30:00+05:30,13.41522216796875,13.458979483262965,13.288649966184485,13.349464560160028,82022292
2011-05-11 05:30:00+05:30,13.236981391906738,13.437223609528537,13.19347302820572,13.35292544492672,93902656
2011-05-12 05:30:00+05:30,13.227094650268555,13.273817586123718,13.124748135003813,13.231791554800834,58149143
2011-05-13 05:30:00+05:30,13.091127395629883,13.24860242812043,13.07876702118207,13.21621726262931,84664157
2011-05-16 05:30:00+05:30,12.815980911254883,13.034764668487902,12.766044350705812,13.011032141787375,118771522
2011-05-17 05:30:00+05:30,13.11362361907959,13.13241218325635,12.732175726175269,12.742063647047376,132639308
2011-05-18 05:30:00+05:30,13.097556114196777,13.110410601237469,12.995951711806441,13.090880868054587,78420843
2011-05-19 05:30:00+05:30,13.133152961730957,13.263927943256705,13.095328781190211,13.16973902249525,99118132
2011-05-20 05:30:00+05:30,12.954667091369629,13.151446748800575,12.932417849727987,13.146749844438702,93047462
2011-05-23 05:30:00+05:30,12.815240859985352,12.85504244620406,12.691882257492766,12.770989424622472,92344839
2011-05-24 05:30:00+05:30,12.812026023864746,12.9529369535038,12.809306514105145,12.864187981683221,76284867
2011-05-25 05:30:00+05:30,12.846883773803711,12.923518480499295,12.787057398219707,12.789035739832773,52259149
2011-05-26 05:30:00+05:30,12.808810234069824,12.907449011301637,12.7314343673514,12.79818019867538,85057626
2011-05-27 05:30:00+05:30,12.877289772033691,12.899291958395377,12.763571106445415,12.817464346873164,70093747
2011-05-31 05:30:00+05:30,13.078025817871094,13.078766985980037,12.941563800939063,12.97864587075755,107894906
2011-06-01 05:30:00+05:30,12.993478775024414,13.181359685583832,12.98630941705491,13.05379831123364,118679178
2011-06-02 05:30:00+05:30,13.054293632507324,13.109669213366008,12.916349265769389,13.042181259510834,88510520
2011-06-03 05:30:00+05:30,12.931180953979492,13.042921276653308,12.892122435470002,12.904482810011284,70202152
2011-06-06 05:30:00+05:30,12.881243705749512,13.023637901094547,12.836498167873973,12.942552409662287,77975179
2011-06-07 05:30:00+05:30,12.831061363220215,12.969501739471191,12.830073138947334,12.926485586351623,76590006
2011-06-08 05:30:00+05:30,12.834521293640137,12.885694076555655,12.750716289377815,12.769257797521378,66383894
2011-06-09 05:30:00+05:30,12.774203300476074,12.855041748922865,12.74725715099381,12.855041748922865,67817246
2011-06-10 05:30:00+05:30,12.59571361541748,12.773212490039622,12.590275542950963,12.708689215943844,97961814
2011-06-13 05:30:00+05:30,12.477546691894531,12.61277248758993,12.414260587870935,12.607827580362384,97455925
2011-06-14 05:30:00+05:30,12.567533493041992,12.708690534404694,12.533417985627,12.56209447343636,94011061
2011-06-15 05:30:00+05:30,12.43354320526123,12.567037714841051,12.375696120835745,12.484963046211638,83242849
2011-06-16 05:30:00+05:30,12.36976146697998,12.523033705089375,12.27829394001648,12.430081948773926,110693357
2011-06-17 05:30:00+05:30,11.990290641784668,12.525999925884738,11.98485256946818,12.513392495913754,210602442
2011-06-20 05:30:00+05:30,11.979412078857422,12.020202825604414,11.847154758248891,11.989796004131005,121598077
2011-06-21 05:30:00+05:30,12.187565803527832,12.210805162689239,11.983121727532643,12.04393632197046,111030616
2011-06-22 05:30:00+05:30,12.0394868850708,12.1714981114215,12.032565529525375,12.149248868793592,96644896
2011-06-23 05:30:00+05:30,11.871626853942871,11.936891287912996,11.71118622477016,11.918844840827651,192787918
2011-06-24 05:30:00+05:30,11.739619255065918,11.884732979192995,11.69363748435595,11.883002640208336,152794573
2011-06-27 05:30:00+05:30,11.935410499572754,12.073848963846038,11.707974121770503,11.717862989179244,138304463
2011-06-28 05:30:00+05:30,12.203635215759277,12.266921314077958,11.965569759129632,11.965569759129632,109011074
2011-06-29 05:30:00+05:30,12.300544738769531,12.366797413483829,12.172240289020642,12.275080925726765,94071286
2011-06-30 05:30:00+05:30,12.518336296081543,12.525505654186464,12.39769722138444,12.409810540062637,97500090
2011-07-01 05:30:00+05:30,12.88050365447998,12.884212334909776,12.518336527914471,12.527237171631004,146013250
2011-07-05 05:30:00+05:30,13.162571907043457,13.235746875496455,12.986062202401227,12.986062202401227,154545110
2011-07-06 05:30:00+05:30,13.234758377075195,13.31263025386865,13.177404457681122,13.188776608455997,108228151
2011-07-07 05:30:00+05:30,13.51262378692627,13.613487962639178,13.24761312084153,13.37418532275813,158010049
2011-07-08 05:30:00+05:30,13.151447296142578,13.291369994987315,13.03476395719053,13.17518076812292,191523195
2011-07-11 05:30:00+05:30,13.03501033782959,13.250085391597658,12.991005967062076,13.057259579244374,113997696
2011-07-12 05:30:00+05:30,13.201384544372559,13.335126106652007,13.003367709225524,13.056764943776772,114073981
2011-07-13 05:30:00+05:30,13.306448936462402,13.448349020177037,13.262444566533139,13.275300945649883,112026334
2011-07-14 05:30:00+05:30,13.07604694366455,13.39890657410493,13.021412538595511,13.327709002954286,266976958
2011-07-15 05:30:00+05:30,14.773900985717773,14.838918369199746,14.54003832178103,14.770934420285705,551342851
2011-07-18 05:30:00+05:30,14.707649230957031,14.883416823806215,14.634968373380135,14.647081691880475,179401931
2011-07-19 05:30:00+05:30,14.89577579498291,14.948431856407698,14.72223361598247,14.737313498677485,119144917
2011-07-20 05:30:00+05:30,14.71778392791748,14.90269921670754,14.71778392791748,14.886631108742373,89446014
2011-07-21 05:30:00+05:30,15.005538940429688,15.031990972839187,14.6846567138205,14.685151772433853,139300182
2011-07-22 05:30:00+05:30,15.283405303955078,15.314801297052913,14.938297382477531,14.965984695493441,141656982
2011-07-25 05:30:00+05:30,15.301946640014648,15.46090495489878,15.15411436594007,15.163014062697888,125733520
2011-07-26 05:30:00+05:30,15.389461517333984,15.512573052115584,15.25843945590184,15.278957413982155,94067271
2011-07-27 05:30:00+05:30,15.011223793029785,15.350646573751742,14.9501630943962,15.257447768555961,157965884
2011-07-28 05:30:00+05:30,15.103188514709473,15.22778332171952,14.906902022153702,14.961041370364477,124802042
2011-07-29 05:30:00+05:30,14.923959732055664,15.202568900281822,14.923959732055664,14.937309277468337,166116320
2011-08-01 05:30:00+05:30,15.000102043151855,15.215918285278299,14.812468176130483,15.110112033825827,159238637
2011-08-02 05:30:00+05:30,14.644858360290527,15.07179394577386,14.624339455453349,14.981066631531396,128503865
2011-08-03 05:30:00+05:30,14.861661911010742,14.906901561137785,14.42805208009102,14.691085343072054,153601587
2011-08-04 05:30:00+05:30,14.277005195617676,14.804309874621168,14.275769915406535,14.696772342860928,197320845
2011-08-05 05:30:00+05:30,14.314580917358398,14.585525660966114,13.89333144742955,14.40110543069418,238052949
2011-08-08 05:30:00+05:30,13.498287200927734,14.066379783303343,13.457002338358148,13.917558337056574,300987964
2011-08-09 05:30:00+05:30,14.175402641296387,14.205068299743804,13.374433649515854,13.868611078998457,259758001
2011-08-10 05:30:00+05:30,13.572202682495117,13.945740036147066,13.540558686416396,13.878004088932075,215589063
2011-08-11 05:30:00+05:30,13.89654541015625,14.05401854090984,13.557369673424105,13.691110280724159,193948251
2011-08-12 05:30:00+05:30,13.937090873718262,14.103463733215062,13.85377902278404,14.078742980846142,126644924
2011-08-15 05:30:00+05:30,13.775410652160645,13.967248238905896,13.499027841842869,13.681470673457996,286867234
2011-08-16 05:30:00+05:30,13.324742317199707,13.656995753086973,13.10966726953189,13.656748697062955,278616423
2011-08-17 05:30:00+05:30,13.180123329162598,13.440685075716909,13.121286133984361,13.350204832216441,163775579
2011-08-18 05:30:00+05:30,12.481255531311035,12.975927056171209,12.372728825592283,12.940823325912861,252571164
2011-08-19 05:30:00+05:30,12.136147499084473,12.728220631183833,12.134663269646541,12.344300265430507,217211120
2011-08-22 05:30:00+05:30,12.315376281738281,12.533664017683332,12.225391088987466,12.459499877188229,196971541
2011-08-23 05:30:00+05:30,12.825868606567383,12.889896822276585,12.337377298573498,12.447139277950098,174523715
2011-08-24 05:30:00+05:30,12.936372756958008,13.102252426781114,12.78656214178457,12.838476092845266,144318923
2011-08-25 05:30:00+05:30,12.85602855682373,13.281975884513804,12.813013355502317,13.111646364645418,132213719
2011-08-26 05:30:00+05:30,13.024626731872559,13.113375690656015,12.685451001136737,12.854792283772902,144391193
2011-08-29 05:30:00+05:30,13.32672119140625,13.335867944109486,13.190260122384556,13.214981817546557,93782206
2011-08-30 05:30:00+05:30,13.366769790649414,13.423382542688204,13.122278011341441,13.304719912344726,120008140
2011-08-31 05:30:00+05:30,13.373196601867676,13.50520687136276,13.250579194206361,13.466642467052601,108135806
2011-09-01 05:30:00+05:30,13.164054870605469,13.444146360679609,13.132411820853227,13.368005775081151,96982155
2011-09-02 05:30:00+05:30,12.974690437316895,13.050831021466841,12.873086044342541,12.965542738403135,96408011
2011-09-06 05:30:00+05:30,12.908931732177734,12.92327044820209,12.620188535975647,12.627604950027061,109039179
2011-09-07 05:30:00+05:30,13.201878547668457,13.249096541130228,13.0379772184803,13.113376638507113,110645177
2011-09-08 05:30:00+05:30,13.224869728088379,13.327216247031844,13.149223247618117,13.196193241204067,95576908
2011-09-09 05:30:00+05:30,12.974937438964844,13.21720474006945,12.8844581400507,13.136861364122819,131242091
2011-09-12 05:30:00+05:30,13.105218887329102,13.151446762896747,12.79323633851947,12.804608488673445,107216373
2011-09-13 05:30:00+05:30,13.090387344360352,13.198171939068887,12.939092486185585,13.151695109756094,94520965
2011-09-14 05:30:00+05:30,13.153425216674805,13.274064288191736,12.99891675044044,13.166279703141441,108179971
2011-09-15 05:30:00+05:30,13.412751197814941,13.472576623473087,13.214982361256256,13.23821982802126,118875912
2011-09-16 05:30:00+05:30,13.514601707458496,13.518557443610762,13.427088972653713,13.468126777187164,141901897
2011-09-19 05:30:00+05:30,13.51435661315918,13.594205889851809,13.235254255541403,13.358118737800242,99106087
2011-09-20 05:30:00+05:30,13.51336669921875,13.80730184958893,13.415469090147871,13.58184381586984,111580670
2011-09-21 05:30:00+05:30,13.329686164855957,13.720281735530957,13.321281527236275,13.53957019452283,100948969
2011-09-22 05:30:00+05:30,12.871356964111328,13.072093331059476,12.706714447229196,13.009549336691062,176671736
2011-09-23 05:30:00+05:30,12.991253852844238,13.013750151726885,12.719073815256344,12.769999544444527,111508400
2011-09-26 05:30:00+05:30,13.148975372314453,13.17468529183042,12.688171376165323,13.03426848534916,105762945
2011-09-27 05:30:00+05:30,13.333148002624512,13.52374841358893,13.251814508491144,13.304965630751312,120887424
2011-09-28 05:30:00+05:30,13.07357406616211,13.448842692112418,13.045392641737296,13.386545765951254,90871336
2011-09-29 05:30:00+05:30,13.040449142456055,13.28271739400157,12.840453975616336,13.251567509958077,116699786
2011-09-30 05:30:00+05:30,12.732422828674316,12.953924183860888,12.716105771368614,12.86023125839531,109352349
2011-10-03 05:30:00+05:30,12.24986457824707,12.657271370444775,12.237010090831742,12.604120242104708,179646846
2011-10-04 05:30:00+05:30,12.407586097717285,12.445657339225077,11.881023532614414,12.114145046470641,166975528
2011-10-05 05:30:00+05:30,12.476804733276367,12.553441324699046,11.885225754641338,12.270383266851049,182043797
2011-10-06 05:30:00+05:30,12.724264144897461,12.737118630280102,12.424889049099297,12.546024115622679,137485405
2011-10-07 05:30:00+05:30,12.734399795532227,12.867400183848442,12.615243063967096,12.776673827019641,114664185
2011-10-10 05:30:00+05:30,13.27950382232666,13.286920236566154,12.934147867961526,12.983096201942185,93236167
2011-10-11 05:30:00+05:30,13.428079605102539,13.517569744437852,13.187788722409454,13.187788722409454,114563810
2011-10-12 05:30:00+05:30,13.559595108032227,13.725968893727012,13.463923839206085,13.550448355049996,127588447
2011-10-13 05:30:00+05:30,13.818921089172363,13.819168145204673,13.547728345109824,13.597417844573414,228356741
2011-10-14 05:30:00+05:30,14.627058029174805,14.822850415650247,14.525453628871738,14.819636793956093,342474886
2011-10-17 05:30:00+05:30,14.397891998291016,14.63076550473508,14.288871185781357,14.43027621727777,160928949
2011-10-18 05:30:00+05:30,14.598133087158203,14.648812704288863,14.274038166154929,14.34301128871456,152601853
2011-10-19 05:30:00+05:30,14.35561752319336,14.636451110721655,14.319029568808455,14.519765892886516,117699519
2011-10-20 05:30:00+05:30,14.429040908813477,14.558084619007428,14.326200283742715,14.385284539587824,135666613
2011-10-21 05:30:00+05:30,14.597639083862305,14.653509717852023,14.503946158561813,14.573413393707472,136148412
2011-10-24 05:30:00+05:30,14.74423599243164,14.83199673263582,14.499002114393827,14.504440186879892,137589795
2011-10-25 05:30:00+05:30,14.416433334350586,14.709133227164697,14.40876986390164,14.662162287118058,102000897
2011-10-26 05:30:00+05:30,14.494304656982422,14.589975925766147,14.161804141781689,14.574401929414092,115354763
2011-10-27 05:30:00+05:30,14.799858093261719,14.899485092156889,14.667105708843163,14.79367885289319,151778780
2011-10-28 05:30:00+05:30,14.836199760437012,14.889598891437652,14.690591926687617,14.697267173028292,100696024
2011-10-31 05:30:00+05:30,14.650789260864258,14.825074515520775,14.626810626746886,14.711357745834585,102695490
2011-11-01 05:30:00+05:30,14.304939270019531,14.474527621006127,14.257970225724181,14.34078605977094,125472546
2011-11-02 05:30:00+05:30,14.45746898651123,14.535093801858054,14.350180409203833,14.459447327901797,85153986
2011-11-03 05:30:00+05:30,14.770936012268066,14.770936012268066,14.430276956061286,14.511363402135435,107192283
2011-11-04 05:30:00+05:30,14.73731517791748,14.826312148135134,14.645598698069584,14.6720507330912,113817021
2011-11-07 05:30:00+05:30,15.038666725158691,15.049791819699994,14.64065470675072,14.667600853803156,134799374
2011-11-08 05:30:00+05:30,15.137798309326172,15.187982868430176,14.921735026002677,15.055229531272282,121630197
2011-11-09 05:30:00+05:30,14.856224060058594,15.064871883454337,14.799612255655129,14.93805167293772,148996390
2011-11-10 05:30:00+05:30,14.71111011505127,14.97982945261224,14.624090545853361,14.97933534055949,115166059
2011-11-11 05:30:00+05:30,15.03916072845459,15.131618375570701,14.798128689560103,14.864876416600445,159676271
2011-11-14 05:30:00+05:30,15.15411376953125,15.279696796768807,15.025069118196432,15.030507190506732,128026081
2011-11-15 05:30:00+05:30,15.242121696472168,15.279697879553073,15.092312022811708,15.149169936233898,107441212
2011-11-16 05:30:00+05:30,15.116290092468262,15.285137273836764,15.095030967993946,15.13137092292041,104731092
2011-11-17 05:30:00+05:30,14.854246139526367,15.136562090266402,14.753135853155207,15.0811865146277,140255750
2011-11-18 05:30:00+05:30,14.70616626739502,14.9439837407162,14.678230949481254,14.882181866678867,132000924
2011-11-21 05:30:00+05:30,14.361551284790039,14.548443961143564,14.142768503208368,14.530149509859967,120501984
2011-11-22 05:30:00+05:30,14.338312149047852,14.46117660613978,14.220639654506861,14.338312149047852,96572626
2011-11-23 05:30:00+05:30,14.093820571899414,14.344493465797056,14.093820571899414,14.223360284394973,93380707
2011-11-25 05:30:00+05:30,13.918052673339844,14.196660896438368,13.876768756680077,13.972192969971017,62730250
2011-11-28 05:30:00+05:30,14.540781021118164,14.556355016975361,14.251788882469295,14.322739399668361,113580136
2011-11-29 05:30:00+05:30,14.410747528076172,14.594425647316054,14.371193004286964,14.533117886606277,73546641
2011-11-30 05:30:00+05:30,14.817658424377441,14.820624990024095,14.637193925164171,14.782060583192477,136389312
2011-12-01 05:30:00+05:30,15.173150062561035,15.22827858221467,14.808017330766505,14.832738079723827,145366836
2011-12-02 05:30:00+05:30,15.33606243133545,15.426047619189447,15.23470414712462,15.254234825204561,164040568
2011-12-05 05:30:00+05:30,15.466836929321289,15.621344437696196,15.386492608473434,15.516032313846376,128379401
2011-12-06 05:30:00+05:30,15.42036247253418,15.540259431640042,15.333096788859825,15.401079795894049,93408812
2011-12-07 05:30:00+05:30,15.410968780517578,15.467085525429978,15.280193782033711,15.368694746582825,90630437
2011-12-08 05:30:00+05:30,15.229514122009277,15.51133691232082,15.210973559975239,15.352873652585677,96885796
2011-12-09 05:30:00+05:30,15.510594367980957,15.552867454055528,15.253246224709676,15.277720863943516,111062736
2011-12-12 05:30:00+05:30,15.460410118103027,15.479938902957704,15.334331086610675,15.373638552069224,87683432
2011-12-13 05:30:00+05:30,15.466344833374023,15.736547479594805,15.397618762431136,15.543721652369346,161731947
2011-12-14 05:30:00+05:30,15.279450416564941,15.433958883823331,15.14150606272117,15.37289723297756,156733281
2011-12-15 05:30:00+05:30,15.315791130065918,15.426048167999642,15.294777168509182,15.389460210519797,96705121
2011-12-16 05:30:00+05:30,15.47450065612793,15.557563541128738,15.363502455721667,15.433957911002864,179040582
2011-12-19 05:30:00+05:30,15.372401237487793,15.537292674298609,15.32716158812615,15.525178410022873,86061375
2011-12-20 05:30:00+05:30,15.583521842956543,15.619861796872348,15.524684645293066,15.524931701321092,95886062
2011-12-21 05:30:00+05:30,15.471040725708008,15.619368056966096,15.301452376910635,15.574622517582302,100290510
2011-12-22 05:30:00+05:30,15.566959381103516,15.617142994032896,15.500459657263018,15.523697123571367,73165217
2011-12-23 05:30:00+05:30,15.651998519897461,15.690069758092053,15.588218310311396,15.623817095145364,58365953
2011-12-27 05:30:00+05:30,15.82776927947998,15.93258636087475,15.623819299127256,15.62505457940703,64496847
2011-12-28 05:30:00+05:30,15.814170837402344,15.945192883833853,15.774616315528343,15.889570254442894,85406931
2011-12-29 05:30:00+05:30,15.880919456481934,15.895752284699574,15.702925517870266,15.858422211539457,63252199
2011-12-30 05:30:00+05:30,15.967440605163574,15.988702567937672,15.871523235834845,15.871523235834845,71559220
2012-01-03 05:30:00+05:30,16.449752807617188,16.517489699771126,16.12738729627083,16.14147990178212,147611217
2012-01-04 05:30:00+05:30,16.52070426940918,16.569405548070847,16.33134006729404,16.440360884953495,114989399
2012-01-05 05:30:00+05:30,16.29153823852539,16.41415565620277,16.22281311544916,16.36866894659579,131808205
2012-01-06 05:30:00+05:30,16.069293975830078,16.31601112087564,16.06360695452333,16.294997160654297,108119746
2012-01-09 05:30:00+05:30,15.387978553771973,15.994638435972343,15.357570780241305,15.982276167191666,233776981
2012-01-10 05:30:00+05:30,15.40478801727295,15.668317308646527,15.250775548467159,15.568196188517915,176483032
2012-01-11 05:30:00+05:30,15.47450065612793,15.559294826432227,15.354849815503409,15.413686065152932,96359832
2012-01-12 05:30:00+05:30,15.565474510192871,15.645819781241016,15.48784969518846,15.604534920298923,75289148
2012-01-13 05:30:00+05:30,15.450523376464844,15.498976654379234,15.353368818002368,15.481919374000682,92637933
2012-01-17 05:30:00+05:30,15.539270401000977,15.623323405210368,15.467578717353884,15.623323405210368,76658261
2012-01-18 05:30:00+05:30,15.64631462097168,15.67325982116047,15.379571716355628,15.491064983742573,110882061
2012-01-19 05:30:00+05:30,15.810956001281738,15.846060674346342,15.610466725586107,15.846060674346342,253157352
2012-01-20 05:30:00+05:30,14.486393928527832,14.610246622640831,14.380340628040024,14.59862836283677,424637703
2012-01-23 05:30:00+05:30,14.474774360656738,14.552399176503048,14.416432220756155,14.486640622777186,137027695
2012-01-24 05:30:00+05:30,14.36130428314209,14.528172170097706,14.28887048553129,14.494550779421326,122690156
2012-01-25 05:30:00+05:30,14.07849407196045,14.306423619460942,14.001610421883486,14.276757963262426,200255805
2012-01-26 05:30:00+05:30,14.044130325317383,14.20185241255929,13.956370531563428,14.140049594249135,129531704
2012-01-27 05:30:00+05:30,14.337820053100586,14.346225638138913,14.074539712722204,14.110384610721228,145242371
2012-01-30 05:30:00+05:30,14.281208038330078,14.33831395413104,14.175154735599648,14.290107735330867,93569411
2012-01-31 05:30:00+05:30,14.341032981872559,14.437198360198492,14.218415569476186,14.412476664946473,86017210
2012-02-01 05:30:00+05:30,14.358832359313965,14.474280413698676,14.317053385384135,14.460435810017009,93175942
2012-02-02 05:30:00+05:30,14.46463680267334,14.49677490780921,14.389731504790543,14.458704618858352,96950036
2012-02-03 05:30:00+05:30,14.742011070251465,14.76030457512628,14.537318999380371,14.601841325070477,127215053
2012-02-06 05:30:00+05:30,15.057455062866211,15.100469317824343,14.684657911680066,14.709379607396398,147735682
2012-02-07 05:30:00+05:30,15.000102043151855,15.064872378655148,14.92569084208429,15.009496799236826,83997668
2012-02-08 05:30:00+05:30,15.076244354248047,15.113326428651279,14.949919191785165,15.0463316386586,73731331
2012-02-09 05:30:00+05:30,15.11604118347168,15.191194484185662,15.055227543347359,15.129885785477382,90927546
2012-02-10 05:30:00+05:30,14.978840827941895,15.033721344490885,14.931623781363939,15.02754210388183,93356617
2012-02-13 05:30:00+05:30,15.134336471557617,15.174880165188272,15.080445126080543,15.092311388299303,72924318
2012-02-14 05:30:00+05:30,15.074017524719238,15.129393101709997,14.950411883882204,15.118021897689724,72418428
2012-02-15 05:30:00+05:30,14.970187187194824,15.152382955230378,14.896023052792705,15.152382955230378,97399715
2012-02-16 05:30:00+05:30,14.99392032623291,15.050532126723308,14.776620823369065,14.90245185442881,101615457
2012-02-17 05:30:00+05:30,14.947444915771484,15.021361052925242,14.89206934027164,14.955602497858246,98331193
2012-02-21 05:30:00+05:30,15.178834915161133,15.274753236795227,14.903934436578973,14.928409075628545,99603946
2012-02-22 05:30:00+05:30,15.029023170471191,15.247559833788616,14.998616349191146,15.128403108813526,78974912
2012-02-23 05:30:00+05:30,14.983784675598145,15.02902432697771,14.841391422255017,15.005786861204125,82508106
2012-02-24 05:30:00+05:30,15.077478408813477,15.120740664954916,14.968951711125566,15.01443936469805,77714204
2012-02-27 05:30:00+05:30,15.062893867492676,15.138293291928289,14.957828785385704,14.995652025629232,72827958
2012-02-28 05:30:00+05:30,15.287360191345215,15.321476640648028,15.022596590958383,15.079950505272429,114330940
2012-02-29 05:30:00+05:30,15.28390121459961,15.465601937798231,15.215917261814345,15.292553855364986,125946315
2012-03-01 05:30:00+05:30,15.386494636535645,15.468075194800628,15.281429554855288,15.383033958679675,89843498
2012-03-02 05:30:00+05:30,15.358064651489258,15.42604860535213,15.335074241004559,15.376605213501929,63167885
2012-03-05 05:30:00+05:30,15.185015678405762,15.388718578892078,15.114065163043533,15.3377928537705,63970883
2012-03-06 05:30:00+05:30,14.955355644226074,15.050532800450586,14.680455157875159,15.031745182505663,127451937
2012-03-07 05:30:00+05:30,15.000842094421387,15.109368794114694,14.97760462843064,15.056464725752528,50769586
2012-03-08 05:30:00+05:30,15.00925064086914,15.117035240351727,14.989719959368419,15.08094138990322,54021731
2012-03-09 05:30:00+05:30,14.838918685913086,15.12691975526981,14.832737552318681,15.029272043100551,107224403
2012-03-12 05:30:00+05:30,14.960052490234375,15.005787201292346,14.814444665430923,14.832738171224166,67010233
2012-03-13 05:30:00+05:30,15.272279739379883,15.274011024642947,14.969939970017299,15.049047117094887,90168712
2012-03-14 05:30:00+05:30,15.22803020477295,15.395887256118971,15.165485276544448,15.203555567402141,117916329
2012-03-15 05:30:00+05:30,15.355097770690918,15.413686017562766,15.199353086967522,15.243110399967682,97769094
2012-03-16 05:30:00+05:30,15.45175838470459,15.473265512169386,15.328398855393942,15.349164814740922,122477361
2012-03-19 05:30:00+05:30,15.672764778137207,15.75409827225297,15.357816620507522,15.404292497184468,87237768
2012-03-20 05:30:00+05:30,15.660652160644531,15.724186264843484,15.5068858084902,15.597119003020435,61850967
2012-03-21 05:30:00+05:30,15.82109260559082,16.004276608666064,15.636425319738755,15.688339270352682,99154267
2012-03-22 05:30:00+05:30,15.971149444580078,16.03913244616844,15.599095382712767,15.784504773594398,96769361
2012-03-23 05:30:00+05:30,15.885615348815918,16.031717277588285,15.843836376427381,15.984746342366952,77898894
2012-03-26 05:30:00+05:30,16.052234649658203,16.056191332220134,15.810214411037537,15.94519218773635,73040752
2012-03-27 05:30:00+05:30,15.99513053894043,16.15532318304748,15.940250023677313,15.995378541544849,80588939
2012-03-28 05:30:00+05:30,16.21119499206543,16.281156342534,16.095500822133474,16.118985345271415,101936657
2012-03-29 05:30:00+05:30,16.029495239257812,16.23171393949998,15.92789177701155,16.153843004461585,77260510
2012-03-30 05:30:00+05:30,15.852243423461914,16.155079255298833,15.846311238226106,16.11206310309585,92774443
2012-04-02 05:30:00+05:30,15.992657661437988,16.00699637652237,15.694025617219156,15.840621656638119,91710470
2012-04-03 05:30:00+05:30,15.886356353759766,16.018121466958075,15.78796652343282,15.95532947726595,82102591
2012-04-04 05:30:00+05:30,15.701689720153809,15.796865927076073,15.601568606272064,15.783269326087177,65348026
2012-04-05 05:30:00+05:30,15.63172721862793,15.733330661199327,15.539022525461343,15.629748877360399,93095642
2012-04-09 05:30:00+05:30,15.59514045715332,15.706139609375121,15.457938220167193,15.536798316793186,87635252
2012-04-10 05:30:00+05:30,15.496750831604004,15.685619965644147,15.43964397066328,15.661394275406188,99652126
2012-04-11 05:30:00+05:30,15.72171401977539,15.722702243936046,15.606513018794377,15.672518630812217,88289696
2012-04-12 05:30:00+05:30,16.093767166137695,16.14642322972216,15.828014394809134,15.879682234290948,231127086
2012-04-13 05:30:00+05:30,15.440881729125977,16.043832895613725,15.414676749875312,16.00823410715617,327595322
2012-04-16 05:30:00+05:30,14.982795715332031,15.421349497104847,14.87377396336749,15.401325653900523,228537416
2012-04-17 05:30:00+05:30,15.069318771362305,15.270056041578995,15.006032675872918,15.044350968844677,121409373
2012-04-18 05:30:00+05:30,15.016913414001465,15.14917075679336,14.902206517042755,15.03174624320194,107180238
2012-04-19 05:30:00+05:30,14.815434455871582,15.23470561014359,14.808018041513446,14.973402661837536,132277959
2012-04-20 05:30:00+05:30,14.735336303710938,15.051520699446929,14.72965117518718,14.937803930349114,122794545
2012-04-23 05:30:00+05:30,14.773406982421875,14.794420944545813,14.590470029809426,14.65721775679904,88241516
2012-04-24 05:30:00+05:30,14.864133834838867,14.996638212427754,14.766484233841265,14.789228532682595,77453230
2012-04-25 05:30:00+05:30,15.073029518127441,15.113325211304058,14.903935272468894,14.931624481226292,73117037
2012-04-26 05:30:00+05:30,15.21517562866211,15.277720560408964,15.072534374711342,15.102447085844636,84013728
2012-04-27 05:30:00+05:30,15.203063011169434,15.246571378559338,15.094784311627809,15.204051235335195,65701345
2012-04-30 05:30:00+05:30,14.95263385772705,15.230253811394139,14.847815852451124,15.153865231321467,96652926
2012-05-01 05:30:00+05:30,14.942254066467285,15.119503996052629,14.837436045475993,14.926431121040492,80392204
2012-05-02 05:30:00+05:30,15.012214660644531,15.03322672842045,14.847817332819936,14.862403104166866,64701612
2012-05-03 05:30:00+05:30,15.105165481567383,15.199353462190285,15.05399270036809,15.070555866521605,75000069
2012-05-04 05:30:00+05:30,14.757831573486328,15.027788074674165,14.753876784056144,14.97908680225123,88626955
2012-05-07 05:30:00+05:30,15.019384384155273,15.094041693028498,14.709133102050243,14.709133102050243,80079035
2012-05-08 05:30:00+05:30,15.14892292022705,15.250528268302832,14.850043793673747,14.969447589298149,107493407
2012-05-09 05:30:00+05:30,15.058937072753906,15.23767217437668,14.877483408181382,15.001337046968661,93501157
2012-05-10 05:30:00+05:30,15.170430183410645,15.232975115542708,15.085636009814122,15.153124902302231,61666277
2012-05-11 05:30:00+05:30,14.962029457092285,15.192431436913429,14.950657307738648,15.088601649781717,84290763
2012-05-14 05:30:00+05:30,14.931624412536621,15.042869679699013,14.847077290096289,14.852021250737426,73249532
2012-05-15 05:30:00+05:30,15.107391357421875,15.20355673588377,14.925442633423287,14.964997156567472,84399167
2012-05-16 05:30:00+05:30,15.547922134399414,15.576846621219465,15.226793786486896,15.276731287769044,194128926
2012-05-17 05:30:00+05:30,15.40256118774414,15.768436016242415,15.35756859386747,15.669057020073016,134654835
2012-05-18 05:30:00+05:30,14.84262752532959,15.634201726641168,14.751159046790326,15.453242164515277,239835606
2012-05-21 05:30:00+05:30,15.181553840637207,15.22061424988565,14.832737239408857,14.845345615785671,123477094
2012-05-22 05:30:00+05:30,14.852514266967773,15.17413670538273,14.73385260187393,15.164990900070494,122533571
2012-05-23 05:30:00+05:30,15.06659984588623,15.070061469927822,14.761540559243702,14.8735269840423,127600492
2012-05-24 05:30:00+05:30,14.923219680786133,15.127416720496567,14.804805048649884,15.059185705503163,75935562
2012-05-25 05:30:00+05:30,14.623350143432617,14.87550632810608,14.543004869039313,14.857459878338075,143813034
2012-05-29 05:30:00+05:30,14.692816734313965,14.8112304124119,14.543995284684993,14.729156690634722,104618672
2012-05-30 05:30:00+05:30,14.541769981384277,14.632496344752001,14.42558075350758,14.540039642487534,76553871
2012-05-31 05:30:00+05:30,14.359573364257812,14.585525510044898,14.313592545113877,14.553882459913913,119177037
2012-06-01 05:30:00+05:30,14.115327835083008,14.156612696831111,14.05031139546292,14.135352625872441,122774470
2012-06-04 05:30:00+05:30,14.303457260131836,14.350428198648542,14.091348761828188,14.096539778450364,97672734
2012-06-05 05:30:00+05:30,14.101238250732422,14.292085739144236,14.003836638235152,14.225833067476785,93946821
2012-06-06 05:30:00+05:30,14.352404594421387,14.387014211500425,14.180345679768418,14.251295252794213,84146223
2012-06-07 05:30:00+05:30,14.294556617736816,14.533364191210044,14.270329981952532,14.526194833570356,70603652
2012-06-08 05:30:00+05:30,14.349437713623047,14.363035261374092,14.20432400249001,14.235720943760764,56627461
2012-06-11 05:30:00+05:30,14.054018020629883,14.469829384570865,14.009272484787472,14.442388182056185,106842978
2012-06-12 05:30:00+05:30,13.969966888427734,14.098517429799339,13.808784126364518,14.0854149410016,129451404
2012-06-13 05:30:00+05:30,13.870835304260254,14.016938186477216,13.811256936343275,13.886409300341315,78460993
2012-06-14 05:30:00+05:30,13.820405006408691,13.969226465792199,13.75786006693645,13.876027643310211,94147570
2012-06-15 05:30:00+05:30,13.955381393432617,13.955629396043008,13.771950332928435,13.852294659521624,120497969
2012-06-18 05:30:00+05:30,14.112115859985352,14.19517875309407,13.82534910412989,13.90865905328471,100250360
2012-06-19 05:30:00+05:30,14.376137733459473,14.444120739259958,14.168232033180741,14.17985123947705,83359284
2012-06-20 05:30:00+05:30,14.27675724029541,14.338313000502751,14.177872355691076,14.333616096271644,94219840
2012-06-21 05:30:00+05:30,13.972685813903809,14.334356896157177,13.936097858526615,14.334356896157177,80753554
2012-06-22 05:30:00+05:30,14.127689361572266,14.127689361572266,13.987766666342932,14.041658959200372,89450029
2012-06-25 05:30:00+05:30,13.861193656921387,14.043883552577629,13.778377821920714,14.025095934643085,63501129
2012-06-26 05:30:00+05:30,13.959585189819336,14.007049292659282,13.831033698795974,13.912120140404538,54210435
2012-06-27 05:30:00+05:30,14.073796272277832,14.189738441339479,13.992711722664081,14.034242694918705,67945726
2012-06-28 05:30:00+05:30,13.950437545776367,13.997902595379434,13.77491700986484,13.989745013266335,77124000
2012-06-29 05:30:00+05:30,14.340044021606445,14.341527304411837,14.145488811211361,14.213718873684543,101157748
2012-07-02 05:30:00+05:30,14.349931716918945,14.412475699099753,14.251788003742014,14.383305104026563,66468209
2012-07-03 05:30:00+05:30,14.531880378723145,14.546219094413802,14.288870952681187,14.338560452381826,47758342
2012-07-05 05:30:00+05:30,14.7318754196167,14.83422193023268,14.549432586397828,14.554871605385458,94187720
2012-07-06 05:30:00+05:30,14.486146926879883,14.672544555418774,14.408027996725922,14.646093467494406,86796118
2012-07-09 05:30:00+05:30,14.486886978149414,14.550916136556575,14.36921447991267,14.46068294828401,68861145
2012-07-10 05:30:00+05:30,14.380340576171875,14.64559830102844,14.307164660482345,14.590222725474753,77212330
2012-07-11 05:30:00+05:30,14.120519638061523,14.285163077970603,13.966011174874378,14.246844782212627,140496649
2012-07-12 05:30:00+05:30,14.102967262268066,14.138813104467562,13.895555678886687,14.019904374448265,92738308
2012-07-13 05:30:00+05:30,14.25228214263916,14.317299524849249,14.05525449443403,14.14425050908033,79336261
2012-07-16 05:30:00+05:30,14.212728500366211,14.318287673050587,14.135103694146935,14.248573391738935,58723287
2012-07-17 05:30:00+05:30,14.257476806640625,14.354877470784396,14.051547543819135,14.299501892511984,67455897
2012-07-18 05:30:00+05:30,14.357101440429688,14.429535242561043,14.24264350041088,14.263655569354606,62160121
2012-07-19 05:30:00+05:30,14.661172866821289,14.795161480583698,14.486640559939994,14.490101237518502,187688877
2012-07-20 05:30:00+05:30,15.100220680236816,15.152629685228431,14.787744044970374,15.049294011326564,259517101
2012-07-23 05:30:00+05:30,15.216163635253906,15.286372035802934,14.789476106226584,14.844603676834703,143002005
2012-07-24 05:30:00+05:30,15.019878387451172,15.275989353626988,14.940028174291745,15.203556500856353,80677269
2012-07-25 05:30:00+05:30,15.030261039733887,15.16350849127118,14.965491654138868,15.038419568552936,73193322
2012-07-26 05:30:00+05:30,15.16301441192627,15.249785037451197,15.080692688307867,15.203557160342926,67660662
2012-07-27 05:30:00+05:30,15.696991920471191,15.69798014454685,15.265359497908259,15.299721109182656,142520206
2012-07-30 05:30:00+05:30,15.63123607635498,15.885863791058863,15.562015890060048,15.723940787134405,87795852
2012-07-31 05:30:00+05:30,15.647796630859375,15.735063259257993,15.53037118122455,15.531360351940844,74903709
2012-08-01 05:30:00+05:30,15.640628814697266,15.809476013025506,15.60849259543557,15.754841600555796,74060561
2012-08-02 05:30:00+05:30,15.543474197387695,15.77288703193477,15.411462971441258,15.463377870747394,79404516
2012-08-03 05:30:00+05:30,15.854467391967773,15.913551648686262,15.726163901413495,15.821588113909542,76168432
2012-08-06 05:30:00+05:30,15.891301155090332,16.05347214475574,15.802305134233054,15.81194599908411,71563235
2012-08-07 05:30:00+05:30,15.83493709564209,15.92689968057057,15.734321870148408,15.865838031125197,79569131
2012-08-08 05:30:00+05:30,15.876717567443848,15.966702766034441,15.784506971206548,15.79810357341722,53086237
2012-08-09 05:30:00+05:30,15.879683494567871,15.979062498708783,15.859164590762077,15.933081677042031,42972470
2012-08-10 05:30:00+05:30,15.871028900146484,15.876962977730948,15.725915193014803,15.786730732438407,57599089
2012-08-13 05:30:00+05:30,16.316261291503906,16.319721969376776,15.986726381604234,16.00501988832498,131205956
2012-08-14 05:30:00+05:30,16.530094146728516,16.633675920367335,16.291288501183537,16.29746774066808,147016998
2012-08-15 05:30:00+05:30,16.502408981323242,16.66828864223422,16.417368701388966,16.570145873933402,96789436
2012-08-16 05:30:00+05:30,16.634172439575195,16.677930700027083,16.491037075813583,16.501669004112355,68965534
2012-08-17 05:30:00+05:30,16.739734649658203,16.742453212551283,16.605250978184838,16.66507640017943,87434502
2012-08-20 05:30:00+05:30,16.700178146362305,16.782499860512292,16.628980578848903,16.699189922307795,70587592
2012-08-21 05:30:00+05:30,16.551111221313477,16.760993370583822,16.369656608064233,16.640108189104634,89221174
2012-08-22 05:30:00+05:30,16.74072265625,16.825268825236442,16.48164323727591,16.49845440592276,76654246
2012-08-23 05:30:00+05:30,16.7313289642334,16.822302376820822,16.587945597135004,16.66878308657361,71635505
2012-08-24 05:30:00+05:30,16.776567459106445,16.82156005278525,16.664085974909433,16.701663101558033,57277890
2012-08-27 05:30:00+05:30,16.543941497802734,16.612666616997917,16.297224340107963,16.3899280929797,104939872
2012-08-28 05:30:00+05:30,16.74245262145996,16.75159842708169,16.433189599195522,16.439616842020147,82652646
2012-08-29 05:30:00+05:30,17.008453369140625,17.032680004288835,16.71525940086382,16.745419166789123,120060335
2012-08-30 05:30:00+05:30,16.85196876525879,16.993127687680737,16.81488764173266,16.915254867181233,65319921
2012-08-31 05:30:00+05:30,16.936269760131836,17.022546276972562,16.81142599511611,16.909322665564638,85402916
2012-09-04 05:30:00+05:30,16.836145401000977,16.934040159474225,16.64974779851562,16.92291601325901,75867307
2012-09-05 05:30:00+05:30,16.82823371887207,16.971122958725903,16.789174259743273,16.810434327890636,68584110
2012-09-06 05:30:00+05:30,17.290027618408203,17.302141882860546,16.9273664104361,16.957774179717795,122196311
2012-09-07 05:30:00+05:30,17.456897735595703,17.607696571907393,17.24725980779487,17.304860779405185,129804723
2012-09-10 05:30:00+05:30,17.323896408081055,17.62153929121256,17.265059209711602,17.546138926443465,102783820
2012-09-11 05:30:00+05:30,17.11178970336914,17.32093164786331,17.082372047693138,17.254430972727786,75232938
2012-09-12 05:30:00+05:30,17.079404830932617,17.179031838523084,16.832191652173737,17.043063927603274,106088160
2012-09-13 05:30:00+05:30,17.454177856445312,17.52735187959232,17.070998672780195,17.13403866545256,106758663
2012-09-14 05:30:00+05:30,17.54416275024414,17.6262364688472,17.478156193078217,17.542184408815864,105132591
2012-09-17 05:30:00+05:30,17.55158042907715,17.623270222919118,17.42846700921507,17.505351605906473,60558139
2012-09-18 05:30:00+05:30,17.756763458251953,17.766157266021512,17.472469199333236,17.497189945374128,82981875
2012-09-19 05:30:00+05:30,17.984697341918945,18.010902323519435,17.710538938837292,17.73748603521797,124396528
2012-09-20 05:30:00+05:30,18.00002098083496,18.080612359394827,17.82944441538978,17.90978779135178,116731906
2012-09-21 05:30:00+05:30,18.1451358795166,18.16812818294838,18.049465558073624,18.101133400416984,255317419
2012-09-24 05:30:00+05:30,18.525592803955078,18.541907965044874,18.05267652397423,18.071216135549115,143086320
2012-09-25 05:30:00+05:30,18.520156860351562,18.90902116008914,18.483073844747054,18.616321290648,243248350
2012-09-26 05:30:00+05:30,18.626455307006836,18.818787934208416,18.31843042257633,18.537212241015908,227766537
2012-09-27 05:30:00+05:30,18.701610565185547,18.858344434098314,18.581713604369224,18.786900748326723,157833389
2012-09-28 05:30:00+05:30,18.652170181274414,18.770832815540448,18.56935433992203,18.643516593188423,111757330
2012-10-01 05:30:00+05:30,18.832138061523438,18.91173932373519,18.69444171682085,18.76464917060169,127194978
2012-10-02 05:30:00+05:30,18.71372413635254,18.93621466089452,18.547598357625784,18.916684928659613,112026334
2012-10-03 05:30:00+05:30,18.849937438964844,18.88504211240155,18.595308814835153,18.682327437200367,88663090
2012-10-04 05:30:00+05:30,18.987140655517578,19.032629256987217,18.773301822056553,18.85611954970308,98535958
2012-10-05 05:30:00+05:30,18.977251052856445,19.143624821797005,18.91198661519621,19.05289752266058,109846193
2012-10-08 05:30:00+05:30,18.734739303588867,18.8766384548236,18.64351598660249,18.812858237555698,78637653
2012-10-09 05:30:00+05:30,18.394819259643555,18.820764644155823,18.356253911264275,18.779974845118957,120578269
2012-10-10 05:30:00+05:30,18.40643882751465,18.479860849634072,18.251437201518005,18.339692050992344,81901842
2012-10-11 05:30:00+05:30,18.577510833740234,18.751053979606397,18.548093179532003,18.61261550984444,95713418
2012-10-12 05:30:00+05:30,18.4111385345459,18.6613164031515,18.395069478036017,18.58666003610777,96528461
2012-10-15 05:30:00+05:30,18.31793785095215,18.38839331481429,18.063805204834175,18.341670377149907,121216653
2012-10-16 05:30:00+05:30,18.409900665283203,18.466513415401373,18.206197752204186,18.29692506081384,82636586
2012-10-17 05:30:00+05:30,18.6766414642334,18.697655426214894,18.30013752576551,18.39136083856193,92059774
2012-10-18 05:30:00+05:30,17.181257247924805,18.773797656174118,16.711553507286876,18.677881216817628,499561487
2012-10-19 05:30:00+05:30,16.85468864440918,17.470494325911584,16.612668365563298,17.44280700912403,461009524
2012-10-22 05:30:00+05:30,16.777555465698242,16.92489360201593,16.55580520009248,16.835402537965237,162832055
2012-10-23 05:30:00+05:30,16.819087982177734,16.99164289378993,16.612666516385694,16.61291451899051,117101285
2012-10-24 05:30:00+05:30,16.74369239807129,16.983488240482167,16.69350688521083,16.978543332730403,100234300
2012-10-25 05:30:00+05:30,16.755064010620117,16.859882042273284,16.649997976327356,16.8104386457973,96403996
2012-10-26 05:30:00+05:30,16.690540313720703,16.88534353151078,16.59288975563141,16.72391275779891,78324483
2012-10-31 05:30:00+05:30,16.817853927612305,16.835157315746862,16.686830930959722,16.80697588951371,61710442
2012-11-01 05:30:00+05:30,16.998071670532227,17.079899285456996,16.778793805647986,16.79807742977458,82311371
2012-11-02 05:30:00+05:30,17.006229400634766,17.194853385174092,16.99263469161708,17.17606576613893,93324497
2012-11-05 05:30:00+05:30,16.883609771728516,16.980022201146664,16.700672833226253,16.921681010081432,65681270
2012-11-06 05:30:00+05:30,16.852954864501953,16.971123361849408,16.74986719590648,16.94590661078534,63549309
2012-11-07 05:30:00+05:30,16.49202537536621,16.76667781336423,16.47645043511097,16.68682855724589,89626688
2012-11-08 05:30:00+05:30,16.125410079956055,16.600056735016366,16.099205104647762,16.568166631774915,104269368
2012-11-09 05:30:00+05:30,16.390918731689453,16.52218974890603,16.07621852310958,16.183755119460216,125030896
2012-11-12 05:30:00+05:30,16.46186637878418,16.558278803644367,16.337518639822694,16.408714313271297,56446786
2012-11-13 05:30:00+05:30,16.29252815246582,16.503892642584955,16.272256304944655,16.39017681656199,64007018
2012-11-14 05:30:00+05:30,16.131839752197266,16.369905230185786,16.08116202573565,16.332328100201973,66986143
2012-11-15 05:30:00+05:30,16.00106430053711,16.31601247536235,15.918000463130538,16.068799304606983,74233205
2012-11-16 05:30:00+05:30,15.999085426330566,16.143458912827366,15.722701667215194,15.969667773707682,138043489
2012-11-19 05:30:00+05:30,16.518972396850586,16.536523787037318,16.20550657485415,16.20970936702485,95083064
2012-11-20 05:30:00+05:30,16.562482833862305,16.760992826389177,16.42898738650989,16.55111068393327,83861158
2012-11-21 05:30:00+05:30,16.46112823486328,16.558282797764793,16.32590242622531,16.538258950616385,84804682
2012-11-23 05:30:00+05:30,16.51304054260254,16.5632241567801,16.466811718300367,16.562483935218935,37038310
2012-11-26 05:30:00+05:30,16.344440460205078,16.48906004819154,16.29178439836199,16.47521544546419,88514535
2012-11-27 05:30:00+05:30,16.580778121948242,16.686832376573342,16.266572041260485,16.3202163354243,100724129
2012-11-28 05:30:00+05:30,16.901166915893555,16.931820801136723,16.412181409024193,16.514030987346654,122136087
2012-11-29 05:30:00+05:30,17.1043701171875,17.154059609601763,16.859877444221727,17.002764788659533,111476280
2012-11-30 05:30:00+05:30,17.264564514160156,17.28557658155718,16.951100589890945,17.090033159497683,127018318
2012-12-03 05:30:00+05:30,17.187435150146484,17.450469375863364,17.15925372302671,17.360238072666892,88028721
2012-12-04 05:30:00+05:30,17.083110809326172,17.19386194755305,16.95134571177692,17.181253571959623,79966615
2012-12-05 05:30:00+05:30,17.003759384155273,17.16889695703467,16.868039467616924,17.110801865964614,74775229
2012-12-06 05:30:00+05:30,17.08558464050293,17.196333894512193,16.921929426621137,16.998070012039918,58711242
2012-12-07 05:30:00+05:30,16.914512634277344,17.22773046662909,16.87026215307848,17.181255534527143,77059760
2012-12-10 05:30:00+05:30,16.944425582885742,17.0984389843641,16.904129893108266,16.94368346823257,54872909
2012-12-11 05:30:00+05:30,17.22772979736328,17.352325547191487,17.001284490525812,17.057647341346083,107906951
2012-12-12 05:30:00+05:30,17.24454116821289,17.391633216832798,17.14367794097926,17.28582697585415,97403730
2012-12-13 05:30:00+05:30,17.37160873413086,17.712019747089126,17.29373591915174,17.69842125362885,138312493
2012-12-14 05:30:00+05:30,17.353317260742188,17.49818488595165,17.26605251094435,17.284346019509194,85523366
2012-12-17 05:30:00+05:30,17.818567276000977,17.84674869940375,17.40423825667668,17.440825263843287,121871097
2012-12-18 05:30:00+05:30,17.825740814208984,18.02425083750948,17.67691840424422,17.715235759037913,120646524
2012-12-19 05:30:00+05:30,17.802005767822266,17.87345135091233,17.717213478121405,17.816838597084054,77031655
2012-12-20 05:30:00+05:30,17.857629776000977,17.914240635026427,17.72438042601916,17.879878072669108,66528434
2012-12-21 05:30:00+05:30,17.691253662109375,17.77011660219297,17.564929457222853,17.65021774763517,141568653
2012-12-24 05:30:00+05:30,17.539714813232422,17.680131626771217,17.489529305283224,17.663566566053895,33762076
2012-12-26 05:30:00+05:30,17.524141311645508,17.623272322583286,17.364442754292657,17.504363574096722,47473277
2012-12-27 05:30:00+05:30,17.460357666015625,17.523397660741875,17.27049935342031,17.481371628640968,66142994
2012-12-28 05:30:00+05:30,17.30510902404785,17.475685597262263,17.30510902404785,17.346640941909584,56290202
2012-12-31 05:30:00+05:30,17.4873046875,17.566165734661148,17.205976951008545,17.30486184337383,80195470
2013-01-02 05:30:00+05:30,17.87962532043457,17.972330949274696,17.71399368680467,17.78494513685818,102033017
2013-01-03 05:30:00+05:30,17.8900146484375,18.094211688458817,17.817086728469196,17.921162643537404,93075567
2013-01-04 05:30:00+05:30,18.2435245513916,18.33004905651756,17.989143945114915,18.030181747005674,110954331
2013-01-07 05:30:00+05:30,18.16392707824707,18.278385028213446,18.060839386596214,18.181230468357604,66476239
2013-01-08 05:30:00+05:30,18.12807846069336,18.202242600668207,17.90880060898011,18.183454982924484,67295297
2013-01-09 05:30:00+05:30,18.247236251831055,18.252921380745473,18.0118893317524,18.102616643805245,81291563
2013-01-10 05:30:00+05:30,18.33029556274414,18.417316074924972,18.13302180711408,18.363669896147872,73703226
2013-01-11 05:30:00+05:30,18.29346466064453,18.353784198888068,18.20224323856604,18.34315416288162,51600690
2013-01-14 05:30:00+05:30,17.87962532043457,18.348092691199838,17.857377029676556,18.2195421732164,114985384
2013-01-15 05:30:00+05:30,17.921161651611328,18.170105168595956,17.603989016455742,17.782723180596644,157696879
2013-01-16 05:30:00+05:30,17.680376052856445,17.90657524842668,17.642798926128176,17.85861608920419,81239368
2013-01-17 05:30:00+05:30,17.584707260131836,17.79038662482926,17.577289899293827,17.74267546407391,88791570
2013-01-18 05:30:00+05:30,17.416353225708008,17.620550231805083,17.337738296538177,17.560970921592116,129555794
2013-01-22 05:30:00+05:30,17.375808715820312,17.436870359272152,17.194108014660124,17.42006108500512,152264594
2013-01-23 05:30:00+05:30,18.330791473388672,18.516200878985902,18.189634442847193,18.194579349955028,237249950
2013-01-24 05:30:00+05:30,18.64499855041504,18.709768879249964,18.306317865064134,18.32436526063843,135815168
2013-01-25 05:30:00+05:30,18.631650924682617,18.750559660147204,18.54710285708433,18.559959237000584,89369729
2013-01-28 05:30:00+05:30,18.558971405029297,18.679362479288134,18.48876205211367,18.584434269633597,65327951
2013-01-29 05:30:00+05:30,18.63189697265625,18.712736359637866,18.45538726364199,18.46057828022482,70145942
2013-01-30 05:30:00+05:30,18.63560676574707,18.81162237318969,18.612862463431227,18.633382314671564,69579828
2013-01-31 05:30:00+05:30,18.68158531188965,18.72929646863058,18.547101642283845,18.553528885246127,65613015
2013-02-01 05:30:00+05:30,19.173784255981445,19.198506895555536,18.741163620953397,18.74363418107624,150405652
2013-02-04 05:30:00+05:30,18.76390838623047,19.04696645852808,18.745368770654913,18.97824133602998,122075862
2013-02-05 05:30:00+05:30,18.930036544799805,19.062789888621047,18.775034904462622,18.816070819649784,75108474
2013-02-06 05:30:00+05:30,19.039552688598633,19.108523926715062,18.751055571323636,18.765146286225388,83435569
2013-02-07 05:30:00+05:30,19.132999420166016,19.253144399286448,18.924105461700346,19.027935274029737,114033831
2013-02-08 05:30:00+05:30,19.415313720703125,19.447451832477086,19.271684228239252,19.285774942537884,121256803
2013-02-11 05:30:00+05:30,19.342384338378906,19.356723054222005,19.12805328801439,19.24300723107076,87037018
2013-02-12 05:30:00+05:30,19.299863815307617,19.477857746779943,19.266985485081285,19.325822683509582,74638720
2013-02-13 05:30:00+05:30,19.353261947631836,19.414817708828735,19.281818265760435,19.285773055400302,48107646
2013-02-14 05:30:00+05:30,19.475879669189453,19.498623969568886,19.227430276431395,19.275885442754984,69672173
2013-02-15 05:30:00+05:30,19.601215362548828,19.61036306172087,19.457337881303772,19.465495463202018,109601278
2013-02-19 05:30:00+05:30,19.946325302124023,19.950033982335377,19.660300676778448,19.67785206740604,117711564
2013-02-20 05:30:00+05:30,19.59058380126953,19.998731691643236,19.574020636157286,19.90800439425618,110982436
2013-02-21 05:30:00+05:30,19.666481018066406,19.911715854262155,19.559932655300784,19.72754267106906,140781714
2013-02-22 05:30:00+05:30,19.769813537597656,19.807882880422255,19.623709726742398,19.75868749812378,82463941
2013-02-25 05:30:00+05:30,19.548805236816406,19.98488842937573,19.541883882378787,19.83383971315188,92501423
2013-02-26 05:30:00+05:30,19.53298568725586,19.67686507145995,19.391334540357143,19.653378655138425,88430220
2013-02-27 05:30:00+05:30,19.77154541015625,19.89440892756911,19.55721247553635,19.648431996993093,81347773
2013-02-28 05:30:00+05:30,19.806650161743164,19.949787432719468,19.80244926231061,19.804177708088854,90971711
2013-03-01 05:30:00+05:30,19.930007934570312,19.953492455910304,19.681806550428476,19.722596352668816,87342157
2013-03-04 05:30:00+05:30,20.308490753173828,20.34161708655915,19.900590826465926,19.90800629382621,111440145
2013-03-05 05:30:00+05:30,20.73122215270996,20.769541393207515,20.49142636210562,20.49216847673805,162370331
2013-03-06 05:30:00+05:30,20.552738189697266,20.864719806573618,20.489204083308294,20.791297778919166,115350748
2013-03-07 05:30:00+05:30,20.582895278930664,20.682274270186902,20.508237034194483,20.618988174657797,82415761
2013-03-08 05:30:00+05:30,20.556196212768555,20.640248265544752,20.396249688535423,20.62986434037971,116912581
2013-03-11 05:30:00+05:30,20.637779235839844,20.758418316420812,20.555703617556194,20.560402415465962,64027093
2013-03-12 05:30:00+05:30,20.459537506103516,20.565343749019416,20.36213495465291,20.53617409862581,80633104
2013-03-13 05:30:00+05:30,20.402677536010742,20.535676973794732,20.32851340102451,20.466705748119725,65898080
2013-03-14 05:30:00+05:30,20.309478759765625,20.444210435906516,20.206887085674023,20.444210435906516,66295564
2013-03-15 05:30:00+05:30,20.13050079345703,20.278827194347603,20.10676826641056,20.234328706135464,124452737
2013-03-18 05:30:00+05:30,19.96956443786621,20.092429867807613,19.813326561098812,19.900593199905884,73807616
2013-03-19 05:30:00+05:30,20.05683135986328,20.25287082335993,19.936438382020206,20.05485491131675,84242583
2013-03-20 05:30:00+05:30,20.140634536743164,20.20985187559927,20.059795151958564,20.193042599528393,58771467
2013-03-21 05:30:00+05:30,20.05534553527832,20.19526633050705,20.02048697133419,20.056085756779552,59325536
2013-03-22 05:30:00+05:30,20.031856536865234,20.153731814198082,20.01529337298085,20.141371441926836,59751126
2013-03-25 05:30:00+05:30,20.015296936035156,20.252374181356643,19.945583591029457,20.083774054278724,68736680
2013-03-26 05:30:00+05:30,20.08401870727539,20.1230781656252,19.96955889475942,20.110717793215066,47854701
2013-03-27 05:30:00+05:30,19.842744827270508,19.950035305862595,19.809864601551254,19.942121939700314,86852328
2013-03-28 05:30:00+05:30,19.63335418701172,19.909738902701612,19.611353893974893,19.875622451379297,91855009
2013-04-01 05:30:00+05:30,19.80640411376953,19.832609093546886,19.61011666121531,19.653626923476757,72562968
2013-04-02 05:30:00+05:30,20.099349975585938,20.143602352265546,19.87587121376686,19.889219813038213,81966082
2013-04-03 05:30:00+05:30,19.93025779724121,20.128027586460902,19.79354776920413,20.109732186588992,69800653
2013-04-04 05:30:00+05:30,19.655109405517578,19.919131867358832,19.56191153244833,19.88205074160354,98270968
2013-04-05 05:30:00+05:30,19.35795783996582,19.455360384884088,19.193562411529133,19.432368083464606,137870844
2013-04-08 05:30:00+05:30,19.155242919921875,19.271433079559873,18.995792400230957,19.251657239504173,113708616
2013-04-09 05:30:00+05:30,19.224464416503906,19.375263245770896,19.112229044046515,19.171312349081898,86615444
2013-04-10 05:30:00+05:30,19.534221649169922,19.58786593575417,19.183674713481793,19.35474538925157,79440651
2013-04-11 05:30:00+05:30,19.539411544799805,19.606406318401508,19.382925702391553,19.600967299961425,81452163
2013-04-12 05:30:00+05:30,19.531007766723633,19.581687382839757,19.354992178064816,19.578966926793477,65713390
2013-04-15 05:30:00+05:30,19.330272674560547,19.70282183176639,19.208891483820207,19.42965167865817,98491793
2013-04-16 05:30:00+05:30,19.613082885742188,19.678099328802137,19.379468202295843,19.445472869543465,69941178
2013-04-17 05:30:00+05:30,19.345849990844727,19.55054115553245,19.23559293463588,19.44943180014093,81785407
2013-04-18 05:30:00+05:30,18.934236526489258,19.42594235936351,18.819282594206157,19.41481631960745,133398142
2013-04-19 05:30:00+05:30,19.773771286010742,19.86202614151746,18.942890574190578,19.014582262447988,232998073
2013-04-22 05:30:00+05:30,19.77970314025879,19.874879345142517,19.15895262611749,19.791817404790176,115768308
2013-04-23 05:30:00+05:30,19.97228240966797,20.16016426400923,19.78588289153127,19.80170583661137,92035684
2013-04-24 05:30:00+05:30,20.109485626220703,20.221967120324244,19.97475583591747,19.977474398999732,73438237
2013-04-25 05:30:00+05:30,20.00194549560547,20.184142215275838,19.965606488601388,20.178703196410368,79986690
2013-04-26 05:30:00+05:30,19.812088012695312,19.96832587115536,19.692437165341786,19.96486708665305,99880980
2013-04-29 05:30:00+05:30,20.248170852661133,20.3381560424026,19.851147078113023,19.857328211759953,92376959
2013-04-30 05:30:00+05:30,20.38438606262207,20.46028054389079,20.21405559120325,20.246687813848585,92613843
2013-05-01 05:30:00+05:30,20.282039642333984,20.388091995047553,20.18142441554186,20.352000989279308,58418148
2013-05-02 05:30:00+05:30,20.50897979736328,20.631101197745984,20.247923935119296,20.27388090910115,81034603
2013-05-03 05:30:00+05:30,20.90723991394043,20.933939005145366,20.66694998624577,20.690682511761267,100880714
2013-05-06 05:30:00+05:30,21.29857635498047,21.305993715662563,20.970031576467687,20.970031576467687,85973045
2013-05-07 05:30:00+05:30,21.19178009033203,21.355929425618246,21.029609096533516,21.33466935393702,78653713
2013-05-08 05:30:00+05:30,21.597206115722656,21.603385355544255,21.084982347091877,21.186091673192372,99102072
2013-05-09 05:30:00+05:30,21.544057846069336,21.74627651611647,21.463712576102285,21.528234901526815,88353936
2013-05-10 05:30:00+05:30,21.760366439819336,21.768029909212242,21.56086633986271,21.63873915359981,76192522
2013-05-13 05:30:00+05:30,21.693622589111328,21.81574589696937,21.591030907829392,21.727243036563596,58157173
2013-05-14 05:30:00+05:30,21.930204391479492,21.969509965400288,21.683981342440912,21.69287914599682,63408784
2013-05-15 05:30:00+05:30,22.64192771911621,22.65404009051878,22.10127447206524,22.137861482025556,160033605
2013-05-16 05:30:00+05:30,22.34477424621582,22.74303419290397,22.29879343352402,22.718807559998133,128865215
2013-05-17 05:30:00+05:30,22.47604751586914,22.582595868256398,22.261960693856153,22.49681347378275,112098604
2013-05-20 05:30:00+05:30,22.45998191833496,22.75836695145538,22.372715281149457,22.372715281149457,91248746
2013-05-21 05:30:00+05:30,22.421415328979492,22.537357501125577,22.190025096780627,22.44737230565103,79617311
2013-05-22 05:30:00+05:30,21.987558364868164,22.47926237070568,21.924766372993517,22.312394469722587,102807910
2013-05-23 05:30:00+05:30,21.82365608215332,22.00090791735611,21.606358447936937,21.680520700598898,91345105
2013-05-24 05:30:00+05:30,21.58954620361328,21.72551221988239,21.532439340890395,21.63750536666181,92216359
2013-05-28 05:30:00+05:30,21.78607749938965,22.054796828885124,21.7645694271184,21.84120601488466,90638467
2013-05-29 05:30:00+05:30,21.46569061279297,21.70499229424373,21.366311617934606,21.64862755134134,80837869
2013-05-30 05:30:00+05:30,21.526260375976562,21.72749083989415,21.41872189523095,21.505494415915678,85145956
2013-05-31 05:30:00+05:30,21.537630081176758,21.68051934431037,21.446162551355748,21.4609953795902,79071272
2013-06-03 05:30:00+05:30,21.44887924194336,21.605611202313586,21.137145659916726,21.58163256976519,99399181
2013-06-04 05:30:00+05:30,21.238006591796875,21.52205283060787,21.113656968365223,21.454315946033475,75024159
2013-06-05 05:30:00+05:30,21.25284194946289,21.493872076934526,21.18930784892684,21.32230728769201,84587872
2013-06-06 05:30:00+05:30,21.37496566772461,21.41674559074977,20.944321416052667,21.366560082594713,103550684
2013-06-07 05:30:00+05:30,21.74800682067871,21.754682066236168,21.391774749975124,21.51785283516794,107385002
2013-06-10 05:30:00+05:30,22.00733184814453,22.026615469727574,21.756906022206497,21.80659551913268,93862506
2013-06-11 05:30:00+05:30,21.749984741210938,21.927730662373133,21.742815383741572,21.852824412837784,70567517
2013-06-12 05:30:00+05:30,21.556419372558594,21.903009651328208,21.498818399073023,21.88966105262819,88522565
2013-06-13 05:30:00+05:30,21.680519104003906,21.74627765958949,21.396224810286117,21.482255213092387,83106340
2013-06-14 05:30:00+05:30,21.63206672668457,21.870874321936146,21.60957042760833,21.757156599735378,90136592
2013-06-17 05:30:00+05:30,21.909191131591797,21.987804175100884,21.71216346415857,21.735647986849244,86173794
2013-06-18 05:30:00+05:30,22.26443099975586,22.273824807142926,21.961101135065643,21.968518494465588,87000883
2013-06-19 05:30:00+05:30,22.265918731689453,22.517084796967726,22.187303796799796,22.28297601058354,117073180
2013-06-20 05:30:00+05:30,21.871862411499023,22.2738292266601,21.836511625496758,22.100534081312524,135385563
2013-06-21 05:30:00+05:30,21.777673721313477,21.99892802312418,21.583364619575264,21.960858675252496,159889066
2013-06-24 05:30:00+05:30,21.50227928161621,21.663710053222108,21.340602400543922,21.553947124360732,121128323
2013-06-25 05:30:00+05:30,21.413530349731445,21.746772033518067,21.37175232116844,21.686946608440145,102510801
2013-06-26 05:30:00+05:30,21.59770393371582,21.70524052066892,21.52156334271417,21.600176387328496,73530581
2013-06-27 05:30:00+05:30,21.682249069213867,21.87062503588244,21.671867036318602,21.725017213841316,77348840
2013-06-28 05:30:00+05:30,21.76382827758789,21.80016917835607,21.61105299361772,21.628604384064783,94324230
2013-07-01 05:30:00+05:30,21.949485778808594,22.053315572088085,21.87828820627408,21.914133101997557,69250599
2013-07-02 05:30:00+05:30,21.81178855895996,22.026615601553075,21.687192812007098,22.006837867812283,75943592
2013-07-03 05:30:00+05:30,21.913639068603516,21.981375963796822,21.7176015271233,21.75221019624093,42036977
2013-07-05 05:30:00+05:30,22.08817481994629,22.135639873838727,21.936137845909606,22.00214440976625,68331166
2013-07-08 05:30:00+05:30,22.37493324279785,22.40410478094404,22.176917394661142,22.22957345034276,79075287
2013-07-09 05:30:00+05:30,22.378646850585938,22.569247274740583,22.19917057438998,22.521042002536355,79472771
2013-07-10 05:30:00+05:30,22.397186279296875,22.5245005884778,22.258499820595503,22.334394294063966,68592140
2013-07-11 05:30:00+05:30,22.74946403503418,22.763554747648527,22.459730737890922,22.57048188375305,103755449
2013-07-12 05:30:00+05:30,22.817697525024414,22.817697525024414,22.625860866941466,22.743533380623834,103113050
2013-07-15 05:30:00+05:30,22.85947608947754,22.941303706282262,22.653548712434443,22.849836170342595,78713937
2013-07-16 05:30:00+05:30,22.733890533447266,22.940558100640434,22.592731621216128,22.919794036032638,79617311
2013-07-17 05:30:00+05:30,22.707687377929688,22.913120628070054,22.65206474562073,22.768253024191836,60469809
2013-07-18 05:30:00+05:30,22.51313018798828,22.743532189088757,22.327968785889457,22.71856343735286,145924920
2013-07-19 05:30:00+05:30,22.165054321289062,22.32203428694864,21.64615526524069,21.918089168367892,295475379
2013-07-22 05:30:00+05:30,22.513626098632812,22.562327379224193,22.174945371898644,22.298552913681824,116563276
2013-07-23 05:30:00+05:30,22.343048095703125,22.570481622551746,22.238476191407646,22.513622767552192,82134711
2013-07-24 05:30:00+05:30,22.32080078125,22.503737743512783,22.266414372624556,22.42858537428401,83451629
2013-07-25 05:30:00+05:30,21.945037841796875,22.17123515980171,21.904988258910816,22.097567023718266,120493954
2013-07-26 05:30:00+05:30,21.88694190979004,22.001647848494812,21.804126077331873,21.927483710043592,71374530
2013-07-29 05:30:00+05:30,21.810800552368164,22.121051829943266,21.776685993499818,21.875816994943946,75959652
2013-07-30 05:30:00+05:30,22.024639129638672,22.140581299667918,21.77618972928339,21.889661338891234,70487217
2013-07-31 05:30:00+05:30,21.946271896362305,22.16283118625421,21.907460433903946,22.075812559265362,87265872
2013-08-01 05:30:00+05:30,22.353429794311523,22.361587375803655,22.12550026567191,22.12550026567191,85856610
2013-08-02 05:30:00+05:30,22.41152572631836,22.422155761551124,22.269378585543283,22.33414702105233,68812965
2013-08-05 05:30:00+05:30,22.37271499633789,22.38557137705601,22.22933161203088,22.382356808589012,52584363
2013-08-06 05:30:00+05:30,22.1643123626709,22.48915033393575,22.143546404452838,22.365048696679068,60469809
2013-08-07 05:30:00+05:30,22.017963409423828,22.210790172874205,21.979398056733753,22.126490109552012,55374783
2013-08-08 05:30:00+05:30,22.067655563354492,22.146268607664418,21.885458829233183,22.137615020053566,59743096
2013-08-09 05:30:00+05:30,22.01202964782715,22.13835383387249,22.001891832306104,22.015736434529334,53146462
2013-08-12 05:30:00+05:30,21.89089584350586,21.927730855258826,21.79547163795473,21.925258401882182,55286453
2013-08-13 05:30:00+05:30,21.785585403442383,21.96481367617364,21.660741643457772,21.9235297596677,57004870
2013-08-14 05:30:00+05:30,21.50277328491211,21.760368489483092,21.437262731589303,21.714387668794608,83600184
2013-08-15 05:30:00+05:30,21.251853942871094,21.381886829129268,21.21081613494199,21.37002056626542,75048249
2013-08-16 05:30:00+05:30,21.18387222290039,21.320580363624558,21.174724522573865,21.29190292890886,67255147
2013-08-19 05:30:00+05:30,21.399932861328125,21.556912831641085,21.197218181381533,21.203645424497942,72707508
2013-08-20 05:30:00+05:30,21.39424705505371,21.559630711494687,21.347770232223482,21.466678958983834,49504863
2013-08-21 05:30:00+05:30,21.490907669067383,21.678293511812576,21.420946324782633,21.523537995953916,70555472
2013-08-22 05:30:00+05:30,21.599185943603516,21.624894914973996,21.513649659033486,21.574217193720948,34926424
2013-08-23 05:30:00+05:30,21.51266098022461,21.70523974153204,21.501290723054105,21.701036949171314,43245489
2013-08-26 05:30:00+05:30,21.41822624206543,21.628604390637637,21.409820657596804,21.50746931680666,42257801
2013-08-27 05:30:00+05:30,21.016756057739258,21.352470219008367,20.96113342113174,21.250866758129266,69623993
2013-08-28 05:30:00+05:30,20.977201461791992,21.146787926631642,20.957917838053653,21.01922749393095,53395392
2013-08-29 05:30:00+05:30,21.147281646728516,21.269652953592562,20.978189297117865,20.99005555976772,59361671
2013-08-30 05:30:00+05:30,20.936410903930664,21.211805500510682,20.903284570134755,21.155440753905033,74743109
2013-09-03 05:30:00+05:30,21.269651412963867,21.41328278114693,21.110693105493215,21.120829028534935,82210996
2013-09-04 05:30:00+05:30,21.54776382446289,21.593992643353193,21.140854046231045,21.26890857502251,81954037
2013-09-05 05:30:00+05:30,21.743804931640625,21.751716404228045,21.5472713820551,21.593994316598664,51845604
2013-09-06 05:30:00+05:30,21.744300842285156,21.84812874386383,21.59992735380344,21.81500241059449,62698130
2013-09-09 05:30:00+05:30,21.95368766784668,21.995713695491553,21.814507096631953,21.846891313438707,49569103
2013-09-10 05:30:00+05:30,21.969013214111328,22.051334925461095,21.853565173417476,22.00238754603537,51697050
2013-09-11 05:30:00+05:30,22.15492057800293,22.174202308677625,21.904988835053228,21.96580248595782,64665477
2013-09-12 05:30:00+05:30,22.07754135131836,22.197190298539194,22.002140989458397,22.184829924867817,43984248
2013-09-13 05:30:00+05:30,21.97890281677246,22.14231191853343,21.87433280489901,22.113140376188618,53214717
2013-09-16 05:30:00+05:30,21.94651985168457,22.174943510394368,21.875076167615628,22.15516766843708,53660381
2013-09-17 05:30:00+05:30,21.905731201171875,21.962095950702167,21.77940510011866,21.93786931248166,50564822
2013-09-18 05:30:00+05:30,22.331180572509766,22.34724962674453,21.830576903536553,21.911662396223782,77678069
2013-09-19 05:30:00+05:30,22.20930290222168,22.397184732908215,22.135386775166623,22.397184732908215,64155573
2013-09-20 05:30:00+05:30,22.32598876953125,22.351205521989495,22.140827381323227,22.20930449492436,174463490
2013-09-23 05:30:00+05:30,21.915372848510742,22.288416124187815,21.88323473744246,22.153932441579567,71362485
2013-09-24 05:30:00+05:30,21.923776626586914,22.004368014048598,21.789294836600344,21.91537293457511,59694916
2013-09-25 05:30:00+05:30,21.68620491027832,21.916606918066265,21.645909217191328,21.916606918066265,66207234
2013-09-26 05:30:00+05:30,21.709444046020508,21.822667658734773,21.63107710823217,21.712658614455453,50584897
2013-09-27 05:30:00+05:30,21.665441513061523,21.69337493894237,21.539857525312836,21.62662815505345,50540732
2013-09-30 05:30:00+05:30,21.65357208251953,21.775449275710777,21.46569211721018,21.48472773772554,69154239
2013-10-01 05:30:00+05:30,21.927734375,21.944295650352743,21.755921555539764,21.760864569936885,67644602
2013-10-02 05:30:00+05:30,21.952205657958984,21.98607221139436,21.700789709841256,21.822170890458533,60036190
2013-10-03 05:30:00+05:30,21.658021926879883,22.103250967225982,21.559385044079495,21.952452132258706,84997401
2013-10-04 05:30:00+05:30,21.565563201904297,21.693125511725867,21.507468121666626,21.631073748928912,54523605
2013-10-07 05:30:00+05:30,21.402156829833984,21.606107731915987,21.361861140099226,21.44443086092523,51937949
2013-10-08 05:30:00+05:30,21.103771209716797,21.408089323171396,21.05333959840015,21.39177416020256,78039419
2013-10-09 05:30:00+05:30,21.157913208007812,21.32576932791256,20.839504356637153,21.168295241071114,106449509
2013-10-10 05:30:00+05:30,21.463960647583008,21.4785454723194,21.265448763859137,21.35518594939,90550137
2013-10-11 05:30:00+05:30,21.55666732788086,21.593502345204065,21.39128364702883,21.40932915173792,56567236
2013-10-14 05:30:00+05:30,21.65851593017578,21.66197850085898,21.39350527161003,21.424901265163967,49930453
2013-10-15 05:30:00+05:30,21.80437469482422,21.893865783324074,21.60635878881989,21.649867159616015,63914673
2013-10-16 05:30:00+05:30,22.200407028198242,22.20782438901305,21.853814847010636,21.899797561873047,80604999
2013-10-17 05:30:00+05:30,21.971981048583984,22.172471267991025,21.896334577879035,22.075810837007154,170902191
2013-10-18 05:30:00+05:30,25.003299713134766,25.1034208290938,24.07847903779475,24.1422592517769,464390148
2013-10-21 05:30:00+05:30,24.802812576293945,25.19093479132392,24.710106923276086,25.004537154237497,145675990
2013-10-22 05:30:00+05:30,24.89427947998047,25.042607763799207,24.617154538433077,24.844837980807398,88675135
2013-10-23 05:30:00+05:30,25.497724533081055,25.580294259220327,24.73680517652171,24.745950982941036,106927293
2013-10-24 05:30:00+05:30,25.35285758972168,25.72417049696788,25.33431608201745,25.509095444307626,83997668
2013-10-25 05:30:00+05:30,25.09699249267578,25.433694834714615,24.986735457931687,25.433694834714615,81524432
2013-10-28 05:30:00+05:30,25.092050552368164,25.300450381980134,25.04236104802295,25.096995459799476,46521724
2013-10-29 05:30:00+05:30,25.617130279541016,25.63443366889197,25.054968906366014,25.193407380072575,64440637
2013-10-30 05:30:00+05:30,25.473251342773438,25.648524822586392,25.363982527679475,25.64654648113705,53162522
2013-10-31 05:30:00+05:30,25.477205276489258,25.747654955850788,25.313798064563414,25.436415474158792,65845885
2013-11-01 05:30:00+05:30,25.389692306518555,25.61119650933511,25.341735036484888,25.50711870744932,51524405
2013-11-04 05:30:00+05:30,25.366701126098633,25.521456649545954,25.26583978873607,25.499948575634583,45722740
2013-11-05 05:30:00+05:30,25.253231048583984,25.503656889275295,25.15187560060295,25.224307507655034,47433127
2013-11-06 05:30:00+05:30,25.283639907836914,25.38870404058131,25.101197064573718,25.354095369649542,36652871
2013-11-07 05:30:00+05:30,24.917766571044922,25.31281203564414,24.910103100602466,25.28017981231988,67435822
2013-11-08 05:30:00+05:30,25.117509841918945,25.178571488772747,24.931358335951085,24.937539469360203,51825529
2013-11-11 05:30:00+05:30,24.983028411865234,25.115041530849687,24.919002087020772,24.956329320816106,44670812
2013-11-12 05:30:00+05:30,25.012447357177734,25.15533472493837,24.844837347311177,24.911584126752814,48906630
2013-11-13 05:30:00+05:30,25.523927688598633,25.533321496963556,24.8819171133996,24.888098246876314,63412799
2013-11-14 05:30:00+05:30,25.592161178588867,25.703900558870558,25.47152020797655,25.559775065065683,46842923
2013-11-15 05:30:00+05:30,25.550874710083008,25.660635737871804,25.47052944085405,25.583258927223216,51243355
2013-11-18 05:30:00+05:30,25.501182556152344,25.926141621531023,25.444077593181095,25.605012343122183,70651832
2013-11-19 05:30:00+05:30,25.34420394897461,25.580292962286215,25.291053772571335,25.50538860326317,45433661
2013-11-20 05:30:00+05:30,25.272762298583984,25.545932456029483,25.224555132040734,25.461632388522236,38692487
2013-11-21 05:30:00+05:30,25.56348419189453,25.668302218360253,25.36398406313628,25.38870481357588,43835693
2013-11-22 05:30:00+05:30,25.50959014892578,25.615396392355745,25.44358548473094,25.547413386727268,50356042
2013-11-25 05:30:00+05:30,25.85667610168457,26.036152370167706,25.586966640320288,25.63987070794221,64761837
2013-11-26 05:30:00+05:30,26.16519546508789,26.24158404985512,25.78275842921644,25.92268111323493,91794785
2013-11-27 05:30:00+05:30,26.28138542175293,26.402272485999855,26.20450272554853,26.25468633370854,45112461
2013-11-29 05:30:00+05:30,26.194366455078125,26.3681556879253,26.190905777754356,26.25790055299151,47890836
2013-12-02 05:30:00+05:30,26.068042755126953,26.361484743933815,25.97607922246111,26.29127539439709,55133884
2013-12-03 05:30:00+05:30,26.037883758544922,26.289545834217492,25.933065736355072,25.980776896346196,67295297
2013-12-04 05:30:00+05:30,26.159513473510742,26.30289685211769,25.95729289265756,25.991161342356232,47842656
2013-12-05 05:30:00+05:30,26.13874626159668,26.196099231662625,25.9842387422383,26.135285583950846,45517975
2013-12-06 05:30:00+05:30,26.44850730895996,26.451719984468504,26.206485122933003,26.44652896723549,57366220
2013-12-09 05:30:00+05:30,26.65294647216797,26.756036045482542,26.402768633552856,26.47619065804801,59526286
2013-12-10 05:30:00+05:30,26.814130783081055,27.00324887559308,26.591392243254614,26.603754511454575,74433955
2013-12-11 05:30:00+05:30,26.631933212280273,26.97877147233993,26.579523258558574,26.881864930254018,68728650
2013-12-12 05:30:00+05:30,26.450727462768555,26.771608758894786,26.42699493853059,26.688298814605062,64099363
2013-12-13 05:30:00+05:30,26.224035263061523,26.60721445159192,26.152343575238433,26.585212265215727,86820208
2013-12-16 05:30:00+05:30,26.525386810302734,26.567658950987955,26.254195002294434,26.30339039160189,64320188
2013-12-17 05:30:00+05:30,26.448257446289062,26.71771892911155,26.41167043243423,26.521433367148568,61658247
2013-12-18 05:30:00+05:30,26.816356658935547,26.821299672979407,26.180773273674166,26.49745179424136,88743390
2013-12-19 05:30:00+05:30,26.85269546508789,26.995336726414717,26.676185754671042,26.717963783431166,66877738
2013-12-20 05:30:00+05:30,27.208681106567383,27.222277707924572,26.896699496896254,26.90411496438666,130953011
2013-12-23 05:30:00+05:30,27.56664276123047,27.58394804242081,27.31992560227558,27.38716649247562,69122119
2013-12-24 05:30:00+05:30,27.486051559448242,27.57010172038458,27.393593921323845,27.563428368191854,29478078
2013-12-26 05:30:00+05:30,27.624984741210938,27.663055979674503,27.408179355826235,27.539696458564382,53712576
2013-12-27 05:30:00+05:30,27.648225784301758,27.6947007182652,27.513247991246022,27.6877793626674,63023345
2013-12-30 05:30:00+05:30,27.427217483520508,27.700139634320717,27.416339444921853,27.69618484444383,49629328
2013-12-31 05:30:00+05:30,27.70532989501953,27.71249925301623,27.348109580851222,27.495941856332166,54519590
2014-01-02 05:30:00+05:30,27.517696380615234,27.63215621421683,27.397551418328465,27.57554535738275,73129082
2014-01-03 05:30:00+05:30,27.316957473754883,27.611881779190576,27.31522713504982,27.564170623780296,66917888
2014-01-06 05:30:00+05:30,27.62152671813965,27.65959606711204,27.352559355968314,27.514978355241688,71037271
2014-01-07 05:30:00+05:30,28.15401840209961,28.174538251039113,27.71645472598673,27.811382928346127,102486711
2014-01-08 05:30:00+05:30,28.212610244750977,28.363162973836044,28.01632280545859,28.330530752632153,90036218
2014-01-09 05:30:00+05:30,27.940921783447266,28.286525716961098,27.82522762231831,28.26724398782282,83692529
2014-01-10 05:30:00+05:30,27.93943977355957,28.15945973476639,27.743400339190934,28.15945973476639,86061375
2014-01-13 05:30:00+05:30,27.76144790649414,28.35302689084728,27.6178165334834,27.847724416824033,97118665
2014-01-14 05:30:00+05:30,28.414581298828125,28.454136768975964,27.887772634450357,28.131525126021376,99676216
2014-01-15 05:30:00+05:30,28.395299911499023,28.55302200246811,28.275897064376025,28.503332501295823,78300393
2014-01-16 05:30:00+05:30,28.583179473876953,28.625453504128323,28.37997069048458,28.407163891135305,67608467
2014-01-17 05:30:00+05:30,28.44251823425293,28.69220196146803,28.286032373462916,28.598756092432655,108457005
2014-01-21 05:30:00+05:30,28.768095016479492,28.775510483475113,28.461550553285235,28.69961600903359,79492846
2014-01-22 05:30:00+05:30,28.800729751586914,28.871679325461546,28.64844667735735,28.84003532708082,63091600
2014-01-23 05:30:00+05:30,28.679100036621094,28.73818334667171,28.537447000918974,28.676627583068395,78256228
2014-01-24 05:30:00+05:30,27.782459259033203,28.51717359225293,27.761941303338702,28.454381605311127,156283602
2014-01-27 05:30:00+05:30,27.2237606048584,27.848467844910704,26.75504701257907,27.838579923669933,174796734
2014-01-28 05:30:00+05:30,27.762189865112305,27.829926764872184,27.439084095997767,27.448477905293704,88739375
2014-01-29 05:30:00+05:30,27.364425659179688,27.7310416876633,27.17901624867642,27.666025244593637,95552818
2014-01-30 05:30:00+05:30,28.068239212036133,28.490973895316305,27.867008741297237,28.30581058740091,204419353
2014-01-31 05:30:00+05:30,29.195030212402344,29.332726554083028,28.457349332667814,28.95721086879043,223486554
2014-02-03 05:30:00+05:30,28.019784927368164,29.213572999774513,27.984682144009657,29.151275119719585,183449044
2014-02-04 05:30:00+05:30,28.1367130279541,28.55301849737715,28.108283601829044,28.132510236051747,112897588
2014-02-05 05:30:00+05:30,28.261308670043945,28.44844840369579,27.886040978635634,28.26575946481401,96139007
2014-02-06 05:30:00+05:30,28.675640106201172,28.680585013435433,28.368849504350752,28.457352363575236,78155853
2014-02-07 05:30:00+05:30,29.107763290405273,29.119135439826216,28.69046958442684,28.865247045171113,105843245
2014-02-10 05:30:00+05:30,28.99627113342285,29.23037989504854,28.89961070571254,28.968333926095475,78099643
2014-02-11 05:30:00+05:30,29.422712326049805,29.46449224500213,28.978473408940843,29.175253059838568,82339476
2014-02-12 05:30:00+05:30,29.33643913269043,29.41826674793764,29.205170016395257,29.393544104263825,69238554
2014-02-13 05:30:00+05:30,29.66300392150879,29.66300392150879,29.162644480559706,29.189591572055996,73731331
2014-02-14 05:30:00+05:30,29.73469352722168,29.77400099225492,29.487482266856098,29.556947604931747,87795852
2014-02-18 05:30:00+05:30,29.9344425201416,29.98363790696373,29.66547706982295,29.700333741190956,84672187
2014-02-19 05:30:00+05:30,29.723323822021484,29.89340627790681,29.60367297912276,29.79649784151013,84459392
2014-02-20 05:30:00+05:30,29.767080307006836,29.835805425137092,29.670913984885114,29.743099780552203,68287001
2014-02-21 05:30:00+05:30,29.759172439575195,29.909477180079705,29.735687915480696,29.85855144866963,74771214
2014-02-24 05:30:00+05:30,29.97473907470703,30.163857157662445,29.791554122927867,29.797983259326887,67223027
2014-02-25 05:30:00+05:30,30.159896850585938,30.271142100197807,29.923067637217684,30.059529637873254,57763704
2014-02-26 05:30:00+05:30,30.164104461669922,30.3794256247088,30.005640262411926,30.25878466253596,79585191
2014-02-27 05:30:00+05:30,30.140371322631836,30.264472967648928,30.085984916852524,30.120101368347544,50588912
2014-02-28 05:30:00+05:30,30.052364349365234,30.263482728257827,29.819243784263456,30.168306518527952,92890878
2014-03-03 05:30:00+05:30,29.731977462768555,29.859291783705388,29.47116768694904,29.832344690111114,84507572
2014-03-04 05:30:00+05:30,30.03407096862793,30.061018062054746,29.900329405108366,30.03629541957471,58928052
2014-03-05 05:30:00+05:30,30.116886138916016,30.236042874191906,29.94754579138907,30.037530982935657,49597208
2014-03-06 05:30:00+05:30,30.150259017944336,30.31193588767199,30.125290267755954,30.216263679049646,50914126
2014-03-07 05:30:00+05:30,30.031103134155273,30.332702699951245,29.94828730219298,30.32800579563993,60831159
2014-03-10 05:30:00+05:30,29.951501846313477,30.101560470483317,29.766588441542215,30.05335330448285,48766105
2014-03-11 05:30:00+05:30,29.66522979736328,30.01948543446283,29.582412070706997,30.00588694018742,68776830
2014-03-12 05:30:00+05:30,29.8459415435791,29.859538144362556,29.274634414920147,29.57648008820269,78866507
2014-03-13 05:30:00+05:30,29.39502716064453,29.92505040518776,29.288724908593956,29.862010411402576,94175675
2014-03-14 05:30:00+05:30,28.993059158325195,29.43977243623446,28.986383912554,29.22024658565703,92099924
2014-03-17 05:30:00+05:30,29.470178604125977,29.593044019561752,29.12432855144671,29.152511871008993,86808163
2014-03-18 05:30:00+05:30,29.94383430480957,29.95050955002663,29.493908389243405,29.533709964808764,72872123
2014-03-19 05:30:00+05:30,29.64693832397461,29.961886515497955,29.52728557545722,29.95718961077711,64757822
2014-03-20 05:30:00+05:30,29.59527015686035,29.90304898663972,29.550771670660357,29.664241390607987,67640587
2014-03-21 05:30:00+05:30,29.246206283569336,29.90354577660549,29.231621457077917,29.821470157743992,128821050
2014-03-24 05:30:00+05:30,28.625455856323242,29.292187225393324,28.329293403930993,29.27463583414096,121939352
2014-03-25 05:30:00+05:30,28.644981384277344,28.919881849739856,28.355249984937675,28.824953649918314,96769361
2014-03-26 05:30:00+05:30,27.983692169189453,28.962651221925043,27.97207201652116,28.72631609669665,103586819
2014-03-27 05:30:00+05:30,27.639244079589844,28.111397453049396,27.365061133552043,28.111397453049396,262719
2014-03-28 05:30:00+05:30,27.714969635009766,28.033696512060306,27.649640829290643,27.774853742535768,824257
2014-03-31 05:30:00+05:30,27.565505981445312,28.061910669262357,27.563527639961663,28.056465970595397,216593
2014-04-01 05:30:00+05:30,28.069828033447266,28.133674509083452,27.65162178584424,27.65162178584424,158434
2014-04-02 05:30:00+05:30,28.061908721923828,29.934186361176028,27.82385273059401,29.694646140549036,2942055
2014-04-03 05:30:00+05:30,28.19751739501953,29.06560607805258,27.919868049368258,28.202962093765564,101983228
2014-04-04 05:30:00+05:30,26.881032943725586,28.594937316548826,26.874104015906184,28.44052256310907,127386783
2014-04-07 05:30:00+05:30,26.63406753540039,27.145318280506316,26.089656380851594,26.762250805722797,88033033
2014-04-08 05:30:00+05:30,27.463056564331055,27.46800525747312,26.805308228253676,26.854306727068867,63024560
2014-04-09 05:30:00+05:30,27.92036247253418,27.981236700023153,27.3665480420346,27.69665844232941,66616395
2014-04-10 05:30:00+05:30,26.772647857666016,27.962928006070214,26.72068089239683,27.962928006070214,80737057
2014-04-11 05:30:00+05:30,26.260406494140625,26.725629147532242,26.05897345294456,26.35691548911335,78496923
2014-04-14 05:30:00+05:30,26.355426788330078,26.928541849738313,26.208931088577188,26.63901491393918,51501009
2014-04-15 05:30:00+05:30,26.549436569213867,26.648915905877395,25.65957102404463,26.56824311821601,77101101
2014-04-16 05:30:00+05:30,27.544225692749023,27.56699081893623,26.725627724902978,26.874105569538035,97865955
2014-04-17 05:30:00+05:30,26.53260612487793,27.195799122526548,26.287621216985205,27.16164859818087,136190888
2014-04-21 05:30:00+05:30,26.16240882873535,26.562304520010766,26.012944659660473,26.532608573764932,51334553
2014-04-22 05:30:00+05:30,26.468765258789062,26.588535371928256,26.107472791679132,26.163400218887826,47307527
2014-04-23 05:30:00+05:30,26.079261779785156,26.42224179461442,26.04511314780347,26.418281325709568,41046384
2014-04-24 05:30:00+05:30,25.991167068481445,26.312370197511243,25.840710892957095,26.23417365109313,37663121
2014-04-25 05:30:00+05:30,25.54673194885254,25.96840457265367,25.50911884773875,25.86001606459711,42007014
2014-04-28 05:30:00+05:30,25.594738006591797,25.66649973807318,24.884528586446,25.596222235934945,66710653
2014-04-29 05:30:00+05:30,26.116878509521484,26.203984226604092,25.55366075400156,25.582366584957715,53981801
2014-04-30 05:30:00+05:30,26.065406799316406,26.131725729290338,25.860509305382212,26.1119290620317,35023895
2014-05-01 05:30:00+05:30,26.297521591186523,26.37571813572062,25.92781597695373,26.087675422953094,38110345
2014-05-02 05:30:00+05:30,26.128257751464844,26.428674077193264,26.013436339545997,26.416796457065338,33770463
2014-05-05 05:30:00+05:30,26.12232208251953,26.176269277907576,25.80112082951867,25.97434213885369,20482080
2014-05-06 05:30:00+05:30,25.49526023864746,26.072829948816022,25.491301662439064,25.994633396789325,33780490
2014-05-07 05:30:00+05:30,25.238893508911133,25.571480193344385,24.909279069849042,25.527432274203747,64486563
2014-05-08 05:30:00+05:30,25.290363311767578,25.598696815414137,25.065173156189083,25.16465249292875,40426688
2014-05-09 05:30:00+05:30,25.67293357849121,25.730839345320568,24.95381691645619,25.277988495141848,48789585
2014-05-12 05:30:00+05:30,26.22675132751465,26.240113179095086,25.6867947023565,25.90950863599576,38250730
2014-05-13 05:30:00+05:30,26.383638381958008,26.53112420883938,26.20645850213222,26.274757663628908,33068541
2014-05-14 05:30:00+05:30,26.064910888671875,26.379183196360838,25.997601846007054,26.379183196360838,23835261
2014-05-15 05:30:00+05:30,25.734798431396484,26.026307505805303,25.60809939187336,26.017892455664395,34087331
2014-05-16 05:30:00+05:30,25.7669677734375,25.824873539280617,25.510105240021534,25.804580869058878,29705333
2014-05-19 05:30:00+05:30,26.174287796020508,26.21981993858265,25.616166450509407,25.720942818648016,25555972
2014-05-20 05:30:00+05:30,26.219327926635742,26.539044960603213,26.04759084113554,26.217841804030687,35695734
2014-05-21 05:30:00+05:30,26.673168182373047,26.685193469656124,26.32523943981239,26.374236048781732,23925508
2014-05-22 05:30:00+05:30,26.976055145263672,27.10176405824577,26.76422875475616,26.78155107266505,32316482
2014-05-23 05:30:00+05:30,27.35417366027832,27.400695918869378,26.90874584672179,27.084937494909,38643806
2014-05-27 05:30:00+05:30,28.009944915771484,28.012419262594978,27.43583776507624,27.517500676000676,42083223
2014-05-28 05:30:00+05:30,27.798612594604492,28.103481635568023,27.764958072434514,27.941643840539466,33040464
2014-05-29 05:30:00+05:30,27.71942901611328,27.913437125555326,27.651623959001324,27.881266829165348,27082150
2014-05-30 05:30:00+05:30,27.710023880004883,27.782281620849368,27.51304543158246,27.755060020147134,35422988
2014-06-02 05:30:00+05:30,27.415048599243164,27.760006971808732,27.00921599928648,27.750109585374247,28700582
2014-06-03 05:30:00+05:30,26.970117568969727,27.336358740762,26.851831681456527,27.269543807774323,37332215
2014-06-04 05:30:00+05:30,26.956262588500977,27.151754914926403,26.66376526700434,26.799867591470765,36329469
2014-06-05 05:30:00+05:30,27.413564682006836,27.46553164082849,26.945865838911313,27.042374823494566,33782496
2014-06-06 05:30:00+05:30,27.533830642700195,27.619452122956346,27.16758947958007,27.619452122956346,34735104
2014-06-09 05:30:00+05:30,27.820388793945312,27.858993904227308,27.51948020926102,27.57441562953186,29350361
2014-06-10 05:30:00+05:30,27.74268913269043,27.893639435090442,27.61153549815518,27.740708897959,27034019
2014-06-11 05:30:00+05:30,27.658056259155273,27.709527214176386,27.468996860774247,27.616482690953728,22002242
2014-06-12 05:30:00+05:30,27.28736114501953,27.615987313172905,27.144328009574526,27.581836786651227,29169867
2014-06-13 05:30:00+05:30,27.30765151977539,27.33437711297837,27.00080225656709,27.332396878474558,24410836
2014-06-16 05:30:00+05:30,26.93745231628418,27.201739794863556,26.800853995848826,27.18392336343055,34051232
2014-06-17 05:30:00+05:30,26.874601364135742,26.988926793772944,26.692470877486738,26.933495364542832,28891103
2014-06-18 05:30:00+05:30,27.3873348236084,27.396738097995538,26.92359456106564,26.966158244988733,34835379
2014-06-19 05:30:00+05:30,27.463056564331055,27.46800525747312,27.14680213174952,27.430392160554018,49136535
2014-06-20 05:30:00+05:30,27.535314559936523,27.59569467491953,27.239947244468603,27.559565806971463,90166875
2014-06-23 05:30:00+05:30,27.96044921875,27.962923565300834,27.43088604868235,27.475428072896587,30736155
2014-06-24 05:30:00+05:30,27.94411849975586,28.341341066848763,27.765452495069045,27.972328323711764,44142862
2014-06-25 05:30:00+05:30,28.63848876953125,28.70332346550341,27.973813394101413,27.975791735482872,39387843
2014-06-26 05:30:00+05:30,28.507335662841797,28.826558562137034,28.301944067596043,28.754796830309935,34839390
2014-06-27 05:30:00+05:30,28.568706512451172,28.698870021611334,28.39845366477053,28.565738053686527,44738493
2014-06-30 05:30:00+05:30,28.47170639038086,28.68402504708881,28.44547490508563,28.63898890363556,26275943
2014-07-01 05:30:00+05:30,28.83745002746582,28.92306962110258,28.539508002370535,28.62215913709378,28959290
2014-07-02 05:30:00+05:30,28.82086753845215,28.974540176398552,28.72460466416761,28.871102264874825,21127848
2014-07-03 05:30:00+05:30,28.93939971923828,28.95325757489269,28.75083633170471,28.871102451398347,14283107
2014-07-07 05:30:00+05:30,28.81665802001953,29.023535728702132,28.685010290084783,28.89139199357256,21292298
2014-07-08 05:30:00+05:30,28.264333724975586,28.681945547077735,28.019100770776884,28.58949546651898,38190565
2014-07-09 05:30:00+05:30,28.511295318603516,28.54296960502116,28.179501914888515,28.288581410125598,22335153
2014-07-10 05:30:00+05:30,28.26482391357422,28.536534424082646,27.963419351538683,28.007961375404143,27134293
2014-07-11 05:30:00+05:30,28.66472053527832,28.74737166340107,28.28066294196489,28.304914189187677,32434806
2014-07-14 05:30:00+05:30,28.94632911682129,28.963157324596025,28.60780555137639,28.83398393356375,37081529
2014-07-15 05:30:00+05:30,28.94187355041504,28.99260428147479,28.535050836719765,28.989387820226497,32460877
2014-07-16 05:30:00+05:30,28.836952209472656,29.121036360047352,28.8141851912011,29.101239693652406,27942506
2014-07-17 05:30:00+05:30,28.39499282836914,28.75430320187015,28.14159282940455,28.682045458853807,60331186
2014-07-18 05:30:00+05:30,29.451642990112305,29.536768466928038,28.80428801857373,29.348699188203955,80283816
2014-07-21 05:30:00+05:30,29.17399024963379,29.417985051377244,28.964293639453118,29.286833325545434,41242922
2014-07-22 05:30:00+05:30,29.434814453125,29.677819147484275,29.229916968899396,29.235857672630303,33983045
2014-07-23 05:30:00+05:30,29.496185302734375,29.588735713619915,29.323952219682972,29.360082982293697,24663528
2014-07-24 05:30:00+05:30,29.366024017333984,29.670398974644343,29.28782556863385,29.519448669431895,20702684
2014-07-25 05:30:00+05:30,29.15172004699707,29.292276944015562,29.053230828726612,29.220019207529578,18649061
2014-07-28 05:30:00+05:30,29.229915618896484,29.323950252863806,28.940538236216955,29.104702704105186,19736037
2014-07-29 05:30:00+05:30,28.982952117919922,29.18537335131021,28.879266208138556,29.13835698129396,26997920
2014-07-30 05:30:00+05:30,29.072532653808594,29.175476450664192,28.90326993263484,29.02947485886434,20329662
2014-07-31 05:30:00+05:30,28.28957176208496,28.885949909446936,28.21038509350987,28.734999612544506,42055146
2014-08-01 05:30:00+05:30,28.015880584716797,28.50535631066324,27.856517143328265,28.230181334764893,39105069
2014-08-04 05:30:00+05:30,28.366287231445312,28.47516795897599,27.91838501442985,28.162875852274325,28546159
2014-08-05 05:30:00+05:30,27.96639060974121,28.308380547206898,27.84464025341804,28.21286167441242,31024946
2014-08-06 05:30:00+05:30,28.030925750732422,28.245029615558124,27.715464547596085,27.803560372713235,26687069
2014-08-07 05:30:00+05:30,27.881755828857422,28.204939176726118,27.769904766490523,28.111398656913845,22218835
2014-08-08 05:30:00+05:30,28.149507522583008,28.22275537163873,27.732785551530444,27.89165487506972,29895854
2014-08-11 05:30:00+05:30,28.10546112060547,28.234634507310837,28.012416601761007,28.209889148276574,24294518
2014-08-12 05:30:00+05:30,27.850582122802734,28.007471238994224,27.759021822393848,27.93917207106247,30840441
2014-08-13 05:30:00+05:30,28.44695472717285,28.457844123827076,28.00004268103773,28.077251002273684,28784812
2014-08-14 05:30:00+05:30,28.440519332885742,28.601366990660626,28.253934308169374,28.516241525083284,19709966
2014-08-15 05:30:00+05:30,28.382619857788086,28.674621188706023,28.236122240485145,28.599393091853138,30383189
2014-08-18 05:30:00+05:30,28.812206268310547,28.928511917677433,28.507335340201262,28.51278003862365,25682318
2014-08-19 05:30:00+05:30,29.044816970825195,29.06857410542184,28.90326995994611,28.95276257049356,19573592
2014-08-20 05:30:00+05:30,28.927518844604492,29.03689555503943,28.832494100276126,28.996314003072605,20734771
2014-08-21 05:30:00+05:30,28.87209129333496,28.928016829215643,28.761724450954137,28.89436419979162,18296094
2014-08-22 05:30:00+05:30,28.832002639770508,28.964443602337276,28.73697788670329,28.882979480146666,15781209
2014-08-25 05:30:00+05:30,28.71520233154297,28.952764225339543,28.655812331381256,28.938906369320172,27228551
2014-08-26 05:30:00+05:30,28.599390029907227,28.794388233154717,28.53604145534491,28.76766263913475,32793789
2014-08-27 05:30:00+05:30,28.25987434387207,28.6305681698877,28.215479987052806,28.57018805831441,34067276
2014-08-28 05:30:00+05:30,28.170791625976562,28.37123453636523,28.066859597250787,28.188609951526516,25858801
2014-08-29 05:30:00+05:30,28.28957176208496,28.311348663888044,28.065326278691348,28.276209911009058,21675347
2014-09-02 05:30:00+05:30,28.57316017150879,28.597905530730934,28.269279360484266,28.3019437647394,31568434
2014-09-03 05:30:00+05:30,28.603349685668945,28.853283299197663,28.457844098619987,28.705301472438844,24302540
2014-09-04 05:30:00+05:30,28.80329704284668,29.002253819636948,28.66669872257297,28.705301937206965,29163850
2014-09-05 05:30:00+05:30,29.006214141845703,29.02947527155029,28.801812667679968,28.902282119411257,32647388
2014-09-08 05:30:00+05:30,29.186363220214844,29.28782089206797,29.017100503297314,29.031948475389118,28620362
2014-09-09 05:30:00+05:30,28.755290985107422,29.150730198017964,28.705302367693022,29.14578150474316,25744488
2014-09-10 05:30:00+05:30,28.85873031616211,28.87852698338416,28.553859369162833,28.77954364727392,19547521
2014-09-11 05:30:00+05:30,28.77211570739746,28.79488272424125,28.520201865443724,28.72311910312887,24420864
2014-09-12 05:30:00+05:30,28.48853302001953,28.78647506459635,28.43112324805636,28.75480077293218,32033708
2014-09-15 05:30:00+05:30,28.36380958557129,28.455369874441843,28.121793122734594,28.35589054065471,31951483
2014-09-16 05:30:00+05:30,28.70282745361328,28.779541663604583,28.342032887058497,28.34698158023547,29607064
2014-09-17 05:30:00+05:30,28.941381454467773,29.07748377828812,28.644677555553518,28.70579978927721,33856699
2014-09-18 05:30:00+05:30,29.164094924926758,29.177456775849173,28.952764511690937,29.051747846272765,28891103
2014-09-19 05:30:00+05:30,29.50113296508789,29.520929631130112,29.175477146090916,29.274460476302036,74732617
2014-09-22 05:30:00+05:30,29.070056915283203,29.395663489036597,28.87654295675069,29.38927978882556,33790518
2014-09-23 05:30:00+05:30,28.76123046875,29.044324506569183,28.754797545972142,29.044324506569183,29428575
2014-09-24 05:30:00+05:30,29.100746154785156,29.181913061828432,28.73104238462267,28.77756464925115,34562632
2014-09-25 05:30:00+05:30,28.460811614990234,29.100247490702184,28.417259709302655,29.078966596469016,38519466
2014-09-26 05:30:00+05:30,28.561777114868164,28.668185379562765,28.441016882364394,28.510306161063177,28873054
2014-09-29 05:30:00+05:30,28.525156021118164,28.615724308337672,28.268291560870885,28.29699739153789,25648224
2014-09-30 05:30:00+05:30,28.574642181396484,28.697876749023415,28.351434174223616,28.553361287707347,32434806
2014-10-01 05:30:00+05:30,28.124765396118164,28.585535330577976,28.06240504293269,28.507832891715054,28909153
2014-10-02 05:30:00+05:30,28.214344024658203,28.30491419786202,27.87977904296319,28.077251591545302,23568530
2014-10-03 05:30:00+05:30,28.47170639038086,28.567967384376715,28.334117933625556,28.361339536329087,22834521
2014-10-06 05:30:00+05:30,28.57415008544922,28.75479631798948,28.4301287259948,28.645913709147397,24292512
2014-10-07 05:30:00+05:30,27.900564193725586,28.47120683733513,27.900564193725586,28.428149040913947,38226664
2014-10-08 05:30:00+05:30,28.33411407470703,28.40241323507864,27.591240254018523,27.991135936663305,39817018
2014-10-09 05:30:00+05:30,27.75901985168457,28.284128473848554,27.668943787170136,28.26878638837514,50496258
2014-10-10 05:30:00+05:30,26.947847366333008,27.969360694351195,26.926070464474922,27.602625399450496,61638766
2014-10-13 05:30:00+05:30,26.389577865600586,27.195802187286244,26.384135060092614,26.972592260116947,51633371
2014-10-14 05:30:00+05:30,26.623676300048828,27.08147589473474,26.387598625189003,26.67118868091151,44451708
2014-10-15 05:30:00+05:30,26.232192993164062,26.369285423075027,25.651652981985617,26.28069359334205,74387672
2014-10-16 05:30:00+05:30,25.958999633789062,26.20250035526282,25.488332287845758,25.68629896885298,74171079
2014-10-17 05:30:00+05:30,25.298778533935547,26.279212440961928,25.168119011143347,26.09460761336129,110787334
2014-10-20 05:30:00+05:30,25.777362823486328,25.822896859831506,25.146836067166017,25.213650999177094,52150788
2014-10-21 05:30:00+05:30,26.059467315673828,26.071840942322194,25.691741911729714,25.99265238218227,46725935
2014-10-22 05:30:00+05:30,26.36483383178711,26.7157310472528,26.171319841733254,26.225267039492696,58385859
2014-10-23 05:30:00+05:30,26.922605514526367,27.082957179421665,26.520235496972308,26.69197256360643,46976621
2014-10-24 05:30:00+05:30,26.714740753173828,26.967148721954974,26.517266308961016,26.941413245062737,39462046
2014-10-27 05:30:00+05:30,26.76373863220215,26.94388887215873,26.578637805569723,26.578637805569723,23706909
2014-10-28 05:30:00+05:30,27.166105270385742,27.170063846354708,26.805804810671933,26.874103971471726,25419598
2014-10-29 05:30:00+05:30,27.187389373779297,27.42792164087904,27.071083709815372,27.220549787387046,35410955
2014-10-30 05:30:00+05:30,27.235891342163086,27.359125932345393,26.899346091426334,27.168582292015735,29113713
2014-10-31 05:30:00+05:30,27.669933319091797,27.694184566717237,27.45563255963011,27.683295169657008,40701440
2014-11-03 05:30:00+05:30,27.47889518737793,27.61153303957653,27.3804059689317,27.49275304296432,27645693
2014-11-04 05:30:00+05:30,27.423959732055664,27.49275490257699,27.185903717515508,27.369024311207873,24884132
2014-11-05 05:30:00+05:30,27.018619537353516,27.557091887354975,26.926069128909596,27.557091887354975,40645286
2014-11-06 05:30:00+05:30,26.826589584350586,27.06637779728334,26.773632512478677,26.997830639011504,26665008
2014-11-07 05:30:00+05:30,26.775615692138672,27.032972361041363,26.659804149900104,27.032972361041363,32675465
2014-11-10 05:30:00+05:30,27.096323013305664,27.200256934770962,26.776109984555116,26.79788688616924,22692131
2014-11-11 05:30:00+05:30,27.23489761352539,27.316560515088334,27.037425070889796,27.14581356549252,19310873
2014-11-12 05:30:00+05:30,27.087413787841797,27.243312776528988,26.981501525129378,27.239850205637918,22593862
2014-11-13 05:30:00+05:30,26.991893768310547,27.2106491056552,26.897859131126566,27.2106491056552,26787343
2014-11-14 05:30:00+05:30,26.94339370727539,27.056234903457817,26.832036740567116,27.056234903457817,25790614
2014-11-17 05:30:00+05:30,26.552900314331055,26.913200766927833,26.431695195127386,26.90280737542122,34520517
2014-11-18 05:30:00+05:30,26.47965431213379,26.821642352190974,26.43709062587286,26.60189877903059,39253475
2014-11-19 05:30:00+05:30,26.576658248901367,26.638520701448204,26.234668329301176,26.478169029227086,27844237
2014-11-20 05:30:00+05:30,26.469755172729492,26.48361302911372,26.28416212726892,26.292575284887977,31267610
2014-11-21 05:30:00+05:30,26.601896286010742,26.8315391177931,26.55537402794229,26.805307637049363,44485801
2014-11-24 05:30:00+05:30,26.689495086669922,26.859253804094788,26.508850759507204,26.609318311364238,34127440
2014-11-25 05:30:00+05:30,26.77907943725586,26.92260668784539,26.65643741404522,26.676135636568556,35798014
2014-11-26 05:30:00+05:30,26.743942260742188,26.802342145815018,26.57923254857312,26.769181733894126,30459397
2014-11-28 05:30:00+05:30,26.81620216369629,26.824615322091688,26.55735934309119,26.756316151202682,22966883
2014-12-01 05:30:00+05:30,26.41877555847168,26.795410094965384,26.3227625843339,26.671185405775134,42307838
2014-12-02 05:30:00+05:30,26.416303634643555,26.50291523590655,26.220811311556766,26.40442601308456,30533600
2014-12-03 05:30:00+05:30,26.296037673950195,26.52746196415521,26.19408399378282,26.30197648433912,25559983
2014-12-04 05:30:00+05:30,26.59249496459961,26.593981087138282,26.160924979369636,26.28812003033227,27842232
2014-12-05 05:30:00+05:30,25.99611473083496,26.373739383999627,25.94761413179739,26.28019886335298,51312493
2014-12-08 05:30:00+05:30,26.08124351501465,26.280200294444658,25.923364297363943,26.088666554914024,46587556
2014-12-09 05:30:00+05:30,26.397497177124023,26.438080628550374,25.76053747428999,25.841702483992933,37426473
2014-12-10 05:30:00+05:30,26.03571128845215,26.543991685785944,26.010964035900983,26.38314400995174,34245764
2014-12-11 05:30:00+05:30,26.14855194091797,26.424717037264593,26.08718170915765,26.121826347502157,32216207
2014-12-12 05:30:00+05:30,25.669469833374023,26.156471222829758,25.669469833374023,25.90950606423605,39891221
2014-12-15 05:30:00+05:30,25.428939819335938,25.889213727936987,25.402708337398277,25.871397296317806,56268061
2014-12-16 05:30:00+05:30,24.517791748046875,25.391819139913284,24.201539222290503,25.318077178576555,79285081
2014-12-17 05:30:00+05:30,24.98796844482422,25.092396482037596,24.588074622075247,24.597477897230497,57663883
2014-12-18 05:30:00+05:30,25.295310974121094,25.432403403306495,24.97856243301364,25.386871261977515,58534266
2014-12-19 05:30:00+05:30,25.555147171020508,25.622950333161143,25.087991619073403,25.315605026421405,73804074
2014-12-22 05:30:00+05:30,25.976816177368164,26.055508732256172,25.541781727974794,25.541781727974794,54475152
2014-12-23 05:30:00+05:30,26.259910583496094,26.456393024279,26.047094046601238,26.082234692409074,43952341
2014-12-24 05:30:00+05:30,26.16983413696289,26.31776675004812,26.083222536795898,26.255949731900515,14118657
2014-12-26 05:30:00+05:30,26.430156707763672,26.44104610318022,26.097572005401346,26.169829732150088,20810980
2014-12-29 05:30:00+05:30,26.247041702270508,26.50192592722897,26.23125472598701,26.339098005035986,45570772
2014-12-30 05:30:00+05:30,26.251493453979492,26.287622321099978,26.08866554933866,26.136177925052493,17525986
2014-12-31 05:30:00+05:30,26.05253791809082,26.3593890868718,26.022841971929864,26.2925741545845,27364925
2015-01-02 05:30:00+05:30,25.973844528198242,26.293563425180242,25.93870577778741,26.18171046518221,28951268
2015-01-05 05:30:00+05:30,25.432405471801758,25.950091061729747,25.392318025497744,25.89713398331359,41196796
2015-01-06 05:30:00+05:30,24.84295654296875,25.54648508105989,24.79792040265087,25.48833130585771,57998800
2015-01-07 05:30:00+05:30,24.80039405822754,25.104471768776605,24.72863043119614,25.09239536661254,41301082
2015-01-08 05:30:00+05:30,24.878589630126953,24.91818296214316,24.30052395365088,24.64647244330592,67071641
2015-01-09 05:30:00+05:30,24.556398391723633,24.989450699342946,24.48809923107024,24.981533547421982,41427428
2015-01-12 05:30:00+05:30,24.377235412597656,24.546795356039752,24.13027026168035,24.495521292419074,46535413
2015-01-13 05:30:00+05:30,24.556894302368164,24.893437650746673,24.369319126152455,24.688542046929324,47409807
2015-01-14 05:30:00+05:30,24.789011001586914,24.905810769814128,24.39950868840014,24.48117159689095,44714427
2015-01-15 05:30:00+05:30,24.834543228149414,25.02706709466939,24.635090433447488,25.02162239591221,54316718
2015-01-16 05:30:00+05:30,25.145845413208008,25.151290111600403,24.74594973326353,24.746445738471735,45965854
2015-01-20 05:30:00+05:30,25.087446212768555,25.364599542689763,25.04369552317936,25.290363463466,44640224
2015-01-21 05:30:00+05:30,25.6387882232666,25.700158461709435,25.052803445681647,25.10477040885701,45374234
2015-01-22 05:30:00+05:30,26.44797706604004,26.543991939021335,25.720943216827767,25.809037151493435,53538588
2015-01-23 05:30:00+05:30,26.72315216064453,26.83302488981985,26.37918389838782,26.507369064617308,45634948
2015-01-26 05:30:00+05:30,26.488561630249023,26.676136802874257,26.214378641824,26.652875671617547,30874534
2015-01-27 05:30:00+05:30,25.667985916137695,26.265354151354362,25.646209015409116,26.229223389778692,38080263
2015-01-28 05:30:00+05:30,25.24087142944336,25.88377183057916,25.24087142944336,25.873378438482636,33676205
2015-01-29 05:30:00+05:30,25.273534774780273,25.294815670163764,24.80534182429587,25.290362982151844,83727244
2015-01-30 05:30:00+05:30,26.45441436767578,26.719195988072347,25.514067895290815,25.53089610449343,112127002
2015-02-02 05:30:00+05:30,26.155481338500977,26.3791834761452,25.66402536353375,26.316329013940756,56996054
2015-02-03 05:30:00+05:30,26.193096160888672,26.398981880542436,25.897134373989626,26.131725923984714,40773638
2015-02-04 05:30:00+05:30,25.87238883972168,26.362953170210506,25.798646869401445,26.193095985442792,33273101
2015-02-05 05:30:00+05:30,26.110937118530273,26.156471153875355,25.83922660153243,25.923363851359532,36995292
2015-02-06 05:30:00+05:30,26.280202865600586,26.587052168523982,26.05303434739834,26.1139104744979,35270570
2015-02-09 05:30:00+05:30,26.123310089111328,26.329691792860846,26.033730036292727,26.13172324593803,25355423
2015-02-10 05:30:00+05:30,26.574180603027344,26.611795592304738,26.078271960105003,26.196061834675948,34997823
2015-02-11 05:30:00+05:30,26.526174545288086,26.64891500803467,26.39789094044134,26.493014136467572,27555446
2015-02-12 05:30:00+05:30,26.870637893676758,26.964178420056157,26.461984493884586,26.58952598876781,32404724
2015-02-13 05:30:00+05:30,27.171550750732422,27.216092777551133,26.880537667574256,26.89142706481419,38006060
2015-02-17 05:30:00+05:30,26.866188049316406,27.22054973969302,26.779576441649333,27.063660621647433,32336537
2015-02-18 05:30:00+05:30,26.71078109741211,26.99733960218584,26.60239259488307,26.794918351667746,29061570
2015-02-19 05:30:00+05:30,26.8676700592041,26.879547680660078,26.62713970554673,26.62862393494129,19782163
2015-02-20 05:30:00+05:30,26.673662185668945,26.91122408248286,26.517761303470866,26.880538018128902,28887092
2015-02-23 05:30:00+05:30,26.325239181518555,26.549388111044102,26.201508593790507,26.530134778161713,29157834
2015-02-24 05:30:00+05:30,26.532115936279297,26.566760577774996,26.144099737827094,26.230709448416533,20101036
2015-02-25 05:30:00+05:30,26.917160034179688,27.033465676930266,26.50019005896849,26.52270907289407,36519991
2015-02-26 05:30:00+05:30,27.491762161254883,27.524428460156592,26.79986704340472,26.884498409739233,46230579
2015-02-27 05:30:00+05:30,27.63627815246582,27.948572119288958,27.36407162955321,27.43039244821075,48203982
2015-03-02 05:30:00+05:30,28.276702880859375,28.316790322933638,27.653599205083474,27.741695027018952,42592618
2015-03-03 05:30:00+05:30,28.390535354614258,28.47714505772933,28.03815205226826,28.232656139958603,34095352
2015-03-04 05:30:00+05:30,28.37717056274414,28.56226947615815,28.111894871671716,28.30293259530306,37536775
2015-03-05 05:30:00+05:30,28.474178314208984,28.601867479165016,28.379153555197554,28.45883433541097,27792094
2015-03-06 05:30:00+05:30,28.09581184387207,28.540991694475707,28.05003169585228,28.451905745200744,33182854
2015-03-09 05:30:00+05:30,28.153470993041992,28.223748497953903,27.89042162198169,28.05497987744902,21242161
2015-03-10 05:30:00+05:30,27.468503952026367,27.955503490886684,27.454646095352103,27.925809435977417,35846146
2015-03-11 05:30:00+05:30,27.278947830200195,27.623412110232028,27.25420246956148,27.4749361601002,36415706
2015-03-12 05:30:00+05:30,27.49324607849121,27.5358078677117,27.24331057565881,27.39426275185687,27792094
2015-03-13 05:30:00+05:30,27.087909698486328,27.636279452890673,26.93448505705694,27.393768864029795,34071287
2015-03-16 05:30:00+05:30,27.443754196166992,27.559565732631754,27.02257762174876,27.267562544882093,32819860
2015-03-17 05:30:00+05:30,27.262121200561523,27.408616914344403,27.121564297537436,27.30517899842508,36110871
2015-03-18 05:30:00+05:30,27.69072151184082,27.704579368331956,27.07207234275031,27.344276992712242,42690887
2015-03-19 05:30:00+05:30,27.615985870361328,27.75505663632476,27.524671694953213,27.68527325075196,23945563
2015-03-20 05:30:00+05:30,27.733280181884766,27.80059111522456,27.668447381346034,27.79712665149198,52337299
2015-03-23 05:30:00+05:30,27.65656852722168,27.832266064542157,27.509082705624692,27.73674720017304,32876014
2015-03-24 05:30:00+05:30,28.21978759765625,28.43755282343975,27.775351769814907,27.84216480966913,51665459
2015-03-25 05:30:00+05:30,27.65533447265625,28.322238130012508,27.65310812852146,28.235132415738825,43045859
2015-03-26 05:30:00+05:30,27.476421356201172,27.661024277162113,27.252715428067216,27.596189579188046,31452115
2015-03-27 05:30:00+05:30,27.138391494750977,27.481865664657267,27.12799810229777,27.3690244702723,37949906
2015-03-30 05:30:00+05:30,27.321016311645508,27.392283931872456,27.12997668288414,27.30072364007657,25750504
2015-03-31 05:30:00+05:30,27.121562957763672,27.453653590665485,27.058212490883076,27.2205462874368,31760961
2015-04-01 05:30:00+05:30,26.852327346801758,27.276966502561876,26.7008810507498,27.151257576596628,39261497
2015-04-02 05:30:00+05:30,26.504398345947266,26.76769570951711,26.42110354657176,26.76769570951711,34327989
2015-04-06 05:30:00+05:30,26.565521240234375,26.64693614401781,26.20942735017393,26.340580976596648,26488525
2015-04-07 05:30:00+05:30,26.578140258789062,26.85875994131742,26.527659422821618,26.630603222461662,26057345
2015-04-08 05:30:00+05:30,26.805309295654297,26.916172142608804,26.645451734232868,26.645451734232868,23570536
2015-04-09 05:30:00+05:30,26.76423454284668,26.822140319072158,26.502423269517287,26.77660627749321,31157308
2015-04-10 05:30:00+05:30,26.726123809814453,26.838965003197682,26.592495831709343,26.838965003197682,28189181
2015-04-13 05:30:00+05:30,26.68454933166504,26.926565806599832,26.59249492613848,26.64693623286809,32906096
2015-04-14 05:30:00+05:30,26.250009536743164,26.605361295001444,26.136278572686102,26.54003248754941,52082601
2015-04-15 05:30:00+05:30,26.35592269897461,26.464805310571272,25.89515467399501,26.166369192546135,46376979
2015-04-16 05:30:00+05:30,26.41877555847168,26.507367386252884,26.211405632844066,26.225757599815804,25997180
2015-04-17 05:30:00+05:30,25.936233520507812,26.222790138383512,25.785777334143372,26.164390253679453,43037837
2015-04-20 05:30:00+05:30,26.496976852416992,26.53211560557473,25.958504472795102,26.012945781159797,33585958
2015-04-21 05:30:00+05:30,26.42719078063965,26.695436825934873,26.41258891782806,26.602390416583564,36895018
2015-04-22 05:30:00+05:30,26.69420051574707,26.779079883507862,26.317319841801552,26.448473468203517,31871263
2015-04-23 05:30:00+05:30,27.072072982788086,27.268061319832125,26.737013858598385,26.77512296484998,83697161
2015-04-24 05:30:00+05:30,27.965896606445312,28.26680708772825,27.579364639151425,28.017367563211533,98650102
2015-04-27 05:30:00+05:30,27.561782836914062,28.08684603854636,27.454091011002113,27.959798649162074,47960000
2015-04-28 05:30:00+05:30,27.47791290283203,27.59404249900625,27.31344551233881,27.5255559111676,29820000
2015-04-29 05:30:00+05:30,27.249622344970703,27.477909682242906,27.141680634413515,27.31860492997663,33976000
2015-04-30 05:30:00+05:30,26.666994094848633,27.225306666204713,26.553346423777004,27.189573465167296,41644000
2015-05-01 05:30:00+05:30,26.694786071777344,26.77617447319808,26.40694400935465,26.721087601421647,35364000
2015-05-04 05:30:00+05:30,26.837711334228516,27.000987917259966,26.553841119734695,26.72604958272281,26160000
2015-05-05 05:30:00+05:30,26.342430114746094,26.78610113491824,26.322131762332305,26.71017068177403,27662000
2015-05-06 05:30:00+05:30,26.01587677001953,26.420838524008754,25.860293943367346,26.364263639098752,31340000
2015-05-07 05:30:00+05:30,26.337467193603516,26.474440374448026,25.893298259551123,26.004464021094545,30926000
2015-05-08 05:30:00+05:30,26.710664749145508,26.85607568343359,26.05458615261029,26.632750280638426,30552000
2015-05-11 05:30:00+05:30,26.585603713989258,26.897267272544465,26.57071598461025,26.718110942171478,18106000
2015-05-12 05:30:00+05:30,26.255083084106445,26.46198163511388,26.067490874354906,26.382130471372733,32684000
2015-05-13 05:30:00+05:30,26.28386878967285,26.517218432358497,26.23597777952342,26.33051789356233,25046000
2015-05-14 05:30:00+05:30,26.71959686279297,26.74937421236589,26.422326944849118,26.48981962013835,28078000
2015-05-15 05:30:00+05:30,26.493789672851562,26.76297093183773,26.32158121467734,26.758306211278597,39426000
2015-05-18 05:30:00+05:30,26.4168701171875,26.54193159200132,26.245653650609214,26.402478392520006,40068000
2015-05-19 05:30:00+05:30,26.667985916137695,26.831758511285642,26.453594284032864,26.50024338604702,39338000
2015-05-20 05:30:00+05:30,26.762771606445312,26.943913833789413,26.450216403848646,26.72406237782053,28616000
2015-05-21 05:30:00+05:30,26.923568725585938,26.989573390302905,26.599499357846064,26.69726539528515,29254000
2015-05-22 05:30:00+05:30,26.80446434020996,27.006944283865845,26.774686987013602,26.806448361199838,23524000
2015-05-26 05:30:00+05:30,26.41786003112793,26.74937514316359,26.29676850102373,26.705702074233525,48130000
2015-05-27 05:30:00+05:30,26.7885799407959,26.82629716035731,26.387588136863673,26.441681100500084,30500000
2015-05-28 05:30:00+05:30,26.788082122802734,26.829273269100092,26.612895749748287,26.700239987119424,20596000
2015-05-29 05:30:00+05:30,26.407440185546875,26.73101355867342,26.374686801301433,26.668482821627762,51948000
2015-06-01 05:30:00+05:30,26.500736236572266,26.639695301923947,26.29081246277373,26.639695301923947,38086000
2015-06-02 05:30:00+05:30,26.75830841064453,26.94788653177511,26.36873037910223,26.44813475836086,38780000
2015-06-03 05:30:00+05:30,26.814388275146484,26.972701034237932,26.65557951080676,26.79453859946637,34340000
2015-06-04 05:30:00+05:30,26.635231018066406,26.828283069376845,26.517117405956864,26.687837862966227,26966000
2015-06-05 05:30:00+05:30,26.467985153198242,26.66004518511544,26.427786013545905,26.61786013148103,27764000
2015-06-08 05:30:00+05:30,26.145402908325195,26.507189473244612,26.11612345686162,26.466992228131065,30412000
2015-06-09 05:30:00+05:30,26.138456344604492,26.26302180709425,25.95582608835165,26.181633409302567,29106000
2015-06-10 05:30:00+05:30,26.634735107421875,26.717613416915288,26.27046848572704,26.270964490959972,36300000
2015-06-11 05:30:00+05:30,26.531509399414062,26.74838295606894,26.452601024413564,26.720839520261684,24350000
2015-06-12 05:30:00+05:30,26.418359756469727,26.457564994972444,26.310666038884833,26.382130549399058,19116000
2015-06-15 05:30:00+05:30,26.163768768310547,26.21835963452777,26.00496000830576,26.20347001173687,32654000
2015-06-16 05:30:00+05:30,26.210912704467773,26.284859130431588,26.082377307877575,26.223320407380392,21436000
2015-06-17 05:30:00+05:30,26.26599884033203,26.351359063251145,26.059547088690273,26.27145868381711,25884000
2015-06-18 05:30:00+05:30,26.63671875,26.707189350061622,26.34192885589955,26.352350644351603,36662000
2015-06-19 05:30:00+05:30,26.634735107421875,26.7121554662033,26.452104844766655,26.660542524732264,37870000
2015-06-22 05:30:00+05:30,26.70917510986328,26.984609441042284,26.676419835974635,26.778653699142748,25006000
2015-06-23 05:30:00+05:30,26.822826385498047,26.873396203668904,26.563273651107412,26.781139226314075,23950000
2015-06-24 05:30:00+05:30,26.69180679321289,26.799002606752335,26.583618969248448,26.799002606752335,25732000
2015-06-25 05:30:00+05:30,26.56227684020996,26.843667027053474,26.56227684020996,26.742923070051955,26714000
2015-06-26 05:30:00+05:30,26.3865966796875,26.687838458911397,26.36972303570224,26.663024944750642,42182000
2015-06-29 05:30:00+05:30,25.881879806518555,26.23374058183423,25.833244794585596,26.05508027252566,38756000
2015-06-30 05:30:00+05:30,25.831758499145508,26.116622644891038,25.831262493894094,26.1052088446591,44344000
2015-07-01 05:30:00+05:30,25.89776039123535,26.08882840893672,25.718605964039845,26.04118540581094,39220000
2015-07-02 05:30:00+05:30,25.97517967224121,26.037214396153406,25.860043997065183,25.860043997065183,24718000
2015-07-06 05:30:00+05:30,25.948383331298828,26.066994843114742,25.756821186690956,25.78163470057491,25610000
2015-07-07 05:30:00+05:30,26.055578231811523,26.113147020787245,25.56724216198026,25.961782130334914,31944000
2015-07-08 05:30:00+05:30,25.64912986755371,25.942132683062187,25.613398555672163,25.858559579162065,25934000
2015-07-09 05:30:00+05:30,25.84019660949707,25.993545532802848,25.82381897023485,25.96128815268622,36846000
2015-07-10 05:30:00+05:30,26.309175491333008,26.429771012967358,26.081880166009025,26.118605374784156,39134000
2015-07-13 05:30:00+05:30,27.124067306518555,27.151858747027262,26.421835535250416,26.44565514727225,44130000
2015-07-14 05:30:00+05:30,27.846147537231445,28.081829512036155,27.13200419512346,27.134484221044758,64882000
2015-07-15 05:30:00+05:30,27.802474975585938,28.114286179245703,27.632252429961532,27.798009035696843,35692000
2015-07-16 05:30:00+05:30,28.776670455932617,28.817861606952142,28.039697570856596,28.04565341979066,95366000
2015-07-17 05:30:00+05:30,33.396026611328125,33.47235462693699,32.00992287274207,32.2084347796004,223298000
2015-07-20 05:30:00+05:30,32.90420913696289,33.1950271784508,32.407435369942036,32.716616960815635,117218000
2015-07-21 05:30:00+05:30,32.86848449707031,33.39950165845655,32.47146069257796,32.51662367432456,67544000
2015-07-22 05:30:00+05:30,32.858558654785156,33.67940195195657,32.704713720443785,32.79850793961844,78586000
2015-07-23 05:30:00+05:30,31.97418975830078,32.93448617868094,31.811409170876153,32.81736457673625,60582000
2015-07-24 05:30:00+05:30,30.945899963378906,32.16724087296572,30.894287023463715,32.109174185767735,72514000
2015-07-27 05:30:00+05:30,31.1295223236084,31.478901184976674,30.794037286989006,30.818850798500605,53508000
2015-07-28 05:30:00+05:30,31.166248321533203,31.405951369062038,30.93349502670133,31.405951369062038,34546000
2015-07-29 05:30:00+05:30,31.361286163330078,31.43225277421784,30.90073962780574,31.20595133459531,31502000
2015-07-30 05:30:00+05:30,31.3940372467041,31.524558552326717,30.870961906975865,31.2655018550058,29484000
2015-07-31 05:30:00+05:30,31.047637939453125,31.4099205306011,31.042178095736297,31.33399008268344,34122000
2015-08-03 05:30:00+05:30,31.325551986694336,31.417165285716493,31.034237901165092,31.034237901165092,26090000
2015-08-04 05:30:00+05:30,31.22827911376953,31.504209439930555,31.124557238874434,31.187087966913147,29818000
2015-08-05 05:30:00+05:30,31.949377059936523,32.151860800917675,31.42233169965578,31.480394607168137,46686000
2015-08-06 05:30:00+05:30,31.89478302001953,32.02873093491705,31.377165597688368,32.00992059935409,31452000
2015-08-07 05:30:00+05:30,31.528528213500977,31.89478071711694,31.251109860672635,31.773195078633766,28078000
2015-08-10 05:30:00+05:30,31.45061492919922,31.93250102710151,31.32748826234122,31.735975055210275,36184000
2015-08-11 05:30:00+05:30,32.79304504394531,33.49378676467264,32.469967720152965,33.21090857770177,100584000
2015-08-12 05:30:00+05:30,32.73249816894531,33.00247264743663,32.37170173604013,32.90718664648699,58734000
2015-08-13 05:30:00+05:30,32.57815933227539,32.97766317180094,32.340493300535044,32.72069079792512,36214000
2015-08-14 05:30:00+05:30,32.61140823364258,32.74713949512706,32.390068742349904,32.50669433697847,21442000
2015-08-17 05:30:00+05:30,32.797508239746094,32.82281964811765,32.319594015740954,32.59552433683077,21034000
2015-08-18 05:30:00+05:30,32.562278747558594,32.952850695986854,32.42977340693007,32.84863279963298,29122000
2015-08-19 05:30:00+05:30,32.79900360107422,33.10173341381757,32.46600232157645,32.585607745379505,42682000
2015-08-20 05:30:00+05:30,32.10073471069336,32.902722050033056,31.905698665518003,32.529021916338955,57106000
2015-08-21 05:30:00+05:30,30.39602279663086,31.76425876299522,30.388578932643277,31.750860943707295,85304000
2015-08-24 05:30:00+05:30,29.261037826538086,29.743419961269748,28.04218067400668,28.436720659276208,115406000
2015-08-25 05:30:00+05:30,28.886350631713867,30.642676865363185,28.839203627775422,30.516623375552815,70760000
2015-08-26 05:30:00+05:30,31.1970157623291,31.35036656130228,29.7295218999777,30.290316360975844,84718000
2015-08-27 05:30:00+05:30,31.643169403076172,31.939943313658883,30.868479353014166,31.73200165965795,69826000
2015-08-28 05:30:00+05:30,31.28436279296875,31.606944158690993,30.995530608595207,31.405456226288337,39574000
2015-08-31 05:30:00+05:30,30.6823787689209,31.55334693466738,30.654091324956518,31.143421320355316,43534000
2015-09-01 05:30:00+05:30,29.6669921875,30.414882865218292,29.483865924950692,29.893791520220717,74042000
2015-09-02 05:30:00+05:30,30.488330841064453,30.488330841064453,29.762277658167136,30.054087745912607,51512000
2015-09-03 05:30:00+05:30,30.086843490600586,30.754833784015112,29.916670158651982,30.620342537311277,35192000
2015-09-04 05:30:00+05:30,29.811410903930664,29.94888008320734,29.540940378895545,29.776671605176606,41780000
2015-09-08 05:30:00+05:30,30.50421142578125,30.586097718124662,29.98113419420764,30.39651961138362,45590000
2015-09-09 05:30:00+05:30,30.407936096191406,31.092800059026505,30.25309727074043,30.829773404429226,34042000
2015-09-10 05:30:00+05:30,30.836223602294922,30.97567869389314,30.343917576885275,30.426795887570243,38106000
2015-09-11 05:30:00+05:30,31.055578231811523,31.05607423703804,30.64118668970436,30.75681838142332,27470000
2015-09-14 05:30:00+05:30,30.930021286010742,31.060044704125126,30.74093916823421,31.052104834065403,34046000
2015-09-15 05:30:00+05:30,31.52058982849121,31.697264234857812,30.956817430279113,31.101730464683683,41688000
2015-09-16 05:30:00+05:30,31.562280654907227,31.66004670137702,31.380642388989088,31.53697113406654,25730000
2015-09-17 05:30:00+05:30,31.905702590942383,32.30272258871117,31.514634655854124,31.652103828718037,45494000
2015-09-18 05:30:00+05:30,31.22827911376953,31.761778109075305,31.117609380203465,31.60247336481246,102668000
2015-09-21 05:30:00+05:30,31.535478591918945,31.587587538210414,31.064016156000978,31.483865650856483,35770000
2015-09-22 05:30:00+05:30,30.902727127075195,31.14391820171928,30.542428530875462,31.116622767470066,51258000
2015-09-23 05:30:00+05:30,30.886348724365234,31.21240401837929,30.7692271198766,30.870964989226795,29418000
2015-09-24 05:30:00+05:30,31.057065963745117,31.13249850903233,30.392053628930853,30.602475312357335,44802000
2015-09-25 05:30:00+05:30,30.370712280273438,31.254088064714292,30.322573272378822,31.254088064714292,43480000
2015-09-28 05:30:00+05:30,29.523073196411133,30.501485206564695,29.249624743363746,30.289823484169325,62554000
2015-09-29 05:30:00+05:30,29.527042388916016,30.024808226466202,29.29130928761182,29.641682065989198,46190000
2015-09-30 05:30:00+05:30,30.194534301757812,30.211407944328005,29.81289805599989,29.93944753555192,48268000
2015-10-01 05:30:00+05:30,30.33696746826172,30.37666870917105,29.769225146006118,30.19205443661584,37352000
2015-10-02 05:30:00+05:30,31.112154006958008,31.133493589907726,29.932004266041517,30.133990082547374,53696000
2015-10-05 05:30:00+05:30,31.834735870361328,31.91116232378943,31.116620646340834,31.364759563946183,36072000
2015-10-06 05:30:00+05:30,32.03175735473633,32.220841368804344,31.589574359823867,31.70421404495862,43326000
2015-10-07 05:30:00+05:30,31.8789005279541,32.288278973166605,31.372200943772114,32.220341408378566,41854000
2015-10-08 05:30:00+05:30,31.7200927734375,31.982623402459307,31.04515464706674,31.82927449774736,43642000
2015-10-09 05:30:00+05:30,31.940940856933594,32.059054478146685,31.529426866821563,31.761784510886475,32974000
2015-10-12 05:30:00+05:30,32.092796325683594,32.18361449647975,31.71264810730184,31.865501002951,25504000
2015-10-13 05:30:00+05:30,32.3722038269043,32.64574880479432,31.918109167776755,31.918109167776755,36154000
2015-10-14 05:30:00+05:30,32.31562805175781,32.72406755073955,32.20099025814245,32.417365922565516,28310000
2015-10-15 05:30:00+05:30,32.84069061279297,32.90967320024922,32.47939814461891,32.489325821456845,37714000
2015-10-16 05:30:00+05:30,32.8635139465332,33.0009830983935,32.61537506597804,32.95830393790738,32222000
2015-10-19 05:30:00+05:30,33.057064056396484,33.09279536077212,32.73349072370202,32.81289320161465,29546000
2015-10-20 05:30:00+05:30,32.27195739746094,32.9885827657378,31.969973493696656,32.954835476669125,49964000
2015-10-21 05:30:00+05:30,31.891307830810547,32.54937039280615,31.847632871215268,32.464012066918336,35822000
2015-10-22 05:30:00+05:30,32.34689712524414,32.64515910826444,31.960792986105446,32.09429034560642,81420000
2015-10-23 05:30:00+05:30,34.83870315551758,36.228282634084444,34.813891535082135,36.10421317300881,133078000
2015-10-26 05:30:00+05:30,35.37369155883789,35.68982105553013,34.801979279328904,34.81637100338873,54332000
2015-10-27 05:30:00+05:30,35.16078567504883,35.41537643099847,34.965253613496905,35.10569880847668,44916000
2015-10-28 05:30:00+05:30,35.38212585449219,35.383613870094145,34.8922998942025,35.10321947975609,43578000
2015-10-29 05:30:00+05:30,35.57915115356445,35.64564992982096,35.236222231152084,35.26054163215963,29120000
2015-10-30 05:30:00+05:30,35.27592468261719,35.63274931688685,35.23820556878569,35.52009176690267,38176000
2015-11-02 05:30:00+05:30,35.78709030151367,35.81240171251794,35.02976985522646,35.28833245000141,37726000
2015-11-03 05:30:00+05:30,35.839202880859375,35.96277255171653,35.46997052509739,35.67543028178916,31308000
2015-11-04 05:30:00+05:30,36.134483337402344,36.38212624541431,35.82629750302218,35.83125755515116,34134000
2015-11-05 05:30:00+05:30,36.29031753540039,36.698753233890756,36.20197938201973,36.20197938201973,37232000
2015-11-06 05:30:00+05:30,36.41488265991211,36.4967689581934,36.07989360206134,36.30272489749993,30232000
2015-11-09 05:30:00+05:30,35.97468185424805,36.46202779081635,35.7037153477529,36.23820449639933,41396000
2015-11-10 05:30:00+05:30,36.14490509033203,36.25755884843655,35.657559170024605,35.950365040877855,32160000
2015-11-11 05:30:00+05:30,36.496273040771484,36.77418742132852,36.23969824398583,36.35036799097904,27328000
2015-11-12 05:30:00+05:30,36.28932571411133,36.615379110017145,36.161038314152194,36.27791002109212,36744000
2015-11-13 05:30:00+05:30,35.5831184387207,36.285352013492734,35.56971872545032,36.18708997370946,41510000
2015-11-16 05:30:00+05:30,36.17667007446289,36.20296970949171,35.3017320291909,35.513639842847375,38118000
2015-11-17 05:30:00+05:30,35.995033264160156,36.319848553352664,35.88222803829945,36.19304916393739,30218000
2015-11-18 05:30:00+05:30,36.72455978393555,36.79453438314148,36.079397084022325,36.108184318358276,33686000
2015-11-19 05:30:00+05:30,36.645652770996094,36.823813300356306,36.597013969615524,36.66202851566143,26542000
2015-11-20 05:30:00+05:30,37.54838180541992,37.613888569586294,36.873443665036795,37.04862816098787,44246000
2015-11-23 05:30:00+05:30,37.517616271972656,37.851511126540935,37.31116448493189,37.59057069798413,28290000
2015-11-24 05:30:00+05:30,37.13547897338867,37.48282271850297,36.606941872022865,37.32009135796941,46662000
2015-11-25 05:30:00+05:30,37.129024505615234,37.32008873086917,37.02530262803197,37.12852850043295,22442000
2015-11-27 05:30:00+05:30,37.233741760253906,37.39007049168708,37.096272586350004,37.14441159747773,16770000
2015-11-30 05:30:00+05:30,36.85359191894531,37.46549953193352,36.78758536359188,37.16177774886515,41952000
2015-12-01 05:30:00+05:30,38.066497802734375,38.16128402582052,37.05706655479201,37.07741412860622,42692000
2015-12-02 05:30:00+05:30,37.835227966308594,38.50892419896053,37.66550331433953,38.15880131732417,44608000
2015-12-03 05:30:00+05:30,37.346893310546875,38.1635186271449,37.003968153604,38.01537965435711,51812000
2015-12-04 05:30:00+05:30,38.05508041381836,38.13845472632737,37.22083749720916,37.37468241391515,55146000
2015-12-07 05:30:00+05:30,37.87840270996094,38.150365012289,37.47344286027565,38.10272200886145,36246000
2015-12-08 05:30:00+05:30,37.83473205566406,37.95532947464809,37.42927240889243,37.61240056080544,36590000
2015-12-09 05:30:00+05:30,37.300743103027344,37.927042513194294,36.57573107272121,37.6759275428107,54000000
2015-12-10 05:30:00+05:30,37.19403839111328,37.51115989903572,36.91463599801292,37.36227881954174,39768000
2015-12-11 05:30:00+05:30,36.66847610473633,37.00792916039392,36.56326621708553,36.782121866345676,44488000
2015-12-14 05:30:00+05:30,37.110172271728516,37.1578152827213,35.938956139613914,36.81339830330879,48250000
2015-12-15 05:30:00+05:30,36.893287658691406,37.62182457715883,36.87393588496243,37.36971765053585,53324000
2015-12-16 05:30:00+05:30,37.622318267822266,37.746387702872276,36.696511446800145,37.22083051500251,39866000
2015-12-17 05:30:00+05:30,37.19254684448242,37.85011340232696,37.171207262977205,37.83720969512863,31068000
2015-12-18 05:30:00+05:30,36.69031524658203,37.42580009370656,36.63274835246324,37.04763588140042,62974000
2015-12-21 05:30:00+05:30,37.110172271728516,37.22084202999825,36.724564136264945,37.028781970186685,30514000
2015-12-22 05:30:00+05:30,37.22084045410156,37.461535525275394,36.99900494167426,37.30272675745655,27308000
2015-12-23 05:30:00+05:30,37.23622131347656,37.429769365983574,36.923071635659646,37.39304604814513,31318000
2015-12-24 05:30:00+05:30,37.14143371582031,37.28783856404282,37.053099345193395,37.19850839661029,10544000
2015-12-28 05:30:00+05:30,37.841678619384766,37.865502013760775,37.1970157501463,37.365748386346645,30306000
2015-12-29 05:30:00+05:30,38.54094314575195,38.708683802076635,38.03622558833385,38.04912929825111,35300000
2015-12-30 05:30:00+05:30,38.263023376464844,38.59056859114237,38.05955141674371,38.540941560939636,25866000
2015-12-31 05:30:00+05:30,37.661537170410156,38.188582538509415,37.634737739991564,38.188582538509415,30018000
2016-01-04 05:30:00+05:30,36.815879821777344,36.92605357923204,36.290720011516626,36.873450513305926,65456000
2016-01-05 05:30:00+05:30,36.85260009765625,37.320090685894435,36.65706424292037,37.04465634333568,39014000
2016-01-06 05:30:00+05:30,36.90420913696289,37.080885425281096,36.17468017275222,36.228279022725054,38940000
2016-01-07 05:30:00+05:30,36.04912567138672,36.65011740335432,35.685353169745426,36.2436657348191,59274000
2016-01-08 05:30:00+05:30,35.45756530761719,36.38858234607419,35.384614669814454,36.30024418597788,49018000
2016-01-11 05:30:00+05:30,35.53498077392578,35.67517987021035,34.915129476160566,35.56376800869546,41812000
2016-01-12 05:30:00+05:30,36.03325271606445,36.166254080307915,35.598858076131506,35.8153852209771,40490000
2016-01-13 05:30:00+05:30,34.76723861694336,36.46351583149395,34.67046459410718,36.270463791024916,50034000
2016-01-14 05:30:00+05:30,35.469966888427734,35.82753361873415,34.19850492503122,35.00644436345509,44516000
2016-01-15 05:30:00+05:30,34.46401596069336,35.073943391421125,34.013397085834875,34.356818246284064,72162000
2016-01-19 05:30:00+05:30,34.828277587890625,35.23472919734887,34.412398094284086,34.90321601482356,45362000
2016-01-20 05:30:00+05:30,34.66252517700195,35.079396731184026,33.412398947066904,34.17418722331773,68900000
2016-01-21 05:30:00+05:30,35.06649398803711,35.691805122815886,34.464510243957584,34.84763830921904,48244000
2016-01-22 05:30:00+05:30,35.992557525634766,36.13548656864153,35.73801592786487,35.91067121306735,40236000
2016-01-25 05:30:00+05:30,35.318603515625,36.21240111111217,35.23622121578466,35.909671338089176,34234000
2016-01-26 05:30:00+05:30,35.386592864990234,35.646643463457856,35.06103550486616,35.42679200310402,26634000
2016-01-27 05:30:00+05:30,34.738948822021484,35.644408152489724,34.46103447501964,35.41785495149714,43884000
2016-01-28 05:30:00+05:30,36.27592468261719,36.41140983302187,35.35235160846289,35.8421775855345,53528000
2016-01-29 05:30:00+05:30,36.87095642089844,36.97219826842252,36.06946887365491,36.30420804942627,69486000
2016-02-01 05:30:00+05:30,37.32008743286133,37.61090927042448,36.88684017325421,37.24366098815808,102784000
2016-02-02 05:30:00+05:30,37.947879791259766,39.199493965812216,37.947879791259766,38.932991517602346,126962000
2016-02-03 05:30:00+05:30,36.07692337036133,38.43672352522745,35.756825776802856,38.22431966433814,123420000
2016-02-04 05:30:00+05:30,35.136966705322266,36.079395516459414,34.831753123972895,35.871455748761534,103374000
2016-02-05 05:30:00+05:30,33.92406463623047,34.93746387093855,33.75433619527138,34.931508022061124,102114000
2016-02-08 05:30:00+05:30,33.882877349853516,33.946896106563216,32.906201321153084,33.14392036664999,84948000
2016-02-09 05:30:00+05:30,33.65309143066406,34.73448114940966,33.189568917976814,33.3657491978132,72178000
2016-02-10 05:30:00+05:30,33.951358795166016,34.80445744230759,33.85259696662585,34.08733615862111,52760000
2016-02-11 05:30:00+05:30,33.9012336730957,34.210911314481066,33.194437592049496,33.498753833488635,60480000
2016-02-12 05:30:00+05:30,33.86600112915039,34.429277577427904,33.677416899722104,34.25607708370277,42828000
2016-02-16 05:30:00+05:30,34.29279708862305,34.6401938393045,33.99751117574858,34.39105912907694,50400000
2016-02-17 05:30:00+05:30,35.15631866455078,35.223317229867966,34.31165588154884,34.64465711472665,49852000
2016-02-18 05:30:00+05:30,34.60793685913086,35.35235364889698,34.54242630362685,35.23572804892965,37664000
2016-02-19 05:30:00+05:30,34.78460693359375,34.89234606910564,34.44415808071421,34.49279309022573,31786000
2016-02-22 05:30:00+05:30,35.0600471496582,35.39652044532099,34.864015276842444,35.10917817259746,38996000
2016-02-23 05:30:00+05:30,34.53349304199219,35.15632036812345,34.42083927479936,34.81140742077595,40186000
2016-02-24 05:30:00+05:30,34.717613220214844,34.73944880908225,33.78560425429186,34.18957211408741,39272000
2016-02-25 05:30:00+05:30,35.02480697631836,35.03622266910347,34.27220423837553,34.73994473861081,32844000
2016-02-26 05:30:00+05:30,34.991065979003906,35.40595355515938,34.78213038884355,35.165258483097944,44870000
2016-02-29 05:30:00+05:30,34.62877655029297,35.27989127245896,34.62430871727856,34.755326027276524,49622000
2016-03-01 05:30:00+05:30,35.67294692993164,35.67294692993164,34.72803422534234,34.91910226005806,43028000
2016-03-02 05:30:00+05:30,35.67493438720703,35.73200527992081,35.334981484512994,35.68237825206972,32580000
2016-03-03 05:30:00+05:30,35.35581970214844,35.70470443251406,35.03820222850446,35.66648931722082,39160000
2016-03-04 05:30:00+05:30,35.27989196777344,35.55781011824286,35.038204914725604,35.483367688897495,39442000
2016-03-07 05:30:00+05:30,34.49924850463867,35.14098458700254,34.0893248107286,35.081880454901345,59702000
2016-03-08 05:30:00+05:30,34.44019317626953,34.92753532608653,34.01190214964653,34.173194711645834,41526000
2016-03-09 05:30:00+05:30,34.99949645996094,35.02133204697714,34.44167994233268,34.66351542138458,28430000
2016-03-10 05:30:00+05:30,35.375675201416016,35.555327533930644,34.90619679731429,35.14242401501762,56670000
2016-03-11 05:30:00+05:30,36.07046127319336,36.07542511116547,35.589321115704465,35.73200022043599,39416000
2016-03-14 05:30:00+05:30,36.25259780883789,36.50123270723114,35.98758338084151,36.06996567513301,34366000
2016-03-15 05:30:00+05:30,36.14540481567383,36.34192890610035,35.96872850734533,36.075430214194704,34420000
2016-03-16 05:30:00+05:30,36.530513763427734,36.5990003432902,35.95582169881668,36.04813167322219,32488000
2016-03-17 05:30:00+05:30,36.614383697509766,36.87691432216236,36.52604555187656,36.54837714430486,37216000
2016-03-18 05:30:00+05:30,36.60544967651367,36.82380932242684,36.31909567431556,36.81686146388007,59614000
2016-03-21 05:30:00+05:30,36.828285217285156,36.848632792219206,36.40277706345864,36.55086681984506,36730000
2016-03-22 05:30:00+05:30,36.761783599853516,36.972703219990855,36.598510777185176,36.598510777185176,25394000
2016-03-23 05:30:00+05:30,36.62828063964844,37.008428874021476,36.53349063708343,36.841680253571596,28642000
2016-03-24 05:30:00+05:30,36.491310119628906,36.612748105346995,36.27791049025039,36.32803352379687,31898000
2016-03-28 05:30:00+05:30,36.403465270996094,36.67443556506204,36.35235023075506,36.56525383910718,26026000
2016-03-29 05:30:00+05:30,36.96128463745117,37.08436209116153,36.16674481860839,36.456074899986504,38076000
2016-03-30 05:30:00+05:30,37.24713897705078,37.61190346840919,37.15830482545691,37.2257993948164,35648000
2016-03-31 05:30:00+05:30,36.97022247314453,37.26302460840129,36.771214556252495,37.18362211553327,34376000
2016-04-01 05:30:00+05:30,37.21636962890625,37.237709212233156,36.57567476498157,36.65508103565792,31534000
2016-04-04 05:30:00+05:30,36.98709487915039,37.359799305438855,36.84515785646257,37.22381813242393,22684000
2016-04-05 05:30:00+05:30,36.61537551879883,36.863514419074015,36.49478189126946,36.62530319513735,22646000
2016-04-06 05:30:00+05:30,37.00694274902344,37.034238181953405,36.50421304966016,36.514636732120444,21074000
2016-04-07 05:30:00+05:30,36.73845672607422,37.07195398830519,36.53994482823693,36.99106348523636,29064000
2016-04-08 05:30:00+05:30,36.682376861572266,36.99503053654203,36.503716536932565,36.92158390030754,25816000
2016-04-11 05:30:00+05:30,36.53101348876953,36.9727004801927,36.52853346254341,36.87443843344407,24402000
2016-04-12 05:30:00+05:30,36.877906799316406,36.91463390160469,36.2784031146963,36.62530384785634,27060000
2016-04-13 05:30:00+05:30,37.30619812011719,37.43821124265762,36.93602675149768,37.179152622677805,34142000
2016-04-14 05:30:00+05:30,37.379642486572266,37.58361420031784,37.35507697862214,37.419841623117655,22706000
2016-04-15 05:30:00+05:30,37.66748809814453,37.76674214974042,37.35453531029808,37.41835717242139,36186000
2016-04-18 05:30:00+05:30,38.04515838623047,38.11662100436653,37.5831238219671,37.739944777671205,31176000
2016-04-19 05:30:00+05:30,37.41587829589844,38.20843415646569,37.18759091807297,38.1890785915503,40610000
2016-04-20 05:30:00+05:30,37.35334396362305,37.62441271758322,37.221334631479486,37.61786241944445,30584000
2016-04-21 05:30:00+05:30,37.674434661865234,37.73944541975394,37.19850442045027,37.487834476598536,61210000
2016-04-22 05:30:00+05:30,35.67095947265625,36.5320017727363,35.41488069915766,36.04465584436814,119038000
2016-04-25 05:30:00+05:30,35.888336181640625,35.92704352400392,35.51314795292877,35.53845936676997,39184000
2016-04-26 05:30:00+05:30,35.14341735839844,36.018154681919675,34.889617943035944,36.00098381547476,54892000
2016-04-27 05:30:00+05:30,35.02927017211914,35.185102877179,34.360537841410704,35.10122878328279,61972000
2016-04-28 05:30:00+05:30,34.29378890991211,35.44267328470268,34.22083828094387,35.149371394299635,57346000
2016-04-29 05:30:00+05:30,34.392555236816406,34.62133861673785,34.1935473186271,34.277913651068005,49754000
2016-05-02 05:30:00+05:30,34.650611877441406,34.7712092912326,34.29279525016097,34.62182843140704,32906000
2016-05-03 05:30:00+05:30,34.360294342041016,34.63225288590896,34.34242679406445,34.58411387235226,30876000
2016-05-04 05:30:00+05:30,34.52605056762695,34.72704249511249,34.19404131539606,34.26749174116074,33870000
2016-05-05 05:30:00+05:30,34.81041717529297,34.854588146781744,34.527042938351194,34.625304986360504,33670000
2016-05-06 05:30:00+05:30,35.29130554199219,35.32802885611096,34.645499237284994,34.659046615150444,36586000
2016-05-09 05:30:00+05:30,35.3796501159668,35.66798819705597,35.235729078052586,35.33498313840046,30206000
2016-05-10 05:30:00+05:30,35.88982009887695,35.90569983822282,35.519595751418876,35.57071457853108,31392000
2016-05-11 05:30:00+05:30,35.498260498046875,35.954339238200255,35.37468703208543,35.901240170067666,33842000
2016-05-12 05:30:00+05:30,35.39999771118164,35.69478764713215,35.1861020683786,35.58610191416711,27214000
2016-05-13 05:30:00+05:30,35.276920318603516,35.566348854712906,35.199005843177254,35.33151118781801,26290000
2016-05-16 05:30:00+05:30,35.55781555175781,35.656573609909465,35.01985050102351,35.19255499461977,26342000
2016-05-17 05:30:00+05:30,35.04863357543945,35.80744212749767,34.9434236635291,35.53299976074351,40024000
2016-05-18 05:30:00+05:30,35.068485260009766,35.31513618720665,34.77071928565267,34.921584400771096,35336000
2016-05-19 05:30:00+05:30,34.75532913208008,35.0372153437786,34.58064063191037,34.856570994490674,33404000
2016-05-20 05:30:00+05:30,35.22282409667969,35.46302315470295,34.76525736700243,34.81984823411224,36568000
2016-05-23 05:30:00+05:30,34.94987106323242,35.309073491011915,34.946891245687574,35.06351683655987,26614000
2016-05-24 05:30:00+05:30,35.736473083496094,35.78014426216064,35.07989467001935,35.07989467001935,38590000
2016-05-25 05:30:00+05:30,35.99353790283203,36.10470363825194,35.71735768917402,35.76971463022942,32584000
2016-05-26 05:30:00+05:30,35.93647003173828,36.145401808317246,35.745898020017364,35.87443530551966,31526000
2016-05-27 05:30:00+05:30,36.36029052734375,36.42361638349716,35.93051526394993,35.931011269161054,39500000
2016-05-31 05:30:00+05:30,36.51215362548828,36.711161529848496,36.290814126380795,36.31463752315086,42590000
2016-06-01 05:30:00+05:30,36.434242248535156,36.58610316379689,36.26104174719545,36.45310180819703,25072000
2016-06-02 05:30:00+05:30,36.248130798339844,36.37815609627384,35.93894918514588,36.35234868150088,26836000
2016-06-03 05:30:00+05:30,35.8481330871582,36.20296991560521,35.75979493738125,36.19205401462339,24526000
2016-06-06 05:30:00+05:30,35.560787200927734,35.97567473864922,35.46450918102208,35.97567473864922,31306000
2016-06-07 05:30:00+05:30,35.56575012207031,35.830264774231345,35.56078628374874,35.724062866465,26724000
2016-06-08 05:30:00+05:30,36.14292526245117,36.157316987125306,35.76078919182196,35.928533621771486,31674000
2016-06-09 05:30:00+05:30,36.15781021118164,36.205453215034694,35.84793190542453,35.87443600039166,19778000
2016-06-10 05:30:00+05:30,35.70272445678711,36.02431000816362,35.55483160307992,35.705700488098266,24328000
2016-06-13 05:30:00+05:30,35.65061569213867,36.001980508561516,35.55880549947904,35.55880549947904,25178000
2016-06-14 05:30:00+05:30,35.64614486694336,35.854580620196685,35.3905583337579,35.557310722659444,26122000
2016-06-15 05:30:00+05:30,35.67840576171875,35.879893687108535,35.59850727066218,35.68237758984491,24290000
2016-06-16 05:30:00+05:30,35.253597259521484,35.565754957632855,34.901236630468546,35.47940081881346,39650000
2016-06-17 05:30:00+05:30,34.328529357910156,35.17716779782022,34.166347007463074,35.16872813635627,68048000
2016-06-20 05:30:00+05:30,34.42729568481445,34.862530862861455,34.41240795345229,34.67841066940282,41650000
2016-06-21 05:30:00+05:30,34.5379638671875,34.876920994880514,34.34292399361762,34.66004553055746,29312000
2016-06-22 05:30:00+05:30,34.61339569091797,34.782128340906795,34.39612268160644,34.69279817729522,23686000
2016-06-23 05:30:00+05:30,34.83224868774414,34.83622051559153,34.09428383095918,34.61289701693121,43428000
2016-06-24 05:30:00+05:30,33.509674072265625,34.21339568977937,33.421831924808835,33.50719025982029,88980000
2016-06-27 05:30:00+05:30,33.16425704956055,33.36475672524361,32.91731084440654,33.300238190786544,52580000
2016-06-28 05:30:00+05:30,33.748878479003906,33.76327020374017,33.399501470765586,33.695779413573405,43476000
2016-06-29 05:30:00+05:30,33.950862884521484,34.11557447312443,33.816865755178966,33.89577601719161,38652000
2016-06-30 05:30:00+05:30,34.34738540649414,34.3583050929793,33.92803006795376,34.01835223199797,31954000
2016-07-01 05:30:00+05:30,34.70024490356445,34.771711312126754,34.348880069224165,34.352355892432655,26894000
2016-07-05 05:30:00+05:30,34.488826751708984,34.5875847910798,34.187585009180076,34.543913617284495,29252000
2016-07-06 05:30:00+05:30,34.62877655029297,34.82282059618742,34.198005508019804,34.24217647407582,28238000
2016-07-07 05:30:00+05:30,34.50917434692383,34.650115544641935,34.15458364986016,34.6441596961568,26084000
2016-07-08 05:30:00+05:30,35.01885986328125,35.02282790564602,34.56253120503281,34.71463823358231,31504000
2016-07-11 05:30:00+05:30,35.48833084106445,35.55880144114523,35.098750947258786,35.13895008550602,22236000
2016-07-12 05:30:00+05:30,35.763763427734375,35.87790519682477,35.52902424979046,35.68832899312985,26738000
2016-07-13 05:30:00+05:30,35.582122802734375,35.930511525966686,35.575670949361616,35.911651971007934,18718000
2016-07-14 05:30:00+05:30,35.779151916503906,35.84168265249215,35.63423887632962,35.810415391348286,19004000
2016-07-15 05:30:00+05:30,35.72455978393555,36.01686588008294,35.685106544704766,36.01636987486804,25586000
2016-07-18 05:30:00+05:30,36.415870666503906,36.53249624944845,35.79105938568038,35.866493821398976,25910000
2016-07-19 05:30:00+05:30,36.57368850708008,36.575176522646885,36.17865255763587,36.222819737246034,24550000
2016-07-20 05:30:00+05:30,36.78361129760742,36.830258497100914,36.580631612733505,36.592047303193965,25794000
2016-07-21 05:30:00+05:30,36.65656280517578,36.80842367498337,36.517654863352924,36.74242091537217,20526000
2016-07-22 05:30:00+05:30,36.86054229736328,36.88535391824283,36.55384067579976,36.816867332180074,25196000
2016-07-25 05:30:00+05:30,36.71314239501953,36.854087383661565,36.60048863418497,36.75780936697413,20648000
2016-07-26 05:30:00+05:30,36.64615249633789,36.80843330272081,36.4401967225815,36.67691996793536,23734000
2016-07-27 05:30:00+05:30,36.81240463256836,36.94590198660376,36.57567760412088,36.63920414011288,30250000
2016-07-28 05:30:00+05:30,37.017860412597656,37.15383777828137,36.689819230143634,37.073939291085715,70604000
2016-07-29 05:30:00+05:30,38.15333938598633,38.63770926874052,38.053093331472425,38.34788321915519,76830000
2016-08-01 05:30:00+05:30,38.356319427490234,38.73100780167892,37.77120747994758,37.77120747994758,54010000
2016-08-02 05:30:00+05:30,38.26649856567383,38.503221805462175,38.10669778937039,38.14838494840607,35690000
2016-08-03 05:30:00+05:30,38.37120819091797,38.37269620651058,38.055574715520365,38.07344226152935,25748000
2016-08-04 05:30:00+05:30,38.293296813964844,38.41537846949154,38.153593720457145,38.323568278652864,22806000
2016-08-05 05:30:00+05:30,38.81983947753906,38.8605346178409,38.32951755960574,38.400980164560785,36024000
2016-08-08 05:30:00+05:30,38.79701614379883,38.84019131460653,38.61492922462727,38.80892405506693,22158000
2016-08-09 05:30:00+05:30,38.921085357666016,39.153340740994736,38.737957207324854,38.76426062833176,26378000
2016-08-10 05:30:00+05:30,38.941932678222656,39.04773703510581,38.84754022842674,38.89577768572317,15728000
2016-08-11 05:30:00+05:30,38.95036315917969,39.193538219288286,38.85706117659976,38.95780702322287,19502000
2016-08-12 05:30:00+05:30,38.869476318359375,38.87816209017191,38.729527104002415,38.78411797496715,14810000
2016-08-15 05:30:00+05:30,38.83076858520508,39.081387554808146,38.71513498952473,38.895779352652085,18764000
2016-08-16 05:30:00+05:30,38.5677375793457,38.75830961783487,38.38431407476474,38.72456232825659,20560000
2016-08-17 05:30:00+05:30,38.70520782470703,38.749874803958164,38.38858228661285,38.57667430392731,18484000
2016-08-18 05:30:00+05:30,38.58559799194336,38.85160443094863,38.56078258803986,38.710163444036944,14388000
2016-08-19 05:30:00+05:30,38.48237609863281,38.56575041209523,38.36873032122253,38.461532520267205,17230000
2016-08-22 05:30:00+05:30,38.32009506225586,38.438708475487495,38.21587716079065,38.37568172933709,19028000
2016-08-23 05:30:00+05:30,38.31662368774414,38.53299936505533,38.30198206623886,38.48535635409051,18564000
2016-08-24 05:30:00+05:30,38.195526123046875,38.43671718351474,38.06798462649486,38.24217711841625,21440000
2016-08-25 05:30:00+05:30,38.184112548828125,38.30718999296785,37.875177032317545,38.064507141120934,18538000
2016-08-26 05:30:00+05:30,38.1905632019043,38.515128551604406,38.00743505706703,38.16376377649888,23334000
2016-08-29 05:30:00+05:30,38.32009506225586,38.46104007159437,38.04540658576183,38.150866393555134,16952000
2016-08-30 05:30:00+05:30,38.168235778808594,38.43503740424039,38.05657400721122,38.18014747842697,22600000
2016-08-31 05:30:00+05:30,38.06698989868164,38.16822796581464,37.98411159621047,38.06500209161885,24972000
2016-09-01 05:30:00+05:30,38.1528434753418,38.26400921668569,37.93051199265401,38.17617086404819,18502000
2016-09-02 05:30:00+05:30,38.285850524902344,38.40793217269903,38.13448563844736,38.36277298114517,21454000
2016-09-06 05:30:00+05:30,38.71363830566406,38.80892051862283,38.26301572298675,38.384605141017545,28856000
2016-09-07 05:30:00+05:30,38.72704315185547,38.84515676311333,38.521087393420736,38.709671609991354,17874000
2016-09-08 05:30:00+05:30,38.4774169921875,38.72704774434936,38.391066636752896,38.63970159204204,25406000
2016-09-09 05:30:00+05:30,37.70024490356445,38.374437182433304,37.70024490356445,38.21835834361104,37710000
2016-09-12 05:30:00+05:30,38.164756774902344,38.22778351223597,37.419348041340456,37.47542691954833,26220000
2016-09-13 05:30:00+05:30,37.70173263549805,38.02580200899393,37.508680583313975,37.93944787648638,27900000
2016-09-14 05:30:00+05:30,37.8406867980957,38.0982535867036,37.67294617143961,37.69775779002291,21748000
2016-09-15 05:30:00+05:30,38.30073928833008,38.401977361306116,37.71513129383389,37.86054033544403,26102000
2016-09-16 05:30:00+05:30,38.157806396484375,38.20098156399399,37.94837862613519,38.20098156399399,40986000
2016-09-19 05:30:00+05:30,37.999996185302734,38.41190772428116,37.9375146684701,38.3334934585192,23456000
2016-09-20 05:30:00+05:30,38.28337478637695,38.37866081424,38.14044574458239,38.163773139387445,19572000
2016-09-21 05:30:00+05:30,38.52207946777344,38.56873046334074,38.129076729691796,38.34540316267145,23356000
2016-09-22 05:30:00+05:30,39.067481994628906,39.198499293369125,38.63224694303834,38.709665395407825,29724000
2016-09-23 05:30:00+05:30,39.05210876464844,39.15285084496107,38.915631586279254,39.03672124202693,28238000
2016-09-26 05:30:00+05:30,38.42232131958008,38.845648482578255,38.36574643948063,38.845648482578255,30664000
2016-09-27 05:30:00+05:30,38.85905456542969,39.00694364346971,38.427193013619174,38.48635015935505,23064000
2016-09-28 05:30:00+05:30,38.78709030151367,38.799498004874934,38.46004489854382,38.60297391721462,22196000
2016-09-29 05:30:00+05:30,38.46202850341797,38.997513472685974,38.42341960814602,38.781134032948664,26294000
2016-09-30 05:30:00+05:30,38.57518005371094,38.75632419931712,38.41637128946278,38.52754083210613,31706000
2016-10-03 05:30:00+05:30,38.3404426574707,38.51438905578986,38.188581745784305,38.42431677025811,25576000
2016-10-04 05:30:00+05:30,38.532493591308594,38.64564713352666,38.356813109281624,38.51264202624755,24028000
2016-10-05 05:30:00+05:30,38.53449249267578,38.81240691094687,38.49379734052895,38.67543372299898,29224000
2016-10-06 05:30:00+05:30,38.553836822509766,38.733489149079844,38.48833005927445,38.66004251632807,21414000
2016-10-07 05:30:00+05:30,38.46549987792969,38.69279519263354,38.250608478718995,38.69279519263354,18664000
2016-10-10 05:30:00+05:30,39.004459381103516,39.17517982749352,38.504705744539905,38.59602370958757,23498000
2016-10-11 05:30:00+05:30,38.862030029296875,39.31910075750247,38.738456569415945,39.040194356738034,27450000
2016-10-12 05:30:00+05:30,39.01438522338867,39.11314705768161,38.81190528885089,38.89627161271668,18748000
2016-10-13 05:30:00+05:30,38.619842529296875,38.77021540050483,38.3622757425213,38.77021540050483,27306000
2016-10-14 05:30:00+05:30,38.63671112060547,38.905693577369874,38.51115366436521,38.79155181216922,17050000
2016-10-17 05:30:00+05:30,38.70768737792969,38.99999347996453,38.58560193921761,38.69974750803206,21860000
2016-10-18 05:30:00+05:30,39.46699142456055,39.78212890862154,38.98585121659037,39.09925088315243,41138000
2016-10-19 05:30:00+05:30,39.776668548583984,39.93051346317294,39.60446008221917,39.614879977989716,35336000
2016-10-20 05:30:00+05:30,39.55185317993164,39.89924992971703,39.50520218589227,39.865998649004936,35150000
2016-10-21 05:30:00+05:30,39.67095947265625,39.67741132682353,39.40446078981344,39.45408781596988,25324000
2016-10-24 05:30:00+05:30,40.352848052978516,40.455577934661335,39.94143630729475,39.945404349311694,33950000
2016-10-25 05:30:00+05:30,40.08287048339844,40.530017291044345,39.95731301076307,40.530017291044345,31528000
2016-10-26 05:30:00+05:30,39.656070709228516,40.04862664755627,39.51959733743232,40.01686716906813,32954000
2016-10-27 05:30:00+05:30,39.47146224975586,39.8754301342943,39.280394209439216,39.751856671919604,54984000
2016-10-28 05:30:00+05:30,39.47245407104492,40.47096565669446,39.38411591383553,40.11662101734775,85398000
2016-10-31 05:30:00+05:30,38.93498229980469,39.54639392463621,38.908182872751446,39.47741133612491,48546000
2016-11-01 05:30:00+05:30,38.888824462890625,39.18063453519418,38.48832867467331,38.853093158202306,48128000
2016-11-02 05:30:00+05:30,38.14888000488281,38.79155891718238,37.888333374239885,38.62034245172275,37448000
2016-11-03 05:30:00+05:30,37.82282257080078,38.21091448539061,37.66897764866872,38.07691734534696,38864000
2016-11-04 05:30:00+05:30,37.81736373901367,38.23125925447601,37.24867673789414,37.2535913543117,42696000
2016-11-07 05:30:00+05:30,38.83473205566406,38.96723738762346,38.33994224325345,38.43671626827202,31702000
2016-11-08 05:30:00+05:30,39.231258392333984,39.48550081160877,38.71909705725263,38.878401810165116,27338000
2016-11-09 05:30:00+05:30,38.97319793701172,39.2668482046106,38.2962756854533,38.706699225307304,52142000
2016-11-10 05:30:00+05:30,37.84415817260742,39.26400898462665,37.32902460440064,39.26400898462665,94904000
2016-11-11 05:30:00+05:30,37.42034149169922,37.7558265497516,37.23969714747847,37.54540296077512,48636000
2016-11-14 05:30:00+05:30,36.5300178527832,37.61041561344532,36.10619466485048,37.49875007725936,73088000
2016-11-15 05:30:00+05:30,37.64216995239258,37.936263130478395,37.07045778181763,37.07045778181763,47680000
2016-11-16 05:30:00+05:30,37.93944549560547,38.03274748182516,37.24614759808376,37.4788989858322,29452000
2016-11-17 05:30:00+05:30,38.27443313598633,38.34738376104715,37.927036405828275,38.06053752634623,26080000
2016-11-18 05:30:00+05:30,37.74391174316406,38.46152900873246,37.717112318240865,38.28138068457017,30942000
2016-11-21 05:30:00+05:30,38.17369079589844,38.19850620258191,37.74689154777913,37.846645393443254,26612000
2016-11-22 05:30:00+05:30,38.12753677368164,38.55880003699312,38.06450625117221,38.34391241312696,31862000
2016-11-23 05:30:00+05:30,37.7662467956543,38.12818294464654,37.48138455789728,38.10073984636432,29568000
2016-11-25 05:30:00+05:30,37.80048751831055,37.965252113188455,37.74292062566132,37.9285287974949,11748000
2016-11-28 05:30:00+05:30,38.12604904174805,38.6863494410486,37.707193436148515,37.71711732736811,43764000
2016-11-29 05:30:00+05:30,38.25507736206055,38.63522557745369,38.12604407521696,38.28932065107177,32332000
2016-11-30 05:30:00+05:30,37.61984634399414,38.36178308844412,37.46054157914753,38.21687004796842,47858000
2016-12-01 05:30:00+05:30,37.117610931396484,37.70967076935769,36.57691602997501,37.59006914651993,60358000
2016-12-02 05:30:00+05:30,37.24565505981445,37.419351554264765,36.878406715777096,36.95235314709294,29050000
2016-12-05 05:30:00+05:30,37.84217834472656,37.91066493084155,37.36476004918118,37.60347109010364,27884000
2016-12-06 05:30:00+05:30,37.67294692993164,38.155329028877595,37.58510478698611,37.95185330638222,33814000
2016-12-07 05:30:00+05:30,38.27245330810547,38.280889183459266,37.50868096682741,37.766743783922834,35220000
2016-12-08 05:30:00+05:30,38.53199768066406,38.61934380988712,38.075919047192166,38.33646563309646,29762000
2016-12-09 05:30:00+05:30,39.17071533203125,39.177663191726936,38.661086983627996,38.7096727796035,36438000
2016-12-12 05:30:00+05:30,39.16972351074219,39.26798555744158,38.92580251920134,38.959795916830316,42082000
2016-12-13 05:30:00+05:30,39.5086784362793,39.9195979343639,39.3717052702511,39.39949670763077,42904000
2016-12-14 05:30:00+05:30,39.55681228637695,39.90073317223635,39.40495141103376,39.573188029018304,34084000
2016-12-15 05:30:00+05:30,39.59553146362305,39.851114262402255,39.35086456672645,39.57022005048211,32530000
2016-12-16 05:30:00+05:30,39.24565124511719,39.74470821299963,39.22033983417767,39.72207750197712,48876000
2016-12-19 05:30:00+05:30,39.414390563964844,39.5861030534114,39.02084254621276,39.21687444029681,24642000
2016-12-20 05:30:00+05:30,39.52456283569336,39.63523259304221,39.36823787515204,39.541438373977385,19020000
2016-12-21 05:30:00+05:30,39.4322509765625,39.53726398692252,39.06202663356619,39.49577371947975,24226000
2016-12-22 05:30:00+05:30,39.26847839355469,39.370712260262756,39.13547705894284,39.323069256492985,19444000
2016-12-23 05:30:00+05:30,39.20147705078125,39.34192602611615,39.070955751440536,39.250608066685324,12468000
2016-12-27 05:30:00+05:30,39.28287124633789,39.596024709427724,39.08967153400856,39.23969607447078,15782000
2016-12-28 05:30:00+05:30,38.960289001464844,39.415871677972994,38.86847881613216,39.38957204306204,23076000
2016-12-29 05:30:00+05:30,38.8481330871582,39.003965814683895,38.65607304624801,38.87493251484795,14886000
2016-12-30 05:30:00+05:30,38.3037223815918,38.847643320132036,38.233747769742834,38.8461553041991,35400000
2017-01-03 05:30:00+05:30,39.01438522338867,39.18758570444588,38.501235634443205,38.65061271949631,33146000
2017-01-04 05:30:00+05:30,39.05210876464844,39.27245627116454,38.86650055932632,39.124563398724526,21460000
2017-01-05 05:30:00+05:30,39.40544891357422,39.42827651036876,38.95879814962205,39.011404988212746,26704000
2017-01-06 05:30:00+05:30,40.0074348449707,40.09428497678741,39.31532584919204,39.46698985128682,32804000
2017-01-09 05:30:00+05:30,40.032249450683594,40.19681337098029,39.84266945185113,40.019841748343396,25492000
2017-01-10 05:30:00+05:30,39.93994140625,40.15532883054509,39.87641866221107,40.09230209171979,23536000
2017-01-11 05:30:00+05:30,40.09477996826172,40.10669166534896,39.77021461987785,39.95036294655108,21318000
2017-01-12 05:30:00+05:30,40.017860412597656,40.068975454657924,39.66103576972348,40.05656775148522,27062000
2017-01-13 05:30:00+05:30,40.09329605102539,40.259249559195055,40.034237351038385,40.07344448261714,21984000
2017-01-17 05:30:00+05:30,39.93101119995117,40.05656867765131,39.720591391570615,40.05359264624477,27242000
2017-01-18 05:30:00+05:30,40.00346755981445,40.01016552328507,39.75135682058843,39.99056385178288,25888000
2017-01-19 05:30:00+05:30,39.8101692199707,40.172699838599954,39.791559557204245,39.95632417265596,18386000
2017-01-20 05:30:00+05:30,39.95135498046875,40.045152969062585,39.78609438190762,40.045152969062585,33400000
2017-01-23 05:30:00+05:30,40.66053771972656,40.737956180788096,39.88783355212366,40.06202603608693,39272000
2017-01-24 05:30:00+05:30,40.8868408203125,40.987582884301,40.58664029844261,40.80892635446685,29480000
2017-01-25 05:30:00+05:30,41.47244644165039,41.47741027967802,40.945893408220684,41.17219671491281,29890000
2017-01-26 05:30:00+05:30,41.297760009765625,41.58808588775149,41.04267322182403,41.578654215537,59478000
2017-01-27 05:30:00+05:30,40.85905075073242,41.78411184040554,40.716617741001976,41.424807175314875,59316000
2017-01-30 05:30:00+05:30,39.81736373901367,40.48833005867123,39.69230227182922,40.429771153086165,64932000
2017-01-31 05:30:00+05:30,39.54291915893555,39.764258633158825,39.2317535242813,39.546391195232765,43212000
2017-02-01 05:30:00+05:30,39.48857879638672,39.761283208694444,39.265005402268834,39.68634477527788,40594000
2017-02-02 05:30:00+05:30,39.6292724609375,39.8362202276675,39.30520309462722,39.39453325655453,30642000
2017-02-03 05:30:00+05:30,39.77616882324219,39.999988314912414,39.72058595419952,39.85061124750975,29268000
2017-02-06 05:30:00+05:30,39.76873016357422,39.785105908810436,39.46649638045499,39.6873398700256,23690000
2017-02-07 05:30:00+05:30,40.04813003540039,40.22331831483494,39.79056324344866,39.900240973470495,24824000
2017-02-08 05:30:00+05:30,40.118106842041016,40.28981930823626,39.86054003589787,40.049620257653906,23106000
2017-02-09 05:30:00+05:30,40.17667007446289,40.2312609406138,39.927539140144845,40.174186261992716,19794000
2017-02-10 05:30:00+05:30,40.38063430786133,40.45904856322395,40.18758227318367,40.282868277551415,22700000
2017-02-13 05:30:00+05:30,40.657066345214844,40.74237545533249,40.47096216073557,40.4962697854316,24266000
2017-02-14 05:30:00+05:30,40.71711349487305,40.84366676426118,40.49627001283614,40.64515487577535,21094000
2017-02-15 05:30:00+05:30,40.644168853759766,40.84367278206904,40.618857438892945,40.663024627288074,26272000
2017-02-16 05:30:00+05:30,40.90123748779297,40.913149186654856,40.64416666953877,40.691309887125975,25752000
2017-02-17 05:30:00+05:30,41.09527587890625,41.09527587890625,40.77691248509977,40.84465694999738,32220000
2017-02-21 05:30:00+05:30,41.273441314697266,41.362275468445574,41.10917272035874,41.12455645434048,25246000
2017-02-22 05:30:00+05:30,41.22877502441406,41.35234847611755,41.12356512453096,41.1245571349592,19658000
2017-02-23 05:30:00+05:30,41.25706481933594,41.313143696977114,40.837709463720124,41.19701411382051,29456000
2017-02-24 05:30:00+05:30,41.12356185913086,41.141429404318366,40.90321439998022,41.078402670435935,27844000
2017-02-27 05:30:00+05:30,41.15532684326172,41.215873553803036,40.89329222067885,40.92058765162703,22030000
2017-02-28 05:30:00+05:30,40.854087829589844,41.1186024958721,40.704706957159814,40.97319345157122,45216000
2017-03-01 05:30:00+05:30,41.45111083984375,41.50148376696782,41.05507906853666,41.13398933418554,29930000
2017-03-02 05:30:00+05:30,41.222328186035156,41.41488044493772,41.17319337797737,41.38212895463181,18850000
2017-03-03 05:30:00+05:30,41.14540100097656,41.258554557676604,40.98019340052506,41.2188514224731,17928000
2017-03-06 05:30:00+05:30,41.08088302612305,41.13547388617425,40.81388457431068,41.03969187849528,22180000
2017-03-07 05:30:00+05:30,41.285850524902344,41.36029295779883,41.01835604347864,41.062027220988845,20752000
2017-03-08 05:30:00+05:30,41.45756530761719,41.595530493595966,41.27989698370072,41.365255322597086,19796000
2017-03-09 05:30:00+05:30,41.621829986572266,41.78659460077291,41.399994478221274,41.4888286398716,25230000
2017-03-10 05:30:00+05:30,41.848628997802734,41.93101130424177,41.66252480044583,41.85012079984047,34080000
2017-03-13 05:30:00+05:30,41.962276458740234,42.11835529252423,41.84862689601013,41.88585000539178,24472000
2017-03-14 05:30:00+05:30,41.96624755859375,42.04664584586933,41.72704429039549,41.867985509456716,15598000
2017-03-15 05:30:00+05:30,42.04465866088867,42.115625270336174,41.7255531346855,42.0640142233651,27630000
2017-03-16 05:30:00+05:30,42.12306594848633,42.225795815736795,41.991552635458255,42.135473650645395,19552000
2017-03-17 05:30:00+05:30,42.288822174072266,42.35234491355021,42.04018727311868,42.26351455109613,34246000
2017-03-20 05:30:00+05:30,42.10420608520508,42.19453203593601,41.942917317212284,42.1841083545828,24630000
2017-03-21 05:30:00+05:30,41.21388626098633,42.35731077130629,41.14242364895355,42.25309288446713,49270000
2017-03-22 05:30:00+05:30,41.170711517333984,41.46649343146167,41.05110989540507,41.28584909240162,28030000
2017-03-23 05:30:00+05:30,40.57468795776367,40.82233088907528,40.31051782829939,40.74441262772735,69742000
2017-03-24 05:30:00+05:30,40.41835403442383,40.790562391563014,40.14341570388484,40.69875220841776,39620000
2017-03-27 05:30:00+05:30,40.67046356201172,40.775677251023616,39.86947191416134,40.047140229376325,37886000
2017-03-28 05:30:00+05:30,40.74044418334961,40.992055154253144,40.398359582215086,40.715132770162995,32410000
2017-03-29 05:30:00+05:30,41.26103591918945,41.328280598193444,40.81289708374157,40.94292239464675,35726000
2017-03-30 05:30:00+05:30,41.2655029296875,41.373688862956946,41.141433470359694,41.36475698262998,21106000
2017-03-31 05:30:00+05:30,41.169227600097656,41.2724534878794,41.06153387871057,41.139948144784,28038000
2017-04-03 05:30:00+05:30,41.61538314819336,41.72952493986731,41.152352767857685,41.152352767857685,33430000
2017-04-04 05:30:00+05:30,41.4178581237793,41.448129586377426,41.14321890682425,41.2585533686381,20908000
2017-04-05 05:30:00+05:30,41.26103591918945,41.80892860109225,41.22679262657053,41.46451165396842,31106000
2017-04-06 05:30:00+05:30,41.085853576660156,41.508185016988755,41.015382966778716,41.310169115657374,25088000
2017-04-07 05:30:00+05:30,40.92654800415039,41.11587813028926,40.720243896820406,41.089820816312624,21146000
2017-04-10 05:30:00+05:30,40.92952346801758,41.158802838254715,40.88188046057486,40.96227874556562,19578000
2017-04-11 05:30:00+05:30,40.86103820800781,41.06337049080029,40.54689649539271,40.92853278626783,21594000
2017-04-12 05:30:00+05:30,40.909175872802734,41.02530546674005,40.74540327144756,40.79056625265079,18010000
2017-04-13 05:30:00+05:30,40.871463775634766,41.01141299120073,40.76625007501935,40.80098937626976,22448000
2017-04-17 05:30:00+05:30,41.546897888183594,41.5756813396555,40.91662284228549,40.94342227263516,17900000
2017-04-18 05:30:00+05:30,41.52952194213867,41.63423583973453,41.3255539907542,41.40048864317392,16734000
2017-04-19 05:30:00+05:30,41.5985107421875,41.797518671002635,41.50322471599721,41.67692122920867,19084000
2017-04-20 05:30:00+05:30,41.769229888916016,41.94540642300819,41.65359629013727,41.75880620530639,19180000
2017-04-21 05:30:00+05:30,41.84565734863281,41.879900645694214,41.71712003675306,41.83027361179508,26472000
2017-04-24 05:30:00+05:30,42.816871643066406,42.85111493857464,42.17667271179493,42.24317528170942,27450000
2017-04-25 05:30:00+05:30,43.290321350097656,43.424314712381104,42.81935109528079,42.928036829953896,33440000
2017-04-26 05:30:00+05:30,43.26202392578125,43.476419332826,43.06440939688044,43.38609337862884,24744000
2017-04-27 05:30:00+05:30,43.38709259033203,43.44416348297021,43.195032547270166,43.354833318436775,40536000
2017-04-28 05:30:00+05:30,44.960784912109375,45.501229903641274,44.95135702705564,45.19403608915759,65526000
2017-05-01 05:30:00+05:30,45.2888298034668,45.44317073115996,44.73696528824315,44.76128469011674,42320000
2017-05-02 05:30:00+05:30,45.48088836669922,45.695779807352466,45.13413903826958,45.14242724835839,31744000
2017-05-03 05:30:00+05:30,46.00694274902344,46.05954580790922,45.287489050457125,45.4024751798246,29990000
2017-05-04 05:30:00+05:30,46.23622131347656,46.44813291994641,45.885352517944334,45.95880294057706,28442000
2017-05-05 05:30:00+05:30,46.011409759521484,46.3970178838389,45.91562773502439,46.32952330469176,38226000
2017-05-08 05:30:00+05:30,46.36724090576172,46.497512330319324,45.918606050666504,45.961285219928065,26596000
2017-05-09 05:30:00+05:30,46.26153564453125,46.526050325667434,46.13051831710457,46.49875489135773,31636000
2017-05-10 05:30:00+05:30,46.093292236328125,46.253093003541906,45.91363990123135,46.25210099309267,23478000
2017-05-11 05:30:00+05:30,46.18361282348633,46.27939483674108,45.80793242117971,45.92157819450625,16700000
2017-05-12 05:30:00+05:30,46.26401138305664,46.324558095443024,46.047139730748015,46.22976809202903,21012000
2017-05-15 05:30:00+05:30,46.50520706176758,46.563269967577206,46.12108695779715,46.30024330042473,22162000
2017-05-16 05:30:00+05:30,46.79899978637695,46.804455843629945,46.53001729969409,46.65011492634763,19390000
2017-05-17 05:30:00+05:30,45.63870620727539,46.617017924923594,45.56525956355044,46.43523388471952,47242000
2017-05-18 05:30:00+05:30,46.165748596191406,46.31115763282849,45.59552435560143,45.70718610696754,31938000
2017-05-19 05:30:00+05:30,46.352848052978516,46.53870235136343,46.20346717789845,46.226794569259525,27860000
2017-05-22 05:30:00+05:30,46.74242401123047,46.74356747368186,46.401978890976345,46.401978890976345,22408000
2017-05-23 05:30:00+05:30,47.087833404541016,47.21919527031774,46.777905880382555,47.04316643242572,25416000
2017-05-24 05:30:00+05:30,47.39255142211914,47.39900327659687,47.12158110665361,47.29428558921976,20496000
2017-05-25 05:30:00+05:30,48.116119384765625,48.26941906529254,47.417853879354325,47.51016385295752,33210000
2017-05-26 05:30:00+05:30,48.21189880371094,48.38609127365997,47.89229352220704,48.124056667841316,25040000
2017-05-30 05:30:00+05:30,48.430755615234375,48.44663913975127,48.11363413825883,48.15432928045372,29334000
2017-05-31 05:30:00+05:30,47.88385772705078,48.59899494428015,47.65159857586993,48.38807537407245,48962000
2017-06-01 05:30:00+05:30,47.987579345703125,48.21338664224471,47.64316244837914,48.08683338627358,28210000
2017-06-02 05:30:00+05:30,48.41686248779297,48.4307582060517,47.940436239079666,48.112148696505194,35020000
2017-06-05 05:30:00+05:30,48.81785202026367,48.97815256426617,48.39204861241767,48.46400722636687,25042000
2017-06-06 05:30:00+05:30,48.465003967285156,49.04465612208582,48.394037356767114,48.79205315453999,36292000
2017-06-07 05:30:00+05:30,48.68187713623047,48.832746016902654,48.43373822733793,48.63522614293724,29078000
2017-06-08 05:30:00+05:30,48.8044548034668,48.86202169310376,48.4962652119849,48.75184796548889,29638000
2017-06-09 05:30:00+05:30,47.1379508972168,48.858543512827524,46.433237393141994,48.858543512827524,66188000
2017-06-12 05:30:00+05:30,46.794036865234375,47.11438429413952,45.42098462870696,46.628280252393715,75270000
2017-06-13 05:30:00+05:30,47.31512451171875,47.64167767282315,46.85308999251498,47.24118187457375,40266000
2017-06-14 05:30:00+05:30,47.18410873413086,47.69974212162027,46.76177733464676,47.63869940387733,29794000
2017-06-15 05:30:00+05:30,46.76475524902344,46.81582106596264,45.87790553905088,46.35085974128331,42662000
2017-06-16 05:30:00+05:30,46.639198303222656,46.7513598539676,46.232996517886285,46.65011799104457,61894000
2017-06-19 05:30:00+05:30,47.512149810791016,47.64217511566177,47.09924629759205,47.144409275854144,30666000
2017-06-20 05:30:00+05:30,47.17765808105469,47.72306689655997,47.14688682811392,47.519591181900594,22520000
2017-06-21 05:30:00+05:30,47.61537551879883,47.64763478887066,47.18410845545118,47.327037467885646,24044000
2017-06-22 05:30:00+05:30,47.49825668334961,47.67840502841589,47.372203199586885,47.578158962210736,18828000
2017-06-23 05:30:00+05:30,47.92009353637695,47.94044111063055,47.354833077148434,47.48535439826307,30558000
2017-06-26 05:30:00+05:30,47.25904846191406,48.303218973533276,47.18560182557011,48.13398653420813,31968000
2017-06-27 05:30:00+05:30,46.02133560180664,47.06153432870879,45.99751220479918,46.77220424569464,51598000
2017-06-28 05:30:00+05:30,46.6744384765625,46.786596243612,45.45905144692836,46.10421418268669,54428000
2017-06-29 05:30:00+05:30,45.54788589477539,46.216372240335055,45.192053241483194,46.149869673565625,65984000
2017-06-30 05:30:00+05:30,45.09825134277344,45.95780558030015,45.07740776684043,45.95780558030015,41804000
2017-07-03 05:30:00+05:30,44.60049057006836,45.356815237159346,44.406442725037685,45.269472882248756,34196000
2017-07-05 05:30:00+05:30,45.24614334106445,45.38510052299905,44.59056077367351,44.75234933999681,36278000
2017-07-06 05:30:00+05:30,44.99702072143555,45.40664915233777,44.65012370783104,44.86947920817664,28490000
2017-07-07 05:30:00+05:30,45.58758544921875,45.733986499354074,45.104211330756115,45.104211330756115,32756000
2017-07-10 05:30:00+05:30,46.09428405761719,46.172698318378146,45.637213351857646,45.74540307117119,23856000
2017-07-11 05:30:00+05:30,46.158302307128906,46.224801077473224,45.75681072768512,46.131006877224436,22264000
2017-07-12 05:30:00+05:30,46.84019088745117,46.9627685400013,46.37567254787437,46.58460432786351,30642000
2017-07-13 05:30:00+05:30,47.005455017089844,47.367239725721824,46.79949925287977,46.96227605698227,25894000
2017-07-14 05:30:00+05:30,47.44366455078125,47.48932353552628,47.04738666684396,47.24564866354386,21076000
2017-07-17 05:30:00+05:30,47.316123962402344,47.67939668123599,47.108729407514986,47.49378849364798,23310000
2017-07-18 05:30:00+05:30,47.91065979003906,48.04167710038074,47.176166972039134,47.295276371476426,23080000
2017-07-19 05:30:00+05:30,48.1831169128418,48.28981861565639,47.84267180413118,48.03175202254625,24490000
2017-07-20 05:30:00+05:30,48.04714584350586,48.43175818491181,47.717616592696224,48.387094991574294,32490000
2017-07-21 05:30:00+05:30,48.28386306762695,48.29924680210186,47.65011605983089,47.75433395090197,34220000
2017-07-24 05:30:00+05:30,48.652099609375,48.942921480189746,48.177165143809155,48.24912376395567,64966000
2017-07-25 05:30:00+05:30,47.181129455566406,47.62778022488382,46.918102832051446,47.335470364392634,93220000
2017-07-26 05:30:00+05:30,47.03721237182617,47.39453301713498,46.763216817024194,47.37865327752551,41766000
2017-07-27 05:30:00+05:30,46.3568115234375,47.23472934835672,45.657557796490224,47.23472934835672,64260000
2017-07-28 05:30:00+05:30,46.72604751586914,46.84019308530211,46.02976976533654,46.124063766768145,36928000
2017-07-31 05:30:00+05:30,46.178653717041016,46.828280459211264,45.9573104420471,46.74391413660201,39402000
2017-08-01 05:30:00+05:30,46.195030212402344,46.52341596228066,46.117115742657205,46.27195267169588,25554000
2017-08-02 05:30:00+05:30,46.17319107055664,46.2828687978108,45.492793114690585,46.08485292526832,36488000
2017-08-03 05:30:00+05:30,45.83869934082031,46.26500255959493,45.76872474439455,46.170708563091104,24050000
2017-08-04 05:30:00+05:30,46.05259704589844,46.16907497498451,45.80793394991677,45.9925501233819,21646000
2017-08-07 05:30:00+05:30,46.12207794189453,46.23820753722908,45.980144714718676,46.107190211828495,20644000
2017-08-08 05:30:00+05:30,45.99453353881836,46.44237324213131,45.935970846445734,46.00942126794548,21232000
2017-08-09 05:30:00+05:30,45.80147933959961,45.954332238024634,45.521081166556165,45.68782978301983,23842000
2017-08-10 05:30:00+05:30,45.02430725097656,45.62083490118997,44.96922038414177,45.535968791269354,36480000
2017-08-11 05:30:00+05:30,45.379146575927734,45.54738320286156,44.94192368989295,45.06053329481112,24136000
2017-08-14 05:30:00+05:30,45.790069580078125,45.88922519619332,45.567738062654705,45.78312172015864,21290000
2017-08-15 05:30:00+05:30,45.767730712890625,45.9826183309943,45.64862510266602,45.867480762207705,17668000
2017-08-16 05:30:00+05:30,46.002967834472656,46.287830057876775,45.82852545583672,45.92008953038423,20134000
2017-08-17 05:30:00+05:30,45.20991897583008,45.99800692261001,45.20991897583008,45.94441185344247,25544000
2017-08-18 05:30:00+05:30,45.19453811645508,45.42307159512893,45.02004649372596,45.17667056806279,26854000
2017-08-21 05:30:00+05:30,44.99552917480469,45.310170674586345,44.83374059134295,45.16128580028533,18868000
2017-08-22 05:30:00+05:30,45.89031219482422,45.94837509130992,45.234479757518656,45.2962683723051,23334000
2017-08-23 05:30:00+05:30,46.00495910644531,46.15036816541946,45.62580282697932,45.753348123318325,21804000
2017-08-24 05:30:00+05:30,45.7210807800293,46.19552299748788,45.43423454123241,46.087333285013024,25406000
2017-08-25 05:30:00+05:30,45.453590393066406,45.93324260120297,45.43423861627441,45.83076261868448,21068000
2017-08-28 05:30:00+05:30,45.35036087036133,45.62008925315963,45.254082854164984,45.459046589053955,21730000
2017-08-29 05:30:00+05:30,45.721580505371094,45.82282236710713,44.91314498607598,44.91810882469133,23712000
2017-08-30 05:30:00+05:30,46.13249969482422,46.19448520314443,45.64018989494472,45.660041462968834,26024000
2017-08-31 05:30:00+05:30,46.61686325073242,46.748376568579836,46.2411828537111,46.2411828537111,31652000
2017-09-01 05:30:00+05:30,46.518104553222656,46.773191315820014,46.40941883503,46.70619275168767,18948000
2017-09-05 05:30:00+05:30,46.0769157409668,46.50123116537027,45.75483039936179,46.30669110410414,26528000
2017-09-06 05:30:00+05:30,46.04515838623047,46.19925321748253,45.62133891263965,46.161287988897236,30554000
2017-09-07 05:30:00+05:30,46.44912338256836,46.47195098106808,45.83721197955997,46.239691809203734,24254000
2017-09-08 05:30:00+05:30,45.98014450073242,46.5007379768701,45.899746215190454,46.47592635564204,20230000
2017-09-11 05:30:00+05:30,46.10818099975586,46.569719551063244,46.0009870743429,46.36475958601594,25340000
2017-09-12 05:30:00+05:30,46.256568908691406,46.326543508481265,45.8491744487818,46.28237632561515,22688000
2017-09-13 05:30:00+05:30,46.40644836425781,46.51364229341428,46.1468937375189,46.18659687556188,22052000
2017-09-14 05:30:00+05:30,45.91115951538086,46.29130776092807,45.85607264548448,46.21587331808351,27952000
2017-09-15 05:30:00+05:30,45.67195129394531,45.97964490629129,45.47691523087322,45.88882673136075,50108000
2017-09-18 05:30:00+05:30,45.409420013427734,45.760784796861834,45.19105656349604,45.65805492580574,26138000
2017-09-19 05:30:00+05:30,45.74738693237305,45.777658396042554,45.28783241580533,45.529519478838715,18734000
2017-09-20 05:30:00+05:30,46.23225402832031,46.34639960843758,45.75681972113934,45.80545474209022,33396000
2017-09-21 05:30:00+05:30,46.27542495727539,46.47790487660978,45.84763373476711,46.302720387805934,25812000
2017-09-22 05:30:00+05:30,46.08088302612305,46.388576638797794,45.979148950211425,46.042175688371564,21054000
2017-09-25 05:30:00+05:30,45.70570373535156,45.97518225929418,45.1463991127506,45.928035255133366,37136000
2017-09-26 05:30:00+05:30,45.89875411987305,46.194536057173885,45.71413793839541,45.842179231470105,33338000
2017-09-27 05:30:00+05:30,46.87294387817383,47.14143036797624,46.0416807784182,46.0416807784182,44788000
2017-09-28 05:30:00+05:30,47.12157440185547,47.18063309424069,46.67740744807817,46.71760658495815,20406000
2017-09-29 05:30:00+05:30,47.59850311279297,47.632049724165675,47.2213309128051,47.24564652660144,31620000
2017-10-02 05:30:00+05:30,47.30867385864258,47.76872054562185,47.039191600160265,47.64167506909121,25668000
2017-10-03 05:30:00+05:30,47.532997131347656,47.54342081419019,47.103717839797405,47.34490891162893,17766000
2017-10-04 05:30:00+05:30,47.22977066040039,47.66202976365102,47.180639637277686,47.493789328891914,19048000
2017-10-05 05:30:00+05:30,48.136966705322266,48.18411370617134,47.403465842851425,47.4188533638481,24276000
2017-10-06 05:30:00+05:30,48.58013916015625,48.60842660192808,47.80941901427693,47.97517562328337,23478000
2017-10-09 05:30:00+05:30,48.4863395690918,48.90445679628668,48.44217238968034,48.63522442368395,17828000
2017-10-10 05:30:00+05:30,48.26798629760742,48.713145332120824,47.94441291700778,48.635230858209596,19368000
2017-10-11 05:30:00+05:30,49.09428787231445,49.16674249989779,48.25061325473489,48.32356767385465,33866000
2017-10-12 05:30:00+05:30,49.0238151550293,49.33597662949028,48.8833699421943,49.00495938278337,25248000
2017-10-13 05:30:00+05:30,49.11562728881836,49.489323691106904,49.08188000132636,49.23076108417982,23396000
2017-10-16 05:30:00+05:30,49.23075866699219,49.325401004783345,48.83373867924345,49.2357225054001,18210000
2017-10-17 05:30:00+05:30,49.23969268798828,49.45110448972942,49.061528379461,49.14589469807974,25804000
2017-10-18 05:30:00+05:30,49.27096176147461,49.46500583087603,48.981385566274305,49.21935071130757,21152000
2017-10-19 05:30:00+05:30,48.85607147216797,49.07592294755481,48.55532570983306,48.93299393103233,26272000
2017-10-20 05:30:00+05:30,49.04217529296875,49.18113248036504,48.862522959792216,49.10371401685845,23664000
2017-10-23 05:30:00+05:30,48.06202697753906,49.10768548447024,47.94639339519753,49.10768548447024,29568000
2017-10-24 05:30:00+05:30,48.165748596191406,48.24961891276987,47.692298368394894,48.13894916949544,24244000
2017-10-25 05:30:00+05:30,48.3042106628418,48.441183830112344,47.66847963386603,48.05805576593244,24226000
2017-10-26 05:30:00+05:30,48.265995025634766,49.01239957821491,48.24813126523405,48.63522736704138,40842000
2017-10-27 05:30:00+05:30,50.58411407470703,52.02927267947317,50.03473336653514,50.08386438970749,103354000
2017-10-30 05:30:00+05:30,50.47691345214844,50.86698936988566,49.99999118626432,50.322572531822665,41702000
2017-10-31 05:30:00+05:30,50.45358657836914,50.81884706650725,50.14490097142354,50.38311597946974,26614000
2017-11-01 05:30:00+05:30,50.89329528808594,51.10024306170599,50.46897605822922,50.481879767040475,27468000
2017-11-02 05:30:00+05:30,50.89725875854492,51.02182421571997,50.27343946228091,50.70768254421325,20980000
2017-11-03 05:30:00+05:30,51.23969268798828,51.24812856276158,50.63572115995284,50.725051318627195,21528000
2017-11-06 05:30:00+05:30,50.91313934326172,51.358302119464994,50.86847615723023,51.066492035754706,22504000
2017-11-07 05:30:00+05:30,51.28187561035156,51.31363887477932,50.874927953010854,50.98112986073933,22246000
2017-11-08 05:30:00+05:30,51.60544967651367,51.78768426206485,51.039693261757236,51.14242313450135,21774000
2017-11-09 05:30:00+05:30,51.17914581298828,51.31463095933002,50.60376084627722,51.31463095933002,24904000
2017-11-10 05:30:00+05:30,51.020835876464844,51.15433322304356,50.88237469128597,50.94093738512943,14400000
2017-11-13 05:30:00+05:30,50.905696868896484,51.19502693449379,50.7478839115701,50.790067072740285,17716000
2017-11-14 05:30:00+05:30,50.91810607910156,50.958305220597,50.33001804509275,50.748877424195406,19184000
2017-11-15 05:30:00+05:30,50.665504455566406,50.823317421755874,50.39304612461565,50.58113434218829,17080000
2017-11-16 05:30:00+05:30,51.24068832397461,51.410416773354946,50.745402481436805,50.745402481436805,22594000
2017-11-17 05:30:00+05:30,50.57518005371094,51.33597639552678,50.508681272263736,51.31562882099525,27942000
2017-11-20 05:30:00+05:30,50.53993606567383,50.74986362959301,50.496264892557825,50.63323804659325,19070000
2017-11-21 05:30:00+05:30,51.339439392089844,51.3702106442482,50.75209732877483,50.78460270588564,21940000
2017-11-22 05:30:00+05:30,51.41240310668945,51.5983066360566,51.18758777522234,51.36476009746265,14926000
2017-11-24 05:30:00+05:30,51.64316940307617,51.77061624854,51.36475900516171,51.40793417981483,10740000
2017-11-27 05:30:00+05:30,52.31810760498047,52.38014233808192,51.53547947191954,51.61289794040864,26158000
2017-11-28 05:30:00+05:30,51.98063278198242,52.723315372195174,51.612892257425585,52.36177680574575,28488000
2017-11-29 05:30:00+05:30,50.702728271484375,51.81538172136798,50.404466282526485,51.74590311805499,49188000
2017-11-30 05:30:00+05:30,50.69031524658203,51.04168005487371,50.37220172059315,50.737958253324926,34480000
2017-12-01 05:30:00+05:30,50.13249969482422,50.74391513859295,49.728035813936025,50.411905886620595,38192000
2017-12-04 05:30:00+05:30,49.5622673034668,50.42678537449118,49.40792639858799,50.256064940271905,38128000
2017-12-05 05:30:00+05:30,49.88336944580078,50.65061384604518,49.04615044190099,49.42629871210307,41346000
2017-12-06 05:30:00+05:30,50.53993606567383,50.866985217766874,49.68435364442556,49.70222118959068,25440000
2017-12-07 05:30:00+05:30,51.162776947021484,51.32704556240526,50.5246112665219,50.641683655312185,29164000
2017-12-08 05:30:00+05:30,51.46648406982422,51.714622940472275,51.24176724284421,51.48831965434307,25816000
2017-12-11 05:30:00+05:30,51.66748809814453,51.801481453829766,51.21835724247237,51.38957370928652,23856000
2017-12-12 05:30:00+05:30,51.636714935302734,52.1245568998282,51.29974564440155,51.594531773286825,25590000
2017-12-13 05:30:00+05:30,51.64316940307617,51.94366528671822,51.53249965126208,51.91661974847853,25654000
2017-12-14 05:30:00+05:30,52.06698989868164,52.53100846622461,51.76723614553814,51.86103414127662,31174000
2017-12-15 05:30:00+05:30,52.81338882446289,52.983613268189714,52.08435582661199,52.33795458082559,65518000
2017-12-18 05:30:00+05:30,53.4560661315918,53.52306469566698,52.704701562460826,52.90718527026602,31092000
2017-12-19 05:30:00+05:30,53.13547897338867,53.441184806197946,52.781634126976016,53.35979450916961,26774000
2017-12-20 05:30:00+05:30,52.85110855102539,53.26946812393466,52.68088410532427,53.19006564048792,25372000
2017-12-21 05:30:00+05:30,52.78559875488281,53.06847696887556,52.69448145997663,52.851109306990296,19914000
2017-12-22 05:30:00+05:30,52.61140823364258,52.813888173888905,52.577660945884936,52.66053925641192,15102000
2017-12-26 05:30:00+05:30,52.443668365478516,52.61140900996411,52.119099191928925,52.50967113995084,15212000
2017-12-27 05:30:00+05:30,52.077903747558594,52.524554542021356,52.01239698373034,52.47591952778091,25438000
2017-12-28 05:30:00+05:30,52.016868591308594,52.34490601205693,51.849620167414976,52.18858106237623,16742000
2017-12-29 05:30:00+05:30,51.930511474609375,52.09428406610581,51.85606904335651,51.946391214026214,17750000
2018-01-02 05:30:00+05:30,52.85358428955078,52.94986230134308,51.87244440762036,52.02678531507236,24752000
2018-01-03 05:30:00+05:30,53.72108840942383,53.91016864570542,52.764759966974026,52.8193508365865,28604000
2018-01-04 05:30:00+05:30,53.91562271118164,54.271455336055325,53.79661553689371,53.99502898076155,20092000
2018-01-05 05:30:00+05:30,54.70122528076172,54.80147511841195,54.193531811675086,54.29278963899694,25582000
2018-01-08 05:30:00+05:30,54.93497848510742,55.149866120086365,54.67095982938128,54.70123129291965,20952000
2018-01-09 05:30:00+05:30,54.9012336730957,55.11512930727735,54.651655951954346,55.057066403677275,18050000
2018-01-10 05:30:00+05:30,54.7200927734375,54.81885082362177,54.39751141387192,54.44664243634598,20856000
2018-01-11 05:30:00+05:30,54.86450958251953,54.91438271949177,54.57021566782898,54.90321692227562,19566000
2018-01-12 05:30:00+05:30,55.69527053833008,55.79601638419544,54.64762808756246,54.710158816834344,34410000
2018-01-16 05:30:00+05:30,55.67046356201172,56.57120525625367,55.4755259377319,56.20396071916962,31506000
2018-01-17 05:30:00+05:30,56.17766189575195,56.2084331534426,55.43473309942245,55.89180762703403,24052000
2018-01-18 05:30:00+05:30,56.0689697265625,56.203958868097494,55.45904613623243,56.14936800523843,23964000
2018-01-19 05:30:00+05:30,56.45209884643555,56.469470387810375,55.995028148932235,56.17021264682469,35564000
2018-01-22 05:30:00+05:30,57.36029052734375,57.56227446023891,56.33299553448241,56.45110914724933,32360000
2018-01-23 05:30:00+05:30,58.06301498413086,58.14524582927394,57.50619047085721,57.56078133213693,26662000
2018-01-24 05:30:00+05:30,57.77865219116211,58.5538364091276,57.62033944134248,58.428278935273944,28332000
2018-01-25 05:30:00+05:30,58.08287048339844,58.35929684484292,57.70520226187664,58.19006440615728,29610000
2018-01-26 05:30:00+05:30,58.354331970214844,58.354331970214844,57.47443007831587,58.31661664240436,40376000
2018-01-29 05:30:00+05:30,58.3414306640625,58.90272306149275,58.16277033564805,58.386097639315864,27578000
2018-01-30 05:30:00+05:30,57.7513542175293,58.38807722532311,57.74291455657504,57.95681017193072,31126000
2018-01-31 05:30:00+05:30,58.06153106689453,58.21339196429759,57.525054087435535,58.092794541260176,30774000
2018-02-01 05:30:00+05:30,57.95036315917969,58.26302062942556,57.44515342617763,57.69776018582842,48242000
2018-02-02 05:30:00+05:30,55.18113327026367,55.73547400239868,54.95175168171802,55.68237115370843,97158000
2018-02-05 05:30:00+05:30,52.39701461791992,55.08683956925645,52.209918419745144,54.12405935976354,75966000
2018-02-06 05:30:00+05:30,53.627784729003906,53.6828716021539,50.77602336861869,50.97667074430348,68960000
2018-02-07 05:30:00+05:30,52.03870391845703,53.68634623771288,52.022820391908624,53.67443453937646,47384000
2018-02-08 05:30:00+05:30,49.703216552734375,52.536962456967466,49.660537387087615,52.37765770045382,57182000
2018-02-09 05:30:00+05:30,51.502723693847656,51.80992132486519,49.25855363585542,50.483864550601425,70118000
2018-02-12 05:30:00+05:30,52.205448150634766,52.67989037385945,51.658945080736665,52.00991608653701,41154000
2018-02-13 05:30:00+05:30,52.21338653564453,52.52455216894356,51.81571911292265,51.86102975434887,25302000
2018-02-14 05:30:00+05:30,53.08683776855469,53.18708382610132,51.947881107027136,52.057059044380104,31116000
2018-02-15 05:30:00+05:30,54.07046890258789,54.16768972037614,52.82083854456963,53.551855644291564,36868000
2018-02-16 05:30:00+05:30,54.332496643066406,54.8223226022631,54.010558978167694,54.01537515079228,33590000
2018-02-20 05:30:00+05:30,54.712646484375,55.282866951989995,54.0208327996035,54.12257066299627,28462000
2018-02-21 05:30:00+05:30,55.153343200683594,56.27642020301784,54.90470827366589,54.91165613318555,30258000
2018-02-22 05:30:00+05:30,54.919593811035156,55.72306545709481,54.7190979034279,55.394036046654044,26344000
2018-02-23 05:30:00+05:30,55.92008590698242,55.94440151969328,54.82450133582856,55.21785237496053,25220000
2018-02-26 05:30:00+05:30,56.76177978515625,56.77220346784738,55.91537902241603,55.97021599895641,31182000
2018-02-27 05:30:00+05:30,55.49825668334961,56.77617062830554,55.4838649589421,56.63721343657824,35482000
2018-02-28 05:30:00+05:30,54.82529830932617,55.956811110673875,54.75135188573955,55.733487610623385,37652000
2018-03-01 05:30:00+05:30,53.07790756225586,55.09279431620366,52.95289531771841,54.98113256305667,50318000
2018-03-02 05:30:00+05:30,53.544410705566406,53.697214400110916,52.01562785909235,52.26202888072114,45432000
2018-03-05 05:30:00+05:30,54.14044189453125,54.446643729679366,53.05210415050917,53.35681796991353,24044000
2018-03-06 05:30:00+05:30,54.34539794921875,54.682371016958115,54.08311720835521,54.55184970646674,30656000
2018-03-07 05:30:00+05:30,55.06897735595703,55.19701865490999,53.87007204134129,54.05408999593254,25850000
2018-03-08 05:30:00+05:30,55.88088607788086,55.96029235261924,55.22579945648749,55.35086093153083,27102000
2018-03-09 05:30:00+05:30,57.570213317871094,57.607932432783485,56.201530441352794,56.37716172666961,42560000
2018-03-12 05:30:00+05:30,57.79154968261719,58.414380759798085,57.440184900912406,57.75929419952639,43446000
2018-03-13 05:30:00+05:30,56.48485565185547,58.399992414312685,56.24465660147949,58.064507352149604,38144000
2018-03-14 05:30:00+05:30,57.04663848876953,57.498253127139144,56.64713468801923,56.83423466919762,25828000
2018-03-15 05:30:00+05:30,57.05110549926758,57.621825747294984,56.30470475136143,57.06996505593682,27908000
2018-03-16 05:30:00+05:30,56.36376190185547,57.36376144209525,56.176665702236335,57.27741109748615,61840000
2018-03-19 05:30:00+05:30,54.58163070678711,55.681876319189044,54.04515372380921,55.58361427582476,56118000
2018-03-20 05:30:00+05:30,54.47691345214844,54.84862201899151,53.769716056783,54.54093219932872,36638000
2018-03-21 05:30:00+05:30,54.13795852661133,54.90321890444212,53.85359227893501,54.23026851167669,37578000
2018-03-22 05:30:00+05:30,52.063514709472656,53.74192825829559,51.90619775260949,53.69130922062191,53340000
2018-03-23 05:30:00+05:30,50.6982536315918,52.772199127816826,50.68088587624504,51.96177960428966,43134000
2018-03-26 05:30:00+05:30,52.26847839355469,52.38857981273346,50.04465598081995,51.91066173476996,53302000
2018-03-27 05:30:00+05:30,49.880889892578125,52.845604188471974,49.474934200176804,52.75433922107276,61906000
2018-03-28 05:30:00+05:30,49.85408401489258,50.83026009858743,48.66698834870811,49.52852665192981,67386000
2018-03-29 05:30:00+05:30,51.205448150634766,51.76177666141171,49.77170159991489,50.20495266962171,54536000
2018-04-02 05:30:00+05:30,49.948875427246094,51.35483058506541,49.149867832500824,50.76028693847742,53608000
2018-04-03 05:30:00+05:30,50.293296813964844,50.66947325473178,49.33349257574345,50.31810843543543,45502000
2018-04-04 05:30:00+05:30,50.87542724609375,51.052997119904965,49.28039178848185,49.30073936197883,49694000
2018-04-05 05:30:00+05:30,51.007930755615234,51.7513554900192,50.62683972489518,51.678900865440376,27260000
2018-04-06 05:30:00+05:30,49.97716522216797,51.18708857731955,49.778157321923665,50.62034012716415,34928000
2018-04-09 05:30:00+05:30,50.394535064697266,51.59304656711845,50.32654448202348,50.46153363686481,35032000
2018-04-10 05:30:00+05:30,51.1980094909668,51.42828087146477,50.19056604855137,50.93994288537986,39490000
2018-04-11 05:30:00+05:30,50.618858337402344,51.18431572898697,50.41538257875441,51.01687418684541,29678000
2018-04-12 05:30:00+05:30,51.241188049316406,51.647143756331545,50.69156119590947,50.87046764835799,27140000
2018-04-13 05:30:00+05:30,51.08039093017578,51.93150562040225,50.768229468550956,51.6565672690841,24460000
2018-04-16 05:30:00+05:30,51.51264572143555,51.77368835099451,50.95483294066934,51.46401070494847,24224000
2018-04-17 05:30:00+05:30,53.30817794799805,53.492794112984804,52.02281643850836,52.17716114101497,46406000
2018-04-18 05:30:00+05:30,53.204952239990234,53.47045890293108,52.91438027595463,53.47045890293108,26882000
2018-04-19 05:30:00+05:30,53.98014450073242,54.300987975299435,53.01141211791809,53.071958838418944,34954000
2018-04-20 05:30:00+05:30,53.248626708984375,54.21091093888287,53.08039006360281,53.69726154963472,37794000
2018-04-23 05:30:00+05:30,52.975181579589844,53.73299808456964,52.640192509248635,53.49180701408785,46826000
2018-04-24 05:30:00+05:30,50.61934280395508,52.456561131292545,50.15333647275878,52.208422235143956,95206000
2018-04-25 05:30:00+05:30,50.67890167236328,51.24019409419192,50.387587562131614,50.89428911533289,47822000
2018-04-26 05:30:00+05:30,51.6148796081543,52.00892357875088,50.53051373459591,51.0922983436544,41590000
2018-04-27 05:30:00+05:30,51.11909866333008,52.08435893177367,50.89775916591828,51.910662441237456,32396000
2018-04-30 05:30:00+05:30,50.487831115722656,51.464007201917006,50.46400772117948,51.11711025585024,33426000
2018-05-01 05:30:00+05:30,51.47939682006836,51.5369637153954,50.0352265217496,50.30569702956278,28558000
2018-05-02 05:30:00+05:30,50.837711334228516,51.63220190748213,50.76277289544227,51.022323722988624,32062000
2018-05-03 05:30:00+05:30,50.804954528808594,51.10048655116951,49.93994036796208,50.57071133385926,36302000
2018-05-04 05:30:00+05:30,52.02033996582031,52.03522769547663,50.466495656884376,50.466495656884376,38774000
2018-05-07 05:30:00+05:30,52.346885681152344,52.68882257913594,51.96524943564682,52.07095533780392,29322000
2018-05-08 05:30:00+05:30,52.303218841552734,52.632748064247075,51.967487660190635,52.53299421622445,24354000
2018-05-09 05:30:00+05:30,53.73497772216797,53.86797905718141,52.42505068974496,52.51115492180407,40656000
2018-05-10 05:30:00+05:30,54.46996307373047,54.61239228483152,53.877903278673436,53.897255053082276,28860000
2018-05-11 05:30:00+05:30,54.50421142578125,54.65657212401081,54.13945067564851,54.27294802898295,25074000
2018-05-14 05:30:00+05:30,54.60048294067383,55.12405618120061,54.54639187021465,54.59055905045449,30362000
2018-05-15 05:30:00+05:30,53.559791564941406,54.096764550957,53.27393731642061,54.094284524826406,29898000
2018-05-16 05:30:00+05:30,53.685855865478516,54.058064293999735,53.41240549808522,53.46451634405016,21946000
2018-05-17 05:30:00+05:30,53.528038024902344,53.938953789391135,53.275431243699195,53.592552788151345,20876000
2018-05-18 05:30:00+05:30,52.92108154296875,53.09874984777895,52.639195352004336,52.69775425581037,31304000
2018-05-21 05:30:00+05:30,53.5771598815918,53.99502722109449,53.28286598934361,53.303213561287905,20464000
2018-05-22 05:30:00+05:30,53.08832931518555,53.925052271542945,52.93746042733686,53.77468317522154,21800000
2018-05-23 05:30:00+05:30,53.582618713378906,53.63671356914358,52.690309168453524,52.86003759985011,21214000
2018-05-24 05:30:00+05:30,53.56028747558594,53.62132640437116,52.91065698322221,53.548375778423335,15336000
2018-05-25 05:30:00+05:30,53.38262176513672,53.72505089164157,53.28907366720822,53.54937038831117,17988000
2018-05-29 05:30:00+05:30,52.62133026123047,53.26897298749954,52.3682312914605,52.84812959535997,37302000
2018-05-30 05:30:00+05:30,52.99254608154297,53.0625206800554,52.44812924145268,52.755822859120165,22770000
2018-05-31 05:30:00+05:30,53.845645904541016,54.451105433204866,52.98063178105116,52.98063178105116,61766000
2018-06-01 05:30:00+05:30,55.55830383300781,55.5831192400455,54.51612110451686,54.55830426744131,48432000
2018-06-04 05:30:00+05:30,56.54043960571289,56.66947290689728,55.682623160109,55.698752796044495,37792000
2018-06-05 05:30:00+05:30,56.55880355834961,56.86043911137499,56.237710211977124,56.624806331968365,33560000
2018-06-06 05:30:00+05:30,56.42083740234375,56.724559201177485,55.86813233621286,56.683368049169005,33964000
2018-06-07 05:30:00+05:30,55.774681091308594,56.36822895300192,55.41041258790898,56.14490544361574,30400000
2018-06-08 05:30:00+05:30,55.62629318237305,55.91413523792205,55.19353808859791,55.49279583693953,25816000
2018-06-11 05:30:00+05:30,56.07889938354492,56.439692067320166,55.51363895942996,55.51363895942996,21586000
2018-06-12 05:30:00+05:30,56.54192352294922,56.56524712627329,56.115870200864585,56.13249584083147,18240000
2018-06-13 05:30:00+05:30,56.317108154296875,56.89825207891892,56.247133558106086,56.6312536156547,30128000
2018-06-14 05:30:00+05:30,57.177162170410156,57.343414794396296,56.60743768724737,56.766742451682745,26868000
2018-06-15 05:30:00+05:30,57.18410873413086,57.24167941646082,56.74862750899572,57.01537608780714,42450000
2018-06-18 05:30:00+05:30,58.23622512817383,58.27840829411657,56.75384332541151,56.75681935704521,28274000
2018-06-19 05:30:00+05:30,57.96823501586914,58.12753979426736,57.270965187217165,57.49379271760443,32420000
2018-06-20 05:30:00+05:30,58.05656433105469,58.87274278102621,58.02281704594933,58.32802684119872,32970000
2018-06-21 05:30:00+05:30,57.45209884643555,58.42654085290179,57.18271879129082,58.3052013169163,24762000
2018-06-22 05:30:00+05:30,57.343910217285156,57.69215132237108,56.93597052886166,57.52555036052441,26220000
2018-06-25 05:30:00+05:30,55.82183074951172,56.769719482801236,55.224807036564926,56.75433574773209,43146000
2018-06-26 05:30:00+05:30,55.50669479370117,56.23870389221836,55.41731540405546,55.980145061407256,31264000
2018-06-27 05:30:00+05:30,54.78807830810547,56.170509140994426,54.77021076235153,55.64961660613399,25878000
2018-06-28 05:30:00+05:30,55.296268463134766,55.69776008610385,54.392546933555685,54.694284710745485,21448000
2018-06-29 05:30:00+05:30,55.36723327636719,55.99140089438881,55.334974008154795,55.58311290505235,26302000
2018-07-02 05:30:00+05:30,55.95334243774414,55.98014186516903,54.28286877482241,54.540935371943874,24346000
2018-07-03 05:30:00+05:30,54.73398971557617,56.36823234767104,54.59155669733294,56.36823234767104,13580000
2018-07-05 05:30:00+05:30,55.7950325012207,55.95532928233327,55.01140857101004,55.11314644205346,21334000
2018-07-06 05:30:00+05:30,56.5841064453125,56.62182555819225,55.619690597106626,55.76078325142815,19922000
2018-07-09 05:30:00+05:30,57.27294158935547,57.30371284385501,56.745400292669544,56.99651523556588,18180000
2018-07-10 05:30:00+05:30,57.212890625,57.54787966872457,57.051601847680345,57.41835036988177,15968000
2018-07-11 05:30:00+05:30,57.265499114990234,57.781132512860076,56.625300253067934,56.803464571466314,22400000
2018-07-12 05:30:00+05:30,58.73348617553711,58.77964116300398,57.366488278484965,57.56276624364455,25038000
2018-07-13 05:30:00+05:30,58.99850082397461,59.325894545902976,58.560781915045865,58.80892082146555,24438000
2018-07-16 05:30:00+05:30,58.75234603881836,59.10668685298151,58.52505070927808,59.02678836646689,21114000
2018-07-17 05:30:00+05:30,59.4937858581543,59.70420944860593,58.094282506404355,58.17468078835937,32208000
2018-07-18 05:30:00+05:30,59.34886932373047,59.776660552572395,59.07393099360295,59.38261660850237,27872000
2018-07-19 05:30:00+05:30,58.90619659423828,59.55334334936696,58.72555224029552,59.10669251698679,25534000
2018-07-20 05:30:00+05:30,58.80445861816406,59.39751050983244,58.77021532463821,58.90619648824808,24948000
2018-07-23 05:30:00+05:30,59.8262939453125,59.87542496585613,58.61041098953917,58.610906994755815,52384000
2018-07-24 05:30:00+05:30,61.9394416809082,62.82877144618691,61.318102393602004,62.659542799088456,66364000
2018-07-25 05:30:00+05:30,62.714630126953125,62.82182404714775,61.49527514708107,61.49527514708107,42556000
2018-07-26 05:30:00+05:30,62.94440841674805,63.01592025542997,61.98609601295738,62.08435805761631,48112000
2018-07-27 05:30:00+05:30,61.464012145996094,63.220340217855586,61.09180375134578,63.076915189480815,42612000
2018-07-30 05:30:00+05:30,60.53298568725586,61.28613735191806,60.12256602135473,60.94340913945599,36998000
2018-07-31 05:30:00+05:30,60.409912109375,60.922467223403395,59.8312519969657,60.54638926537705,32894000
2018-08-01 05:30:00+05:30,60.546390533447266,61.214380817748214,60.06004038625298,60.942918301958095,31344000
2018-08-02 05:30:00+05:30,60.851104736328125,61.03621691114453,59.79105450962844,59.846141378751035,30626000
2018-08-03 05:30:00+05:30,60.730018615722656,61.04217629673706,60.300735544085526,61.02331673862328,21792000
2018-08-06 05:30:00+05:30,60.78261947631836,60.84803158516902,60.33730901475114,60.794035169082,21634000
2018-08-07 05:30:00+05:30,61.648624420166016,62.092791410324686,61.34837466820672,61.389565818808435,29880000
2018-08-08 05:30:00+05:30,61.816864013671875,62.35731283577001,61.439593342353234,61.56177722813773,27406000
2018-08-09 05:30:00+05:30,61.99006271362305,62.309762671874694,61.83671002390411,62.02976206061093,16972000
2018-08-10 05:30:00+05:30,61.41984176635742,61.821083485372874,61.14142759957144,61.687336245701054,22174000
2018-08-13 05:30:00+05:30,61.29080581665039,61.99864688447845,61.22286446332697,61.388571848982316,19946000
2018-08-14 05:30:00+05:30,61.642669677734375,61.82976587705116,60.79949487460056,61.299740753374465,26962000
2018-08-15 05:30:00+05:30,60.266990661621094,61.302225518697504,60.02529980727549,61.00545157959918,36576000
2018-08-16 05:30:00+05:30,59.87542724609375,60.843663542556975,59.679891380606556,60.780636800948244,26864000
2018-08-17 05:30:00+05:30,59.600982666015625,60.00098247624438,58.96971569050751,59.65408551462471,27792000
2018-08-20 05:30:00+05:30,59.93894958496094,60.09924635983691,59.286642123877996,59.802472420127124,17416000
2018-08-21 05:30:00+05:30,59.63373947143555,60.40991571619067,59.570909618143446,59.95036497774495,24112000
2018-08-22 05:30:00+05:30,59.9171142578125,60.14093378007894,59.50371471964633,59.55334174717575,17748000
2018-08-23 05:30:00+05:30,59.820343017578125,60.609423015089085,59.76376812783124,59.9076853784857,19852000
2018-08-24 05:30:00+05:30,60.57815933227539,60.62778636194919,59.868928611031194,59.991063279238084,18932000
2018-08-27 05:30:00+05:30,61.62876892089844,61.69179565581634,60.8295644782094,60.92306334833212,23126000
2018-08-28 05:30:00+05:30,61.0992431640625,61.66475347034537,60.97716151535853,61.602468846669524,26080000
2018-08-29 05:30:00+05:30,61.99999237060547,62.067486946211524,61.35776024257344,61.41190432600026,25978000
2018-08-30 05:30:00+05:30,61.49477767944336,62.21512489522372,61.17070832790965,61.748372643313836,26628000
2018-08-31 05:30:00+05:30,60.45606994628906,61.471949224682774,60.11339091768337,61.289320858672426,36328000
2018-09-04 05:30:00+05:30,59.404457092285156,60.1980086755781,59.18113357444855,59.76525357281565,36620000
2018-09-05 05:30:00+05:30,58.88237380981445,59.50420911859776,57.66748285396054,59.245646519111034,41226000
2018-09-06 05:30:00+05:30,58.1359748840332,58.87344384784306,57.17121055912879,58.87344384784306,37770000
2018-09-07 05:30:00+05:30,57.80792999267578,58.325547393995876,57.430011889415105,57.502220402893286,28026000
2018-09-10 05:30:00+05:30,57.798500061035156,58.28981784237908,57.57368853480023,58.173192248592336,22308000
2018-09-11 05:30:00+05:30,58.42976379394531,58.495270556038534,57.38162531006034,57.64911977444748,24186000
2018-09-12 05:30:00+05:30,57.70817565917969,58.491799509390425,57.48683617803756,58.1994934215384,25910000
2018-09-13 05:30:00+05:30,58.32902145385742,58.491802037945554,57.70966995582557,58.10123010895812,28624000
2018-09-14 05:30:00+05:30,58.1900634765625,58.581877306442195,57.98162769705614,58.516120645539615,18880000
2018-09-17 05:30:00+05:30,57.37220001220703,58.4238105798596,57.27195016432812,58.07145377608804,26130000
2018-09-18 05:30:00+05:30,57.62877655029297,58.36624545589058,57.423812801381594,57.423812801381594,24072000
2018-09-19 05:30:00+05:30,58.11860275268555,58.22381265629148,57.29924754556268,57.81537695895896,23828000
2018-09-20 05:30:00+05:30,58.90172576904297,59.051602644819205,58.23125544242857,58.56028864730506,24508000
2018-09-21 05:30:00+05:30,57.87046813964844,59.166745725601885,57.86798432700565,59.156322042361644,88112000
2018-09-24 05:30:00+05:30,58.231746673583984,58.46152580693436,56.91859756566887,57.42777906834586,25420000
2018-09-25 05:30:00+05:30,58.79155349731445,58.90222703178197,57.96525421161534,58.36971808340542,19554000
2018-09-26 05:30:00+05:30,58.58510208129883,59.266984291373426,58.30098196956823,58.816365455069715,29246000
2018-09-27 05:30:00+05:30,59.28733444213867,59.657558801914746,58.74093356916582,58.89477848823333,25216000
2018-09-28 05:30:00+05:30,59.22926712036133,59.32554513547581,58.78410435517966,59.14986085431678,27612000
2018-10-01 05:30:00+05:30,59.32058334350586,60.044652502602204,59.0719484277985,59.54787867639495,27152000
2018-10-02 05:30:00+05:30,59.55880355834961,60.04763755757506,58.88982120932517,59.104708858172174,33758000
2018-10-03 05:30:00+05:30,59.69974136352539,59.87145382794875,59.24713849126733,59.80147922860126,25124000
2018-10-04 05:30:00+05:30,57.97468566894531,59.429772016420294,57.34868158838017,59.32158228776153,44190000
2018-10-05 05:30:00+05:30,57.43671417236328,58.23820179668711,56.82976660660757,57.940435860019676,23686000
2018-10-08 05:30:00+05:30,57.02083969116211,57.96525641200176,55.9485785627566,57.0774145804809,38648000
2018-10-09 05:30:00+05:30,56.51711654663086,57.287832965627906,56.455180258560105,56.88088527608418,26174000
2018-10-10 05:30:00+05:30,53.65855026245117,56.18708631359201,53.65408242937787,56.132991456712155,53514000
2018-10-11 05:30:00+05:30,53.56425857543945,54.90817903551192,53.01587369134782,53.24763307626606,58980000
2018-10-12 05:30:00+05:30,55.09081268310547,55.334979777720214,53.91572328035809,54.98758680036194,42026000
2018-10-15 05:30:00+05:30,54.2059440612793,55.257853727507836,54.04465528451015,55.0327430900593,27448000
2018-10-16 05:30:00+05:30,55.64664077758789,55.79254582632349,54.71463181271404,54.81835369944203,38570000
2018-10-17 05:30:00+05:30,55.36922073364258,56.02927114906864,54.699246427696266,55.90371367728621,29344000
2018-10-18 05:30:00+05:30,53.9935417175293,55.67443537034452,53.45359266967527,55.67443537034452,41890000
2018-10-19 05:30:00+05:30,54.414886474609375,55.104712427395384,53.98262734911477,54.26153376183843,25352000
2018-10-22 05:30:00+05:30,54.648128509521484,55.197509191232946,54.143910806861655,54.74242250937911,30284000
2018-10-23 05:30:00+05:30,54.77368927001953,54.982125049203944,53.101727630713235,53.642172640948395,36974000
2018-10-24 05:30:00+05:30,52.144412994384766,54.89428892444622,52.04664694816212,54.80148671721502,39648000
2018-10-25 05:30:00+05:30,54.37071228027344,55.13547663254539,53.07939861084746,53.190564365135984,50916000
2018-10-26 05:30:00+05:30,53.174678802490234,54.914627126763364,51.31958912202644,51.465497944853254,83752000
2018-10-29 05:30:00+05:30,50.62430953979492,54.44366322386968,49.420834310067285,53.72058607561878,77614000
2018-10-30 05:30:00+05:30,51.42481231689453,51.488335068957404,49.66500831443368,50.0476404152394,64254000
2018-10-31 05:30:00+05:30,53.43770980834961,54.19056244154555,52.45656603740237,52.59602301795857,50596000
2018-11-01 05:30:00+05:30,53.10173034667969,53.79527819287967,52.72753793543866,53.3895724105418,29640000
2018-11-02 05:30:00+05:30,52.49577331542969,53.74564969183618,52.33795656850068,53.2868410709809,36780000
2018-11-05 05:30:00+05:30,51.617366790771484,52.52952425206701,50.68188193700972,52.35731576900428,48828000
2018-11-06 05:30:00+05:30,52.39751052856445,52.82108384082481,51.517112622839925,51.58708722178409,24666000
2018-11-07 05:30:00+05:30,54.26251983642578,54.36524971020342,52.89825181600936,53.05210051721853,41168000
2018-11-08 05:30:00+05:30,53.71710968017578,54.256566452246325,53.211154083877155,54.1627684609039,29764000
2018-11-09 05:30:00+05:30,52.9106559753418,53.37765431874683,52.26350930755544,53.299739856082226,26864000
2018-11-12 05:30:00+05:30,51.54490661621094,52.710662819230706,51.16624636848579,52.67443550491351,29436000
2018-11-13 05:30:00+05:30,51.416866302490234,52.436963505228604,51.17368743937391,51.776170967178786,30274000
2018-11-14 05:30:00+05:30,51.79452896118164,52.33567063443929,51.16624182468418,52.10917042778004,31318000
2018-11-15 05:30:00+05:30,52.83919906616211,53.19353990468014,51.20495647684598,51.846643370564856,36722000
2018-11-16 05:30:00+05:30,52.67939376831055,52.95284029455292,52.05855050668651,52.576167893969014,33162000
2018-11-19 05:30:00+05:30,50.62033462524414,52.64465291378877,50.434726459004715,52.46648861150207,37172000
2018-11-20 05:30:00+05:30,50.90619659423828,51.20297433236472,49.43026670544251,49.62778659859198,48982000
2018-11-21 05:30:00+05:30,51.49428939819336,52.03771427736658,51.28882963088297,51.45210623315567,30686000
2018-11-23 05:30:00+05:30,50.812896728515625,51.493294751057334,50.73939708236326,51.11661853027526,13830000
2018-11-26 05:30:00+05:30,52.040687561035156,52.07493085377874,51.31066251194047,51.5310099980645,38856000
2018-11-27 05:30:00+05:30,51.831756591796875,52.485355195726704,51.53795867686173,51.66252414633079,36064000
2018-11-28 05:30:00+05:30,53.907188415527344,53.9374598795694,51.40247182208586,52.047634529275605,49508000
2018-11-29 05:30:00+05:30,54.009918212890625,54.30495423760984,53.39949480397906,53.40346663208833,29378000
2018-11-30 05:30:00+05:30,54.31414031982422,54.370715210495135,53.49280103566561,54.04813383179817,51604000
2018-12-03 05:30:00+05:30,54.90966796875,55.81388549718283,54.77244869070427,55.738950844943574,39824000
2018-12-04 05:30:00+05:30,52.149864196777344,54.80991351042002,52.10817704327678,54.745394973122146,46904000
2018-12-06 05:30:00+05:30,53.038700103759766,53.161281543375395,51.15483067675385,51.32803115161956,55384000
2018-12-07 05:30:00+05:30,51.44316101074219,53.36276538383674,51.042169228434254,52.60594100744049,42024000
2018-12-10 05:30:00+05:30,51.59056091308594,52.032247863357824,50.783613462481625,51.3672336256557,36154000
2018-12-11 05:30:00+05:30,52.196022033691406,52.63522518499317,51.604954202002375,52.43125723933353,27894000
2018-12-12 05:30:00+05:30,52.78807830810547,53.679891900379005,52.74391112607517,53.00247372304621,30476000
2018-12-13 05:30:00+05:30,52.69974136352539,53.586091282421535,52.30420562028769,53.00594316404591,26596000
2018-12-14 05:30:00+05:30,51.71710968017578,52.73448069643032,51.65209892330714,52.108177590669534,33732000
2018-12-17 05:30:00+05:30,50.44813537597656,52.26550624836878,50.01984807961657,51.48932615826659,47708000
2018-12-18 05:30:00+05:30,51.0526008605957,52.08336791675684,50.69180437232231,50.922575546252155,43850000
2018-12-19 05:30:00+05:30,50.76972198486328,52.70470658121763,50.0272892248118,51.314634856532194,49586000
2018-12-20 05:30:00+05:30,50.094783782958984,51.32604674538226,49.447141032252354,50.52753888934379,53470000
2018-12-21 05:30:00+05:30,48.61240005493164,50.81984288772774,48.322077976863575,50.3870877993337,91920000
2018-12-24 05:30:00+05:30,48.447635650634766,49.803464030983505,48.1444098630065,48.332498072112095,31806000
2018-12-26 05:30:00+05:30,51.586097717285156,51.61289714563787,48.78411487429101,49.08237683657645,47466000
2018-12-27 05:30:00+05:30,51.805450439453125,51.805946444670326,49.478898212018336,50.47889773809106,42196000
2018-12-28 05:30:00+05:30,51.46798324584961,52.38510449860644,51.27046335949555,52.09031457793115,28296000
2018-12-31 05:30:00+05:30,51.3950309753418,52.2431696728436,50.798507035760835,52.156819322689465,29866000
2019-01-02 05:30:00+05:30,51.90321350097656,52.22430681417616,50.407432235083256,50.45011139911309,30652000
2019-01-03 05:30:00+05:30,50.424808502197266,52.45557509698363,50.32604666588562,51.66252330657634,36822000
2019-01-04 05:30:00+05:30,53.136966705322266,53.14341855987174,50.9884802088492,51.245157246269045,41878000
2019-01-07 05:30:00+05:30,53.02182388305664,53.30023803908472,52.34539773677241,53.17616858544918,39638000
2019-01-08 05:30:00+05:30,53.413387298583984,53.82430677906244,52.63175126262081,53.404951423947885,35298000
2019-01-09 05:30:00+05:30,53.33299255371094,53.72852451232473,52.92306508557568,53.67988949922554,23986000
2019-01-10 05:30:00+05:30,53.11810302734375,53.15879817248444,52.49180368346479,52.98559769618042,29128000
2019-01-11 05:30:00+05:30,52.46599578857422,52.792795066597165,52.03373671642569,52.76326571843411,30416000
2019-01-14 05:30:00+05:30,51.84564971923828,52.18510281738695,51.67517916233614,51.95631946376203,22886000
2019-01-15 05:30:00+05:30,53.45656204223633,53.60048306029553,51.97716029586862,52.11760549128232,29272000
2019-01-16 05:30:00+05:30,53.646141052246094,54.21214733334014,53.565246771798336,53.59800204538381,26636000
2019-01-17 05:30:00+05:30,54.08932113647461,54.18361513841397,53.27542577553338,53.571703708867574,24854000
2019-01-18 05:30:00+05:30,54.50421142578125,55.005055571914696,54.13895088409368,54.59056556207652,39112000
2019-01-22 05:30:00+05:30,53.12753677368164,54.16922348454228,52.77765998463036,53.99503099101271,32270000
2019-01-23 05:30:00+05:30,53.378150939941406,53.84266547650446,52.59303909686968,53.466489085018985,19340000
2019-01-24 05:30:00+05:30,53.29527282714844,53.571949064692376,52.64018628028893,53.423314105391064,27226000
2019-01-25 05:30:00+05:30,54.14341354370117,54.29279440982509,53.688326872420596,53.846143613375936,22382000
2019-01-28 05:30:00+05:30,53.10569763183594,53.74688847310223,52.79403219791114,53.60346345868098,25686000
2019-01-29 05:30:00+05:30,52.63621520996094,53.357308320221286,52.40023789854855,53.234726883584095,20436000
2019-01-30 05:30:00+05:30,54.047630310058594,54.14390832638265,52.945396960596895,53.023811217245914,25596000
2019-01-31 05:30:00+05:30,55.40296936035156,55.45061236586029,54.36277068162671,54.73944689238962,30766000
2019-02-01 05:30:00+05:30,55.12405776977539,55.831255183283375,54.83323969196794,55.205944065066795,29244000
2019-02-04 05:30:00+05:30,56.21834945678711,56.21834945678711,55.03820164778407,55.21884598225701,51530000
2019-02-05 05:30:00+05:30,56.87294387817383,56.91562304557691,55.446542645184145,55.82331730347729,71044000
2019-02-06 05:30:00+05:30,55.34639358520508,56.92306542976768,55.22430814890697,56.55433288109731,42112000
2019-02-07 05:30:00+05:30,54.52653884887695,54.830756623078564,53.895767922052435,54.79700933915435,40896000
2019-02-08 05:30:00+05:30,54.34539794921875,54.53646597229041,53.92306654939197,53.945398142838194,21516000
2019-02-11 05:30:00+05:30,54.342918395996094,54.88559732473736,54.23622047995844,54.43919641618791,21304000
2019-02-12 05:30:00+05:30,55.65110778808594,55.84589774594937,54.880883623167165,54.92803062303724,32182000
2019-02-13 05:30:00+05:30,55.59105682373047,56.314133985446745,55.508674522217035,55.83075986372551,20996000
2019-02-14 05:30:00+05:30,55.66599655151367,55.9915539370861,55.10892588609724,55.486344215230446,18952000
2019-02-15 05:30:00+05:30,55.267982482910156,56.162276150488836,55.119101397594555,56.083369667490516,28996000
2019-02-19 05:30:00+05:30,55.51165771484375,55.67691833313461,55.08684247322352,55.08684247322352,20928000
2019-02-20 05:30:00+05:30,55.275421142578125,55.75234717755814,54.85259375073205,55.58261874280414,21756000
2019-02-21 05:30:00+05:30,54.440189361572266,55.18311810376094,54.219345874858,55.12852723861364,28302000
2019-02-22 05:30:00+05:30,55.105201721191406,55.14837689206565,54.37219689524838,54.63522353475482,20990000
2019-02-25 05:30:00+05:30,55.057064056396484,55.510658936855016,54.95135436376531,55.384605457608735,28262000
2019-02-26 05:30:00+05:30,55.3414306640625,55.558798327150576,54.58659022648473,54.87592029624514,29426000
2019-02-27 05:30:00+05:30,55.38709259033203,55.482870825408504,54.64019198295833,54.935477917380524,19368000
2019-02-28 05:30:00+05:30,55.57914733886719,55.962771419176846,55.13696435029679,55.15135607474391,30850000
2019-03-01 05:30:00+05:30,56.62480545043945,56.7230674946276,55.8188499561449,55.82629382092888,29006000
2019-03-04 05:30:00+05:30,56.9627685546875,57.48286977875043,56.113637917014984,56.922569414476996,28920000
2019-03-05 05:30:00+05:30,57.668975830078125,58.04515225537699,56.883118015438725,57.07492816047068,28864000
2019-03-06 05:30:00+05:30,57.462032318115234,57.94371780024128,57.34441470255169,57.69180770499682,21986000
2019-03-07 05:30:00+05:30,56.73945236206055,57.407192842815554,56.32307296873548,57.35582789919595,23332000
2019-03-08 05:30:00+05:30,56.6908073425293,56.927034547840194,55.74688674536948,55.91710739722334,24248000
2019-03-11 05:30:00+05:30,58.350364685058594,58.37170805614781,56.7965203196477,56.7965203196477,34384000
2019-03-12 05:30:00+05:30,59.21587371826172,59.55334281231683,58.47443296456696,58.47443296456696,40262000
2019-03-13 05:30:00+05:30,59.221824645996094,59.599492851162665,59.153338065130164,59.58534723715807,28718000
2019-03-14 05:30:00+05:30,58.83621597290039,59.44812736135317,58.78311312643447,59.28087895250521,23456000
2019-03-15 05:30:00+05:30,58.78212356567383,59.38311529224077,58.69031337852478,59.22480254293871,49236000
2019-03-18 05:30:00+05:30,58.77220153808594,59.057063780296424,58.432797651706615,58.72455853158983,25852000
2019-03-19 05:30:00+05:30,59.49626541137695,59.553336298499254,58.85209476400144,58.99799980183451,30414000
2019-03-20 05:30:00+05:30,60.742919921875,60.900236876115834,59.36326435607966,59.421827049074516,44548000
2019-03-21 05:30:00+05:30,61.11859893798828,61.131006640875405,60.20594556245717,60.34738277373228,24080000
2019-03-22 05:30:00+05:30,59.8262939453125,61.042173114786465,59.693538717021745,60.85954475127679,34284000
2019-03-25 05:30:00+05:30,59.2059440612793,59.87085606338466,58.91016215425539,59.40098011925122,29936000
2019-03-26 05:30:00+05:30,58.79006576538086,59.69378730767583,58.39800580886961,59.48038768036716,38024000
2019-03-27 05:30:00+05:30,58.21438217163086,58.93591829951689,57.53696021699804,58.8337374400555,28004000
2019-03-28 05:30:00+05:30,57.989566802978516,58.142173596481655,57.5399891960569,58.140931690309486,19234000
2019-03-29 05:30:00+05:30,58.2287712097168,58.51065739399753,57.71115382760756,58.307677683684354,25398000
2019-04-01 05:30:00+05:30,59.276912689208984,59.387582432233295,58.66003744398166,58.76425911925235,25050000
2019-04-02 05:30:00+05:30,59.57765579223633,59.62033495634836,58.84415498780034,59.321077229776115,16558000
2019-04-03 05:30:00+05:30,59.84714126586914,60.362274899116024,59.5781587559502,59.924559733800514,20286000
2019-04-04 05:30:00+05:30,60.297760009765625,60.331011292785256,59.758306975351886,59.848133146879746,19000000
2019-04-05 05:30:00+05:30,59.908172607421875,60.35829920576716,59.80296271375987,60.29725649134607,18144000
2019-04-08 05:30:00+05:30,59.7439079284668,59.984602964050396,59.54638806184276,59.944899831391446,17204000
2019-04-09 05:30:00+05:30,59.41686248779297,59.66698542386209,59.209914723385914,59.354827758992535,17528000
2019-04-10 05:30:00+05:30,59.6605339050293,59.74117829054517,59.376413803394186,59.58708348789128,14492000
2019-04-11 05:30:00+05:30,59.78261947631836,59.94837609123345,59.559791970622165,59.74986798655146,14204000
2019-04-12 05:30:00+05:30,60.440189361572266,60.46400897086258,59.955819443008906,60.04961743711937,18668000
2019-04-15 05:30:00+05:30,60.600486755371094,60.75433167265763,60.005450872909854,60.44664183808456,23748000
2019-04-16 05:30:00+05:30,60.899742126464844,61.08287028756819,60.55185314308113,60.79403621732034,17126000
2019-04-17 05:30:00+05:30,61.356815338134766,61.566243131087916,60.933984137848206,61.19105872257389,24438000
2019-04-18 05:30:00+05:30,61.35830307006836,61.637705461121435,61.270956929388305,61.4977562629847,26636000
2019-04-22 05:30:00+05:30,61.9771614074707,61.98956532409174,60.95830233315041,61.33944258309672,16146000
2019-04-23 05:30:00+05:30,62.75681686401367,62.97766035733738,61.855079337945355,62.06897497161146,26398000
2019-04-24 05:30:00+05:30,62.332496643066406,62.92852833473088,62.2828696157719,62.73547628310465,20376000
2019-04-25 05:30:00+05:30,62.70222473144531,62.89865037506428,62.135476282402166,62.76773149848051,22146000
2019-04-26 05:30:00+05:30,63.13547134399414,63.17963852410644,62.54688356149811,62.977654607237994,24828000
2019-04-29 05:30:00+05:30,63.89974594116211,63.98362005419792,62.84342130684421,63.22580350933609,49988000
2019-04-30 05:30:00+05:30,58.98162841796875,59.19651605594184,58.31264610279667,58.808923941969404,124140000
2019-05-01 05:30:00+05:30,57.969215393066406,58.96028295694094,57.92455220941682,58.96028295694094,52784000
2019-05-02 05:30:00+05:30,57.69775390625,58.27244217313795,57.320184157901615,57.95333666951727,38896000
2019-05-03 05:30:00+05:30,58.828773498535156,58.89825209073991,58.01487817302292,58.24564554292457,39614000
2019-05-06 05:30:00+05:30,59.026790618896484,59.09924524387455,57.87889823519034,57.87889823519034,31278000
2019-05-07 05:30:00+05:30,58.267982482910156,59.07889801258723,57.61983996461566,58.58410819275789,31028000
2019-05-08 05:30:00+05:30,57.87939453125,58.58182500986882,57.853091109309574,58.164256766702366,26186000
2019-05-09 05:30:00+05:30,57.68634796142578,58.047640470899,57.11413962377841,57.52009532522977,23714000
2019-05-10 05:30:00+05:30,57.78014373779297,58.193543288636164,56.699745860506205,57.74639644932622,26290000
2019-05-13 05:30:00+05:30,56.180145263671875,56.969721266099185,55.68783543491599,56.67294731138533,37212000
2019-05-14 05:30:00+05:30,55.604949951171875,56.59651355442407,55.56078277117502,56.437208802500564,36732000
2019-05-15 05:30:00+05:30,57.77716064453125,58.13051324975123,55.417660019936044,55.47741161076987,45786000
2019-05-16 05:30:00+05:30,58.51016616821289,58.965748862513145,57.70917073453454,57.79204904306433,30628000
2019-05-17 05:30:00+05:30,57.682376861572266,58.5682308655447,57.56872729397723,57.988578693294606,24172000
2019-05-20 05:30:00+05:30,56.51860427856445,56.91299659681361,56.151011388409415,56.79899869047599,27066000
2019-05-21 05:30:00+05:30,57.0535888671875,57.20634333392742,56.473440699993105,56.9970139801652,23196000
2019-05-22 05:30:00+05:30,57.14242172241211,57.49477853147948,56.867979382531495,56.91066233574085,18290000
2019-05-23 05:30:00+05:30,56.613887786865234,56.87209825838484,56.04088438611019,56.60048807341125,23978000
2019-05-24 05:30:00+05:30,56.25160217285156,57.0602875476308,56.161776008515325,56.94093203513834,22240000
2019-05-28 05:30:00+05:30,56.28534698486328,57.15070564937318,56.234228160406715,56.27790312078791,27300000
2019-05-29 05:30:00+05:30,55.40743637084961,56.034731516716384,54.998500895164106,55.95631725704594,30764000
2019-05-30 05:30:00+05:30,55.48137664794922,55.73845121810021,55.1920465949551,55.36177502897417,19038000
2019-05-31 05:30:00+05:30,54.77070999145508,55.06698791846135,54.599493533190234,54.65458040296678,30156000
2019-06-03 05:30:00+05:30,51.42579650878906,52.8784026408867,50.8684759779692,52.8784026408867,102612000
2019-06-04 05:30:00+05:30,52.260536193847656,52.40942105495793,51.29974381474591,51.75681450745354,56670000
2019-06-05 05:30:00+05:30,51.72306823730469,52.285352626025706,51.14093606725862,52.18559878268545,43368000
2019-06-06 05:30:00+05:30,51.828277587890625,51.98460631483639,51.30024028262379,51.860536858225295,34064000
2019-06-07 05:30:00+05:30,52.90520477294922,53.14739164746855,52.0297706311743,52.1404441716377,36048000
2019-06-10 05:30:00+05:30,53.61686325073242,54.226290828748546,53.216961899214574,53.249614943728666,29284000
2019-06-11 05:30:00+05:30,53.534488677978516,54.6893252533781,53.47905346302912,54.29180921300469,28734000
2019-06-12 05:30:00+05:30,53.45061111450195,53.64415915999703,52.9796409223379,53.49875012327429,21220000
2019-06-13 05:30:00+05:30,54.033241271972656,54.30123175710908,53.60545002071658,53.77865050040802,21154000
2019-06-14 05:30:00+05:30,53.86351776123047,54.22778248892692,53.60654161557679,53.916616825126845,22230000
2019-06-17 05:30:00+05:30,54.218353271484375,54.5498665005429,53.90966764142528,53.90966764142528,18832000
2019-06-18 05:30:00+05:30,54.76922607421875,55.4039651371961,54.540442702959076,55.07145987277663,27734000
2019-06-19 05:30:00+05:30,54.70619583129883,54.93795521927746,54.26698888396777,54.868476624776434,26776000
2019-06-20 05:30:00+05:30,55.15731430053711,55.58907741145316,54.82580104613386,55.582625556805816,25240000
2019-06-21 05:30:00+05:30,55.676422119140625,55.78709186949948,54.99155625151225,55.04912693659235,38952000
2019-06-24 05:30:00+05:30,55.360782623291016,55.68236815683203,55.136959334269626,55.56375854909301,27912000
2019-06-25 05:30:00+05:30,53.913150787353516,55.30272663713781,53.78659749947912,55.21885630804178,30938000
2019-06-26 05:30:00+05:30,53.58808517456055,54.24167999853569,53.212896960481615,53.92059043320143,36218000
2019-06-27 05:30:00+05:30,53.39999008178711,53.95036277413282,53.36425877448817,53.796517857509905,20086000
2019-06-28 05:30:00+05:30,53.643165588378906,53.647629635074736,53.26896942985287,53.41884629533865,33864000
2019-07-01 05:30:00+05:30,54.488826751708984,54.966744845182426,54.27805859858877,54.49131056424171,28726000
2019-07-02 05:30:00+05:30,55.14887237548828,55.17467979124682,54.49974165769573,54.70172557803824,19832000
2019-07-03 05:30:00+05:30,55.661529541015625,55.91860413224405,55.27840525294814,55.454581768941104,15340000
2019-07-05 05:30:00+05:30,56.15829849243164,56.222321025181735,55.39155019169893,55.4739324891486,25286000
2019-07-08 05:30:00+05:30,55.4019775390625,55.8798918251512,55.14689076046542,55.83969268415039,24728000
2019-07-09 05:30:00+05:30,55.822818756103516,55.98137761096042,54.9463927033707,55.17616806134396,26608000
2019-07-10 05:30:00+05:30,56.59949493408203,56.677413192379966,56.12753648233123,56.13994418593404,24190000
2019-07-11 05:30:00+05:30,56.784603118896484,57.224306053867195,56.55482776100763,56.73696011510128,23910000
2019-07-12 05:30:00+05:30,56.818851470947266,56.93994490519269,56.51512966113453,56.773692275454636,17280000
2019-07-15 05:30:00+05:30,57.08881759643555,57.11264099010133,56.545892602073785,56.91611313755484,18076000
2019-07-16 05:30:00+05:30,57.24961853027344,57.49775744427222,56.823811305720476,56.87343833126037,24776000
2019-07-17 05:30:00+05:30,56.89080810546875,57.48683597124616,56.86202465872768,57.12008745529851,23400000
2019-07-18 05:30:00+05:30,56.88982009887695,56.953092949750676,56.21488192336091,56.662028748612755,25814000
2019-07-19 05:30:00+05:30,56.0843620300293,57.12852879996483,56.060538632997535,56.98212773994733,32944000
2019-07-22 05:30:00+05:30,56.47989273071289,56.53845542515183,55.79354264689984,56.25061336420676,26030000
2019-07-23 05:30:00+05:30,56.88386154174805,56.91810483275756,56.16872425853041,56.774183809475566,21874000
2019-07-24 05:30:00+05:30,56.46698760986328,56.77418522619384,55.93001462753775,56.17368949866682,31796000
2019-07-25 05:30:00+05:30,56.18460464477539,56.66003889640069,55.628775898858116,56.46748285619382,44196000
2019-07-26 05:30:00+05:30,62.05507278442383,62.806437345911014,60.74440368564502,60.74638770639767,96116000
2019-07-29 05:30:00+05:30,61.50917053222656,61.904206497577476,60.95433001842405,61.590560822079084,44474000
2019-07-30 05:30:00+05:30,60.80097961425781,61.28385771159497,60.709665436174646,60.814379327167224,29066000
2019-07-31 05:30:00+05:30,60.381134033203125,61.240688403570246,59.93865191979936,60.69478351730552,34510000
2019-08-01 05:30:00+05:30,60.00048828125,61.24614673357335,59.83721168876102,60.24961921445477,33970000
2019-08-02 05:30:00+05:30,59.25507736206055,59.89577221917585,59.00445463591391,59.590062623880264,32902000
2019-08-05 05:30:00+05:30,57.18708801269531,58.32455670789354,56.58262046487473,58.06649011603183,51950000
2019-08-06 05:30:00+05:30,58.06203079223633,58.55880466773675,57.568232948275906,57.73250155942493,34188000
2019-08-07 05:30:00+05:30,58.26251983642578,58.4836094205948,57.053289453906565,57.36971426618547,28886000
2019-08-08 05:30:00+05:30,59.79155731201172,59.80197720832482,58.21438560069851,58.70123178087113,29360000
2019-08-09 05:30:00+05:30,58.95830535888672,59.74589729735678,58.739593556463845,59.453591192190096,21314000
2019-08-12 05:30:00+05:30,58.29825210571289,58.80693762829212,57.94896978301298,58.52157561011388,20060000
2019-08-13 05:30:00+05:30,59.41786193847656,59.7905663631657,58.13697184801446,58.13697184801446,25888000
2019-08-14 05:30:00+05:30,57.78113555908203,58.674933229525564,57.59503136102458,58.37765948884187,31574000
2019-08-15 05:30:00+05:30,57.928524017333984,58.35433123671482,57.67294124192365,57.74192382888701,24374000
2019-08-16 05:30:00+05:30,58.44167709350586,58.69577185206579,58.154331054645624,58.53845111687133,26266000
2019-08-19 05:30:00+05:30,59.476417541503906,59.90023696345549,59.06152999980768,59.06152999980768,24632000
2019-08-20 05:30:00+05:30,58.69428253173828,59.357808791282324,58.66549908337455,59.317609650098724,18310000
2019-08-21 05:30:00+05:30,59.11909484863281,59.50371091340738,58.92951484485984,59.2133888453167,14814000
2019-08-22 05:30:00+05:30,59.03373718261719,59.454679007196304,58.490312362011,59.25904470871033,18950000
2019-08-23 05:30:00+05:30,57.135963439941406,59.259535727247254,56.960282953545224,58.659536073003466,33740000
2019-08-26 05:30:00+05:30,58.009422302246094,58.03820575151656,57.218850526295675,57.432250155910616,24522000
2019-08-27 05:30:00+05:30,57.957313537597656,58.67989475819816,57.64019200642041,58.587092552608595,21544000
2019-08-28 05:30:00+05:30,58.1151237487793,58.383114224891315,57.43423355085018,57.65308922132062,16040000
2019-08-29 05:30:00+05:30,59.1984977722168,59.35780251813486,58.61636186701619,58.61636186701619,21768000
2019-08-30 05:30:00+05:30,58.96277618408203,59.478905655284464,58.74952798727616,59.478905655284464,22596000
2019-09-03 05:30:00+05:30,57.98460388183594,58.90272089712399,57.72703708121411,58.41339092605463,29598000
2019-09-04 05:30:00+05:30,58.630760192871094,58.73349007006451,58.11413477552133,58.397509000381646,21378000
2019-09-05 05:30:00+05:30,60.118106842041016,60.20048914744032,59.13299500022738,59.13299500022738,28162000
2019-09-06 05:30:00+05:30,59.798004150390625,60.14961884923402,59.678500967007274,59.95681669471074,21442000
2019-09-09 05:30:00+05:30,59.77220153808594,60.545897768103934,59.18708952821224,59.751853964470676,29438000
2019-09-10 05:30:00+05:30,59.85110092163086,60.04961279557025,59.28435253164168,59.31263997199341,25202000
2019-09-11 05:30:00+05:30,60.5543327331543,60.67493015732203,59.66252290304623,59.722573612515326,26140000
2019-09-12 05:30:00+05:30,61.25309371948242,61.63075815575841,60.69577316172808,60.75929590720306,34518000
2019-09-13 05:30:00+05:30,61.51661682128906,61.58212358814052,60.89378570632474,61.10917313705777,26028000
2019-09-16 05:30:00+05:30,61.106685638427734,61.516613110372376,60.824303442192246,61.01835127749754,21066000
2019-09-17 05:30:00+05:30,60.9999885559082,61.29031062556814,60.72902204815212,61.062023283262015,19102000
2019-09-18 05:30:00+05:30,61.161773681640625,61.32058243310744,60.37368577310273,60.91859860921004,22702000
2019-09-19 05:30:00+05:30,61.47443389892578,61.75880013421897,61.14242465741862,61.14440867834019,19920000
2019-09-20 05:30:00+05:30,61.0386962890625,61.70321453427306,60.69874719257586,61.19700903545717,45400000
2019-09-23 05:30:00+05:30,61.24217224121094,61.49328718441918,60.75284227656265,60.84366045194628,21248000
2019-09-24 05:30:00+05:30,60.48435592651367,61.87294334059735,60.08336411030615,61.53845029941724,31664000
2019-09-25 05:30:00+05:30,61.86202621459961,61.95036436778528,60.054087144032835,60.33845338023603,29060000
2019-09-26 05:30:00+05:30,61.60742950439453,61.786585819672084,61.154724436874496,61.63571694509108,30760000
2019-09-27 05:30:00+05:30,60.798500061035156,61.7379528423924,60.27045898259754,61.687829813041134,27078000
2019-09-30 05:30:00+05:30,60.49626922607422,60.84366219824985,60.163763983234766,60.594035263507976,28082000
2019-10-01 05:30:00+05:30,59.80644607543945,61.10321961099574,59.731011628552125,60.49627199916591,25470000
2019-10-02 05:30:00+05:30,58.3935432434082,59.40346672659621,58.128528774303454,59.40346672659621,32302000
2019-10-03 05:30:00+05:30,58.949371337890625,59.01041405960488,57.68882512518281,58.56078719902371,32424000
2019-10-04 05:30:00+05:30,59.99999237060547,60.12108201447584,59.015872553332414,59.15086170261687,23248000
2019-10-07 05:30:00+05:30,59.93447494506836,60.4567570363217,59.73943889459315,59.77169816251745,16858000
2019-10-08 05:30:00+05:30,59.01388931274414,59.855080121833126,59.00793346357348,59.43374070942974,20786000
2019-10-09 05:30:00+05:30,59.66798400878906,59.96773398464551,59.43572482227212,59.521083159151225,17354000
2019-10-10 05:30:00+05:30,59.983612060546875,60.297757538546065,59.42133144893541,59.482870173687076,16932000
2019-10-11 05:30:00+05:30,60.32008361816406,60.96226644808891,60.235221296637796,60.65556864912087,25454000
2019-10-14 05:30:00+05:30,60.40395736694336,60.86003983620301,60.136962685048616,60.16574613237636,17350000
2019-10-15 05:30:00+05:30,61.68783187866211,61.90222350775951,60.56574691584611,60.56574691584611,27634000
2019-10-16 05:30:00+05:30,61.71909713745117,62.26996584838922,61.461530329215066,61.596515691876775,21892000
2019-10-17 05:30:00+05:30,62.18709182739258,62.69602352041575,62.031758880629035,62.08088990603315,19048000
2019-10-18 05:30:00+05:30,61.8109130859375,62.47592360213658,61.59205361027274,62.2064450871458,27056000
2019-10-21 05:30:00+05:30,61.84366226196289,62.264456438334214,61.568227908016986,62.14688805391777,20544000
2019-10-22 05:30:00+05:30,61.677406311035156,62.06450240135809,61.60693570935776,61.9280290311206,20476000
2019-10-23 05:30:00+05:30,62.487831115722656,62.52554644349272,61.65557222941775,61.65557222941775,18230000
2019-10-24 05:30:00+05:30,62.580135345458984,62.72951620881226,62.21909278278817,62.575667512372604,20562000
2019-10-25 05:30:00+05:30,62.78559494018555,63.00743042500519,62.03522237507877,62.08584140930966,24262000
2019-10-28 05:30:00+05:30,64.01983642578125,64.48187093804916,63.153334293471175,63.29775131552286,52264000
2019-10-29 05:30:00+05:30,62.66102981567383,63.60246661687388,62.39264178055414,63.33646395027355,37728000
2019-10-30 05:30:00+05:30,62.595027923583984,62.99552375521559,62.13398537634263,62.18212438842832,28178000
2019-10-31 05:30:00+05:30,62.53646469116211,62.91164908456663,62.07656185187581,62.5945275902726,29114000
2019-11-01 05:30:00+05:30,63.212894439697266,63.25656561781784,62.5558238154674,62.77914733097876,33402000
2019-11-04 05:30:00+05:30,64.08782196044922,64.22479511570099,63.34266315775771,63.347377100103145,30020000
2019-11-05 05:30:00+05:30,64.1205825805664,64.4630154770298,64.08082643933614,64.16326174475189,25654000
2019-11-06 05:30:00+05:30,64.10916900634766,64.20495481143975,63.64763424085217,63.99304320026914,23060000
2019-11-07 05:30:00+05:30,64.955810546875,65.6942675396044,64.23049958344694,64.23223370827989,40600000
2019-11-08 05:30:00+05:30,65.08039855957031,65.40943562782964,64.73275561166004,64.77816849740148,25028000
2019-11-11 05:30:00+05:30,64.47592163085938,64.83497639427907,64.38757969539478,64.67392993949373,20238000
2019-11-12 05:30:00+05:30,64.4565658569336,65.01239459358614,64.30618919409372,64.51611677226106,21718000
2019-11-13 05:30:00+05:30,64.41686248779297,64.72951236472149,64.19403120243683,64.2218226391682,16534000
2019-11-14 05:30:00+05:30,65.08484649658203,65.35978482217013,64.30023444406228,64.39204462555429,23870000
2019-11-15 05:30:00+05:30,66.24664306640625,66.24714285795687,65.22480409594581,65.45607127710072,35652000
2019-11-18 05:30:00+05:30,65.54341888427734,66.2793467712732,65.38460633839918,66.11512738972095,29748000
2019-11-19 05:30:00+05:30,65.28336334228516,65.89080689654897,65.15135023415858,65.89080689654897,25384000
2019-11-20 05:30:00+05:30,64.66747283935547,65.26052842452422,64.07690863892955,65.09873986819946,26172000
2019-11-21 05:30:00+05:30,64.5831069946289,65.14092728534797,64.16871928371938,64.58955884817401,19910000
2019-11-22 05:30:00+05:30,64.28485870361328,64.94937704184521,64.08982639929134,64.79503231551286,27714000
2019-11-25 05:30:00+05:30,64.84812927246094,65.07740483821895,64.42331406740566,64.47542111790541,20724000
2019-11-26 05:30:00+05:30,65.1885757446289,65.25061047671463,64.76872813097796,65.00544757983046,21394000
2019-11-27 05:30:00+05:30,65.1607894897461,65.42729199218486,64.99404084360334,65.26054334604211,19912000
2019-11-29 05:30:00+05:30,64.76226806640625,65.02256098335714,64.7131370494692,64.8694657661228,11740000
2019-12-02 05:30:00+05:30,64.01587677001953,64.8054489796977,63.57319776100069,64.56575349452078,30218000
2019-12-03 05:30:00+05:30,64.28186798095703,64.43973393005399,63.473928576053304,63.50221601562983,22876000
2019-12-04 05:30:00+05:30,65.53547668457031,65.79651932252534,64.75780861469353,64.86401431779517,30750000
2019-12-05 05:30:00+05:30,65.91215515136719,65.9730994314105,65.33200316544796,65.90570329667075,24254000
2019-12-06 05:30:00+05:30,66.53199768066406,66.69973831750863,66.1756690423759,66.1756690423759,26296000
2019-12-09 05:30:00+05:30,66.67790222167969,67.46648989602035,66.39402822734522,66.40395590378165,27086000
2019-12-10 05:30:00+05:30,66.73249816894531,66.99626693476351,66.30470691037269,66.57566964517135,21882000
2019-12-11 05:30:00+05:30,66.75035095214844,67.05704873084358,66.6337253752569,67.0391849729131,17008000
2019-12-12 05:30:00+05:30,67.01091003417969,67.28411427972895,66.52605163199475,66.79602237754818,25620000
2019-12-13 05:30:00+05:30,66.88981628417969,67.1510027835043,66.6932846319524,66.89576834670235,30992000
2019-12-16 05:30:00+05:30,67.55184936523438,67.72604184801332,67.1300101944443,67.32008241623066,27946000
2019-12-17 05:30:00+05:30,67.25159454345703,67.7419202854571,67.06315800656236,67.63720639572155,37080000
2019-12-18 05:30:00+05:30,67.12753295898438,67.51711289842932,67.04714224567046,67.32505663702509,30452000
2019-12-19 05:30:00+05:30,67.29727172851562,67.39950182789906,66.94714499702732,67.08784390417873,29398000
2019-12-20 05:30:00+05:30,66.97715759277344,67.67442731849732,66.94787435433022,67.66003938132583,66300000
2019-12-23 05:30:00+05:30,66.93994140625,67.48385846499603,66.82430782156663,67.28882618120298,17662000
2019-12-24 05:30:00+05:30,66.67790222167969,67.0104074426158,66.63919109891611,66.92306509325059,6950000
2019-12-26 05:30:00+05:30,67.51361846923828,67.55962956941555,66.72305447379622,66.80742077844977,13350000
2019-12-27 05:30:00+05:30,67.09130096435547,67.71859989474075,66.96326346568391,67.64216965615002,20768000
2019-12-30 05:30:00+05:30,66.30966186523438,67.14638854673004,66.20444818383356,66.99750369067553,21018000
2019-12-31 05:30:00+05:30,66.35334014892578,66.4019789533047,65.9595422750169,66.01041499614684,19236000
2020-01-02 05:30:00+05:30,67.85954284667969,67.89775418065835,66.57815309878687,66.57815309878687,28132000
2020-01-03 05:30:00+05:30,67.52653503417969,68.1141308205774,66.77636312898343,66.89130003014904,23728000
2020-01-06 05:30:00+05:30,69.19155883789062,69.3052008349893,66.99751179122029,66.99751179122029,34646000
2020-01-07 05:30:00+05:30,69.14837646484375,69.62728276362967,69.00147561904272,69.37666760347787,30054000
2020-01-08 05:30:00+05:30,69.69329071044922,70.05358738047906,69.02430463002621,69.08583956646167,30560000
2020-01-09 05:30:00+05:30,70.46302032470703,70.83522872013066,69.98857426760912,70.49974743078216,30018000
2020-01-10 05:30:00+05:30,70.95433807373047,71.21235167314282,70.38957362655471,70.84664056812932,36414000
2020-01-13 05:30:00+05:30,71.42578887939453,71.48980762246067,70.77020635710151,71.27194397944992,33046000
2020-01-14 05:30:00+05:30,71.01140594482422,71.55333901128671,70.88684425949981,71.41488160630941,31178000
2020-01-15 05:30:00+05:30,71.4242935180664,71.53322533414301,70.97813878690302,70.97813878690302,25654000
2020-01-16 05:30:00+05:30,72.04466247558594,72.05905798791959,71.50967344068464,71.83325063269761,23474000
2020-01-17 05:30:00+05:30,73.4684829711914,73.51339605946397,72.36823725640721,72.60098867794581,47924000
2020-01-21 05:30:00+05:30,73.66748809814453,74.03721268737883,73.01239767610865,73.40545344385005,40734000
2020-01-22 05:30:00+05:30,73.74441528320312,74.60118679779845,73.69379245350329,73.99503804636632,32216000
2020-01-23 05:30:00+05:30,73.77914428710938,74.2193470475533,73.55334452603668,73.8282828829106,27024000
2020-01-24 05:30:00+05:30,72.78956604003906,74.21809888383184,72.71710384500471,74.1235549915752,35692000
2020-01-27 05:30:00+05:30,71.1612777709961,71.3682293216221,70.53100280630098,71.01736053217846,35104000
2020-01-28 05:30:00+05:30,72.08731079101562,72.25803498177733,71.09028757504458,71.61287246767998,31548000
2020-01-29 05:30:00+05:30,72.3885726928711,72.7260379651945,71.79849311259875,72.39700856741933,21554000
2020-01-30 05:30:00+05:30,72.25010681152344,72.32156942112606,71.28534265039244,71.46201893995891,26788000
2020-01-31 05:30:00+05:30,71.17764282226562,72.95927805285721,70.8947608817453,72.89823534693221,48344000
2020-02-03 05:30:00+05:30,73.74391174316406,73.94540346854714,72.40644680609876,72.55582390226932,60736000
2020-02-04 05:30:00+05:30,71.81488037109375,72.92802972873821,70.78411331963115,72.31115822916287,78660000
2020-02-05 05:30:00+05:30,71.87245178222656,72.64714386938017,70.99552960009365,72.5766732572411,39724000
2020-02-06 05:30:00+05:30,73.26201629638672,73.5483665197424,71.93893953448685,71.97665864546519,33588000
2020-02-07 05:30:00+05:30,73.41091918945312,73.7389566457978,72.77170845680672,72.8188554639676,23446000
2020-02-10 05:30:00+05:30,74.87244415283203,74.91313929966732,73.16723874540432,73.16723874540432,28398000
2020-02-11 05:30:00+05:30,74.87789916992188,75.91214195202885,74.72147200319553,75.02777603896615,26892000
2020-02-12 05:30:00+05:30,75.34837341308594,75.46872472681238,74.84415949040542,75.16028520253177,23352000
2020-02-13 05:30:00+05:30,75.16921997070312,75.79055927256776,74.66996610624523,75.07145014795417,18590000
2020-02-14 05:30:00+05:30,75.47096252441406,75.47096252441406,74.80594443068485,75.21587194600436,23956000
2020-02-18 05:30:00+05:30,75.41785430908203,76.01140219865952,75.06649328372505,75.1860949138138,22414000
2020-02-19 05:30:00+05:30,75.76625061035156,76.03503245583889,75.50371615942464,75.68585232180874,18986000
2020-02-20 05:30:00+05:30,75.34242248535156,75.91264676090906,74.7801418661208,75.53348673013704,21932000
2020-02-21 05:30:00+05:30,73.70272064208984,75.04787927203816,73.4709612485606,74.84018559824868,34634000
2020-02-24 05:30:00+05:30,70.55035400390625,71.31363404543069,70.04415610067947,70.77466950953685,57342000
2020-02-25 05:30:00+05:30,68.90570068359375,71.3717024837463,68.6054546959806,71.11661947805261,49566000
2020-02-26 05:30:00+05:30,69.14043426513672,70.2580590131553,68.43671263578089,69.28733511403237,44048000
2020-02-27 05:30:00+05:30,65.41388702392578,68.07462558918532,65.36822425383973,67.5960146343348,59566000
2020-02-28 05:30:00+05:30,66.46797180175781,66.55779795953224,63.07690561160681,63.39948692858151,75782000
2020-03-02 05:30:00+05:30,68.93844604492188,69.02579596948837,65.84688724094975,67.07740421904745,48630000
2020-03-03 05:30:00+05:30,66.5702133178711,69.98261550134394,66.10420318090857,69.4501103772567,48046000
2020-03-04 05:30:00+05:30,68.80990600585938,68.88782804208445,66.6555699506885,67.45556952259929,38266000
2020-03-05 05:30:00+05:30,65.4610366821289,67.43969621876708,64.76921918313089,67.00743712292649,51226000
2020-03-06 05:30:00+05:30,64.43721008300781,64.82479839546724,62.58311611834475,63.37765587779967,53212000
2020-03-09 05:30:00+05:30,60.32554626464844,62.270954400594015,59.55333810175723,59.81636473923211,67308000
2020-03-10 05:30:00+05:30,63.54291915893555,63.580638273986885,60.48485383299144,62.531007914992486,52228000
2020-03-11 05:30:00+05:30,60.31810760498047,62.57865341026819,59.35830716209071,62.019844812142125,52170000
2020-03-12 05:30:00+05:30,55.330509185791016,59.24912070652456,55.250610698131744,55.880881864573276,84534000
2020-03-13 05:30:00+05:30,60.532501220703125,60.53398923649194,55.441336604698826,58.51116239893116,74002000
2020-03-16 05:30:00+05:30,53.812896728515625,57.18446022019943,53.32207871068787,54.39205290243332,85048000
2020-03-17 05:30:00+05:30,55.57319259643555,56.122073478803294,52.40743364996148,54.24862392923676,77230000
2020-03-18 05:30:00+05:30,54.4317626953125,54.91315288598142,51.477914773819315,52.432259278605244,84668000
2020-03-19 05:30:00+05:30,55.349369049072266,57.46748167922218,52.61081069570766,54.24564765415218,73022000
2020-03-20 05:30:00+05:30,53.21686553955078,56.77368866646518,52.87790844707976,56.36326517332851,72036000
2020-03-23 05:30:00+05:30,52.43770980834961,53.167238830694636,50.299544890365645,52.67096099631564,80882000
2020-03-24 05:30:00+05:30,56.30073928833008,56.3275387176005,54.125055755218135,54.77766237135954,66890000
2020-03-25 05:30:00+05:30,54.714134216308594,57.0173590272589,53.89626705799337,55.9042097434777,81630000
2020-03-26 05:30:00+05:30,57.65507888793945,58.063018570868294,54.269468414273796,55.17616974367751,71434000
2020-03-27 05:30:00+05:30,55.122074127197266,57.105201415370466,54.883862890441534,55.86450684722796,64170000
2020-03-30 05:30:00+05:30,56.91413116455078,57.15284218347833,54.415870376162985,55.83323740240344,51482000
2020-03-31 05:30:00+05:30,57.70767593383789,58.32802316180569,56.48336100737121,56.937951637768364,49728000
2020-04-01 05:30:00+05:30,54.869468688964844,56.06401208292626,54.464012814336535,55.68237203172245,46884000
2020-04-02 05:30:00+05:30,55.62480926513672,55.92356724396561,54.41190601517733,54.50421221587272,39298000
2020-04-03 05:30:00+05:30,54.485355377197266,55.758801534645066,53.58858166669556,55.53423610308015,46268000
2020-04-06 05:30:00+05:30,58.904205322265625,59.28832536945817,56.12604240903636,56.476415172043325,53294000
2020-04-07 05:30:00+05:30,58.88386154174805,60.79403443287424,58.67145393292798,60.59552254277233,47746000
2020-04-08 05:30:00+05:30,60.063514709472656,60.499741842924266,58.9657491205691,59.87592250269854,39502000
2020-04-09 05:30:00+05:30,60.121578216552734,60.82232380996877,59.39130705964611,60.748377380759834,43508000
2020-04-13 05:30:00+05:30,60.4248046875,60.57120953185182,58.93786049065735,60.00892511851571,34796000
2020-04-14 05:30:00+05:30,62.989070892333984,63.62629373229565,61.38609558099836,61.79105923957873,49408000
2020-04-15 05:30:00+05:30,62.653587341308594,63.54639293491426,61.55830181891083,61.81686062694709,33434000
2020-04-16 05:30:00+05:30,62.70322036743164,63.47394059948985,61.66848145844867,63.23076550232231,50362000
2020-04-17 05:30:00+05:30,63.68485641479492,64.2396931977291,63.088332472351915,63.7642626917449,38980000
2020-04-20 05:30:00+05:30,62.859046936035156,63.602967665943744,62.5989963266937,63.07691059844318,33910000
2020-04-21 05:30:00+05:30,60.3642578125,62.24663922407477,60.035224617592846,61.88584276439419,43060000
2020-04-22 05:30:00+05:30,62.6903076171875,63.80211649588622,61.637701311800775,61.81338559177496,41848000
2020-04-23 05:30:00+05:30,63.34043502807617,64.1841058371172,62.812397711164635,63.10420780735259,31324000
2020-04-24 05:30:00+05:30,63.489322662353516,63.54341373820569,62.00743694500075,62.589073141844395,32792000
2020-04-27 05:30:00+05:30,63.319091796875,64.32505091364293,62.977654693877525,64.31760704941487,32012000
2020-04-28 05:30:00+05:30,61.224308013916016,63.923064937095035,61.15135738104774,63.917112874248254,59026000
2020-04-29 05:30:00+05:30,66.57467651367188,67.49328575621654,65.77368487567767,66.57368450322917,75872000
2020-04-30 05:30:00+05:30,66.93099975585938,67.13745150028522,65.63223858566572,65.75085576369771,53378000
2020-05-01 05:30:00+05:30,65.5389404296875,67.1002283446511,65.06201822300774,65.9305043144604,41450000
2020-05-04 05:30:00+05:30,65.84614562988281,65.88883237328761,64.46649372622475,64.92456027022979,30080000
2020-05-05 05:30:00+05:30,67.05258178710938,68.1855862946255,66.37516747994007,66.39799886225222,33030000
2020-05-06 05:30:00+05:30,66.86351013183594,68.04564580472392,66.86301791291726,67.5776592020445,24308000
2020-05-07 05:30:00+05:30,68.11710357666016,68.36722649555365,67.25903732822962,67.78856640329671,27952000
2020-05-08 05:30:00+05:30,68.9017333984375,69.41736683214643,68.26203049727442,68.64168276478011,27738000
2020-05-11 05:30:00+05:30,69.64068603515625,70.29924466776686,68.34499922471376,68.40098344809866,28242000
2020-05-12 05:30:00+05:30,68.2749252319336,70.22330934832881,68.22678622430837,69.83224522503453,27812000
2020-05-13 05:30:00+05:30,66.96424865722656,68.75839399205269,65.92553811831527,68.33993223098598,36252000
2020-05-14 05:30:00+05:30,67.30172729492188,67.36574604326661,65.7027200978283,66.25408100000243,32062000
2020-05-15 05:30:00+05:30,68.14837646484375,68.2123952154045,66.4515993888272,66.99750803892465,34154000
2020-05-18 05:30:00+05:30,68.68186950683594,69.09799893312575,67.2084236040523,67.58063195972629,36448000
2020-05-19 05:30:00+05:30,68.16301727294922,69.08187645582457,68.16301727294922,68.83359364694923,25612000
2020-05-20 05:30:00+05:30,69.81239318847656,69.99602113426154,68.8461447400345,68.9617707495273,33108000
2020-05-21 05:30:00+05:30,69.61785125732422,70.24762641097432,69.15383271208206,69.87591784135887,27700000
2020-05-22 05:30:00+05:30,69.99601745605469,70.11214325095916,69.07343266017584,69.31561949895216,26188000
2020-05-26 05:30:00+05:30,70.32356262207031,71.51364200837564,70.08088353827506,71.32852982304237,41212000
2020-05-27 05:30:00+05:30,70.36425018310547,70.55779822298318,69.0466332245921,70.33497451808856,33716000
2020-05-28 05:30:00+05:30,70.30917358398438,71.5056972334195,69.280390574892,69.32306974282896,33844000
2020-05-29 05:30:00+05:30,70.91413116455078,71.09527529947499,70.14143075973779,70.31959129075078,36418000
2020-06-01 05:30:00+05:30,71.05805969238281,71.3627735097976,70.37220181427762,70.39155737771887,24342000
2020-06-02 05:30:00+05:30,71.42528533935547,71.44464089869888,70.41337427365035,70.99501034643957,25562000
2020-06-03 05:30:00+05:30,71.28434753417969,71.7891596287412,70.95665850476367,71.37963353369767,25124000
2020-06-04 05:30:00+05:30,70.08336639404297,71.41239538334152,69.71364181996523,70.98758015146403,29686000
2020-06-05 05:30:00+05:30,71.38410949707031,71.71463071575131,69.77666638275234,70.13249522653545,34698000
2020-06-08 05:30:00+05:30,71.79205322265625,71.86053981343585,70.58758582072802,70.58758582072802,28084000
2020-06-09 05:30:00+05:30,72.2659912109375,72.8535870093647,71.62331232935081,71.73001024545158,28184000
2020-06-10 05:30:00+05:30,72.74689483642578,73.16421321276418,72.27145676024894,72.43373756383694,30504000
2020-06-11 05:30:00+05:30,69.66947174072266,72.18237060102135,69.57815376809015,71.58708858521233,39826000
2020-06-12 05:30:00+05:30,70.13298797607422,71.31512366180317,68.78510324712983,70.89279225239302,38928000
2020-06-15 05:30:00+05:30,70.46400451660156,70.70965960709182,68.87939287616906,69.02231809743643,30078000
2020-06-16 05:30:00+05:30,71.59899139404297,72.20941095967879,70.764248752909,71.7230608424095,34184000
2020-06-17 05:30:00+05:30,72.015869140625,72.45656410159347,71.03621717639088,71.81934505603064,30992000
2020-06-18 05:30:00+05:30,71.26350402832031,72.03025989872235,70.81934084639603,71.91859436387979,31638000
2020-06-19 05:30:00+05:30,71.05308532714844,71.8511008956437,70.53844396476676,71.66251290416692,63158000
2020-06-22 05:30:00+05:30,72.05260467529297,72.09676807678245,70.63076578176296,70.91810807763375,30848000
2020-06-23 05:30:00+05:30,72.67542266845703,73.24768398407949,71.72406189560695,72.24018753394067,28596000
2020-06-24 05:30:00+05:30,71.06550598144531,73.22183395490049,70.95533223257506,72.53150821974612,35120000
2020-06-25 05:30:00+05:30,71.53001403808594,71.60792851044303,70.47145555214432,70.96277335572101,24610000
2020-06-26 05:30:00+05:30,67.48882293701172,71.1389441540692,67.09626700273753,71.03671407415443,85354000
2020-06-29 05:30:00+05:30,69.2292709350586,69.26053819765389,66.84912724256009,67.40346423063545,36204000
2020-06-30 05:30:00+05:30,70.1543197631836,70.40445024737664,68.68285795744086,69.00445104886136,40848000
2020-07-01 05:30:00+05:30,71.36672973632812,71.61288460372084,69.96623076259365,70.02975728639103,35504000
2020-07-02 05:30:00+05:30,72.68982696533203,73.59553264754946,71.78262948090733,71.8084369018332,37182000
2020-07-06 05:30:00+05:30,74.22828674316406,74.7687280277186,73.09478217979469,73.45210286207512,31280000
2020-07-07 05:30:00+05:30,73.70618438720703,75.27540839292254,73.62528632495045,73.94538760639276,29164000
2020-07-08 05:30:00+05:30,74.2431640625,74.73348224188611,73.72852269677605,74.15978975316641,24994000
2020-07-09 05:30:00+05:30,74.98707580566406,75.56921170142904,73.85035312552148,74.76176829848744,28466000
2020-07-10 05:30:00+05:30,76.51315307617188,76.6168749838268,74.26998224099927,74.74690461408152,37126000
2020-07-13 05:30:00+05:30,75.00444793701172,78.26955531662547,74.70186963783964,76.92305651710629,36928000
2020-07-14 05:30:00+05:30,75.4630126953125,75.58063029727721,73.62281821935085,73.96078329633286,31700000
2020-07-15 05:30:00+05:30,75.11859130859375,76.19502099520045,74.342415139968,75.58956148002646,32214000
2020-07-16 05:30:00+05:30,75.33497619628906,75.36921948776053,73.7622686009857,74.44167458672857,30386000
2020-07-17 05:30:00+05:30,75.21338653564453,75.6049504894592,74.36326384385416,75.51463210009686,29134000
2020-07-20 05:30:00+05:30,77.70320892333984,77.93000823597262,74.62032851713197,75.19898859976412,31146000
2020-07-21 05:30:00+05:30,77.34092712402344,78.75879778961406,77.13546737568947,78.75879778961406,24324000
2020-07-22 05:30:00+05:30,77.8406753540039,77.91561378566698,76.72951015896744,77.4441513951141,18640000
2020-07-23 05:30:00+05:30,75.2198257446289,78.00841217341717,74.8085125215312,77.76524091227655,32552000
2020-07-24 05:30:00+05:30,75.03074645996094,75.31689978978966,73.86598245760713,74.38856743938653,30880000
2020-07-27 05:30:00+05:30,75.9404296875,76.47491880857832,75.1965052199925,75.21586078080796,24920000
2020-07-28 05:30:00+05:30,74.45854949951172,75.75581901619748,74.32555194231135,75.6913080448492,34044000
2020-07-29 05:30:00+05:30,75.53447723388672,75.99264218064526,74.5076782686986,74.75532496809936,22130000
2020-07-30 05:30:00+05:30,76.00247192382812,76.32108144896321,74.05557189784575,74.29279113025488,33428000
2020-07-31 05:30:00+05:30,73.59601593017578,74.88584145993447,72.16028157563557,74.69030939824232,68798000
2020-08-03 05:30:00+05:30,73.17369079589844,73.96872281811605,72.73646407571327,73.77865058359723,46604000
2020-08-04 05:30:00+05:30,72.70320892333984,73.72504780335576,72.38956703528302,73.27889301271779,38070000
2020-08-05 05:30:00+05:30,73.13199615478516,73.5687230839682,72.62827444230203,72.9181005236001,39590000
2020-08-06 05:30:00+05:30,74.44664001464844,74.56028958464269,72.75433824535169,73.03969650401996,39908000
2020-08-07 05:30:00+05:30,74.1682357788086,75.27765947187612,73.53051688260717,74.4416823475719,31556000
2020-08-10 05:30:00+05:30,74.24812316894531,74.64390502378875,73.10569068546498,73.80544421227378,25786000
2020-08-11 05:30:00+05:30,73.4649887084961,74.93794226105959,73.34985493296064,74.0664801443538,29088000
2020-08-12 05:30:00+05:30,74.77021789550781,75.0563712798316,73.70966778362227,73.72604731602124,28740000
2020-08-13 05:30:00+05:30,75.3573226928711,76.29032762210389,74.83896306187438,74.95483899060564,29104000
2020-08-14 05:30:00+05:30,74.8252944946289,75.52852387249658,74.584599445089,75.21884244883967,27096000
2020-08-17 05:30:00+05:30,75.33399200439453,75.71265227074811,74.83721433074187,75.16971960302648,27566000
2020-08-18 05:30:00+05:30,77.34986877441406,77.54192503788033,75.6183560812952,75.74093374617686,40542000
2020-08-19 05:30:00+05:30,76.80049133300781,78.0982531022047,76.62282300938666,77.08733382002706,33212000
2020-08-20 05:30:00+05:30,78.49874114990234,78.70320887210534,76.33745348921454,76.5979963005962,34138000
2020-08-21 05:30:00+05:30,78.43275451660156,79.29131315177301,77.81662508793919,78.26451406926564,28930000
2020-08-24 05:30:00+05:30,78.81885528564453,80.1076889801324,78.44019502689044,79.10569777707215,28198000
2020-08-25 05:30:00+05:30,79.81239318847656,79.98112582674689,78.51462398693037,78.51462398693037,44942000
2020-08-26 05:30:00+05:30,82.00395965576172,82.34340896746689,79.58311342338612,79.80147688102969,79868000
2020-08-27 05:30:00+05:30,81.10816192626953,82.13396871552818,80.68235476298499,82.0684581736542,37232000
2020-08-28 05:30:00+05:30,81.6084213256836,81.74539449397781,80.9305071299718,81.06648828781452,29980000
2020-08-31 05:30:00+05:30,81.10073852539062,81.78485473816195,80.90868225649493,81.78113659180016,36468000
2020-09-01 05:30:00+05:30,82.4173583984375,82.66648933389573,81.003463288517,81.22231897305689,36506000
2020-09-02 05:30:00+05:30,85.77070617675781,86.01387746676662,82.69626138794311,83.0657436245559,50224000
2020-09-03 05:30:00+05:30,81.48088836669922,84.8493244182346,80.15185175256904,84.8493244182346,62156000
2020-09-04 05:30:00+05:30,78.95978546142578,81.64315838965975,76.80460126517468,80.60841583905999,52172000
2020-09-08 05:30:00+05:30,76.04911804199219,77.61115585286062,75.83174659435686,76.10470091694928,52218000
2020-09-09 05:30:00+05:30,77.26847839355469,77.86599434073611,76.23081268509105,77.29676962451178,35494000
2020-09-10 05:30:00+05:30,76.03076171875,78.61443422025395,75.72232974160475,77.45110876911266,32372000
2020-09-11 05:30:00+05:30,75.469970703125,78.17369154691013,74.31065876290094,76.22828322154254,31942000
2020-09-14 05:30:00+05:30,75.39848327636719,77.61783744566192,75.22280658603165,76.37739296039128,33932000
2020-09-15 05:30:00+05:30,76.49826049804688,77.3980141025722,76.02158805097233,76.22828973834976,26622000
2020-09-16 05:30:00+05:30,75.47888946533203,77.51859154463234,75.42529061431762,77.19799802152602,26234000
2020-09-17 05:30:00+05:30,74.21984100341797,74.85349339624949,72.95284669432681,74.24317218190565,37596000
2020-09-18 05:30:00+05:30,72.45606231689453,74.59070213973557,71.32157345578229,74.3429115679416,62078000
2020-09-21 05:30:00+05:30,71.0252914428711,71.87888985447366,69.80395251864239,71.46697837668651,57776000
2020-09-22 05:30:00+05:30,72.72753143310547,72.92901556169352,71.1925429970855,71.96475115766872,31664000
2020-09-23 05:30:00+05:30,70.23373413085938,72.50420373029236,69.86103353259674,72.39602158292905,33148000
2020-09-24 05:30:00+05:30,70.88285827636719,71.64806932025144,69.96772493414726,70.02628383570448,29004000
2020-09-25 05:30:00+05:30,71.71017456054688,71.96029753877899,70.14094252409063,71.09826304437902,26460000
2020-09-28 05:30:00+05:30,72.68087768554688,73.2903052771851,71.92559427191328,73.16177556082938,40158000
2020-09-29 05:30:00+05:30,72.91960144042969,73.28352544837412,72.39726621432824,72.9722082922169,19564000
2020-09-30 05:30:00+05:30,72.93299102783203,73.93299052220092,72.45060893104817,72.79402627283477,34032000
2020-10-01 05:30:00+05:30,73.9498519897461,74.39402269276293,73.4099030742707,73.6610179780767,35590000
2020-10-02 05:30:00+05:30,72.37814331054688,73.60792567547088,72.00593496689486,72.55730340988084,25682000
2020-10-05 05:30:00+05:30,73.74787902832031,73.85656096292942,72.66847325622463,72.76475127438378,22266000
2020-10-06 05:30:00+05:30,72.1310043334961,73.78460247967747,71.89030927530766,73.22976572591286,24908000
2020-10-07 05:30:00+05:30,72.47095489501953,72.90122235940702,71.26549568501143,72.66946298758458,34924000
2020-10-08 05:30:00+05:30,73.74341583251953,73.9453997667534,72.70917297322893,72.70917297322893,23756000
2020-10-09 05:30:00+05:30,75.19700622558594,75.2615171900809,73.91810039747281,74.17864321287527,28706000
2020-10-12 05:30:00+05:30,77.87342834472656,79.09973491888056,76.05804934619665,76.5756667326961,49652000
2020-10-13 05:30:00+05:30,77.99899291992188,78.90817425978348,77.57815332220179,78.59700860840125,32020000
2020-10-14 05:30:00+05:30,77.82032775878906,78.79323245582033,76.94935780592786,78.34191317658463,38586000
2020-10-15 05:30:00+05:30,77.37615966796875,78.16896528957393,76.67641370865468,76.78161981885164,30800000
2020-10-16 05:30:00+05:30,78.06500244140625,78.46798588634778,77.56823235399628,77.70967336392972,28694000
2020-10-19 05:30:00+05:30,76.15929412841797,78.81636766601378,75.83125671227823,78.43473139414243,32142000
2020-10-20 05:30:00+05:30,77.21736145019531,78.28783163248045,75.71562417619946,75.78411076251808,44834000
2020-10-21 05:30:00+05:30,79.07244110107422,80.33398306141476,77.99651111116405,78.0808774349601,51366000
2020-10-22 05:30:00+05:30,80.16524505615234,80.49576625610072,78.66003211059048,79.05953210886015,28672000
2020-10-23 05:30:00+05:30,81.43919372558594,81.50668072441772,80.4223148935475,80.69824524177824,27516000
2020-10-26 05:30:00+05:30,78.93051147460938,81.30222682484997,78.23820173835696,80.64565218420124,37066000
2020-10-27 05:30:00+05:30,79.61585998535156,79.7441473728873,78.54985775226073,79.18956056493225,24580000
2020-10-28 05:30:00+05:30,75.26648712158203,77.48633378593614,75.16723307327203,77.4064352993474,36680000
2020-10-29 05:30:00+05:30,77.77864837646484,79.09229740527616,75.54539807737217,75.55135014014034,40062000
2020-10-30 05:30:00+05:30,80.44713592529297,83.72207302133485,79.62579667717772,82.983116079283,86582000
2020-11-02 05:30:00+05:30,80.6962661743164,82.42033495137787,80.19998832120534,80.80197208483241,50708000
2020-11-03 05:30:00+05:30,81.8962631225586,82.46648738799148,80.22926907638302,80.98162191657488,33234000
2020-11-04 05:30:00+05:30,86.80543518066406,87.90891418908974,84.66647909556993,84.8773986729902,71418000
2020-11-05 05:30:00+05:30,87.51214599609375,89.01437540466563,86.87392737924584,88.38708404771462,41316000
2020-11-06 05:30:00+05:30,87.43175506591797,87.96177643736618,86.36972072940095,87.04465893399303,33218000
2020-11-09 05:30:00+05:30,87.49378204345703,90.226286111646,87.34588919189159,88.87839384296987,45366000
2020-11-10 05:30:00+05:30,86.37169647216797,87.49378141372907,85.22578813543656,85.9101541605865,52722000
2020-11-11 05:30:00+05:30,86.98310852050781,87.55432478037316,86.7178479630942,86.84861916883732,25280000
2020-11-12 05:30:00+05:30,86.84066772460938,87.75530882291902,86.63024794534631,86.73099378848576,24950000
2020-11-13 05:30:00+05:30,88.18955993652344,88.38906762036554,86.57814880833777,87.22727953659363,29998000
2020-11-16 05:30:00+05:30,88.40594482421875,89.28385895683124,87.72653880467419,87.92554670928337,24936000
2020-11-17 05:30:00+05:30,87.84862518310547,88.58559810893249,87.69229644541501,88.18559827448735,22942000
2020-11-18 05:30:00+05:30,86.68881225585938,88.01338088171887,86.65705277807088,87.60444542164853,23470000
2020-11-19 05:30:00+05:30,87.53943634033203,87.82082653054185,86.20370567882044,86.2719423645219,24998000
2020-11-20 05:30:00+05:30,86.4610366821289,88.03969656323925,86.44466472135296,87.60346937893819,46270000
2020-11-23 05:30:00+05:30,86.09725189208984,87.04216833387395,85.2466370222561,86.82877250174025,43232000
2020-11-24 05:30:00+05:30,87.78559112548828,87.92058026741198,85.74142115251018,85.88087812758405,31560000
2020-11-25 05:30:00+05:30,87.91214752197266,88.26500033701676,87.17319061042556,87.98460214757017,20916000
2020-11-27 05:30:00+05:30,88.99205017089844,89.52852339020494,87.9622751204519,87.99453439313902,17698000
2020-11-30 05:30:00+05:30,87.38162994384766,88.73770827948194,87.09676390951667,88.39621434880539,36476000
2020-12-01 05:30:00+05:30,89.2357177734375,90.56227050804702,87.80991098470858,88.05804990630652,34738000
2020-12-02 05:30:00+05:30,90.71710968017578,91.09924574920805,88.80758037007955,89.23571997872246,24440000
2020-12-03 05:30:00+05:30,90.6585464477539,91.67244169462239,90.45407870885857,90.52157328153271,24546000
2020-12-04 05:30:00+05:30,90.7190933227539,90.97566812482567,90.17319222758387,90.54688484704663,27564000
2020-12-07 05:30:00+05:30,90.29676055908203,90.93646342957646,89.61686233326083,90.27293716272597,26418000
2020-12-08 05:30:00+05:30,90.25060272216797,90.41685912728639,89.14167136413829,89.83124734969482,21926000
2020-12-09 05:30:00+05:30,88.54241943359375,91.0307603904383,87.7324996571546,89.92604689915913,30152000
2020-12-10 05:30:00+05:30,88.10569763183594,88.4024677868778,86.36822537072041,87.8312514986635,27256000
2020-12-11 05:30:00+05:30,88.42530059814453,88.55830572922827,87.34490273535823,87.49676363827062,24414000
2020-12-14 05:30:00+05:30,87.3478775024414,89.20048356188695,87.20668639374409,88.08931824492798,32004000
2020-12-15 05:30:00+05:30,87.73051452636719,87.91165868553303,86.84614846189733,87.5642656709545,29646000
2020-12-16 05:30:00+05:30,87.49378204345703,87.99005986835175,87.15035712224122,87.98410023321698,30270000
2020-12-17 05:30:00+05:30,86.74440002441406,87.92971620476524,86.28584130099148,87.76723095121923,32494000
2020-12-18 05:30:00+05:30,85.90618133544922,87.10221263566275,85.37070020103279,87.05605764981478,80328000
2020-12-21 05:30:00+05:30,86.32107543945312,86.39452964731738,84.31760056105747,85.03770169388588,36568000
2020-12-22 05:30:00+05:30,85.53348541259766,86.22355360350771,84.99130249938008,86.07591064896982,18734000
2020-12-23 05:30:00+05:30,85.97418212890625,86.7488665523051,85.60990983925925,85.76227052584866,20676000
2020-12-24 05:30:00+05:30,86.2952651977539,86.65010959091123,85.81189109023948,86.10420096497573,6936000
2020-12-28 05:30:00+05:30,88.1434097290039,88.8698643014064,86.66673776836896,86.929764423894,27860000
2020-12-29 05:30:00+05:30,87.2813720703125,88.95482552720192,87.15085075792022,88.72405815229808,25988000
2020-12-30 05:30:00+05:30,86.3285140991211,87.59774972629965,85.63769624730531,87.4446469340254,26122000
2020-12-31 05:30:00+05:30,86.9419174194336,87.29179417890073,86.12504609512048,86.12504609512048,20238000
2021-01-04 05:30:00+05:30,85.76871490478516,87.3771498815484,84.75680376894405,87.22280518754182,38038000
2021-01-05 05:30:00+05:30,86.39800262451172,86.73299169369423,85.26127976412366,85.6079306360175,22906000
2021-01-06 05:30:00+05:30,86.11859893798828,86.74936612076766,84.31760021238799,84.49775233587917,52042000
2021-01-07 05:30:00+05:30,88.69725799560547,88.75432509946349,86.20594117430056,86.35531825640027,45300000
2021-01-08 05:30:00+05:30,89.68782043457031,89.81834174352356,88.01660851095045,88.73348369978068,41012000
2021-01-11 05:30:00+05:30,87.67839813232422,89.0478799376341,87.37070829111397,88.6386945524747,24194000
2021-01-12 05:30:00+05:30,86.6773910522461,88.24017073907858,85.62330060995127,87.04314751687087,27140000
2021-01-13 05:30:00+05:30,87.06698608398438,87.59477351168651,86.25358294239726,86.28187417200391,21882000
2021-01-14 05:30:00+05:30,86.36126708984375,88.08980339976486,86.02478628097046,87.02826150055535,23590000
2021-01-15 05:30:00+05:30,86.16326904296875,87.14639689560761,85.43671600067835,86.2625231023288,26844000
2021-01-19 05:30:00+05:30,88.87641906738281,89.79031823009862,86.4248051457611,86.96029394215076,34692000
2021-01-20 05:30:00+05:30,93.64266204833984,94.47690493351953,90.59700079890858,90.89129469400088,49806000
2021-01-21 05:30:00+05:30,93.8585433959961,96.02280722888308,93.65308365003949,94.19353244147311,41278000
2021-01-22 05:30:00+05:30,94.34488677978516,94.8362045161049,93.38756650254213,94.07838433539773,25442000
2021-01-25 05:30:00+05:30,94.26300048828125,95.7607618854233,92.68136499812628,95.31858275584493,38546000
2021-01-26 05:30:00+05:30,95.14836883544922,95.5334809106757,93.51090040107225,93.7389416358011,26262000
2021-01-27 05:30:00+05:30,90.8580551147461,93.79651903837762,89.77666519340737,93.4258024315897,54966000
2021-01-28 05:30:00+05:30,92.46202087402344,94.23472079571793,91.44614161229457,91.5106525806787,35462000
2021-01-29 05:30:00+05:30,91.10371398925781,92.17269237519622,89.83621991668983,91.62133143132827,32252000
2021-02-01 05:30:00+05:30,94.35979461669922,95.40406368769325,91.85756535319351,91.98857890057364,32044000
2021-02-02 05:30:00+05:30,95.65805053710938,97.06003387787534,95.01189583982314,95.41238786442676,45474000
2021-02-03 05:30:00+05:30,102.73298645019531,105.03719950374536,100.16772320128429,102.87839549064209,82364000
2021-02-04 05:30:00+05:30,102.35084533691406,103.1538209466893,101.36920941459294,102.67442246381972,37046000
2021-02-05 05:30:00+05:30,104.11909484863281,104.34291815901767,102.19998621432573,102.72951534871969,30702000
2021-02-08 05:30:00+05:30,103.8664779663086,105.38692697497392,102.82875938280571,104.51164062545433,24838000
2021-02-09 05:30:00+05:30,103.39997863769531,104.47293255250594,103.1533315305854,103.1533315305854,17798000
2021-02-10 05:30:00+05:30,103.98905944824219,104.63372991225886,102.38658399549954,103.93100033477586,22710000
2021-02-11 05:30:00+05:30,104.0143814086914,104.31909522357091,103.09278852654595,104.19403374955975,18914000
2021-02-12 05:30:00+05:30,104.42232513427734,104.65607614055023,103.38113811676783,103.73448318945472,17114000
2021-02-16 05:30:00+05:30,105.3051986694336,106.83274335243696,104.43472840713319,104.43472840713319,22676000
2021-02-17 05:30:00+05:30,105.6233139038086,105.88882438596596,104.16475552241761,104.21835438137346,21418000
2021-02-18 05:30:00+05:30,105.07194519042969,105.84291148429223,104.40246686700567,104.7339801015869,22432000
2021-02-19 05:30:00+05:30,104.27491760253906,105.7334758207032,104.08980542953131,105.17467105151684,29148000
2021-02-22 05:30:00+05:30,102.47543334960938,103.79255076467241,102.33945217637911,102.58063947756439,27350000
2021-02-23 05:30:00+05:30,102.77217864990234,103.32553109550298,99.35580111192348,100.4967492907824,33348000
2021-02-24 05:30:00+05:30,103.97864532470703,104.2570595002908,101.14787907670082,101.3314994577473,24966000
2021-02-25 05:30:00+05:30,100.8118896484375,103.96424877038558,100.31213601750446,102.60295304770493,36568000
2021-02-26 05:30:00+05:30,101.08484649658203,102.77963192245342,100.05258772073852,101.76276066693059,41670000
2021-03-01 05:30:00+05:30,103.30072021484375,103.5493513322446,101.54340035380785,102.06051794114586,28090000
2021-03-02 05:30:00+05:30,103.01934051513672,104.43521963897341,102.79204895640686,103.03671205722323,22692000
2021-03-03 05:30:00+05:30,100.58113861083984,103.64853367670482,99.75185565364053,102.59105800249768,29684000
2021-03-04 05:30:00+05:30,101.6917953491211,103.68435059593537,100.2615207203599,100.41537321345079,42360000
2021-03-05 05:30:00+05:30,104.64217376708984,105.11711204230443,101.5590430201641,102.88435389261545,43904000
2021-03-08 05:30:00+05:30,100.455078125,105.64812426106462,100.32802505738692,104.27443206746486,32948000
2021-03-09 05:30:00+05:30,101.87096405029297,103.12853052049694,101.62927696149183,102.7295226750269,33946000
2021-03-10 05:30:00+05:30,101.98658752441406,102.97765139857192,100.91164954542201,102.81685483464553,25372000
2021-03-11 05:30:00+05:30,104.95134735107422,105.4937801610599,102.8476264530874,102.93100076362254,24782000
2021-03-12 05:30:00+05:30,102.3285140991211,103.73496522037964,101.61536464833783,103.47392260962944,34516000
2021-03-15 05:30:00+05:30,102.55532836914062,102.58361202814716,101.41487974432123,102.34738478779681,25962000
2021-03-16 05:30:00+05:30,103.84713745117188,105.3875859151947,102.72952022085619,103.17567506077101,29832000
2021-03-17 05:30:00+05:30,103.77566528320312,104.70370240170875,101.93546321311196,103.02876472611351,25980000
2021-03-18 05:30:00+05:30,101.0530776977539,103.00246142686906,100.92057237004009,102.28286011376694,27228000
2021-03-19 05:30:00+05:30,101.39949035644531,101.89080056408538,100.13298835879755,101.34241567958058,46298000
2021-03-22 05:30:00+05:30,101.17070770263672,102.13348798788701,100.54936835085859,101.33200406944363,39096000
2021-03-23 05:30:00+05:30,101.88385772705078,102.84375278509316,101.20196791810987,101.82132320572043,27340000
2021-03-24 05:30:00+05:30,101.49180603027344,103.13696847145059,101.31786341398525,102.4997493475752,23080000
2021-03-25 05:30:00+05:30,101.45706176757812,102.17715536104559,99.78807607148335,101.47939336231939,28378000
2021-03-26 05:30:00+05:30,101.01982116699219,101.78607721932774,99.95133515354698,101.18409353667353,29870000
2021-03-29 05:30:00+05:30,102.0322494506836,102.15532690786644,100.03075843514034,100.63919407485422,24596000
2021-03-30 05:30:00+05:30,102.01189422607422,102.768222674311,101.4406779549868,102.11561611154833,20732000
2021-03-31 05:30:00+05:30,102.6615219116211,103.88717728039907,102.07169220908598,102.18955970581162,29198000
2021-04-01 05:30:00+05:30,106.09178924560547,106.34936361659216,104.0639987751281,104.1166056180529,33980000
2021-04-05 05:30:00+05:30,110.44910430908203,111.03273204152705,106.78012736880954,106.845637917698,43298000
2021-04-06 05:30:00+05:30,110.40941619873047,111.05011107606593,109.91561459536234,110.29775065496709,27060000
2021-04-07 05:30:00+05:30,111.64663696289062,111.91065562912694,110.43820160485271,110.47790474172571,25798000
2021-04-08 05:30:00+05:30,112.42877197265625,113.35010737527648,112.04365987787578,113.05011129326408,27166000
2021-04-09 05:30:00+05:30,113.44316101074219,113.59998953817454,111.84683440193864,111.99502259379396,20888000
2021-04-12 05:30:00+05:30,111.90023803710938,112.91909339865406,111.09006079216573,112.46897052864345,31318000
2021-04-13 05:30:00+05:30,112.51959228515625,113.0128865386108,111.96474794585727,112.23175021908428,23310000
2021-04-14 05:30:00+05:30,111.90270233154297,113.05158667158682,111.62231173029588,112.91114526151502,20220000
2021-04-15 05:30:00+05:30,113.9781494140625,114.47129978297473,112.456564366128,113.00147344964974,27472000
2021-04-16 05:30:00+05:30,114.0327377319336,114.46350502011981,113.37219507545284,114.29278835061344,22596000
2021-04-19 05:30:00+05:30,114.26300811767578,115.05953189924804,113.54067308438573,113.7458829332884,24688000
2021-04-20 05:30:00+05:30,113.82779693603516,114.62035284251299,112.7399550584965,114.53548671239865,21774000
2021-04-21 05:30:00+05:30,113.81089782714844,113.91164368230889,112.08782111119336,113.41189002090522,23930000
2021-04-22 05:30:00+05:30,112.55184936523438,114.33060743397665,111.98261709864877,113.80792393342406,21096000
2021-04-23 05:30:00+05:30,114.9031982421875,115.42528345623494,113.06250406670956,113.32354667373328,28670000
2021-04-26 05:30:00+05:30,115.470947265625,116.19154819666925,114.8307521888439,115.13298218032035,20834000
2021-04-27 05:30:00+05:30,114.49726104736328,116.00246659500257,114.35582003906823,115.93051175718163,31972000
2021-04-28 05:30:00+05:30,118.10965728759766,121.70608135750207,117.85854233793792,119.46126773420414,59728000
2021-04-29 05:30:00+05:30,120.59005737304688,120.91908679997171,119.21983344543095,119.61934105132906,39554000
2021-04-30 05:30:00+05:30,119.6089096069336,120.45357999007767,119.21387742017966,119.32951100319795,39142000
2021-05-03 05:30:00+05:30,118.86697387695312,120.08434482450056,118.33744477612487,119.24166605463816,33788000
2021-05-04 05:30:00+05:30,116.83621215820312,118.07739897884774,114.72454752284926,117.60494453426084,35120000
2021-05-05 05:30:00+05:30,116.95977783203125,118.22330377623746,116.69526696192773,117.53942996667035,21806000
2021-05-06 05:30:00+05:30,118.18111419677734,118.24860876685227,116.24503552108047,116.65704545809791,20618000
2021-05-07 05:30:00+05:30,119.04166412353516,119.9210699815087,118.61039706922145,119.10667488122657,23272000
2021-05-10 05:30:00+05:30,116.21139526367188,118.01487024218662,115.86747811780978,117.86052553400093,26006000
2021-05-11 05:30:00+05:30,114.57864379882812,115.23571061757734,113.30023010951443,113.73993305446795,32110000
2021-05-12 05:30:00+05:30,111.1205825805664,113.41785164494686,110.67244374509713,112.2436595911745,34934000
2021-05-13 05:30:00+05:30,112.25654602050781,112.98264456263847,111.30120979711961,112.21286727627243,26670000
2021-05-14 05:30:00+05:30,114.94588470458984,115.19303160950976,113.31611000480542,113.73844140886489,26624000
2021-05-17 05:30:00+05:30,115.20642852783203,115.30220675116297,113.89575564102445,114.60642884652428,19842000
2021-05-18 05:30:00+05:30,114.31413269042969,116.28534841840421,114.3007291898265,115.97547008609743,17302000
2021-05-19 05:30:00+05:30,114.57616424560547,114.9756642787799,112.33348604170753,112.37715722017664,19350000
2021-05-20 05:30:00+05:30,116.92752838134766,117.1384479886681,115.19055585240159,115.53547260371138,23832000
2021-05-21 05:30:00+05:30,116.3821029663086,117.56820659332212,116.24662161210094,117.4188295214368,22832000
2021-05-24 05:30:00+05:30,119.43769836425781,120.02380235127843,117.12702591557014,117.46895903309165,21244000
2021-05-25 05:30:00+05:30,119.55680084228516,120.7389364994994,119.25506307653886,120.09923365607258,18838000
2021-05-26 05:30:00+05:30,120.77070617675781,121.23790526242564,119.72777751242761,119.74365725313439,21856000
2021-05-27 05:30:00+05:30,119.23125457763672,121.09179674425488,119.20593937879994,120.93993584163064,38962000
2021-05-28 05:30:00+05:30,119.68038177490234,120.50320522425173,119.4883179494514,120.19650739692102,24108000
2021-06-01 05:30:00+05:30,120.5860824584961,120.99109532079021,119.34886373038158,120.19848657292914,19166000
2021-06-02 05:30:00+05:30,120.16275024414062,121.1910333295364,119.3151039119596,120.8590279144616,17158000
2021-06-03 05:30:00+05:30,119.33546447753906,119.5903051465207,118.25457443598461,118.85953421263468,18346000
2021-06-04 05:30:00+05:30,121.6754150390625,121.77958371082647,119.98856560491551,120.22430061160439,25948000
2021-06-07 05:30:00+05:30,122.38656616210938,122.48135994519122,121.1450311301513,121.6535689559111,23850000
2021-06-08 05:30:00+05:30,123.21835327148438,123.7962637646629,122.49329202743519,123.0719522079509,25060000
2021-06-09 05:30:00+05:30,123.64265441894531,124.3175925496638,123.44067049945049,124.04463823713085,20126000
2021-06-10 05:30:00+05:30,125.14141845703125,125.22380075791295,123.7716868104201,123.77218660193203,31234000
2021-06-11 05:30:00+05:30,124.76077270507812,125.40891141702494,123.9845889238439,125.30618154477034,25240000
2021-06-14 05:30:00+05:30,125.41139221191406,125.47045091033763,124.11610675138665,124.7339778092754,22550000
2021-06-15 05:30:00+05:30,125.09476470947266,125.91759571465805,124.7131284513778,125.5801304249436,22182000
2021-06-16 05:30:00+05:30,124.76077270507812,125.58161210010309,123.22573124814696,125.30766577409084,26316000
2021-06-17 05:30:00+05:30,125.43025207519531,126.2496072479246,124.58062165310768,124.5885653090799,25756000
2021-06-18 05:30:00+05:30,124.63272857666016,125.44811570686733,123.67540823030943,124.7697017407003,53306000
2021-06-21 05:30:00+05:30,125.51363372802734,126.09105198061793,124.20271081057095,124.80395245987306,26256000
2021-06-22 05:30:00+05:30,126.05406188964844,126.32254836221557,125.08830571122776,125.50865307001297,20984000
2021-06-23 05:30:00+05:30,125.52008056640625,126.84464168187691,125.31213700392834,125.60792271224543,19694000
2021-06-24 05:30:00+05:30,126.33446502685547,126.58607976031381,126.0148635032268,126.10766569898725,18934000
2021-06-25 05:30:00+05:30,126.04959869384766,126.55579658772082,125.50269808508402,126.01187958261613,33484000
2021-06-28 05:30:00+05:30,125.87541198730469,126.3890537686656,125.03600459252819,126.05456452181701,28110000
2021-06-29 05:30:00+05:30,125.08036804199219,126.05456008255973,124.5031921798266,125.82875277684965,20950000
2021-06-30 05:30:00+05:30,124.38310241699219,124.86350048989563,123.82875792025006,124.71813689009969,24006000
2021-07-01 05:30:00+05:30,125.42776489257812,125.521066877901,123.92031801243162,123.92031801243162,17120000
2021-07-02 05:30:00+05:30,127.76077270507812,127.88882535604333,125.82529209832487,125.89527048670863,21160000
2021-07-06 05:30:00+05:30,128.80491638183594,128.9175814879052,127.45305627056501,128.48580712187092,21350000
2021-07-07 05:30:00+05:30,129.1091766357422,129.66738325756734,128.79403532237058,129.37071908771327,16680000
2021-07-08 05:30:00+05:30,128.21536254882812,129.06449317652755,127.0868181774975,127.29526152692544,19780000
2021-07-09 05:30:00+05:30,128.6099090576172,128.88287097720044,127.98360964794479,127.98460923107149,15106000
2021-07-12 05:30:00+05:30,129.59202575683594,129.79650105681262,128.635212813252,128.866964612396,16944000
2021-07-13 05:30:00+05:30,130.0193328857422,131.05903549499658,129.6644809267212,129.90716755887453,16618000
2021-07-14 05:30:00+05:30,131.0992431640625,132.00594074095577,130.91610742818474,130.91959082375635,17912000
2021-07-15 05:30:00+05:30,130.289306640625,131.60792330009033,129.62579551846136,131.51362929765733,16586000
2021-07-16 05:30:00+05:30,130.86398315429688,131.19896458323794,129.84760424504623,130.66100724731305,14856000
2021-07-19 05:30:00+05:30,128.29180908203125,130.26996909539852,127.58015127715642,130.17915847593375,25710000
2021-07-20 05:30:00+05:30,130.12554931640625,131.0186919827376,128.2266897207231,129.0362157442271,19084000
2021-07-21 05:30:00+05:30,131.6133575439453,131.629986969016,129.62924601315362,129.8133661594052,14742000
2021-07-22 05:30:00+05:30,132.33596801757812,132.51065273060368,131.41436757780724,131.66250650083572,13608000
2021-07-23 05:30:00+05:30,136.7900390625,137.77515838675583,133.6977382204893,134.25306715065287,26378000
2021-07-26 05:30:00+05:30,138.6049346923828,138.67292148132793,136.62627529640977,137.22081514644972,23052000
2021-07-27 05:30:00+05:30,135.7781219482422,138.96869983262025,134.09426389918332,138.96869983262025,42164000
2021-07-28 05:30:00+05:30,135.36624145507812,138.63621102287615,135.33498176489556,137.5305054990594,54688000
2021-07-29 05:30:00+05:30,135.52401733398438,136.130476360821,135.1245173911755,135.36531083990997,19284000
2021-07-30 05:30:00+05:30,134.21437072753906,134.76062774466303,133.81059973728387,134.50222036897907,23954000
2021-08-02 05:30:00+05:30,134.97714233398438,135.0079022282867,133.6669616661826,134.47589690718493,20140000
2021-08-03 05:30:00+05:30,135.2655029296875,135.32058602046288,133.18461309186114,134.9875885178843,19064000
2021-08-04 05:30:00+05:30,135.01583862304688,135.52153668208956,134.40689577009903,135.23518648136118,16528000
2021-08-05 05:30:00+05:30,135.9205780029297,135.93049810751398,134.59055701913545,135.01586446484032,11866000
2021-08-06 05:30:00+05:30,136.01583862304688,136.05956280347874,135.03370296227632,135.2803576219622,13560000
2021-08-09 05:30:00+05:30,136.9746551513672,137.29178041771095,135.41312482703896,135.9295002965452,12374000
2021-08-10 05:30:00+05:30,137.06845092773438,137.5200655428445,136.20493240279666,137.0515791788081,16034000
2021-08-11 05:30:00+05:30,136.6644744873047,137.8141008472948,136.32750903110934,137.2535620141227,15204000
2021-08-12 05:30:00+05:30,137.35928344726562,137.38757467734743,135.76078351204964,136.6878210887664,14646000
2021-08-13 05:30:00+05:30,137.3756561279297,137.6416512145234,136.97764036321507,137.32750954817215,12580000
2021-08-16 05:30:00+05:30,137.8818817138672,137.95582057815386,135.15211094388934,136.97270023865337,18040000
2021-08-17 05:30:00+05:30,136.2783966064453,137.6858398225813,135.7692150619872,137.16225519517317,21272000
2021-08-18 05:30:00+05:30,135.5533447265625,137.2645098535987,135.40545186150632,136.0947704339761,14934000
2021-08-19 05:30:00+05:30,135.89427185058594,136.42876103166415,134.3483712047834,134.4590371662506,18296000
2021-08-20 05:30:00+05:30,137.40643310546875,137.58261719856523,135.45109711962536,136.06250877941264,15564000
2021-08-23 05:30:00+05:30,140.0491180419922,141.118596222067,137.71507638215348,137.96376053873252,21090000
2021-08-24 05:30:00+05:30,141.3384246826172,141.94289975608652,140.3012059161673,140.48979390010297,15126000
2021-08-25 05:30:00+05:30,141.88583374023438,142.2461380006741,141.3791359959186,141.81933117581272,12838000
2021-08-26 05:30:00+05:30,141.06500244140625,142.0692654336104,141.0337427509282,141.55681248447502,14922000
2021-08-27 05:30:00+05:30,143.4744415283203,143.93150849964266,140.96277681255344,141.054587011041,24562000
2021-08-30 05:30:00+05:30,144.3865966796875,145.3990078576148,143.52357775360508,143.627292082542,16916000
2021-08-31 05:30:00+05:30,144.37913513183594,145.02429024446116,143.9205688493798,144.7984904986015,26756000
2021-09-01 05:30:00+05:30,144.75628662109375,145.72750262261448,144.53048688983122,144.56571461636665,15824000
2021-09-02 05:30:00+05:30,143.14537048339844,145.23569536696743,143.03372009438192,144.86298722490184,21844000
2021-09-03 05:30:00+05:30,143.69725036621094,144.29477388584726,142.4367154882718,143.0729349902839,19104000
2021-09-07 05:30:00+05:30,144.4357147216797,144.73845209532448,143.4649983663648,143.67194235923498,15170000
2021-09-08 05:30:00+05:30,143.804931640625,144.4674582777872,143.12651769194417,144.31112955567522,15486000
2021-09-09 05:30:00+05:30,143.834716796875,144.5850856264939,143.35879409827888,143.80494133781696,14798000
2021-09-10 05:30:00+05:30,140.864501953125,144.9319871932157,140.6863338441148,144.36077090628712,32896000
2021-09-13 05:30:00+05:30,142.39700317382812,143.11759656902206,141.22331087777422,142.1349760961205,20176000
2021-09-14 05:30:00+05:30,142.3384552001953,143.6501051395684,141.84167753537946,143.08782449007745,18916000
2021-09-15 05:30:00+05:30,144.12501525878906,144.49772338244566,141.1969794078948,142.6887963402488,20648000
2021-09-16 05:30:00+05:30,143.2987518310547,144.1190915232704,142.3487238016389,144.04068482915795,20292000
2021-09-17 05:30:00+05:30,140.41041564941406,143.17567157140752,140.0114002289158,142.72802491598856,60040000
2021-09-20 05:30:00+05:30,137.98211669921875,138.32504942545316,136.0327327840215,137.96544183583563,34918000
2021-09-21 05:30:00+05:30,138.60693359375,139.76336037343592,137.87145246227234,139.07393579071703,18130000
2021-09-22 05:30:00+05:30,139.88931274414062,140.52950023951982,138.43348064115207,139.0079228344863,22068000
2021-09-23 05:30:00+05:30,140.77072143554688,141.1934996782214,140.04614480341232,140.5553264089548,17272000
2021-09-24 05:30:00+05:30,141.57118225097656,141.83967630216847,139.80195063589665,139.8967444234875,14950000
2021-09-27 05:30:00+05:30,140.4476318359375,141.4391879578278,139.45407654789338,140.5314907980103,18844000
2021-09-28 05:30:00+05:30,135.1702117919922,138.5672342973503,134.68980610725293,138.05308511117352,42190000
2021-09-29 05:30:00+05:30,133.5195770263672,136.37565838188394,133.25059831773436,136.08900522770074,26338000
2021-09-30 05:30:00+05:30,132.27340698242188,134.5805956835626,132.0098805911088,133.32501359051508,35294000
2021-10-01 05:30:00+05:30,135.44662475585938,136.0506001030267,132.38459893425915,132.56028322993208,28388000
2021-10-04 05:30:00+05:30,132.76919555664062,134.6897881662978,130.19004438434172,134.68928837482602,31530000
2021-10-05 05:30:00+05:30,135.1632537841797,136.33942981573142,133.00245817803045,133.00245817803045,24126000
2021-10-06 05:30:00+05:30,136.3314971923828,136.82579101308863,133.48533589520042,133.62330864718834,19764000
2021-10-07 05:30:00+05:30,138.14935302734375,139.11108818353836,137.5314895695696,137.82925928825028,18250000
2021-10-08 05:30:00+05:30,139.0133819580078,139.27244057282317,138.39139895928017,138.8645046599292,18924000
2021-10-11 05:30:00+05:30,137.81387329101562,139.7157617186635,137.77317814616356,138.75928193526627,16584000
2021-10-12 05:30:00+05:30,135.6952667236328,138.65507767555934,135.2357159726475,138.59799542329478,22536000
2021-10-13 05:30:00+05:30,136.87342834472656,137.51859865274355,135.9568106452077,136.72455104413717,16380000
2021-10-14 05:30:00+05:30,140.35926818847656,140.596987181638,138.30170246887008,138.91013041944825,21426000
2021-10-15 05:30:00+05:30,140.62034606933594,141.14143180653514,140.0143866336172,141.14143180653514,21250000
2021-10-18 05:30:00+05:30,141.89625549316406,141.93422450504897,140.16226660616186,140.16226660616186,16564000
2021-10-19 05:30:00+05:30,142.7513427734375,143.03420961917612,142.03073429668837,142.22478970678895,15316000
2021-10-20 05:30:00+05:30,141.35479736328125,143.17391718679707,140.85555111093032,143.14885188684437,17940000
2021-10-21 05:30:00+05:30,141.7176055908203,141.78609217845622,140.58260926971855,141.13348557491108,14850000
2021-10-22 05:30:00+05:30,137.59303283691406,140.50469714101166,136.14936227881165,139.30618190197518,30182000
2021-10-25 05:30:00+05:30,137.7399139404297,138.16949229685997,135.73049469081403,137.77714083367837,21082000
2021-10-26 05:30:00+05:30,138.63221740722656,139.79102178403178,137.97067524865412,139.5592699957883,28258000
2021-10-27 05:30:00+05:30,145.3374481201172,148.00790989234184,138.8610134066124,138.8610134066124,51850000
2021-10-28 05:30:00+05:30,145.0411834716797,146.3270411993453,143.68585471392288,146.20247193348527,32418000
2021-10-29 05:30:00+05:30,147.16673278808594,147.5066970726242,144.08585094848013,144.43671977638132,28954000
2021-11-01 05:30:00+05:30,142.7036895751953,147.29475897424754,142.51063375677091,147.06199245088013,32272000
2021-11-02 05:30:00+05:30,144.7771453857422,145.82676809614077,143.56424230998508,143.73138470049585,21150000
2021-11-03 05:30:00+05:30,145.69725036621094,145.8168671452656,143.97368132255983,145.18608476607503,17886000
2021-11-04 05:30:00+05:30,147.57614135742188,148.83370759285674,145.54338339095517,146.10417972216507,24700000
2021-11-05 05:30:00+05:30,148.1300048828125,149.44986347878043,147.54538508335918,148.24167042985454,20408000
2021-11-08 05:30:00+05:30,148.23968505859375,149.91015497991577,148.00990211212832,148.88335598034308,18388000
2021-11-09 05:30:00+05:30,148.13743591308594,149.25901341844508,146.4088995243999,148.63122989032894,16876000
2021-11-10 05:30:00+05:30,145.53448486328125,147.5930354102526,144.24315978999294,146.9079272037003,22708000
2021-11-11 05:30:00+05:30,145.6555633544922,147.39674617543128,145.60246429068016,146.01188442531517,12464000
2021-11-12 05:30:00+05:30,148.53146362304688,148.7438749929474,145.36372477772395,146.73097246607614,17048000
2021-11-15 05:30:00+05:30,148.27589416503906,149.3567916797061,147.54586541303215,148.88333769820144,16248000
2021-11-16 05:30:00+05:30,147.96621704101562,148.71708556640772,147.24562376235107,148.0600112396068,17254000
2021-11-17 05:30:00+05:30,147.95230102539062,148.51211285557437,147.45702286964922,148.1180651809343,15290000
2021-11-18 05:30:00+05:30,149.58706665039062,150.48136024573412,147.8893052064059,148.0356986810806,26658000
2021-11-19 05:30:00+05:30,148.836181640625,150.71956241172896,148.77166310831907,149.87588415805908,19766000
2021-11-22 05:30:00+05:30,145.9835968017578,149.6223060338657,145.91112703556922,149.02404047399503,24608000
2021-11-23 05:30:00+05:30,145.66448974609375,146.5945108538756,143.81088423922463,146.0178423356301,18126000
2021-11-24 05:30:00+05:30,145.62525939941406,145.90565753793078,144.11807018300325,145.2605025252628,16464000
2021-11-26 05:30:00+05:30,141.74290466308594,144.2153581696764,141.4247949329026,143.93595956453348,16992000
2021-11-29 05:30:00+05:30,145.02627563476562,145.76870835636387,143.22428490327337,143.22428490327337,26276000
2021-11-30 05:30:00+05:30,141.39154052734375,145.5369478353583,141.00841245185228,144.36748107624754,41590000
2021-12-01 05:30:00+05:30,140.56373596191406,145.4085480522127,140.44661815649198,143.13891917791497,28476000
2021-12-02 05:30:00+05:30,142.70619201660156,143.598001877439,139.9324852418643,140.76822757833486,21250000
2021-12-03 05:30:00+05:30,141.4595184326172,144.13197933473333,140.09922226334348,143.41982187599402,26688000
2021-12-06 05:30:00+05:30,142.7260284423828,143.27690472810082,139.5999838556392,142.50519631080022,22198000
2021-12-07 05:30:00+05:30,146.93446350097656,147.19600591306414,144.61783897753403,144.86349407765914,23258000
2021-12-08 05:30:00+05:30,147.61337280273438,148.04611651197752,146.10418422825288,147.22726115455447,18964000
2021-12-09 05:30:00+05:30,147.00344848632812,148.49128236414427,146.43074800122318,147.07291950566426,18580000
2021-12-10 05:30:00+05:30,147.5682373046875,148.2878311760331,146.26054018542612,147.99007655075889,21634000
2021-12-13 05:30:00+05:30,145.6123809814453,147.45655110481894,145.27044785663702,147.3389335007413,24104000
2021-12-14 05:30:00+05:30,143.8913116455078,144.3592983007024,141.18360749742843,143.69230372805615,24778000
2021-12-15 05:30:00+05:30,146.27142333984375,146.4190587092337,141.6431423516046,143.291272857119,27280000
2021-12-16 05:30:00+05:30,143.76025390625,147.44561001411418,143.01980530611652,146.97463987465107,27400000
2021-12-17 05:30:00+05:30,141.73992919921875,143.3846977519663,140.73248574286316,141.6520870481512,43404000
2021-12-20 05:30:00+05:30,141.34141540527344,141.5488591690118,139.2059274786564,139.63232535587696,20264000
2021-12-21 05:30:00+05:30,143.14688110351562,143.61491314947824,140.67987984257488,142.08433946520867,19548000
2021-12-22 05:30:00+05:30,145.8550567626953,146.2064101742013,142.89127813210706,143.02726685066872,18438000
2021-12-23 05:30:00+05:30,146.047119140625,147.46657244341813,145.8568954657204,145.9945047260853,13818000
2021-12-27 05:30:00+05:30,146.96176147460938,147.32156594224003,146.15382574492025,146.3657373545969,13256000
2021-12-28 05:30:00+05:30,145.35780334472656,147.26996043262093,144.84912154906613,147.26996043262093,18624000
2021-12-29 05:30:00+05:30,145.41387939453125,146.0880678931373,144.42132368421687,145.3394407452973,17022000
2021-12-30 05:30:00+05:30,144.9156036376953,145.96771016662103,144.67341679621362,145.35976682324556,12978000
2021-12-31 05:30:00+05:30,143.6024627685547,145.27541644485942,143.6004787476641,144.4605290859402,17298000
2022-01-03 05:30:00+05:30,143.99452209472656,144.46649192392618,142.43423342727468,143.39998217189947,25214000
2022-01-04 05:30:00+05:30,143.34141540527344,145.51858292940094,142.7455276238929,144.46697616614875,22928000
2022-01-05 05:30:00+05:30,136.62875366210938,143.22378997601456,136.49971658954954,143.1076566107107,49642000
2022-01-06 05:30:00+05:30,136.52700805664062,138.64612392157144,135.74537962129747,136.47390899844703,29050000
2022-01-07 05:30:00+05:30,135.98460388183594,137.22554087698705,134.778152503971,136.87839777913192,19408000
2022-01-10 05:30:00+05:30,137.54241943359375,137.6079224155674,132.14936582642554,134.0932822986299,34096000
2022-01-11 05:30:00+05:30,138.97515869140625,139.28483253194187,135.7950156868505,137.15182843943356,23502000
2022-01-12 05:30:00+05:30,140.59352111816406,141.75109886568754,140.06151575997302,140.5007264921033,23642000
2022-01-13 05:30:00+05:30,138.0952606201172,142.11958197417889,137.879880763518,140.7845933770484,26566000
2022-01-14 05:30:00+05:30,138.7458953857422,140.14937069048963,136.47641759982045,136.47641759982045,23826000
2022-01-18 05:30:00+05:30,135.2759246826172,136.36872657137658,134.60744585556347,135.58312991457055,27382000
2022-01-19 05:30:00+05:30,134.64215087890625,137.36921022886403,134.49128956976696,135.91908788899167,20796000
2022-01-20 05:30:00+05:30,132.51263427734375,136.88534059937749,132.15332960815354,135.49775273533527,21930000
2022-01-21 05:30:00+05:30,129.12355041503906,133.75729945189138,129.033239599701,132.02181121952745,41920000
2022-01-24 05:30:00+05:30,129.40145874023438,129.80494193976503,123.71407369385679,125.08930303836267,55148000
2022-01-25 05:30:00+05:30,125.79203033447266,128.37565705645525,125.43719351489987,127.47937944556713,36008000
2022-01-26 05:30:00+05:30,128.27789306640625,131.81882492229508,126.20692371706731,129.6203178710907,39630000
2022-01-27 05:30:00+05:30,128.1597442626953,131.6227229420538,127.98505960615297,130.38305860120897,30248000
2022-01-28 05:30:00+05:30,132.29725646972656,132.37764718012906,127.73646186739235,129.03223956330555,30518000
2022-01-31 05:30:00+05:30,134.68832397460938,134.832248794696,131.28931739538163,133.1989906027417,34056000
2022-02-01 05:30:00+05:30,136.85206604003906,137.17117531802901,133.56646723761187,136.80890223167307,51204000
2022-02-02 05:30:00+05:30,146.93446350097656,150.96772041182237,144.47391416763952,150.73296985374967,89750000
2022-02-03 05:30:00+05:30,141.5885772705078,148.00764287616684,141.14639802758822,144.21339178586584,56930000
2022-02-04 05:30:00+05:30,141.9513397216797,143.45927123161638,138.77664902396063,141.95232415946552,49224000
2022-02-07 05:30:00+05:30,137.90370178222656,142.7756543324009,137.66648255462243,142.63918095821072,44610000
2022-02-08 05:30:00+05:30,138.17665100097656,138.79610473280962,135.85407435024604,137.95656098774955,34256000
2022-02-09 05:30:00+05:30,140.39996337890625,141.11708839994031,139.33196960682054,139.80119806303335,28628000
2022-02-10 05:30:00+05:30,137.57070922851562,140.37815974309206,137.02233183946038,138.461534726937,33018000
2022-02-11 05:30:00+05:30,133.13150024414062,138.24638194353167,132.2962577204164,137.71710270951854,38808000
2022-02-14 05:30:00+05:30,134.29278564453125,135.15283598369206,132.30965831855778,132.37267748599484,26792000
2022-02-15 05:30:00+05:30,135.409912109375,136.87342286569958,134.5305061976068,136.4481154203491,26578000
2022-02-16 05:30:00+05:30,136.46400451660156,136.91908742682642,133.81998613596934,135.4148663590837,25610000
2022-02-17 05:30:00+05:30,131.3235626220703,135.82082332712238,131.21784913590878,135.1364572384145,30968000
2022-02-18 05:30:00+05:30,129.49624633789062,132.82776550471442,129.33699459658195,132.04712149577344,31858000
2022-02-22 05:30:00+05:30,128.43917846679688,130.9188410316313,126.79004822871806,129.01734637178785,38906000
2022-02-23 05:30:00+05:30,126.63522338867188,130.76821937820853,126.55433288244461,130.10272420237408,26432000
2022-02-24 05:30:00+05:30,131.68582153320312,132.04662556021043,123.83571004042228,124.06945343759381,43166000
2022-02-25 05:30:00+05:30,133.51808166503906,134.38111553073816,130.78408597498338,132.5314781427655,26236000
2022-02-28 05:30:00+05:30,133.8868408203125,134.63075782305722,131.83646870873483,132.292293746533,29676000
2022-03-01 05:30:00+05:30,133.16921997070312,135.09774901994817,132.38559223355898,133.478893852951,24640000
2022-03-02 05:30:00+05:30,133.7483673095703,134.60593387533228,132.43918607442566,133.6061841875285,23966000
2022-03-03 05:30:00+05:30,133.3081817626953,135.69607992253347,132.43771142497914,134.96624790680133,19780000
2022-03-04 05:30:00+05:30,131.13844299316406,133.19999228219936,129.4376977705169,132.38957270479813,24446000
2022-03-07 05:30:00+05:30,125.52305603027344,130.922069039704,125.46896495743786,130.922069039704,39178000
2022-03-08 05:30:00+05:30,126.33099365234375,130.2694566477041,124.9237928357571,125.31064659792504,35250000
2022-03-09 05:30:00+05:30,132.86944580078125,133.19947477971976,129.11957085055937,130.42180028913822,32258000
2022-03-10 05:30:00+05:30,131.69427490234375,132.544389967668,130.42280530507844,130.4838404498871,24266000
2022-03-11 05:30:00+05:30,129.5041961669922,133.20097243045313,129.32652784786816,133.00196452718066,26600000
2022-03-14 05:30:00+05:30,125.79749298095703,130.05059757638782,125.47193939245228,129.60096695902467,30254000
2022-03-15 05:30:00+05:30,128.6952667236328,129.54562410114278,125.62578206944592,126.79054616465082,30292000
2022-03-16 05:30:00+05:30,132.69528198242188,132.77517290714133,128.23920095215607,130.02480476893277,32058000
2022-03-17 05:30:00+05:30,133.59849548339844,133.73646824552316,131.73100158586277,132.32852511869552,23994000
2022-03-18 05:30:00+05:30,135.78311157226562,135.8942773297475,131.94242552245822,132.88733446105417,45900000
2022-03-21 05:30:00+05:30,135.4625244140625,136.55830987259498,133.6094184105768,135.82878076832625,26632000
2022-03-22 05:30:00+05:30,139.23321533203125,140.4466181947447,135.48384016666185,135.48384016666185,29776000
2022-03-23 05:30:00+05:30,137.47242736816406,138.9826004436537,137.1379456820029,138.10270990614384,25302000
2022-03-24 05:30:00+05:30,140.26002502441406,140.34389912974618,137.01178901991855,138.23571788850012,20544000
2022-03-25 05:30:00+05:30,140.4679412841797,140.9026841020814,138.65949900383865,140.69870861796713,19270000
2022-03-28 05:30:00+05:30,140.8932647705078,140.91957197695686,138.78721917051678,139.63718274744636,23774000
2022-03-29 05:30:00+05:30,142.18360900878906,143.08932217486515,141.42330489437506,142.09478241905902,28678000
2022-03-30 05:30:00+05:30,141.5825958251953,142.41237084004507,141.10964163515865,141.80641153610736,21046000
2022-03-31 05:30:00+05:30,138.6099090576172,141.58260845238024,138.57963380751463,141.38806838856462,29516000
2022-04-01 05:30:00+05:30,139.65255737304688,139.90069625080469,137.76372435671612,138.96769164720413,23480000
2022-04-04 05:30:00+05:30,142.57318115234375,142.97143927267746,139.7761508845711,139.7761508845711,19076000
2022-04-05 05:30:00+05:30,140.0128936767578,142.52107487982641,139.89427648093854,142.33200221989182,19256000
2022-04-06 05:30:00+05:30,136.15478515625,138.80739027691357,135.4025384821329,138.12550817723823,23574000
2022-04-07 05:30:00+05:30,135.44912719726562,136.67643362331728,133.85335320075873,135.60098811752354,19448000
2022-04-08 05:30:00+05:30,133.01287841796875,135.23570875849643,132.7568034193475,135.23570875849643,16434000
2022-04-11 05:30:00+05:30,128.8302459716797,131.94955087865642,128.65257765810549,131.91064286590625,24188000
2022-04-12 05:30:00+05:30,127.41883850097656,131.43769254156453,126.62628271204856,131.43769254156453,23004000
2022-04-13 05:30:00+05:30,129.31610107421875,129.68309949549987,127.48245689037394,127.66895485008241,19542000
2022-04-14 05:30:00+05:30,126.3056869506836,129.73720257654543,126.16524553120074,129.67690954398194,23484000
2022-04-18 05:30:00+05:30,127.00841522216797,127.75383156115618,125.63616186935936,126.46152213425574,14918000
2022-04-19 05:30:00+05:30,129.5592803955078,129.92924725515346,126.50269955944287,127.12353902620332,22720000
2022-04-20 05:30:00+05:30,127.2907943725586,130.94140787669275,126.94196261557961,130.30667265754636,22610000
2022-04-21 05:30:00+05:30,124.0074234008789,129.3374424756781,123.72206516169979,128.38708133094494,30158000
2022-04-22 05:30:00+05:30,118.72354888916016,124.51809375058207,118.25357827603916,124.06945514766316,46410000
2022-04-25 05:30:00+05:30,122.33248138427734,122.36027282075277,117.88508671576217,118.54041938949047,34522000
2022-04-26 05:30:00+05:30,118.6163558959961,121.83620979526796,118.27477110564347,121.83620979526796,49394000
2022-04-27 05:30:00+05:30,114.16424560546875,116.62528712088584,112.28211410279226,113.52156674047187,62238000
2022-04-28 05:30:00+05:30,118.5225601196289,119.54191521421045,114.28672854739176,116.24315487819466,36790000
2022-04-29 05:30:00+05:30,114.11064147949219,118.07441198264338,113.84017099014669,116.70270397495705,33694000
2022-05-02 05:30:00+05:30,116.28484344482422,116.46598758247436,112.55531578188786,113.05854526741946,30280000
2022-05-03 05:30:00+05:30,117.25010681152344,118.4118949240734,115.75878948827263,115.89576265591572,21216000
2022-05-04 05:30:00+05:30,121.66250610351562,122.2262785018127,114.8769048965248,117.12504284413512,33232000
2022-05-05 05:30:00+05:30,115.87739562988281,120.33074999731035,114.32504320659723,119.32553296831163,43090000
2022-05-06 05:30:00+05:30,114.79898834228516,116.62379527334397,113.29327556813456,114.6590315762313,35310000
2022-05-09 05:30:00+05:30,112.24217224121094,114.70261576616211,111.71363510132933,112.46003592271695,34520000
2022-05-10 05:30:00+05:30,113.73150634765625,115.82232374190606,112.53924601792326,115.17666120478796,31158000
2022-05-11 05:30:00+05:30,113.11263275146484,115.80245764892041,112.80395091338548,112.86400162054564,36502000
2022-05-12 05:30:00+05:30,112.31858825683594,114.00146192853805,109.29377443536994,111.10469317220583,41464000
2022-05-13 05:30:00+05:30,115.64812469482422,117.20593702410864,113.15134796410668,113.99055094754328,29738000
2022-05-16 05:30:00+05:30,113.93795013427734,115.73943352681172,113.48385167438236,114.52504614697118,23282000
2022-05-17 05:30:00+05:30,115.8327407836914,116.3548260593905,114.47889636271154,116.3548260593905,21576000
2022-05-18 05:30:00+05:30,111.56426239013672,114.83438350457682,111.30718777942104,114.37964889949033,27982000
2022-05-19 05:30:00+05:30,109.92107391357422,112.741920008228,109.64564334675333,111.00842338816487,29192000
2022-05-20 05:30:00+05:30,108.49923706054688,111.71213914916441,105.58112108606554,111.25109663511402,37586000
2022-05-23 05:30:00+05:30,110.835205078125,111.17168590606096,108.34166208341611,109.28433696899042,31558000
2022-05-24 05:30:00+05:30,105.137451171875,105.6029539511262,101.4471270014987,105.58558998260682,60386000
2022-05-25 05:30:00+05:30,105.05159759521484,105.75154805646027,103.4354686838197,104.35928788625647,37900000
2022-05-26 05:30:00+05:30,107.48979949951172,108.14414771940906,104.70270469181337,105.26101721995352,30288000
2022-05-27 05:30:00+05:30,111.95928955078125,112.02776856109718,108.73447566378962,108.97119510009125,29924000
2022-05-31 05:30:00+05:30,113.19005584716797,115.56673109114115,111.73447364482165,112.2372033266363,51302000
2022-06-01 05:30:00+05:30,113.28732299804688,116.52504049374802,112.70518706116705,114.07591068775803,28630000
2022-06-02 05:30:00+05:30,116.86946868896484,117.02033758337525,112.4645028634996,113.3379567488017,27472000
2022-06-03 05:30:00+05:30,113.71115112304688,115.49824658292881,112.82181754435243,115.12901423678426,25052000
2022-06-06 05:30:00+05:30,116.13943481445312,118.50965827025381,115.6608238461561,115.87343213288153,23786000
2022-06-07 05:30:00+05:30,116.35680389404297,116.87208894831058,114.26847047487584,114.78707989999292,26414000
2022-06-08 05:30:00+05:30,116.36524200439453,117.76276512980755,115.82801912123996,116.0064371237209,22544000
2022-06-09 05:30:00+05:30,114.0625,117.4689499207371,114.01187718223603,115.47540291117723,23142000
2022-06-10 05:30:00+05:30,110.5979995727539,112.65209737649664,110.03571894233554,111.94167398934613,31324000
2022-06-13 05:30:00+05:30,106.08087921142578,108.40543986916931,105.79457439548948,106.6461358498506,36756000
2022-06-14 05:30:00+05:30,106.39601135253906,107.65010185105413,105.56027664193988,106.09427358464099,25480000
2022-06-15 05:30:00+05:30,109.5687255859375,111.2287756405572,107.31388572600937,108.08882009403322,33192000
2022-06-16 05:30:00+05:30,105.8421630859375,108.47689726429446,105.00494417401566,107.34439244845272,35314000
2022-06-17 05:30:00+05:30,107.06251525878906,108.4362074021435,104.84221414019781,105.74192217834539,43516000
2022-06-21 05:30:00+05:30,111.1811294555664,111.83422827840597,108.47989242973591,108.88535211170355,39010000
2022-06-22 05:30:00+05:30,111.19998168945312,112.92256622301568,109.90003147952321,110.33547106809041,23922000
2022-06-23 05:30:00+05:30,111.84564971923828,112.35383929162457,110.20247137785185,112.10916860537084,24710000
2022-06-24 05:30:00+05:30,117.65555572509766,117.75430997742473,112.75728877244866,112.75728877244866,39122000
2022-06-27 05:30:00+05:30,115.75431823730469,118.36226061668158,115.13719688644596,118.04960316540595,32840000
2022-06-28 05:30:00+05:30,111.73348236083984,116.97913509631024,111.60692909071406,115.48484175974666,28232000
2022-06-29 05:30:00+05:30,111.42082977294922,112.81834535869702,110.72355999579256,111.31363206051596,18628000
2022-06-30 05:30:00+05:30,108.55828857421875,110.50102357939595,106.51114258064412,109.6768976824354,38046000
2022-07-01 05:30:00+05:30,108.26898193359375,108.98893172325035,106.30769370642642,107.530517137198,31028000
2022-07-05 05:30:00+05:30,113.03917694091797,113.20354018090566,105.45852925090168,106.71411901052572,36398000
2022-07-06 05:30:00+05:30,114.35581970214844,115.48584081793405,111.41487964081023,113.2426703373829,28852000
2022-07-07 05:30:00+05:30,118.4178466796875,118.96970739061597,114.67392353728296,115.14440152879284,32184000
2022-07-08 05:30:00+05:30,119.27391815185547,119.53842900431042,116.6391765141371,116.67491160468205,29082000
2022-07-11 05:30:00+05:30,115.65507507324219,117.91016486019606,115.36921702152986,117.76673982908447,26718000
2022-07-12 05:30:00+05:30,113.9945297241211,116.97219685840713,113.76177074507001,115.96872145905212,24970000
2022-07-13 05:30:00+05:30,111.35184478759766,114.29973648077389,110.99055608145653,111.80048342510196,38958000
2022-07-14 05:30:00+05:30,110.61040496826172,111.15382979691064,108.51164409050321,110.00096979665507,32366000
2022-07-15 05:30:00+05:30,111.92752075195312,113.15184335032022,110.99005576160162,112.12206081029161,34330000
2022-07-18 05:30:00+05:30,109.09180450439453,113.94540144432477,108.48634490003847,112.59552503847513,33354000
2022-07-19 05:30:00+05:30,113.7667465209961,113.95532697031113,109.67741397079091,110.89826091526031,30992300
2022-07-20 05:30:00+05:30,113.84613800048828,115.46400866977766,112.41686291373959,113.21090294580016,26780100
2022-07-21 05:30:00+05:30,114.18360137939453,114.3523340202464,111.07690496198657,114.23322461768115,27267800
2022-07-22 05:30:00+05:30,107.55333709716797,112.33745530559987,106.79899263895324,110.97765125985214,44455300
2022-07-25 05:30:00+05:30,107.40445709228516,109.75681695234908,106.21339321807018,108.06946762917852,28289900
2022-07-26 05:30:00+05:30,104.65507507324219,106.93794863187382,103.98013689664695,106.63025878915802,36626600
2022-07-27 05:30:00+05:30,112.75431823730469,113.54836577163863,107.6128797626186,108.78409571083199,41474600
2022-07-28 05:30:00+05:30,113.73694610595703,113.84612783116005,111.01833780811867,111.96027819059562,23303800
2022-07-29 05:30:00+05:30,115.77169036865234,116.02975695788737,112.38707954111806,112.55581218413384,31336200
2022-08-01 05:30:00+05:30,114.62033081054688,116.24812148517637,113.83621093138044,114.66995404992781,22856200
2022-08-02 05:30:00+05:30,115.0372085571289,116.20842460041492,113.40941779494823,113.57815044859643,17911000
2022-08-03 05:30:00+05:30,117.89575958251953,118.53099459641399,115.28534093394066,115.47392135917269,25302800
2022-08-04 05:30:00+05:30,117.98509979248047,118.61040716268363,116.83373153580266,117.41934334155405,15757700
2022-08-05 05:30:00+05:30,117.33992767333984,117.97516267009925,115.8411665532051,116.05953000320336,15615700
2022-08-08 05:30:00+05:30,117.26052856445312,119.96028125180207,116.95283872390638,118.23323647221227,17061100
2022-08-09 05:30:00+05:30,116.62529754638672,117.32008352400636,115.69229274278388,117.11164773072046,15424300
2022-08-10 05:30:00+05:30,119.75184631347656,120.87343152453795,118.47144855610613,118.69973212567663,20497000
2022-08-11 05:30:00+05:30,118.92802429199219,121.42926133710701,118.66003758353666,121.17120230603105,16671600
2022-08-12 05:30:00+05:30,121.73694610595703,121.73694610595703,119.50369600134445,120.25804037923,16121100
2022-08-15 05:30:00+05:30,121.96522521972656,122.34240118125624,120.66497985154288,121.30021480795308,15525000
2022-08-16 05:30:00+05:30,121.5979995727539,122.31064928688622,120.63025929055411,121.40941156862304,15626200
2022-08-17 05:30:00+05:30,119.42428588867188,121.24066439933496,119.30517649412742,120.02974539222623,17589200
2022-08-18 05:30:00+05:30,119.96028137207031,120.78410441269445,118.66003584061222,119.33497401312613,15652000
2022-08-19 05:30:00+05:30,117.24066925048828,119.10667103727016,116.79401469053958,118.97764153644847,20187000
2022-08-22 05:30:00+05:30,114.21337127685547,115.63272607145188,113.81634752689736,115.23570232149379,19316000
2022-08-23 05:30:00+05:30,113.91560363769531,115.06697177620009,113.44910886357526,113.46895664376403,14390700
2022-08-24 05:30:00+05:30,113.84613800048828,114.85557304358227,112.932988555949,113.597999070607,16051200
2022-08-25 05:30:00+05:30,116.82379913330078,116.90320540419083,114.19353267030758,114.29278672262073,14874700
2022-08-26 05:30:00+05:30,110.47145080566406,115.73199139432494,110.39204453341436,114.94787149420665,31698700
2022-08-29 05:30:00+05:30,109.51859283447266,111.12653580240911,108.9925395225364,109.9553197678231,20386100
2022-08-30 05:30:00+05:30,109.09180450439453,110.5409349692568,107.99006703237607,110.20346208149473,20548200
2022-08-31 05:30:00+05:30,108.33744812011719,110.93793901443901,108.23819407201151,110.79898183257136,25898000
2022-09-01 05:30:00+05:30,109.72703552246094,110.39204602317912,107.38460346767542,108.38707927111064,22784400
2022-09-02 05:30:00+05:30,107.8709487915039,110.84365570169682,107.32504015270432,110.51114289368336,20618100
2022-09-06 05:30:00+05:30,106.67988586425781,108.06945773272552,105.7171056606775,107.33000861113351,20565100
2022-09-07 05:30:00+05:30,109.65754699707031,110.16374490531014,106.81386972546036,106.95779452939786,22987200
2022-09-08 05:30:00+05:30,108.60543823242188,109.75680643003494,107.25556193233697,108.36722699493593,21660700
2022-09-09 05:30:00+05:30,110.94786834716797,111.1662317998191,109.18112051767947,109.2307513287724,21732900
2022-09-12 05:30:00+05:30,111.03720092773438,111.80146543002034,110.1041962133658,111.15630275673566,19732900
2022-09-13 05:30:00+05:30,104.52603912353516,108.55582044496477,104.21834927747148,108.079390373467,33015000
2022-09-14 05:30:00+05:30,105.08187103271484,105.31015459512474,103.72206704484307,104.6550717936455,22115800
2022-09-15 05:30:00+05:30,103.12654113769531,105.41934243467084,102.54092932335399,104.22827859607038,26494900
2022-09-16 05:30:00+05:30,102.8585433959961,103.25556718639018,101.0967631048831,102.20346057855498,64540100
2022-09-19 05:30:00+05:30,103.076904296875,103.24563694250317,101.60792615331398,101.77665879894217,19738600
2022-09-20 05:30:00+05:30,101.07193756103516,102.4019584169711,100.36722400074994,102.1141163871197,24001700
2022-09-21 05:30:00+05:30,99.26548767089844,102.71957691805449,99.24563231824449,101.47888241812235,26596800
2022-09-22 05:30:00+05:30,99.82131958007812,100.92305693710516,98.66995898502375,98.70965454640623,21272700
2022-09-23 05:30:00+05:30,98.43175506591797,99.36475992406305,97.28039429675563,99.31512910593206,25657000
2022-09-26 05:30:00+05:30,98.07443237304688,99.69230311079619,97.64763309268717,97.87592424978169,22437900
2022-09-27 05:30:00+05:30,97.35978698730469,99.71214677098449,96.61537019694262,99.16624566827849,24225000
2022-09-28 05:30:00+05:30,99.99005126953125,100.64514161509229,97.07194288935496,97.29029876527687,24617000
2022-09-29 05:30:00+05:30,97.35978698730469,98.56078607297609,95.80147480905075,98.56078607297609,21921500
2022-09-30 05:30:00+05:30,95.4342269897461,98.75333483071957,95.3151175859504,97.00246672969558,26277800
2022-10-03 05:30:00+05:30,98.56077575683594,99.22578620253039,96.29774259001869,96.49625825689655,24840000
2022-10-04 05:30:00+05:30,101.64762115478516,101.95531096308564,100.28781727639598,100.28781727639598,22580900
2022-10-05 05:30:00+05:30,101.45905303955078,101.97517871318828,98.99751137329586,99.94044390782157,18475500
2022-10-06 05:30:00+05:30,101.47889709472656,102.95781060480748,100.74440796486718,100.74440796486718,17156200
2022-10-07 05:30:00+05:30,98.82876586914062,100.66499230900759,98.47144522896559,99.90072778966572,24249900
2022-10-10 05:30:00+05:30,97.97516632080078,99.2456363284513,97.14142321800459,99.10667914465193,16529900
2022-10-11 05:30:00+05:30,97.32008361816406,99.37467349189947,96.52603607641377,97.51859171730234,21617700
2022-10-12 05:30:00+05:30,97.56822967529297,98.90619435315163,96.94291472926554,97.53844664290189,17343400
2022-10-13 05:30:00+05:30,98.96773529052734,99.78163072208707,94.56078523190662,95.21587567742034,32812200
2022-10-14 05:30:00+05:30,96.4565658569336,100.53597050088787,96.30768098335732,99.87592003369244,22624800
2022-10-17 05:30:00+05:30,100.0297622680664,101.01239029106955,98.76921986058552,98.77913996531755,23311600
2022-10-18 05:30:00+05:30,100.63522338867188,103.44415788095885,99.90073427953011,103.1662434922349,21610500
2022-10-19 05:30:00+05:30,99.54341125488281,100.90221569593305,98.8932884882681,99.95035515083292,21573700
2022-10-20 05:30:00+05:30,99.7816162109375,102.23322982714598,99.22578748171075,100.06945825217235,25125100
2022-10-21 05:30:00+05:30,100.72454833984375,100.8635055217882,97.49874255273618,97.72702610624557,28988700
2022-10-24 05:30:00+05:30,102.20345306396484,102.33248256800137,99.55333138478001,101.32999927479946,24680800
2022-10-25 05:30:00+05:30,104.14885711669922,104.31758974755877,102.25307232761264,102.53099425047309,29910200
2022-10-26 05:30:00+05:30,94.11412811279297,97.80643640842473,93.86598919585641,96.03968853145226,71504300
2022-10-27 05:30:00+05:30,91.91065216064453,94.46151989170572,91.21586623101646,93.60792142239198,54036500
2022-10-28 05:30:00+05:30,95.86101531982422,96.13892965781173,91.63570265431356,91.84116237688241,35696900
2022-10-31 05:30:00+05:30,93.955322265625,95.63273617907231,93.67740032027045,95.06697975664831,29868700
2022-11-01 05:30:00+05:30,89.82630157470703,95.44913119525013,89.75682297031567,94.87840705604977,43220600
2022-11-02 05:30:00+05:30,86.42182159423828,90.62033539620485,86.36227067746957,90.23323929201062,43553600
2022-11-03 05:30:00+05:30,82.86846923828125,85.90569468178349,82.82876610350229,85.70221895576579,48510400
2022-11-04 05:30:00+05:30,86.05458068847656,86.0843637220267,83.25557377011876,84.8734444927018,40173300
2022-11-07 05:30:00+05:30,87.99005889892578,88.27790094290526,86.312637446031,86.68980586266004,26899900
2022-11-08 05:30:00+05:30,88.24813842773438,89.73200447898023,86.99751601903579,88.49627737383966,30172000
2022-11-09 05:30:00+05:30,86.74937438964844,88.82381228007551,86.70967125078771,87.8858473957141,26743900
2022-11-10 05:30:00+05:30,93.46896362304688,93.84613961602565,90.96772672020228,91.65258496845573,42371200
2022-11-11 05:30:00+05:30,96.00991821289062,96.63522559091078,93.45905031312702,94.00495141605279,30569100
2022-11-14 05:30:00+05:30,95.31512451171875,96.45656510342108,94.404951098873,94.78907119211138,24170100
2022-11-15 05:30:00+05:30,97.98509216308594,99.67243369054474,96.2977430630287,97.93546135297309,31831000
2022-11-16 05:30:00+05:30,98.25308227539062,99.10668074543044,97.1731842659648,97.29030207737372,24660200
2022-11-17 05:30:00+05:30,97.76673889160156,98.7394468338373,96.37715936237876,96.4565656377856,21818700
2022-11-18 05:30:00+05:30,97.07194519042969,98.42182147455547,96.01983105649133,98.27293661316246,24969900
2022-11-21 05:30:00+05:30,95.11661529541016,97.98510068512952,94.95780274731541,96.83373242923986,18696900
2022-11-22 05:30:00+05:30,96.60543060302734,96.82180243591314,93.70717030133065,95.44414246176224,18868900
2022-11-23 05:30:00+05:30,98.0843505859375,98.33149749193493,96.61536486869264,96.61536486869264,17568900
2022-11-25 05:30:00+05:30,96.87342834472656,98.20345683177483,96.80394975326425,97.73198684763922,8567800
2022-11-28 05:30:00+05:30,95.53347778320312,97.10171746969127,95.17615715659574,96.47640258682915,19974500
2022-11-29 05:30:00+05:30,94.72950744628906,95.6724322229068,93.6873210531026,95.28533615060284,20220000
2022-11-30 05:30:00+05:30,100.69477844238281,100.69477844238281,93.96525162663308,94.41190626050462,39888100
2022-12-01 05:30:00+05:30,100.52603912353516,101.82628465487545,99.92057954651435,100.64514853253233,21771500
2022-12-02 05:30:00+05:30,100.07939147949219,100.39700899560899,98.43174540847458,98.6302610889219,18821500
2022-12-05 05:30:00+05:30,99.12653350830078,100.9925353668301,98.61536796458614,99.0719426457391,19955500
2022-12-06 05:30:00+05:30,96.58557891845703,99.46399155095932,96.03967790515702,98.92801064096803,20877600
2022-12-07 05:30:00+05:30,94.4416732788086,96.585589582895,94.3176038203689,96.0496086137237,26647900
2022-12-08 05:30:00+05:30,93.25060272216797,95.15631537507932,93.1017254288614,94.9776550505126,25593200
2022-12-09 05:30:00+05:30,92.37715911865234,93.78658640167565,92.32752830438571,93.20098217084448,21885300
2022-12-12 05:30:00+05:30,92.8635025024414,93.17615994973863,91.21586409114799,92.39700014380698,27380900
2022-12-13 05:30:00+05:30,95.13645935058594,99.0570587863431,94.66995697458204,97.33993414718385,34788500
2022-12-14 05:30:00+05:30,94.60047912597656,96.49626410337974,93.2406826953187,94.82877026356813,26452900
2022-12-15 05:30:00+05:30,90.52107238769531,93.33000669886196,89.75680786798428,92.84365654995494,28298800
2022-12-16 05:30:00+05:30,90.18360137939453,91.06697524737594,89.339930643666,90.52106664464667,48485500
2022-12-19 05:30:00+05:30,88.48634338378906,90.52107805315164,88.26301986274427,90.20346052769705,23020500
2022-12-20 05:30:00+05:30,88.96276092529297,89.11164578855437,87.38460106347884,88.06946689092203,21976800
2022-12-21 05:30:00+05:30,89.57815551757812,90.23820599326167,88.24813446108449,89.06202986482222,20336400
2022-12-22 05:30:00+05:30,87.60297393798828,88.51612342435148,86.29280063111081,88.26798448310498,23656100
2022-12-23 05:30:00+05:30,89.14142608642578,89.42926815166591,86.96773422614893,86.96773422614893,17815000
2022-12-27 05:30:00+05:30,87.27542114257812,88.83373325543998,86.8833649813831,88.64514525323033,15470900
2022-12-28 05:30:00+05:30,85.81636810302734,87.86103049779445,85.72704172155468,86.84862697810763,17879600
2022-12-29 05:30:00+05:30,88.28782653808594,88.69973806254102,86.34241827364924,86.38212141038457,18280700
2022-12-30 05:30:00+05:30,88.06947326660156,88.16872732509496,86.38212398181673,86.71462924269922,19190300
2023-01-03 05:30:00+05:30,89.03223419189453,90.86846810792997,88.35729608174161,89.16127126621384,20738500
2023-01-04 05:30:00+05:30,88.04961395263672,90.56077862535425,87.14639221657654,90.33249505834297,27046500
2023-01-05 05:30:00+05:30,86.1240463256836,87.55332881699137,85.91561055780093,87.41437163840293,23136100
2023-01-06 05:30:00+05:30,87.50370025634766,87.81139005127272,84.93297746367747,86.70965279335661,26612600
2023-01-09 05:30:00+05:30,88.13895416259766,90.15384113567907,87.92059068465987,88.53101035427727,22996700
2023-01-10 05:30:00+05:30,88.57566833496094,88.80891952970872,86.05457595430337,86.07443130891114,22855600
2023-01-11 05:30:00+05:30,91.57318115234375,91.76176156569193,89.0719368167323,89.38955430366411,25998800
2023-01-12 05:30:00+05:30,91.22579193115234,91.93050552239022,89.89576344420028,91.71214207135343,22754200
2023-01-13 05:30:00+05:30,92.10916137695312,92.28782168527326,90.25307970566047,90.84662752181106,18630700
2023-01-17 05:30:00+05:30,91.47393798828125,92.27790569120275,90.16375717966973,92.08931768282399,22935800
2023-01-18 05:30:00+05:30,91.09676361083984,92.89130303638662,90.71959515989414,92.24813189151499,19641600
2023-01-19 05:30:00+05:30,93.2109146118164,93.69726481156859,90.69974219001155,90.70966986789205,28707700
2023-01-20 05:30:00+05:30,98.54092407226562,98.67988125795394,95.19601636628437,95.2357119285393,53704800
2023-01-23 05:30:00+05:30,100.45655059814453,100.64513858393207,98.01486474955105,98.39203314852789,31791800
2023-01-24 05:30:00+05:30,98.47145080566406,100.33745280912245,97.96524527464857,98.80892368387408,27391400
2023-01-25 05:30:00+05:30,96.00991821289062,96.99254625623635,94.55284411256523,96.476413040722,31000900
2023-01-26 05:30:00+05:30,98.42182922363281,98.47145246627174,96.0992448917933,97.54837534007642,24542100
2023-01-27 05:30:00+05:30,99.96028137207031,100.82380753762881,98.2332366135522,98.31264288517572,29020400
2023-01-30 05:30:00+05:30,97.2208251953125,98.66896355953914,96.79402595278148,98.00991271096092,24365100
2023-01-31 05:30:00+05:30,99.12653350830078,99.16623664221824,97.06201598018421,97.13149457139012,22306800
2023-02-01 05:30:00+05:30,100.6749267578125,101.42927122365668,97.6873319269526,98.99750517152452,26392600
2023-02-02 05:30:00+05:30,107.99005889892578,108.00990668019372,105.74688098571264,105.99501990085484,46622600
2023-02-03 05:30:00+05:30,104.43669891357422,107.21584998268865,102.53099402516465,102.73942978740337,36823400
2023-02-06 05:30:00+05:30,102.6997299194336,103.92056907600107,101.4491077336586,101.92057013270048,25573000
2023-02-07 05:30:00+05:30,107.23571014404297,107.8610174588022,102.77714593508533,102.85853622293313,33738800
2023-02-08 05:30:00+05:30,99.25557708740234,102.80892856455525,97.72208023882588,101.92555453428534,73546000
2023-02-09 05:30:00+05:30,94.7493667602539,99.86103015928214,93.16127914560606,99.79155156278502,97798600
2023-02-10 05:30:00+05:30,94.1538314819336,96.29774779183593,93.82628629334056,95.02727774558286,49325300
2023-02-13 05:30:00+05:30,94.29279327392578,94.64018626094146,93.34986837022619,94.30272095144028,43116600
2023-02-14 05:30:00+05:30,94.24314880371094,94.4664798661324,91.96027552509679,93.95531435088847,42513100
2023-02-15 05:30:00+05:30,96.37713623046875,96.6153474269159,93.65753631762128,94.03470467637906,36964500
2023-02-16 05:30:00+05:30,95.06697082519531,97.15133599763858,94.26300324059814,94.82875960986986,35642100
2023-02-17 05:30:00+05:30,93.88583374023438,95.03720190997007,92.75432092382434,94.36226377626947,31095100
2023-02-21 05:30:00+05:30,91.36476135253906,92.71959785373836,91.31513053516491,92.5458975655284,28367200
2023-02-22 05:30:00+05:30,91.11661529541016,91.67244405811714,90.19353820157238,91.24961285071565,29891100
2023-02-23 05:30:00+05:30,90.39204406738281,91.44415064857093,89.3399374861947,91.44415064857093,32423700
2023-02-24 05:30:00+05:30,88.68484497070312,89.45903715873452,88.19849482714982,88.96275933844787,31295600
2023-02-27 05:30:00+05:30,89.42927551269531,89.77666852602803,88.94292529402951,89.41934783442873,22724300
2023-02-28 05:30:00+05:30,89.62776947021484,90.7692022981537,88.85356977784703,88.87342512956303,30546900
2023-03-01 05:30:00+05:30,89.83621215820312,90.52107039328135,89.18112180779958,89.48881920235208,26323900
2023-03-02 05:30:00+05:30,91.62281036376953,91.79155058079907,89.10171808381965,89.19105203078807,23328600
2023-03-03 05:30:00+05:30,93.32008361816406,93.40941756895012,91.97021483243287,92.04961353328834,30242500
2023-03-06 05:30:00+05:30,94.86846923828125,95.58311050579802,93.59799923940635,93.65755015416657,28288200
2023-03-07 05:30:00+05:30,93.46896362304688,95.37466865117595,93.14539405582894,94.70965818395362,24101500
2023-03-08 05:30:00+05:30,93.94539642333984,95.52355631627923,93.70221755613018,93.70221755613018,25395200
2023-03-09 05:30:00+05:30,91.97020721435547,95.20593307731446,91.66747744791009,93.78657824042934,24438900
2023-03-10 05:30:00+05:30,90.3324966430664,92.48634070097877,90.12406085416511,91.81140252008929,32850100
2023-03-13 05:30:00+05:30,90.97764587402344,92.38707294575148,89.27044910653407,89.8907963288719,31508600
2023-03-14 05:30:00+05:30,93.54837799072266,94.12406213424325,92.08931984917189,92.37716192093218,32303900
2023-03-15 05:30:00+05:30,95.83126068115234,96.52604667703727,92.34738787870214,92.84366575364835,38367300
2023-03-16 05:30:00+05:30,100.3176040649414,101.21090570740284,95.1563174658738,95.85110342523325,54499500
2023-03-17 05:30:00+05:30,101.69725036621094,102.7195814678215,99.99998112383827,100.08930749694275,76140300
2023-03-20 05:30:00+05:30,101.17119598388672,101.81635865991568,100.03968316797067,100.30766985696194,26033900
2023-03-21 05:30:00+05:30,105.05208587646484,105.17119528005082,101.10171864834624,101.2208280519322,33122800
2023-03-22 05:30:00+05:30,103.44416046142578,106.70966975559035,103.43423278369538,104.35730992504037,32336900
2023-03-23 05:30:00+05:30,105.4689712524414,106.30370641962918,104.62530041836065,105.10172291573843,31385800
2023-03-24 05:30:00+05:30,105.27044677734375,105.36970839755767,103.96027366006327,104.9528292814151,25236200
2023-03-27 05:30:00+05:30,102.29277801513672,104.61536206375317,101.8659788029712,104.53595579809486,25393400
2023-03-28 05:30:00+05:30,100.60543823242188,102.23322884314564,99.53347634557498,102.23322884314564,24913500
2023-03-29 05:30:00+05:30,101.14141845703125,102.05456780336732,100.27789234777528,101.95531375660877,26148300
2023-03-30 05:30:00+05:30,100.56574249267578,100.85358455230276,99.54341134069661,100.68485190194869,25009800
2023-03-31 05:30:00+05:30,103.22579193115234,103.41437993579669,100.68485178377102,100.95283848857181,28108000
2023-04-03 05:30:00+05:30,104.12901306152344,104.16870862218236,101.61784099803874,101.90568303470533,20719900
2023-04-04 05:30:00+05:30,104.33745574951172,105.31015607471355,103.82132255554437,104.05953379828375,20377200
2023-04-05 05:30:00+05:30,104.16870880126953,105.74687616741699,103.32702206352369,105.3300046263963,21864200
2023-04-06 05:30:00+05:30,108.08930969238281,108.81387106210268,104.03472084988645,104.98260572198302,34684200
2023-04-10 05:30:00+05:30,106.15382385253906,107.16623485728229,104.81387523811881,106.59055076223996,19741500
2023-04-11 05:30:00+05:30,105.33000946044922,106.42181917291539,104.496258767545,106.12404944560701,18721300
2023-04-12 05:30:00+05:30,104.43669891357422,106.78607475107752,104.18856001958552,106.59054269597247,22761600
2023-04-13 05:30:00+05:30,107.38461303710938,107.45905169210722,105.6476404095626,105.67741587156173,21650700
2023-04-14 05:30:00+05:30,108.64513397216797,108.76424336910276,106.78905229274152,106.88831390981959,20758700
2023-04-17 05:30:00+05:30,105.62776947021484,105.91561151474151,104.53595977991965,104.64514150620903,29043400
2023-04-18 05:30:00+05:30,104.33745574951172,106.25308851374669,103.99998288074862,106.20345770073483,17641400
2023-04-19 05:30:00+05:30,104.23819732666016,104.93795091959637,103.0272857215084,103.43918967724909,16732000
2023-04-20 05:30:00+05:30,105.11164855957031,106.09229254650998,103.86102627610038,103.8709539532784,22515300
2023-04-21 05:30:00+05:30,105.12158203125,105.84614348060829,104.6997428128186,105.30023479470876,22379000
2023-04-24 05:30:00+05:30,105.98509216308594,106.52107312819729,104.57566494331094,105.26053077194189,21410900
2023-04-25 05:30:00+05:30,103.83124542236328,106.64017968248697,103.78161461165072,105.81635668928911,31408100
2023-04-26 05:30:00+05:30,103.67243194580078,106.22329959775887,102.50121600603411,104.77416929475918,37068200
2023-04-27 05:30:00+05:30,107.5632553100586,108.3374474823633,103.64265606587671,104.44663126777643,38235200
2023-04-28 05:30:00+05:30,107.41436767578125,107.48384626451002,105.25059617631587,106.99749614340858,23957900
2023-05-01 05:30:00+05:30,106.90817260742188,107.87095283965463,106.69973682094864,106.91810028466315,20926300
2023-05-02 05:30:00+05:30,105.19105529785156,106.92802775435598,103.72206954554999,106.85854915899976,20343100
2023-05-03 05:30:00+05:30,105.33000946044922,107.32504088657967,104.83373163000108,105.4292635120191,17116300
2023-05-04 05:30:00+05:30,104.42677307128906,105.50866260582943,103.92056759833538,105.36970542856344,19780600
2023-05-05 05:30:00+05:30,105.42430114746094,105.64763224038482,103.95929097862731,104.53596711857824,20710600
2023-05-08 05:30:00+05:30,107.43421936035156,107.6128796768043,105.00246109386562,105.00742114588428,17266000
2023-05-09 05:30:00+05:30,107.136474609375,109.77170902546156,106.92307117634779,107.97021783978894,24782400
2023-05-10 05:30:00+05:30,111.44414520263672,112.66499196252387,107.67243834279219,107.74191693416148,47533500
2023-05-11 05:30:00+05:30,116.02976989746094,117.55830667708587,114.07443383798878,114.99751099800255,57115100
2023-05-12 05:30:00+05:30,117.04217529296875,117.37964819457343,115.68237872626054,116.12902579643776,31293800
2023-05-15 05:30:00+05:30,116.08930969238281,117.91064842930201,115.61288721374498,115.62280731812581,22107900
2023-05-16 05:30:00+05:30,119.19600677490234,120.29774417440517,115.96028074298842,115.96028074298842,32370100
2023-05-17 05:30:00+05:30,120.57566833496094,121.36970834196474,118.57070160413352,119.28534291125621,26659600
2023-05-18 05:30:00+05:30,122.6004867553711,122.97766279867085,120.58559973125801,120.65507833303434,27014500
2023-05-19 05:30:00+05:30,122.33248138427734,125.53743981777286,121.80642811204997,123.27540620363604,30268900
2023-05-22 05:30:00+05:30,124.93297576904297,126.10419167686175,122.5309854681955,122.59054395340543,29760200
2023-05-23 05:30:00+05:30,122.37220001220703,124.48634104542272,122.1339887511995,123.99999084552417,24477900
2023-05-24 05:30:00+05:30,120.73446655273438,121.83620391081111,119.85109264546183,120.9726777842487,23087900
2023-05-25 05:30:00+05:30,123.42430114746094,125.04217180284299,121.98509839556073,124.27789966472285,33812700
2023-05-26 05:30:00+05:30,124.49625396728516,125.06201037799596,122.37218550794296,123.14141764185113,25154700
2023-05-30 05:30:00+05:30,123.71214294433594,125.43918775739435,121.97517045386135,125.34986137844608,27230700
2023-05-31 05:30:00+05:30,122.45159912109375,123.97020812658324,122.18360484212559,122.77913674607848,41548800
2023-06-01 05:30:00+05:30,123.44414520263672,124.10915565070522,122.38211099199353,122.58061908698166,25017700
2023-06-02 05:30:00+05:30,124.29774475097656,125.80146592309599,123.42429095099801,123.56324813324942,19367500
2023-06-05 05:30:00+05:30,125.68733215332031,127.03720858188797,123.45408171125463,123.6823728661651,22672500
2023-06-06 05:30:00+05:30,126.95780944824219,127.92058973607568,125.03224887257518,125.6575562681065,19450100
2023-06-07 05:30:00+05:30,122.02479553222656,128.58558906507577,121.71709812758215,126.62528557418186,34179300
2023-06-08 05:30:00+05:30,121.75679779052734,122.8089119118062,121.10171500991837,121.67243147035944,24815000
2023-06-09 05:30:00+05:30,121.95532989501953,123.35979721493007,121.50867525602563,121.64763245768607,20304500
2023-06-12 05:30:00+05:30,123.42430114746094,123.82132494637797,121.43918972547492,122.47640862603883,22255700
2023-06-13 05:30:00+05:30,123.50370025634766,124.92305514362373,122.92305610781635,124.71461936512009,19287700
2023-06-14 05:30:00+05:30,123.45406341552734,123.86101484839737,121.25059633355694,122.87838691984047,24659600
2023-06-15 05:30:00+05:30,124.85357666015625,125.22082497837408,122.22330266180371,122.95779172564072,24517100
2023-06-16 05:30:00+05:30,123.13646697998047,125.75681361925133,122.8684802527685,125.75681361925133,56699200
2023-06-20 05:30:00+05:30,122.92802429199219,124.24316516331616,121.91562079048697,122.61537438985336,22698000
2023-06-21 05:30:00+05:30,120.35730743408203,122.49130372366842,119.9602836358289,122.31760344549545,22612000
2023-06-22 05:30:00+05:30,122.94788360595703,123.01239458040624,118.70966630841238,119.76178055386951,20781900
2023-06-23 05:30:00+05:30,122.10418701171875,122.52106612036718,120.95282644939957,121.1314867609351,29573100
2023-06-26 05:30:00+05:30,118.20344543457031,121.8064271902783,118.10419138685185,120.5617646207202,23185000
2023-06-27 05:30:00+05:30,118.1240463256836,119.00245259613973,116.0396810405121,116.96275049639515,27221700
2023-06-28 05:30:00+05:30,120.17864227294922,120.36722270077522,116.7245452113623,117.0818658581678,19753100
2023-06-29 05:30:00+05:30,119.11661529541016,120.00991696706336,118.32256768225191,119.19601399864658,18517500
2023-06-30 05:30:00+05:30,120.06944274902344,121.12154917947204,119.98010881426208,120.1984722407924,23871800
2023-07-03 05:30:00+05:30,119.66250610351562,120.11908079137234,118.81387526794018,119.42429486911182,13888300
2023-07-05 05:30:00+05:30,121.71709442138672,122.45159104130967,119.16622675014786,119.16622675014786,17830300
2023-07-06 05:30:00+05:30,120.02974700927734,120.24811044925161,118.36225332618068,119.74190498136564,17732500
2023-07-07 05:30:00+05:30,119.24564361572266,120.84365893100839,119.19601280067435,119.99006040585206,20997700
2023-07-10 05:30:00+05:30,115.99998474121094,118.18360420240127,115.77169360347068,118.18360420240127,32960100
2023-07-11 05:30:00+05:30,116.83373260498047,117.34489819371464,114.96773058210808,115.89080770234051,18286600
2023-07-12 05:30:00+05:30,118.7295150756836,120.05953607340918,118.1141278180589,118.41189755588353,22059600
2023-07-13 05:30:00+05:30,123.90072631835938,124.40196420644293,120.15878719531577,120.63521724968534,31535900
2023-07-14 05:30:00+05:30,124.76423645019531,126.1438881345715,123.97019651019512,124.19848005856333,20499800
2023-07-17 05:30:00+05:30,124.12902069091797,126.3324956856253,123.5731918895862,125.12157644906726,20675300
2023-07-18 05:30:00+05:30,123.15631103515625,124.05953276945621,122.38211881358517,123.97516644506437,21045800
2023-07-19 05:30:00+05:30,121.86598205566406,124.53595918967088,121.55829222598103,123.8610210416639,22313800
2023-07-20 05:30:00+05:30,118.64018249511719,123.77169368500378,117.80147171073976,121.21090571506095,27541700
2023-07-21 05:30:00+05:30,119.41436004638672,120.39699552812229,118.18359324091979,119.9701963235316,56514600
2023-07-24 05:30:00+05:30,120.9726791381836,122.43173714616094,120.4764013162919,121.01834190774547,22276100
2023-07-25 05:30:00+05:30,121.87590789794922,122.7692094881291,120.62528567169737,120.9726786310455,31820800
2023-07-26 05:30:00+05:30,128.6947784423828,130.39204024428076,127.75185353630636,129.38956441816555,46216900
2023-07-27 05:30:00+05:30,128.9031982421875,132.60544174487137,128.21833241608252,130.818838534423,35931600
2023-07-28 05:30:00+05:30,132.0198211669922,133.07194287487187,129.94538349942422,129.9950143108181,26971000
2023-07-31 05:30:00+05:30,132.11912536621094,132.8337668740294,131.14642475925882,132.0198637114353,18381900
2023-08-01 05:30:00+05:30,130.90817260742188,131.93050378195832,129.7766596984593,129.88087380784845,22154300
2023-08-02 05:30:00+05:30,127.68235778808594,129.44910562762945,126.89823791846632,128.87342153510892,22705800
2023-08-03 05:30:00+05:30,127.81140899658203,128.8039647530154,126.82381329279501,127.41437760688932,15018100
2023-08-04 05:30:00+05:30,127.58309173583984,130.94785465558877,127.35977581019968,128.63521340679924,20521900
2023-08-07 05:30:00+05:30,130.95779418945312,131.0768960203581,128.46646982824424,128.54587609724663,17621000
2023-08-08 05:30:00+05:30,130.8585662841797,130.95782793230794,129.16130417567481,130.0049676039605,16836000
2023-08-09 05:30:00+05:30,129.1811065673828,131.48384285199134,128.5409191035539,131.20592849284157,17745200
2023-08-10 05:30:00+05:30,129.24069213867188,131.65954701145412,129.0669918516789,130.98758482352966,17855700
2023-08-11 05:30:00+05:30,129.2009735107422,129.46896779010552,127.79154623570228,128.2401772921194,15205500
2023-08-14 05:30:00+05:30,130.84860229492188,130.92800855775388,128.62527237121387,128.8833465117169,17526200
2023-08-15 05:30:00+05:30,129.3002166748047,131.00741344477407,128.8525701201837,130.61038213478358,14769200
2023-08-16 05:30:00+05:30,128.1488494873047,129.9235332624909,127.50369442871533,128.3175821157789,17548400
2023-08-17 05:30:00+05:30,129.4888153076172,131.50468648067013,128.8833557621138,129.4788800583026,23665600
2023-08-18 05:30:00+05:30,127.15630340576172,128.86350031494928,126.05456604163717,128.09922823293928,23627200
2023-08-21 05:30:00+05:30,127.97022247314453,128.29776773131272,126.21340946824346,126.89826787679468,21851100
2023-08-22 05:30:00+05:30,128.72451782226562,129.9751322281404,127.96521351419985,128.1686891974324,15557900
2023-08-23 05:30:00+05:30,132.2183380126953,133.07193643368203,129.5384257791161,129.87590619314082,26497000
2023-08-24 05:30:00+05:30,129.44912719726562,133.96525917138177,129.330025346277,133.7240718650499,18680400
2023-08-25 05:30:00+05:30,129.7171173095703,130.4218234320486,127.0868354054885,129.1712086015383,20678100
2023-08-28 05:30:00+05:30,130.8088836669922,132.24810126899527,129.87589421192425,131.09673324547086,16715500
2023-08-29 05:30:00+05:30,134.48138427734375,136.27294013982967,131.99005964714488,132.0079309817891,30803300
2023-08-30 05:30:00+05:30,135.91065979003906,136.2282849189266,134.0158741413235,134.56079842786622,21773400
2023-08-31 05:30:00+05:30,136.32752990722656,137.36970126425066,135.80147660380746,136.02976017156342,28147900
2023-09-01 05:30:00+05:30,135.7816162109375,137.54836405972944,134.92801774448316,137.3994716248239,16671600
2023-09-05 05:30:00+05:30,135.69229125976562,136.3473664865473,134.5508431609782,135.42429699028372,17730200
2023-09-06 05:30:00+05:30,134.3622589111328,136.4565520228765,133.68732831161628,135.99501726186614,15814300
2023-09-07 05:30:00+05:30,135.1860809326172,135.56325693844485,132.96276589665896,133.5980009276753,16976000
2023-09-08 05:30:00+05:30,136.17861938476562,136.49127680843682,134.85851867659605,134.85851867659605,17810700
2023-09-11 05:30:00+05:30,136.71461486816406,137.2347160663886,135.533471271672,136.35729424355466,17180800
2023-09-12 05:30:00+05:30,135.0570526123047,136.6153570847694,134.91808028392478,136.10915916285992,15212900
2023-09-13 05:30:00+05:30,136.47640991210938,136.67491802476007,133.92553447169337,134.88831472050737,16394900
2023-09-14 05:30:00+05:30,137.95530700683594,138.5111357144093,136.03966684123876,137.3597675943237,19064600
2023-09-15 05:30:00+05:30,137.27044677734375,138.32255332282665,136.15877417204362,137.7667245927751,48958800
2023-09-18 05:30:00+05:30,137.92555236816406,138.88831750289697,136.60545141583313,136.60545141583313,16233600
2023-09-19 05:30:00+05:30,137.7965087890625,138.1389417150428,136.47640789887149,137.22082466922896,15479100
2023-09-20 05:30:00+05:30,133.58804321289062,137.80640415428957,133.51857220229851,137.79648405140364,21473500
2023-09-21 05:30:00+05:30,130.38211059570312,132.1984892499227,130.11411632994685,131.40444170206536,22058400
2023-09-22 05:30:00+05:30,130.27293395996094,132.01982651736233,129.53843729907737,130.69972563581098,17348700
2023-09-25 05:30:00+05:30,131.1860809326172,131.2357117450985,129.06201240711627,129.79650905432595,14650000
2023-09-26 05:30:00+05:30,128.48631286621094,130.42676078309532,127.23569832598999,129.93941867379797,20378800
2023-09-27 05:30:00+05:30,130.48138427734375,130.7394433175376,128.4168665201969,128.4764174413802,18764200
2023-09-28 05:30:00+05:30,132.13893127441406,133.1811025335243,129.7170931981803,129.7170931981803,18201400
2023-09-29 05:30:00+05:30,130.86846923828125,133.88583176717268,130.3424159524719,133.08186410943372,23237300
2023-10-02 05:30:00+05:30,134.16375732421875,134.3523453377214,131.08187599755323,131.17120237914963,19210400
2023-10-03 05:30:00+05:30,132.3076629638672,134.23322322861074,131.82627289768132,133.9255182742392,19628700
2023-10-04 05:30:00+05:30,135.2555389404297,135.55330861223615,132.43666987854905,132.6649685425443,22848000
2023-10-05 05:30:00+05:30,134.97764587402344,135.4838437941703,133.45406934376186,135.1166030567224,15922900
2023-10-06 05:30:00+05:30,137.69725036621094,138.14986461791753,133.93547086301086,133.93547086301086,20826700
2023-10-09 05:30:00+05:30,138.46151733398438,138.92801971511255,135.682358401467,136.96276370973717,16599100
2023-10-10 05:30:00+05:30,138.1637420654297,139.69228623241167,137.3994699819387,138.47143189061256,19554900
2023-10-11 05:30:00+05:30,140.6451416015625,141.16127481333947,138.7989873682816,138.80892261834543,20146300
2023-10-12 05:30:00+05:30,139.24562072753906,141.32007347566807,138.41187764480986,141.1017100284966,18173100
2023-10-13 05:30:00+05:30,137.54837036132812,140.28781863384523,136.9429107801141,139.60295277941646,19438700
2023-10-16 05:30:00+05:30,139.4441680908203,139.85607207890067,138.28287963643058,138.68981599910776,17345600
2023-10-17 05:30:00+05:30,139.94046020507812,140.198519283877,137.49778161683957,138.98759988800373,17424000
2023-10-18 05:30:00+05:30,138.24314880371094,140.9329812612618,137.67243233778476,139.70220681115188,18304900
2023-10-19 05:30:00+05:30,137.9453887939453,139.9553232004992,137.5682279216257,138.75929174854747,21831200
2023-10-20 05:30:00+05:30,135.72207641601562,138.00494248631728,135.23075102932495,137.55829543539733,24970300
2023-10-23 05:30:00+05:30,136.87342834472656,137.98510105485485,134.1042045373751,135.21586210230492,20780700
2023-10-24 05:30:00+05:30,139.07688903808594,139.66250836596257,137.71709268113878,138.12404412138613,26535200
2023-10-25 05:30:00+05:30,125.7270278930664,129.13150179767632,125.15134377334468,128.8039566013589,58796100
2023-10-26 05:30:00+05:30,122.52107238769531,124.52603147739978,121.40940732876491,123.5434034999891,33907400
2023-10-27 05:30:00+05:30,122.48136901855469,123.51362780574462,120.55580862970052,123.10667635342031,37367700
2023-10-30 05:30:00+05:30,124.81387329101562,125.60792084198602,122.9577914948666,123.53347559069019,24165600
2023-10-31 05:30:00+05:30,124.36723327636719,125.61784801652706,123.0024691774839,125.33000595241434,21123400
2023-11-01 05:30:00+05:30,126.62032318115234,126.78905582318066,123.99501683515162,124.40692076345645,26536600
2023-11-02 05:30:00+05:30,127.62281036376953,129.12156397904374,127.1563079854343,128.59551068350785,24091700
2023-11-03 05:30:00+05:30,129.39947509765625,129.75679573705995,128.0495988093754,128.12900507870924,19529400
2023-11-06 05:30:00+05:30,130.471435546875,130.5806172728301,128.96274673691292,129.25059635315685,15360400
2023-11-07 05:30:00+05:30,131.41436767578125,132.28782153195604,130.16375295505657,130.99749610220636,19223800
2023-11-08 05:30:00+05:30,132.26795959472656,132.54587396327858,131.17615747404287,131.3746655736947,15093600
2023-11-09 05:30:00+05:30,130.70965576171875,132.9627613242539,130.53098786950324,132.36722187713184,17976500
2023-11-10 05:30:00+05:30,133.06201171875,133.2704550749376,129.89575668390475,130.5508470659826,20872900
2023-11-13 05:30:00+05:30,132.6451416015625,133.11164398676007,131.78162299905537,132.36722722040622,16409900
2023-11-14 05:30:00+05:30,134.4217987060547,136.21833707829018,134.09426868322598,134.64016215140492,22317300
2023-11-15 05:30:00+05:30,135.36474609375,135.82131321717435,134.32255961911986,135.6228051137204,15840900
2023-11-16 05:30:00+05:30,137.66744995117188,137.84611782333138,135.06695929072634,135.94041300973822,17615100
2023-11-17 05:30:00+05:30,135.9205780029297,136.97268460638475,134.47144003813452,136.7940318526801,25565300
2023-11-20 05:30:00+05:30,136.89328002929688,137.39452550317174,134.48137695322967,134.49129705793683,19569400
2023-11-21 05:30:00+05:30,137.58807373046875,137.93050667710878,136.6798918797271,136.91314308765294,17648100
2023-11-22 05:30:00+05:30,138.97764587402344,140.04960778974763,137.96523487386216,138.0644964965985,17306400
2023-11-24 05:30:00+05:30,137.19102478027344,138.6371788956058,136.44660814247504,138.50119018729706,8828600
2023-11-27 05:30:00+05:30,137.02230834960938,138.59054806928947,136.5160952831701,136.5458858857816,17886400
2023-11-28 05:30:00+05:30,137.58807373046875,137.62778444192784,136.01983382220985,136.6054532272399,17046900
2023-11-29 05:30:00+05:30,135.3845672607422,138.63022806116626,135.28035317149605,137.95032995123483,21014700
2023-11-30 05:30:00+05:30,132.9230499267578,135.94042756355145,131.80145720342102,135.3845836813652,29913500
2023-12-01 05:30:00+05:30,132.32752990722656,132.5061826590945,131.16821046019072,132.32752990722656,24268000
2023-12-04 05:30:00+05:30,129.6575469970703,130.4714347394466,128.43669266571038,130.31660539036469,24117100
2023-12-05 05:30:00+05:30,131.40444946289062,132.54588246802612,128.76424764704194,129.3994826938057,19235100
2023-12-06 05:30:00+05:30,130.4515838623047,132.31759336012723,130.3324820288939,131.910641902377,16360600
2023-12-07 05:30:00+05:30,137.41932678222656,138.9577910695359,135.21585202650814,135.5831079159261,38419400
2023-12-08 05:30:00+05:30,135.622802734375,136.96275891327684,134.56077606966974,134.65010244287728,23016100
2023-12-11 05:30:00+05:30,133.697265625,133.78659201375163,131.90074201806263,132.82382680409555,24502900
2023-12-12 05:30:00+05:30,132.6451416015625,133.53843566310795,131.841173917132,132.27790084329126,26584000
2023-12-13 05:30:00+05:30,132.97268676757812,133.77665445183567,131.96027572489928,133.54340325928706,25414500
2023-12-14 05:30:00+05:30,132.2084197998047,134.02976622263293,130.08435114995402,133.7667395608009,29619100
2023-12-15 05:30:00+05:30,132.8436279296875,133.8262633524367,131.64264422485613,131.93047866343363,58594000
2023-12-18 05:30:00+05:30,136.168701171875,137.34984472427678,132.77416293739708,132.86348930391583,25699800
2023-12-19 05:30:00+05:30,137.0719451904297,137.73695567726864,136.42677491260847,136.97268356455018,20661000
2023-12-20 05:30:00+05:30,138.62033081054688,142.0128854200126,138.37219188892348,139.28534130307386,33507300
2023-12-21 05:30:00+05:30,140.74440002441406,140.97268359270743,139.4272827418426,139.7220688742158,18101500
2023-12-22 05:30:00+05:30,141.65756225585938,142.18361560809888,140.9975041802763,141.0719579800002,18513500
2023-12-26 05:30:00+05:30,141.75680541992188,142.873430527883,141.43918034174044,141.91560281381527,11170100
2023-12-27 05:30:00+05:30,140.38706970214844,142.25307911934365,140.00095805288885,141.76672141193512,17288400
2023-12-28 05:30:00+05:30,140.228271484375,141.21090710347138,139.77964041659132,140.79403551678763,12192500
2023-12-29 05:30:00+05:30,139.88084411621094,140.38208950726928,138.858513127958,139.6327052327477,14881000
2024-01-02 05:30:00+05:30,138.5210723876953,139.56822653666876,136.71462887199826,138.56078309738433,20071900
2024-01-03 05:30:00+05:30,139.3151092529297,140.03967062436058,137.39946900574765,137.56821679113014,18974300
2024-01-04 05:30:00+05:30,137.01239013671875,139.58807353971088,136.982614675602,138.8089287802238,18253300
2024-01-05 05:30:00+05:30,136.36721801757812,137.7766452011386,135.83124463883706,137.32206211139567,15439500
2024-01-08 05:30:00+05:30,139.48385620117188,139.59303793780887,136.85358956200596,136.97269140371955,17645300
2024-01-09 05:30:00+05:30,141.4987335205078,141.73695233295356,138.74935008117012,139.01734435202192,19579700
2024-01-10 05:30:00+05:30,142.7294921875,143.44908587951934,141.39947137539056,141.45902228560504,16641900
2024-01-11 05:30:00+05:30,142.60047912597656,145.56822619459635,141.15630872935984,143.81636594660668,17471100
2024-01-12 05:30:00+05:30,143.16624450683594,143.66252237377495,142.29279061455975,143.2654909931046,13998700
2024-01-16 05:30:00+05:30,143.00743103027344,144.75432365833663,141.99105190560448,142.36226072030348,19198900
2024-01-17 05:30:00+05:30,141.82627868652344,142.34241187414503,139.46399135202222,141.8461340405236,17884500
2024-01-18 05:30:00+05:30,143.91064453125,144.501216335679,142.2828539232533,142.37218029404167,18876800
2024-01-19 05:30:00+05:30,146.8684539794922,146.93792499629077,144.71461013559056,145.21584041702704,27181000
2024-01-22 05:30:00+05:30,146.61041259765625,148.8982462708717,146.48137550712406,147.60296832126176,21829200
2024-01-23 05:30:00+05:30,147.57315063476562,147.75181850773038,146.09425257091357,146.62030579627236,14113600
2024-01-24 05:30:00+05:30,149.23074340820312,150.4416624752705,148.7245303494736,149.17117734908445,19245000
2024-01-25 05:30:00+05:30,152.49624633789062,153.60790379666673,150.09426353149397,150.61039669958157,21495100
2024-01-26 05:30:00+05:30,152.64512634277344,152.96275141962158,151.66250594481866,151.7319769646309,19494500
2024-01-29 05:30:00+05:30,153.6873016357422,154.0446222486374,151.78159674869963,152.4962379744901,20909300
2024-01-30 05:30:00+05:30,151.91065979003906,153.8858360295156,151.63769787306504,152.8635048238572,26578900
2024-01-31 05:30:00+05:30,140.74440002441406,144.50617942972633,140.49626110164365,144.3076713205496,43908600
2024-02-01 05:30:00+05:30,141.6476287841797,143.54339863638106,141.20096660878144,142.62032911698014,25526900
2024-02-02 05:30:00+05:30,142.471435546875,142.80891598819684,137.14141639534614,139.8411690547345,42136100
2024-02-05 05:30:00+05:30,143.85110473632812,145.57815727954375,142.838708725491,142.96773068067637,29254400
2024-02-06 05:30:00+05:30,144.3275146484375,145.64761542499784,143.44414076279296,144.87342326208224,21517700
2024-02-07 05:30:00+05:30,145.5880584716797,145.90568355591802,144.1290155697023,145.0322297194602,21436100
2024-02-08 05:30:00+05:30,146.12405395507812,146.51115007912992,145.3300063519672,145.87591502568085,18241300
2024-02-09 05:30:00+05:30,149.1017303466797,149.57320039982767,146.33249124170396,146.84862448748711,21877700
2024-02-12 05:30:00+05:30,147.622802734375,149.46895691359484,147.45407008541162,148.4267704156937,17236100
2024-02-13 05:30:00+05:30,145.28036499023438,146.9379311008512,144.02975032913352,144.98261041273219,18138500
2024-02-14 05:30:00+05:30,146.04464721679688,146.72951308299176,144.47143974552327,146.27293079046242,16651800
2024-02-15 05:30:00+05:30,142.86846923828125,143.68235703311552,140.82380692871453,143.38460244061395,26724300
2024-02-16 05:30:00+05:30,140.70469665527344,143.404449487463,140.4664929699147,143.13647034143443,21865100
2024-02-20 05:30:00+05:30,141.1414031982422,142.26199628899775,139.75183141723363,139.8907885953345,18625600
2024-02-21 05:30:00+05:30,142.76919555664062,142.9081527364752,140.85357049569285,141.5781318516019,16440800
2024-02-22 05:30:00+05:30,144.23822021484375,145.11165904486998,142.93795935801376,145.03225276119485,23024700
2024-02-23 05:30:00+05:30,144.2084197998047,144.86847786194312,143.71214191948363,143.8908098319027,14519400
2024-02-26 05:30:00+05:30,137.71710205078125,142.7692068803552,137.70718194614793,142.38211076688523,33513000
2024-02-27 05:30:00+05:30,139.0570526123047,139.4441487099668,137.46895751434883,138.3721867906262,22364000
2024-02-28 05:30:00+05:30,136.40692138671875,138.2431554737171,135.62280905447278,138.06450271897674,30628700
2024-02-29 05:30:00+05:30,138.7394256591797,138.90815829996205,136.545886183812,137.32007836867083,35485000
2024-03-01 05:30:00+05:30,137.05209350585938,138.9577986412296,136.94787939753394,138.57070252225125,28551500
2024-03-04 05:30:00+05:30,133.2009735107422,135.612891766213,131.87095249161578,135.52355024178948,43571500
2024-03-05 05:30:00+05:30,132.78408813476562,133.02230693315045,130.57069336777806,131.7518369654915,28447600
2024-03-06 05:30:00+05:30,131.5731658935547,133.73694494385,130.96770638103862,133.24066715146623,23175200
2024-03-07 05:30:00+05:30,134.2332305908203,134.8089146810949,131.6724352148529,132.89327441489877,24107300
2024-03-08 05:30:00+05:30,135.27542114257812,137.95036625025477,133.7965227172899,134.02977393234667,26495200
2024-03-11 05:30:00+05:30,137.9056854248047,138.93793664433252,136.0496111924357,136.0496111924357,22536400
2024-03-12 05:30:00+05:30,138.5806121826172,139.23570253311547,137.18112025498522,137.2208158162895,19019700
2024-03-13 05:30:00+05:30,139.72206115722656,141.13148834329465,138.96770918074148,139.01733999159399,19637000
2024-03-14 05:30:00+05:30,143.2654571533203,143.6525531922914,140.43171544309354,141.24065059836266,36117900
2024-03-15 05:30:00+05:30,141.11163330078125,143.26547721879055,140.07938210068167,142.3424077447282,41039500
2024-03-18 05:30:00+05:30,147.37466430664062,151.79153408899293,147.03719900758404,148.2580382631111,47676700
2024-03-19 05:30:00+05:30,146.81884765625,148.506189435926,145.9156182708543,147.87095434904094,17748400
2024-03-20 05:30:00+05:30,148.56573486328125,148.64514113935445,146.56573566685813,147.6823608666149,17730000
2024-03-21 05:30:00+05:30,147.6327362060547,150.17862878450183,146.90815966045912,149.20097598630602,19843900
2024-03-22 05:30:00+05:30,150.64016723632812,151.4242794942746,148.97266595743443,149.12155838414085,19252900
2024-03-25 05:30:00+05:30,150.02476501464844,150.32848676999816,147.69226856408207,149.82625693409747,15114700
2024-03-26 05:30:00+05:30,150.5706787109375,152.0595120834488,149.90566828863933,150.11411162467726,19312700
2024-03-27 05:30:00+05:30,150.8089141845703,151.5533309531698,149.0123908062486,151.0123899187446,16622000
2024-03-28 05:30:00+05:30,151.12652587890625,151.53347735196334,150.20345634485778,150.86846684841055,21105600
2024-04-01 05:30:00+05:30,155.3349609375,155.83123876797126,150.52105992384992,150.69972781832226,24469800
2024-04-02 05:30:00+05:30,154.7096405029297,154.82875747672568,152.3175929557825,153.59798304881323,17598100
2024-04-03 05:30:00+05:30,155.2059326171875,155.38460052174645,152.98460152506624,153.7667298566109,17266200
2024-04-04 05:30:00+05:30,150.8089141845703,155.01734062345932,150.74936326631402,153.92553844996553,24184800
2024-04-05 05:30:00+05:30,152.7940216064453,153.6873156475276,149.9562962344758,150.55083610895826,16297300
2024-04-08 05:30:00+05:30,154.97764587402344,155.48881145200644,152.84365718423768,152.8684650185755,16641500
2024-04-09 05:30:00+05:30,156.9627685546875,158.69974114878684,155.47393490260237,156.17865616181027,21521500
2024-04-10 05:30:00+05:30,156.486328125,156.98260595225534,155.03719020552757,156.70469158060814,16339200
2024-04-11 05:30:00+05:30,159.59303283691406,159.92057805277852,156.75432277795423,157.16127427147057,17841700
2024-04-12 05:30:00+05:30,158.00494384765625,160.49625319515445,157.4193396212034,158.2183396876894,16989800
2024-04-15 05:30:00+05:30,155.16622924804688,159.63272974979193,154.98756135247436,159.08682110387247,21140900
2024-04-16 05:30:00+05:30,154.83868408203125,156.05952331202272,153.89575922723787,154.48136343603403,15413200
2024-04-17 05:30:00+05:30,155.71214294433594,157.49973066989327,154.9726786496622,156.01983278787083,16237800
2024-04-18 05:30:00+05:30,156.28782653808594,157.30519006828982,155.0471319182285,155.75680560593943,14016100
2024-04-19 05:30:00+05:30,154.56077575683594,156.81388145021202,152.76425235212744,156.57566262849005,21479900
2024-04-22 05:30:00+05:30,156.77418518066406,157.99999219634216,154.50123906835546,154.8486245103487,17243900
2024-04-23 05:30:00+05:30,158.72950744628906,159.28533622107935,156.78905921434202,157.40940653356301,16115400
2024-04-24 05:30:00+05:30,159.90072631835938,160.1885608020545,157.63770057657086,157.90567970598426,19485700
2024-04-25 05:30:00+05:30,156.77418518066406,157.10173041125168,151.63076939834707,152.21835770514448,36197800
2024-04-26 05:30:00+05:30,172.39700317382812,175.1066760133104,170.12404212346385,174.67988432899114,56500800
2024-04-29 05:30:00+05:30,166.6500701904297,170.10417439660733,165.8163271662609,169.49871490746665,35914600
2024-04-30 05:30:00+05:30,163.4143524169922,168.60541393380345,163.27539523961738,166.13396019726625,29420800
2024-05-01 05:30:00+05:30,164.3374481201172,167.55331876997855,163.67242249923606,164.9428925341537,25223200
2024-05-02 05:30:00+05:30,167.2059326171875,167.27540363766448,164.45654920705198,165.42924951011173,17041100
2024-05-03 05:30:00+05:30,167.73199462890625,168.58559314401003,163.75183654496038,168.27788815241365,22767100
2024-05-06 05:30:00+05:30,168.5657196044922,168.63519062108853,166.64015931452982,167.96026008182562,15147900
2024-05-07 05:30:00+05:30,171.69229125976562,172.17864903482143,168.73447933328495,168.85358117811535,21102400
2024-05-08 05:30:00+05:30,169.88583374023438,170.6292509168176,169.25258273205898,169.47888227678672,14569900
2024-05-09 05:30:00+05:30,170.30270385742188,171.15630234033898,168.6649779130589,169.87589704336452,11937700
2024-05-10 05:30:00+05:30,169.02227783203125,170.06446418787007,166.66000592335183,168.42675358954892,18740500
2024-05-13 05:30:00+05:30,169.62774658203125,169.67737739124613,164.52601138579016,164.612369296728,19648600
2024-05-14 05:30:00+05:30,170.6500701904297,171.49374847465305,169.1513167468427,170.31260493481872,18729500
2024-05-15 05:30:00+05:30,172.58558654785156,172.75035115427644,170.74935248110228,171.01734675545546,20958200
2024-05-16 05:30:00+05:30,174.1240234375,175.02725267768008,172.7543069940806,173.30021560876068,17247300
2024-05-17 05:30:00+05:30,175.97018432617188,176.17366005161608,173.67738320048903,174.24314719004573,16546400
2024-05-20 05:30:00+05:30,177.13148498535156,178.6103831860654,175.90567817239918,175.99003691992064,17495100
2024-05-21 05:30:00+05:30,178.2034454345703,178.4813749668358,175.99005044285664,177.0719325314541,14706000
2024-05-22 05:30:00+05:30,176.67489624023438,177.5205585763795,175.46397720045525,177.0719124208979,16189400
2024-05-23 05:30:00+05:30,173.75677490234375,178.5706754539046,173.2406417675423,177.44908281823876,14928400
2024-05-24 05:30:00+05:30,175.01736450195312,175.98411287341196,173.89577161129083,175.205952525537,11403600
2024-05-28 05:30:00+05:30,176.69476318359375,177.18110576503003,174.37217142424652,174.43173748593026,15655300
2024-05-29 05:30:00+05:30,176.07937622070312,176.90319927426776,174.9478633214501,175.49377198889633,15023800
2024-05-30 05:30:00+05:30,172.26795959472656,175.37466368707715,171.9404144063307,175.37466368707715,18826300
2024-05-31 05:30:00+05:30,172.6649932861328,173.12156041902205,169.69724634156157,172.10914938166232,28085200
2024-06-03 05:30:00+05:30,173.12156677246094,174.55084943172886,171.16623079349,172.58559334783465,20742800
2024-06-04 05:30:00+05:30,173.82627868652344,173.88582960327014,171.93049372903275,173.15133295793305,14066600
2024-06-05 05:30:00+05:30,175.7518310546875,176.64512505537928,173.9850681159825,175.22081016268223,15233900
2024-06-06 05:30:00+05:30,177.02230834960938,177.37962899368443,175.89079550090455,176.10914381293057,14255800
2024-06-07 05:30:00+05:30,174.6401824951172,178.08435218510095,174.4813699390767,177.13150713925583,14716300
2024-06-10 05:30:00+05:30,175.51461791992188,177.34299500926858,173.27882626843078,175.33574670333766,17099800
2024-06-11 05:30:00+05:30,177.06475830078125,177.26349229716828,174.33212415377145,176.59772506993409,14402400
2024-06-12 05:30:00+05:30,178.4261016845703,180.93019248807428,176.6573433446756,178.61490428755323,18600400
2024-06-13 05:30:00+05:30,175.62393188476562,177.38274381365807,175.54443524738238,176.71697653331069,15956900
2024-06-14 05:30:00+05:30,177.24359130859375,177.60131852056165,174.74150226558402,174.74150226558402,12361600
2024-06-17 05:30:00+05:30,177.65103149414062,178.78383196878292,175.3754991517427,175.8623951756443,15272900
2024-06-18 05:30:00+05:30,175.3357391357422,177.78021124067124,174.51097865374183,177.66095871395126,15640300
2024-06-20 05:30:00+05:30,176.58778381347656,177.6112782420119,175.34567745239667,175.59409872461265,16753200
2024-06-21 05:30:00+05:30,179.12167358398438,181.35945137392483,176.93556936087649,177.36286184529797,58903200
2024-06-24 05:30:00+05:30,179.64833068847656,180.93019301645566,179.09186943327995,180.13524186798963,18198300
2024-06-25 05:30:00+05:30,184.40811157226562,184.57703624624256,179.96136398803543,180.00111988922632,18797000
2024-06-26 05:30:00+05:30,184.19940185546875,184.75586308463522,182.8281267300032,183.03679210972498,13375700
2024-06-27 05:30:00+05:30,185.68002319335938,186.31598113580557,184.2789233762341,184.47269927458336,13025700
2024-06-28 05:30:00+05:30,182.26173400878906,185.40178281851416,182.1673327036361,184.54721295668855,23032400
2024-07-01 05:30:00+05:30,183.324951171875,184.1695743247092,181.5760558673151,183.3150046179165,11815900
2024-07-02 05:30:00+05:30,185.4315643310547,185.76941360277476,181.90397943681322,182.31139393870345,12555500
2024-07-03 05:30:00+05:30,186.2066650390625,186.4352083846934,184.21432140369464,185.12355183321114,7409100
2024-07-05 05:30:00+05:30,190.747802734375,191.04589614109807,186.1371043737339,186.1371043737339,14303400
2024-07-08 05:30:00+05:30,189.27713012695312,190.46856363455257,188.1244669555665,190.15655112826096,12097600
2024-07-09 05:30:00+05:30,189.23739624023438,191.6421124055697,189.02871569404806,190.53912131842858,10198500
2024-07-10 05:30:00+05:30,191.44337463378906,192.08926388256418,189.41624854275796,189.5454324574855,12052900
2024-07-11 05:30:00+05:30,186.1172332763672,191.19496504434994,185.64026864562257,190.13171464646283,16452000
2024-07-12 05:30:00+05:30,185.6005096435547,187.4984519041039,184.96455175905618,185.73962495696273,14449100
2024-07-15 05:30:00+05:30,187.00161743164062,188.70081060739636,185.3123556492613,185.3123556492613,12186000
2024-07-16 05:30:00+05:30,184.32858276367188,189.13801492294272,183.950977580426,187.766739819844,12760100
2024-07-17 05:30:00+05:30,181.46676635742188,184.060285049871,180.47308126701884,183.51375521766312,17376600
2024-07-18 05:30:00+05:30,178.0882568359375,182.88775801185622,177.08464027578145,182.38096887274884,17877200
2024-07-19 05:30:00+05:30,178.25718688964844,180.8208965174912,177.7305349482144,179.23099413726175,14485900
2024-07-22 05:30:00+05:30,182.1921844482422,183.13618234002132,180.7513288023117,181.19849926480467,16303900
2024-07-23 05:30:00+05:30,182.44058227539062,184.05034721350475,182.1722830648947,182.67905698478197,23772600
2024-07-24 05:30:00+05:30,173.2688751220703,176.82626978612888,172.47393913032514,174.28243822270719,31250700
2024-07-25 05:30:00+05:30,168.09178161621094,174.09363317944442,167.9824756445121,173.14963533064466,28967900
2024-07-26 05:30:00+05:30,167.61480712890625,168.7674855646174,164.81759611294638,167.7042503176182,25150100
2024-07-29 05:30:00+05:30,170.04933166503906,171.0728260788631,168.6482320708963,169.42330521607508,13768900
2024-07-30 05:30:00+05:30,170.7747039794922,171.85781698589813,169.04568662837806,170.74489464261347,13681400
2024-07-31 05:30:00+05:30,172.05657958984375,174.7991603386014,170.63561708735276,173.8154065705776,15650200
2024-08-01 05:30:00+05:30,171.3610076904297,174.57060660316841,169.43325599913192,170.89397443893247,17177800
2024-08-02 05:30:00+05:30,167.33656311035156,169.13514585990146,165.33926153769613,167.12789773238893,18907800
2024-08-05 05:30:00+05:30,159.62557983398438,164.89211409365296,155.61109855114947,156.3762251898457,34907800
2024-08-06 05:30:00+05:30,159.52618408203125,161.3247666780951,157.13141474266536,159.9286404586199,36146500
2024-08-07 05:30:00+05:30,159.73487854003906,163.74935964027543,159.228104601591,162.2091598776104,19334200
2024-08-08 05:30:00+05:30,162.8053741455078,164.45489516194675,161.00680641897057,161.3188189520736,15733600
2024-08-09 05:30:00+05:30,164.3455810546875,164.47476497200182,159.913738757068,160.6242351398651,13549200
2024-08-12 05:30:00+05:30,162.9146728515625,165.6473069392791,162.51720486741277,164.94675710820903,12435000
2024-08-13 05:30:00+05:30,164.88217163085938,165.4883201860964,163.72950836654053,164.14188103724572,12717600
2024-08-14 05:30:00+05:30,161.00680541992188,163.91831082604588,158.52259251748225,163.173046955314,22515900
2024-08-15 05:30:00+05:30,162.1396026611328,162.48739852550634,160.4702189019766,161.18567341659553,18392500
2024-08-16 05:30:00+05:30,163.69970703125,165.89574285542548,162.0501859428864,162.37810388183337,16853100
2024-08-19 05:30:00+05:30,167.33656311035156,167.40612834462655,165.0411529781755,165.9454100491634,13100800
2024-08-20 05:30:00+05:30,167.89306640625,169.33390698536027,167.5949577989501,167.6744544383923,12622500
2024-08-21 05:30:00+05:30,166.57142639160156,167.57504281319,165.51812268603877,165.93546857904872,15269600
2024-08-22 05:30:00+05:30,164.44496154785156,168.35013692400975,163.9878597056695,167.97253171361726,19123800
2024-08-23 05:30:00+05:30,166.37269592285156,166.88941644178666,164.61388413977602,165.4982633089983,14281600
2024-08-26 05:30:00+05:30,166.8695526123047,168.31040831898503,165.2697339554535,167.09313785297806,11990300
2024-08-27 05:30:00+05:30,165.32933044433594,167.1825434367963,165.11071851112075,166.55155886190724,13718200
2024-08-28 05:30:00+05:30,163.46119689941406,166.3329461958913,162.24889987962757,165.72679768599806,15208700
2024-08-29 05:30:00+05:30,162.36814880371094,166.57144794033493,160.9591039770169,165.01135496381278,17133800
2024-08-30 05:30:00+05:30,164.06735229492188,164.23627694740046,162.37809060770428,163.18297313639766,18498800
2024-09-03 05:30:00+05:30,157.6083984375,162.34828073388488,156.8581613154102,162.2836887747074,26533100
2024-09-04 05:30:00+05:30,156.8134765625,159.38711787998355,156.4458178492694,157.07680256351767,17410700
2024-09-05 05:30:00+05:30,157.59848022460938,159.99822333306017,156.5252983793141,156.78365107519826,14139500
2024-09-06 05:30:00+05:30,151.16932678222656,158.21455085957402,150.97555089993128,157.68789894285695,24999100
2024-09-09 05:30:00+05:30,148.79127502441406,153.86574636882833,147.45798779294216,152.86080871210243,28057700
2024-09-10 05:30:00+05:30,149.2589111328125,151.53745385940596,148.79425408682712,150.69170364200158,20401800
2024-09-11 05:30:00+05:30,151.38819885253906,151.716548407751,147.95547558607294,150.33350856255606,18991500
2024-09-12 05:30:00+05:30,154.76123046875,154.8308872779668,152.73145108892763,154.03488970812617,20980800
2024-09-13 05:30:00+05:30,157.5770721435547,158.47753979735216,155.32839292130552,155.57913012080755,16733900
2024-09-16 05:30:00+05:30,158.19398498535156,158.44273330210058,156.82088941853155,157.53728578536007,14157600
2024-09-17 05:30:00+05:30,159.4774932861328,160.78093182148717,158.61185414514875,159.28844216743747,12064800
2024-09-18 05:30:00+05:30,160.00486755371094,160.820769334052,158.86063135019063,160.04467578720656,16756500
2024-09-19 05:30:00+05:30,162.4226837158203,164.16392169020023,161.7082763420371,163.99477468029016,17548200
2024-09-20 05:30:00+05:30,163.815673828125,163.92512368340348,162.3629771291916,163.6962795068724,46362700
2024-09-23 05:30:00+05:30,162.25357055664062,165.77584028512354,162.13416103231697,164.51219449758594,15648400
2024-09-24 05:30:00+05:30,162.82069396972656,163.72614146625725,161.21875423832304,163.4276404563426,18774100
2024-09-25 05:30:00+05:30,162.17396545410156,163.39481204585095,161.96003035331634,162.15406133678346,13607900
2024-09-26 05:30:00+05:30,163.00973510742188,164.67137190231358,162.68138553491403,164.2037238913834,18234500
2024-09-27 05:30:00+05:30,164.46241760253906,166.13401405564426,163.0097360480935,163.08933732513577,13604300
2024-09-30 05:30:00+05:30,166.35293579101562,166.5220828337227,163.81569978562334,163.95499824328758,14070100
2024-10-01 05:30:00+05:30,167.5767364501953,169.58662676770317,165.06934958158877,168.01453584434452,18629500
2024-10-02 05:30:00+05:30,166.47232055664062,168.0344672685374,165.4176301260722,166.92006448892445,12745000
2024-10-03 05:30:00+05:30,166.37281799316406,167.0693101897403,164.54201898480358,164.98977806625155,11004300
2024-10-04 05:30:00+05:30,167.71604919433594,168.70109791526065,166.1240692043542,168.49214266571013,11422100
2024-10-07 05:30:00+05:30,163.5669403076172,169.0493476678041,163.3082475274126,168.29315826093452,14034700
2024-10-08 05:30:00+05:30,164.870361328125,165.2683676961341,163.48732146187328,164.60170892751768,11723900
2024-10-09 05:30:00+05:30,162.2435760498047,165.42755100383786,160.31328696387484,164.02958688197026,19666400
2024-10-10 05:30:00+05:30,162.3629913330078,163.48834060234623,160.83070840745293,161.2983564497907,12900500
2024-10-11 05:30:00+05:30,163.6962890625,164.44253397867172,161.68639850387447,162.51224469965817,10946000
2024-10-14 05:30:00+05:30,165.5171356201172,166.78076613469128,163.95498890732665,164.08434289007533,9981800
2024-10-15 05:30:00+05:30,166.06434631347656,168.24338368409872,165.21861126755738,166.30315012888386,14829300
2024-10-16 05:30:00+05:30,165.90518188476562,166.44247156571197,164.38881008946538,165.1987299888625,9968500
2024-10-17 05:30:00+05:30,163.6863250732422,167.08919997886755,163.5470266332128,166.5419658674321,15113400
2024-10-18 05:30:00+05:30,164.2236328125,165.53701595857945,163.92513181217555,164.0445261393487,13091300
2024-10-21 05:30:00+05:30,164.96987915039062,165.38777448150628,163.48235396031905,163.75598620564867,11384000
2024-10-22 05:30:00+05:30,165.9847869873047,166.63152654919264,163.84554231645876,163.87539090039866,11958600
2024-10-23 05:30:00+05:30,163.65647888183594,166.76086802015365,162.81371951175345,165.59671260428982,12754300
2024-10-24 05:30:00+05:30,163.70623779296875,164.2236385327271,161.9550551430686,163.76593495863472,12764400
2024-10-25 05:30:00+05:30,166.15390014648438,166.56183577128613,164.40270260630305,164.5370363890358,14566400
2024-10-28 05:30:00+05:30,167.4971466064453,169.75180756716622,164.959910986279,169.7358812391113,20858300
2024-10-29 05:30:00+05:30,170.2831268310547,170.99952311258303,167.8155480737852,168.53690899703057,28916100
2024-10-30 05:30:00+05:30,175.2581024169922,182.86979435775086,174.86507585018174,181.49671405969505,49698300
2024-10-31 05:30:00+05:30,171.82537841796875,177.52668521221588,171.69602444339213,173.84521340267813,32801900
2024-11-01 05:30:00+05:30,171.7855682373047,172.94972363049362,169.45728781570926,170.68112518874412,21752900
2024-11-04 05:30:00+05:30,169.82542419433594,171.05922117064537,168.636415270449,170.38263311364355,16194000
2024-11-05 05:30:00+05:30,170.5518035888672,171.2353604572077,169.51700206448294,169.97470565842073,12518300
2024-11-06 05:30:00+05:30,177.43714904785156,177.74559452782626,174.1636127356215,174.47207339798842,27061500
2024-11-07 05:30:00+05:30,181.3673553466797,181.66585633668203,177.99432907915246,178.21322879299478,16730400
2024-11-08 05:30:00+05:30,178.95948791503906,181.43702659206625,178.6709465505944,181.08877287895749,15021500
2024-11-11 05:30:00+05:30,181.05892944335938,181.17335913689516,179.08884698841757,179.16844827317385,12503400
2024-11-12 05:30:00+05:30,182.4021453857422,183.10360217229996,180.0838096026466,180.47185631074646,14065800
2024-11-13 05:30:00+05:30,179.5863494873047,181.70071028871192,179.2181916355029,181.2380268570793,13969700
2024-11-14 05:30:00+05:30,176.46205139160156,179.541556582856,175.14865307038795,178.85002901621897,17925800
2024-11-15 05:30:00+05:30,173.0193634033203,174.99940529649922,171.88009196154317,174.76060146772068,21708900
2024-11-18 05:30:00+05:30,175.914794921875,176.02424477751563,173.54670632659113,174.07903131458826,18662800
2024-11-19 05:30:00+05:30,178.68089294433594,179.2679353288625,174.23923850062837,174.3576459789536,15392900
2024-11-20 05:30:00+05:30,176.442138671875,178.21322527994758,174.4521523542752,177.93462841007488,15729800
2024-11-21 05:30:00+05:30,168.39263916015625,174.70089182472054,164.48230834863082,174.5765176861492,38839400
2024-11-22 05:30:00+05:30,165.73602294921875,167.42252851145963,164.8803281985057,166.3230652875568,24497000
2024-11-25 05:30:00+05:30,168.58168029785156,169.60653719909206,166.56184543973808,167.14890293052022,21395700
2024-11-26 05:30:00+05:30,169.76576232910156,170.6363815196363,168.58171780079132,168.6414301556388,14937500
2024-11-27 05:30:00+05:30,169.96475219726562,170.28314213857163,168.82050086416712,169.82543856885383,12433400
2024-11-29 05:30:00+05:30,169.63638305664062,170.0144701194683,167.90508955644262,169.20852811877984,9250700
2024-12-02 05:30:00+05:30,172.11392211914062,172.73082823660852,169.41749900801094,169.46725170525065,16593400
2024-12-03 05:30:00+05:30,172.15371704101562,173.44721115729334,171.64626082374897,172.2532072454121,15721500
2024-12-04 05:30:00+05:30,175.2083282470703,175.5466222513341,171.88505499541864,171.91490357330136,18239800
2024-12-05 05:30:00+05:30,173.437255859375,176.8202417239073,173.13875487391763,176.43219499752993,16145500
2024-12-06 05:30:00+05:30,175.6063690185547,175.95362070074273,172.6810863534066,173.00943595688167,13319500
2024-12-09 05:30:00+05:30,176.4132080078125,177.34954989746097,174.71978848912806,175.033569343468,19887800
2024-12-10 05:30:00+05:30,185.806640625,187.3008236666633,181.96160898980182,183.8193820434649,34317400
2024-12-11 05:30:00+05:30,195.94717407226562,196.12646874446978,185.53768654697186,185.9759826785147,41664500
2024-12-12 05:30:00+05:30,192.8791046142578,195.94217667495153,192.53045584003257,195.53874848742487,25197800
2024-12-13 05:30:00+05:30,190.6378173828125,193.58632974602097,190.51827241700758,191.96266135667835,18883200
2024-12-16 05:30:00+05:30,197.39154052734375,199.8619188484649,193.35724335963644,193.6112593352628,32248600
2024-12-17 05:30:00+05:30,196.35557556152344,202.09324835365652,195.9272503716305,197.76011131373238,24129500
2024-12-18 05:30:00+05:30,189.41259765625,197.9194882921804,188.54597635525514,196.0667007110212,27638400
2024-12-19 05:30:00+05:30,188.96432495117188,193.8453314729244,188.78503030160772,192.53044324433023,26981200
2024-12-20 05:30:00+05:30,192.2117156982422,193.38214693659674,185.6472598970594,186.28477739524527,45319700
2024-12-23 05:30:00+05:30,195.22998046875,195.72804153053093,190.88688740203563,193.27757441873712,15235900
2024-12-24 05:30:00+05:30,196.80381774902344,196.9034208226309,194.44100728077618,195.40923792198902,6809800
2024-12-26 05:30:00+05:30,196.3356475830078,197.3915344458099,195.1104066085955,195.9770430636019,7907900
2024-12-27 05:30:00+05:30,193.2875213623047,196.03682802583742,191.22754771405576,195.70810591608387,14693000
2024-12-30 05:30:00+05:30,191.9427490234375,193.02851834654408,189.62178295869177,190.12482942840555,12209500
2024-12-31 05:30:00+05:30,189.7014617919922,192.50056196875875,188.84479632867445,191.6986911151048,14355200
2025-01-02 05:30:00+05:30,189.89073181152344,192.4507573140893,187.9781794953131,190.74241182117314,17545200
2025-01-03 05:30:00+05:30,192.3810577392578,193.74574009352003,190.60796169370286,191.9776295221275,12875000
2025-01-06 05:30:00+05:30,197.1923370361328,198.78612327177424,194.3035738346791,194.39322117551293,19483300
2025-01-07 05:30:00+05:30,195.94717407226562,201.35610947838407,195.18015584206566,197.501122029833,16966800
2025-01-08 05:30:00+05:30,194.6322784423828,196.87355295931474,192.99863895802596,193.19786031960788,14335300
2025-01-10 05:30:00+05:30,192.42088317871094,196.8536229987654,190.85697955663122,194.66215765847485,20753800
2025-01-13 05:30:00+05:30,191.5443115234375,191.7435481027174,187.9283986436853,190.60796951906005,13169100
2025-01-14 05:30:00+05:30,190.30911254882812,192.52050462116884,188.90457687052228,191.7534864195981,13651200
2025-01-15 05:30:00+05:30,196.21612548828125,197.0329528997955,192.5802859311789,193.59633472123275,12894900
2025-01-16 05:30:00+05:30,193.6560821533203,196.21610779593715,193.54650812506105,195.06558809902253,13449600
2025-01-17 05:30:00+05:30,196.78392028808594,198.03902863921903,194.55260135312147,197.28198132895702,22109100
2025-01-21 05:30:00+05:30,198.85585021972656,203.04951554928857,198.66658459779842,199.73242729025483,19005200
2025-01-22 05:30:00+05:30,199.25430297851562,201.33619452516072,198.42751980935626,199.77229072779005,15477400
2025-01-23 05:30:00+05:30,198.80604553222656,201.15689423697205,196.05675407736828,199.20448828233938,15170800
2025-01-24 05:30:00+05:30,201.11703491210938,201.78445005827487,199.00924333890612,199.0749968784714,12732400
2025-01-27 05:30:00+05:30,193.01856994628906,197.89956181185707,191.95271207871966,193.43693937479924,24970200
2025-01-28 05:30:00+05:30,196.3057861328125,196.4651541143352,191.8630749561548,193.89515731702429,15939200
2025-01-29 05:30:00+05:30,196.4153289794922,197.69037912518527,194.43305592406392,196.6045945917345,12287800
2025-01-30 05:30:00+05:30,201.84422302246094,202.44986695272317,198.6984647345811,198.98534230170878,14571500
2025-01-31 05:30:00+05:30,204.8026885986328,206.2769448978368,202.79051790943333,202.9249889071245,17060300
2025-02-03 05:30:00+05:30,201.85415649414062,204.42415301471644,200.87796121410668,201.43080161465778,16719500
2025-02-04 05:30:00+05:30,206.90451049804688,207.89066156549822,203.4678773853658,203.7069521409136,28285400
2025-02-05 05:30:00+05:30,192.55038452148438,193.79553701425183,189.17353156908362,192.35116316256466,43666400
2025-02-06 05:30:00+05:30,192.56033325195312,193.0783209259593,189.7512772344421,190.24933821339792,20816600
2025-02-07 05:30:00+05:30,186.41427612304688,192.26649305045316,184.3821938692764,191.9925655719954,29565700
2025-02-10 05:30:00+05:30,187.47015380859375,189.25322066659953,186.88244548763515,188.32681932034947,16606000
2025-02-11 05:30:00+05:30,186.34454345703125,188.06783020214885,185.35837723892726,186.11045418705976,13028100
2025-02-12 05:30:00+05:30,184.7108917236328,186.1054716174257,182.917884316723,184.51167036726673,17632300
2025-02-13 05:30:00+05:30,187.15142822265625,187.2610022635208,184.1630618713877,185.2089779346379,12729300
2025-02-14 05:30:00+05:30,186.14532470703125,187.42035972936003,185.38827741240368,186.10548651241567,12714200
2025-02-18 05:30:00+05:30,185.07945251464844,187.05176962560236,182.86806067524608,186.71309182667758,19796000
2025-02-19 05:30:00+05:30,186.40432739257812,186.63343121225648,184.78064355834982,185.4629847427857,13120500
2025-02-20 05:30:00+05:30,185.91619873046875,186.3943330069516,183.88411665570572,185.77674226651067,12063800
2025-02-21 05:30:00+05:30,180.87582397460938,186.74298160248426,180.42757214082488,186.5636717492017,19520800
2025-02-24 05:30:00+05:30,180.4873504638672,184.37222024540685,180.1785550709263,183.08722953293318,18734000
2025-02-25 05:30:00+05:30,176.68215942382812,180.05901249422945,176.08449532618422,179.45636292256336,20832500
2025-02-26 05:30:00+05:30,174.02252197265625,177.38941942120738,172.91682587088818,176.2588263476241,23637200
2025-02-27 05:30:00+05:30,169.54994201660156,175.90519040477736,169.0937103322737,175.2577171475479,25930500
2025-02-28 05:30:00+05:30,171.5521240234375,171.8310369544088,167.73697511811918,169.6395716969422,30049800
2025-03-03 05:30:00+05:30,168.0059356689453,174.32134533191982,166.98988700026132,173.05626616990452,24122000
2025-03-04 05:30:00+05:30,171.94061279296875,174.48569711486192,166.89026714029205,167.2887250456122,30711400
2025-03-05 05:30:00+05:30,174.31138610839844,175.0684333211692,170.26711820966116,171.6517423166053,18848000
2025-03-06 05:30:00+05:30,173.534423828125,176.04464037532372,171.83901308441207,171.88085762667328,19082400
2025-03-07 05:30:00+05:30,175.06845092773438,176.21398520957717,171.58202373998432,172.57018119468756,16395300
2025-03-10 05:30:00+05:30,167.34967041015625,169.98242789879407,165.11083364000163,169.6932301062815,28990700
2025-03-11 05:30:00+05:30,165.52468872070312,168.19235385425318,162.79221467372713,166.2227654766119,23705900
2025-03-12 05:30:00+05:30,168.53640747070312,169.06495238328628,165.02605910169666,168.00786255811997,19880100
2025-03-13 05:30:00+05:30,164.2781219482422,167.65882217030887,163.6199439708421,167.5192068154746,15206200
2025-03-14 05:30:00+05:30,167.1602020263672,167.7884787627727,164.05873236002435,164.8615321028684,18611100
2025-03-17 05:30:00+05:30,166.11306762695312,167.99788231520898,165.3551427422608,166.86598614144262,17839100
2025-03-18 05:30:00+05:30,162.22377014160156,165.9834327309709,158.3643909972819,165.5047537031862,24616800
2025-03-19 05:30:00+05:30,165.82386779785156,167.67178157574858,162.60273243314677,163.4653498695458,24955700
2025-03-20 05:30:00+05:30,164.5972442626953,166.57180854248293,162.69248004880873,163.37559854857543,19981500
2025-03-21 05:30:00+05:30,165.79396057128906,166.0133583078959,162.58279211760632,162.9318381213716,29882100
2025-03-24 05:30:00+05:30,169.46385192871094,170.03229564643644,166.98069207130337,168.80068280829667,18742800
2025-03-25 05:30:00+05:30,172.31600952148438,172.43569069454404,170.0821638501357,170.71042533673634,13841600
2025-03-26 05:30:00+05:30,166.68150329589844,171.46833904684703,166.4032617058507,170.83009529451596,22498000
2025-03-27 05:30:00+05:30,163.62989807128906,166.98068153823098,163.40053326732718,166.2526883327416,21571200
2025-03-28 05:30:00+05:30,155.63189697265625,163.36063733153796,154.91288174399585,161.914617985198,34866500
2025-03-31 05:30:00+05:30,155.8014373779297,156.69897769591987,151.79247569514342,154.38533444093966,33591600
2025-04-01 05:30:00+05:30,158.4441680908203,159.64087322886456,154.82911212608224,154.87398685685412,20111400
2025-04-02 05:30:00+05:30,158.42422485351562,159.83533661020232,156.10061455152714,156.5294429126843,17113300
2025-04-03 05:30:00+05:30,152.21131896972656,154.2626679250501,151.7625412104826,152.41575845146545,28416100
2025-04-04 05:30:00+05:30,147.33473205566406,152.67004705701973,147.13526851271615,149.488795280342,39832200
2025-04-07 05:30:00+05:30,148.8306121826172,154.5049906637876,142.26866053002584,142.9966537424444,47823000
2025-04-08 05:30:00+05:30,146.17791748046875,154.0163572830598,144.81168040387425,153.15372459087558,35304400
2025-04-09 05:30:00+05:30,160.61819458007812,161.42597023789327,145.41002678872394,145.92860463972767,46479500
2025-04-10 05:30:00+05:30,154.9438018798828,159.5910227518202,151.78249928810382,158.32450221012635,35270500
2025-04-11 05:30:00+05:30,158.96273803710938,159.4214828900061,155.15821588311775,155.15821588311775,22582000
2025-04-14 05:30:00+05:30,161.02708435058594,163.58005976204655,159.48133300190094,161.86477655429636,18255900
2025-04-15 05:30:00+05:30,158.24472045898438,161.60548662047464,157.2125711136264,161.12680756053086,15690800
2025-04-16 05:30:00+05:30,155.0734405517578,157.7460816121238,153.48780580846912,155.04352406353968,16921500
2025-04-17 05:30:00+05:30,152.9393310546875,156.63916114577415,150.4860721885455,156.1804162395436,19513400
2025-04-21 05:30:00+05:30,149.44891357421875,150.6456187622393,147.99291186389016,150.5508781432317,16147800
2025-04-22 05:30:00+05:30,153.4778289794922,154.18588806543661,150.45614182614645,150.6556053772964,15910300
2025-04-23 05:30:00+05:30,157.28736877441406,159.5810628232613,155.92113161014544,157.47685003131366,18575700
2025-04-24 05:30:00+05:30,161.02708435058594,161.26643150176054,157.65635091864578,158.09015526639104,30787500
2025-04-25 05:30:00+05:30,163.40052795410156,167.7784845684794,162.55285361229582,166.6416124586412,35148100
2025-04-28 05:30:00+05:30,161.97445678710938,164.4975154163947,159.9400594955455,163.80940575078378,20871200
2025-04-29 05:30:00+05:30,161.61544799804688,162.23374239598817,158.95277394690083,161.6004897534816,15955200
2025-04-30 05:30:00+05:30,160.44863891601562,160.9313047340971,156.72388432247467,159.4214656743581,20639500
2025-05-01 05:30:00+05:30,162.3434295654297,163.4902840282257,160.4885312883131,162.07418118265323,21904300
2025-05-02 05:30:00+05:30,165.35516357421875,166.24272160342787,163.2110673335134,164.50251318845105,16844900
2025-05-05 05:30:00+05:30,165.59449768066406,166.64162038300333,164.01883008211257,164.06370481289306,15309300
2025-05-06 05:30:00+05:30,164.74684143066406,166.2826256209725,162.6825275029046,163.51025257901807,10691900
2025-05-07 05:30:00+05:30,152.38084411621094,166.53192073170123,149.07992649888428,165.6144462894935,78729800
2025-05-08 05:30:00+05:30,155.32276916503906,156.97821934560366,153.67730129276063,155.49230101963664,38387500
2025-05-09 05:30:00+05:30,153.95651245117188,156.0008767547779,153.4080181578182,155.12330110234345,22871000
2025-05-12 05:30:00+05:30,159.14224243164062,159.99988389080556,157.45687600004305,158.66356342699288,31884900
2025-05-13 05:30:00+05:30,160.44863891601562,161.61542749488106,157.14772148729773,159.48129864502857,24944300
2025-05-14 05:30:00+05:30,166.35240173339844,167.87820339583058,160.48852697303593,160.86748942044005,31769200
2025-05-15 05:30:00+05:30,164.94627380371094,167.05048632634782,163.39055558165364,166.68150616819955,22717600
2025-05-16 05:30:00+05:30,166.97071838378906,170.18188687531853,166.4920393241564,168.46660375995745,36271400
2025-05-19 05:30:00+05:30,167.4095001220703,167.4892824949498,164.9612327646505,165.26041285871563,21374700
2025-05-20 05:30:00+05:30,164.8665313720703,169.21455720015678,163.80942619018444,167.29982562302862,33563300
2025-05-21 05:30:00+05:30,169.59349060058594,174.05122975671364,164.43767472114624,164.49750769501136,45567600
2025-05-22 05:30:00+05:30,171.50823974609375,177.6413788951047,171.40852318489004,172.87449206528717,45024100
2025-05-23 05:30:00+05:30,169.1248016357422,170.7353770798728,168.79570501788888,169.81291136244153,24963600
2025-05-27 05:30:00+05:30,173.5027313232422,173.81187849211432,170.74034098291773,170.8300904415714,24341300
2025-05-28 05:30:00+05:30,172.90440368652344,175.99589090157693,172.54039944520105,173.5027486876955,25999200
2025-05-29 05:30:00+05:30,172.48556518554688,174.91885931079202,171.3087940961788,174.51996262584905,21174700
2025-05-30 05:30:00+05:30,172.37583923339844,172.96421707717835,168.06269151829088,171.9370438187386,36258300
2025-06-02 05:30:00+05:30,169.9026336669922,170.59273670161065,168.18735077867083,168.5463638301086,24742900
2025-06-03 05:30:00+05:30,167.24996948242188,169.33423285215005,166.22278082617044,168.40180004026814,25386700
2025-06-04 05:30:00+05:30,168.9253387451172,169.11481998304504,167.3347128375843,167.8183830228989,18508700
2025-06-05 05:30:00+05:30,169.34417724609375,171.88718516661356,168.88544763287672,171.14920964574225,25375400
2025-06-06 05:30:00+05:30,174.44015502929688,175.34766235583064,171.82734712166834,171.82734712166834,22258100
2025-06-09 05:30:00+05:30,177.3556671142578,177.6402153718793,175.38870842986094,175.59837556705574,18817600
2025-06-10 05:30:00+05:30,179.7319793701172,182.16323144952992,176.20245055412113,177.48545436637687,32908000
2025-06-11 05:30:00+05:30,178.5138702392578,181.46930552237777,177.72509701778952,180.950104343879,18994400
2025-06-12 05:30:00+05:30,176.69668579101562,177.85489792406833,175.83801337999012,177.20589265380562,17345900
2025-06-13 05:30:00+05:30,175.60836791992188,178.0675613928071,173.30193802509706,173.31191709596868,20873200
2025-06-16 05:30:00+05:30,177.66517639160156,177.96969801010982,175.54845557966115,175.63331576652783,18132500
2025-06-17 05:30:00+05:30,176.95628356933594,178.43899076022245,175.66828253538915,176.72664304480134,17656100
2025-06-18 05:30:00+05:30,173.71128845214844,177.54936088571782,172.5730497599219,177.00619474076913,32531800
2025-06-20 05:30:00+05:30,167.470947265625,175.09416523737374,166.01321067580938,174.5949374560243,55402600
2025-06-23 05:30:00+05:30,165.7536163330078,168.21980299782112,163.0777625142281,167.06160602705512,36975600
2025-06-24 05:30:00+05:30,167.48094177246094,168.98860418926247,166.65222182620118,167.4260187941308,27310300
2025-06-25 05:30:00+05:30,171.22515869140625,173.09226581389888,168.30068134547906,168.38953316950784,23627400
2025-06-26 05:30:00+05:30,174.1605987548828,174.3802602003527,170.59612027198173,173.11721450651243,25909100
2025-06-27 05:30:00+05:30,177.9946746826172,178.56378642226113,172.4432642772778,174.3602970998626,74053100
2025-06-30 05:30:00+05:30,177.1160430908203,181.29957460621677,175.22896256491478,180.50580421085897,43964600
2025-07-01 05:30:00+05:30,176.63677978515625,176.94629857639345,174.39025473688548,176.5319309802097,25778500
2025-07-02 05:30:00+05:30,179.4823760986328,179.65710887852734,175.8180458150953,176.27234494873161,19325900
2025-07-03 05:30:00+05:30,180.2711639404297,180.49082539406643,177.9148080847821,179.54229560893882,13287400
2025-07-07 05:30:00+05:30,177.28578186035156,180.06148733419192,176.36720449532464,179.85680209877262,20991400
2025-07-08 05:30:00+05:30,174.8894805908203,178.51386393532042,173.65139020434393,178.50388486434102,24108600
2025-07-09 05:30:00+05:30,177.3856201171875,180.00156883376084,173.6114592836493,175.83801093756307,31288000
2025-07-10 05:30:00+05:30,178.42401123046875,179.31263609787564,175.46859121008725,176.397147597673,24693700
2025-07-11 05:30:00+05:30,181.02996826171875,182.32796348740288,177.2667922024666,177.63522558090386,23975700
2025-07-14 05:30:00+05:30,182.52764892578125,184.4446816723468,180.4318917901642,181.78880160062218,20990400
2025-07-15 05:30:00+05:30,182.8172149658203,185.12364481924809,182.10830483087008,183.6559139606627,23911600
2025-07-16 05:30:00+05:30,183.48617553710938,185.04876086661793,182.79723878931895,184.0353291212338,21152600
2025-07-17 05:30:00+05:30,184.4147491455078,184.90099654275474,181.21969422278445,182.8322055265823,21654400
2025-07-18 05:30:00+05:30,185.65283203125,187.0706371193561,184.4446940821443,186.3317745092629,21033400
2025-07-21 05:30:00+05:30,190.85476684570312,190.96459756247992,186.76110834857775,186.8110341716985,24665000
2025-07-22 05:30:00+05:30,191.81329345703125,193.0613628759034,188.20387121297293,192.12281223527594,26212900
2025-07-23 05:30:00+05:30,191.21421813964844,193.06136701325298,189.88627042128354,192.06291145675814,34068100
2025-07-24 05:30:00+05:30,192.901611328125,198.6627041806578,191.6535418769399,197.80403178883356,45252100
2025-07-25 05:30:00+05:30,193.78025817871094,194.97340465838818,191.83327287103867,192.63202513607754,31101800
2025-07-28 05:30:00+05:30,193.1212615966797,194.51910844226362,191.55867629656885,194.1097380295069,25553500
2025-07-29 05:30:00+05:30,196.12661743164062,196.35627317873985,192.69194311869856,193.0014619032327,31891600
2025-07-30 05:30:00+05:30,197.13507080078125,198.1734578933613,195.257969447984,195.99683205679682,21150500
2025-07-31 05:30:00+05:30,192.5621337890625,196.52600345506076,191.7833396958398,196.29636294942387,27852000
2025-08-01 05:30:00+05:30,189.65663146972656,191.32205462037308,188.40856201383838,189.4868958519525,21236700
2025-08-04 05:30:00+05:30,195.4476776123047,195.77716977826867,190.62513538628775,190.87974643162875,23386000
2025-08-05 05:30:00+05:30,195.01834106445312,198.39311038953284,194.3743329829563,195.24298441714578,19010200
2025-08-06 05:30:00+05:30,196.61587524414062,197.0751715243873,194.16666072818697,194.94845621765052,15383700
2025-08-07 05:30:00+05:30,196.97531127929688,198.0636241811511,194.91849526728674,197.4046550915873,14660600
2025-08-08 05:30:00+05:30,201.7778778076172,203.11580458395042,197.59434662865613,197.67422490063132,24379900
2025-08-11 05:30:00+05:30,201.318603515625,201.84778375432532,199.49142797559023,201.2437071589298,16690200
2025-08-12 05:30:00+05:30,203.84469604492188,204.81319918192554,201.0889488776854,201.78288282269472,19854000
2025-08-13 05:30:00+05:30,202.7164306640625,205.11271790848946,198.33321137510248,204.66341595456223,19573000
2025-08-14 05:30:00+05:30,203.50521850585938,205.10273825251264,202.01251709138205,202.24715475618467,17777100
2025-08-15 05:30:00+05:30,204.59353637695312,207.0097970502324,201.7729024129421,204.40382737928184,21111400
2025-08-18 05:30:00+05:30,203.97447204589844,205.82162085713637,203.09584154580025,204.7532813700738,13000200
2025-08-19 05:30:00+05:30,202.17727661132812,203.97448447366057,200.61967310329786,203.5900845586483,13476600
2025-08-20 05:30:00+05:30,199.8808135986328,201.8577512684256,197.15503428654648,201.36850257744715,13971700
2025-08-21 05:30:00+05:30,200.31015014648438,203.04592387341168,200.09048870383648,200.4100017968599,11768900
2025-08-22 05:30:00+05:30,206.40074157714844,208.9068596330031,201.81783405788252,203.6450096228341,25723700
2025-08-25 05:30:00+05:30,208.8369598388672,210.7639716760469,205.63191092201342,206.68029226314627,22788800
2025-08-26 05:30:00+05:30,207.6288299560547,208.13805204048316,206.13114662109604,208.04817946161637,23051000
2025-08-27 05:30:00+05:30,207.88844299316406,209.2463431912284,206.07124652485047,206.1411457283501,15249000
2025-08-28 05:30:00+05:30,212.0419921875,212.57117238999064,207.2793703650841,207.51898993739863,20915700
2025-08-29 05:30:00+05:30,213.20021057128906,215.00741266388385,210.64416682252147,210.9437065320351,24682200
2025-09-02 05:30:00+05:30,211.66261291503906,212.041025402124,206.64038235228847,208.6672460473044,28900100
2025-09-03 05:30:00+05:30,230.7430877685547,231.44200361883648,224.77231250489172,226.13021268624902,72250300
2025-09-04 05:30:00+05:30,232.30067443847656,232.41050515957645,226.40977748846325,229.79953838333347,32196000
2025-09-05 05:30:00+05:30,234.80679321289062,235.76531725805415,232.02110889217334,232.3006752313413,26127700
2025-09-08 05:30:00+05:30,234.00732421875,238.24454985055107,233.57759666242987,235.63625103996944,23128800
2025-09-09 05:30:00+05:30,239.78355407714844,240.4331241573419,233.22783384154016,234.0373032564655,22854800
2025-09-10 05:30:00+05:30,239.40379333496094,241.922154447817,237.95474185194615,239.09399790914586,19990100
2025-09-11 05:30:00+05:30,240.6230010986328,242.41184249017257,236.42574270750922,239.9834190128315,21308600
2025-09-12 05:30:00+05:30,241.22262573242188,242.2649449671254,238.34449860548148,240.64300206108857,14536600
2025-09-15 05:30:00+05:30,251.59584045410156,252.58520043798106,244.82026241003442,244.980161745602,29935200
2025-09-16 05:30:00+05:30,251.25607299804688,253.06489044304075,249.5521828236566,252.165483340186,24493500
2025-09-17 05:30:00+05:30,249.68710327148438,251.7857249169014,246.41923105002894,251.2960541573909,20491300
2025-09-18 05:30:00+05:30,252.1654815673828,253.97429899966014,249.9469277971752,251.6957867895291,21166400
2025-09-19 05:30:00+05:30,255.07357788085938,256.5326326066914,251.90363384209934,253.23476605196709,41616800
2025-09-22 05:30:00+05:30,252.71511840820312,256.1428746106005,250.64646080006915,254.6138734432144,20079000
2025-09-23 05:30:00+05:30,252.1754608154297,254.6038842900218,250.92627586419746,253.48960582394037,17521100
2025-09-24 05:30:00+05:30,247.6684112548828,252.79507126242333,247.05880837825745,251.9855865910959,16958500
2025-09-25 05:30:00+05:30,246.40924072265625,247.1537500940936,241.49243520267595,244.68035772423693,17379800
2025-09-26 05:30:00+05:30,247.01882934570312,249.95691488202831,246.4791881395072,247.62344586003442,16594600
2025-09-29 05:30:00+05:30,244.20066833496094,251.48391066241172,243.04142104059784,248.11310889238666,23157200
2025-09-30 05:30:00+05:30,243.39120483398438,243.51612333212861,239.4147952973542,242.90151883167655,22541200
2025-10-01 05:30:00+05:30,245.37989807128906,246.98884894065887,239.0440354920674,241.02274023707793,23967700
2025-10-02 05:30:00+05:30,246.26931762695312,247.4735337836427,242.94648861306507,245.4798394250779,20657500
2025-10-03 05:30:00+05:30,246.289306640625,246.95687035937326,242.31190594958701,245.0701008850218,19941400
2025-10-06 05:30:00+05:30,251.34600830078125,252.03556085596028,245.52981090927676,245.61974856895048,18309000
2025-10-07 05:30:00+05:30,246.9688720703125,251.38598832802836,246.64907339611258,248.76768624174676,13811200
2025-10-08 05:30:00+05:30,245.29995727539062,247.09877140655033,244.9301881605209,246.0394650074506,14136500
2025-10-09 05:30:00+05:30,242.0520782470703,245.39488317397436,239.52371385692186,244.9002108090174,19375700
2025-10-10 05:30:00+05:30,237.3351593017578,244.68035786865013,236.53067624153942,242.00211257865035,22449100
2025-10-13 05:30:00+05:30,244.48048400878906,244.83026189387334,240.5930210593619,240.87283726789343,12465000
2025-10-14 05:30:00+05:30,246.02947998046875,247.86327497207864,241.0207392770717,241.59737415880704,17705400
2025-10-15 05:30:00+05:30,251.54588317871094,252.59518634371952,246.62907776804082,247.92324680271904,16048100
2025-10-16 05:30:00+05:30,251.7157745361328,257.412039733801,250.5065567686617,252.30038456613704,18946000
2025-10-17 05:30:00+05:30,253.62451171875,254.71381258280724,248.42790538348763,251.18611550864574,17653800
2025-10-20 05:30:00+05:30,256.8524169921875,257.71187214774994,254.4340118637041,255.06359074677613,13726800
2025-10-21 05:30:00+05:30,251.17611694335938,255.21349131081692,244.5104677649344,255.08357119414507,27836400
2025-10-22 05:30:00+05:30,252.36534118652344,257.0123031390601,250.2877020062622,254.8437198779537,19650200
2025-10-23 05:30:00+05:30,253.56455993652344,255.69317602396845,252.60319681232596,253.53458071688394,13241300
2025-10-24 05:30:00+05:30,260.34014892578125,262.3388448619566,255.933020726793,257.1322199898904,18406000
2025-10-27 05:30:00+05:30,269.7539978027344,270.6234256814365,264.7672610515648,265.1869701320579,22987700
2025-10-28 05:30:00+05:30,268.2549743652344,271.2030631428179,266.9958166328353,270.0238398308567,20101200
2025-10-29 05:30:00+05:30,274.9906005859375,275.790066781071,268.25497437633226,268.4348496955852,26287900
2025-10-30 05:30:00+05:30,281.7161865234375,291.73964543835973,280.26715026616273,291.5297909040995,48570000
2025-10-31 05:30:00+05:30,281.6362609863281,286.09834615146855,277.34206555342627,283.0203372294134,29932800
2025-11-03 05:30:00+05:30,283.93475341796875,285.75357412647895,280.1871983580786,282.23588008942727,19691800
2025-11-04 05:30:00+05:30,277.8786926269531,281.65024916844396,276.6844644896837,276.88434628169716,18123700
2025-11-05 05:30:00+05:30,284.5643310546875,286.51307177195645,277.69881546251395,279.19783739958865,20063200
2025-11-06 05:30:00+05:30,285.1539611816406,288.62170004085374,281.4363853167139,285.5486926715029,23103800
2025-11-07 05:30:00+05:30,279.51763916015625,284.3144972128298,275.56019924413687,284.02467776243657,21991100
2025-11-10 05:30:00+05:30,290.4005126953125,291.26994051890455,283.35512195449274,285.0790032414487,19508200
2025-11-11 05:30:00+05:30,291.5497741699219,292.14938906618625,287.6923055498566,288.01210422755497,14156700
2025-11-12 05:30:00+05:30,287.2425842285156,292.16936247888566,284.1945850710095,291.8945478823368,16998800
2025-11-13 05:30:00+05:30,278.9380187988281,283.3251713137129,277.8187538786583,282.8004891969117,18060200
2025-11-14 05:30:00+05:30,276.7994079589844,278.96797594579846,271.2330325220686,271.7177016420648,18330500
2025-11-17 05:30:00+05:30,285.4137878417969,294.32795470266535,284.04468599528104,286.2132540229553,34286100
2025-11-18 05:30:00+05:30,284.7742004394531,289.246288884512,278.8280980775343,288.2968960757756,29702200
2025-11-19 05:30:00+05:30,292.7989501953125,304.05161802852626,287.482442205392,287.4974165660577,43123600
2025-11-20 05:30:00+05:30,289.79095458984375,306.68993354598797,288.98148512013125,304.5413108694683,34801400
2025-11-21 05:30:00+05:30,299.4546203613281,303.7618077764989,294.1680609326802,296.6764341573702,43670600
2025-11-24 05:30:00+05:30,318.2623596191406,319.5914790436659,309.19826591579596,310.8072320588326,55311800
2025-11-25 05:30:00+05:30,323.4289855957031,328.4557045708052,317.6087780037563,326.5868982838347,50899300
2025-11-26 05:30:00+05:30,320.0711669921875,324.7780873971327,316.99318865990756,320.57084097778153,29839600
2025-11-28 05:30:00+05:30,319.9112854003906,326.6668878195667,316.73336599519826,323.21912492867204,19695800
2025-12-01 05:30:00+05:30,314.9145202636719,319.42158926511087,313.77527946257874,317.26799565865406,28520600
2025-12-02 05:30:00+05:30,315.8139343261719,318.39226916605145,314.0151201802352,316.6933654189159,24668200
2025-12-03 05:30:00+05:30,320.41094970703125,321.83003728081405,314.07508706995475,315.82394606355047,32285100
2025-12-04 05:30:00+05:30,318.18243408203125,322.88834834302395,315.38424129791457,322.83439794428057,20831600
2025-12-05 05:30:00+05:30,321.8799743652344,323.61883002174113,319.77136485052137,319.79134083015884,15719900
2025-12-08 05:30:00+05:30,314.45001220703125,321.2300109863281,311.9100036621094,321.0299987792969,22006900
2025-12-09 05:30:00+05:30,317.75,318.7090148925781,312.6199951171875,313.1000061035156,14151300
2025-12-10 05:30:00+05:30,321.0,321.8699951171875,315.3999938964844,316.6199951171875,22764500
2025-12-11 05:30:00+05:30,313.70001220703125,321.989990234375,309.8800048828125,321.1000061035156,25912100
2025-12-12 05:30:00+05:30,310.5199890136719,316.1400146484375,306.9599914550781,314.7950134277344,21264800
2025-12-15 05:30:00+05:30,309.32000732421875,312.70001220703125,305.739990234375,312.625,22028900
2025-12-16 05:30:00+05:30,307.7300109863281,311.8450012207031,303.8299865722656,306.0,21285200
2025-12-17 05:30:00+05:30,298.05999755859375,309.19500732421875,297.45001220703125,309.010009765625,29120400
2025-12-18 05:30:00+05:30,303.75,305.260009765625,300.6300048828125,303.05999755859375,21040500
2025-12-19 05:30:00+05:30,308.6099853515625,308.989990234375,302.3399963378906,303.2699890136719,45234400
2025-12-22 05:30:00+05:30,311.3299865722656,311.70001220703125,306.5899963378906,311.2250061035156,14091400
2025-12-23 05:30:00+05:30,315.67999267578125,316.29998779296875,310.75,311.135009765625,13961400
2025-12-24 05:30:00+05:30,315.6700134277344,316.2900085449219,313.32000732421875,316.1499938964844,6138200
2025-12-26 05:30:00+05:30,314.9599914550781,316.55999755859375,313.7200012207031,315.9200134277344,6730900
2025-12-29 05:30:00+05:30,314.3900146484375,314.9700012207031,311.8999938964844,312.82000732421875,12317700
2025-12-30 05:30:00+05:30,314.54998779296875,317.70001220703125,313.25,313.4100036621094,11052500
2025-12-31 05:30:00+05:30,313.79998779296875,315.3900146484375,312.20001220703125,313.3699951171875,10821500
2026-01-02 05:30:00+05:30,315.32000732421875,322.91400146484375,310.6499938964844,317.5899963378906,22043700
2026-01-05 05:30:00+05:30,317.32000732421875,319.25,315.2489929199219,317.69500732421875,19934000
2026-01-06 05:30:00+05:30,314.54998779296875,321.55999755859375,312.3399963378906,317.30999755859375,18989900
2026-01-07 05:30:00+05:30,322.42999267578125,326.4649963378906,314.5,314.57000732421875,24681800
2026-01-08 05:30:00+05:30,326.010009765625,330.5400085449219,321.989990234375,329.2650146484375,21789600
2026-01-09 05:30:00+05:30,329.1400146484375,331.4800109863281,326.25,327.489990234375,17917700
2026-01-12 05:30:00+05:30,332.7300109863281,334.44000244140625,325.510009765625,326.5,23893800
2026-01-13 05:30:00+05:30,336.42999267578125,341.20001220703125,334.3500061035156,335.2799987792969,24616700
2026-01-14 05:30:00+05:30,336.30999755859375,337.0299987792969,331.1400146484375,334.9849853515625,17839300
2026-01-15 05:30:00+05:30,333.1600036621094,338.1300048828125,331.2900085449219,338.05499267578125,16424900
2026-01-16 05:30:00+05:30,330.3399963378906,335.239990234375,328.1700134277344,334.93499755859375,21868600
2026-01-20 05:30:00+05:30,322.1600036621094,328.0899963378906,320.8900146484375,321.239990234375,27169900
2026-01-21 05:30:00+05:30,328.3800048828125,332.7250061035156,319.5400085449219,321.0950012207031,22791700
2026-01-22 05:30:00+05:30,330.8399963378906,335.2099914550781,328.8800048828125,334.2650146484375,19902100
2026-01-23 05:30:00+05:30,328.42999267578125,334.0299987792969,327.9700012207031,332.6549987792969,19110600
2026-01-26 05:30:00+05:30,333.5899963378906,336.3500061035156,327.489990234375,328.20001220703125,18502500
2026-01-27 05:30:00+05:30,335.0,338.2149963378906,333.75,335.6300048828125,16080900
2026-01-28 05:30:00+05:30,336.2799987792969,337.6300048828125,332.1300048828125,336.6099853515625,17538500
2026-01-29 05:30:00+05:30,338.6600036621094,342.2900085449219,326.7200012207031,340.3500061035156,24548300
2026-01-30 05:30:00+05:30,338.5299987792969,340.2900085449219,332.6400146484375,334.4599914550781,21740200
2026-02-02 05:30:00+05:30,344.8999938964844,345.1650085449219,336.010009765625,336.54998779296875,22775200
2026-02-03 05:30:00+05:30,340.70001220703125,350.1499938964844,338.5899963378906,348.5150146484375,25786500
2026-02-04 05:30:00+05:30,333.3399963378906,344.25,329.3699951171875,343.7550048828125,36991100
2026-02-05 05:30:00+05:30,331.3299865722656,332.6440124511719,306.9200134277344,313.20001220703125,51842000
2026-02-06 05:30:00+05:30,323.1000061035156,330.6400146484375,320.1499938964844,327.3500061035156,33877000
2026-02-09 05:30:00+05:30,324.3999938964844,327.739990234375,317.70001220703125,321.239990234375,26103300
2026-02-10 05:30:00+05:30,318.6300048828125,321.6300048828125,314.6600036621094,320.9100036621094,25281900
2026-02-11 05:30:00+05:30,311.3299865722656,321.0450134277344,310.1300048828125,318.9599914550781,24008100
2026-02-12 05:30:00+05:30,309.3699951171875,316.4800109863281,308.1499938964844,312.3500061035156,28194000
2026-02-13 05:30:00+05:30,306.0199890136719,308.8900146484375,303.8999938964844,307.9849853515625,20236000
2026-02-17 05:30:00+05:30,302.82000732421875,304.8900146484375,296.8999938964844,300.6400146484375,23750800
2026-02-18 05:30:00+05:30,303.94000244140625,305.9100036621094,301.9800109863281,302.4320068359375,15847700
2026-02-19 05:30:00+05:30,303.55999755859375,306.0299987792969,300.6700134277344,302.5199890136719,13448600
2026-02-20 05:30:00+05:30,314.8999938964844,316.760009765625,304.4200134277344,304.79998779296875,33663100
2026-02-23 05:30:00+05:30,311.69000244140625,319.4549865722656,309.989990234375,319.1400146484375,17641200
2026-02-24 05:30:00+05:30,310.9200134277344,312.3699951171875,306.0899963378906,310.6400146484375,15040700
2026-02-25 05:30:00+05:30,313.0299987792969,313.6600036621094,309.3599853515625,312.1199951171875,20209100
2026-02-26 05:30:00+05:30,307.1499938964844,313.0,302.4100036621094,312.80499267578125,22380000
2026-02-27 05:30:00+05:30,311.42999267578125,312.0799865722656,303.59100341796875,303.94000244140625,33389200
2026-03-02 05:30:00+05:30,306.3599853515625,308.1400146484375,301.05999755859375,302.9649963378906,21824400
